cik,ticker,date,shares
1090872,A,2011-10-31,591000000
1090872,A,2012-01-31,593000000
1090872,A,2012-04-30,594000000
1090872,A,2012-07-31,595000000
1090872,A,2012-10-31,595000000
1090872,A,2013-01-31,598000000
1090872,A,2013-04-30,599000000
1090872,A,2013-07-31,600000000
1090872,A,2013-10-31,602000000
1090872,A,2014-01-31,605000000
1090872,A,2014-04-30,605000000
1090872,A,2014-07-31,606000000
1090872,A,2014-10-31,608000000
1090872,A,2015-01-31,609000000
1090872,A,2015-04-30,610000000
1090872,A,2015-07-31,611000000
1090872,A,2015-10-31,611000000
1090872,A,2016-01-31,612000000
1090872,A,2016-04-30,612000000
1090872,A,2016-07-31,613000000
1090872,A,2016-10-31,614000000
1090872,A,2017-01-31,322000000
1090872,A,2017-04-30,321000000
1090872,A,2017-07-31,322000000
1090872,A,2017-10-31,322000000
1090872,A,2018-01-31,323000000
1090872,A,2018-04-30,322000000
1090872,A,2018-07-31,319000000
1090872,A,2018-10-31,318000000
1090872,A,2019-01-31,318000000
1090872,A,2019-04-30,317000000
1090872,A,2019-07-31,310000000
1090872,A,2019-10-31,309000000
1090872,A,2020-01-31,310000000
1090872,A,2020-04-30,308000000
1090872,A,2020-07-31,309000000
1090872,A,2020-10-31,306000000
1090872,A,2021-01-31,305000000
1090872,A,2021-04-30,303000000
1090872,A,2021-07-31,303000000
1090872,A,2021-10-31,302000000
1090872,A,2022-01-31,300000000
1090872,A,2022-04-30,299000000
1090872,A,2022-07-31,296000000
1090872,A,2022-10-31,295259092
1090872,A,2023-01-31,296000000
1090872,A,2023-04-30,295000000
1090872,A,2023-07-31,293000000
1090872,A,2023-10-31,292123241
1090872,A,2024-01-31,293041817
1090872,A,2024-04-30,291587707
1090872,A,2024-07-31,287529636
1090872,A,2024-10-31,285193011
1090872,A,2025-01-31,285232190
1090872,A,2025-04-30,283936028
1090872,A,2025-07-31,283593838
1090872,A,2025-10-31,283054377
1090872,A,2026-01-31,282695763
1090872,A,2026-04-30,282218158
1090872,A,2026-07-31,281965813
320193,AAPL,2008-09-27,888325973
320193,AAPL,2009-06-27,895735210
320193,AAPL,2009-09-26,899805500
320193,AAPL,2009-12-26,906282182
320193,AAPL,2010-03-27,909635811
320193,AAPL,2010-06-26,913482347
320193,AAPL,2010-09-25,915970000
320193,AAPL,2010-12-25,921035475
320193,AAPL,2011-03-26,924674079
320193,AAPL,2011-06-25,926903779
320193,AAPL,2011-09-24,929277000
320193,AAPL,2011-12-31,932214000
320193,AAPL,2012-03-31,934982000
320193,AAPL,2012-06-30,937266000
320193,AAPL,2012-09-29,939208000
320193,AAPL,2012-12-29,938973000
320193,AAPL,2013-03-30,940094000
320193,AAPL,2013-06-29,908442000
320193,AAPL,2013-09-28,6294494000
320193,AAPL,2013-12-28,892447000
320193,AAPL,2014-03-29,861745
320193,AAPL,2014-06-28,5989171000
320193,AAPL,2014-09-27,5866161000
320193,AAPL,2014-12-27,5826419000
320193,AAPL,2015-03-28,5762278000
320193,AAPL,2015-06-27,5705400000
320193,AAPL,2015-09-26,5578753000
320193,AAPL,2015-12-26,5544487000
320193,AAPL,2016-03-26,5478446000
320193,AAPL,2016-06-25,5393165000
320193,AAPL,2016-09-24,5336166000
320193,AAPL,2016-12-31,5255423000
320193,AAPL,2017-04-01,5205815000
320193,AAPL,2017-07-01,5169782000
320193,AAPL,2017-09-30,5126201000
320193,AAPL,2017-12-30,5081651000
320193,AAPL,2018-03-31,4943282000
320193,AAPL,2018-06-30,4842917000
320193,AAPL,2018-09-29,4754986000
320193,AAPL,2018-12-29,4729803000
320193,AAPL,2019-03-30,4607284000
320193,AAPL,2019-06-29,4531395000
320193,AAPL,2019-09-28,17772945000
320193,AAPL,2019-12-28,4384959000
320193,AAPL,2020-03-28,4323987000
320193,AAPL,2020-06-27,4283939000
320193,AAPL,2020-09-26,16976763000
320193,AAPL,2020-12-26,16823263000
320193,AAPL,2021-03-27,16686305000
320193,AAPL,2021-06-26,16556942000
320193,AAPL,2021-09-25,16426786000
320193,AAPL,2021-12-25,16340851000
320193,AAPL,2022-03-26,16207568000
320193,AAPL,2022-06-25,16095378000
320193,AAPL,2022-09-24,15943425000
320193,AAPL,2022-12-31,15842407000
320193,AAPL,2023-04-01,15723406000
320193,AAPL,2023-07-01,15647868000
320193,AAPL,2023-09-30,15550061000
320193,AAPL,2023-12-30,15460223000
320193,AAPL,2024-03-30,15337686000
320193,AAPL,2024-06-29,15222259000
320193,AAPL,2024-09-28,15116786000
320193,AAPL,2024-12-28,15040731000
320193,AAPL,2025-03-29,14939315000
320193,AAPL,2025-06-28,14856722000
320193,AAPL,2025-09-27,14773260000
320193,AAPL,2025-12-27,14702703000
320193,AAPL,2026-03-28,14667688000
320193,AAPL,2026-06-27,14608963000
947484,ACGL,2009-12-31,164285034
947484,ACGL,2010-12-31,139632225
947484,ACGL,2011-12-31,134358345
947484,ACGL,2012-12-31,133842613
947484,ACGL,2013-12-31,133674884
947484,ACGL,2014-12-31,127367934
947484,ACGL,2015-12-31,122627783
947484,ACGL,2016-12-31,368362551
947484,ACGL,2017-12-31,392933817
947484,ACGL,2018-12-31,402454834
947484,ACGL,2019-12-31,405619201
947484,ACGL,2020-12-31,406720642
947484,ACGL,2021-12-31,378900000
947484,ACGL,2022-12-31,370400000
947484,ACGL,2023-12-31,373400000
947484,ACGL,2024-12-31,376400000
947484,ACGL,2025-12-31,359000000
796343,ADBE,2008-11-28,526111000
796343,ADBE,2009-05-29,524530000
796343,ADBE,2009-08-28,524665000
796343,ADBE,2009-11-27,522657000
796343,ADBE,2010-03-05,525782000
796343,ADBE,2010-06-04,525068000
796343,ADBE,2010-09-03,513057000
796343,ADBE,2010-12-03,501897000
796343,ADBE,2011-03-04,504987000
796343,ADBE,2011-06-03,493763000
796343,ADBE,2011-09-02,492806000
796343,ADBE,2011-12-02,491540000
796343,ADBE,2012-03-02,495928000
796343,ADBE,2012-06-01,493987000
796343,ADBE,2012-08-31,494732000
796343,ADBE,2012-11-30,494132000
796343,ADBE,2013-03-01,501045000
796343,ADBE,2013-05-31,503052000
796343,ADBE,2013-08-30,501806000
796343,ADBE,2013-11-29,496261000
796343,ADBE,2014-02-28,498501000
796343,ADBE,2014-05-30,497247000
796343,ADBE,2014-08-29,498599000
796343,ADBE,2014-11-28,497484000
796343,ADBE,2015-02-27,500048000
796343,ADBE,2015-05-29,498276000
796343,ADBE,2015-08-28,498705000
796343,ADBE,2015-11-27,497809000
796343,ADBE,2016-03-04,500693000
796343,ADBE,2016-06-03,498972000
796343,ADBE,2016-09-02,497025000
796343,ADBE,2016-12-02,494254000
796343,ADBE,2017-03-03,495130000
796343,ADBE,2017-06-02,493324000
796343,ADBE,2017-09-01,492874000
796343,ADBE,2017-12-01,491262000
796343,ADBE,2018-03-02,492880000
796343,ADBE,2018-06-01,490435000
796343,ADBE,2018-08-31,489007000
796343,ADBE,2018-11-30,487663000
796343,ADBE,2019-03-01,488504000
796343,ADBE,2019-05-31,486273000
796343,ADBE,2019-08-30,484903000
796343,ADBE,2019-11-29,483000000
796343,ADBE,2020-02-28,483000000
796343,ADBE,2020-05-29,480000000
796343,ADBE,2020-08-28,480000000
796343,ADBE,2020-11-27,479000000
796343,ADBE,2021-03-05,479000000
796343,ADBE,2021-06-04,477000000
796343,ADBE,2021-09-03,476000000
796343,ADBE,2021-12-03,475000000
796343,ADBE,2022-03-04,472000000
796343,ADBE,2022-06-03,471000000
796343,ADBE,2022-09-02,467000000
796343,ADBE,2022-12-02,462000000
796343,ADBE,2023-03-03,459000000
796343,ADBE,2023-06-02,456000000
796343,ADBE,2023-09-01,456000000
796343,ADBE,2023-12-01,455000000
796343,ADBE,2024-03-01,453000000
796343,ADBE,2024-05-31,449000000
796343,ADBE,2024-08-30,445000000
796343,ADBE,2024-11-29,441000000
796343,ADBE,2025-02-28,435000000
796343,ADBE,2025-05-30,427000000
796343,ADBE,2025-08-29,420000000
796343,ADBE,2025-11-28,413000000
796343,ADBE,2026-02-27,406000000
796343,ADBE,2026-05-29,399000000
796343,ADBE,2026-08-28,391000000
6281,ADI,2008-11-01,291193451
6281,ADI,2009-08-01,291549108
6281,ADI,2009-10-31,291861767
6281,ADI,2010-01-30,297690739
6281,ADI,2010-05-01,297981270
6281,ADI,2010-07-31,298089485
6281,ADI,2010-10-30,298652994
6281,ADI,2011-01-29,299610446
6281,ADI,2011-04-30,299633520
6281,ADI,2011-07-30,299437920
6281,ADI,2011-10-29,297960718
6281,ADI,2012-02-04,297832028
6281,ADI,2012-05-05,298337925
6281,ADI,2012-08-04,298905593
6281,ADI,2012-11-03,311045084
6281,ADI,2013-02-02,305984586
6281,ADI,2013-05-04,308165416
6281,ADI,2013-08-03,310692734
6281,ADI,2013-11-02,311045084
6281,ADI,2014-02-01,312527904
6281,ADI,2014-05-03,314145403
6281,ADI,2014-08-02,314212784
6281,ADI,2014-11-01,311204926
6281,ADI,2015-01-31,311627385
6281,ADI,2015-05-02,313541685
6281,ADI,2015-08-01,313674772
6281,ADI,2015-10-31,312060682
6281,ADI,2016-01-30,310019122
6281,ADI,2016-04-30,307349804
6281,ADI,2016-07-30,307474197
6281,ADI,2016-10-29,368635788
6281,ADI,2017-01-28,309206677
6281,ADI,2017-04-29,367011463
6281,ADI,2017-07-29,367667745
6281,ADI,2017-10-28,368635788
6281,ADI,2018-02-03,369803589
6281,ADI,2018-05-05,370897292
6281,ADI,2018-08-04,371669966
6281,ADI,2018-11-03,370159553
6281,ADI,2019-02-02,368314314
6281,ADI,2019-05-04,369761227
6281,ADI,2019-08-03,369406136
6281,ADI,2019-11-02,368302369
6281,ADI,2020-02-01,368220091
6281,ADI,2020-05-02,368424615
6281,ADI,2020-08-01,369166257
6281,ADI,2020-10-31,369484899
6281,ADI,2021-01-30,368893742
6281,ADI,2021-05-01,368826918
6281,ADI,2021-07-31,368214341
6281,ADI,2021-10-30,525330672
6281,ADI,2022-01-29,523315130
6281,ADI,2022-04-30,519806028
6281,ADI,2022-07-30,514341531
6281,ADI,2022-10-29,509295941
6281,ADI,2023-01-28,505852499
6281,ADI,2023-04-29,501418304
6281,ADI,2023-07-29,498313956
6281,ADI,2023-10-28,496261678
6281,ADI,2024-02-03,495908150
6281,ADI,2024-05-04,496216857
6281,ADI,2024-08-03,496493455
6281,ADI,2024-11-02,496296854
6281,ADI,2025-02-01,495976483
6281,ADI,2025-05-03,496248196
6281,ADI,2025-08-02,491955436
6281,ADI,2025-11-01,489654097
6281,ADI,2026-01-31,488204157
6281,ADI,2026-05-02,487087040
6281,ADI,2026-08-01,484565465
8670,ADP,2009-06-30,501700000
8670,ADP,2009-09-30,503400000
8670,ADP,2009-12-31,502900000
8670,ADP,2010-06-30,492000000
8670,ADP,2010-09-30,492500000
8670,ADP,2010-12-31,494200000
8670,ADP,2011-03-31,498200000
8670,ADP,2011-06-30,490800000
8670,ADP,2011-09-30,488200000
8670,ADP,2011-12-31,489100000
8670,ADP,2012-03-31,489300000
8670,ADP,2012-06-30,484200000
8670,ADP,2012-09-30,484200000
8670,ADP,2012-12-31,484700000
8670,ADP,2013-03-31,485100000
8670,ADP,2013-06-30,482600000
8670,ADP,2013-09-30,481800000
8670,ADP,2013-12-31,481400000
8670,ADP,2014-03-31,481900000
8670,ADP,2014-06-30,480200000
8670,ADP,2014-09-30,481800000
8670,ADP,2014-12-31,477100000
8670,ADP,2015-03-31,471100000
8670,ADP,2015-06-30,466400000
8670,ADP,2015-09-30,463400000
8670,ADP,2015-12-31,458700000
8670,ADP,2016-03-31,456100000
8670,ADP,2016-06-30,455700000
8670,ADP,2016-09-30,453100000
8670,ADP,2016-12-31,448900000
8670,ADP,2017-03-31,447900000
8670,ADP,2017-06-30,445000000
8670,ADP,2017-09-30,444000000
8670,ADP,2017-12-31,442700000
8670,ADP,2018-03-31,441700000
8670,ADP,2018-06-30,438800000
8670,ADP,2018-09-30,438200000
8670,ADP,2018-12-31,436200000
8670,ADP,2019-03-31,435500000
8670,ADP,2019-06-30,434200000
8670,ADP,2019-09-30,433400000
8670,ADP,2019-12-31,431800000
8670,ADP,2020-03-31,429800000
8670,ADP,2020-06-30,429900000
8670,ADP,2020-09-30,429300000
8670,ADP,2020-12-31,428100000
8670,ADP,2021-03-31,426000000
8670,ADP,2021-06-30,423700000
8670,ADP,2021-09-30,422000000
8670,ADP,2021-12-31,420400000
8670,ADP,2022-03-31,418200000
8670,ADP,2022-06-30,416100000
8670,ADP,2022-09-30,415200000
8670,ADP,2022-12-31,414400000
8670,ADP,2023-03-31,413500000
8670,ADP,2023-06-30,412100000
8670,ADP,2023-09-30,411700000
8670,ADP,2023-12-31,410700000
8670,ADP,2024-03-31,409800000
8670,ADP,2024-06-30,408100000
8670,ADP,2024-09-30,407700000
8670,ADP,2024-12-31,406900000
8670,ADP,2025-03-31,406300000
8670,ADP,2025-06-30,405300000
8670,ADP,2025-09-30,404900000
8670,ADP,2025-12-31,403000000
8670,ADP,2026-03-31,400600000
8670,ADP,2026-06-30,397800000
769397,ADSK,2009-01-31,226400000
769397,ADSK,2010-01-31,228900000
769397,ADSK,2011-01-31,227
769397,ADSK,2012-01-31,225900000
769397,ADSK,2013-01-31,223600000
769397,ADSK,2014-01-31,226700000
769397,ADSK,2015-01-31,227000000
769397,ADSK,2016-01-31,224400000
769397,ADSK,2017-01-31,220300000
769397,ADSK,2018-01-31,218300000
769397,ADSK,2019-01-31,219400000
769397,ADSK,2020-01-31,219400000
769397,ADSK,2021-01-31,219600000
769397,ADSK,2022-01-31,218000000
769397,ADSK,2023-01-31,215000000
769397,ADSK,2024-01-31,214000000
769397,ADSK,2025-01-31,214000000
769397,ADSK,2026-01-31,212000000
1002910,AEE,2008-12-31,212300000
1002910,AEE,2009-06-30,214200000
1002910,AEE,2009-09-30,236800000
1002910,AEE,2009-12-31,237400000
1002910,AEE,2010-03-31,238200000
1002910,AEE,2010-06-30,239100000
1002910,AEE,2010-09-30,239700000
1002910,AEE,2010-12-31,240400000
1002910,AEE,2011-03-31,241100000
1002910,AEE,2011-06-30,241600000
1002910,AEE,2011-09-30,242200000
1002910,AEE,2011-12-31,242600000
1002910,AEE,2012-03-31,242600000
1002910,AEE,2012-06-30,242600000
1002910,AEE,2012-09-30,242600000
1002910,AEE,2012-12-31,242600000
1002910,AEE,2013-03-31,242600000
1002910,AEE,2013-06-30,242600000
1002910,AEE,2013-09-30,242600000
1002910,AEE,2013-12-31,242600000
1002910,AEE,2014-03-31,242600000
1002910,AEE,2014-06-30,242600000
1002910,AEE,2014-09-30,242600000
1002910,AEE,2014-12-31,242600000
1002910,AEE,2015-03-31,242600000
1002910,AEE,2015-06-30,242600000
1002910,AEE,2015-09-30,242600000
1002910,AEE,2015-12-31,242600000
1002910,AEE,2016-03-31,242600000
1002910,AEE,2016-06-30,242600000
1002910,AEE,2016-09-30,242600000
1002910,AEE,2016-12-31,242600000
1002910,AEE,2017-03-31,242600000
1002910,AEE,2017-06-30,242600000
1002910,AEE,2017-09-30,242600000
1002910,AEE,2017-12-31,242600000
1002910,AEE,2018-03-31,243600000
1002910,AEE,2018-06-30,244000000
1002910,AEE,2018-09-30,244200000
1002910,AEE,2018-12-31,244500000
1002910,AEE,2019-03-31,245600000
1002910,AEE,2019-06-30,245800000
1002910,AEE,2019-09-30,246000000
1002910,AEE,2019-12-31,246200000
1002910,AEE,2020-03-31,246900000
1002910,AEE,2020-06-30,247100000
1002910,AEE,2020-09-30,247200000
1002910,AEE,2020-12-31,253300000
1002910,AEE,2021-03-31,255500000
1002910,AEE,2021-06-30,257100000
1002910,AEE,2021-09-30,257600000
1002910,AEE,2021-12-31,257700000
1002910,AEE,2022-03-31,258200000
1002910,AEE,2022-06-30,258400000
1002910,AEE,2022-09-30,258500000
1002910,AEE,2022-12-31,262000000
1002910,AEE,2023-03-31,262600000
1002910,AEE,2023-06-30,262700000
1002910,AEE,2023-09-30,262900000
1002910,AEE,2023-12-31,266300000
1002910,AEE,2024-03-31,266600000
1002910,AEE,2024-06-30,266800000
1002910,AEE,2024-09-30,266900000
1002910,AEE,2024-12-31,269900000
1002910,AEE,2025-03-31,270300000
1002910,AEE,2025-06-30,270400000
1002910,AEE,2025-09-30,270500000
1002910,AEE,2025-12-31,276400000
1002910,AEE,2026-03-31,276700000
1002910,AEE,2026-06-30,276800000
874761,AES,2008-12-31,662786745
874761,AES,2009-06-30,666828233
874761,AES,2009-09-30,667483036
874761,AES,2009-12-31,667679913
874761,AES,2010-03-31,795174732
874761,AES,2010-06-30,795495286
874761,AES,2010-09-30,794115103
874761,AES,2010-12-31,787607240
874761,AES,2011-03-31,784643934
874761,AES,2011-06-30,782273322
874761,AES,2011-09-30,770260308
874761,AES,2011-12-31,765186316
874761,AES,2012-03-31,767434120
874761,AES,2012-06-30,749556111
874761,AES,2012-09-30,743875691
874761,AES,2012-12-31,744263855
874761,AES,2013-03-31,746474449
874761,AES,2013-06-30,745144098
874761,AES,2013-09-30,742245268
874761,AES,2013-12-31,722508342
874761,AES,2014-03-31,725308630
874761,AES,2014-06-30,723221508
874761,AES,2014-09-30,715960427
874761,AES,2014-12-31,703851297
874761,AES,2015-03-31,702899220
874761,AES,2015-06-30,682607128
874761,AES,2015-09-30,674461074
874761,AES,2015-12-31,666808790
874761,AES,2016-03-31,658997660
874761,AES,2016-06-30,659001121
874761,AES,2016-09-30,659175940
874761,AES,2016-12-31,659182232
874761,AES,2017-03-31,660108793
874761,AES,2017-06-30,660191726
874761,AES,2017-09-30,660386566
874761,AES,2017-12-31,660388128
874761,AES,2018-03-31,661364449
874761,AES,2018-06-30,661528835
874761,AES,2018-09-30,662297479
874761,AES,2018-12-31,662298096
874761,AES,2019-03-31,663694956
874761,AES,2019-06-30,663797594
874761,AES,2019-09-30,663892656
874761,AES,2019-12-31,663952656
874761,AES,2020-03-31,664907475
874761,AES,2020-06-30,664935827
874761,AES,2020-09-30,665131148
874761,AES,2020-12-31,665370128
874761,AES,2021-03-31,666257334
874761,AES,2021-06-30,666329509
874761,AES,2021-09-30,666713829
874761,AES,2021-12-31,666793625
874761,AES,2022-03-31,667859645
874761,AES,2022-06-30,667878925
874761,AES,2022-09-30,667949778
874761,AES,2022-12-31,668743464
874761,AES,2023-03-31,669335716
874761,AES,2023-06-30,669385716
874761,AES,2023-09-30,669629035
874761,AES,2023-12-31,669693234
874761,AES,2024-03-31,710644647
874761,AES,2024-06-30,710823239
874761,AES,2024-09-30,711027043
874761,AES,2024-12-31,711074269
874761,AES,2025-03-31,711908057
874761,AES,2025-06-30,711922815
874761,AES,2025-09-30,712120944
874761,AES,2025-12-31,712201777
874761,AES,2026-03-31,713137865
874761,AES,2026-06-30,713157713
4977,AFL,2008-12-31,466615000
4977,AFL,2009-09-30,467777000
4977,AFL,2009-12-31,468568000
4977,AFL,2010-03-31,469422000
4977,AFL,2010-06-30,470769000
4977,AFL,2010-09-30,471044000
4977,AFL,2010-12-31,469661000
4977,AFL,2011-03-31,467564000
4977,AFL,2011-06-30,467067000
4977,AFL,2011-09-30,466639000
4977,AFL,2011-12-31,466310000
4977,AFL,2012-03-31,467463000
4977,AFL,2012-06-30,468110000
4977,AFL,2012-09-30,468724000
4977,AFL,2012-12-31,467786000
4977,AFL,2013-03-31,466025000
4977,AFL,2013-06-30,464820000
4977,AFL,2013-09-30,465710000
4977,AFL,2013-12-31,459413000
4977,AFL,2014-03-31,454028000
4977,AFL,2014-06-30,452950000
4977,AFL,2014-09-30,450499000
4977,AFL,2014-12-31,442445000
4977,AFL,2015-03-31,433771000
4977,AFL,2015-06-30,430617000
4977,AFL,2015-09-30,427567000
4977,AFL,2015-12-31,424380000
4977,AFL,2016-03-31,415203000
4977,AFL,2016-06-30,410115000
4977,AFL,2016-09-30,408021000
4977,AFL,2016-12-31,811621000
4977,AFL,2017-03-31,796005000
4977,AFL,2017-06-30,791997000
4977,AFL,2017-09-30,787750000
4977,AFL,2017-12-31,780910000
4977,AFL,2018-03-31,775757000
4977,AFL,2018-06-30,769272000
4977,AFL,2018-09-30,763113000
4977,AFL,2018-12-31,755286000
4977,AFL,2019-03-31,746487000
4977,AFL,2019-06-30,740465000
4977,AFL,2019-09-30,735130000
4977,AFL,2019-12-31,726793000
4977,AFL,2020-03-31,718382000
4977,AFL,2020-06-30,713908000
4977,AFL,2020-09-30,703574000
4977,AFL,2020-12-31,692454000
4977,AFL,2021-03-31,680707000
4977,AFL,2021-06-30,671990000
4977,AFL,2021-09-30,662817000
4977,AFL,2021-12-31,652132000
4977,AFL,2022-03-31,645349000
4977,AFL,2022-06-30,634526000
4977,AFL,2022-09-30,623868000
4977,AFL,2022-12-31,615256000
4977,AFL,2023-03-31,605952000
4977,AFL,2023-06-30,595969000
4977,AFL,2023-09-30,586897000
4977,AFL,2023-12-31,578479000
4977,AFL,2024-03-31,570278000
4977,AFL,2024-06-30,561369000
4977,AFL,2024-09-30,556717000
4977,AFL,2024-12-31,549964000
4977,AFL,2025-03-31,542493000
4977,AFL,2025-06-30,534809000
4977,AFL,2025-09-30,525710000
4977,AFL,2025-12-31,518690000
4977,AFL,2026-03-31,510530000
4977,AFL,2026-06-30,502257000
5272,AIG,2012-12-31,1476321935
5272,AIG,2013-12-31,1464063323
5272,AIG,2014-12-31,1375926971
5272,AIG,2015-12-31,1193916617
5272,AIG,2016-03-31,1130738359
5272,AIG,2016-06-30,1082689362
5272,AIG,2016-09-30,1042888556
5272,AIG,2016-12-31,995335841
5272,AIG,2017-03-31,942480026
5272,AIG,2017-06-30,903392620
5272,AIG,2017-09-30,898880087
5272,AIG,2017-12-31,899044657
5272,AIG,2018-03-31,897681508
5272,AIG,2018-06-30,891214033
5272,AIG,2018-09-30,884647527
5272,AIG,2018-12-31,866609429
5272,AIG,2019-03-31,869736901
5272,AIG,2019-06-30,869901511
5272,AIG,2019-09-30,869949246
5272,AIG,2019-12-31,870000000
5272,AIG,2020-03-31,861290608
5272,AIG,2020-06-30,861433842
5272,AIG,2020-09-30,861448575
5272,AIG,2020-12-31,861600000
5272,AIG,2021-03-31,859383453
5272,AIG,2021-06-30,854927930
5272,AIG,2021-09-30,835796051
5272,AIG,2021-12-31,818700000
5272,AIG,2022-03-31,800224090
5272,AIG,2022-06-30,771271516
5272,AIG,2022-09-30,747215910
5272,AIG,2022-12-31,734100000
5272,AIG,2023-03-31,727600000
5272,AIG,2023-06-30,717500000
5272,AIG,2023-09-30,704600000
5272,AIG,2023-12-31,688800000
5272,AIG,2024-03-31,671000000
5272,AIG,2024-06-30,649800000
5272,AIG,2024-09-30,630300000
5272,AIG,2024-12-31,606100000
5272,AIG,2025-03-31,580400000
5272,AIG,2025-06-30,559800000
5272,AIG,2025-09-30,544500000
5272,AIG,2025-12-31,538200000
5272,AIG,2026-03-31,532900000
5272,AIG,2026-06-30,524700000
1267238,AIZ,2008-12-31,117368534
1267238,AIZ,2009-06-30,117560145
1267238,AIZ,2009-09-30,116633314
1267238,AIZ,2009-12-31,116648714
1267238,AIZ,2010-09-30,106474301
1267238,AIZ,2010-12-31,102000371
1267238,AIZ,2011-03-31,97931049
1267238,AIZ,2011-06-30,94994982
1267238,AIZ,2011-09-30,92926138
1267238,AIZ,2011-12-31,88524374
1267238,AIZ,2012-03-31,86508372
1267238,AIZ,2012-06-30,82392454
1267238,AIZ,2012-09-30,79456860
1267238,AIZ,2012-12-31,78664029
1267238,AIZ,2013-03-31,78440357
1267238,AIZ,2013-06-30,75085172
1267238,AIZ,2013-09-30,73319550
1267238,AIZ,2013-12-31,71828208
1267238,AIZ,2014-03-31,71869920
1267238,AIZ,2014-06-30,71300394
1267238,AIZ,2014-09-30,70809613
1267238,AIZ,2014-12-31,69299559
1267238,AIZ,2015-03-31,68270067
1267238,AIZ,2015-06-30,66998201
1267238,AIZ,2015-09-30,66746690
1267238,AIZ,2015-12-31,65850386
1267238,AIZ,2016-03-31,62643447
1267238,AIZ,2016-06-30,60612310
1267238,AIZ,2016-09-30,58010506
1267238,AIZ,2016-12-31,55941480
1267238,AIZ,2017-03-31,55029813
1267238,AIZ,2017-06-30,54064643
1267238,AIZ,2017-09-30,53796348
1267238,AIZ,2017-12-31,52417812
1267238,AIZ,2018-03-31,52570192
1267238,AIZ,2018-06-30,63094312
1267238,AIZ,2018-09-30,62376266
1267238,AIZ,2018-12-31,61908979
1267238,AIZ,2019-03-31,61678749
1267238,AIZ,2019-06-30,61207965
1267238,AIZ,2019-09-30,60758742
1267238,AIZ,2019-12-31,59945893
1267238,AIZ,2020-03-31,59707563
1267238,AIZ,2020-06-30,59571651
1267238,AIZ,2020-09-30,59076751
1267238,AIZ,2020-12-31,57967808
1267238,AIZ,2021-03-31,60651262
1267238,AIZ,2021-06-30,59457886
1267238,AIZ,2021-09-30,57554166
1267238,AIZ,2021-12-31,55754113
1267238,AIZ,2022-03-31,54536071
1267238,AIZ,2022-06-30,53261408
1267238,AIZ,2022-09-30,52891708
1267238,AIZ,2022-12-31,52830381
1267238,AIZ,2023-03-31,53133956
1267238,AIZ,2023-06-30,53008641
1267238,AIZ,2023-09-30,52737924
1267238,AIZ,2023-12-31,51955994
1267238,AIZ,2024-03-31,52023052
1267238,AIZ,2024-06-30,51843450
1267238,AIZ,2024-09-30,51376203
1267238,AIZ,2024-12-31,50833749
1267238,AIZ,2025-03-31,50818556
1267238,AIZ,2025-06-30,50531216
1267238,AIZ,2025-09-30,50197571
1267238,AIZ,2025-12-31,49792919
1267238,AIZ,2026-03-31,49671167
1267238,AIZ,2026-06-30,49382180
354190,AJG,2009-12-31,102500000
354190,AJG,2010-06-30,105200000
354190,AJG,2010-09-30,106000000
354190,AJG,2010-12-31,108400000
354190,AJG,2011-03-31,110300000
354190,AJG,2011-06-30,112200000
354190,AJG,2011-09-30,112900000
354190,AJG,2011-12-31,114700000
354190,AJG,2012-03-31,118300000
354190,AJG,2012-06-30,121000000
354190,AJG,2012-09-30,124400000
354190,AJG,2012-12-31,125600000
354190,AJG,2013-03-31,126800000
354190,AJG,2013-06-30,127700000
354190,AJG,2013-09-30,131500000
354190,AJG,2013-12-31,133600000
354190,AJG,2014-03-31,135100000
354190,AJG,2014-06-30,159000000
354190,AJG,2014-09-30,161400000
354190,AJG,2014-12-31,164600000
354190,AJG,2015-03-31,166700000
354190,AJG,2015-06-30,174500000
354190,AJG,2015-09-30,176700000
354190,AJG,2015-12-31,176900000
354190,AJG,2016-03-31,177100000
354190,AJG,2016-06-30,177000000
354190,AJG,2016-09-30,177900000
354190,AJG,2016-12-31,178300000
354190,AJG,2017-03-31,179500000
354190,AJG,2017-06-30,180200000
354190,AJG,2017-09-30,180800000
354190,AJG,2017-12-31,181000000
354190,AJG,2018-03-31,182100000
354190,AJG,2018-06-30,182600000
354190,AJG,2018-09-30,183700000
354190,AJG,2018-12-31,184000000
354190,AJG,2019-03-31,185300000
354190,AJG,2019-06-30,186100000
354190,AJG,2019-09-30,186500000
354190,AJG,2019-12-31,188100000
354190,AJG,2020-03-31,189600000
354190,AJG,2020-06-30,191500000
354190,AJG,2020-09-30,192300000
354190,AJG,2020-12-31,193700000
354190,AJG,2021-03-31,195900000
354190,AJG,2021-06-30,206800000
354190,AJG,2021-09-30,207300000
354190,AJG,2021-12-31,208500000
354190,AJG,2022-03-31,210100000
354190,AJG,2022-06-30,210300000
354190,AJG,2022-09-30,210800000
354190,AJG,2022-12-31,211900000
354190,AJG,2023-03-31,214200000
354190,AJG,2023-06-30,215500000
354190,AJG,2023-09-30,215900000
354190,AJG,2023-12-31,216700000
354190,AJG,2024-03-31,218500000
354190,AJG,2024-06-30,219100000
354190,AJG,2024-09-30,219400000
354190,AJG,2024-12-31,250000000
354190,AJG,2025-03-31,256100000
354190,AJG,2025-06-30,256400000
354190,AJG,2025-09-30,256800000
354190,AJG,2025-12-31,257000000
354190,AJG,2026-03-31,256900000
354190,AJG,2026-06-30,256300000
1086222,AKAM,2008-12-31,169371675
1086222,AKAM,2009-09-30,171222534
1086222,AKAM,2009-12-31,171248356
1086222,AKAM,2010-06-30,181627935
1086222,AKAM,2010-09-30,182448439
1086222,AKAM,2010-12-31,186603380
1086222,AKAM,2011-03-31,186932838
1086222,AKAM,2011-06-30,185981780
1086222,AKAM,2011-09-30,179519564
1086222,AKAM,2011-12-31,177504624
1086222,AKAM,2012-03-31,195561243
1086222,AKAM,2012-06-30,177871256
1086222,AKAM,2012-09-30,177331901
1086222,AKAM,2012-12-31,177782814
1086222,AKAM,2013-03-31,177840407
1086222,AKAM,2013-06-30,178115006
1086222,AKAM,2013-09-30,178707441
1086222,AKAM,2013-12-31,178580696
1086222,AKAM,2014-03-31,178517946
1086222,AKAM,2014-06-30,178270354
1086222,AKAM,2014-09-30,178194979
1086222,AKAM,2014-12-31,178300603
1086222,AKAM,2015-03-31,178684242
1086222,AKAM,2015-06-30,178789941
1086222,AKAM,2015-09-30,178233604
1086222,AKAM,2015-12-31,177212181
1086222,AKAM,2016-03-31,176050217
1086222,AKAM,2016-06-30,175110207
1086222,AKAM,2016-09-30,173670583
1086222,AKAM,2016-12-31,173254797
1086222,AKAM,2017-03-31,173189385
1086222,AKAM,2017-06-30,172027173
1086222,AKAM,2017-09-30,169726509
1086222,AKAM,2017-12-31,169893324
1086222,AKAM,2018-03-31,170841758
1086222,AKAM,2018-06-30,169311093
1086222,AKAM,2018-09-30,163886719
1086222,AKAM,2018-12-31,162904550
1086222,AKAM,2019-03-31,163503258
1086222,AKAM,2019-06-30,163359091
1086222,AKAM,2019-09-30,161659502
1086222,AKAM,2019-12-31,162000843
1086222,AKAM,2020-03-31,162176589
1086222,AKAM,2020-06-30,162630477
1086222,AKAM,2020-09-30,162799784
1086222,AKAM,2020-12-31,162709720
1086222,AKAM,2021-03-31,163245941
1086222,AKAM,2021-06-30,163018768
1086222,AKAM,2021-09-30,162424440
1086222,AKAM,2021-12-31,160512111
1086222,AKAM,2022-03-31,160535769
1086222,AKAM,2022-06-30,159469828
1086222,AKAM,2022-09-30,157876611
1086222,AKAM,2022-12-31,156494816
1086222,AKAM,2023-03-31,152743828
1086222,AKAM,2023-06-30,151790861
1086222,AKAM,2023-09-30,150955849
1086222,AKAM,2023-12-31,151232908
1086222,AKAM,2024-03-31,152411363
1086222,AKAM,2024-06-30,151913207
1086222,AKAM,2024-09-30,150624544
1086222,AKAM,2024-12-31,150025096
1086222,AKAM,2025-03-31,146086802
1086222,AKAM,2025-06-30,143199911
1086222,AKAM,2025-09-30,143767463
1086222,AKAM,2025-12-31,144711094
1086222,AKAM,2026-03-31,145549131
1086222,AKAM,2026-06-30,143591450
915913,ALB,2009-12-31,91509000
915913,ALB,2010-06-30,91241000
915913,ALB,2010-09-30,91449000
915913,ALB,2010-12-31,91594000
915913,ALB,2011-03-31,91668000
915913,ALB,2011-06-30,91738000
915913,ALB,2011-09-30,88756000
915913,ALB,2011-12-31,88841000
915913,ALB,2012-03-31,89169000
915913,ALB,2012-06-30,89484000
915913,ALB,2012-09-30,89260000
915913,ALB,2012-12-31,88899000
915913,ALB,2013-03-31,88081000
915913,ALB,2013-06-30,81365000
915913,ALB,2013-09-30,81396000
915913,ALB,2013-12-31,80053000
915913,ALB,2014-03-31,79544000
915913,ALB,2014-06-30,78234000
915913,ALB,2014-09-30,78249000
915913,ALB,2014-12-31,78031000
915913,ALB,2015-03-31,112185000
915913,ALB,2015-06-30,112193000
915913,ALB,2015-09-30,112202000
915913,ALB,2015-12-31,112219000
915913,ALB,2016-03-31,112297000
915913,ALB,2016-06-30,112391000
915913,ALB,2016-09-30,112466000
915913,ALB,2016-12-31,112524000
915913,ALB,2017-03-31,110752000
915913,ALB,2017-06-30,110391000
915913,ALB,2017-09-30,110495000
915913,ALB,2017-12-31,110547000
915913,ALB,2018-03-31,110756000
915913,ALB,2018-06-30,108441000
915913,ALB,2018-09-30,106187000
915913,ALB,2018-12-31,105616000
915913,ALB,2019-03-31,105950000
915913,ALB,2019-06-30,105971000
915913,ALB,2019-09-30,106031000
915913,ALB,2019-12-31,106040000
915913,ALB,2020-03-31,106319000
915913,ALB,2020-06-30,106337000
915913,ALB,2020-09-30,106457000
915913,ALB,2020-12-31,106842000
915913,ALB,2021-03-31,116718000
915913,ALB,2021-06-30,116945000
915913,ALB,2021-09-30,116976000
915913,ALB,2021-12-31,117015000
915913,ALB,2022-03-31,117112000
915913,ALB,2022-06-30,117122000
915913,ALB,2022-09-30,117145000
915913,ALB,2022-12-31,117168000
915913,ALB,2023-03-31,117299000
915913,ALB,2023-06-30,117340000
915913,ALB,2023-09-30,117352000
915913,ALB,2023-12-31,117356000
915913,ALB,2024-03-31,117527000
915913,ALB,2024-06-30,117528000
915913,ALB,2024-09-30,117538000
915913,ALB,2024-12-31,117560000
915913,ALB,2025-03-31,117651000
915913,ALB,2025-06-30,117669000
915913,ALB,2025-09-30,117692000
915913,ALB,2025-12-31,117716000
915913,ALB,2026-03-31,117886000
915913,ALB,2026-06-30,117994000
1097149,ALGN,2009-12-31,74568000
1097149,ALGN,2010-06-30,75759000
1097149,ALGN,2010-09-30,76255000
1097149,ALGN,2010-12-31,76390000
1097149,ALGN,2011-03-31,77189000
1097149,ALGN,2011-06-30,78305000
1097149,ALGN,2011-09-30,78776000
1097149,ALGN,2011-12-31,78776000
1097149,ALGN,2012-03-31,79798000
1097149,ALGN,2012-06-30,80760000
1097149,ALGN,2012-09-30,81784000
1097149,ALGN,2012-12-31,80611000
1097149,ALGN,2013-03-31,81725000
1097149,ALGN,2013-06-30,79699000
1097149,ALGN,2013-09-30,81114000
1097149,ALGN,2013-12-31,80583000
1097149,ALGN,2014-03-31,81632000
1097149,ALGN,2014-06-30,80783000
1097149,ALGN,2014-09-30,80516000
1097149,ALGN,2014-12-31,80205000
1097149,ALGN,2015-03-31,80734000
1097149,ALGN,2015-06-30,80069000
1097149,ALGN,2015-09-30,79564000
1097149,ALGN,2015-12-31,79500000
1097149,ALGN,2016-03-31,80175000
1097149,ALGN,2016-06-30,0
1097149,ALGN,2016-09-30,79867000
1097149,ALGN,2016-12-31,79553000
1097149,ALGN,2017-03-31,80324000
1097149,ALGN,2017-06-30,80144000
1097149,ALGN,2017-09-30,80176000
1097149,ALGN,2017-12-31,80040000
1097149,ALGN,2018-03-31,80144000
1097149,ALGN,2018-06-30,80313000
1097149,ALGN,2018-09-30,79983000
1097149,ALGN,2018-12-31,79778000
1097149,ALGN,2019-03-31,80000000
1097149,ALGN,2019-06-30,79865000
1097149,ALGN,2019-09-30,78809000
1097149,ALGN,2019-12-31,78433000
1097149,ALGN,2020-03-31,78759000
1097149,ALGN,2020-06-30,78781000
1097149,ALGN,2020-09-30,78849000
1097149,ALGN,2020-12-31,78860000
1097149,ALGN,2021-03-31,79136000
1097149,ALGN,2021-06-30,78948000
1097149,ALGN,2021-09-30,78852000
1097149,ALGN,2021-12-31,78710000
1097149,ALGN,2022-03-31,78805000
1097149,ALGN,2022-06-30,78059000
1097149,ALGN,2022-09-30,78111000
1097149,ALGN,2022-12-31,77267000
1097149,ALGN,2023-03-31,76516000
1097149,ALGN,2023-06-30,76532000
1097149,ALGN,2023-09-30,76588000
1097149,ALGN,2023-12-31,75075000
1097149,ALGN,2024-03-31,75281000
1097149,ALGN,2024-06-30,74696000
1097149,ALGN,2024-09-30,74757000
1097149,ALGN,2024-12-31,73849000
1097149,ALGN,2025-03-31,73057000
1097149,ALGN,2025-06-30,72486000
1097149,ALGN,2025-09-30,72040000
1097149,ALGN,2025-12-31,71364000
1097149,ALGN,2026-03-31,71617000
1097149,ALGN,2026-06-30,71245000
899051,ALL,2008-12-31,536000000
899051,ALL,2009-09-30,536000000
899051,ALL,2009-12-31,537000000
899051,ALL,2010-03-31,538000000
899051,ALL,2010-09-30,538000000
899051,ALL,2010-12-31,533000000
899051,ALL,2011-03-31,524000000
899051,ALL,2011-06-30,517000000
899051,ALL,2011-09-30,505000000
899051,ALL,2011-12-31,501000000
899051,ALL,2012-03-31,493000000
899051,ALL,2012-06-30,486000000
899051,ALL,2012-09-30,483000000
899051,ALL,2012-12-31,479000000
899051,ALL,2013-03-31,468000000
899051,ALL,2013-06-30,465000000
899051,ALL,2013-09-30,456000000
899051,ALL,2013-12-31,449000000
899051,ALL,2014-03-31,434000000
899051,ALL,2014-06-30,434000000
899051,ALL,2014-09-30,419000000
899051,ALL,2014-12-31,418000000
899051,ALL,2015-03-31,409000000
899051,ALL,2015-06-30,402000000
899051,ALL,2015-09-30,390000000
899051,ALL,2015-12-31,381000000
899051,ALL,2016-03-31,375000000
899051,ALL,2016-06-30,371000000
899051,ALL,2016-09-30,368000000
899051,ALL,2016-12-31,366000000
899051,ALL,2017-03-31,365000000
899051,ALL,2017-06-30,361000000
899051,ALL,2017-09-30,360000000
899051,ALL,2017-12-31,355000000
899051,ALL,2018-03-31,352000000
899051,ALL,2018-06-30,347000000
899051,ALL,2018-09-30,345000000
899051,ALL,2018-12-31,332000000
899051,ALL,2019-03-31,333000000
899051,ALL,2019-06-30,330000000
899051,ALL,2019-09-30,325000000
899051,ALL,2019-12-31,319000000
899051,ALL,2020-03-31,315000000
899051,ALL,2020-06-30,313000000
899051,ALL,2020-09-30,304000000
899051,ALL,2020-12-31,304000000
899051,ALL,2021-03-31,300000000
899051,ALL,2021-06-30,297000000
899051,ALL,2021-09-30,288000000
899051,ALL,2021-12-31,281000000
899051,ALL,2022-03-31,276000000
899051,ALL,2022-06-30,271000000
899051,ALL,2022-09-30,266000000
899051,ALL,2022-12-31,263000000
899051,ALL,2023-03-31,263000000
899051,ALL,2023-06-30,262000000
899051,ALL,2023-09-30,262000000
899051,ALL,2023-12-31,262000000
899051,ALL,2024-03-31,264000000
899051,ALL,2024-06-30,264000000
899051,ALL,2024-09-30,265000000
899051,ALL,2024-12-31,265000000
899051,ALL,2025-03-31,265000000
899051,ALL,2025-06-30,264000000
899051,ALL,2025-09-30,262000000
899051,ALL,2025-12-31,260000000
899051,ALL,2026-03-31,258000000
899051,ALL,2026-06-30,254000000
1579241,ALLE,2019-12-31,92723682
1579241,ALLE,2020-03-31,92218314
1579241,ALLE,2020-06-30,92233032
1579241,ALLE,2020-09-30,92250392
1579241,ALLE,2020-12-31,91212741
1579241,ALLE,2021-03-31,90048623
1579241,ALLE,2021-06-30,89765421
1579241,ALLE,2021-09-30,89695508
1579241,ALLE,2021-12-31,88215625
1579241,ALLE,2022-03-31,87801145
1579241,ALLE,2022-06-30,87836213
1579241,ALLE,2022-09-30,87844572
1579241,ALLE,2022-12-31,87852777
1579241,ALLE,2023-03-31,87946030
1579241,ALLE,2023-06-30,87776523
1579241,ALLE,2023-09-30,87787306
1579241,ALLE,2023-12-31,87504673
1579241,ALLE,2024-03-31,87440045
1579241,ALLE,2024-06-30,87127712
1579241,ALLE,2024-09-30,86924345
1579241,ALLE,2024-12-31,86254744
1579241,ALLE,2025-03-31,86058059
1579241,ALLE,2025-06-30,85842514
1579241,ALLE,2025-09-30,86031817
1579241,ALLE,2025-12-31,86066997
1579241,ALLE,2026-03-31,85935755
1579241,ALLE,2026-06-30,85058849
6951,AMAT,2008-10-26,1330761000
6951,AMAT,2009-10-25,1340917000
6951,AMAT,2010-05-02,1342979000
6951,AMAT,2010-08-01,1336068000
6951,AMAT,2010-10-31,1328000000
6951,AMAT,2011-10-30,1306000000
6951,AMAT,2012-10-28,1197000000
6951,AMAT,2013-10-27,1204000000
6951,AMAT,2014-10-26,1221000000
6951,AMAT,2015-10-25,1160000000
6951,AMAT,2016-10-30,1078000000
6951,AMAT,2017-10-29,1060000000
6951,AMAT,2018-10-28,967000000
6951,AMAT,2019-10-27,916000000
6951,AMAT,2020-10-25,914000000
6951,AMAT,2021-10-31,892000000
6951,AMAT,2022-10-30,844000000
6951,AMAT,2023-10-29,833000000
6951,AMAT,2024-10-27,818000000
6951,AMAT,2025-10-26,793000000
1748790,AMCR,2019-03-31,13001
2488,AMD,2009-12-26,671000000
2488,AMD,2010-06-26,674000000
2488,AMD,2010-09-25,681000000
2488,AMD,2010-12-25,683000000
2488,AMD,2011-04-02,687000000
2488,AMD,2011-07-02,691000000
2488,AMD,2011-10-01,697000000
2488,AMD,2011-12-31,698000000
2488,AMD,2012-03-31,700000000
2488,AMD,2012-06-30,707000000
2488,AMD,2012-09-29,712000000
2488,AMD,2012-12-29,713000000
2488,AMD,2013-03-30,714000000
2488,AMD,2013-06-29,720000000
2488,AMD,2013-09-28,723000000
2488,AMD,2013-12-28,725000000
2488,AMD,2014-03-29,762000000
2488,AMD,2014-06-28,765000000
2488,AMD,2014-09-27,775000000
2488,AMD,2014-12-27,776000000
2488,AMD,2015-03-28,778000000
2488,AMD,2015-06-27,779000000
2488,AMD,2015-09-26,790000000
2488,AMD,2015-12-26,792000000
2488,AMD,2016-03-26,793000000
2488,AMD,2016-06-25,795000000
2488,AMD,2016-09-24,926000000
2488,AMD,2016-12-31,935000000
2488,AMD,2017-04-01,942000000
2488,AMD,2017-07-01,947000000
2488,AMD,2017-09-30,965000000
2488,AMD,2017-12-30,967000000
2488,AMD,2018-03-31,969000000
2488,AMD,2018-06-30,975000000
2488,AMD,2018-09-29,999000000
2488,AMD,2018-12-29,1005000000
2488,AMD,2019-03-30,1082000000
2488,AMD,2019-06-29,1086000000
2488,AMD,2019-09-28,1114000000
2488,AMD,2019-12-28,1170000000
2488,AMD,2020-03-28,1171000000
2488,AMD,2020-06-27,1174000000
2488,AMD,2020-09-26,1202000000
2488,AMD,2020-12-26,1211000000
2488,AMD,2021-03-27,1215000000
2488,AMD,2021-06-26,1213000000
2488,AMD,2021-09-25,1212000000
2488,AMD,2021-12-25,1207000000
2488,AMD,2022-03-26,1620000000
2488,AMD,2022-06-25,1612000000
2488,AMD,2022-09-24,1612000000
2488,AMD,2022-12-31,1612000000
2488,AMD,2023-04-01,1609000000
2488,AMD,2023-07-01,1614000000
2488,AMD,2023-09-30,1615000000
2488,AMD,2023-12-30,1616000000
2488,AMD,2024-03-30,1618000000
2488,AMD,2024-06-29,1618000000
2488,AMD,2024-09-28,1623000000
2488,AMD,2024-12-28,1622000000
2488,AMD,2025-03-29,1616000000
2488,AMD,2025-06-28,1622000000
2488,AMD,2025-09-27,1628000000
2488,AMD,2025-12-27,1630000000
2488,AMD,2026-03-28,1630000000
2488,AMD,2026-06-27,1632000000
1037868,AME,2009-12-31,161800000
1037868,AME,2010-12-31,160700000
1037868,AME,2011-12-31,240600000
1037868,AME,2012-12-31,243400000
1037868,AME,2013-12-31,245000000
1037868,AME,2014-12-31,241300000
1037868,AME,2015-12-31,235500000
1037868,AME,2016-12-31,229400000
1037868,AME,2017-12-31,231200000
1037868,AME,2018-12-31,227100000
1037868,AME,2019-12-31,229100000
1037868,AME,2020-12-31,230500000
1037868,AME,2021-12-31,231700000
1037868,AME,2022-12-31,230100000
1037868,AME,2023-12-31,230900000
1037868,AME,2024-12-31,230700000
1037868,AME,2025-12-31,229000000
318154,AMGN,2008-12-31,1047000000
318154,AMGN,2009-06-30,1015000000
318154,AMGN,2009-09-30,1016000000
318154,AMGN,2009-12-31,995000000
318154,AMGN,2010-03-31,966000000
318154,AMGN,2010-06-30,958000000
318154,AMGN,2010-09-30,952000000
318154,AMGN,2010-12-31,932100000
318154,AMGN,2011-03-31,933000000
318154,AMGN,2011-06-30,924000000
318154,AMGN,2011-09-30,879000000
318154,AMGN,2011-12-31,795600000
318154,AMGN,2012-03-31,781100000
318154,AMGN,2012-06-30,769200000
318154,AMGN,2012-09-30,768100000
318154,AMGN,2012-12-31,756300000
318154,AMGN,2013-03-31,749600000
318154,AMGN,2013-06-30,752900000
318154,AMGN,2013-09-30,754100000
318154,AMGN,2013-12-31,754600000
318154,AMGN,2014-03-31,756900000
318154,AMGN,2014-06-30,759400000
318154,AMGN,2014-09-30,760600000
318154,AMGN,2014-12-31,760400000
318154,AMGN,2015-03-31,760400000
318154,AMGN,2015-06-30,759100000
318154,AMGN,2015-09-30,754900000
318154,AMGN,2015-12-31,754000000
318154,AMGN,2016-03-31,751300000
318154,AMGN,2016-06-30,748900000
318154,AMGN,2016-09-30,744800000
318154,AMGN,2016-12-31,738200000
318154,AMGN,2017-03-31,736100000
318154,AMGN,2017-06-30,730700000
318154,AMGN,2017-09-30,726600000
318154,AMGN,2017-12-31,722200000
318154,AMGN,2018-03-31,666400000
318154,AMGN,2018-06-30,649000000
318154,AMGN,2018-09-30,649000000
318154,AMGN,2018-12-31,629600000
318154,AMGN,2019-03-31,614400000
318154,AMGN,2019-06-30,602100000
318154,AMGN,2019-09-30,596200000
318154,AMGN,2019-12-31,591400000
318154,AMGN,2020-03-31,588000000
318154,AMGN,2020-06-30,586400000
318154,AMGN,2020-09-30,583500000
318154,AMGN,2020-12-31,578300000
318154,AMGN,2021-03-31,575300000
318154,AMGN,2021-06-30,569600000
318154,AMGN,2021-09-30,565000000
318154,AMGN,2021-12-31,558300000
318154,AMGN,2022-03-31,534200000
318154,AMGN,2022-06-30,534900000
318154,AMGN,2022-09-30,533500000
318154,AMGN,2022-12-31,534000000
318154,AMGN,2023-03-31,534300000
318154,AMGN,2023-06-30,534900000
318154,AMGN,2023-09-30,535100000
318154,AMGN,2023-12-31,535400000
318154,AMGN,2024-03-31,536400000
318154,AMGN,2024-06-30,537200000
318154,AMGN,2024-09-30,537500000
318154,AMGN,2024-12-31,536900000
318154,AMGN,2025-03-31,537700000
318154,AMGN,2025-06-30,538300000
318154,AMGN,2025-09-30,538500000
318154,AMGN,2025-12-31,538800000
318154,AMGN,2026-03-31,539700000
318154,AMGN,2026-06-30,540600000
820027,AMP,2019-09-30,127405096
820027,AMP,2020-06-30,120607501
1053507,AMT,2008-12-31,396976896
1053507,AMT,2009-06-30,395810003
1053507,AMT,2009-09-30,401059793
1053507,AMT,2009-12-31,401596984
1053507,AMT,2010-03-31,403691679
1053507,AMT,2010-06-30,401745103
1053507,AMT,2010-09-30,399610995
1053507,AMT,2010-12-31,398677234
1053507,AMT,2011-03-31,397066098
1053507,AMT,2011-06-30,395996123
1053507,AMT,2011-09-30,393467211
1053507,AMT,2011-12-31,393642079
1053507,AMT,2012-03-31,394598281
1053507,AMT,2012-06-30,395035260
1053507,AMT,2012-09-30,395354428
1053507,AMT,2012-12-31,395091213
1053507,AMT,2013-03-31,395587902
1053507,AMT,2013-06-30,395129882
1053507,AMT,2013-09-30,394534996
1053507,AMT,2013-12-31,394864324
1053507,AMT,2014-03-31,395660243
1053507,AMT,2014-06-30,396001448
1053507,AMT,2014-09-30,396397490
1053507,AMT,2014-12-31,396698725
1053507,AMT,2015-03-31,423073605
1053507,AMT,2015-06-30,423264965
1053507,AMT,2015-09-30,423497310
1053507,AMT,2015-12-31,423885253
1053507,AMT,2016-03-31,424563005
1053507,AMT,2016-06-30,425261258
1053507,AMT,2016-09-30,425621532
1053507,AMT,2016-12-31,427103000
1053507,AMT,2017-03-31,426247652
1053507,AMT,2017-06-30,429174983
1053507,AMT,2017-09-30,429243720
1053507,AMT,2017-12-31,428820000
1053507,AMT,2018-03-31,441596000
1053507,AMT,2018-06-30,441186000
1053507,AMT,2018-09-30,440775000
1053507,AMT,2018-12-31,441060000
1053507,AMT,2019-03-31,441968000
1053507,AMT,2019-06-30,442386000
1053507,AMT,2019-09-30,442386000
1053507,AMT,2019-12-31,442890000
1053507,AMT,2020-03-31,443332
1053507,AMT,2020-06-30,443561
1053507,AMT,2020-09-30,444190000
1053507,AMT,2020-12-31,444330000
1053507,AMT,2021-03-31,444793000
1053507,AMT,2021-06-30,455031000
1053507,AMT,2021-09-30,455409000
1053507,AMT,2021-12-31,455772000
1053507,AMT,2022-03-31,456277000
1053507,AMT,2022-06-30,465585000
1053507,AMT,2022-09-30,465602000
1053507,AMT,2022-12-31,465619000
1053507,AMT,2023-03-31,466038000
1053507,AMT,2023-06-30,466134000
1053507,AMT,2023-09-30,466160000
1053507,AMT,2023-12-31,466296000
1053507,AMT,2024-03-31,466964000
1053507,AMT,2024-06-30,467077000
1053507,AMT,2024-09-30,467276000
1053507,AMT,2024-12-31,467384000
1053507,AMT,2025-03-31,468127000
1053507,AMT,2025-06-30,468224000
1053507,AMT,2025-09-30,468291000
1053507,AMT,2025-12-31,466318000
1053507,AMT,2026-03-31,465990000
1053507,AMT,2026-06-30,465959000
1018724,AMZN,2008-12-31,428000000
1018724,AMZN,2009-06-30,432000000
1018724,AMZN,2009-09-30,433000000
1018724,AMZN,2009-12-31,444000000
1018724,AMZN,2010-03-31,446000000
1018724,AMZN,2010-06-30,448000000
1018724,AMZN,2010-09-30,449000000
1018724,AMZN,2010-12-31,451000000
1018724,AMZN,2011-03-31,452000000
1018724,AMZN,2011-06-30,454000000
1018724,AMZN,2011-09-30,455000000
1018724,AMZN,2011-12-31,455000000
1018724,AMZN,2012-03-31,450000000
1018724,AMZN,2012-06-30,452000000
1018724,AMZN,2012-09-30,453000000
1018724,AMZN,2012-12-31,454000000
1018724,AMZN,2013-03-31,455000000
1018724,AMZN,2013-06-30,457000000
1018724,AMZN,2013-09-30,458000000
1018724,AMZN,2013-12-31,459000000
1018724,AMZN,2014-03-31,460000000
1018724,AMZN,2014-06-30,462000000
1018724,AMZN,2014-09-30,463000000
1018724,AMZN,2014-12-31,465000000
1018724,AMZN,2015-03-31,466000000
1018724,AMZN,2015-06-30,468000000
1018724,AMZN,2015-09-30,469000000
1018724,AMZN,2015-12-31,471000000
1018724,AMZN,2016-03-31,472000000
1018724,AMZN,2016-06-30,474000000
1018724,AMZN,2016-09-30,475000000
1018724,AMZN,2016-12-31,477000000
1018724,AMZN,2017-03-31,478000000
1018724,AMZN,2017-06-30,480000000
1018724,AMZN,2017-09-30,482000000
1018724,AMZN,2017-12-31,484000000
1018724,AMZN,2018-03-31,485000000
1018724,AMZN,2018-06-30,487000000
1018724,AMZN,2018-09-30,489000000
1018724,AMZN,2018-12-31,491000000
1018724,AMZN,2019-03-31,492000000
1018724,AMZN,2019-06-30,494000000
1018724,AMZN,2019-09-30,495000000
1018724,AMZN,2019-12-31,498000000
1018724,AMZN,2020-03-31,499000000
1018724,AMZN,2020-06-30,501000000
1018724,AMZN,2020-09-30,502000000
1018724,AMZN,2020-12-31,503000000
1018724,AMZN,2021-03-31,504000000
1018724,AMZN,2021-06-30,506000000
1018724,AMZN,2021-09-30,507000000
1018724,AMZN,2021-12-31,10175000000
1018724,AMZN,2022-03-31,509000000
1018724,AMZN,2022-06-30,10183000000
1018724,AMZN,2022-09-30,10198000000
1018724,AMZN,2022-12-31,10242000000
1018724,AMZN,2023-03-31,10258000000
1018724,AMZN,2023-06-30,10313000000
1018724,AMZN,2023-09-30,10330000000
1018724,AMZN,2023-12-31,10383000000
1018724,AMZN,2024-03-31,10403000000
1018724,AMZN,2024-06-30,10490000000
1018724,AMZN,2024-09-30,10511000000
1018724,AMZN,2024-12-31,10593000000
1018724,AMZN,2025-03-31,10613000000
1018724,AMZN,2025-06-30,10660000000
1018724,AMZN,2025-09-30,10687000000
1018724,AMZN,2025-12-31,10731000000
1018724,AMZN,2026-03-31,10754000000
1018724,AMZN,2026-06-30,10783000000
1596532,ANET,2013-12-31,31927000
1596532,ANET,2014-06-30,64386000
1596532,ANET,2014-09-30,64425000
1596532,ANET,2014-12-31,65528000
1596532,ANET,2015-03-31,66426000
1596532,ANET,2015-06-30,67302000
1596532,ANET,2015-09-30,67731000
1596532,ANET,2015-12-31,68132000
1596532,ANET,2016-03-31,68556000
1596532,ANET,2016-06-30,69195000
1596532,ANET,2016-09-30,70133000
1596532,ANET,2016-12-31,70811000
1596532,ANET,2017-03-31,71904000
1596532,ANET,2017-06-30,72450000
1596532,ANET,2017-09-30,73067000
1596532,ANET,2017-12-31,73706000
1596532,ANET,2018-03-31,74338000
1596532,ANET,2018-06-30,74791000
1596532,ANET,2018-09-30,75393000
1596532,ANET,2018-12-31,75668000
1596532,ANET,2019-03-31,76453000
1596532,ANET,2019-06-30,76555000
1596532,ANET,2019-09-30,76368000
1596532,ANET,2019-12-31,76389000
1596532,ANET,2020-03-31,75655000
1596532,ANET,2020-06-30,75964000
1596532,ANET,2020-09-30,75632000
1596532,ANET,2020-12-31,304696000
1596532,ANET,2021-03-31,76257000
1596532,ANET,2021-06-30,76665000
1596532,ANET,2021-09-30,76886000
1596532,ANET,2021-12-31,307681000
1596532,ANET,2022-03-31,308165000
1596532,ANET,2022-06-30,304455000
1596532,ANET,2022-09-30,305515000
1596532,ANET,2022-12-31,306890000
1596532,ANET,2023-03-31,308098000
1596532,ANET,2023-06-30,309355000
1596532,ANET,2023-09-30,310972000
1596532,ANET,2023-12-31,1248982000
1596532,ANET,2024-03-31,313601000
1596532,ANET,2024-06-30,314086000
1596532,ANET,2024-09-30,314847000
1596532,ANET,2024-12-31,1261300000
1596532,ANET,2025-03-31,1256600000
1596532,ANET,2025-06-30,1256800000
1596532,ANET,2025-09-30,1259200000
1596532,ANET,2025-12-31,1256500000
1596532,ANET,2026-03-31,1259200000
1596532,ANET,2026-06-30,1261200000
315293,AON,2009-03-31,276800000
315293,AON,2009-06-30,274500000
315293,AON,2009-09-30,273900000
315293,AON,2009-12-31,266200000
315293,AON,2010-03-31,269400000
315293,AON,2010-06-30,269700000
315293,AON,2010-09-30,270900000
315293,AON,2010-12-31,332300000
315293,AON,2011-03-31,330500000
315293,AON,2011-06-30,326700000
315293,AON,2011-09-30,323300000
315293,AON,2011-12-31,324400000
315293,AON,2012-03-31,326400000
315293,AON,2012-06-30,322400000
315293,AON,2012-09-30,318700000
315293,AON,2012-12-31,310900000
315293,AON,2013-03-31,309100000
315293,AON,2013-06-30,307500000
315293,AON,2013-09-30,301000000
315293,AON,2013-12-31,300700000
315293,AON,2014-03-31,296500000
315293,AON,2014-06-30,290500000
315293,AON,2014-09-30,285100000
315293,AON,2014-12-31,280000000
315293,AON,2015-03-31,281700000
315293,AON,2015-06-30,279800000
315293,AON,2015-09-30,273900000
315293,AON,2015-12-31,269800000
1841666,APA,2018-12-31,374696222
1841666,APA,2019-12-31,376062670
1841666,APA,2020-12-31,377482630
1841666,APA,2021-12-31,346930765
1841666,APA,2022-12-31,311559149
1841666,APA,2023-12-31,303575901
1841666,APA,2024-12-31,365397149
1841666,APA,2025-12-31,352964646
2969,APD,2008-09-30,209334627
2969,APD,2009-09-30,211260264
2969,APD,2010-09-30,213802865
2969,APD,2011-09-30,210185256
2969,APD,2012-09-30,212475880
2969,APD,2013-09-30,211179257
2969,APD,2014-09-30,213538144
2969,APD,2015-09-30,215359113
2969,APD,2016-09-30,217350825
2969,APD,2017-09-30,218346074
2969,APD,2018-09-30,219515245
2969,APD,2019-09-30,220415262
2969,APD,2020-09-30,221017459
2969,APD,2021-09-30,221396755
2969,APD,2022-09-30,221838696
2969,APD,2023-09-30,222199845
2969,APD,2024-09-30,222372418
2969,APD,2025-09-30,222588256
820313,APH,2008-12-31,171186218
820313,APH,2009-12-31,173209928
820313,APH,2010-12-31,175550683
820313,APH,2011-12-31,163122474
820313,APH,2012-12-31,159857738
820313,APH,2013-12-31,316412236
820313,APH,2014-12-31,309900000
820313,APH,2015-12-31,308000000
820313,APH,2016-12-31,308300000
820313,APH,2017-12-31,305700000
820313,APH,2018-12-31,298500000
820313,APH,2019-12-31,297900000
820313,APH,2020-12-31,598700000
820313,APH,2021-12-31,599100000
820313,APH,2022-12-31,594800000
820313,APH,2023-12-31,1197800000
820313,APH,2024-12-31,1209300000
820313,APH,2025-12-31,1226600000
1858681,APO,2022-03-31,570353554
1858681,APO,2022-06-30,571028097
1858681,APO,2022-09-30,572670634
1858681,APO,2022-12-31,570276188
1858681,APO,2023-03-31,567394604
1858681,APO,2023-06-30,566809153
1858681,APO,2023-09-30,567565120
1858681,APO,2023-12-31,567762932
1858681,APO,2024-03-31,569003922
1858681,APO,2024-06-30,569535344
1858681,APO,2024-09-30,565816456
1858681,APO,2024-12-31,565738933
1858681,APO,2025-03-31,570432275
1858681,APO,2025-06-30,572024038
1858681,APO,2025-09-30,580389090
1858681,APO,2025-12-31,578981398
1858681,APO,2026-03-31,576507457
1858681,APO,2026-06-30,575971752
1751008,APP,2020-12-31,226364401
1751008,APP,2021-06-30,372165319
1751008,APP,2021-09-30,373641135
1751008,APP,2021-12-31,375089360
1751008,APP,2022-03-31,375286039
1751008,APP,2022-06-30,373184049
1751008,APP,2022-09-30,371649578
1751008,APP,2022-12-31,373873683
1751008,APP,2023-03-31,371256232
1751008,APP,2023-06-30,348496613
1751008,APP,2023-09-30,335783928
1751008,APP,2023-12-31,339886712
1751008,APP,2024-03-31,328958886
1751008,APP,2024-06-30,334168646
1751008,APP,2024-09-30,335481141
1751008,APP,2024-12-31,340042000
1751008,APP,2025-03-31,338361559
1751008,APP,2025-06-30,338782503
1751008,APP,2025-09-30,338533000
1751008,APP,2025-12-31,338313000
1751008,APP,2026-03-31,336294000
1751008,APP,2026-06-30,335291000
1521332,APTV,2011-12-31,328244510
1521332,APTV,2012-03-31,328244510
1521332,APTV,2012-06-30,322997253
1521332,APTV,2012-09-30,317554040
1521332,APTV,2012-12-31,315299183
1521332,APTV,2013-03-31,315588561
1521332,APTV,2013-06-30,310200000
1521332,APTV,2013-09-30,308080000
1521332,APTV,2013-12-31,306389149
1521332,APTV,2014-03-31,304246927
1521332,APTV,2014-06-30,301015232
1521332,APTV,2014-09-30,296656638
1521332,APTV,2014-12-31,291619411
1521332,APTV,2015-03-31,289533912
1521332,APTV,2015-06-30,285906302
1521332,APTV,2015-09-30,280614686
1521332,APTV,2015-12-31,278208470
1521332,APTV,2016-03-31,273635651
1521332,APTV,2016-06-30,272764736
1521332,APTV,2016-09-30,271277612
1521332,APTV,2016-12-31,269789959
1521332,APTV,2017-03-31,267867177
1521332,APTV,2017-06-30,266844078
1521332,APTV,2017-09-30,265839088
1521332,APTV,2017-12-31,265839794
1521332,APTV,2018-03-31,264761036
1521332,APTV,2018-06-30,264845247
1521332,APTV,2018-09-30,264097440
1521332,APTV,2018-12-31,259991022
1521332,APTV,2019-03-31,257840184
1521332,APTV,2019-06-30,257840184
1521332,APTV,2019-09-30,255654873
1521332,APTV,2019-12-31,255288240
1521332,APTV,2020-03-31,254853978
1521332,APTV,2020-06-30,270025374
1521332,APTV,2020-09-30,270025374
1521332,APTV,2020-12-31,270025374
1521332,APTV,2021-03-31,270462749
1521332,APTV,2021-06-30,270507574
1521332,APTV,2021-09-30,270507574
1521332,APTV,2021-12-31,270514140
1521332,APTV,2022-03-31,270915292
1521332,APTV,2022-06-30,270932774
1521332,APTV,2022-09-30,270932774
1521332,APTV,2022-12-31,270949579
1521332,APTV,2023-03-31,270718099
1521332,APTV,2023-06-30,282824285
1521332,APTV,2023-09-30,282824285
1521332,APTV,2023-12-31,279033365
1521332,APTV,2024-03-31,272044109
1521332,APTV,2024-06-30,266704200
1521332,APTV,2024-09-30,234992960
1521332,APTV,2024-12-31,235035739
1521332,APTV,2025-03-31,223776580
1521332,APTV,2025-06-30,217759811
1521332,APTV,2025-09-30,216551972
1521332,APTV,2025-12-31,212746899
1521332,APTV,2026-03-31,212350194
1521332,APTV,2026-06-30,208365500
1035443,ARE,2009-12-31,43846050
1035443,ARE,2010-12-31,54966925
1035443,ARE,2011-12-31,61560472
1035443,ARE,2012-12-31,63244645
1035443,ARE,2013-12-31,71172197
1035443,ARE,2014-12-31,71172197
1035443,ARE,2015-12-31,72548693
1035443,ARE,2016-12-31,87665880
1035443,ARE,2017-12-31,99783686
1035443,ARE,2018-12-31,111011816
1035443,ARE,2019-12-31,120800315
1035443,ARE,2020-12-31,136690329
1035443,ARE,2021-12-31,158043880
1035443,ARE,2022-12-31,170748395
1035443,ARE,2023-12-31,171910599
1035443,ARE,2024-12-31,172203443
1035443,ARE,2025-12-31,170537867
1176948,ARES,2017-12-31,0
1176948,ARES,2018-12-31,101595096
1176948,ARES,2019-03-31,103125589
1176948,ARES,2019-06-30,107459310
1176948,ARES,2019-09-30,114720769
1176948,ARES,2019-12-31,115243029
1176948,ARES,2020-03-31,247574364
1176948,ARES,2020-06-30,250135347
1176948,ARES,2020-09-30,258446513
1176948,ARES,2020-12-31,259631180
1176948,ARES,2021-03-31,262005872
1176948,ARES,2021-06-30,284126006
1176948,ARES,2021-09-30,289875333
1176948,ARES,2021-12-31,290451548
1176948,ARES,2022-03-31,293416994
1176948,ARES,2022-06-30,293776408
1176948,ARES,2022-09-30,294168505
1176948,ARES,2022-12-31,294614235
1176948,ARES,2023-03-31,301803364
1176948,ARES,2023-06-30,304397040
1176948,ARES,2023-09-30,305984552
1176948,ARES,2023-12-31,307585576
1176948,ARES,2024-03-31,309668984
1176948,ARES,2024-06-30,312512682
1176948,ARES,2024-09-30,313000741
1176948,ARES,2024-12-31,313170171
731802,ATO,2013-09-30,90640211
731802,ATO,2013-12-31,90958302
731802,ATO,2014-03-31,100177825
731802,ATO,2014-06-30,100346468
731802,ATO,2014-09-30,100388092
731802,ATO,2014-12-31,100854217
731802,ATO,2015-03-31,100986227
731802,ATO,2015-06-30,101336818
731802,ATO,2015-09-30,101478818
731802,ATO,2015-12-31,102079316
731802,ATO,2016-03-31,102209505
731802,ATO,2016-06-30,103827358
731802,ATO,2016-09-30,103930560
731802,ATO,2016-12-31,105109905
731802,ATO,2017-03-31,105275505
731802,ATO,2017-06-30,106059875
731802,ATO,2017-09-30,106104634
731802,ATO,2017-12-31,110962112
731802,ATO,2018-03-31,111060328
731802,ATO,2018-06-30,111195448
731802,ATO,2018-09-30,111273683
731802,ATO,2018-12-31,116892959
731802,ATO,2019-03-31,116982903
731802,ATO,2019-06-30,118196113
731802,ATO,2019-09-30,119338925
731802,ATO,2019-12-31,122262403
731802,ATO,2020-03-31,122308725
731802,ATO,2020-06-30,123351267
731802,ATO,2020-09-30,125882477
731802,ATO,2020-12-31,128152961
731802,ATO,2021-03-31,130667109
731802,ATO,2021-06-30,130787039
731802,ATO,2021-09-30,132419754
731802,ATO,2021-12-31,135425081
731802,ATO,2022-03-31,139012029
731802,ATO,2022-06-30,139888756
731802,ATO,2022-09-30,140896598
731802,ATO,2022-12-31,143155761
731802,ATO,2023-03-31,144484650
731802,ATO,2023-06-30,147304538
731802,ATO,2023-09-30,148492783
731802,ATO,2023-12-31,150834397
731802,ATO,2024-03-31,150874552
731802,ATO,2024-06-30,155229024
731802,ATO,2024-09-30,155258845
731802,ATO,2024-12-31,158726065
731802,ATO,2025-03-31,158835123
731802,ATO,2025-06-30,160521011
731802,ATO,2025-09-30,161568384
731802,ATO,2025-12-31,165434477
731802,ATO,2026-03-31,166918310
731802,ATO,2026-06-30,168986249
1730168,AVGO,2016-01-31,278000000
1730168,AVGO,2016-02-01,390000000
1730168,AVGO,2017-10-29,408732155
1730168,AVGO,2018-05-06,436235225
1730168,AVGO,2018-08-05,413296951
1730168,AVGO,2018-11-04,407637618
1730168,AVGO,2019-02-03,396153863
1730168,AVGO,2019-05-05,398513768
1730168,AVGO,2019-08-04,397612545
1730168,AVGO,2019-11-03,398000000
1730168,AVGO,2020-02-02,399430632
1730168,AVGO,2020-05-03,402103106
1730168,AVGO,2020-08-02,404000000
1730168,AVGO,2020-11-01,407000000
1730168,AVGO,2021-01-31,408000000
1730168,AVGO,2021-05-02,410000000
1730168,AVGO,2021-08-01,412000000
1730168,AVGO,2021-10-31,413000000
1730168,AVGO,2022-01-30,410000000
1730168,AVGO,2022-05-01,406000000
1730168,AVGO,2022-07-31,405000000
1730168,AVGO,2022-10-30,418000000
1730168,AVGO,2023-01-29,417000000
1730168,AVGO,2023-04-30,414000000
1730168,AVGO,2023-07-30,413000000
1730168,AVGO,2023-10-29,4139000000
1730168,AVGO,2024-02-04,463000000
1730168,AVGO,2024-05-05,465000000
1730168,AVGO,2024-08-04,4671000000
1730168,AVGO,2024-11-03,4686000000
1730168,AVGO,2025-02-02,4702000000
1730168,AVGO,2025-05-04,4703000000
1730168,AVGO,2025-08-03,4722000000
1730168,AVGO,2025-11-02,4741000000
1730168,AVGO,2026-02-01,4736000000
1730168,AVGO,2026-05-03,4758000000
1730168,AVGO,2026-08-02,4774000000
8818,AVY,2009-07-04,105100000
8818,AVY,2009-10-03,105200000
8818,AVY,2010-01-02,105298317
8818,AVY,2010-07-03,105725110
8818,AVY,2010-10-02,105833213
8818,AVY,2011-01-01,105391940
8818,AVY,2011-04-02,105641929
8818,AVY,2011-07-02,105856536
8818,AVY,2011-10-01,106106664
8818,AVY,2011-12-31,106269919
8818,AVY,2012-03-31,104471051
8818,AVY,2012-06-30,102339587
8818,AVY,2012-09-29,99747988
8818,AVY,2012-12-29,99915457
8818,AVY,2013-03-30,100137807
8818,AVY,2013-06-29,98484345
8818,AVY,2013-09-28,97225758
8818,AVY,2013-12-28,96178411
8818,AVY,2014-03-29,95734525
8818,AVY,2014-06-28,94113941
8818,AVY,2014-09-27,92391023
8818,AVY,2015-01-03,90458956
8818,AVY,2015-04-04,90834254
8818,AVY,2015-07-04,91572765
8818,AVY,2015-10-03,91328446
8818,AVY,2016-01-02,89967697
8818,AVY,2016-04-02,89276441
8818,AVY,2016-07-02,88927397
8818,AVY,2016-10-01,89194833
8818,AVY,2016-12-31,88308860
8818,AVY,2017-04-01,88714837
8818,AVY,2017-07-01,88390029
8818,AVY,2017-09-30,88080629
8818,AVY,2017-12-30,88011541
8818,AVY,2018-03-31,88015267
8818,AVY,2018-06-30,87613941
8818,AVY,2018-09-29,87013446
8818,AVY,2018-12-29,84723655
8818,AVY,2019-03-30,84399377
8818,AVY,2019-06-29,84227395
8818,AVY,2019-09-28,83584779
8818,AVY,2019-12-28,83366840
8818,AVY,2020-03-28,83321087
8818,AVY,2020-06-27,83448042
8818,AVY,2020-09-26,83451316
8818,AVY,2021-01-02,83151174
8818,AVY,2021-04-03,83056656
8818,AVY,2021-07-03,82951904
8818,AVY,2021-10-02,82833721
8818,AVY,2022-01-01,82605953
8818,AVY,2022-04-02,82014117
8818,AVY,2022-07-02,81373833
8818,AVY,2022-10-01,81120940
8818,AVY,2022-12-31,80810016
8818,AVY,2023-04-01,80833507
8818,AVY,2023-07-01,80650885
8818,AVY,2023-09-30,80555148
8818,AVY,2023-12-30,80495585
8818,AVY,2024-03-30,80597091
8818,AVY,2024-06-29,80570966
8818,AVY,2024-09-28,80440716
8818,AVY,2024-12-28,79800396
8818,AVY,2025-03-29,78552144
8818,AVY,2025-06-28,78044822
8818,AVY,2025-09-27,77545388
8818,AVY,2025-12-31,76877487
8818,AVY,2026-03-31,76661900
8818,AVY,2026-06-30,75902833
1410636,AWK,2009-12-31,174630000
1410636,AWK,2010-06-30,174748000
1410636,AWK,2010-09-30,174860000
1410636,AWK,2010-12-31,174996000
1410636,AWK,2011-03-31,175347000
1410636,AWK,2011-06-30,175438000
1410636,AWK,2011-09-30,175508000
1410636,AWK,2011-12-31,175664000
1410636,AWK,2012-03-31,176200
1410636,AWK,2012-06-30,176317000
1410636,AWK,2012-09-30,176748000
1410636,AWK,2012-12-31,176988000
1410636,AWK,2013-03-31,177674000
1410636,AWK,2013-06-30,177943000
1410636,AWK,2013-09-30,178121000
1410636,AWK,2013-12-31,178379000
1410636,AWK,2014-03-31,178976000
1410636,AWK,2014-06-30,179141000
1410636,AWK,2014-09-30,179265000
1410636,AWK,2014-12-31,179462000
1410636,AWK,2015-03-31,179921000
1410636,AWK,2015-06-30,180112000
1410636,AWK,2015-12-31,180907483
1410636,AWK,2016-03-31,181408112
1410636,AWK,2016-06-30,181620003
1069183,AXON,2010-12-31,62621268
1069183,AXON,2011-06-30,59704086
1069183,AXON,2011-09-30,56767754
1069183,AXON,2011-12-31,55696608
1069183,AXON,2012-03-31,55702742
1069183,AXON,2012-06-30,52830153
1069183,AXON,2012-09-30,52331988
1069183,AXON,2012-12-31,52770392
1069183,AXON,2013-03-31,52410534
1069183,AXON,2013-06-30,50748873
1069183,AXON,2013-09-30,51838855
1069183,AXON,2013-12-31,52725247
1069183,AXON,2014-03-31,53994484
1069183,AXON,2014-06-30,52570105
1069183,AXON,2014-09-30,52516219
1069183,AXON,2014-12-31,53000867
1069183,AXON,2015-03-31,53359345
1069183,AXON,2015-06-30,53865918
1069183,AXON,2015-09-30,53604818
1069183,AXON,2015-12-31,53692192
1069183,AXON,2016-03-31,53356116
1069183,AXON,2016-06-30,52172547
1069183,AXON,2016-09-30,52245605
1069183,AXON,2016-12-31,52325251
1069183,AXON,2017-03-31,52593417
1069183,AXON,2017-06-30,52593417
1069183,AXON,2017-09-30,52853920
1069183,AXON,2017-12-31,52969869
1069183,AXON,2018-03-31,53307083
1069183,AXON,2018-06-30,58289613
1069183,AXON,2018-09-30,58419742
1069183,AXON,2018-12-31,58810637
1069183,AXON,2019-03-31,59109286
1069183,AXON,2019-06-30,59251731
1069183,AXON,2019-09-30,59320793
1069183,AXON,2019-12-31,59497759
1069183,AXON,2020-03-31,59813163
1069183,AXON,2020-06-30,63468347
1069183,AXON,2020-09-30,63548081
1069183,AXON,2020-12-31,63766555
1069183,AXON,2021-03-31,64673091
1069183,AXON,2021-06-30,65674346
1069183,AXON,2021-09-30,67577868
1069183,AXON,2021-12-31,70896856
1069183,AXON,2022-03-31,70996658
1069183,AXON,2022-06-30,71077699
1069183,AXON,2022-09-30,71151670
1069183,AXON,2022-12-31,71474581
1069183,AXON,2023-03-31,73874062
1069183,AXON,2023-06-30,74763004
1069183,AXON,2023-09-30,74931697
1069183,AXON,2023-12-31,75301424
1069183,AXON,2024-03-31,75466171
1069183,AXON,2024-06-30,75573214
1069183,AXON,2024-09-30,76084179
1069183,AXON,2024-12-31,76619331
1069183,AXON,2025-03-31,77848148
1069183,AXON,2025-06-30,78503041
1069183,AXON,2025-09-30,78891165
1069183,AXON,2025-12-31,80211537
1069183,AXON,2026-03-31,80572201
1069183,AXON,2026-06-30,81235921
4962,AXP,2008-12-31,1160000000
4962,AXP,2009-09-30,1189000000
4962,AXP,2009-12-31,1192000000
4962,AXP,2010-03-31,1197000000
4962,AXP,2010-06-30,1202000000
4962,AXP,2010-09-30,1204000000
4962,AXP,2010-12-31,1197000000
4962,AXP,2011-03-31,1202000000
4962,AXP,2011-06-30,1193000000
4962,AXP,2011-09-30,1169000000
4962,AXP,2011-12-31,1164000000
4962,AXP,2012-03-31,1166000000
4962,AXP,2012-06-30,1139000000
4962,AXP,2012-09-30,1122000000
4962,AXP,2012-12-31,1105000000
4962,AXP,2013-03-31,1098000000
4962,AXP,2013-06-30,1084000000
4962,AXP,2013-09-30,1071000000
4962,AXP,2013-12-31,1064000000
4962,AXP,2014-03-31,1059000000
4962,AXP,2014-06-30,1046000000
4962,AXP,2014-09-30,1035000000
4962,AXP,2014-12-31,1023000000
4962,AXP,2015-03-31,1016000000
4962,AXP,2015-06-30,1002000000
4962,AXP,2015-09-30,985000000
4962,AXP,2015-12-31,969000000
4962,AXP,2016-03-31,951000000
4962,AXP,2016-06-30,925000000
4962,AXP,2016-09-30,917000000
4962,AXP,2016-12-31,904000000
4962,AXP,2017-03-31,895000000
4962,AXP,2017-06-30,885000000
4962,AXP,2017-09-30,871000000
4962,AXP,2017-12-31,859000000
4962,AXP,2018-03-31,860000000
4962,AXP,2018-06-30,861000000
4962,AXP,2018-09-30,854000000
4962,AXP,2018-12-31,847000000
4962,AXP,2019-03-31,837000000
4962,AXP,2019-06-30,832000000
4962,AXP,2019-09-30,821000000
4962,AXP,2019-12-31,810000000
4962,AXP,2020-03-31,805000000
4962,AXP,2020-06-30,805000000
4962,AXP,2020-09-30,805000000
4962,AXP,2020-12-31,805000000
4962,AXP,2021-03-31,803000000
4962,AXP,2021-06-30,798000000
4962,AXP,2021-09-30,778000000
4962,AXP,2021-12-31,761000000
4962,AXP,2022-03-31,755000000
4962,AXP,2022-06-30,751000000
4962,AXP,2022-09-30,747000000
4962,AXP,2022-12-31,743000000
4962,AXP,2023-03-31,743000000
4962,AXP,2023-06-30,736000000
4962,AXP,2023-09-30,729000000
4962,AXP,2023-12-31,723000000
4962,AXP,2024-03-31,719000000
4962,AXP,2024-06-30,712000000
4962,AXP,2024-09-30,704000000
4962,AXP,2024-12-31,702000000
4962,AXP,2025-03-31,701000000
4962,AXP,2025-06-30,696000000
4962,AXP,2025-09-30,689000000
4962,AXP,2025-12-31,686000000
4962,AXP,2026-03-31,682000000
4962,AXP,2026-06-30,675000000
866787,AZO,2009-08-29,50801000
866787,AZO,2010-05-08,47648
866787,AZO,2010-08-28,45107000
866787,AZO,2010-11-20,44027000
866787,AZO,2011-02-12,42611000
866787,AZO,2011-05-07,41439000
866787,AZO,2011-08-27,40109000
866787,AZO,2011-11-19,39316000
866787,AZO,2012-02-11,38951000
866787,AZO,2012-05-05,38069000
866787,AZO,2012-08-25,37028000
866787,AZO,2012-11-17,36473000
866787,AZO,2013-02-09,36079000
866787,AZO,2013-05-04,35471000
866787,AZO,2013-08-31,34293000
866787,AZO,2013-11-23,33701000
866787,AZO,2014-02-15,33355000
866787,AZO,2014-05-10,32613000
866787,AZO,2014-08-30,32304000
866787,AZO,2014-11-22,31826000
866787,AZO,2015-02-14,31902000
866787,AZO,2015-05-09,31239000
866787,AZO,2015-08-29,30659000
866787,AZO,2015-11-21,30271000
866787,AZO,2016-02-13,30101000
866787,AZO,2016-05-07,29501000
866787,AZO,2016-08-27,29118000
866787,AZO,2016-11-19,28662000
866787,AZO,2017-02-11,28475000
866787,AZO,2017-05-06,28155000
866787,AZO,2017-08-26,27833000
866787,AZO,2017-11-18,27262000
866787,AZO,2018-02-10,27251000
866787,AZO,2018-05-05,26662000
866787,AZO,2018-08-25,25742000
866787,AZO,2018-11-17,25216000
866787,AZO,2019-02-09,24958000
866787,AZO,2019-05-04,24611000
12927,BA,2008-12-31,1012261159
12927,BA,2009-12-31,1012261159
12927,BA,2010-12-31,1012261159
12927,BA,2011-12-31,1012261159
12927,BA,2012-12-31,1012261159
12927,BA,2013-12-31,1012261159
12927,BA,2014-12-31,1012261159
12927,BA,2015-12-31,1012261159
12927,BA,2016-12-31,1012261159
12927,BA,2017-12-31,1012261159
12927,BA,2018-12-31,1012261159
12927,BA,2019-12-31,1012261159
12927,BA,2020-12-31,1012261159
12927,BA,2021-12-31,1012261159
12927,BA,2022-12-31,1012261159
12927,BA,2023-12-31,1012261159
12927,BA,2024-12-31,1012261159
12927,BA,2025-12-31,1012261159
70858,BAC,2008-12-31,5017435592
70858,BAC,2009-06-30,8651459122
70858,BAC,2009-09-30,8650314133
70858,BAC,2009-12-31,8650243926
70858,BAC,2010-03-31,10032001150
70858,BAC,2010-06-30,10033016719
70858,BAC,2010-09-30,10033705046
70858,BAC,2010-12-31,10085154806
70858,BAC,2011-03-31,10131803417
70858,BAC,2011-06-30,10133189501
70858,BAC,2011-09-30,10134431514
70858,BAC,2011-12-31,10535937957
70858,BAC,2012-03-31,10775604276
70858,BAC,2012-06-30,10776869270
70858,BAC,2012-09-30,10777267465
70858,BAC,2012-12-31,10778263628
70858,BAC,2013-03-31,10822379936
70858,BAC,2013-06-30,10743097956
70858,BAC,2013-09-30,10683282112
70858,BAC,2013-12-31,10591808296
70858,BAC,2014-03-31,10530045485
70858,BAC,2014-06-30,10515824628
70858,BAC,2014-09-30,10515893904
70858,BAC,2014-12-31,10516542476
70858,BAC,2015-03-31,10520400507
70858,BAC,2015-06-30,10471836636
70858,BAC,2015-09-30,10427305035
70858,BAC,2015-12-31,10380265063
70858,BAC,2016-03-31,10312660252
70858,BAC,2016-06-30,10216780615
70858,BAC,2016-09-30,10123845121
70858,BAC,2016-12-31,10052625604
70858,BAC,2017-03-31,9974189863
70858,BAC,2017-06-30,9878118264
70858,BAC,2017-09-30,10457473674
70858,BAC,2017-12-31,10287302431
70858,BAC,2018-03-31,10175910851
70858,BAC,2018-06-30,10012719225
70858,BAC,2018-09-30,9858252641
70858,BAC,2018-12-31,9669286370
70858,BAC,2019-03-31,9568389268
70858,BAC,2019-06-30,9342601750
70858,BAC,2019-09-30,9079264535
70858,BAC,2019-12-31,8836148954
70858,BAC,2020-03-31,8675487435
70858,BAC,2020-06-30,8664081625
70858,BAC,2020-09-30,8661522562
70858,BAC,2020-12-31,8650814105
70858,BAC,2021-03-31,8589731470
70858,BAC,2021-06-30,8487151465
70858,BAC,2021-09-30,8241243911
70858,BAC,2021-12-31,8077831463
70858,BAC,2022-03-31,8062102236
70858,BAC,2022-06-30,8035221887
70858,BAC,2022-09-30,8024450244
70858,BAC,2022-12-31,7996777943
70858,BAC,2023-03-31,7972438148
70858,BAC,2023-06-30,7953563116
70858,BAC,2023-09-30,7923357339
70858,BAC,2023-12-31,7895457665
70858,BAC,2024-03-31,7866868200
70858,BAC,2024-06-30,7774753442
70858,BAC,2024-09-30,7688767832
70858,BAC,2024-12-31,7610862311
70858,BAC,2025-03-31,7560084716
70858,BAC,2025-06-30,7436679485
70858,BAC,2025-09-30,7329421929
70858,BAC,2025-12-31,7212464345
70858,BAC,2026-03-31,7129908032
70858,BAC,2026-06-30,7017967460
764478,BBY,2008-08-30,412332000
764478,BBY,2008-11-29,413429000
764478,BBY,2009-02-28,413684000
764478,BBY,2009-05-30,416359000
764478,BBY,2009-08-29,416539000
764478,BBY,2009-11-28,418032000
764478,BBY,2010-02-27,418815000
764478,BBY,2010-05-29,420062000
764478,BBY,2010-08-28,402961000
764478,BBY,2010-11-27,394067000
764478,BBY,2011-02-26,392590000
764478,BBY,2011-04-30,383610000
764478,BBY,2011-05-28,377963000
764478,BBY,2011-07-30,370102000
764478,BBY,2011-08-27,365556000
764478,BBY,2011-10-29,357941000
764478,BBY,2011-11-26,353991000
764478,BBY,2012-03-03,341400000
764478,BBY,2012-05-05,342247000
764478,BBY,2012-08-04,336530000
764478,BBY,2012-11-03,337925000
764478,BBY,2013-02-02,338276000
764478,BBY,2013-05-04,339737000
764478,BBY,2013-08-03,340967000
764478,BBY,2013-11-02,345564000
764478,BBY,2014-02-01,351468000
764478,BBY,2014-05-03,348750000
764478,BBY,2014-08-02,349548000
764478,BBY,2014-11-01,350407000
764478,BBY,2015-01-31,323779000
764478,BBY,2015-05-02,353000000
764478,BBY,2015-08-01,344000000
764478,BBY,2015-10-31,345000000
764478,BBY,2016-01-30,323779000
764478,BBY,2016-04-30,324000000
764478,BBY,2016-07-30,317000000
764478,BBY,2016-10-29,313000000
764478,BBY,2017-01-28,311108000
764478,BBY,2017-04-29,306000000
764478,BBY,2017-07-29,300000000
764478,BBY,2017-10-28,296000000
764478,BBY,2018-02-03,282988000
764478,BBY,2018-05-05,281000000
764478,BBY,2018-08-04,276000000
764478,BBY,2018-11-03,272000000
764478,BBY,2019-02-02,265703000
764478,BBY,2019-05-04,267000000
764478,BBY,2019-08-03,265000000
764478,BBY,2019-11-02,260000000
764478,BBY,2020-02-01,256000000
764478,BBY,2020-05-02,257600000
764478,BBY,2020-08-01,258800000
764478,BBY,2020-10-31,258800000
764478,BBY,2021-01-30,256900000
764478,BBY,2021-05-01,250400000
764478,BBY,2021-07-31,247300000
764478,BBY,2021-10-30,243800000
764478,BBY,2022-01-29,227400000
764478,BBY,2022-04-30,224600000
764478,BBY,2022-07-30,225100000
764478,BBY,2022-10-29,225200000
764478,BBY,2023-01-28,218100000
764478,BBY,2023-04-29,218500000
764478,BBY,2023-07-29,217900000
764478,BBY,2023-10-28,216300000
764478,BBY,2024-02-03,215400000
764478,BBY,2024-05-04,216100000
764478,BBY,2024-08-03,215000000
764478,BBY,2024-11-02,213800000
764478,BBY,2025-02-01,211400000
764478,BBY,2025-05-03,211300000
764478,BBY,2025-08-02,210400000
764478,BBY,2025-11-01,210000000
764478,BBY,2026-01-31,209100000
764478,BBY,2026-05-02,210700000
764478,BBY,2026-08-01,210400000
1664703,BE,2017-12-31,10353269
1664703,BE,2018-06-30,10570841
1664703,BE,2018-09-30,0
1664703,BE,2018-12-31,0
38777,BEN,2008-09-30,232777979
38777,BEN,2009-06-30,230390721
38777,BEN,2009-09-30,229324345
38777,BEN,2009-12-31,228205363
38777,BEN,2010-03-31,227391266
38777,BEN,2010-09-30,224007674
38777,BEN,2010-12-31,223293744
38777,BEN,2011-03-31,221843061
38777,BEN,2011-06-30,220425607
38777,BEN,2011-09-30,217693435
38777,BEN,2011-12-31,215948381
38777,BEN,2012-03-31,215125221
38777,BEN,2012-06-30,212592351
38777,BEN,2012-09-30,636626871
38777,BEN,2012-12-31,212524001
38777,BEN,2013-03-31,212595884
38777,BEN,2013-06-30,635717838
38777,BEN,2013-09-30,630917532
38777,BEN,2013-12-31,630916855
38777,BEN,2014-03-31,627803784
38777,BEN,2014-06-30,625454242
38777,BEN,2014-09-30,622893090
38777,BEN,2014-12-31,622426648
38777,BEN,2015-03-31,619142013
38777,BEN,2015-06-30,614813951
38777,BEN,2015-09-30,603517181
38777,BEN,2015-12-31,595228556
38777,BEN,2016-03-31,586134232
38777,BEN,2016-06-30,576780254
38777,BEN,2016-09-30,570345156
38777,BEN,2016-12-31,565683547
38777,BEN,2017-03-31,562083716
38777,BEN,2017-06-30,557960048
38777,BEN,2017-09-30,554865343
38777,BEN,2017-12-31,552406256
38777,BEN,2018-03-31,541695819
38777,BEN,2018-06-30,529106446
38777,BEN,2018-09-30,519122574
38777,BEN,2018-12-31,511482401
38777,BEN,2019-03-31,507714184
38777,BEN,2019-06-30,504120477
38777,BEN,2019-09-30,499303269
38777,BEN,2019-12-31,497599517
38777,BEN,2020-03-31,495284908
38777,BEN,2020-06-30,495369948
38777,BEN,2020-09-30,495116677
38777,BEN,2020-12-31,505472834
38777,BEN,2021-03-31,504341424
38777,BEN,2021-06-30,502870612
38777,BEN,2021-09-30,501807677
38777,BEN,2021-12-31,502519277
38777,BEN,2022-03-31,500374393
38777,BEN,2022-06-30,498356132
38777,BEN,2022-09-30,499575175
38777,BEN,2022-12-31,500265643
38777,BEN,2023-03-31,500912066
38777,BEN,2023-06-30,499012841
38777,BEN,2023-09-30,495937891
38777,BEN,2023-12-31,494734214
38777,BEN,2024-03-31,526185104
38777,BEN,2024-06-30,522059992
38777,BEN,2024-09-30,523596548
38777,BEN,2024-12-31,523967899
38777,BEN,2025-03-31,525404160
38777,BEN,2025-06-30,518373940
38777,BEN,2025-09-30,520951796
38777,BEN,2025-12-31,519974911
38777,BEN,2026-03-31,519620511
38777,BEN,2026-06-30,507507250
14693,BF-B,2010-04-30,146963000
14693,BF-B,2011-04-30,144990000
14693,BF-B,2012-04-30,142074000
14693,BF-B,2013-04-30,213707000
14693,BF-B,2014-04-30,426910000
14693,BF-B,2015-04-30,521749000
14693,BF-B,2016-04-30,494353000
14693,BF-B,2017-04-30,480106000
14693,BF-B,2018-04-30,481001000
14693,BF-B,2019-04-30,477172000
14693,BF-B,2020-04-30,478209000
14693,BF-B,2021-04-30,478729000
14693,BF-B,2022-04-30,479020000
14693,BF-B,2023-04-30,479316000
14693,BF-B,2024-04-30,472600000
14693,BF-B,2025-04-30,472669000
875045,BIIB,2008-12-31,288046000
875045,BIIB,2009-12-31,274855
875045,BIIB,2010-12-31,240538000
875045,BIIB,2011-12-31,242115000
875045,BIIB,2012-12-31,236582000
875045,BIIB,2013-12-31,236332000
875045,BIIB,2014-12-31,234600000
875045,BIIB,2015-12-31,218600000
875045,BIIB,2016-12-31,215900000
875045,BIIB,2017-12-31,211500000
875045,BIIB,2018-12-31,197200000
875045,BIIB,2019-12-31,174200000
875045,BIIB,2020-12-31,152400000
875045,BIIB,2021-12-31,147000000
875045,BIIB,2022-12-31,144000000
875045,BIIB,2023-12-31,144900000
875045,BIIB,2024-12-31,145800000
875045,BIIB,2025-12-31,146800000
1701605,BKR,2016-12-31,100
1701605,BKR,2017-06-30,100
2012383,BLK,2023-12-31,148500074
2012383,BLK,2024-09-30,147953572
2012383,BLK,2024-12-31,154947813
2012383,BLK,2025-03-31,155022449
2012383,BLK,2025-06-30,154751073
2012383,BLK,2025-09-30,155124267
2012383,BLK,2025-12-31,155069171
2012383,BLK,2026-03-31,155364965
2012383,BLK,2026-06-30,154996807
1390777,BNY,2010-12-31,1241530195
1390777,BNY,2011-12-31,1209674607
1390777,BNY,2012-12-31,1163490341
1390777,BNY,2013-12-31,1142249790
1390777,BNY,2014-12-31,1118227559
1390777,BNY,2015-12-31,1085342985
1390777,BNY,2016-12-31,1047488301
1390777,BNY,2017-12-31,1013442445
1390777,BNY,2018-12-31,960425669
1390777,BNY,2019-12-31,900683038
1390777,BNY,2020-12-31,886763531
1390777,BNY,2021-12-31,804145366
1390777,BNY,2022-12-31,808444600
1390777,BNY,2023-12-31,759344092
1390777,BNY,2024-12-31,717680268
1390777,BNY,2025-12-31,688236337
1383312,BR,2010-06-30,129200000
1383312,BR,2010-09-30,124900000
1383312,BR,2010-12-31,124900000
1383312,BR,2011-03-31,122300000
1383312,BR,2011-06-30,123700000
1383312,BR,2011-09-30,123600000
1383312,BR,2011-12-31,123800000
1383312,BR,2012-03-31,124100000
1383312,BR,2012-06-30,124800000
1383312,BR,2012-09-30,122100000
1383312,BR,2012-12-31,121800000
1383312,BR,2013-03-31,120400000
1383312,BR,2013-06-30,119000000
1383312,BR,2013-09-30,119100000
1383312,BR,2013-12-31,119200000
1383312,BR,2014-03-31,119900000
1383312,BR,2014-06-30,119500000
1383312,BR,2014-09-30,120000000
1383312,BR,2014-12-31,120500000
1383312,BR,2015-03-31,119100000
1383312,BR,2015-06-30,118200000
1383312,BR,2015-09-30,118300000
1383312,BR,2015-12-31,118500000
1383312,BR,2016-03-31,117500000
1383312,BR,2016-06-30,118300000
1383312,BR,2016-09-30,119100000
1383312,BR,2016-12-31,118200000
1383312,BR,2017-03-31,117100000
1383312,BR,2017-06-30,116500000
1383312,BR,2017-09-30,116500000
1383312,BR,2017-12-31,116600000
1383312,BR,2018-03-31,117300000
1383312,BR,2018-06-30,116300000
1383312,BR,2018-09-30,116800000
1383312,BR,2018-12-31,115700000
1383312,BR,2019-03-31,115800000
1383312,BR,2019-06-30,114300000
1383312,BR,2019-09-30,114600000
1383312,BR,2019-12-31,114800000
1383312,BR,2020-03-31,114500000
1383312,BR,2020-06-30,115100000
1383312,BR,2020-09-30,115600000
1383312,BR,2020-12-31,115800000
1383312,BR,2021-03-31,115900000
1383312,BR,2021-06-30,116100000
1383312,BR,2021-09-30,116300000
1383312,BR,2021-12-31,116800000
1383312,BR,2022-03-31,116900000
1383312,BR,2022-06-30,117300000
1383312,BR,2022-09-30,117700000
1383312,BR,2022-12-31,117700000
1383312,BR,2023-03-31,117700000
1383312,BR,2023-06-30,118100000
1383312,BR,2023-09-30,117600000
1383312,BR,2023-12-31,117700000
1383312,BR,2024-03-31,118000000
1383312,BR,2024-06-30,116700000
1383312,BR,2024-09-30,116900000
1383312,BR,2024-12-31,117000000
1383312,BR,2025-03-31,117200000
1383312,BR,2025-06-30,117100000
1383312,BR,2025-09-30,116700000
1383312,BR,2025-12-31,116700000
1383312,BR,2026-03-31,115700000
1383312,BR,2026-06-30,114000000
79282,BRO,2009-12-31,142076000
79282,BRO,2010-06-30,142224000
79282,BRO,2010-09-30,142643000
79282,BRO,2010-12-31,142795000
79282,BRO,2011-03-31,142548000
79282,BRO,2011-06-30,142924000
79282,BRO,2011-09-30,143382000
79282,BRO,2011-12-31,143352000
79282,BRO,2012-03-31,143322000
79282,BRO,2012-06-30,143281000
79282,BRO,2012-09-30,143817000
79282,BRO,2012-12-31,143878000
79282,BRO,2013-03-31,143990000
79282,BRO,2013-06-30,144045000
79282,BRO,2013-09-30,145441000
79282,BRO,2013-12-31,145419000
79282,BRO,2014-03-31,145409
79282,BRO,2014-06-30,144544000
79282,BRO,2014-09-30,143765000
79282,BRO,2014-12-31,143486000
79282,BRO,2015-03-31,140814000
79282,BRO,2015-06-30,140821000
79282,BRO,2015-09-30,140970000
79282,BRO,2015-12-31,138985000
79282,BRO,2016-03-31,140173
79282,BRO,2016-06-30,139900000
79282,BRO,2016-09-30,140316542
79282,BRO,2016-12-31,140103841
79282,BRO,2017-03-31,140274000
79282,BRO,2017-06-30,139998722
79282,BRO,2017-09-30,139517992
79282,BRO,2017-12-31,276210910
79282,BRO,2018-03-31,276074694
79282,BRO,2018-06-30,276198172
79282,BRO,2018-09-30,281455959
79282,BRO,2018-12-31,279583000
79282,BRO,2019-09-30,282498000
79282,BRO,2019-12-31,281655000
79282,BRO,2020-03-31,283441000
79282,BRO,2020-06-30,283658000
79282,BRO,2020-09-30,283745000
79282,BRO,2020-12-31,283004000
79282,BRO,2021-03-31,281980000
79282,BRO,2021-06-30,281621000
79282,BRO,2021-09-30,282432000
79282,BRO,2021-12-31,282500000
79282,BRO,2022-03-31,283100000
79282,BRO,2022-06-30,282200000
79282,BRO,2022-09-30,283300000
79282,BRO,2022-12-31,283200000
79282,BRO,2023-03-31,283600000
79282,BRO,2023-06-30,283600000
79282,BRO,2023-09-30,284300000
79282,BRO,2023-12-31,285000000
79282,BRO,2024-03-31,285000000
79282,BRO,2024-06-30,285000000
79282,BRO,2024-09-30,286000000
79282,BRO,2024-12-31,286000000
79282,BRO,2025-03-31,287000000
79282,BRO,2025-06-30,330000000
79282,BRO,2025-09-30,337000000
79282,BRO,2025-12-31,336000000
79282,BRO,2026-03-31,335000000
79282,BRO,2026-06-30,330000000
885725,BSX,2010-12-31,1520780112
885725,BSX,2011-06-30,1528799782
885725,BSX,2011-09-30,1501013482
885725,BSX,2011-12-31,1449055674
885725,BSX,2012-03-31,1434232720
885725,BSX,2012-06-30,1416535111
885725,BSX,2012-09-30,1372871571
885725,BSX,2012-12-31,1355711656
885725,BSX,2013-03-31,1350413794
885725,BSX,2013-06-30,1339348764
885725,BSX,2013-09-30,1338836032
885725,BSX,2013-12-31,1322296064
885725,BSX,2014-03-31,1322467591
885725,BSX,2014-06-30,1323766472
885725,BSX,2014-09-30,1326000214
885725,BSX,2014-12-31,1327451966
885725,BSX,2015-03-31,1340017316
885725,BSX,2015-06-30,1342156070
885725,BSX,2015-09-30,1344863336
885725,BSX,2015-12-31,1346647516
885725,BSX,2016-03-31,1354567488
885725,BSX,2016-06-30,1358698563
885725,BSX,2016-09-30,1361444063
885725,BSX,2016-12-31,1362104547
885725,BSX,2017-03-31,1369082488
885725,BSX,2017-06-30,1370464555
885725,BSX,2017-09-30,1372735769
885725,BSX,2017-12-31,1373496628
885725,BSX,2018-03-31,1379621739
885725,BSX,2018-06-30,1381309982
885725,BSX,2018-09-30,1383705013
885725,BSX,2018-12-31,1384581760
885725,BSX,2019-03-31,1390583103
885725,BSX,2019-06-30,1391532660
885725,BSX,2019-09-30,1393776239
885725,BSX,2019-12-31,1394922641
885725,BSX,2020-03-31,1399310972
1393818,BX,2020-12-31,683875544
1393818,BX,2021-03-31,690569563
1393818,BX,2021-06-30,691093463
1393818,BX,2021-09-30,693612698
1393818,BX,2021-12-31,704339774
1393818,BX,2022-03-31,707180830
1393818,BX,2022-06-30,706476877
1393818,BX,2022-09-30,709040610
1393818,BX,2022-12-31,710276923
1393818,BX,2023-03-31,712794968
1393818,BX,2023-06-30,713551859
1393818,BX,2023-09-30,718442863
1393818,BX,2023-12-31,719358114
1393818,BX,2024-03-31,722263433
1393818,BX,2024-06-30,722540712
1393818,BX,2024-09-30,730699964
1393818,BX,2024-12-31,731925965
1393818,BX,2025-03-31,737929437
1393818,BX,2025-06-30,739055944
1393818,BX,2025-09-30,747812724
1393818,BX,2025-12-31,748688068
1393818,BX,2026-03-31,751535403
1393818,BX,2026-06-30,752601287
1037540,BXP,2008-12-31,121180655
1037540,BXP,2009-06-30,138548661
1037540,BXP,2009-09-30,138702374
1037540,BXP,2009-12-31,138880010
1037540,BXP,2010-03-31,139003995
1037540,BXP,2010-06-30,139273399
1037540,BXP,2010-09-30,140058421
1037540,BXP,2010-12-31,140199105
1037540,BXP,2011-03-31,145058429
1037540,BXP,2011-06-30,146387021
1037540,BXP,2011-09-30,147627247
1037540,BXP,2011-12-31,148107611
1037540,BXP,2012-03-31,149384341
1037540,BXP,2012-06-30,150715702
1037540,BXP,2012-09-30,150856237
1037540,BXP,2012-12-31,151601209
1037540,BXP,2013-03-31,151639524
1037540,BXP,2013-06-30,152384740
1037540,BXP,2013-12-31,152983101
1037540,BXP,2014-03-31,153017311
1037540,BXP,2014-06-30,153092574
1037540,BXP,2014-09-30,153099786
1037540,BXP,2014-12-31,153113945
1037540,BXP,2015-03-31,153402107
1037540,BXP,2015-06-30,153473931
1037540,BXP,2015-09-30,153574600
1037540,BXP,2015-12-31,153579966
1037540,BXP,2016-03-31,153604966
1037540,BXP,2016-06-30,153674930
1037540,BXP,2016-09-30,153773012
1037540,BXP,2016-12-31,153790175
1037540,BXP,2017-03-31,153849231
1037540,BXP,2017-06-30,154307529
1037540,BXP,2017-09-30,154322266
1037540,BXP,2017-12-31,154325286
1037540,BXP,2018-03-31,154362303
1037540,BXP,2018-06-30,154411529
1037540,BXP,2018-09-30,154440239
1037540,BXP,2018-12-31,154458478
1037540,BXP,2019-03-31,154515486
1037540,BXP,2019-06-30,154563130
1037540,BXP,2019-09-30,154572073
1037540,BXP,2019-12-31,154790298
1037540,BXP,2020-03-31,155314555
1037540,BXP,2020-06-30,155622286
1037540,BXP,2020-09-30,155636300
1037540,BXP,2020-12-31,155719000
1037540,BXP,2021-03-31,156074000
1037540,BXP,2021-06-30,156136000
1037540,BXP,2021-09-30,156206000
1037540,BXP,2021-12-31,156544849
1037540,BXP,2022-03-31,156712000
1037540,BXP,2022-06-30,156726430
1037540,BXP,2022-09-30,156754712
1037540,BXP,2022-12-31,156757867
1037540,BXP,2023-03-31,156829793
1037540,BXP,2023-06-30,156853400
1037540,BXP,2023-09-30,156939180
1037540,BXP,2023-12-31,156940866
1037540,BXP,2024-03-31,157049171
1037540,BXP,2024-06-30,157097841
1037540,BXP,2024-09-30,157979898
1037540,BXP,2024-12-31,158174995
1037540,BXP,2025-03-31,158323327
1037540,BXP,2025-06-30,158366277
1037540,BXP,2025-09-30,158400414
1037540,BXP,2025-12-31,158548298
1037540,BXP,2026-03-31,158675963
1037540,BXP,2026-06-30,159521510
831001,C,2008-12-31,5450068
831001,C,2009-09-30,22863947
831001,C,2009-12-31,28483267000
831001,C,2010-03-31,28620248000
831001,C,2010-06-30,28975419000
831001,C,2010-09-30,29049601000
1783180,CARR,2020-06-30,866164968
1783180,CARR,2020-09-30,866687269
1783180,CARR,2020-12-31,867829119
1783180,CARR,2021-12-31,863039097
1783180,CARR,2022-12-31,834664966
1783180,CARR,2023-12-31,839910275
1783180,CARR,2024-12-31,878337677
1783180,CARR,2025-12-31,836141122
726958,CASY,2010-04-30,50926162
726958,CASY,2011-04-30,37966709
726958,CASY,2012-04-30,38140309
726958,CASY,2013-04-30,38352509
726958,CASY,2014-04-30,38507387
726958,CASY,2015-04-30,38886165
726958,CASY,2016-04-30,39055570
726958,CASY,2017-04-30,38765821
726958,CASY,2018-04-30,36874322
726958,CASY,2019-04-30,36664521
726958,CASY,2020-04-30,36806325
726958,CASY,2021-04-30,36949878
726958,CASY,2022-04-30,37111667
726958,CASY,2023-04-30,37263248
726958,CASY,2024-04-30,37008488
726958,CASY,2025-04-30,37119083
726958,CASY,2026-04-30,36904285
18230,CAT,2008-12-31,601500000
18230,CAT,2009-12-31,624700000
18230,CAT,2010-12-31,638800000
18230,CAT,2011-12-31,647500000
18230,CAT,2012-03-31,652300000
18230,CAT,2012-06-30,653300000
18230,CAT,2012-09-30,653900000
18230,CAT,2012-12-31,655000000
18230,CAT,2013-03-31,657500000
18230,CAT,2013-06-30,647600000
18230,CAT,2013-09-30,636400000
18230,CAT,2013-12-31,637800000
18230,CAT,2014-03-31,624200000
18230,CAT,2014-06-30,627800000
18230,CAT,2014-09-30,605400000
18230,CAT,2014-12-31,606200000
18230,CAT,2015-03-31,603600000
18230,CAT,2015-06-30,602600000
18230,CAT,2015-09-30,582200000
18230,CAT,2015-12-31,582300000
18230,CAT,2016-03-31,583900000
18230,CAT,2016-06-30,584200000
18230,CAT,2016-09-30,585100000
18230,CAT,2016-12-31,586500000
18230,CAT,2017-03-31,589100000
18230,CAT,2017-06-30,591000000
18230,CAT,2017-09-30,594900000
18230,CAT,2017-12-31,597600000
18230,CAT,2018-03-31,597900000
18230,CAT,2018-06-30,594300000
18230,CAT,2018-09-30,590100000
18230,CAT,2018-12-31,575500000
18230,CAT,2019-03-31,571700000
18230,CAT,2019-06-30,562600000
18230,CAT,2019-09-30,552700000
18230,CAT,2019-12-31,550100000
18230,CAT,2020-03-31,542000000
18230,CAT,2020-06-30,541500000
18230,CAT,2020-09-30,543300000
18230,CAT,2020-12-31,545300000
18230,CAT,2021-03-31,547800000
18230,CAT,2021-06-30,547500000
18230,CAT,2021-09-30,540900000
18230,CAT,2021-12-31,535900000
18230,CAT,2022-03-31,533400000
18230,CAT,2022-06-30,527900000
18230,CAT,2022-09-30,520400000
18230,CAT,2022-12-31,516300000
18230,CAT,2023-03-31,515900000
18230,CAT,2023-06-30,510100000
18230,CAT,2023-09-30,509100000
18230,CAT,2023-12-31,499400000
18230,CAT,2024-03-31,489300000
18230,CAT,2024-06-30,484900000
18230,CAT,2024-09-30,482800000
18230,CAT,2024-12-31,477900000
18230,CAT,2025-03-31,471000000
18230,CAT,2025-06-30,468500000
18230,CAT,2025-09-30,468000000
18230,CAT,2025-12-31,465300000
18230,CAT,2026-03-31,460600000
18230,CAT,2026-06-30,459700000
896159,CB,2008-12-31,333645471
896159,CB,2009-06-30,336097451
896159,CB,2009-09-30,336280476
896159,CB,2009-12-31,336524657
896159,CB,2010-03-31,338610718000000
896159,CB,2010-06-30,338755604000000
896159,CB,2010-09-30,339229421.9941
896159,CB,2010-12-31,334942852
896159,CB,2011-03-31,337173864
896159,CB,2011-06-30,337912324
896159,CB,2011-09-30,336390293
896159,CB,2011-12-31,336927276
896159,CB,2012-03-31,338653382
896159,CB,2012-06-30,339060885
896159,CB,2012-09-30,339735109
896159,CB,2012-12-31,340321534
896159,CB,2013-03-31,340045256
896159,CB,2013-06-30,340086269
896159,CB,2013-09-30,340069972
896159,CB,2013-12-31,339793935
896159,CB,2014-03-31,337974644
896159,CB,2014-06-30,336225589
896159,CB,2014-09-30,332111557
896159,CB,2014-12-31,328659686
896159,CB,2015-03-31,327084762
896159,CB,2015-06-30,323814281
896159,CB,2015-09-30,324062368
896159,CB,2015-12-31,324563441
896159,CB,2016-03-31,464283520
896159,CB,2016-06-30,465012980
896159,CB,2016-09-30,465286110
896159,CB,2016-12-31,465968716
896159,CB,2017-03-31,467223019
896159,CB,2017-06-30,465375141
896159,CB,2017-09-30,464158519
896159,CB,2017-12-31,463833179
896159,CB,2018-03-31,465831486
896159,CB,2018-06-30,463502164
896159,CB,2018-09-30,461100790
896159,CB,2018-12-31,459203378
896159,CB,2019-03-31,458179205
896159,CB,2019-06-30,456077819
896159,CB,2019-09-30,453533642
896159,CB,2019-12-31,451971567
896159,CB,2020-03-31,451367782
896159,CB,2020-06-30,451360023
896159,CB,2020-09-30,451376194
896159,CB,2020-12-31,450732625
896159,CB,2021-03-31,449676959
896159,CB,2021-06-30,438717213
896159,CB,2021-09-30,430876252
896159,CB,2021-12-31,426572612
896159,CB,2022-03-31,423675327
896159,CB,2022-06-30,418474087
896159,CB,2022-09-30,415020484
896159,CB,2022-12-31,414594856
896159,CB,2023-03-31,414158680
896159,CB,2023-06-30,410691354
896159,CB,2023-09-30,407984339
896159,CB,2023-12-31,405269637
896159,CB,2024-03-31,406033066
896159,CB,2024-06-30,404073495
896159,CB,2024-09-30,403033421
896159,CB,2024-12-31,400703663
896159,CB,2025-03-31,400748485
896159,CB,2025-06-30,398660788
896159,CB,2025-09-30,394324438
896159,CB,2025-12-31,391101227
896159,CB,2026-03-31,388495580
1374310,CBOE,2012-12-31,87271683
1374310,CBOE,2013-03-31,87271829
1374310,CBOE,2013-06-30,87700964
1374310,CBOE,2013-09-30,87396837
1374310,CBOE,2013-12-31,86770737
1374310,CBOE,2014-03-31,86194095
1374310,CBOE,2014-06-30,85614964
1374310,CBOE,2014-09-30,84603437
1374310,CBOE,2014-12-31,84114475
1374310,CBOE,2015-03-31,83701811
1374310,CBOE,2015-06-30,82900495
1374310,CBOE,2015-09-30,82605193
1374310,CBOE,2015-12-31,82088549
1374310,CBOE,2016-03-31,81550703
1374310,CBOE,2016-06-30,81285307
1374310,CBOE,2016-09-30,81285307
1374310,CBOE,2016-12-31,81285307
1374310,CBOE,2017-03-31,112042728
1374310,CBOE,2017-06-30,112777346
1374310,CBOE,2017-09-30,113457824
1374310,CBOE,2017-12-31,112741217
1374310,CBOE,2018-03-31,112553369
1374310,CBOE,2018-06-30,112107466
1374310,CBOE,2018-09-30,111626297
1374310,CBOE,2018-12-31,111601976
1374310,CBOE,2019-03-31,111630805
1374310,CBOE,2019-06-30,111666897
1374310,CBOE,2019-09-30,111255022
1374310,CBOE,2019-12-31,110656892
1374310,CBOE,2020-03-31,109719823
1374310,CBOE,2020-06-30,108757176
1374310,CBOE,2020-09-30,108311921
1374310,CBOE,2020-12-31,107299933
1374310,CBOE,2021-03-31,106934077
1374310,CBOE,2021-06-30,106621969
1374310,CBOE,2021-09-30,106642977
1374310,CBOE,2021-12-31,106646498
1374310,CBOE,2022-03-31,106188570
1374310,CBOE,2022-06-30,106062246
1374310,CBOE,2022-09-30,106082175
1374310,CBOE,2022-12-31,105951199
1374310,CBOE,2023-03-31,105574173
1374310,CBOE,2023-06-30,105516820
1374310,CBOE,2023-09-30,105555989
1374310,CBOE,2023-12-31,105527815
1374310,CBOE,2024-03-31,105341315
1374310,CBOE,2024-06-30,104788542
1374310,CBOE,2024-09-30,104677388
1374310,CBOE,2024-12-31,104686478
1374310,CBOE,2025-03-31,104738813
1374310,CBOE,2025-06-30,104589930
1374310,CBOE,2025-09-30,104636261
1374310,CBOE,2025-12-31,104647739
1374310,CBOE,2026-03-31,104673700
1374310,CBOE,2026-06-30,104554843
1138118,CBRE,2009-12-31,321767407
1138118,CBRE,2010-06-30,321784335
1138118,CBRE,2010-09-30,322980362
1138118,CBRE,2010-12-31,323594919
1138118,CBRE,2011-03-31,324663281
1138118,CBRE,2011-06-30,324992942
1138118,CBRE,2011-09-30,327906396
1138118,CBRE,2011-12-31,327972156
1138118,CBRE,2012-03-31,328044115
1138118,CBRE,2012-06-30,328219385000
1138118,CBRE,2012-09-30,329161194
1138118,CBRE,2012-12-31,330082187
1138118,CBRE,2013-03-31,331185248
1138118,CBRE,2013-06-30,331302183
1138118,CBRE,2013-12-31,331927166
1138118,CBRE,2014-03-31,332030878
1138118,CBRE,2014-06-30,332116454
1138118,CBRE,2014-09-30,332829377
1138118,CBRE,2014-12-31,332991031
1138118,CBRE,2015-03-31,332958718
1138118,CBRE,2015-06-30,333100934
1138118,CBRE,2015-09-30,334166504
1138118,CBRE,2015-12-31,334230496
1138118,CBRE,2016-03-31,335292513
1138118,CBRE,2016-06-30,335575365
1138118,CBRE,2016-09-30,337279372
1138118,CBRE,2016-12-31,337279449
1138118,CBRE,2017-03-31,337874535
1138118,CBRE,2017-06-30,337929771
1138118,CBRE,2017-09-30,339459138
1138118,CBRE,2017-12-31,339459138
1138118,CBRE,2018-03-31,339737454
1138118,CBRE,2018-06-30,339793072
1138118,CBRE,2018-09-30,340880302
1138118,CBRE,2018-12-31,336912783
1138118,CBRE,2019-03-31,336266487
1138118,CBRE,2019-06-30,336329975
1138118,CBRE,2019-09-30,335755183
1138118,CBRE,2019-12-31,334752283
1138118,CBRE,2020-03-31,335145077
1138118,CBRE,2020-06-30,335240052
1138118,CBRE,2020-09-30,335438893
1138118,CBRE,2020-12-31,335561345
1138118,CBRE,2021-03-31,335918173
1138118,CBRE,2021-06-30,335706818
1138118,CBRE,2021-09-30,334642584
1138118,CBRE,2021-12-10,22000000
1138118,CBRE,2021-12-31,332875959
1138118,CBRE,2022-03-31,329555402
1138118,CBRE,2022-06-30,322117764
1138118,CBRE,2022-09-30,317055298
1138118,CBRE,2022-12-31,311014160
1138118,CBRE,2023-03-31,310786159
1138118,CBRE,2023-06-30,310876434
1138118,CBRE,2023-09-30,304750283
1138118,CBRE,2023-12-31,304889140
1138118,CBRE,2024-03-31,306949267
1138118,CBRE,2024-06-30,306473349
1138118,CBRE,2024-09-30,306010388
1138118,CBRE,2024-12-31,302052229
1138118,CBRE,2025-03-31,299584021
1138118,CBRE,2025-06-30,297524516
1138118,CBRE,2025-09-30,297561943
1138118,CBRE,2025-12-31,295731478
1138118,CBRE,2026-03-31,292840522
1138118,CBRE,2026-06-30,289848678
1051470,CCI,2008-12-31,288466431
1051470,CCI,2009-09-30,291179312
1051470,CCI,2009-12-31,292729684
1051470,CCI,2010-03-31,291230613
1051470,CCI,2010-09-30,290917968
1051470,CCI,2010-12-31,290826284
1051470,CCI,2011-03-31,290717872
1051470,CCI,2011-06-30,287099439
1051470,CCI,2011-09-30,284496080
1051470,CCI,2011-12-31,284449372
1051470,CCI,2012-03-31,292928485
1051470,CCI,2012-06-30,293038013
1051470,CCI,2012-09-30,293161069
1051470,CCI,2012-12-31,293164786
1051470,CCI,2013-03-31,293771206
1051470,CCI,2013-06-30,292685462
1051470,CCI,2013-09-30,292675430
1051470,CCI,2013-12-31,334070016
1051470,CCI,2014-03-31,333795981
1051470,CCI,2014-06-30,333861080
1051470,CCI,2014-09-30,333859447
1051470,CCI,2014-12-31,333856632
1051470,CCI,2015-03-31,333761959
1051470,CCI,2015-06-30,333762344
1051470,CCI,2015-09-30,333771499
1051470,CCI,2015-12-31,333771660
1051470,CCI,2016-03-31,337559718
1051470,CCI,2016-06-30,332562378
1051470,CCI,2016-12-31,360536659
1051470,CCI,2017-03-31,361355043
1051470,CCI,2017-06-30,366115800
1051470,CCI,2017-09-30,406274802
1051470,CCI,2017-12-31,406000000
1051470,CCI,2018-03-31,415000000
1051470,CCI,2018-06-30,415000000
1051470,CCI,2018-09-30,415000000
1051470,CCI,2018-12-31,415000000
1051470,CCI,2019-03-31,416000000
1051470,CCI,2019-06-30,416000000
1051470,CCI,2019-09-30,416000000
1051470,CCI,2019-12-31,416000000
1051470,CCI,2020-03-31,417000000
1051470,CCI,2020-06-30,417000000
1051470,CCI,2020-09-30,431000000
1051470,CCI,2020-12-31,431000000
1051470,CCI,2021-03-31,432000000
1051470,CCI,2021-06-30,432000000
1051470,CCI,2021-09-30,432000000
1051470,CCI,2021-12-31,432000000
1051470,CCI,2022-03-31,433000000
1051470,CCI,2022-06-30,433000000
1051470,CCI,2022-09-30,433000000
1051470,CCI,2022-12-31,433000000
1051470,CCI,2023-03-31,434000000
1051470,CCI,2023-06-30,434000000
1051470,CCI,2023-09-30,434000000
1051470,CCI,2023-12-31,434000000
1051470,CCI,2024-03-31,435000000
1051470,CCI,2024-06-30,435000000
1051470,CCI,2024-09-30,435000000
1051470,CCI,2024-12-31,435000000
1051470,CCI,2025-03-31,435000000
1051470,CCI,2025-06-30,435000000
1051470,CCI,2025-09-30,435000000
1051470,CCI,2025-12-31,435000000
1051470,CCI,2026-03-31,436000000
1051470,CCI,2026-06-30,426000000
813672,CDNS,2010-01-02,268649000
813672,CDNS,2011-01-01,267116000
813672,CDNS,2011-12-31,272680000
813672,CDNS,2012-12-29,280644000
813672,CDNS,2013-12-28,288133000
813672,CDNS,2015-01-03,291584000
813672,CDNS,2016-01-02,309392000
813672,CDNS,2016-12-31,278099000
813672,CDNS,2017-12-30,282067000
813672,CDNS,2018-12-29,280015000
813672,CDNS,2019-12-28,279855000
813672,CDNS,2021-01-02,278941000
813672,CDNS,2022-01-01,276796000
813672,CDNS,2022-12-31,272675000
813672,CDNS,2023-12-31,271706000
813672,CDNS,2024-12-31,273851000
813672,CDNS,2025-12-31,271799000
1402057,CDW,2012-12-31,145100000
1402057,CDW,2013-06-30,145200000
1402057,CDW,2013-09-30,172000000
1402057,CDW,2013-12-31,172000000
1402057,CDW,2014-03-31,172000000
1402057,CDW,2014-06-30,172000000
1402057,CDW,2014-09-30,172000000
1402057,CDW,2014-12-31,172200000
1402057,CDW,2015-03-31,172500000
1402057,CDW,2015-06-30,170100000
1402057,CDW,2015-09-30,169200000
1402057,CDW,2015-12-31,168200000
1402057,CDW,2016-03-31,165500000
1402057,CDW,2016-06-30,163200000
1402057,CDW,2016-09-30,160500000
1402057,CDW,2016-12-31,160300000
1402057,CDW,2017-03-31,158000000
1402057,CDW,2017-06-30,155600000
1402057,CDW,2017-09-30,152900000
1402057,CDW,2017-12-31,153000000
1402057,CDW,2018-03-31,151900000
1402057,CDW,2018-06-30,151500000
1402057,CDW,2018-09-30,150900000
1402057,CDW,2018-12-31,147700000
1402057,CDW,2019-03-31,146300000
1402057,CDW,2019-06-30,145000000
1402057,CDW,2019-09-30,143900000
1402057,CDW,2019-12-31,143000000
1402057,CDW,2020-03-31,142300000
1402057,CDW,2020-06-30,142600000
1402057,CDW,2020-09-30,142800000
1402057,CDW,2020-12-31,141900000
1402057,CDW,2021-03-31,140400000
1402057,CDW,2021-06-30,138300000
1402057,CDW,2021-09-30,136200000
1402057,CDW,2021-12-31,134800000
1402057,CDW,2022-03-31,135100000
1402057,CDW,2022-06-30,135200000
1402057,CDW,2022-09-30,135300000
1402057,CDW,2022-12-31,135500000
1402057,CDW,2023-03-31,135000000
1402057,CDW,2023-06-30,134000000
1402057,CDW,2023-09-30,134000000
1402057,CDW,2023-12-31,134100000
1402057,CDW,2024-03-31,134400000
1402057,CDW,2024-06-30,133600000
1402057,CDW,2024-09-30,133200000
1402057,CDW,2024-12-31,132600000
1402057,CDW,2025-03-31,131700000
1402057,CDW,2025-06-30,131100000
1402057,CDW,2025-09-30,130300000
1402057,CDW,2025-12-31,129400000
1402057,CDW,2026-03-31,128000000
1402057,CDW,2026-06-30,125300000
1868275,CEG,2022-03-31,327000000
1868275,CEG,2022-06-30,327000000
1868275,CEG,2022-09-30,327000000
1868275,CEG,2022-12-31,327000000
1868275,CEG,2023-03-31,324000000
1868275,CEG,2023-06-30,322000000
1868275,CEG,2023-09-30,319000000
1868275,CEG,2023-12-31,317000000
1868275,CEG,2024-03-31,315000000
1868275,CEG,2024-06-30,313000000
1868275,CEG,2024-09-30,313000000
1868275,CEG,2024-12-31,313000000
1868275,CEG,2025-03-31,313000000
1868275,CEG,2025-06-30,312000000
1868275,CEG,2025-09-30,312000000
1868275,CEG,2025-12-31,312000000
1868275,CEG,2026-03-31,362000000
1868275,CEG,2026-06-30,355000000
1324404,CF,2008-12-31,48391584
1324404,CF,2009-06-30,48456310
1324404,CF,2009-09-30,48558610
1324404,CF,2009-12-31,48569985
1324404,CF,2010-03-31,48584884
1324404,CF,2010-06-30,71080531
1324404,CF,2010-09-30,71120587
1324404,CF,2010-12-31,71267185
1324404,CF,2011-03-31,71412839
1324404,CF,2011-06-30,71699938
1324404,CF,2011-12-31,65419989
1324404,CF,2012-12-31,314753440
1324404,CF,2013-12-31,279240970
1324404,CF,2014-12-31,241673050
1324404,CF,2015-12-31,233081556
1324404,CF,2016-12-31,233114169
1324404,CF,2017-12-31,233287089
1324404,CF,2018-12-31,222818495
1324404,CF,2019-12-31,216023826
1324404,CF,2020-12-31,213954858
1324404,CF,2021-12-31,207575978
1324404,CF,2022-12-31,195604404
1324404,CF,2023-12-31,188188401
1324404,CF,2024-12-31,169882990
1324404,CF,2025-12-31,153552162
759944,CFG,2013-12-31,559998324
759944,CFG,2014-09-30,559998324
759944,CFG,2014-12-31,545884519
759944,CFG,2015-03-31,547490812
759944,CFG,2015-06-30,537149717
759944,CFG,2015-09-30,527636510
759944,CFG,2015-12-31,527774428
759944,CFG,2016-03-31,528933727
759944,CFG,2016-06-30,529094976
759944,CFG,2016-09-30,518148345
759944,CFG,2016-12-31,511954871
759944,CFG,2017-03-31,509515646
759944,CFG,2017-06-30,505880851
759944,CFG,2017-09-30,499505285
759944,CFG,2017-12-31,490812912
759944,CFG,2018-03-31,487551444
759944,CFG,2018-06-30,484055194
759944,CFG,2018-09-30,474120616
759944,CFG,2018-12-31,466007984
759944,CFG,2019-03-31,461116723
759944,CFG,2019-06-30,457903826
759944,CFG,2019-09-30,443913525
759944,CFG,2019-12-31,433121083
759944,CFG,2020-03-31,426586533
759944,CFG,2020-06-30,426824594
759944,CFG,2020-09-30,427073084
759944,CFG,2020-12-31,427209831
759944,CFG,2021-03-31,425930159
759944,CFG,2021-06-30,426083143
759944,CFG,2021-09-30,426199576
759944,CFG,2021-12-31,422137197
759944,CFG,2022-03-31,423031985
759944,CFG,2022-06-30,495650259
759944,CFG,2022-09-30,495843793
759944,CFG,2022-12-31,492282158
759944,CFG,2023-03-31,483982264
759944,CFG,2023-06-30,474682759
759944,CFG,2023-09-30,466221795
759944,CFG,2023-12-31,466418055
759944,CFG,2024-03-31,458485032
759944,CFG,2024-06-30,452961853
759944,CFG,2024-09-30,445216549
759944,CFG,2024-12-31,440543381
759944,CFG,2025-03-31,437668127
759944,CFG,2025-06-30,432768811
759944,CFG,2025-09-30,431453142
759944,CFG,2025-12-31,429242174
759944,CFG,2026-03-31,426023578
759944,CFG,2026-06-30,422677660
1043277,CHRW,2008-12-31,170437000
1043277,CHRW,2009-06-30,168538000
1043277,CHRW,2009-09-30,167922000
1043277,CHRW,2009-12-31,167098000
1043277,CHRW,2010-03-31,166146000
1043277,CHRW,2010-06-30,165988000
1043277,CHRW,2010-09-30,165977000
1043277,CHRW,2010-12-31,166048000
1043277,CHRW,2011-03-31,165750000
1043277,CHRW,2011-06-30,165620000
1043277,CHRW,2011-09-30,164297000
1043277,CHRW,2011-12-31,163441000
1043277,CHRW,2012-03-31,161327000
1043277,CHRW,2012-06-30,162170000
1043277,CHRW,2012-09-30,161212000
1043277,CHRW,2012-12-31,161327000
1043277,CHRW,2013-03-31,160565000
1043277,CHRW,2013-06-30,159737000
1043277,CHRW,2013-09-30,152507000
1043277,CHRW,2013-12-31,150197000
1043277,CHRW,2014-03-31,148515000
1043277,CHRW,2014-06-30,147725000
1043277,CHRW,2014-09-30,146641000
1043277,CHRW,2014-12-31,146458000
1043277,CHRW,2015-03-31,145833000
1043277,CHRW,2015-06-30,145135000
1043277,CHRW,2015-09-30,144108000
1043277,CHRW,2015-12-31,143455000
1043277,CHRW,2016-03-31,143031000
1043277,CHRW,2016-06-30,142833000
1043277,CHRW,2016-09-30,141898000
1043277,CHRW,2016-12-31,141258000
1043277,CHRW,2017-03-31,141164000
1043277,CHRW,2017-06-30,140679000
1043277,CHRW,2017-09-30,139871000
1043277,CHRW,2017-12-31,139542000
1043277,CHRW,2018-03-31,139353000
1043277,CHRW,2018-06-30,138744000
1043277,CHRW,2018-09-30,138000000
1043277,CHRW,2018-12-31,137284000
1043277,CHRW,2019-03-31,136889000
1043277,CHRW,2019-06-30,135731000
1043277,CHRW,2019-09-30,135152000
1043277,CHRW,2019-12-31,134895000
1043277,CHRW,2020-03-31,134586000
1043277,CHRW,2020-06-30,134724000
1043277,CHRW,2020-09-30,135900000
1043277,CHRW,2020-12-31,134298000
1043277,CHRW,2021-03-31,133243000
1043277,CHRW,2021-06-30,132135000
1043277,CHRW,2021-09-30,130376000
1043277,CHRW,2021-12-31,129186000
1043277,CHRW,2022-03-31,128011000
1043277,CHRW,2022-06-30,125116000
1043277,CHRW,2022-09-30,120594000
1043277,CHRW,2022-12-31,116323000
1043277,CHRW,2023-03-31,116437000
1043277,CHRW,2023-06-30,116335000
1043277,CHRW,2023-09-30,116465000
1043277,CHRW,2023-12-31,116768000
1043277,CHRW,2024-03-31,117000000
1043277,CHRW,2024-06-30,117262000
1043277,CHRW,2024-09-30,118083000
1043277,CHRW,2024-12-31,118664000
1043277,CHRW,2025-03-31,118958000
1043277,CHRW,2025-06-30,118317000
1043277,CHRW,2025-09-30,118421000
1043277,CHRW,2025-12-31,118429000
1043277,CHRW,2026-03-31,118157000
1043277,CHRW,2026-06-30,117113000
1739940,CI,2016-12-31,0
1739940,CI,2017-12-31,0
1739940,CI,2018-12-31,380924000
1739940,CI,2019-12-31,372531000
1739940,CI,2020-12-31,354771000
1739940,CI,2021-12-31,322948000
1739940,CI,2022-12-31,298676000
1739940,CI,2023-12-31,292504000
1739940,CI,2024-12-31,273789000
1739940,CI,2025-12-31,263464000
936395,CIEN,2009-10-31,92038360
936395,CIEN,2010-07-31,93567775
936395,CIEN,2010-10-31,94060300
936395,CIEN,2011-01-31,94935342
936395,CIEN,2011-04-30,95659218
936395,CIEN,2011-07-31,96883868
936395,CIEN,2011-10-31,97440436
936395,CIEN,2012-01-31,98650874
936395,CIEN,2012-04-30,99151981
936395,CIEN,2012-07-31,100192289
936395,CIEN,2012-10-31,100601792
936395,CIEN,2013-01-31,101518915
936395,CIEN,2013-04-30,102035119
936395,CIEN,2013-07-31,103121807
936395,CIEN,2013-10-31,103705709
936395,CIEN,2014-01-31,104973681
936395,CIEN,2014-04-30,105584958
936395,CIEN,2014-07-31,106566064
936395,CIEN,2014-10-31,106979960
936395,CIEN,2015-01-31,108246661
936395,CIEN,2015-04-30,117695169
936395,CIEN,2015-07-31,118725874
936395,CIEN,2015-10-31,135612217
936395,CIEN,2016-01-31,137436562
936395,CIEN,2016-04-30,138008639
936395,CIEN,2016-07-31,139253617
936395,CIEN,2016-10-31,139767627
936395,CIEN,2017-01-31,141262606
936395,CIEN,2017-04-30,141768448
936395,CIEN,2017-07-31,142672784
936395,CIEN,2017-10-31,143043227
936395,CIEN,2018-01-31,144180782
936395,CIEN,2018-04-30,143427976
936395,CIEN,2018-07-31,143050180
936395,CIEN,2018-10-31,154318531
936395,CIEN,2019-01-31,156336210
936395,CIEN,2019-04-30,155566701
936395,CIEN,2019-07-31,155113012
936395,CIEN,2019-10-31,154403850
936395,CIEN,2019-11-02,154403850
936395,CIEN,2020-01-31,153946833
936395,CIEN,2020-05-02,153641565
936395,CIEN,2020-08-01,154318197
936395,CIEN,2020-10-31,154563005
936395,CIEN,2021-01-30,155187945
936395,CIEN,2021-05-01,154962122
936395,CIEN,2021-07-31,155103315
936395,CIEN,2021-10-30,154858981
936395,CIEN,2022-01-29,152990723
936395,CIEN,2022-04-30,150865553
936395,CIEN,2022-07-30,148293357
936395,CIEN,2022-10-29,148412943
936395,CIEN,2023-01-28,149157588
936395,CIEN,2023-04-29,149498465
936395,CIEN,2023-07-29,148772513
936395,CIEN,2023-10-28,144829938
936395,CIEN,2024-01-27,144946510
936395,CIEN,2024-04-27,144199201
936395,CIEN,2024-07-27,144426873
936395,CIEN,2024-11-02,142656116
936395,CIEN,2025-02-01,142528510
936395,CIEN,2025-05-03,141686082
936395,CIEN,2025-08-02,141342527
936395,CIEN,2025-11-01,141016300
936395,CIEN,2026-01-31,141452656
936395,CIEN,2026-05-02,141597550
936395,CIEN,2026-08-01,141897511
20286,CINF,2011-12-31,196000000
20286,CINF,2012-06-30,197000000
20286,CINF,2012-09-30,197000000
20286,CINF,2012-12-31,197000000
20286,CINF,2013-03-31,197000000
20286,CINF,2013-06-30,198000000
20286,CINF,2013-09-30,198000000
20286,CINF,2013-12-31,198300000
20286,CINF,2014-03-31,198000000
20286,CINF,2014-06-30,198000000
20286,CINF,2014-09-30,198000000
20286,CINF,2014-12-31,198300000
20286,CINF,2015-03-31,198300000
20286,CINF,2015-06-30,198300000
20286,CINF,2015-09-30,198300000
20286,CINF,2015-12-31,198300000
20286,CINF,2016-03-31,198300000
20286,CINF,2016-06-30,198300000
20286,CINF,2016-09-30,198300000
20286,CINF,2016-12-31,198300000
20286,CINF,2017-03-31,198300000
20286,CINF,2017-06-30,198300000
20286,CINF,2017-09-30,198300000
20286,CINF,2017-12-31,198300000
20286,CINF,2018-03-31,198300000
20286,CINF,2018-06-30,198300000
20286,CINF,2018-09-30,198300000
20286,CINF,2018-12-31,198300000
20286,CINF,2019-03-31,198300000
20286,CINF,2019-06-30,198300000
20286,CINF,2019-09-30,198300000
20286,CINF,2019-12-31,198300000
20286,CINF,2020-03-31,198300000
21665,CL,2007-12-31,509034801
21665,CL,2008-12-31,501412580
21665,CL,2009-12-31,494165017
21665,CL,2010-12-31,989700934
21665,CL,2011-12-31,960036150
21665,CL,2012-12-31,935728676
21665,CL,2013-12-31,919946575
21665,CL,2014-12-31,906712145
21665,CL,2015-12-31,892738518
21665,CL,2016-12-31,883108963
21665,CL,2017-12-31,874701118
21665,CL,2018-12-31,862912792
21665,CL,2019-12-31,854701779
21665,CL,2020-12-31,849893601
21665,CL,2021-12-31,840480284
21665,CL,2022-12-31,830212606
21665,CL,2023-12-31,821412769
21665,CL,2024-12-31,812574698
21665,CL,2025-12-31,801239524
21076,CLX,2009-06-30,139157976
21076,CLX,2009-09-30,139808056
21076,CLX,2009-12-31,140239949
21076,CLX,2010-03-31,140841235
21076,CLX,2010-06-30,138764511
21076,CLX,2010-09-30,139443276
21076,CLX,2010-12-31,137610515
21076,CLX,2011-03-31,133334804
21076,CLX,2011-06-30,131066864
21076,CLX,2011-09-30,131904793
21076,CLX,2011-12-31,129694049
21076,CLX,2012-03-31,129946945
21076,CLX,2012-06-30,129562082
21076,CLX,2012-09-30,130318916
21076,CLX,2012-12-31,130862243
21076,CLX,2013-03-31,131559200
21076,CLX,2013-06-30,130366911
21076,CLX,2013-09-30,128996021
21076,CLX,2013-12-31,129857471
21076,CLX,2014-03-31,128497200
21076,CLX,2014-06-30,128796228
21076,CLX,2014-09-30,129367643
21076,CLX,2014-12-31,130968651
21076,CLX,2015-03-31,131013553
21076,CLX,2015-06-30,128614310
21076,CLX,2015-09-30,128787685
21076,CLX,2015-12-31,129357199
21076,CLX,2016-03-31,129296653
21076,CLX,2016-06-30,129355263
21076,CLX,2016-09-30,128707796
21076,CLX,2016-12-31,128177367
21076,CLX,2017-03-31,128780607
21076,CLX,2017-06-30,129014172
21076,CLX,2017-09-30,128923671
21076,CLX,2017-12-31,129348120
21076,CLX,2018-03-31,129489382
21076,CLX,2018-06-30,127982767
21076,CLX,2018-09-30,127605069
21076,CLX,2018-12-31,128090404
21076,CLX,2019-03-31,127888226
21076,CLX,2019-06-30,125686325
21076,CLX,2019-09-30,125495492
21076,CLX,2019-12-31,125024628
21076,CLX,2020-03-31,125923030
21076,CLX,2020-06-30,126198606
21076,CLX,2020-09-30,126037019
21076,CLX,2020-12-31,125724327
21076,CLX,2021-03-31,124359712
21076,CLX,2021-06-30,122780220
21076,CLX,2021-09-30,122856251
21076,CLX,2021-12-31,122964541
21076,CLX,2022-03-31,123071356
21076,CLX,2022-06-30,123152132
21076,CLX,2022-09-30,123355986
21076,CLX,2022-12-31,123478269
21076,CLX,2023-03-31,123611466
21076,CLX,2023-06-30,123820022
21076,CLX,2023-09-30,124001348
21076,CLX,2023-12-31,124080634
21076,CLX,2024-03-31,124186844
21076,CLX,2024-06-30,124201807
21076,CLX,2024-09-30,123673684
21076,CLX,2024-12-31,123150847
21076,CLX,2025-03-31,123251595
21076,CLX,2025-06-30,122694263
21076,CLX,2025-09-30,121775608
21076,CLX,2025-12-31,120890241
21076,CLX,2026-03-31,120920243
811156,CMS,2009-12-31,227900000
811156,CMS,2010-06-30,228300000
811156,CMS,2010-09-30,229600000
811156,CMS,2010-12-31,249600000
811156,CMS,2011-03-31,250800000
811156,CMS,2011-06-30,251800000
811156,CMS,2011-09-30,252000000
811156,CMS,2011-12-31,254100000
811156,CMS,2012-03-31,257400000
811156,CMS,2012-06-30,263700000
811156,CMS,2012-09-30,263900000
811156,CMS,2012-12-31,264100000
811156,CMS,2013-03-31,265700000
811156,CMS,2013-06-30,265900000
811156,CMS,2013-09-30,266000000
811156,CMS,2013-12-31,266100000
811156,CMS,2014-03-31,268400000
811156,CMS,2014-06-30,275000000
811156,CMS,2014-09-30,275100000
811156,CMS,2014-12-31,275200000
811156,CMS,2015-03-31,276000000
811156,CMS,2015-06-30,276700000
811156,CMS,2015-09-30,277100000
811156,CMS,2015-12-31,277200000
811156,CMS,2016-03-31,279200000
811156,CMS,2016-06-30,279300000
811156,CMS,2016-09-30,279100000
811156,CMS,2016-12-31,279200000
811156,CMS,2017-03-31,280000000
811156,CMS,2017-06-30,281600000
811156,CMS,2017-09-30,281600000
811156,CMS,2017-12-31,281600000
811156,CMS,2018-03-31,282500000
811156,CMS,2018-06-30,283200000
811156,CMS,2018-09-30,283300000
811156,CMS,2018-12-31,283400000
811156,CMS,2019-03-31,283700000
811156,CMS,2019-06-30,283800000
811156,CMS,2019-09-30,283800000
811156,CMS,2019-12-31,283900000
811156,CMS,2020-03-31,286200000
811156,CMS,2020-06-30,286300000
811156,CMS,2020-09-30,286300000
811156,CMS,2020-12-31,288900000
811156,CMS,2021-03-31,289500000
811156,CMS,2021-06-30,289700000
811156,CMS,2021-09-30,289700000
811156,CMS,2021-12-31,289800000
811156,CMS,2022-03-31,290100000
811156,CMS,2022-06-30,290200000
811156,CMS,2022-09-30,290300000
811156,CMS,2022-12-31,291300000
811156,CMS,2023-03-31,291700000
811156,CMS,2023-06-30,291700000
811156,CMS,2023-09-30,291800000
811156,CMS,2023-12-31,294400000
811156,CMS,2024-03-31,298600000
811156,CMS,2024-06-30,298700000
811156,CMS,2024-09-30,298800000
811156,CMS,2024-12-31,298800000
811156,CMS,2025-03-31,299100000
811156,CMS,2025-06-30,299300000
811156,CMS,2025-09-30,304300000
811156,CMS,2025-12-31,306400000
811156,CMS,2026-03-31,308900000
811156,CMS,2026-06-30,313600000
1071739,CNC,2009-12-31,43179373
1071739,CNC,2010-06-30,49210505
1071739,CNC,2010-09-30,49265875
1071739,CNC,2010-12-31,49616824
1071739,CNC,2011-03-31,49965357
1071739,CNC,2011-06-30,50295329
1071739,CNC,2011-09-30,50377774
1071739,CNC,2011-12-31,50864618
1071739,CNC,2012-03-31,51458501
1071739,CNC,2012-06-30,51557064
1071739,CNC,2012-09-30,51632704
1071739,CNC,2012-12-31,52329248
1071739,CNC,2013-03-31,52410000
1071739,CNC,2013-06-30,54627735
1071739,CNC,2013-09-30,54767551
1071739,CNC,2013-12-31,110638478
1071739,CNC,2014-03-31,57657040
1071739,CNC,2014-06-30,57837919
1071739,CNC,2014-09-30,58666797
1071739,CNC,2014-12-31,118433416
1071739,CNC,2015-03-31,118886912
1071739,CNC,2015-06-30,119087944
1071739,CNC,2015-09-30,119201560
1071739,CNC,2015-12-31,120342981
1071739,CNC,2016-03-31,170449444
1071739,CNC,2016-06-30,170653478
1071739,CNC,2016-09-30,170860752
1071739,CNC,2016-12-31,171919000
1071739,CNC,2017-03-31,172271202
1071739,CNC,2017-06-30,172467000
1071739,CNC,2017-09-30,172566000
1071739,CNC,2017-12-31,346874000
1071739,CNC,2018-03-31,176795000
1071739,CNC,2018-06-30,205247000
1071739,CNC,2018-09-30,205354000
1071739,CNC,2018-12-31,412478000
1071739,CNC,2019-03-31,413305000
1071739,CNC,2019-06-30,413527000
1071739,CNC,2019-09-30,413793000
1071739,CNC,2019-12-31,415048000
1071739,CNC,2020-03-31,579122000
1071739,CNC,2020-06-30,579345000
1071739,CNC,2020-09-30,579726000
1071739,CNC,2020-12-31,581479000
1071739,CNC,2021-03-31,582682000
1071739,CNC,2021-06-30,583002000
1071739,CNC,2021-09-30,583500000
1071739,CNC,2021-12-31,582479000
1071739,CNC,2022-03-31,584854000
1071739,CNC,2022-06-30,581124000
1071739,CNC,2022-09-30,570091000
1071739,CNC,2022-12-31,550754000
1071739,CNC,2023-03-31,551714000
1071739,CNC,2023-06-30,546003000
1071739,CNC,2023-09-30,534596000
1071739,CNC,2023-12-31,534484000
1071739,CNC,2024-03-31,536383000
1071739,CNC,2024-06-30,526001000
1071739,CNC,2024-09-30,510078000
1071739,CNC,2024-12-31,495907000
1071739,CNC,2025-03-31,497518000
1071739,CNC,2025-06-30,491128000
1071739,CNC,2025-09-30,491414000
1071739,CNC,2025-12-31,491757000
1071739,CNC,2026-03-31,493771000
1071739,CNC,2026-06-30,493987000
1130310,CNP,2009-12-31,391746779
1130310,CNP,2010-03-31,394186137
1130310,CNP,2010-06-30,421476056
1130310,CNP,2010-09-30,423119026
1130310,CNP,2010-12-31,424746177
1130310,CNP,2011-03-31,425377257
1130310,CNP,2011-06-30,425834139
1130310,CNP,2011-09-30,425919192
1130310,CNP,2011-12-31,426030345
1130310,CNP,2012-03-31,427294767
1130310,CNP,2012-06-30,427385879
1130310,CNP,2012-09-30,427441738
1130310,CNP,2012-12-31,427599564
1130310,CNP,2013-03-31,428523140
1130310,CNP,2013-06-30,428607467
1130310,CNP,2013-09-30,428640167
1130310,CNP,2013-12-31,428798446
1130310,CNP,2014-03-31,429748467
1130310,CNP,2014-06-30,429795830
1130310,CNP,2014-09-30,429795830
1130310,CNP,2014-12-31,429795830
1130310,CNP,2015-03-31,430206636
1130310,CNP,2015-06-30,430259857
1130310,CNP,2015-09-30,430262148
1130310,CNP,2015-12-31,430262703
1130310,CNP,2016-03-31,430614900
1130310,CNP,2016-06-30,430681491
1130310,CNP,2016-09-30,430681855
1130310,CNP,2016-12-31,430682504
1130310,CNP,2017-03-31,430958032
1130310,CNP,2017-06-30,431021192
1130310,CNP,2017-09-30,431030884
1130310,CNP,2017-12-31,431044845
1130310,CNP,2018-03-31,431471369
1130310,CNP,2018-06-30,431547782
1130310,CNP,2018-09-30,431555853
1130310,CNP,2018-12-31,501197784
1130310,CNP,2019-03-31,502168182
1130310,CNP,2019-06-30,502214639
1130310,CNP,2019-09-30,502235354
1130310,CNP,2019-12-31,502242061
1130310,CNP,2020-03-31,502647495
1130310,CNP,2020-06-30,544709048
1130310,CNP,2020-09-30,544819895
1130310,CNP,2020-12-31,551355861
1130310,CNP,2021-03-31,551865588
1130310,CNP,2021-06-30,592852490
1130310,CNP,2021-09-30,628849375
1130310,CNP,2021-12-31,628923534
1130310,CNP,2022-03-31,629432406
1130310,CNP,2022-06-30,629490422
1130310,CNP,2022-09-30,629532024
1130310,CNP,2022-12-31,629535631
1130310,CNP,2023-03-31,631018976
1130310,CNP,2023-06-30,631073571
1130310,CNP,2023-09-30,631209962
1130310,CNP,2023-12-31,631225829
1130310,CNP,2024-03-31,633166053
1130310,CNP,2024-06-30,641953090
1130310,CNP,2024-09-30,651721174
1130310,CNP,2024-12-31,651727276
1130310,CNP,2025-03-31,652726754
1130310,CNP,2025-06-30,652814271
1130310,CNP,2025-09-30,652865523
1130310,CNP,2025-12-31,652869575
1130310,CNP,2026-03-31,654163245
927628,COF,2011-12-31,459947217
927628,COF,2012-12-31,582207133
927628,COF,2013-03-31,583982235
927628,COF,2013-06-30,584862301
927628,COF,2013-09-30,581943560
927628,COF,2013-12-31,572675375
927628,COF,2014-03-31,553391311
927628,COF,2014-06-30,561849971
927628,COF,2014-09-30,558526922
927628,COF,2014-12-31,553391311
927628,COF,2015-03-31,548003155
927628,COF,2015-06-30,542460867
927628,COF,2015-09-30,534906040
927628,COF,2015-12-31,527259920
927628,COF,2016-03-31,514479243
927628,COF,2016-06-30,505924989
927628,COF,2016-09-30,489220122
927628,COF,2016-12-31,480218547
927628,COF,2017-03-31,482765459
927628,COF,2017-06-30,483692646
927628,COF,2017-09-30,484419510
927628,COF,2017-12-31,485525340
927628,COF,2018-03-31,485879230
927628,COF,2018-06-30,478425026
927628,COF,2018-09-30,473656501
927628,COF,2018-12-31,467717306
927628,COF,2019-03-31,469596514
927628,COF,2019-06-30,470333041
927628,COF,2019-09-30,465720986
927628,COF,2019-12-31,456562399
927628,COF,2020-03-31,455310083
927628,COF,2020-06-30,456335486
927628,COF,2020-09-30,457397091
927628,COF,2020-12-31,458972202
927628,COF,2021-03-31,456800844
927628,COF,2021-06-30,446113769
927628,COF,2021-09-30,430375948
927628,COF,2021-12-31,413858537
927628,COF,2022-03-31,398987722
927628,COF,2022-06-30,383817721
927628,COF,2022-09-30,381976333
927628,COF,2022-12-31,381318702
927628,COF,2023-03-31,382030281
927628,COF,2023-06-30,381441449
927628,COF,2023-09-30,380991150
927628,COF,2023-12-31,380389609
927628,COF,2024-03-31,382063343
927628,COF,2024-06-30,381856146
927628,COF,2024-09-30,381510336
927628,COF,2024-12-31,381230343
927628,COF,2025-03-31,382959187
927628,COF,2025-06-30,639517306
927628,COF,2025-09-30,635733605
927628,COF,2025-12-31,625102271
927628,COF,2026-03-31,615856605
927628,COF,2026-06-30,613484836
1679788,COIN,2024-12-31,253640000
1679788,COIN,2025-09-30,268736000
1679788,COIN,2025-12-31,267836000
1679788,COIN,2026-03-31,263411000
1679788,COIN,2026-06-30,263782000
711404,COO,2020-10-31,49100000
711404,COO,2021-01-31,49100000
711404,COO,2021-04-30,49200000
711404,COO,2021-07-31,49200000
711404,COO,2021-10-31,49300000
711404,COO,2022-01-31,49200000
711404,COO,2022-04-30,49300000
711404,COO,2022-07-31,49300000
711404,COO,2022-10-31,49300000
711404,COO,2023-01-31,49400000
711404,COO,2023-04-30,49500000
711404,COO,2023-07-31,49500000
711404,COO,2023-10-31,198100000
711404,COO,2024-01-31,198700000
711404,COO,2024-04-30,199100000
711404,COO,2024-07-31,199100000
711404,COO,2024-10-31,199600000
711404,COO,2025-01-31,199900000
711404,COO,2025-04-30,199500000
711404,COO,2025-07-31,198800000
711404,COO,2025-10-31,195900000
711404,COO,2026-01-31,195100000
711404,COO,2026-04-30,194900000
711404,COO,2026-07-31,190100000
1140859,COR,2008-09-30,312430920
1140859,COR,2009-06-30,297068151
1140859,COR,2009-09-30,287922263
1140859,COR,2009-12-31,283825325
1140859,COR,2010-03-31,281578939
1140859,COR,2010-06-30,281182658
1140859,COR,2010-09-30,277521183
1140859,COR,2010-12-31,273702931
1140859,COR,2011-03-31,273621991
1140859,COR,2011-06-30,272049949
1140859,COR,2011-09-30,260991439
1140859,COR,2011-12-31,258393461
1140859,COR,2012-03-31,255423425
1140859,COR,2012-06-30,251196264
1140859,COR,2012-09-30,235394281
1140859,COR,2012-12-31,229920121
1140859,COR,2013-03-31,230886422
1140859,COR,2013-06-30,230795299
1140859,COR,2013-09-30,229994216
1140859,COR,2013-12-31,230492510
1140859,COR,2014-03-31,227519892
1140859,COR,2014-06-30,224286950
1140859,COR,2014-09-30,221908650
1140859,COR,2014-12-31,219340882
1140859,COR,2015-03-31,221110118
1140859,COR,2015-06-30,216517538
1140859,COR,2015-09-30,206891873
1140859,COR,2015-12-31,206315699
1140859,COR,2016-03-31,224001276
1140859,COR,2016-06-30,214646806
1140859,COR,2016-09-30,220050502
1140859,COR,2016-12-31,216984809
1140859,COR,2017-03-31,218314621
1140859,COR,2017-06-30,219035799
1140859,COR,2017-09-30,217993598
1140859,COR,2017-12-31,218500798
1140859,COR,2018-03-31,219743905
1140859,COR,2018-06-30,216895892
1140859,COR,2018-09-30,213217882
1140859,COR,2018-12-31,211025394
1140859,COR,2019-03-31,210167489
1140859,COR,2019-06-30,208379917
1140859,COR,2019-09-30,206760654
1140859,COR,2019-12-31,205778204
1140859,COR,2020-03-31,203351729
1140859,COR,2020-06-30,203961405
1140859,COR,2020-09-30,204226465
1140859,COR,2020-12-31,204692947
1140859,COR,2021-03-31,205326154
1140859,COR,2021-06-30,207710721
1140859,COR,2021-09-30,208089298
1140859,COR,2021-12-31,209041341
1140859,COR,2022-03-31,209402090
1140859,COR,2022-06-30,207860757
1140859,COR,2022-09-30,206203817
1140859,COR,2022-12-31,202225546
1140859,COR,2023-03-31,202410686
1140859,COR,2023-06-30,202109227
1140859,COR,2023-09-30,200814804
1140859,COR,2023-12-31,199461864
1140859,COR,2024-03-31,199388633
1140859,COR,2024-06-30,197008633
1140859,COR,2024-09-30,194943968
1140859,COR,2024-12-31,193849411
1140859,COR,2025-03-31,193783768
1140859,COR,2025-06-30,193860959
1140859,COR,2025-09-30,193937673
1140859,COR,2025-12-31,194521885
1140859,COR,2026-03-31,194560641
1140859,COR,2026-06-30,190826409
909832,COST,2009-08-30,435974000
909832,COST,2009-11-22,439325000
909832,COST,2010-02-14,440379000
909832,COST,2010-05-09,435974000
909832,COST,2010-08-29,433510000
909832,COST,2010-11-21,436337000
909832,COST,2011-02-13,437164000
909832,COST,2011-05-08,437735000
909832,COST,2011-08-28,434266000
909832,COST,2011-11-20,435254000
909832,COST,2012-02-12,433875000
909832,COST,2012-05-06,433243000
909832,COST,2012-09-02,432350000
909832,COST,2012-11-25,434824000
909832,COST,2013-02-17,436336000
909832,COST,2013-05-12,436682983
909832,COST,2013-09-01,436839000
909832,COST,2013-11-24,439722000
909832,COST,2014-02-16,439888000
909832,COST,2014-05-11,438582000
909832,COST,2014-08-31,437683000
909832,COST,2014-11-23,440499000
909832,COST,2015-02-15,440178000
909832,COST,2015-05-10,439749000
909832,COST,2015-08-30,437952000
909832,COST,2015-11-22,439777000
909832,COST,2016-02-14,439256000
909832,COST,2016-05-08,438368000
909832,COST,2016-08-28,437524000
909832,COST,2016-11-20,439343000
909832,COST,2017-02-12,438941000
909832,COST,2017-05-07,438679000
909832,COST,2017-09-03,437204000
909832,COST,2017-11-26,439185000
909832,COST,2018-02-18,438883000
909832,COST,2018-05-13,438602000
909832,COST,2018-09-02,438189000
909832,COST,2019-09-01,439625000
909832,COST,2020-02-16,441622000
909832,COST,2020-05-10,441523000
909832,COST,2020-08-30,441255000
909832,COST,2020-11-22,442955000
909832,COST,2021-02-14,442654000
909832,COST,2021-05-09,442141000
909832,COST,2021-08-29,441825000
909832,COST,2021-11-21,443434000
909832,COST,2022-02-13,443279000
909832,COST,2022-05-08,443029000
909832,COST,2022-08-28,442664000
909832,COST,2022-11-20,443841000
909832,COST,2023-02-12,443550000
909832,COST,2023-05-07,443222000
909832,COST,2023-09-03,442793000
909832,COST,2023-11-26,443787000
909832,COST,2024-02-18,443549000
909832,COST,2024-05-12,443374000
909832,COST,2024-09-01,443126000
909832,COST,2024-11-24,443942000
909832,COST,2025-02-16,443730000
909832,COST,2025-05-11,443519000
909832,COST,2025-08-31,443237000
909832,COST,2025-11-23,443919000
909832,COST,2026-02-15,443692000
909832,COST,2026-05-10,443514000
1175454,CPAY,2010-12-31,79655213
1175454,CPAY,2011-06-30,80250881
1175454,CPAY,2011-09-30,81240711
1175454,CPAY,2011-12-31,81860213
1175454,CPAY,2012-03-31,82920231
1175454,CPAY,2012-06-30,83508817000
1175454,CPAY,2012-09-30,84384736
1175454,CPAY,2012-12-31,81037832
1175454,CPAY,2013-03-31,81346505
1175454,CPAY,2013-06-30,81709804
1175454,CPAY,2013-09-30,82164447
1175454,CPAY,2013-12-31,82471770
1175454,CPAY,2014-03-31,82936578
1175454,CPAY,2014-06-30,83050599
1175454,CPAY,2014-09-30,83810345
1175454,CPAY,2014-12-31,91662043
1175454,CPAY,2015-03-31,91791859
1175454,CPAY,2015-06-30,91947247
1175454,CPAY,2015-09-30,92161210
1175454,CPAY,2015-12-31,92376335
1175454,CPAY,2016-03-31,92551029
1175454,CPAY,2016-06-30,92556276
1175454,CPAY,2016-09-30,92765739
1175454,CPAY,2016-12-31,91836938
1175454,CPAY,2017-03-31,92257881
1175454,CPAY,2017-06-30,91878784
1175454,CPAY,2017-09-30,89558913
1175454,CPAY,2017-12-31,89803982
1175454,CPAY,2018-03-31,89637705
1175454,CPAY,2018-06-30,88376611
1175454,CPAY,2018-09-30,88648486
1175454,CPAY,2018-12-31,85845344
1175454,CPAY,2019-03-31,86189402
1175454,CPAY,2019-06-30,86535000
1175454,CPAY,2019-09-30,86770906
1175454,CPAY,2019-12-31,85342156
1175454,CPAY,2020-03-31,83770697
1175454,CPAY,2020-06-30,84049888
1175454,CPAY,2020-09-30,83396765
1175454,CPAY,2020-12-31,83666163
1175454,CPAY,2021-03-31,83336476
1175454,CPAY,2021-06-30,82595087
1175454,CPAY,2021-09-30,81197846
1175454,CPAY,2021-12-31,78879551
1175454,CPAY,2022-03-31,77339047
1175454,CPAY,2022-06-30,75934303
1175454,CPAY,2022-09-30,73727244
1175454,CPAY,2022-12-31,73356709
1175454,CPAY,2023-03-31,73819827
1175454,CPAY,2023-06-30,73950978
1175454,CPAY,2023-09-30,72203006
1175454,CPAY,2023-12-31,71715804
1175454,CPAY,2024-03-31,71463894
1175454,CPAY,2024-06-30,69408935
1175454,CPAY,2024-09-30,69676923
1175454,CPAY,2024-12-31,70170016
1175454,CPAY,2025-03-31,70471590
1175454,CPAY,2025-06-30,70610228
1175454,CPAY,2025-09-30,70042461
1175454,CPAY,2025-12-31,68362289
1175454,CPAY,2026-03-31,66133765
1175454,CPAY,2026-06-30,65655113
900075,CPRT,2010-07-31,84363000
900075,CPRT,2010-10-31,82186000
900075,CPRT,2011-01-31,70199000
900075,CPRT,2011-04-30,68944000
900075,CPRT,2011-07-31,132011034
900075,CPRT,2011-10-31,65054811
900075,CPRT,2012-01-31,63262727
900075,CPRT,2012-04-30,126873580
900075,CPRT,2012-07-31,124393700
900075,CPRT,2012-10-31,124297683
900075,CPRT,2013-01-31,125284122
900075,CPRT,2013-04-30,125436992
900075,CPRT,2013-07-31,125494995
900075,CPRT,2013-10-31,125547268
900075,CPRT,2014-01-31,125860010
900075,CPRT,2014-04-30,125904003
900075,CPRT,2014-07-31,126143366
900075,CPRT,2014-10-31,126335253
900075,CPRT,2015-01-31,126426736
900075,CPRT,2015-04-30,126521598
900075,CPRT,2015-07-31,120156340
900075,CPRT,2015-10-31,120230510
900075,CPRT,2016-01-31,111999458
900075,CPRT,2016-04-30,109221634
900075,CPRT,2016-07-31,220244120
900075,CPRT,2016-10-31,114511998
900075,CPRT,2017-01-31,114760739
900075,CPRT,2017-04-30,230331255
900075,CPRT,2017-07-31,230488296
900075,CPRT,2017-10-31,231218619
900075,CPRT,2018-01-31,231827612
900075,CPRT,2018-04-30,232255380
900075,CPRT,2018-07-31,233898841
900075,CPRT,2018-10-31,234008162
900075,CPRT,2019-01-31,226700670
900075,CPRT,2019-04-30,228813647
900075,CPRT,2019-07-31,229790268
900075,CPRT,2019-10-31,232433578
900075,CPRT,2020-01-31,233636685
900075,CPRT,2020-04-30,234701014
900075,CPRT,2020-07-31,235315337
900075,CPRT,2020-10-31,236118007
900075,CPRT,2021-01-31,236307042
900075,CPRT,2021-04-30,236568394
900075,CPRT,2021-07-31,237014273
900075,CPRT,2021-10-31,237181350
900075,CPRT,2022-01-31,237474492
900075,CPRT,2022-04-30,237613616
900075,CPRT,2022-07-31,952163896
900075,CPRT,2022-10-31,476195814
900075,CPRT,2023-01-31,476564148
900075,CPRT,2023-04-30,477130025
900075,CPRT,2023-07-31,957344162
900075,CPRT,2023-10-31,960208274
900075,CPRT,2024-01-31,961311496
900075,CPRT,2024-04-30,962268657
900075,CPRT,2024-07-31,962967011
900075,CPRT,2024-10-31,963524402
900075,CPRT,2025-01-31,966053166
900075,CPRT,2025-04-30,966812661
900075,CPRT,2025-07-31,967478690
900075,CPRT,2025-10-31,967904634
900075,CPRT,2026-01-31,963290932
900075,CPRT,2026-04-30,925811482
906345,CPT,2011-06-30,70700000
906345,CPT,2011-09-30,71400000
906345,CPT,2011-12-31,72000000
906345,CPT,2012-12-31,84400000
906345,CPT,2013-12-31,85300000
906345,CPT,2014-03-31,85600000
906345,CPT,2014-06-30,85600000
906345,CPT,2014-09-30,86400000
906345,CPT,2014-12-31,86600000
906345,CPT,2015-03-31,86800000
906345,CPT,2015-06-30,86900000
906345,CPT,2015-09-30,86900000
906345,CPT,2015-12-31,86900000
906345,CPT,2016-03-31,87000000
906345,CPT,2016-06-30,87400000
906345,CPT,2016-09-30,87500000
906345,CPT,2016-12-31,87500000
906345,CPT,2017-03-31,87600000
906345,CPT,2017-06-30,87700000
906345,CPT,2017-09-30,92700000
906345,CPT,2017-12-31,92700000
906345,CPT,2018-03-31,92800000
906345,CPT,2018-06-30,92800000
906345,CPT,2018-09-30,93100000
906345,CPT,2018-12-31,93200000
906345,CPT,2019-03-31,96700000
906345,CPT,2019-06-30,96800000
906345,CPT,2019-09-30,96800000
906345,CPT,2019-12-31,97200000
906345,CPT,2020-03-31,97400000
906345,CPT,2020-06-30,97400000
906345,CPT,2020-09-30,97400000
906345,CPT,2020-12-31,97400000
906345,CPT,2021-03-31,97700000
906345,CPT,2021-06-30,100600000
906345,CPT,2021-09-30,102200000
906345,CPT,2021-12-31,103300000
906345,CPT,2022-03-31,103600000
906345,CPT,2022-06-30,106500000
906345,CPT,2022-09-30,106500000
906345,CPT,2022-12-31,106500000
906345,CPT,2023-03-31,106800000
906345,CPT,2023-06-30,106800000
906345,CPT,2023-09-30,106800000
906345,CPT,2023-12-31,106800000
906345,CPT,2024-03-31,106600000
906345,CPT,2024-06-30,106600000
906345,CPT,2024-09-30,106700000
906345,CPT,2024-12-31,106700000
906345,CPT,2025-03-31,106800000
906345,CPT,2025-06-30,106900000
906345,CPT,2025-09-30,106400000
906345,CPT,2025-12-31,104300000
906345,CPT,2026-03-31,101900000
906345,CPT,2026-06-30,100500000
849395,CRH,2022-12-31,752140338
849395,CRH,2023-03-31,752140338
849395,CRH,2023-06-30,752140338
849395,CRH,2023-09-30,750725468
849395,CRH,2023-12-31,734519598
849395,CRH,2024-03-31,729477337
849395,CRH,2024-06-30,725113896
849395,CRH,2024-09-30,721319880
849395,CRH,2024-12-31,718647277
849395,CRH,2025-03-31,715487343
849395,CRH,2025-06-30,673202797
849395,CRH,2025-09-30,709054314
849395,CRH,2025-12-31,668630350
849395,CRH,2026-03-31,704021684
849395,CRH,2026-06-30,665895636
1100682,CRL,2009-12-26,65877218
1100682,CRL,2010-06-26,66259329
1100682,CRL,2010-09-25,57712482
1100682,CRL,2010-12-25,56441081
1100682,CRL,2011-03-26,51602261
1100682,CRL,2011-06-25,51448460
1100682,CRL,2011-09-24,49723708
1100682,CRL,2011-12-31,48875715
1100682,CRL,2012-03-31,49002831
1100682,CRL,2012-12-29,48875715000
1100682,CRL,2013-06-29,49040927000
1100682,CRL,2013-09-28,48254381000
1100682,CRL,2013-12-28,47554000
1100682,CRL,2014-03-29,48360000
1100682,CRL,2014-04-18,48367013
1100682,CRL,2014-06-28,46899188
1100682,CRL,2014-09-27,46766227
1100682,CRL,2014-12-27,47327000
1100682,CRL,2015-03-28,47355000
1100682,CRL,2015-06-27,46850000
1100682,CRL,2015-09-26,46623000
1100682,CRL,2015-12-26,46698000
1100682,CRL,2016-03-26,47114000
1100682,CRL,2016-06-25,47282000
1100682,CRL,2016-09-24,47324000
1100682,CRL,2016-12-31,47363000
1100682,CRL,2017-04-01,47635000
1100682,CRL,2017-07-01,47586000
1100682,CRL,2017-09-30,47324000
1100682,CRL,2017-12-30,47402000
1100682,CRL,2018-03-31,47905000
1100682,CRL,2018-06-30,48001000
1100682,CRL,2018-09-29,48094000
1100682,CRL,2018-12-29,48209000
1100682,CRL,2019-03-30,48747000
1100682,CRL,2019-06-29,48799000
1100682,CRL,2019-09-28,48837000
1100682,CRL,2019-12-28,48936000
1100682,CRL,2020-03-28,49486000
1100682,CRL,2020-06-27,49659000
1100682,CRL,2020-09-26,49736000
1100682,CRL,2020-12-26,49767000
1100682,CRL,2021-03-27,50216000
1100682,CRL,2021-06-26,50391000
1100682,CRL,2021-09-25,50460000
1100682,CRL,2021-12-25,50480000
1100682,CRL,2022-03-26,50800000
1100682,CRL,2022-06-25,50861000
1100682,CRL,2022-09-24,50877000
1100682,CRL,2022-12-31,50944000
1100682,CRL,2023-04-01,51182000
1100682,CRL,2023-07-01,51266000
1100682,CRL,2023-09-30,51296000
1100682,CRL,2023-12-30,51338000
1100682,CRL,2024-03-30,51510000
1100682,CRL,2024-06-29,51613000
1100682,CRL,2024-09-28,51134000
1100682,CRL,2024-12-28,51141000
1100682,CRL,2025-03-29,49115000
1100682,CRL,2025-06-28,49209000
1100682,CRL,2025-09-27,49215000
1100682,CRL,2025-12-27,49217000
1100682,CRL,2026-03-28,48167000
1100682,CRL,2026-06-27,47728000
1108524,CRM,2009-01-31,122850062
1108524,CRM,2010-01-31,127152449
1108524,CRM,2011-01-31,132921147
1108524,CRM,2012-01-31,137036541
1108524,CRM,2013-01-31,585627000
1108524,CRM,2014-01-31,610143000
1108524,CRM,2015-01-31,650596000
1108524,CRM,2016-01-31,670929000
1108524,CRM,2017-01-31,707460000
1108524,CRM,2018-01-31,730000000
1108524,CRM,2019-01-31,770000000
1108524,CRM,2020-01-31,893000000
1108524,CRM,2021-01-31,919000000
1108524,CRM,2022-01-31,989000000
1108524,CRM,2023-01-31,981000000
1108524,CRM,2024-01-31,971000000
1108524,CRM,2025-01-31,962000000
1108524,CRM,2026-01-31,929000000
1535527,CRWD,2019-01-31,47421000
1535527,CRWD,2019-04-30,48127000
1535527,CRWD,2019-07-31,0
1535527,CRWD,2019-10-31,0
1535527,CRWD,2020-01-31,0
858877,CSCO,2009-07-25,5785000000
858877,CSCO,2009-10-24,5751000000
858877,CSCO,2010-01-23,5734000000
858877,CSCO,2010-05-01,5722000000
858877,CSCO,2010-07-31,5655000000
858877,CSCO,2010-10-30,5577000000
858877,CSCO,2011-01-29,5533000000
858877,CSCO,2011-04-30,5501000000
858877,CSCO,2011-07-30,5435000000
858877,CSCO,2011-10-29,5371000000
858877,CSCO,2012-01-28,5378000000
858877,CSCO,2012-04-28,5383000000
858877,CSCO,2012-07-28,5298000000
858877,CSCO,2012-10-27,5311000000
858877,CSCO,2013-01-26,5323000000
858877,CSCO,2013-04-27,5315000000
858877,CSCO,2013-07-27,5389000000
858877,CSCO,2013-10-26,5351000000
858877,CSCO,2014-01-25,5191000000
858877,CSCO,2014-04-26,5116000000
858877,CSCO,2014-07-26,5107000000
858877,CSCO,2014-10-25,5109000000
858877,CSCO,2015-01-24,5107000000
858877,CSCO,2015-04-25,5093000000
858877,CSCO,2015-07-25,5085000000
858877,CSCO,2015-10-24,5082000000
858877,CSCO,2016-01-23,5052000000
858877,CSCO,2016-04-30,5034000000
858877,CSCO,2016-07-30,5029000000
858877,CSCO,2016-10-29,5024000000
858877,CSCO,2017-01-28,5007000000
858877,CSCO,2017-04-29,4998000000
858877,CSCO,2017-07-29,4983000000
858877,CSCO,2017-10-28,4951000000
858877,CSCO,2018-01-27,4868000000
858877,CSCO,2018-04-28,4734000000
858877,CSCO,2018-07-28,4614000000
858877,CSCO,2018-10-27,4517000000
858877,CSCO,2019-01-26,4424000000
858877,CSCO,2019-04-27,4313000000
858877,CSCO,2019-07-27,4250000000
858877,CSCO,2019-10-26,4241000000
858877,CSCO,2020-01-25,4241000000
858877,CSCO,2020-04-25,4220000000
858877,CSCO,2020-07-25,4237000000
858877,CSCO,2020-10-24,4222000000
858877,CSCO,2021-01-23,4221000000
858877,CSCO,2021-05-01,4215000000
858877,CSCO,2021-07-31,4217000000
858877,CSCO,2021-10-30,4217000000
858877,CSCO,2022-01-29,4151000000
858877,CSCO,2022-04-30,4149000000
858877,CSCO,2022-07-30,4110000000
858877,CSCO,2022-10-29,4103000000
858877,CSCO,2023-01-28,4095000000
858877,CSCO,2023-04-29,4075000000
858877,CSCO,2023-07-29,4066000000
858877,CSCO,2023-10-28,4049000000
858877,CSCO,2024-01-27,4050000000
858877,CSCO,2024-04-27,4031000000
858877,CSCO,2024-07-27,4007000000
858877,CSCO,2024-10-26,3974000000
858877,CSCO,2025-01-25,3977000000
858877,CSCO,2025-04-26,3960000000
858877,CSCO,2025-07-26,3960000000
858877,CSCO,2025-10-25,3938000000
858877,CSCO,2026-01-24,3949000000
858877,CSCO,2026-04-25,3940000000
858877,CSCO,2026-07-25,3946000000
1057352,CSGP,2010-12-31,20773000
1057352,CSGP,2011-12-31,25426000
1057352,CSGP,2012-12-31,28348000
1057352,CSGP,2013-12-31,28848000
1057352,CSGP,2014-12-31,32318000
1057352,CSGP,2015-12-31,32509000
1057352,CSGP,2016-12-31,32509000
1057352,CSGP,2017-12-31,36107000
1057352,CSGP,2018-12-31,36446000
1057352,CSGP,2019-12-31,36668000
1057352,CSGP,2020-12-31,394285000
1057352,CSGP,2021-12-31,394936000
1057352,CSGP,2022-12-31,406700000
1057352,CSGP,2023-12-31,408100000
1057352,CSGP,2024-12-31,409500000
1057352,CSGP,2025-12-31,417900000
277948,CSX,2007-12-28,407864000
277948,CSX,2008-12-26,390526000
277948,CSX,2009-12-25,393460000
277948,CSX,2010-12-31,370342000
277948,CSX,2020-12-31,763000000
277948,CSX,2021-12-31,2202000000
277948,CSX,2022-12-31,2066000000
277948,CSX,2023-12-31,1958000000
277948,CSX,2024-12-31,1900000000
277948,CSX,2025-12-31,1860000000
723254,CTAS,2010-05-31,152869848
723254,CTAS,2010-08-31,148009335
723254,CTAS,2010-11-30,145301073
723254,CTAS,2011-02-28,145301823
723254,CTAS,2011-05-31,137583884
723254,CTAS,2011-08-31,129722089
723254,CTAS,2011-11-30,129732048
723254,CTAS,2012-02-29,129742251
723254,CTAS,2012-05-31,126519758
723254,CTAS,2012-08-31,125117508
723254,CTAS,2012-11-30,123228777
723254,CTAS,2013-02-28,122723896
723254,CTAS,2013-05-31,122281507
723254,CTAS,2013-08-31,120778629
723254,CTAS,2013-11-30,119817004
723254,CTAS,2014-02-28,120053074
723254,CTAS,2014-05-31,117037784
723254,CTAS,2014-08-31,116991574
723254,CTAS,2014-11-30,117283038
723254,CTAS,2015-02-28,114344969
723254,CTAS,2015-05-31,111702949
723254,CTAS,2015-08-31,110021667
723254,CTAS,2015-11-30,108103084
723254,CTAS,2016-02-29,107064235
723254,CTAS,2016-05-31,105400629
723254,CTAS,2016-08-31,104905807
723254,CTAS,2016-11-30,105009742
723254,CTAS,2017-02-28,105191298
723254,CTAS,2017-05-31,105400629
723254,CTAS,2017-08-31,106179574
723254,CTAS,2017-11-30,106470073
723254,CTAS,2018-02-28,106681417
723254,CTAS,2018-05-31,106326383
723254,CTAS,2018-08-31,106969908
723254,CTAS,2018-11-30,105123513
723254,CTAS,2019-02-28,104932029
723254,CTAS,2019-05-31,103284401
723254,CTAS,2019-08-31,103364545
723254,CTAS,2019-11-30,103702675
723254,CTAS,2020-02-29,104026576
723254,CTAS,2020-05-31,103415368
723254,CTAS,2020-08-31,104548040
723254,CTAS,2020-11-30,104985732
723254,CTAS,2021-02-28,105039174
723254,CTAS,2021-05-31,104061391
723254,CTAS,2021-08-31,103329218
723254,CTAS,2021-11-30,103664439
723254,CTAS,2022-02-28,102415971
723254,CTAS,2022-05-31,101711215
723254,CTAS,2022-08-31,101532642
723254,CTAS,2022-11-30,101601032
723254,CTAS,2023-02-28,101672333
723254,CTAS,2023-05-31,101732148
723254,CTAS,2023-08-31,101927462
723254,CTAS,2023-11-30,101347603
723254,CTAS,2024-02-29,101444090
723254,CTAS,2024-05-31,405008000
723254,CTAS,2024-08-31,403258000
723254,CTAS,2024-11-30,403496000
723254,CTAS,2025-02-28,403669000
723254,CTAS,2025-05-31,402948000
723254,CTAS,2025-08-31,402950000
723254,CTAS,2025-11-30,399855000
723254,CTAS,2026-02-28,400015000
723254,CTAS,2026-05-31,400147000
1058290,CTSH,2008-12-31,291670000
1058290,CTSH,2009-06-30,293169000
1058290,CTSH,2009-09-30,294650000
1058290,CTSH,2009-12-31,297231000
1058290,CTSH,2010-03-31,299380000
1058290,CTSH,2010-06-30,300802000
1058290,CTSH,2010-09-30,297231000
1058290,CTSH,2010-12-31,303941000
1058290,CTSH,2011-03-31,304210000
1058290,CTSH,2011-06-30,303608000
1058290,CTSH,2011-09-30,302084000
1058290,CTSH,2011-12-31,303106000
1058290,CTSH,2012-03-31,304423000
1058290,CTSH,2012-06-30,299252000
1058290,CTSH,2012-09-30,299940000
1058290,CTSH,2012-12-31,301680000
1058290,CTSH,2013-03-31,302485000
1058290,CTSH,2013-06-30,301322000
1058290,CTSH,2013-09-30,302369000
1058290,CTSH,2013-12-31,607729000
1058290,CTSH,2014-03-31,608445000
1058290,CTSH,2014-06-30,607850000
1058290,CTSH,2014-09-30,608911000
1058290,CTSH,2014-12-31,609400000
1058290,CTSH,2015-03-31,610500000
1058290,CTSH,2015-06-30,609500000
1058290,CTSH,2015-09-30,608000000
1058290,CTSH,2015-12-31,609000000
1058290,CTSH,2016-03-31,606200000
1058290,CTSH,2016-06-30,607300000
1058290,CTSH,2016-09-30,606600000
1058290,CTSH,2016-12-31,608000000
1058290,CTSH,2017-03-31,607000000
1058290,CTSH,2017-06-30,590000000
1058290,CTSH,2017-09-30,590000000
1058290,CTSH,2017-12-31,588000000
1058290,CTSH,2018-03-31,586000000
1058290,CTSH,2018-06-30,580000000
1058290,CTSH,2018-09-30,580000000
1058290,CTSH,2018-12-31,577000000
1058290,CTSH,2019-03-31,569000000
1058290,CTSH,2019-06-30,552000000
1058290,CTSH,2019-09-30,550000000
1058290,CTSH,2019-12-31,548000000
1058290,CTSH,2020-03-31,541000000
1058290,CTSH,2020-06-30,542000000
1058290,CTSH,2020-09-30,539000000
1058290,CTSH,2020-12-31,530000000
1058290,CTSH,2021-03-31,528000000
1058290,CTSH,2021-06-30,525000000
1058290,CTSH,2021-09-30,525000000
1058290,CTSH,2021-12-31,525000000
1058290,CTSH,2022-03-31,521000000
1058290,CTSH,2022-06-30,518000000
1058290,CTSH,2022-09-30,514000000
1058290,CTSH,2022-12-31,509000000
1058290,CTSH,2023-03-31,507000000
1058290,CTSH,2023-06-30,505000000
1058290,CTSH,2023-09-30,501000000
1058290,CTSH,2023-12-31,498000000
1058290,CTSH,2024-03-31,497000000
1058290,CTSH,2024-06-30,497000000
1058290,CTSH,2024-09-30,496000000
1058290,CTSH,2024-12-31,495000000
1058290,CTSH,2025-03-31,493000000
1058290,CTSH,2025-06-30,489000000
1058290,CTSH,2025-09-30,483000000
1058290,CTSH,2025-12-31,479000000
1058290,CTSH,2026-03-31,474000000
1755672,CTVA,2019-06-01,748815000
1755672,CTVA,2019-06-30,748815000
1755672,CTVA,2019-09-30,748390000
1755672,CTVA,2019-12-31,748577000
1755672,CTVA,2020-03-31,748369000
1755672,CTVA,2020-06-30,748485000
1755672,CTVA,2020-09-30,747492000
1755672,CTVA,2020-12-31,743458000
1755672,CTVA,2021-03-31,747492000
1755672,CTVA,2021-06-30,734421000
1755672,CTVA,2021-09-30,730267000
1755672,CTVA,2021-12-31,726527000
1755672,CTVA,2022-03-31,725320000
1755672,CTVA,2022-06-30,725320000
1755672,CTVA,2022-09-30,716225000
1755672,CTVA,2022-12-31,713419000
1755672,CTVA,2023-03-31,710678000
1755672,CTVA,2023-06-30,709516000
1755672,CTVA,2023-09-30,704880000
1755672,CTVA,2023-12-31,701260000
1755672,CTVA,2024-03-31,697800000
1755672,CTVA,2024-06-30,693617000
1755672,CTVA,2024-09-30,689170000
1755672,CTVA,2024-12-31,685595000
1755672,CTVA,2025-03-31,683026000
1755672,CTVA,2025-06-30,679879000
1755672,CTVA,2025-12-31,672163000
1690820,CVNA,2016-12-31,0
1690820,CVNA,2017-03-31,0
64803,CVS,2008-12-31,1436000000
64803,CVS,2009-09-30,1418763000
64803,CVS,2009-12-31,1391000000
64803,CVS,2010-03-31,1371000000
64803,CVS,2010-06-30,1356000000
64803,CVS,2010-09-30,1358000000
64803,CVS,2010-12-31,1363000000
64803,CVS,2011-03-31,1354000000
64803,CVS,2011-06-30,1346000000
64803,CVS,2011-09-30,1308000000
64803,CVS,2011-12-31,1298000000
64803,CVS,2012-03-31,1290000000
64803,CVS,2012-06-30,1271000000
64803,CVS,2012-09-30,1246000000
64803,CVS,2012-12-31,1231000000
64803,CVS,2013-03-31,1228000000
64803,CVS,2013-06-30,1227000000
64803,CVS,2013-09-30,1204000000
64803,CVS,2013-12-31,1180000000
64803,CVS,2014-03-31,1173000000
64803,CVS,2014-06-30,1160000000
64803,CVS,2014-09-30,1153000000
64803,CVS,2014-12-31,1140000000
64803,CVS,2015-03-31,1127000000
64803,CVS,2015-06-30,1118000000
64803,CVS,2015-09-30,1110000000
64803,CVS,2015-12-31,1101000000
64803,CVS,2016-03-31,1081000000
64803,CVS,2016-06-30,1065000000
64803,CVS,2016-09-30,1066000000
64803,CVS,2016-12-31,1061000000
64803,CVS,2017-03-31,1027000000
64803,CVS,2017-06-30,1015000000
64803,CVS,2017-09-30,1013000000
64803,CVS,2017-12-31,1014000000
64803,CVS,2018-03-31,1016000000
64803,CVS,2018-06-30,1017000000
64803,CVS,2018-09-30,1019000000
64803,CVS,2018-12-31,1295000000
64803,CVS,2019-03-31,1298000000
64803,CVS,2019-06-30,1299000000
64803,CVS,2019-09-30,1301000000
64803,CVS,2019-12-31,1302000000
64803,CVS,2020-03-31,1305000000
64803,CVS,2020-06-30,1307000000
64803,CVS,2020-09-30,1309000000
64803,CVS,2020-12-31,1310000000
64803,CVS,2021-03-31,1313000000
64803,CVS,2021-06-30,1318000000
64803,CVS,2021-09-30,1321000000
64803,CVS,2021-12-31,1322000000
64803,CVS,2022-03-31,1306000000
64803,CVS,2022-06-30,1312000000
64803,CVS,2022-09-30,1315000000
64803,CVS,2022-12-31,1300000000
64803,CVS,2023-03-31,1279000000
64803,CVS,2023-06-30,1282000000
64803,CVS,2023-09-30,1287000000
64803,CVS,2023-12-31,1288000000
64803,CVS,2024-03-31,1252000000
64803,CVS,2024-06-30,1256000000
64803,CVS,2024-09-30,1258000000
64803,CVS,2024-12-31,1260000000
64803,CVS,2025-03-31,1262000000
64803,CVS,2025-06-30,1267000000
64803,CVS,2025-09-30,1270000000
64803,CVS,2025-12-31,1271000000
64803,CVS,2026-03-31,1273000000
64803,CVS,2026-06-30,1278000000
715957,D,2008-12-31,583000000
715957,D,2009-12-31,599000000
715957,D,2010-03-31,596000000
715957,D,2010-06-30,589000000
715957,D,2010-09-30,581000000
715957,D,2010-12-31,581000000
715957,D,2011-03-31,576000000
715957,D,2011-06-30,569000000
715957,D,2011-12-31,570000000
715957,D,2012-03-31,571000000
715957,D,2012-06-30,573000000
715957,D,2012-09-30,575000000
715957,D,2012-12-31,576000000
715957,D,2013-03-31,578000000
715957,D,2013-06-30,579000000
715957,D,2013-09-30,580000000
715957,D,2013-12-31,581000000
715957,D,2014-03-31,582000000
715957,D,2014-06-30,583000000
715957,D,2014-09-30,584000000
715957,D,2014-12-31,585000000
715957,D,2015-03-31,589000000
715957,D,2015-06-30,594000000
715957,D,2015-09-30,595000000
715957,D,2015-12-31,596000000
715957,D,2016-03-31,597000000
715957,D,2016-06-30,617000000
715957,D,2016-09-30,627000000
715957,D,2016-12-31,628000000
715957,D,2017-03-31,629000000
715957,D,2017-06-30,630000000
715957,D,2017-09-30,644000000
715957,D,2017-12-31,645000000
715957,D,2018-03-31,653000000
715957,D,2018-06-30,654000000
715957,D,2018-09-30,655000000
715957,D,2018-12-31,681000000
715957,D,2019-03-31,802000000
715957,D,2019-06-30,803000000
715957,D,2019-09-30,823000000
715957,D,2019-12-31,838000000
715957,D,2020-03-31,839000000
715957,D,2020-06-30,840000000
715957,D,2020-09-30,816000000
715957,D,2020-12-31,806000000
715957,D,2021-03-31,806000000
715957,D,2021-06-30,807000000
715957,D,2021-09-30,810000000
715957,D,2021-12-31,810000000
715957,D,2022-03-31,811000000
715957,D,2022-06-30,832000000
715957,D,2022-09-30,833000000
715957,D,2022-12-31,835000000
715957,D,2023-03-31,836000000
715957,D,2023-06-30,837000000
715957,D,2023-09-30,837000000
715957,D,2023-12-31,838000000
715957,D,2024-03-31,838000000
715957,D,2024-06-30,839000000
715957,D,2024-09-30,840000000
715957,D,2024-12-31,852000000
715957,D,2025-03-31,853000000
715957,D,2025-06-30,853000000
715957,D,2025-09-30,854000000
715957,D,2025-12-31,879000000
715957,D,2026-03-31,879000000
1666700,DD,2017-01-01,414265000
1666700,DD,2017-09-01,779512000
1666700,DD,2017-12-31,780485000
1666700,DD,2018-12-31,784143000
1666700,DD,2019-06-30,747444000
1666700,DD,2019-09-30,742679000
1666700,DD,2019-12-31,738565000
1666700,DD,2020-12-31,734204000
1561550,DDOG,2018-12-31,78180606
1561550,DDOG,2019-09-30,0
1561550,DDOG,2019-12-31,0
315189,DE,2023-10-29,281600000
315189,DE,2024-10-27,271800000
315189,DE,2025-11-02,270400000
910521,DECK,2009-12-31,38604000
910521,DECK,2010-06-30,38669000
910521,DECK,2010-09-30,38544000
910521,DECK,2010-12-31,38581000
910521,DECK,2011-03-31,38678000
910521,DECK,2011-06-30,38513000
910521,DECK,2011-09-30,38606000
910521,DECK,2011-12-31,38692000
910521,DECK,2012-03-31,38480000
910521,DECK,2012-06-30,37051000
910521,DECK,2012-09-30,35260000
910521,DECK,2012-12-31,34400000
910521,DECK,2013-03-31,34447000
910521,DECK,2013-06-30,34493000
910521,DECK,2013-09-30,34537000
910521,DECK,2013-12-31,34618000
910521,DECK,2014-03-31,34624000
910521,DECK,2014-06-30,34629000
910521,DECK,2014-09-30,34636000
910521,DECK,2014-12-31,34567000
910521,DECK,2015-03-31,33292000
910521,DECK,2015-06-30,32678000
910521,DECK,2015-09-30,32331000
910521,DECK,2015-12-31,32381000
910521,DECK,2016-03-31,32020000
910521,DECK,2016-06-30,32035000
910521,DECK,2016-09-30,32084000
910521,DECK,2016-12-31,31919000
910521,DECK,2017-03-31,31987000
910521,DECK,2017-06-30,31999000
910521,DECK,2017-09-30,32037000
910521,DECK,2017-12-31,31758000
910521,DECK,2018-03-31,30447000
910521,DECK,2018-06-30,30369000
910521,DECK,2018-09-30,29371000
910521,DECK,2018-12-31,29128000
910521,DECK,2019-03-31,29141000
910521,DECK,2019-06-30,28965000
910521,DECK,2019-09-30,27975000
910521,DECK,2019-12-31,27982000
910521,DECK,2020-03-31,27999000
910521,DECK,2020-06-30,28005000
910521,DECK,2020-09-30,28082000
910521,DECK,2020-12-31,28152000
910521,DECK,2021-03-31,27910000
910521,DECK,2021-06-30,27663000
910521,DECK,2021-09-30,27567000
910521,DECK,2021-12-31,27243000
910521,DECK,2022-03-31,26982000
910521,DECK,2022-06-30,26599000
910521,DECK,2022-09-30,26481000
910521,DECK,2022-12-31,26358000
910521,DECK,2023-03-31,26176000
910521,DECK,2023-06-30,26136000
910521,DECK,2023-09-30,25822000
910521,DECK,2023-12-31,25650000
910521,DECK,2024-03-31,153554000
910521,DECK,2024-06-30,25426000
910521,DECK,2024-09-30,152008000
910521,DECK,2024-12-31,151770000
910521,DECK,2025-03-31,150201000
910521,DECK,2025-06-30,148542000
910521,DECK,2025-09-30,146090000
910521,DECK,2025-12-31,142331000
910521,DECK,2026-03-31,139978000
910521,DECK,2026-06-30,136725000
1571996,DELL,2016-01-29,405000000
1571996,DELL,2016-04-29,405000000
1571996,DELL,2016-07-29,405000000
1571996,DELL,2016-10-28,787000000
1571996,DELL,2017-02-03,778000000
1571996,DELL,2017-05-05,772000000
1571996,DELL,2017-08-04,773000000
1571996,DELL,2017-11-03,769000000
1571996,DELL,2018-02-02,769000000
1571996,DELL,2018-05-04,768000000
1571996,DELL,2018-08-03,768000000
1571996,DELL,2018-11-02,769000000
1571996,DELL,2019-02-01,719000000
1571996,DELL,2019-05-03,719000000
1571996,DELL,2019-08-02,724000000
1571996,DELL,2019-11-01,729000000
1571996,DELL,2020-01-31,743000000
1571996,DELL,2020-05-01,740000000
1571996,DELL,2020-07-31,745000000
1571996,DELL,2020-10-30,749000000
1571996,DELL,2021-01-29,753000000
1571996,DELL,2021-04-30,764000000
1571996,DELL,2021-07-30,765000000
1571996,DELL,2021-10-29,767000000
1571996,DELL,2022-01-28,757000000
1571996,DELL,2022-04-29,747000000
1571996,DELL,2022-07-29,734000000
1571996,DELL,2022-10-28,718000000
1571996,DELL,2023-02-03,716000000
1571996,DELL,2023-05-05,729000000
1571996,DELL,2023-08-04,724000000
1571996,DELL,2023-11-03,715000000
1571996,DELL,2024-02-02,705000000
1571996,DELL,2024-05-03,710000000
1571996,DELL,2024-08-02,705000000
1571996,DELL,2024-11-01,702000000
1571996,DELL,2025-01-31,696000000
1571996,DELL,2025-05-02,683000000
1571996,DELL,2025-08-01,675000000
1571996,DELL,2025-10-31,667000000
1571996,DELL,2026-01-30,652000000
1571996,DELL,2026-05-01,649000000
1571996,DELL,2026-07-31,640000000
29534,DG,2011-01-28,341507000
29534,DG,2012-02-03,338089000
29534,DG,2013-02-01,327069000
29534,DG,2014-01-31,317058000
29534,DG,2015-01-30,303447000
29534,DG,2016-01-29,286694000
29534,DG,2017-02-03,275212000
29534,DG,2018-02-02,268733000
29534,DG,2019-02-01,259511000
29534,DG,2020-01-31,251936000
29534,DG,2021-01-29,240785000
29534,DG,2022-01-28,230016000
29534,DG,2023-02-03,219105000
29534,DG,2024-02-02,219663000
29534,DG,2025-01-31,219939000
29534,DG,2026-01-30,220222000
882184,DHI,2007-09-30,314914440
882184,DHI,2008-09-30,316660275
882184,DHI,2009-09-30,317480886
882184,DHI,2010-06-30,318250138
882184,DHI,2010-09-30,318823234
882184,DHI,2010-12-31,319285807
882184,DHI,2011-03-31,319362870
882184,DHI,2011-06-30,315966032
882184,DHI,2011-09-30,316043099
882184,DHI,2011-12-31,316737691
882184,DHI,2012-03-31,318370893
882184,DHI,2012-06-30,319163152
882184,DHI,2012-09-30,320891976
882184,DHI,2012-12-31,321264351
882184,DHI,2013-03-31,322255379
882184,DHI,2013-06-30,322800660
882184,DHI,2013-09-30,322943618
882184,DHI,2013-12-31,323492824
882184,DHI,2014-03-31,325059709
882184,DHI,2014-06-30,364413754
882184,DHI,2014-09-30,364586694
882184,DHI,2014-12-31,365340677
882184,DHI,2015-03-31,366541378
882184,DHI,2015-06-30,366736302
882184,DHI,2015-09-30,368647371
882184,DHI,2015-12-31,369727177
882184,DHI,2016-03-31,370731093
882184,DHI,2016-06-30,372171756
882184,DHI,2016-09-30,372923187
882184,DHI,2016-12-31,373337804
882184,DHI,2017-03-31,375531433
882184,DHI,2017-06-30,374223847
882184,DHI,2017-09-30,374986079
882184,DHI,2017-12-31,375693966
882184,DHI,2018-03-31,377409517
882184,DHI,2018-06-30,376993165
882184,DHI,2018-09-30,376261635
882184,DHI,2018-12-31,373242060
882184,DHI,2019-03-31,373132964
882184,DHI,2019-06-30,369748212
882184,DHI,2019-09-30,368431454
882184,DHI,2019-12-31,366273190
882184,DHI,2020-03-31,363537810
882184,DHI,2020-06-30,363633208
882184,DHI,2020-09-30,363999982
882184,DHI,2020-12-31,363647879
882184,DHI,2021-03-31,360479511
882184,DHI,2021-06-30,358124810
882184,DHI,2021-09-30,356015843
882184,DHI,2021-12-31,354277601
882184,DHI,2022-03-31,351955435
882184,DHI,2022-06-30,347377037
882184,DHI,2022-09-30,343953023
882184,DHI,2022-12-31,343278561
882184,DHI,2023-03-31,341070276
882184,DHI,2023-06-30,338222953
882184,DHI,2023-09-30,334848565
882184,DHI,2023-12-31,332190334
882184,DHI,2024-03-31,330196301
882184,DHI,2024-06-30,327373437
882184,DHI,2024-09-30,324027360
882184,DHI,2024-12-31,317652200
882184,DHI,2025-03-31,308629060
882184,DHI,2025-06-30,298945018
882184,DHI,2025-09-30,294475153
882184,DHI,2025-12-31,290498069
882184,DHI,2026-03-31,284940888
882184,DHI,2026-06-30,280730194
313616,DHR,2008-12-31,318380000
313616,DHR,2009-12-31,645470000
313616,DHR,2010-12-31,656360000
313616,DHR,2011-12-31,687700000
313616,DHR,2012-12-31,687500000
313616,DHR,2013-12-31,698100000
313616,DHR,2014-12-31,704300000
313616,DHR,2015-10-02,685300000
313616,DHR,2015-12-31,686800000
313616,DHR,2016-04-01,688600000
313616,DHR,2016-07-01,690500000
313616,DHR,2016-09-30,691600000
313616,DHR,2016-12-31,692200000
313616,DHR,2017-03-31,694100000
313616,DHR,2017-06-30,694700000
313616,DHR,2017-09-29,695500000
313616,DHR,2017-12-31,696600000
313616,DHR,2018-03-30,698500000
313616,DHR,2018-06-29,699700000
313616,DHR,2018-09-28,700800000
313616,DHR,2018-12-31,701500000
313616,DHR,2019-03-29,715800000
313616,DHR,2019-06-28,717300000
313616,DHR,2019-09-27,718200000
313616,DHR,2019-12-31,695500000
313616,DHR,2020-04-03,697000000
313616,DHR,2020-07-03,709200000
313616,DHR,2020-10-02,710300000
313616,DHR,2020-12-31,711000000
313616,DHR,2021-04-02,713100000
313616,DHR,2021-07-02,713800000
313616,DHR,2021-10-01,714500000
313616,DHR,2021-12-31,715000000
313616,DHR,2022-04-01,716000000
313616,DHR,2022-07-01,727400000
313616,DHR,2022-09-30,727900000
313616,DHR,2022-12-31,728300000
313616,DHR,2023-03-31,729200000
313616,DHR,2023-06-30,738200000
313616,DHR,2023-09-29,738900000
313616,DHR,2023-12-31,739200000
313616,DHR,2024-03-29,740600000
313616,DHR,2024-06-28,724000000
313616,DHR,2024-09-27,722200000
313616,DHR,2024-12-31,719100000
313616,DHR,2025-03-28,715600000
313616,DHR,2025-06-27,715900000
313616,DHR,2025-09-26,706300000
313616,DHR,2025-12-31,706900000
313616,DHR,2026-03-27,707700000
313616,DHR,2026-06-26,702900000
1744489,DIS,2022-10-01,1800000000
1744489,DIS,2023-09-30,1800000000
1744489,DIS,2023-12-30,1900000000
1744489,DIS,2024-03-30,1900000000
1744489,DIS,2024-06-29,1900000000
1744489,DIS,2024-09-28,1900000000
1744489,DIS,2024-12-28,1900000000
1744489,DIS,2025-09-27,1900000000
1297996,DLR,2010-12-31,91159221
1297996,DLR,2011-06-30,98754727
1297996,DLR,2011-09-30,104102878
1297996,DLR,2011-12-31,106039279
1297996,DLR,2012-03-31,107342049
1297996,DLR,2012-06-30,110268388
1297996,DLR,2012-09-30,123261390
1297996,DLR,2012-12-31,125140783
1297996,DLR,2013-03-31,128413791
1297996,DLR,2013-06-30,128421888
1297996,DLR,2013-09-30,128438970
1297996,DLR,2013-12-31,128455350
1297996,DLR,2014-03-31,128606462
1297996,DLR,2014-06-30,135370016
1297996,DLR,2014-09-30,135503184
1297996,DLR,2014-12-31,135626255
1297996,DLR,2015-03-31,135793668
1297996,DLR,2015-06-30,135832492
1297996,DLR,2015-09-30,135843684
1297996,DLR,2015-12-31,146384247
1297996,DLR,2016-03-31,146797648
1297996,DLR,2016-06-30,146859067
1297996,DLR,2016-09-30,158926811
1297996,DLR,2016-12-31,159019118
1297996,DLR,2017-03-31,159539892
1297996,DLR,2017-06-30,162183489
1297996,DLR,2017-09-30,205433495
1297996,DLR,2017-12-31,205470300
1297996,DLR,2018-03-31,205874914
1297996,DLR,2018-06-30,206055117
1297996,DLR,2018-09-30,206267055
1297996,DLR,2018-12-31,206425656
1297996,DLR,2019-03-31,208214139
1297996,DLR,2019-06-30,208324538
1297996,DLR,2019-09-30,208583244
1297996,DLR,2019-12-31,208900758
1297996,DLR,2020-03-31,263595562
1297996,DLR,2020-06-30,268399073
1297996,DLR,2020-09-30,279920621
1297996,DLR,2020-12-31,280289726
1297996,DLR,2021-03-31,281372310
1297996,DLR,2021-06-30,282603152
1297996,DLR,2021-09-30,283846802
1297996,DLR,2021-12-31,284415000
1297996,DLR,2022-03-31,284666082
1297996,DLR,2022-06-30,284734000
1297996,DLR,2022-09-30,287508000
1297996,DLR,2022-12-31,291148000
1297996,DLR,2023-03-31,291299000
1297996,DLR,2023-06-30,299240000
1297996,DLR,2023-09-30,302846000
1297996,DLR,2023-12-31,311608000
1297996,DLR,2024-03-31,312421000
1297996,DLR,2024-06-30,325885000
1297996,DLR,2024-09-30,331347000
1297996,DLR,2024-12-31,336637
1297996,DLR,2025-03-31,336743000
1297996,DLR,2025-06-30,340372000
1297996,DLR,2025-09-30,343041000
1297996,DLR,2025-12-31,343557000
1297996,DLR,2026-03-31,348924000
935703,DLTR,2009-08-01,134100000
935703,DLTR,2009-10-31,132400000
935703,DLTR,2010-01-30,131284455
935703,DLTR,2010-05-01,127.2
935703,DLTR,2010-07-31,127.4
935703,DLTR,2010-10-30,125.6
935703,DLTR,2011-01-29,123.4
935703,DLTR,2011-04-30,122300000
935703,DLTR,2011-07-30,244600000
935703,DLTR,2011-10-29,238000000
935703,DLTR,2012-01-28,231164300
935703,DLTR,2012-04-28,232
935703,DLTR,2012-07-28,230400000
935703,DLTR,2012-10-27,227200000
935703,DLTR,2013-02-02,224584393
935703,DLTR,2013-05-04,223800000
935703,DLTR,2013-08-03,223000000
935703,DLTR,2013-11-02,208100000
935703,DLTR,2014-02-01,208131669
935703,DLTR,2014-05-03,206800000
935703,DLTR,2014-08-02,205600000
935703,DLTR,2014-11-01,205700000
935703,DLTR,2015-01-31,205683113
935703,DLTR,2015-05-02,206200000
935703,DLTR,2015-08-01,234700000
935703,DLTR,2015-10-31,234800000
935703,DLTR,2016-01-30,234968078
935703,DLTR,2016-04-30,235600000
935703,DLTR,2016-07-30,235700000
935703,DLTR,2016-10-29,236000000
935703,DLTR,2017-01-28,236136439
935703,DLTR,2017-04-29,236700000
935703,DLTR,2017-07-29,236800000
935703,DLTR,2017-10-28,237100000
935703,DLTR,2018-02-03,237325963
935703,DLTR,2018-05-05,237800000
935703,DLTR,2018-08-04,237900000
935703,DLTR,2018-11-03,238000000
935703,DLTR,2019-02-02,238081664
935703,DLTR,2019-05-04,237600000
935703,DLTR,2019-08-03,236800000
935703,DLTR,2019-11-02,236700000
935703,DLTR,2020-02-01,236726563
935703,DLTR,2020-05-02,237200000
935703,DLTR,2020-08-01,237300000
935703,DLTR,2020-10-31,235200000
935703,DLTR,2021-01-30,233383199
935703,DLTR,2021-05-01,231800000
935703,DLTR,2021-07-31,224900000
935703,DLTR,2021-10-30,224900000
935703,DLTR,2022-01-29,225100198
935703,DLTR,2022-04-30,225568429
935703,DLTR,2022-07-30,223932187
935703,DLTR,2022-10-29,221181239
935703,DLTR,2023-01-28,221222984
935703,DLTR,2023-04-29,220648374
935703,DLTR,2023-07-29,219918166
935703,DLTR,2023-10-28,217858778
935703,DLTR,2024-02-03,217907206
935703,DLTR,2024-05-04,216165909
935703,DLTR,2024-08-03,214985820
935703,DLTR,2024-11-02,215031619
935703,DLTR,2025-02-01,215078018
935703,DLTR,2025-05-03,210151340
935703,DLTR,2025-08-02,204634244
935703,DLTR,2025-11-01,200689657
935703,DLTR,2026-01-31,198505205
935703,DLTR,2026-05-02,193393380
935703,DLTR,2026-08-01,187672941
765880,DOC,2008-12-31,253601454
765880,DOC,2009-06-30,275253104
765880,DOC,2009-09-30,293145064
765880,DOC,2009-12-31,293548162
765880,DOC,2010-03-31,293966405
765880,DOC,2010-06-30,308038877
765880,DOC,2010-09-30,310507413
765880,DOC,2010-12-31,370924887
765880,DOC,2011-03-31,406008918
765880,DOC,2011-06-30,407120455
765880,DOC,2011-09-30,407779492
765880,DOC,2011-12-31,408629444
765880,DOC,2012-03-31,419433018
765880,DOC,2012-06-30,429401611
765880,DOC,2012-09-30,429980165
765880,DOC,2012-12-31,453191321
765880,DOC,2013-03-31,454416748
765880,DOC,2013-06-30,455094411
765880,DOC,2013-09-30,455873953
765880,DOC,2013-12-31,456960648
765880,DOC,2014-03-31,458043744
765880,DOC,2014-06-30,458742070
765880,DOC,2014-09-30,459145515
765880,DOC,2014-12-31,459746267
765880,DOC,2015-03-31,461583731
765880,DOC,2015-06-30,462486416
765880,DOC,2015-09-30,464441628
765880,DOC,2015-12-31,465488492
765880,DOC,2016-03-31,466924935
765880,DOC,2016-06-30,467324914
765880,DOC,2016-09-30,467820181
765880,DOC,2016-12-31,468081489
765880,DOC,2017-03-31,468446208
765880,DOC,2017-06-30,468879344
765880,DOC,2017-09-30,469034877
765880,DOC,2017-12-31,469435678
765880,DOC,2018-03-31,469725220
765880,DOC,2018-06-30,469829639
765880,DOC,2018-09-30,469916246
765880,DOC,2018-12-31,477496499
765880,DOC,2019-03-31,477928816
765880,DOC,2019-06-30,491108584
765880,DOC,2019-09-30,494848212
765880,DOC,2019-12-31,505221643
765880,DOC,2020-03-31,538135188
765880,DOC,2020-06-30,538317896
765880,DOC,2020-09-30,538354755
765880,DOC,2020-12-31,538405393
765880,DOC,2021-03-31,538885793
765880,DOC,2021-06-30,538955168
765880,DOC,2021-09-30,539066131
765880,DOC,2021-12-31,539096879
765880,DOC,2022-03-31,539523537
765880,DOC,2022-06-30,539580161
765880,DOC,2022-09-30,537533719
765880,DOC,2022-12-31,546641973
765880,DOC,2023-03-31,546994803
765880,DOC,2023-06-30,547052994
765880,DOC,2023-09-30,547072311
765880,DOC,2023-12-31,547156311
765880,DOC,2024-03-31,703733446
765880,DOC,2024-06-30,700316807
765880,DOC,2024-09-30,699405171
765880,DOC,2024-12-31,699485139
765880,DOC,2025-03-31,698611840
765880,DOC,2025-06-30,694916081
765880,DOC,2025-09-30,694946444
765880,DOC,2025-12-31,695036731
765880,DOC,2026-03-31,695263156
765880,DOC,2026-06-30,689465312
1286681,DPZ,2011-01-02,60139061
1286681,DPZ,2011-06-19,60722611
1286681,DPZ,2011-09-11,58245320
1286681,DPZ,2012-01-01,57741208
1286681,DPZ,2012-03-25,57899348
1286681,DPZ,2012-06-17,56823368
1286681,DPZ,2012-09-09,56846578
1286681,DPZ,2012-12-30,56313249
1286681,DPZ,2013-12-29,55768672
1286681,DPZ,2014-12-28,55553149
1286681,DPZ,2016-01-03,49838221
1286681,DPZ,2017-01-01,48100143
1286681,DPZ,2017-12-31,42898329
1286681,DPZ,2018-12-30,40977561
1286681,DPZ,2019-12-29,38934009
1286681,DPZ,2021-01-03,38868350
1286681,DPZ,2022-01-02,36138273
1286681,DPZ,2023-01-01,35419718
1286681,DPZ,2023-12-31,34726182
1286681,DPZ,2024-12-29,34281927
1286681,DPZ,2025-12-28,33627992
940944,DRI,2009-05-31,139300000
940944,DRI,2010-05-30,140600000
940944,DRI,2011-05-29,134600000
940944,DRI,2012-05-27,129000000
940944,DRI,2013-05-26,130300000
940944,DRI,2014-05-25,132300000
940944,DRI,2015-05-31,126700000
940944,DRI,2016-05-29,126200000
940944,DRI,2017-05-28,125400000
940944,DRI,2018-05-27,123500000
940944,DRI,2019-05-26,123100000
940944,DRI,2020-05-31,129900000
940944,DRI,2021-05-30,130800000
940944,DRI,2022-05-29,123900000
940944,DRI,2023-05-28,121100000
940944,DRI,2024-05-26,118900000
940944,DRI,2025-05-25,117000000
940944,DRI,2026-05-31,114100000
936340,DTE,2008-12-31,163019596
936340,DTE,2009-09-30,164928049
936340,DTE,2009-12-31,165400045
936340,DTE,2010-03-31,168409616
936340,DTE,2010-09-30,169117259
936340,DTE,2010-12-31,169428406
936340,DTE,2011-03-31,169346329
936340,DTE,2011-06-30,169328889
936340,DTE,2011-09-30,169250934
936340,DTE,2011-12-31,169247282
936340,DTE,2012-03-31,170112217
936340,DTE,2012-06-30,171754812
936340,DTE,2012-09-30,172073378
936340,DTE,2012-12-31,172351680
936340,DTE,2013-03-31,173950853
936340,DTE,2013-06-30,174960000
936340,DTE,2013-09-30,176797248
936340,DTE,2013-12-31,177087230
936340,DTE,2014-03-31,177016824
936340,DTE,2014-06-30,176993343
936340,DTE,2014-09-30,176991277
936340,DTE,2014-12-31,176991231
936340,DTE,2015-03-31,179330405
936340,DTE,2015-06-30,179475813
936340,DTE,2015-09-30,179475625
936340,DTE,2015-12-31,179470213
936340,DTE,2016-03-31,179435404
936340,DTE,2016-06-30,179435004
936340,DTE,2016-09-30,179434907
936340,DTE,2016-12-31,179432581
936340,DTE,2017-03-31,179387424
936340,DTE,2017-06-30,179393579
936340,DTE,2017-09-30,179390286
936340,DTE,2017-12-31,179386967
936340,DTE,2018-03-31,181483163
936340,DTE,2018-06-30,181772574
936340,DTE,2018-09-30,181925024
936340,DTE,2018-12-31,181925281
936340,DTE,2019-03-31,183212427
936340,DTE,2019-06-30,183301732
936340,DTE,2019-09-30,183396510
936340,DTE,2019-12-31,192208533
936340,DTE,2020-03-31,192611882
936340,DTE,2020-06-30,192650741
936340,DTE,2020-09-30,193559593
936340,DTE,2020-12-31,193770617
936340,DTE,2021-03-31,193727361
936340,DTE,2021-06-30,193751554
936340,DTE,2021-09-30,193727278
936340,DTE,2021-12-31,193747509
936340,DTE,2022-03-31,193739166
936340,DTE,2022-06-30,193736380
936340,DTE,2022-09-30,193741991
936340,DTE,2022-12-31,205632393
936340,DTE,2023-03-31,206109174
936340,DTE,2023-06-30,206175587
936340,DTE,2023-09-30,206258727
936340,DTE,2023-12-31,206357070
936340,DTE,2024-03-31,206937244
936340,DTE,2024-06-30,207020080
936340,DTE,2024-09-30,207100586
936340,DTE,2024-12-31,207171582
936340,DTE,2025-03-31,207515682
936340,DTE,2025-06-30,207587803
936340,DTE,2025-09-30,207683012
936340,DTE,2025-12-31,207745154
936340,DTE,2026-03-31,208028313
1326160,DUK,2008-12-31,1272000000
1326160,DUK,2009-06-30,1294000000
1326160,DUK,2009-09-30,1303000000
1326160,DUK,2009-12-31,436000000
1326160,DUK,2010-06-30,1318000000
1326160,DUK,2010-09-30,1324000000
1326160,DUK,2010-12-31,443000000
1326160,DUK,2011-03-31,1331000000
1326160,DUK,2011-06-30,444000000
1326160,DUK,2011-09-30,444000000
1326160,DUK,2011-12-31,445000000
1326160,DUK,2012-03-31,446000000
1326160,DUK,2012-06-30,446000000
1326160,DUK,2012-09-30,704000000
1326160,DUK,2012-12-31,704000000
1326160,DUK,2013-03-31,706000000
1326160,DUK,2013-06-30,706000000
1326160,DUK,2013-09-30,706000000
1326160,DUK,2013-12-31,706000000
1326160,DUK,2014-03-31,707000000
1326160,DUK,2014-06-30,707000000
1326160,DUK,2014-09-30,707000000
1326160,DUK,2014-12-31,707000000
1326160,DUK,2015-03-31,708000000
1326160,DUK,2015-06-30,688000000
1326160,DUK,2015-09-30,688000000
1326160,DUK,2015-12-31,688000000
1326160,DUK,2016-03-31,689000000
1326160,DUK,2016-06-30,689000000
1326160,DUK,2016-09-30,689000000
1326160,DUK,2016-12-31,700000000
1326160,DUK,2017-03-31,700000000
1326160,DUK,2017-06-30,700000000
1326160,DUK,2017-09-30,700000000
1326160,DUK,2017-12-31,700000000
1326160,DUK,2018-03-31,701000000
1326160,DUK,2018-06-30,712000000
1326160,DUK,2018-09-30,713000000
1326160,DUK,2018-12-31,727000000
1326160,DUK,2019-03-31,728000000
1326160,DUK,2019-06-30,728000000
1326160,DUK,2019-09-30,729000000
1326160,DUK,2019-12-31,733000000
1326160,DUK,2020-03-31,735000000
1326160,DUK,2020-06-30,735000000
1326160,DUK,2020-09-30,736000000
1326160,DUK,2020-12-31,769000000
1326160,DUK,2021-03-31,769000000
1326160,DUK,2021-06-30,769000000
1326160,DUK,2021-09-30,769000000
1326160,DUK,2021-12-31,769000000
1326160,DUK,2022-03-31,770000000
1326160,DUK,2022-06-30,770000000
1326160,DUK,2022-09-30,770000000
1326160,DUK,2022-12-31,770000000
1326160,DUK,2023-03-31,771000000
1326160,DUK,2023-06-30,771000000
1326160,DUK,2023-09-30,771000000
1326160,DUK,2023-12-31,771000000
1326160,DUK,2024-03-31,772000000
1326160,DUK,2024-06-30,772000000
1326160,DUK,2024-09-30,772000000
1326160,DUK,2024-12-31,776000000
1326160,DUK,2025-03-31,777000000
1326160,DUK,2025-06-30,778000000
1326160,DUK,2025-09-30,778000000
1326160,DUK,2025-12-31,778000000
1326160,DUK,2026-03-31,778000000
927066,DVA,2008-12-31,103753673
927066,DVA,2009-06-30,103989672
927066,DVA,2009-09-30,103232774
927066,DVA,2009-12-31,103062698
927066,DVA,2010-03-31,103793205
927066,DVA,2010-06-30,102592141
927066,DVA,2010-09-30,101330359
927066,DVA,2010-12-31,96001535
927066,DVA,2011-03-31,96395372
927066,DVA,2011-06-30,93481011
927066,DVA,2011-09-30,93442783
927066,DVA,2011-12-31,93641363
927066,DVA,2012-03-31,93983930
927066,DVA,2012-06-30,94486725
927066,DVA,2012-09-30,95346980
927066,DVA,2012-12-31,210997150
927066,DVA,2013-03-31,105702448
927066,DVA,2013-06-30,106239986
927066,DVA,2013-09-30,212671800
927066,DVA,2013-12-31,213163248
927066,DVA,2014-03-31,214045116
927066,DVA,2014-06-30,214759091
927066,DVA,2014-09-30,214878274
927066,DVA,2014-12-31,215640968
927066,DVA,2015-03-31,215058568
927066,DVA,2015-06-30,215466069
927066,DVA,2015-09-30,211009593
927066,DVA,2015-12-31,209754247
927066,DVA,2016-03-31,206392776
927066,DVA,2016-06-30,206904375
927066,DVA,2016-09-30,200778434
927066,DVA,2016-12-31,194554491
927066,DVA,2017-03-31,194596120
927066,DVA,2017-06-30,191200237
927066,DVA,2017-09-30,189231693
927066,DVA,2017-12-31,182462278
927066,DVA,2018-03-31,178463408
927066,DVA,2018-06-30,170820196
927066,DVA,2018-09-30,165984480
927066,DVA,2018-12-31,166387307
927066,DVA,2019-03-31,166396147
927066,DVA,2019-06-30,164472913
927066,DVA,2019-09-30,133888864
927066,DVA,2019-12-31,125843000
927066,DVA,2020-03-31,121804880
927066,DVA,2020-06-30,121984334
927066,DVA,2020-09-30,113781317
927066,DVA,2020-12-31,109933000
927066,DVA,2021-03-31,107078000
927066,DVA,2021-06-30,105625000
927066,DVA,2021-09-30,103136000
927066,DVA,2021-12-31,97289000
927066,DVA,2022-03-31,95238000
927066,DVA,2022-06-30,92206000
927066,DVA,2022-09-30,90104000
927066,DVA,2022-12-31,90411000
927066,DVA,2023-03-31,90650000
927066,DVA,2023-06-30,91271000
927066,DVA,2023-09-30,91348000
927066,DVA,2023-12-31,88824000
927066,DVA,2024-03-31,89822000
927066,DVA,2024-06-30,85081000
927066,DVA,2024-09-30,82624000
927066,DVA,2024-12-31,80536000
927066,DVA,2025-03-31,77277000
927066,DVA,2025-06-30,74217000
927066,DVA,2025-09-30,70977000
927066,DVA,2025-12-31,68549000
927066,DVA,2026-06-30,63955000
1093557,DXCM,2010-12-31,62078000
1093557,DXCM,2011-06-30,67331000
1093557,DXCM,2011-09-30,67500000
1093557,DXCM,2011-12-31,67500000
1093557,DXCM,2012-03-31,68550000
1093557,DXCM,2012-06-30,68905000
1093557,DXCM,2012-09-30,69250000
1093557,DXCM,2012-12-31,69500000
1093557,DXCM,2013-03-31,70700000
1093557,DXCM,2013-06-30,71200000
1093557,DXCM,2013-09-30,71700000
1093557,DXCM,2013-12-31,72500000
1093557,DXCM,2014-03-31,74800000
1093557,DXCM,2014-06-30,75400000
1093557,DXCM,2014-09-30,76400000
1093557,DXCM,2014-12-31,77300000
1093557,DXCM,2015-03-31,79200000
1093557,DXCM,2015-06-30,80000000
1093557,DXCM,2015-09-30,81300000
1093557,DXCM,2015-12-31,81700000
1093557,DXCM,2016-03-31,83400000
1093557,DXCM,2016-06-30,83800000
1093557,DXCM,2016-09-30,84500000
1093557,DXCM,2016-12-31,84600000
1093557,DXCM,2017-03-31,86300000
1093557,DXCM,2017-06-30,86500000
1093557,DXCM,2017-09-30,86900000
1093557,DXCM,2017-12-31,87000000
1093557,DXCM,2018-03-31,88100000
1093557,DXCM,2018-06-30,88400000
1093557,DXCM,2018-09-30,88800000
1093557,DXCM,2018-12-31,90000000
1093557,DXCM,2019-03-31,91000000
1093557,DXCM,2019-06-30,91200000
1093557,DXCM,2019-09-30,91500000
1093557,DXCM,2019-12-31,91600000
1093557,DXCM,2020-03-31,92300000
1093557,DXCM,2020-06-30,95400000
1093557,DXCM,2020-09-30,96000000
1093557,DXCM,2020-12-31,96100000
1093557,DXCM,2021-03-31,96700000
1093557,DXCM,2021-06-30,96700000
1093557,DXCM,2021-09-30,96900000
1093557,DXCM,2021-12-31,388000000
1093557,DXCM,2022-03-31,98100000
1093557,DXCM,2022-06-30,392600000
1093557,DXCM,2022-09-30,386200000
1093557,DXCM,2022-12-31,386300000
1093557,DXCM,2023-03-31,387600000
1093557,DXCM,2023-06-30,386100000
1093557,DXCM,2023-09-30,386400000
1093557,DXCM,2023-12-31,385400000
1093557,DXCM,2024-03-31,396100000
1093557,DXCM,2024-06-30,400700000
1093557,DXCM,2024-09-30,390600000
1093557,DXCM,2024-12-31,390700000
1093557,DXCM,2025-03-31,392100000
1093557,DXCM,2025-06-30,392200000
1093557,DXCM,2025-09-30,390000000
1093557,DXCM,2025-12-31,384800000
1093557,DXCM,2026-03-31,385900000
1093557,DXCM,2026-06-30,377400000
1065088,EBAY,2007-12-31,1350219000
1065088,EBAY,2008-12-31,1282025000
1065088,EBAY,2009-06-30,1290130000
1065088,EBAY,2009-09-30,1292774000
1065088,EBAY,2009-12-31,1297799000
1065088,EBAY,2010-03-31,1306855000
1065088,EBAY,2010-06-30,1311921000
1065088,EBAY,2010-09-30,1303517000
1065088,EBAY,2010-12-31,1297710000
1065088,EBAY,2011-03-31,1297655000
1065088,EBAY,2011-06-30,1288414000
1065088,EBAY,2011-09-30,1290645000
1065088,EBAY,2011-12-31,1286000000
1065088,EBAY,2012-03-31,1291000000
1065088,EBAY,2012-06-30,1288000000
1065088,EBAY,2012-09-30,1294000000
1065088,EBAY,2012-12-31,1294000000
1065088,EBAY,2013-03-31,1295000000
1065088,EBAY,2013-06-30,1294000000
1065088,EBAY,2013-09-30,1294000000
1065088,EBAY,2013-12-31,1294000000
1065088,EBAY,2014-03-31,1267000000
1065088,EBAY,2014-06-30,1241000000
1065088,EBAY,2014-09-30,1242000000
1065088,EBAY,2014-12-31,1224000000
1065088,EBAY,2015-03-31,1210000000
1065088,EBAY,2015-06-30,1218000000
1065088,EBAY,2015-09-30,1203000000
1065088,EBAY,2015-12-31,1184000000
1065088,EBAY,2016-03-31,1143000000
1065088,EBAY,2016-06-30,1132000000
1065088,EBAY,2016-09-30,1117000000
1065088,EBAY,2016-12-31,1087000000
1065088,EBAY,2017-03-31,1029000000
1065088,EBAY,2017-06-30,1029000000
1065088,EBAY,2017-09-30,1049000000
1065088,EBAY,2017-12-31,1029000000
1065088,EBAY,2018-03-31,1007000000
1065088,EBAY,2018-06-30,989000000
1065088,EBAY,2018-09-30,963000000
1065088,EBAY,2018-12-31,915000000
1065088,EBAY,2019-03-31,876000000
1065088,EBAY,2019-06-30,842000000
1065088,EBAY,2019-09-30,819000000
1065088,EBAY,2019-12-31,796000000
1065088,EBAY,2020-03-31,701000000
1065088,EBAY,2020-06-30,705000000
1065088,EBAY,2020-09-30,689000000
1065088,EBAY,2020-12-31,684000000
1065088,EBAY,2021-03-31,681000000
1065088,EBAY,2021-06-30,661000000
1065088,EBAY,2021-09-30,633000000
1065088,EBAY,2021-12-31,594000000
1065088,EBAY,2022-03-31,571000000
1065088,EBAY,2022-06-30,549000000
1065088,EBAY,2022-09-30,544000000
1065088,EBAY,2022-12-31,539000000
1065088,EBAY,2023-03-31,536000000
1065088,EBAY,2023-06-30,533000000
1065088,EBAY,2023-09-30,520000000
1065088,EBAY,2023-12-31,517000000
1065088,EBAY,2024-03-31,509000000
1065088,EBAY,2024-06-30,494000000
1065088,EBAY,2024-09-30,482000000
1065088,EBAY,2024-12-31,471000000
1065088,EBAY,2025-03-31,463000000
1065088,EBAY,2025-06-30,459000000
1065088,EBAY,2025-09-30,454000000
1065088,EBAY,2025-12-31,449000000
1065088,EBAY,2026-03-31,446000000
1065088,EBAY,2026-06-30,445000000
1415404,ECHO,2019-12-31,47687039
1415404,ECHO,2020-09-30,47687039
31462,ECL,2008-12-31,236200000
31462,ECL,2009-06-30,236700000
31462,ECL,2009-09-30,237500000
31462,ECL,2009-12-31,236600000
31462,ECL,2010-03-31,233900000
31462,ECL,2010-06-30,233500000
31462,ECL,2010-09-30,231900000
31462,ECL,2010-12-31,232500000
31462,ECL,2011-03-31,231700000
31462,ECL,2011-06-30,231900000
31462,ECL,2011-09-30,232100000
31462,ECL,2011-12-31,292000000
31462,ECL,2012-03-31,291900000
31462,ECL,2012-06-30,292500000
31462,ECL,2012-09-30,292900000
31462,ECL,2012-12-31,294700000
31462,ECL,2013-03-31,296000000
31462,ECL,2013-06-30,301400000
31462,ECL,2013-09-30,301300000
31462,ECL,2013-12-31,301100000
31462,ECL,2014-03-31,300200000
31462,ECL,2014-06-30,299600000
31462,ECL,2014-09-30,300100000
31462,ECL,2014-12-31,299900000
31462,ECL,2015-03-31,297800000
31462,ECL,2015-06-30,295100000
31462,ECL,2015-09-30,295300000
31462,ECL,2015-12-31,296000000
31462,ECL,2016-03-31,293300000
31462,ECL,2016-06-30,291600000
31462,ECL,2016-09-30,291600000
31462,ECL,2016-12-31,291800000
31462,ECL,2017-03-31,290000000
31462,ECL,2017-06-30,289400000
31462,ECL,2017-09-30,288900000
31462,ECL,2017-12-31,289300000
31462,ECL,2018-03-31,288500000
31462,ECL,2018-06-30,288900000
31462,ECL,2018-09-30,288900000
31462,ECL,2018-12-31,287700000
31462,ECL,2019-03-31,288200000
31462,ECL,2019-06-30,287800000
31462,ECL,2019-09-30,288200000
31462,ECL,2019-12-31,288400000
31462,ECL,2020-03-31,289200000
31462,ECL,2020-06-30,285400000
31462,ECL,2020-09-30,285400000
31462,ECL,2020-12-31,285700000
31462,ECL,2021-03-31,285900000
31462,ECL,2021-06-30,286100000
31462,ECL,2021-09-30,286600000
31462,ECL,2021-12-31,286900000
31462,ECL,2022-03-31,285700000
31462,ECL,2022-06-30,285000000
31462,ECL,2022-09-30,284800000
31462,ECL,2022-12-31,284500000
31462,ECL,2023-03-31,284700000
31462,ECL,2023-06-30,285000000
31462,ECL,2023-09-30,285100000
31462,ECL,2023-12-31,285400000
31462,ECL,2024-03-31,285600000
31462,ECL,2024-06-30,284500000
31462,ECL,2024-09-30,283200000
31462,ECL,2024-12-31,283400000
31462,ECL,2025-03-31,283500000
31462,ECL,2025-06-30,283600000
31462,ECL,2025-09-30,283200000
31462,ECL,2025-12-31,282000000
31462,ECL,2026-03-31,281400000
31462,ECL,2026-06-30,280300000
1047862,ED,2010-12-31,21976200
1047862,ED,2011-12-31,21976200
1047862,ED,2012-12-31,21976200
1047862,ED,2013-12-31,21976200
1047862,ED,2014-12-31,21976200
1047862,ED,2015-12-31,21976200
1047862,ED,2018-12-31,320960396
1047862,ED,2019-12-31,332629597
1047862,ED,2020-12-31,342297534
1047862,ED,2021-12-31,353983712
1047862,ED,2022-12-31,354962058
1047862,ED,2023-12-31,345415772
1047862,ED,2024-12-31,346597693
1047862,ED,2025-12-31,361000000
33185,EFX,2009-12-31,126200000
33185,EFX,2010-03-31,126600000
33185,EFX,2010-06-30,125000000
33185,EFX,2010-09-30,123400000
33185,EFX,2010-12-31,122600000
33185,EFX,2011-03-31,123000000
33185,EFX,2011-06-30,122400000
33185,EFX,2011-09-30,121100000
33185,EFX,2011-12-31,119600000
33185,EFX,2012-03-31,120400000
33185,EFX,2012-06-30,119800000
33185,EFX,2012-09-30,119.3
33185,EFX,2012-12-31,120400000
33185,EFX,2013-03-31,120.6
33185,EFX,2013-06-30,121300000
33185,EFX,2013-09-30,121500000
33185,EFX,2013-12-31,121900000
33185,EFX,2014-03-31,122000000
33185,EFX,2014-06-30,121800000
33185,EFX,2014-09-30,120400000
33185,EFX,2014-12-31,119400000
33185,EFX,2015-03-31,119000000
33185,EFX,2015-06-30,118200000
33185,EFX,2015-09-30,118300000
33185,EFX,2015-12-31,118700000
33185,EFX,2016-03-31,119000000
33185,EFX,2016-06-30,119300000
33185,EFX,2016-09-30,119600000
33185,EFX,2016-12-31,119900000
33185,EFX,2017-03-31,120200000
33185,EFX,2017-06-30,120400000
33185,EFX,2017-09-30,120000000
33185,EFX,2017-12-31,120100000
33185,EFX,2018-03-31,120300000
33185,EFX,2018-06-30,120400000
33185,EFX,2018-09-30,120600000
33185,EFX,2018-12-31,120600000
33185,EFX,2019-03-31,120800000
33185,EFX,2019-06-30,120900000
33185,EFX,2019-09-30,121100000
33185,EFX,2019-12-31,121200000
33185,EFX,2020-03-31,121400000
33185,EFX,2020-06-30,121500000
33185,EFX,2020-09-30,121600000
33185,EFX,2020-12-31,121800000
33185,EFX,2021-03-31,121700000
33185,EFX,2021-06-30,121800000
33185,EFX,2021-09-30,122000000
33185,EFX,2021-12-31,122100000
33185,EFX,2022-03-31,122300000
33185,EFX,2022-06-30,122400000
33185,EFX,2022-09-30,122400000
33185,EFX,2022-12-31,122500000
33185,EFX,2023-03-31,122600000
33185,EFX,2023-06-30,122700000
33185,EFX,2023-09-30,123200000
33185,EFX,2023-12-31,123300000
33185,EFX,2024-03-31,123600000
33185,EFX,2024-06-30,123700000
33185,EFX,2024-09-30,123900000
33185,EFX,2024-12-31,124000000
33185,EFX,2025-03-31,124200000
33185,EFX,2025-06-30,123800000
33185,EFX,2025-09-30,122600000
33185,EFX,2025-12-31,120400000
33185,EFX,2026-03-31,119300000
33185,EFX,2026-06-30,117600000
1095073,EG,2010-12-31,66017000
1095073,EG,2011-12-31,66455000
1095073,EG,2012-03-31,66721000
1095073,EG,2012-06-30,66944000
1095073,EG,2012-09-30,67024000
1095073,EG,2012-12-31,67105000
1095073,EG,2013-03-31,67604000
1095073,EG,2013-06-30,67812000
1095073,EG,2013-09-30,67863000
1095073,EG,2013-12-31,67965000
1095073,EG,2014-03-31,68171000
1095073,EG,2014-06-30,68280000
1095073,EG,2014-09-30,68309000
1095073,EG,2014-12-31,68336000
1095073,EG,2015-03-31,68496000
1095073,EG,2015-06-30,68555000
1095073,EG,2015-09-30,68585000
1095073,EG,2015-12-31,68606000
1095073,EG,2016-03-31,68776000
1095073,EG,2016-06-30,68805000
1095073,EG,2016-09-30,68822000
1095073,EG,2016-12-31,68871000
1095073,EG,2017-03-31,69030000
1095073,EG,2017-06-30,69037000
1095073,EG,2017-09-30,69040000
1095073,EG,2017-12-31,69044000
1095073,EG,2018-03-31,69187000
1095073,EG,2018-06-30,69181000
1095073,EG,2018-09-30,69198000
1095073,EG,2018-12-31,69202000
1095073,EG,2019-03-31,69396000
1095073,EG,2019-06-30,69406000
1095073,EG,2019-09-30,69406000
1095073,EG,2019-12-31,69464000
1095073,EG,2020-03-31,69624000
1095073,EG,2020-06-30,69608000
1095073,EG,2020-09-30,69603000
1095073,EG,2020-12-31,69620000
1095073,EG,2021-03-31,69816000
1095073,EG,2021-06-30,69817000
1095073,EG,2021-09-30,69806000
1095073,EG,2021-12-31,69800000
1095073,EG,2022-03-31,69977000
1095073,EG,2022-06-30,69947000
1095073,EG,2022-09-30,69900000
1095073,EG,2022-12-31,69900000
1095073,EG,2023-03-31,70000000
1095073,EG,2023-06-30,74200000
1095073,EG,2023-09-30,74200000
1095073,EG,2023-12-31,74200000
1095073,EG,2024-03-31,74300000
1095073,EG,2024-06-30,74300000
1095073,EG,2024-09-30,74300000
1095073,EG,2024-12-31,74300000
1095073,EG,2025-03-31,74400000
1095073,EG,2025-06-30,74400000
1095073,EG,2025-09-30,74400000
1095073,EG,2025-12-31,74400000
1095073,EG,2026-03-31,74500000
1095073,EG,2026-06-30,74500000
827052,EIX,2008-12-31,325811206
827052,EIX,2009-06-30,325811206
827052,EIX,2009-09-30,325811206
827052,EIX,2009-12-31,325811206
827052,EIX,2010-03-31,325811206
827052,EIX,2010-06-30,325811206
827052,EIX,2010-09-30,325811206
827052,EIX,2010-12-31,325811206
827052,EIX,2011-03-31,325811206
827052,EIX,2011-06-30,325811206
827052,EIX,2011-09-30,325811206
827052,EIX,2011-12-31,325811206
827052,EIX,2012-03-31,325811206
827052,EIX,2012-06-30,325811206
827052,EIX,2012-09-30,325811206
827052,EIX,2012-12-31,325811206
827052,EIX,2013-03-31,325811206
827052,EIX,2013-06-30,325811206
827052,EIX,2013-09-30,325811206
827052,EIX,2013-12-31,325811206
827052,EIX,2014-03-31,325811206
827052,EIX,2014-06-30,325811206
827052,EIX,2014-09-30,325811206
827052,EIX,2014-12-31,325811206
827052,EIX,2015-03-31,325811206
827052,EIX,2015-06-30,325811206
827052,EIX,2015-09-30,325811206
827052,EIX,2015-12-31,325811206
827052,EIX,2016-03-31,325811206
827052,EIX,2016-06-30,325811206
827052,EIX,2016-09-30,325811206
827052,EIX,2016-12-31,325811206
827052,EIX,2017-03-31,325811206
827052,EIX,2017-06-30,325811206
827052,EIX,2017-09-30,325811206
827052,EIX,2017-12-31,325811206
827052,EIX,2018-03-31,325811206
827052,EIX,2018-06-30,325811206
827052,EIX,2018-09-30,325811206
827052,EIX,2018-12-31,325811206
827052,EIX,2019-03-31,361985133
827052,EIX,2019-06-30,325811206
827052,EIX,2019-09-30,358522961
827052,EIX,2019-12-31,361985133
827052,EIX,2020-03-31,363476346
827052,EIX,2020-06-30,378207496
827052,EIX,2020-09-30,378512829
827052,EIX,2020-12-31,378907147
827052,EIX,2021-03-31,379433168
827052,EIX,2021-06-30,379695134
827052,EIX,2021-09-30,379887286
827052,EIX,2021-12-31,380378145
827052,EIX,2022-03-31,380901110
827052,EIX,2022-06-30,381397456
827052,EIX,2022-09-30,381873341
827052,EIX,2022-12-31,382208498
827052,EIX,2023-03-31,382659081
827052,EIX,2023-06-30,383248837
827052,EIX,2023-09-30,383567856
827052,EIX,2023-12-31,383924912
827052,EIX,2024-03-31,384735109
827052,EIX,2024-06-30,386099652
827052,EIX,2024-09-30,387148995
827052,EIX,2024-12-31,384784719
827052,EIX,2025-03-31,384763662
827052,EIX,2025-06-30,384786397
827052,EIX,2025-09-30,384787056
827052,EIX,2025-12-31,384787056
827052,EIX,2026-03-31,384793941
1156039,ELV,2008-12-31,503230575
1156039,ELV,2009-06-30,477268311
1156039,ELV,2009-09-30,465023897
1156039,ELV,2009-12-31,449789672
1156039,ELV,2010-03-31,431360762
1156039,ELV,2010-09-30,394807753
1156039,ELV,2010-12-31,377736929
1156039,ELV,2011-03-31,368668482
1156039,ELV,2011-06-30,362223698
1156039,ELV,2011-09-30,349216428
1156039,ELV,2011-12-31,339372680
1156039,ELV,2012-03-31,331807383
1156039,ELV,2012-06-30,325159845
1156039,ELV,2012-09-30,314012463
1156039,ELV,2012-12-31,304715144
1156039,ELV,2013-03-31,300693279
1156039,ELV,2013-06-30,299346446
1156039,ELV,2013-09-30,296188115
1156039,ELV,2013-12-31,293273830
1156039,ELV,2014-03-31,281912262
1156039,ELV,2014-06-30,274470910
1156039,ELV,2014-09-30,270512468
1156039,ELV,2014-12-31,268109932
1156039,ELV,2015-03-31,264905598
1156039,ELV,2015-06-30,261575584
1156039,ELV,2015-09-30,261029323
1156039,ELV,2015-12-31,261238188
1156039,ELV,2016-03-31,262840916
1156039,ELV,2016-06-30,263153816
1156039,ELV,2016-09-30,263396236
1156039,ELV,2016-12-31,263747395
1156039,ELV,2017-03-31,265074917
1156039,ELV,2017-06-30,263095951
1156039,ELV,2017-09-30,257404755
1156039,ELV,2017-12-31,256084913
1156039,ELV,2018-03-31,255544728
1156039,ELV,2018-06-30,260132949
1156039,ELV,2018-09-30,258931814
1156039,ELV,2018-12-31,257395577
1156039,ELV,2019-03-31,257354383
1156039,ELV,2019-06-30,255876479
1156039,ELV,2019-09-30,253780229
1156039,ELV,2019-12-31,252922161
1156039,ELV,2020-03-31,252020028
1156039,ELV,2020-06-30,252122363
1156039,ELV,2020-09-30,249444426
1156039,ELV,2020-12-31,245401430
1156039,ELV,2021-03-31,245401430
1156039,ELV,2021-06-30,243922167
1156039,ELV,2021-09-30,242847676
1156039,ELV,2021-12-31,241770746
1156039,ELV,2022-03-31,241140929
1156039,ELV,2022-06-30,240051897
1156039,ELV,2022-09-30,238974624
1156039,ELV,2022-12-31,237958067
1156039,ELV,2023-03-31,237114190
1156039,ELV,2023-06-30,235861650
1156039,ELV,2023-09-30,234906987
1156039,ELV,2023-12-31,233071088
1156039,ELV,2024-03-31,232544717
1156039,ELV,2024-06-30,231902075
1156039,ELV,2024-09-30,231929643
1156039,ELV,2024-12-31,227479695
1156039,ELV,2025-03-31,225641361
1156039,ELV,2025-06-30,224835508
1156039,ELV,2025-09-30,222036187
1156039,ELV,2025-12-31,220723898
1156039,ELV,2026-03-31,217368494
1156039,ELV,2026-06-30,216841146
105634,EME,2010-12-31,66660551
105634,EME,2011-06-30,66865176
105634,EME,2011-09-30,66992150
105634,EME,2011-12-31,66444400
105634,EME,2012-03-31,66730589
105634,EME,2012-06-30,66495910
105634,EME,2012-09-30,66527013
105634,EME,2012-12-31,66964162
105634,EME,2013-03-31,67113961
105634,EME,2013-06-30,67077160
105634,EME,2013-09-30,67125653
105634,EME,2013-12-31,66896518
105634,EME,2014-03-31,67347134
105634,EME,2014-06-30,67052134
105634,EME,2014-09-30,65570324
105634,EME,2014-12-31,62981229
105634,EME,2015-03-31,62681887
105634,EME,2015-06-30,62784449
105634,EME,2015-09-30,62809177
105634,EME,2015-12-31,61067868
105634,EME,2016-03-31,60681075
105634,EME,2016-06-30,60789014
105634,EME,2016-09-30,60786064
105634,EME,2016-12-31,59946984
105634,EME,2017-03-31,59255759
105634,EME,2017-06-30,59171463
105634,EME,2017-09-30,58806509
105634,EME,2017-12-31,58798428
105634,EME,2018-03-31,58450685
105634,EME,2018-06-30,58173108
105634,EME,2018-09-30,57751630
105634,EME,2018-12-31,55983763
105634,EME,2019-03-31,56084710
105634,EME,2019-06-30,56129224
105634,EME,2019-09-30,56147875
105634,EME,2019-12-31,56219831
105634,EME,2020-03-31,54837771
105634,EME,2020-06-30,54897926
105634,EME,2020-09-30,54922620
105634,EME,2020-12-31,54755900
105634,EME,2021-03-31,54729679
105634,EME,2021-06-30,53747352
105634,EME,2021-09-30,53382560
105634,EME,2021-12-31,53299738
105634,EME,2022-03-31,51829923
105634,EME,2022-06-30,49364981
105634,EME,2022-09-30,47647114
105634,EME,2022-12-31,47666725
105634,EME,2023-03-31,47635583
105634,EME,2023-06-30,47130116
105634,EME,2023-09-30,47141954
105634,EME,2023-12-31,47047265
105634,EME,2024-03-31,46995600
105634,EME,2024-06-30,46712350
105634,EME,2024-09-30,45997428
105634,EME,2024-12-31,45810125
105634,EME,2025-03-31,45330671
105634,EME,2025-06-30,44762776
105634,EME,2025-09-30,44764843
105634,EME,2025-12-31,44520367
105634,EME,2026-03-31,44439940
105634,EME,2026-06-30,44240047
32604,EMR,2008-09-30,771216037
32604,EMR,2009-06-30,751500000
32604,EMR,2009-09-30,751872857
32604,EMR,2009-12-31,752445327
32604,EMR,2010-03-31,753305725
32604,EMR,2010-06-30,752629414
32604,EMR,2010-09-30,752690806
32604,EMR,2010-12-31,754113520
32604,EMR,2011-03-31,752561758
32604,EMR,2011-06-30,746860009
32604,EMR,2011-09-30,738877768
32604,EMR,2011-12-31,734739727
32604,EMR,2012-03-31,733605355
32604,EMR,2012-06-30,729345876
32604,EMR,2012-09-30,724113291
32604,EMR,2012-12-31,722641142
32604,EMR,2013-03-31,720709585
32604,EMR,2013-06-30,715829171
32604,EMR,2013-09-30,706660259
32604,EMR,2013-12-31,704388012
32604,EMR,2014-03-31,701571074
32604,EMR,2014-06-30,699153376
32604,EMR,2014-09-30,696605222
32604,EMR,2014-12-31,688677106
32604,EMR,2015-03-31,673858557
32604,EMR,2015-06-30,663311878
32604,EMR,2015-09-30,654608521
32604,EMR,2015-12-31,643099581
32604,EMR,2016-03-31,643261142
32604,EMR,2016-06-30,643402613
32604,EMR,2016-09-30,642796490
32604,EMR,2016-12-31,644694794
32604,EMR,2017-03-31,644380547
32604,EMR,2017-06-30,639966841
32604,EMR,2017-09-30,641700000
32604,EMR,2017-12-31,634221544
32604,EMR,2018-03-31,631535208
32604,EMR,2018-06-30,628411667
32604,EMR,2018-09-30,629200000
32604,EMR,2018-12-31,615800000
32604,EMR,2019-03-31,614800000
32604,EMR,2019-06-30,615100000
32604,EMR,2019-09-30,611000000
32604,EMR,2019-12-31,611600000
32604,EMR,2020-03-31,597500000
32604,EMR,2020-06-30,597600000
32604,EMR,2020-09-30,598000000
32604,EMR,2020-12-31,599800000
32604,EMR,2021-03-31,599700000
32604,EMR,2021-06-30,597800000
32604,EMR,2021-09-30,595800000
32604,EMR,2021-12-31,594000000
32604,EMR,2022-03-31,593900000
32604,EMR,2022-06-30,592200000
32604,EMR,2022-09-30,591400000
32604,EMR,2022-12-31,571400000
32604,EMR,2023-03-31,571500000
32604,EMR,2023-06-30,571500000
32604,EMR,2023-09-30,572000000
32604,EMR,2023-12-31,571700000
32604,EMR,2024-03-31,572100000
32604,EMR,2024-06-30,572700000
32604,EMR,2024-09-30,570200000
32604,EMR,2024-12-31,563900000
32604,EMR,2025-03-31,562500000
32604,EMR,2025-06-30,562800000
32604,EMR,2025-09-30,562800000
32604,EMR,2025-12-31,562000000
32604,EMR,2026-03-31,560100000
32604,EMR,2026-06-30,557800000
821189,EOG,2007-12-31,246525000
821189,EOG,2008-12-31,249632000
821189,EOG,2009-12-31,252509000
821189,EOG,2010-12-31,254077000
821189,EOG,2011-12-31,269019000
821189,EOG,2012-12-31,271632000
1101239,EQIX,2009-12-31,39315250
1101239,EQIX,2010-12-31,46166689
1101239,EQIX,2011-12-31,46671199
1101239,EQIX,2012-12-31,48776108
1101239,EQIX,2013-12-31,49589008
1101239,EQIX,2014-12-31,56451255
1101239,EQIX,2015-12-31,62100159
1101239,EQIX,2016-12-31,71409015
1101239,EQIX,2017-03-31,77911859
1101239,EQIX,2017-06-30,77944939
1101239,EQIX,2017-09-30,78233670
1101239,EQIX,2017-12-31,79038062
1101239,EQIX,2018-03-31,79457531
1101239,EQIX,2018-06-30,79507996
1101239,EQIX,2018-09-30,80390472
1101239,EQIX,2018-12-31,80722258
1101239,EQIX,2019-03-31,84070003
1101239,EQIX,2019-06-30,84819158
1101239,EQIX,2019-09-30,85278859
1101239,EQIX,2019-12-31,85308386
1101239,EQIX,2020-03-31,85927060
1101239,EQIX,2020-06-30,88549394
1101239,EQIX,2020-09-30,89101716
1101239,EQIX,2020-12-31,89134252
1101239,EQIX,2021-03-31,89574510
1101239,EQIX,2021-06-30,89750177
1101239,EQIX,2021-09-30,90041200
1101239,EQIX,2021-12-31,90571406
1101239,EQIX,2022-03-31,91013824
1101239,EQIX,2022-06-30,91075115
1101239,EQIX,2022-09-30,92536979
1101239,EQIX,2022-12-31,92620703
1101239,EQIX,2023-03-31,93514718
1101239,EQIX,2023-06-30,93564869
1101239,EQIX,2023-09-30,93883296
1101239,EQIX,2023-12-31,94479000
1101239,EQIX,2024-03-31,94904000
1101239,EQIX,2024-06-30,94945000
1101239,EQIX,2024-09-30,96488000
1101239,EQIX,2024-12-31,97287000
1101239,EQIX,2025-03-31,97819000
1101239,EQIX,2025-06-30,97865000
1101239,EQIX,2025-09-30,98187000
1101239,EQIX,2025-12-31,98226000
1101239,EQIX,2026-03-31,98623000
1101239,EQIX,2026-06-30,98671000
72741,ES,2012-04-09,314000000
72741,ES,2013-12-31,315273559
72741,ES,2014-03-31,315817718
72741,ES,2014-06-30,316219354
72741,ES,2014-09-30,316622631
72741,ES,2014-12-31,316983337
72741,ES,2015-03-31,317468999
72741,ES,2015-06-30,317161942
72741,ES,2015-09-30,317191249
72741,ES,2015-12-31,317191249
72741,ES,2016-03-31,317207036
72741,ES,2016-06-30,317207036
72741,ES,2016-09-30,317207036
72741,ES,2016-12-31,316885808
72741,ES,2017-03-31,316885808
72741,ES,2017-06-30,316885808
72741,ES,2017-09-30,316885808
72741,ES,2017-12-31,316885808
72741,ES,2018-03-31,316885808
72741,ES,2018-06-30,316885808
72741,ES,2018-09-30,316885808
72741,ES,2018-12-31,316885808
72741,ES,2019-03-31,317347470
72741,ES,2019-06-30,323574439
72741,ES,2019-09-30,323733423
72741,ES,2019-12-31,329880645
72741,ES,2020-03-31,336411187
72741,ES,2020-06-30,342627862
72741,ES,2020-09-30,342797473
72741,ES,2020-12-31,342954023
72741,ES,2021-03-31,343434298
72741,ES,2021-06-30,343601103
72741,ES,2021-09-30,343774324
72741,ES,2021-12-31,344403196
72741,ES,2022-03-31,344850272
72741,ES,2022-06-30,346411029
72741,ES,2022-09-30,347348749
72741,ES,2022-12-31,348443855
72741,ES,2023-03-31,348808082
72741,ES,2023-06-30,349021936
72741,ES,2023-09-30,349275775
72741,ES,2023-12-31,349540266
72741,ES,2024-03-31,351379414
72741,ES,2024-06-30,354566071
72741,ES,2024-09-30,363891973
72741,ES,2024-12-31,366608052
72741,ES,2025-03-31,367307083
72741,ES,2025-06-30,371038611
72741,ES,2025-09-30,375096584
72741,ES,2025-12-31,375416880
72741,ES,2026-03-31,375974644
72741,ES,2026-06-30,376598337
920522,ESS,2009-12-31,28849779
920522,ESS,2010-06-30,28849779
920522,ESS,2010-09-30,28849779
920522,ESS,2010-12-31,31324808
920522,ESS,2011-03-31,28849779
920522,ESS,2011-06-30,31324808
920522,ESS,2011-09-30,31324808
920522,ESS,2011-12-31,33888082
920522,ESS,2012-03-31,34133506
920522,ESS,2012-06-30,35070620
920522,ESS,2012-09-30,35714182
920522,ESS,2012-12-31,36442994
920522,ESS,2013-03-31,37276204
920522,ESS,2013-06-30,37317622000
920522,ESS,2013-09-30,37323297000
920522,ESS,2013-12-31,36442994
920522,ESS,2014-03-31,38392134
920522,ESS,2014-06-30,62301305
920522,ESS,2014-09-30,63229790
920522,ESS,2014-12-31,63682646
920522,ESS,2015-03-31,64620378
920522,ESS,2015-06-30,65042681
920522,ESS,2015-09-30,65234597
920522,ESS,2015-12-31,65379359
920522,ESS,2016-03-31,65426726
920522,ESS,2016-06-30,65479054
920522,ESS,2016-09-30,65522585
920522,ESS,2016-12-31,65527993
920522,ESS,2017-03-31,65569521
920522,ESS,2017-06-30,65988761
920522,ESS,2017-09-30,66002487
920522,ESS,2017-12-31,66054399
920522,ESS,2018-03-31,66044441
920522,ESS,2018-06-30,66049618
920522,ESS,2018-09-30,66055166
920522,ESS,2018-12-31,65890322
920522,ESS,2019-03-31,65715783
920522,ESS,2019-06-30,65726808
920522,ESS,2019-09-30,66081635
920522,ESS,2019-12-31,66091954
920522,ESS,2020-03-31,65412355
920522,ESS,2020-06-30,65331206
920522,ESS,2020-09-30,65209946
920522,ESS,2020-12-31,64999015
920522,ESS,2021-03-31,64998910
920522,ESS,2021-06-30,65003996
920522,ESS,2021-09-30,65081032
920522,ESS,2021-12-31,65248393
920522,ESS,2022-03-31,65332274
920522,ESS,2022-06-30,65124355
920522,ESS,2022-09-30,64753312
920522,ESS,2022-12-31,64604603
920522,ESS,2023-03-31,64181614
920522,ESS,2023-06-30,64183304
920522,ESS,2023-09-30,64184604
920522,ESS,2023-12-31,64203497
920522,ESS,2024-03-31,64209059
920522,ESS,2024-06-30,64210493
920522,ESS,2024-09-30,64267485
920522,ESS,2024-12-31,64280466
920522,ESS,2025-03-31,64358097
920522,ESS,2025-06-30,64403865
920522,ESS,2025-09-30,64404022
920522,ESS,2025-12-31,64442290
920522,ESS,2026-03-31,64309677
920522,ESS,2026-06-30,64268177
1551182,ETN,2011-12-31,334400000
1551182,ETN,2012-12-31,470700000
1551182,ETN,2013-12-31,475100000
1551182,ETN,2014-12-31,467900000
1551182,ETN,2015-12-31,458800000
1551182,ETN,2016-12-31,449400000
1551182,ETN,2017-12-31,439900000
1551182,ETN,2018-12-31,423600000
1551182,ETN,2019-09-30,413400000
1551182,ETN,2019-12-31,413300000
1551182,ETN,2020-03-31,400000000
1551182,ETN,2020-06-30,400100000
1551182,ETN,2020-09-30,398600000
1551182,ETN,2020-12-31,398100000
1551182,ETN,2021-03-31,398500000
1551182,ETN,2021-06-30,398600000
1551182,ETN,2021-09-30,398600000
1551182,ETN,2021-12-31,398800000
1551182,ETN,2022-03-31,399000000
1551182,ETN,2022-06-30,398300000
1551182,ETN,2022-09-30,397700000
1551182,ETN,2022-12-31,397800000
1551182,ETN,2023-03-31,398600000
1551182,ETN,2023-06-30,399000000
1551182,ETN,2023-09-30,399300000
1551182,ETN,2023-12-31,399400000
1551182,ETN,2024-03-31,399800000
1551182,ETN,2024-06-30,398100000
1551182,ETN,2024-09-30,395200000
1551182,ETN,2024-12-31,392900000
1551182,ETN,2025-03-31,391300000
1551182,ETN,2025-06-30,389300000
1551182,ETN,2025-09-30,388400000
1551182,ETN,2025-12-31,387900000
1551182,ETN,2026-03-31,388300000
1551182,ETN,2026-06-30,388400000
1711269,EVRG,2018-06-04,215800074
1099800,EW,2009-12-31,56800000
1099800,EW,2010-06-30,113100000
1099800,EW,2010-09-30,114100000
1099800,EW,2010-12-31,115000000
1099800,EW,2011-03-31,114800000
1099800,EW,2011-06-30,114900000
1099800,EW,2011-09-30,114200000
1099800,EW,2011-12-31,114100000
1099800,EW,2012-03-31,114000000
1099800,EW,2012-06-30,115300000
1099800,EW,2012-09-30,116000000
1099800,EW,2012-12-31,114300000
1099800,EW,2013-03-31,113500000
1099800,EW,2013-06-30,112200000
1099800,EW,2013-09-30,109400000
1099800,EW,2013-12-31,109300000
1099800,EW,2014-03-31,105300000
1099800,EW,2014-06-30,106000000
1099800,EW,2014-09-30,106900000
1099800,EW,2014-12-31,107800000
1099800,EW,2015-03-31,107500000
1099800,EW,2015-06-30,107400000
1099800,EW,2015-09-30,107700000
1099800,EW,2015-12-31,215400000
1099800,EW,2016-03-31,211900000
1099800,EW,2016-06-30,212700000
1099800,EW,2016-09-30,213700000
1099800,EW,2016-12-31,211600000
1099800,EW,2017-03-31,210400000
1099800,EW,2017-06-30,211100000
1099800,EW,2017-09-30,211600000
1099800,EW,2017-12-31,209700000
1099800,EW,2018-03-31,210700000
1099800,EW,2018-06-30,209200000
1099800,EW,2018-09-30,209100000
1099800,EW,2018-12-31,207700000
1099800,EW,2019-03-31,208400000
1099800,EW,2019-06-30,207900000
1099800,EW,2019-09-30,208500000
1099800,EW,2019-12-31,209100000
1099800,EW,2020-03-31,206500000
1099800,EW,2020-06-30,621400000
1099800,EW,2020-09-30,622900000
1099800,EW,2020-12-31,624300000
1099800,EW,2021-03-31,621800000
1099800,EW,2021-06-30,623100000
1099800,EW,2021-09-30,624200000
1099800,EW,2021-12-31,624100000
1099800,EW,2022-03-31,621400000
1099800,EW,2022-06-30,619800000
1099800,EW,2022-09-30,619400000
1099800,EW,2022-12-31,608300000
1099800,EW,2023-03-31,606000000
1099800,EW,2023-06-30,607900000
1099800,EW,2023-09-30,606500000
1099800,EW,2023-12-31,601100000
1099800,EW,2024-03-31,602400000
1099800,EW,2024-06-30,602300000
1099800,EW,2024-09-30,589800000
1099800,EW,2024-12-31,588600000
1099800,EW,2025-03-31,586200000
1099800,EW,2025-06-30,587900000
1099800,EW,2025-09-30,580700000
1099800,EW,2025-12-31,580700000
1099800,EW,2026-03-31,577000000
1099800,EW,2026-06-30,576600000
1109357,EXC,2008-12-31,658000000
1109357,EXC,2009-06-30,659000000
1109357,EXC,2009-12-31,659798515
1109357,EXC,2010-03-31,661000000
1109357,EXC,2010-06-30,661000000
1109357,EXC,2010-09-30,661000000
1109357,EXC,2010-12-31,661845411
1109357,EXC,2011-01-31,855019272
1109357,EXC,2011-03-31,662000000
1109357,EXC,2011-06-30,663000000
1109357,EXC,2011-09-30,663000000
1109357,EXC,2011-12-31,663368958
1109357,EXC,2012-03-31,852000000
1109357,EXC,2012-06-30,853573260
1109357,EXC,2012-09-30,854283102
1109357,EXC,2012-12-31,854781389
1109357,EXC,2013-03-31,855849302
1109357,EXC,2013-06-30,856563385
1109357,EXC,2013-09-30,856563385
1109357,EXC,2013-12-31,857290484
1109357,EXC,2014-03-31,858721507
1109357,EXC,2014-06-30,893940600
1109357,EXC,2014-12-31,859833343
1109357,EXC,2015-03-31,861243550
1109357,EXC,2015-06-30,861243550
1109357,EXC,2015-12-31,919924742
1109357,EXC,2016-03-31,858721507
1109357,EXC,2016-12-31,922872373
1109357,EXC,2017-03-31,926096660
1109357,EXC,2017-06-30,960087898
1109357,EXC,2017-09-30,960852473
1109357,EXC,2017-12-31,963335888
1109357,EXC,2018-03-31,965381919
1109357,EXC,2018-06-30,965906701
1109357,EXC,2018-09-30,967009746
1109357,EXC,2018-12-31,968000000
1109357,EXC,2019-03-31,970954879
1109357,EXC,2019-06-30,972000000
1109357,EXC,2019-09-30,972000000
1109357,EXC,2019-12-31,973000000
1109357,EXC,2020-03-31,974000000
1109357,EXC,2020-06-30,975000000
1109357,EXC,2020-09-30,976000000
1109357,EXC,2020-12-31,976000000
1109357,EXC,2021-03-31,977000000
1109357,EXC,2021-06-30,978000000
1109357,EXC,2021-09-30,978000000
1109357,EXC,2021-12-31,979000000
1109357,EXC,2022-03-31,980000000
1109357,EXC,2022-06-30,980000000
1109357,EXC,2022-09-30,994000000
1109357,EXC,2022-12-31,994000000
1109357,EXC,2023-03-31,994000000
1109357,EXC,2023-06-30,995000000
1109357,EXC,2023-09-30,995000000
1109357,EXC,2023-12-31,999000000
1109357,EXC,2024-03-31,1000000000
1109357,EXC,2024-06-30,1000000000
1109357,EXC,2024-09-30,1005000000
1109357,EXC,2024-12-31,1005000000
1109357,EXC,2025-03-31,1009000000
1109357,EXC,2025-06-30,1010000000
1109357,EXC,2025-09-30,1010000000
1109357,EXC,2025-12-31,1023000000
1109357,EXC,2026-03-31,1023000000
895126,EXE,2009-12-31,648549000
895126,EXE,2010-03-31,651823000
895126,EXE,2010-06-30,651997000
895126,EXE,2010-12-31,655251000
895126,EXE,2011-03-31,659020000
895126,EXE,2011-06-30,659108000
895126,EXE,2019-02-01,717376170
895126,EXE,2020-04-10,1957000000
746515,EXPD,2008-12-31,211973377
746515,EXPD,2009-06-30,212061173
746515,EXPD,2009-09-30,211984747
746515,EXPD,2009-12-31,212025494
746515,EXPD,2010-03-31,212569202
746515,EXPD,2010-06-30,212018342
746515,EXPD,2010-09-30,212090154
746515,EXPD,2010-12-31,212047774
746515,EXPD,2011-03-31,212034197
746515,EXPD,2011-06-30,211992082
746515,EXPD,2011-09-30,211979262
746515,EXPD,2011-12-31,212003662
746515,EXPD,2012-03-31,212275083
746515,EXPD,2012-06-30,210503675
746515,EXPD,2012-09-30,208950205
746515,EXPD,2012-12-31,206392013
746515,EXPD,2013-03-31,206475743
746515,EXPD,2013-06-30,206321425
746515,EXPD,2013-09-30,205455991
746515,EXPD,2013-12-31,202553220
746515,EXPD,2014-03-31,197166665
746515,EXPD,2014-06-30,195036823
746515,EXPD,2014-09-30,193019604
746515,EXPD,2014-12-31,191656000
746515,EXPD,2015-03-31,191120214
746515,EXPD,2015-06-30,189117916
746515,EXPD,2015-09-30,186183201
746515,EXPD,2015-12-31,182067000
746515,EXPD,2016-03-31,181562000
746515,EXPD,2016-06-30,180841000
746515,EXPD,2016-09-30,180278000
746515,EXPD,2016-12-31,179857000
746515,EXPD,2017-03-31,179924000
746515,EXPD,2017-06-30,179637000
746515,EXPD,2017-09-30,177559000
746515,EXPD,2017-12-31,176374000
746515,EXPD,2018-03-31,174308000
746515,EXPD,2018-06-30,173577000
746515,EXPD,2018-09-30,172564000
746515,EXPD,2018-12-31,171582000
746515,EXPD,2019-03-31,171648000
746515,EXPD,2019-06-30,170040000
746515,EXPD,2019-09-30,170243000
746515,EXPD,2019-12-31,169622000
746515,EXPD,2020-03-31,166193000
746515,EXPD,2020-06-30,166816000
746515,EXPD,2020-09-30,169231000
746515,EXPD,2020-12-31,169294000
746515,EXPD,2021-03-31,168808000
746515,EXPD,2021-06-30,169169000
746515,EXPD,2021-09-30,169392000
746515,EXPD,2021-12-31,167210000
746515,EXPD,2022-03-31,167477000
746515,EXPD,2022-06-30,162931000
746515,EXPD,2022-09-30,159128000
746515,EXPD,2022-12-31,154313000
746515,EXPD,2023-03-31,152712000
746515,EXPD,2023-06-30,147222000
746515,EXPD,2023-09-30,145386000
746515,EXPD,2023-12-31,143866000
746515,EXPD,2024-03-31,141119000
746515,EXPD,2024-06-30,140633000
746515,EXPD,2024-09-30,139971000
746515,EXPD,2024-12-31,138003000
746515,EXPD,2025-03-31,136733000
746515,EXPD,2025-06-30,135134000
746515,EXPD,2025-09-30,134019000
746515,EXPD,2025-12-31,133884000
746515,EXPD,2026-03-31,132024000
746515,EXPD,2026-06-30,130021000
1324424,EXPE,2019-07-12,136832712
1324424,EXPE,2020-12-31,138074000
1324424,EXPE,2021-09-30,145924000
1324424,EXPE,2021-12-31,150125000
1324424,EXPE,2022-03-31,151554000
1324424,EXPE,2022-06-30,152024000
1324424,EXPE,2022-09-30,150966000
1324424,EXPE,2022-12-31,147757000
1324424,EXPE,2023-03-31,144084000
1324424,EXPE,2023-06-30,138885000
1324424,EXPE,2023-09-30,134331000
1324424,EXPE,2023-12-31,131522000
1324424,EXPE,2024-03-31,128007000
1324424,EXPE,2024-06-30,125281000
1324424,EXPE,2024-09-30,123316000
1324424,EXPE,2024-12-31,123271000
1324424,EXPE,2025-03-31,122220000
1324424,EXPE,2025-06-30,118969000
1324424,EXPE,2025-09-30,117514000
1324424,EXPE,2025-12-31,116975000
1324424,EXPE,2026-03-31,114476000
1324424,EXPE,2026-06-30,114473000
1289490,EXR,2009-12-31,86721841
1289490,EXR,2010-06-30,87481903
1289490,EXR,2010-09-30,87545312
1289490,EXR,2010-12-31,87587322
1289490,EXR,2011-03-31,88546913
1289490,EXR,2011-06-30,94243303
1289490,EXR,2011-09-30,94357528
1289490,EXR,2011-12-31,94783590
1289490,EXR,2012-03-31,95042862
1289490,EXR,2012-06-30,104136770
1289490,EXR,2012-09-30,104322435
1289490,EXR,2012-12-31,110737205
1289490,EXR,2013-03-31,110924996
1289490,EXR,2013-06-30,111223460
1289490,EXR,2013-09-30,111236044
1289490,EXR,2013-12-31,115755527
1289490,EXR,2014-03-31,115869909
1289490,EXR,2014-06-30,116017391
1289490,EXR,2014-09-30,116033989
1289490,EXR,2014-12-31,116360239
1289490,EXR,2015-03-31,116458159
1289490,EXR,2015-06-30,122835005
1289490,EXR,2015-09-30,123332292
1289490,EXR,2015-12-31,124119531
1289490,EXR,2016-03-31,125129324
1289490,EXR,2016-06-30,125238660
1289490,EXR,2016-09-30,125789715
1289490,EXR,2016-12-31,125881460
1289490,EXR,2017-03-31,125912164
1289490,EXR,2017-06-30,125977670
1289490,EXR,2017-09-30,126007207
1289490,EXR,2017-12-31,126007091
1289490,EXR,2018-03-31,126068982
1289490,EXR,2018-06-30,126146055
1289490,EXR,2018-09-30,126504802
1289490,EXR,2018-12-31,127103750
1289490,EXR,2019-03-31,127392050
1289490,EXR,2019-06-30,128513095
1289490,EXR,2019-09-30,129410093
1289490,EXR,2019-12-31,129534407
1289490,EXR,2020-03-31,129038907
1289490,EXR,2020-06-30,129069555
1289490,EXR,2020-09-30,129094900
1289490,EXR,2020-12-31,131357961
1289490,EXR,2021-03-31,133692662
1289490,EXR,2021-06-30,133791109
1289490,EXR,2021-09-30,133819163
1289490,EXR,2021-12-31,133922305
1289490,EXR,2022-03-31,134251076
1289490,EXR,2022-06-30,133900184
1289490,EXR,2022-09-30,133918037
1289490,EXR,2022-12-31,133921020
1289490,EXR,2023-03-31,135007280
1289490,EXR,2023-06-30,135058897
1289490,EXR,2023-09-30,211276086
1289490,EXR,2023-12-31,211278803
1289490,EXR,2024-03-31,211658812
1289490,EXR,2024-06-30,211927348
1289490,EXR,2024-09-30,211981742
1289490,EXR,2024-12-31,211995510
1289490,EXR,2025-03-31,212225353
1289490,EXR,2025-06-30,212252547
1289490,EXR,2025-09-30,212247389
1289490,EXR,2025-12-31,211155322
1289490,EXR,2026-03-31,211197111
1289490,EXR,2026-06-30,211273076
1539838,FANG,2011-12-31,0
1539838,FANG,2012-12-31,36986532
1539838,FANG,2013-03-31,36986532
1539838,FANG,2013-06-30,42161532
1539838,FANG,2013-09-30,47021035
1539838,FANG,2013-12-31,47106216
1539838,FANG,2014-03-31,50700099
1539838,FANG,2014-06-30,50807635
1539838,FANG,2014-09-30,56680359
1539838,FANG,2014-12-31,56887583
1539838,FANG,2015-03-31,59008403
1539838,FANG,2015-06-30,63675209
1539838,FANG,2015-09-30,66656433
1539838,FANG,2015-12-31,66797041
1539838,FANG,2016-03-31,71697750
1539838,FANG,2016-06-30,71705916
1539838,FANG,2016-09-30,78066147
1539838,FANG,2016-12-31,90143934
1539838,FANG,2017-03-31,98127709
1539838,FANG,2017-06-30,98128877
1539838,FANG,2017-09-30,98167289
1539838,FANG,2017-12-31,98167289
1539838,FANG,2018-03-31,98610608
1539838,FANG,2018-06-30,98619628
1539838,FANG,2018-09-30,98673563
1539838,FANG,2018-12-31,164273447
1539838,FANG,2019-03-31,164615642
1539838,FANG,2019-06-30,163949167
1539838,FANG,2019-09-30,161142305
1539838,FANG,2019-12-31,159002338
1539838,FANG,2020-03-31,157815843
1539838,FANG,2020-06-30,157824088
1539838,FANG,2020-09-30,157849848
1539838,FANG,2020-12-31,158088182
1539838,FANG,2021-03-31,180984014
1539838,FANG,2021-06-30,181049191
1539838,FANG,2021-09-30,180791028
1539838,FANG,2021-12-31,177551347
1539838,FANG,2022-03-31,177550589
1539838,FANG,2022-06-30,175201453
1539838,FANG,2022-09-30,175631465
1539838,FANG,2022-12-31,179840797
1539838,FANG,2023-03-31,181604781
1539838,FANG,2023-06-30,179221318
1539838,FANG,2023-09-30,178815302
1539838,FANG,2023-12-31,178723871
1539838,FANG,2024-03-31,178339978
1539838,FANG,2024-06-30,178394239
1539838,FANG,2024-09-30,292742664
1539838,FANG,2024-12-31,290984373
1539838,FANG,2025-03-31,287287926
1539838,FANG,2025-06-30,291155296
1539838,FANG,2025-09-30,286876206
1539838,FANG,2025-12-31,284594908
1539838,FANG,2026-03-31,281311730
1539838,FANG,2026-06-30,280567508
815556,FAST,2008-12-31,148530712
815556,FAST,2009-06-30,148530712
815556,FAST,2009-09-30,148530712
815556,FAST,2009-12-31,147430712
815556,FAST,2010-03-31,147430712
815556,FAST,2010-06-30,147430712
815556,FAST,2010-09-30,147430712
815556,FAST,2010-12-31,294861424
815556,FAST,2011-03-31,147430712
815556,FAST,2011-06-30,295099324
815556,FAST,2011-09-30,295203874
815556,FAST,2011-12-31,295258674
815556,FAST,2012-03-31,296071374
815556,FAST,2012-06-30,296150999
815556,FAST,2012-09-30,296307832
815556,FAST,2012-12-31,296564382
815556,FAST,2013-03-31,296686427
815556,FAST,2013-06-30,296860119
815556,FAST,2013-09-30,296742069
815556,FAST,2013-12-31,296753544
815556,FAST,2014-03-31,296624319
815556,FAST,2014-06-30,296764444
815556,FAST,2014-09-30,296440794
815556,FAST,2014-12-31,295867844
815556,FAST,2015-03-31,293955044
815556,FAST,2015-06-30,290149384
815556,FAST,2015-09-30,289654284
815556,FAST,2015-12-31,289581682
815556,FAST,2016-03-31,288872549
815556,FAST,2016-06-30,288945899
815556,FAST,2016-09-30,289024824
815556,FAST,2016-12-31,578323848
815556,FAST,2017-03-31,289263924
815556,FAST,2017-06-30,287978174
815556,FAST,2017-09-30,287383174
815556,FAST,2017-12-31,575183072
815556,FAST,2018-03-31,287687089
815556,FAST,2018-06-30,286948535
815556,FAST,2018-09-30,287056618
815556,FAST,2018-12-31,571803838
815556,FAST,2019-03-31,286265537
815556,FAST,2019-06-30,573396959
815556,FAST,2019-09-30,573526178
815556,FAST,2019-12-31,574128911
815556,FAST,2020-03-31,572817649
815556,FAST,2020-06-30,573570647
815556,FAST,2020-09-30,574049821
815556,FAST,2020-12-31,574159575
815556,FAST,2021-03-31,574424155
815556,FAST,2021-06-30,574704880
815556,FAST,2021-09-30,575163289
815556,FAST,2021-12-31,575464682
815556,FAST,2022-03-31,575601845
815556,FAST,2022-06-30,574676079
815556,FAST,2022-09-30,572754406
815556,FAST,2022-12-31,1141623348
815556,FAST,2023-03-31,571024422
815556,FAST,2023-06-30,571288830
815556,FAST,2023-09-30,571404311
815556,FAST,2023-12-31,1143964734
815556,FAST,2024-03-31,572525495
815556,FAST,2024-06-30,572620247
815556,FAST,2024-09-30,572881159
815556,FAST,2024-12-31,1146640904
815556,FAST,2025-03-31,573611957
815556,FAST,2025-06-30,1147617563
815556,FAST,2025-09-30,1148033521
815556,FAST,2025-12-31,1148057473
815556,FAST,2026-03-31,1148000984
815556,FAST,2026-06-30,1147494415
831259,FCX,2010-12-31,945000000
831259,FCX,2011-12-31,945000000
1013237,FDS,2008-08-31,47969000
1013237,FDS,2009-08-31,46740000
1013237,FDS,2010-08-31,46024000
1013237,FDS,2010-11-30,46347000
1013237,FDS,2011-02-28,46140000
1013237,FDS,2011-05-31,45830000
1013237,FDS,2011-08-31,45055000
1013237,FDS,2011-11-30,45114000
1013237,FDS,2012-02-29,44761000
1013237,FDS,2012-05-31,44815000
1013237,FDS,2012-08-31,44279000
1013237,FDS,2012-11-30,44342000
1013237,FDS,2013-02-28,43579000
1013237,FDS,2013-05-31,44038000
1013237,FDS,2013-08-31,43324000
1013237,FDS,2013-11-30,42988000
1013237,FDS,2014-02-28,42362000
1013237,FDS,2014-05-31,42016000
1013237,FDS,2014-08-31,41793000
1013237,FDS,2014-11-30,41579000
1013237,FDS,2015-02-28,41630000
1013237,FDS,2015-05-31,41531000
1013237,FDS,2015-08-31,41317000
1013237,FDS,2015-11-30,41383000
1013237,FDS,2016-02-29,41008000
1013237,FDS,2016-05-31,40656000
1013237,FDS,2016-08-31,40038000
1013237,FDS,2016-11-30,39704000
1013237,FDS,2017-02-28,39419000
1013237,FDS,2017-05-31,39198000
1013237,FDS,2017-08-31,39023000
1013237,FDS,2017-11-30,39110000
1013237,FDS,2018-02-28,38927000
1013237,FDS,2018-05-31,38385000
1013237,FDS,2018-08-31,38193000
1013237,FDS,2018-11-30,38081000
1013237,FDS,2019-02-28,38100000
1013237,FDS,2019-05-31,38218000
1013237,FDS,2019-08-31,38118000
1013237,FDS,2019-11-30,37904000
1013237,FDS,2020-02-29,37849000
1013237,FDS,2020-05-31,37907000
1013237,FDS,2020-08-31,38030000
1013237,FDS,2020-11-30,38008000
1013237,FDS,2021-02-28,37845000
1013237,FDS,2021-05-31,37771000
1013237,FDS,2021-08-31,37615419
1013237,FDS,2021-11-30,37772170
1013237,FDS,2022-02-28,37883866
1013237,FDS,2022-05-31,37971366
1013237,FDS,2022-08-31,38044756
1013237,FDS,2022-11-30,38214108
1013237,FDS,2023-02-28,38313708
1013237,FDS,2023-05-31,38205735
1013237,FDS,2023-08-31,38025372
1013237,FDS,2023-11-30,38059740
1013237,FDS,2024-02-29,38123087
1013237,FDS,2024-05-31,38066195
1013237,FDS,2024-08-31,37952270
1013237,FDS,2024-11-30,38049811
1013237,FDS,2025-02-28,37991384
1013237,FDS,2025-05-31,37858606
1013237,FDS,2025-08-31,37645870
1013237,FDS,2025-11-30,37243824
1013237,FDS,2026-02-28,36640727
1013237,FDS,2026-05-31,35777453
2082247,FDXF,2026-05-31,149505248
1031296,FE,2008-12-31,304835407
1031296,FE,2009-03-31,304835407
1031296,FE,2009-06-30,304835407
1031296,FE,2009-09-30,304835407
1031296,FE,2009-12-31,304835407
1031296,FE,2010-03-31,304835407
1031296,FE,2010-06-30,304835407
1031296,FE,2010-09-30,304835407
1031296,FE,2010-12-31,304835407
1031296,FE,2011-03-31,418216437
1031296,FE,2011-06-30,418216437
1031296,FE,2011-09-30,418216437
1031296,FE,2011-12-31,418216437
1031296,FE,2012-03-31,418216437
1031296,FE,2012-06-30,418216437
1031296,FE,2012-09-30,418216437
1031296,FE,2012-12-31,418628559
1031296,FE,2013-03-31,418216437
1031296,FE,2013-06-30,418216437
1031296,FE,2013-09-30,418216437
1031296,FE,2013-12-31,418628559
1031296,FE,2014-03-31,419837287
1031296,FE,2014-06-30,420271254
1031296,FE,2014-09-30,420729105
1031296,FE,2014-12-31,421102570
1031296,FE,2015-03-31,422025870
1031296,FE,2015-06-30,422453361
1031296,FE,2015-09-30,423041782
1031296,FE,2015-12-31,423560397
1031296,FE,2016-03-31,424712431
1031296,FE,2016-06-30,425198228
1031296,FE,2016-09-30,425743282
1031296,FE,2016-12-31,442344218
1031296,FE,2017-03-31,443740014
1031296,FE,2017-06-30,444304456
1031296,FE,2017-09-30,444858003
1031296,FE,2017-12-31,445334111
1031296,FE,2018-03-31,476909318
1031296,FE,2018-06-30,477513738
1031296,FE,2018-09-30,511445350
1031296,FE,2018-12-31,511915450
1031296,FE,2019-03-31,531442309
1031296,FE,2019-06-30,532092829
1031296,FE,2019-09-30,540311707
1031296,FE,2019-12-31,540652222
1031296,FE,2020-03-31,541753695
1031296,FE,2020-06-30,542110386
1031296,FE,2020-09-30,542590202
1031296,FE,2020-12-31,543117533
1031296,FE,2021-03-31,543900432
1031296,FE,2021-06-30,544193637
1031296,FE,2021-09-30,544419619
1031296,FE,2021-12-31,570261104
1031296,FE,2022-03-31,570932260
1031296,FE,2022-06-30,571395285
1031296,FE,2022-09-30,571753195
1031296,FE,2022-12-31,572130932
1031296,FE,2023-03-31,572836882
1031296,FE,2023-06-30,573362380
1031296,FE,2023-09-30,573814823
1031296,FE,2023-12-31,574335396
1031296,FE,2024-03-31,575516472
1031296,FE,2024-06-30,575922417
1031296,FE,2024-09-30,576317004
1031296,FE,2024-12-31,576612245
1031296,FE,2025-03-31,577156244
1031296,FE,2025-06-30,577403931
1031296,FE,2025-09-30,577665555
1031296,FE,2025-12-31,577851052
1031296,FE,2026-03-31,578431175
1048695,FFIV,2009-09-30,78325000
1048695,FFIV,2010-06-30,79977000
1048695,FFIV,2010-09-30,80355000
1048695,FFIV,2010-12-31,80732000
1048695,FFIV,2011-03-31,80709000
1048695,FFIV,2011-06-30,80727000
1048695,FFIV,2011-09-30,79145000
1048695,FFIV,2011-12-31,79169000
1048695,FFIV,2012-03-31,79035000
1048695,FFIV,2012-06-30,79013000
1048695,FFIV,2012-09-30,78715000
1048695,FFIV,2012-12-31,78574000
1048695,FFIV,2013-03-31,78380000
1048695,FFIV,2013-06-30,78305000
1048695,FFIV,2013-09-30,78090000
1048695,FFIV,2013-12-31,76040000
1048695,FFIV,2014-03-31,75200000
1048695,FFIV,2014-06-30,74415000
1048695,FFIV,2014-09-30,73390000
1048695,FFIV,2014-12-31,72673000
1048695,FFIV,2015-03-31,71655000
1048695,FFIV,2015-06-30,71003000
1048695,FFIV,2015-09-30,70138000
1048695,FFIV,2015-12-31,68751000
1048695,FFIV,2016-03-31,66981000
1048695,FFIV,2016-06-30,66204000
1048695,FFIV,2016-09-30,65315000
1048695,FFIV,2016-12-31,64788000
1048695,FFIV,2017-03-31,64111000
1048695,FFIV,2017-06-30,63544000
1048695,FFIV,2017-09-30,62594000
1048695,FFIV,2017-12-31,61844000
1048695,FFIV,2018-03-31,61115000
1048695,FFIV,2018-06-30,60818000
1048695,FFIV,2018-09-30,60215000
1048695,FFIV,2018-12-31,60058000
1048695,FFIV,2019-03-31,59695000
1048695,FFIV,2019-06-30,60129000
1048695,FFIV,2019-09-30,60367000
1048695,FFIV,2019-12-31,60803000
1048695,FFIV,2020-03-31,60629000
1048695,FFIV,2020-06-30,61164000
1048695,FFIV,2020-09-30,61099000
1048695,FFIV,2020-12-31,61632000
1048695,FFIV,2021-03-31,60052000
1048695,FFIV,2021-06-30,60299000
1048695,FFIV,2021-09-30,60652000
1048695,FFIV,2021-12-31,60711000
1048695,FFIV,2022-03-31,60465000
1048695,FFIV,2022-06-30,59556000
1048695,FFIV,2022-09-30,59860000
1048695,FFIV,2022-12-31,60117000
1048695,FFIV,2023-03-31,60465000
1048695,FFIV,2023-06-30,59296000
1048695,FFIV,2023-09-30,59207000
1048695,FFIV,2023-12-31,58797000
1048695,FFIV,2024-03-31,58609000
1048695,FFIV,2024-06-30,58284000
1048695,FFIV,2024-09-30,58094000
1048695,FFIV,2024-12-31,58132000
1048695,FFIV,2025-03-31,57919000
1048695,FFIV,2025-06-30,57867000
1048695,FFIV,2025-09-30,57684000
1048695,FFIV,2025-12-31,56887000
1048695,FFIV,2026-03-31,56753000
1048695,FFIV,2026-06-30,56826000
814547,FICO,2009-09-30,48156000
814547,FICO,2010-06-30,42271000
814547,FICO,2010-09-30,39882000
814547,FICO,2010-12-31,40062000
814547,FICO,2011-03-31,39824000
814547,FICO,2011-06-30,38685000
814547,FICO,2011-09-30,37084000
814547,FICO,2011-12-31,35993000
814547,FICO,2012-03-31,34261000
814547,FICO,2012-06-30,33692000
814547,FICO,2012-09-30,34839000
814547,FICO,2012-12-31,35478000
814547,FICO,2013-03-31,35855000
814547,FICO,2013-06-30,35178000
814547,FICO,2013-09-30,34786000
814547,FICO,2013-12-31,34909000
814547,FICO,2014-03-31,34257000
814547,FICO,2014-06-30,32855000
814547,FICO,2014-09-30,32047000
814547,FICO,2014-12-31,31724000
814547,FICO,2015-03-31,31368000
814547,FICO,2015-06-30,31137000
814547,FICO,2015-09-30,31290000
814547,FICO,2015-12-31,31372000
814547,FICO,2016-03-31,31159000
814547,FICO,2016-06-30,30952000
814547,FICO,2016-09-30,30935000
814547,FICO,2016-12-31,31157000
814547,FICO,2017-03-31,30962000
814547,FICO,2017-06-30,30720000
814547,FICO,2017-09-30,30243000
814547,FICO,2017-12-31,30246000
814547,FICO,2018-03-31,29835000
814547,FICO,2018-06-30,29317000
814547,FICO,2018-09-30,29015000
814547,FICO,2018-12-31,29056000
814547,FICO,2019-03-31,29056000
814547,FICO,2019-06-30,28931000
814547,FICO,2019-09-30,28944000
814547,FICO,2019-12-31,29186000
814547,FICO,2020-03-31,29082000
814547,FICO,2020-06-30,28999000
814547,FICO,2020-09-30,29096000
814547,FICO,2020-12-31,29236000
814547,FICO,2021-03-31,28829000
814547,FICO,2021-06-30,28386000
814547,FICO,2021-09-30,27568000
814547,FICO,2021-12-31,26509000
814547,FICO,2022-03-31,25982000
814547,FICO,2022-06-30,25252000
814547,FICO,2022-09-30,25154000
814547,FICO,2022-12-31,25155000
814547,FICO,2023-03-31,25016000
814547,FICO,2023-06-30,24892000
814547,FICO,2023-09-30,24770000
814547,FICO,2023-12-31,24879000
814547,FICO,2024-03-31,24753000
814547,FICO,2024-06-30,24564000
814547,FICO,2024-09-30,24392000
814547,FICO,2024-12-31,24443000
814547,FICO,2025-03-31,24352000
814547,FICO,2025-06-30,24096000
814547,FICO,2025-09-30,23764000
814547,FICO,2025-12-31,23763000
814547,FICO,2026-03-31,23295000
814547,FICO,2026-06-30,21597000
35527,FITB,2008-12-31,577386612
35527,FITB,2009-03-31,576935997
35527,FITB,2009-06-30,795313448
35527,FITB,2009-09-30,795316187
35527,FITB,2009-12-31,795068164
35527,FITB,2010-03-31,794816131
35527,FITB,2010-06-30,796319712
35527,FITB,2010-09-30,796283198000000
35527,FITB,2010-12-31,796272522
35527,FITB,2011-03-31,918728008
35527,FITB,2011-06-30,919818137
35527,FITB,2011-09-30,919778513
35527,FITB,2011-12-31,919804436
35527,FITB,2012-03-31,920056340
35527,FITB,2012-09-30,897467318
35527,FITB,2012-12-31,882152057
35527,FITB,2013-03-31,874644724.58
35527,FITB,2013-06-30,851473955.42
35527,FITB,2013-09-30,887029539
35527,FITB,2013-12-31,855305745
35527,FITB,2014-03-31,847568728
35527,FITB,2014-06-30,844488849
35527,FITB,2014-09-30,834261897
35527,FITB,2014-12-31,824046952
35527,FITB,2015-03-31,815190210
35527,FITB,2015-06-30,810054148
35527,FITB,2015-09-30,795439309
35527,FITB,2015-12-31,785080314
35527,FITB,2016-03-31,770470768
35527,FITB,2016-06-30,766345770
35527,FITB,2016-09-30,755582255
35527,FITB,2016-12-31,750479299
35527,FITB,2017-03-31,750144587
35527,FITB,2017-06-30,738872549
35527,FITB,2017-09-30,705473789
35527,FITB,2017-12-31,693804893
35527,FITB,2018-03-31,684941986
35527,FITB,2018-06-30,678161855
35527,FITB,2018-09-30,661372797
35527,FITB,2018-12-31,646630857
35527,FITB,2019-03-31,739406088
35527,FITB,2019-06-30,731473622
35527,FITB,2019-09-30,718583491
35527,FITB,2019-12-31,708915629
35527,FITB,2020-03-31,711306181
35527,FITB,2020-06-30,712202207
35527,FITB,2020-09-30,712327748
35527,FITB,2020-12-31,712760325
35527,FITB,2021-03-31,711595529
35527,FITB,2021-06-30,703739634
35527,FITB,2021-09-30,689790194
35527,FITB,2021-12-31,682777664
35527,FITB,2022-03-31,685905240
35527,FITB,2022-06-30,686151599
35527,FITB,2022-09-30,686343370
35527,FITB,2022-12-31,683385880
35527,FITB,2023-03-31,680536608
35527,FITB,2023-06-30,680850480
35527,FITB,2023-09-30,680989701
35527,FITB,2023-12-31,681124810
35527,FITB,2024-03-31,683812363
35527,FITB,2024-06-30,680789253
35527,FITB,2024-09-30,676268732
35527,FITB,2024-12-31,669853830
35527,FITB,2025-03-31,667272067
35527,FITB,2025-06-30,667709709
35527,FITB,2025-09-30,660973454
35527,FITB,2025-12-31,661197787
35527,FITB,2026-03-31,905822556
35527,FITB,2026-06-30,906572635
1035983,FIX,2013-12-31,37578000
1035983,FIX,2014-06-30,37748000
1035983,FIX,2014-09-30,37373000
1035983,FIX,2014-12-31,37270000
1035983,FIX,2015-03-31,37307000
1035983,FIX,2015-06-30,37550000
1035983,FIX,2015-09-30,37486000
1035983,FIX,2015-12-31,37427000
1035983,FIX,2016-03-31,37392000
1035983,FIX,2016-06-30,37444000
1035983,FIX,2016-09-30,37230000
1035983,FIX,2016-12-31,37209000
1035983,FIX,2017-03-31,37226000
1035983,FIX,2017-06-30,37288000
1035983,FIX,2017-09-30,37134000
1035983,FIX,2017-12-31,37187000
1035983,FIX,2018-03-31,37088000
1035983,FIX,2018-06-30,37246000
1035983,FIX,2018-09-30,37221000
1035983,FIX,2018-12-31,36894000
1035983,FIX,2019-03-31,36891000
1035983,FIX,2019-06-30,36854000
1035983,FIX,2019-09-30,36676000
1035983,FIX,2019-12-31,36658000
1035983,FIX,2020-03-31,36450000
1035983,FIX,2020-06-30,36503000
1035983,FIX,2020-09-30,36400000
1035983,FIX,2020-12-31,36188000
1035983,FIX,2021-03-31,36255000
1035983,FIX,2021-06-30,36349000
1035983,FIX,2021-09-30,36042000
1035983,FIX,2021-12-31,36091000
1035983,FIX,2022-03-31,35953000
1035983,FIX,2022-06-30,35781000
1035983,FIX,2022-09-30,35774000
1035983,FIX,2022-12-31,35761000
1035983,FIX,2023-03-31,35752000
1035983,FIX,2023-06-30,35770000
1035983,FIX,2023-09-30,35760000
1035983,FIX,2023-12-31,35685000
1035983,FIX,2024-03-31,35695000
1035983,FIX,2024-06-30,35691000
1035983,FIX,2024-09-30,35593000
1035983,FIX,2024-12-31,35561000
1035983,FIX,2025-03-31,35308000
1035983,FIX,2025-06-30,35281000
1035983,FIX,2025-09-30,35272000
1035983,FIX,2025-12-31,35177000
1035983,FIX,2026-03-31,35187000
1035983,FIX,2026-06-30,35200000
866374,FLEX,2009-03-31,809633217
866374,FLEX,2009-07-03,810661842
866374,FLEX,2009-10-02,812179620
866374,FLEX,2009-12-31,812618605
866374,FLEX,2010-03-31,813429154
866374,FLEX,2010-07-02,793546425
866374,FLEX,2010-10-01,765933642
866374,FLEX,2010-12-31,759134386
866374,FLEX,2011-03-31,756993938
866374,FLEX,2011-07-01,730775553
866374,FLEX,2011-09-30,712592063
866374,FLEX,2011-12-31,695012119
866374,FLEX,2012-03-31,683740173
866374,FLEX,2012-06-29,665374137
866374,FLEX,2012-09-28,667124874
866374,FLEX,2012-12-31,655515374
866374,FLEX,2013-03-31,638919784
866374,FLEX,2013-06-28,617359055
866374,FLEX,2013-09-27,607573769
866374,FLEX,2013-12-31,602228820
866374,FLEX,2014-03-31,591426992
866374,FLEX,2014-06-27,589062469
866374,FLEX,2014-09-26,580432121
866374,FLEX,2014-12-31,573038488
866374,FLEX,2015-03-31,563323406
866374,FLEX,2015-06-26,567831094
866374,FLEX,2015-09-25,557297124
866374,FLEX,2015-12-31,550747745
866374,FLEX,2016-03-31,544823611
866374,FLEX,2016-07-01,546157559
866374,FLEX,2016-09-30,540565481
866374,FLEX,2016-12-31,536578819
866374,FLEX,2017-03-31,531294774
866374,FLEX,2017-06-30,532650518
866374,FLEX,2017-09-29,528928145
866374,FLEX,2017-12-31,527590016
866374,FLEX,2018-03-31,528078493
866374,FLEX,2018-06-29,532736402
866374,FLEX,2018-09-28,528887123
866374,FLEX,2018-12-31,522473426
866374,FLEX,2019-03-31,516548265
866374,FLEX,2019-06-28,514039169
866374,FLEX,2019-09-27,509149926
866374,FLEX,2019-12-31,504242496
866374,FLEX,2020-03-31,497426277
866374,FLEX,2020-06-26,500346215
866374,FLEX,2020-09-25,501094898
866374,FLEX,2020-12-31,498971803
866374,FLEX,2021-03-31,492567845
866374,FLEX,2021-07-02,489109044
866374,FLEX,2021-10-01,471474341
866374,FLEX,2021-12-31,466619585
866374,FLEX,2022-03-31,460560312
866374,FLEX,2022-07-01,457542854
866374,FLEX,2022-09-30,453637403
866374,FLEX,2022-12-31,451644718
866374,FLEX,2023-03-31,450122691
866374,FLEX,2023-06-30,449037356
866374,FLEX,2023-09-29,437913956
866374,FLEX,2023-12-31,427319202
866374,FLEX,2024-03-31,408101772
866374,FLEX,2024-06-28,399382891
866374,FLEX,2024-09-27,389775099
866374,FLEX,2024-12-31,384327094
866374,FLEX,2025-03-31,377817433
866374,FLEX,2025-06-27,376212465
866374,FLEX,2025-09-26,370865873
866374,FLEX,2025-12-31,367621500
866374,FLEX,2026-03-31,365690291
866374,FLEX,2026-06-26,369387510
34903,FRT,2009-12-31,61242050
34903,FRT,2010-06-30,61408051
34903,FRT,2010-09-30,61451155
34903,FRT,2010-12-31,61526418
34903,FRT,2011-03-31,62231702
34903,FRT,2011-06-30,62798348
34903,FRT,2011-09-30,63494277
34903,FRT,2011-12-31,63544150
34903,FRT,2012-03-31,63909248
34903,FRT,2012-06-30,64099840
34903,FRT,2012-09-30,64620923
34903,FRT,2012-12-31,64815446
34903,FRT,2013-03-31,65239183
34903,FRT,2013-06-30,65687234
34903,FRT,2013-09-30,66036174
34903,FRT,2013-12-31,66701422
34903,FRT,2014-03-31,67267030
34903,FRT,2014-06-30,67712366
34903,FRT,2014-09-30,68128519
34903,FRT,2014-12-31,68605783
34903,FRT,2015-03-31,68677816
34903,FRT,2015-06-30,69120797
34903,FRT,2015-09-30,69448874
34903,FRT,2015-12-31,69493392
34903,FRT,2016-03-31,70861269
34903,FRT,2016-06-30,71417253
34903,FRT,2016-09-30,71782989
34903,FRT,2016-12-31,71995897
34903,FRT,2017-03-31,72236981
34903,FRT,2017-06-30,72251477
34903,FRT,2017-09-30,72251477
34903,FRT,2017-12-31,73090877
34903,FRT,2018-03-31,73216520
34903,FRT,2018-06-30,73434943
34903,FRT,2018-09-30,73859280
34903,FRT,2018-12-31,74249633
34903,FRT,2019-03-31,74836984
34903,FRT,2019-06-30,74950197
34903,FRT,2019-09-30,75494931
34903,FRT,2019-12-31,75540804
34903,FRT,2020-03-31,75622504
34903,FRT,2020-06-30,75633140
34903,FRT,2020-09-30,75641074
34903,FRT,2020-12-31,76727394
34903,FRT,2021-03-31,77706466
34903,FRT,2021-06-30,77760588
34903,FRT,2021-09-30,77774645
34903,FRT,2021-12-31,78603305
34903,FRT,2022-03-31,79417472
34903,FRT,2022-06-30,80896804
34903,FRT,2022-09-30,81204286
34903,FRT,2022-12-31,81342959
34903,FRT,2023-03-31,81511204
34903,FRT,2023-06-30,81515511
34903,FRT,2023-09-30,81618162
34903,FRT,2023-12-31,82775286
34903,FRT,2024-03-31,82948600
34903,FRT,2024-06-30,83590543
34903,FRT,2024-09-30,84952538
34903,FRT,2024-12-31,85666220
34903,FRT,2025-03-31,86255005
34903,FRT,2025-06-30,86261214
34903,FRT,2025-09-30,86265563
34903,FRT,2025-12-31,86266009
34903,FRT,2026-03-31,86386687
1274494,FSLR,2008-12-27,81596810
1274494,FSLR,2009-06-27,84633454
1274494,FSLR,2009-09-26,85071436
1274494,FSLR,2009-12-26,85208199
1274494,FSLR,2010-03-27,85279882
1274494,FSLR,2010-06-26,85546131
1274494,FSLR,2010-09-25,85710763
1274494,FSLR,2010-12-31,85843511
1274494,FSLR,2011-03-31,86066220
1274494,FSLR,2011-06-30,86290962
1274494,FSLR,2011-09-30,86377679
1274494,FSLR,2011-12-31,86467873
1274494,FSLR,2012-03-31,86714539
1274494,FSLR,2012-06-30,86961313
1274494,FSLR,2012-09-30,87021447
1274494,FSLR,2012-12-31,87145323
1274494,FSLR,2013-03-31,87624484
1274494,FSLR,2013-06-30,97629891
1274494,FSLR,2013-09-30,99438507
1274494,FSLR,2013-12-31,99506941
1274494,FSLR,2014-03-31,100094905
1274494,FSLR,2014-06-30,100177488
1274494,FSLR,2014-09-30,100209077
1274494,FSLR,2014-12-31,100288942
1274494,FSLR,2015-03-31,100791414
1274494,FSLR,2015-06-30,100891055
1274494,FSLR,2015-09-30,100919021
1274494,FSLR,2015-12-31,101766797
1274494,FSLR,2016-03-31,102219007
1274494,FSLR,2016-06-30,102349660
1274494,FSLR,2016-09-30,103912069
1274494,FSLR,2016-12-31,104034731
1274494,FSLR,2017-03-31,104289617
1274494,FSLR,2017-06-30,104395532
1274494,FSLR,2017-09-30,104431990
1274494,FSLR,2017-12-31,104468460
1274494,FSLR,2018-03-31,104762691
1274494,FSLR,2018-06-30,104797535
1274494,FSLR,2018-09-30,104814322
1274494,FSLR,2018-12-31,104885261
1274494,FSLR,2019-03-31,105352685
1274494,FSLR,2019-06-30,105390383
1274494,FSLR,2019-09-30,105406367
1274494,FSLR,2019-12-31,105448921
1274494,FSLR,2020-03-31,105905580
1274494,FSLR,2020-06-30,105960516
1274494,FSLR,2020-09-30,105974984
1274494,FSLR,2020-12-31,105980466
1274494,FSLR,2021-03-31,106310928
1274494,FSLR,2021-06-30,106318905
1274494,FSLR,2021-09-30,106326000
1274494,FSLR,2021-12-31,106332315
1274494,FSLR,2022-03-31,106583300
1274494,FSLR,2022-06-30,106594255
1274494,FSLR,2022-09-30,106605913
1274494,FSLR,2022-12-31,106609094
1274494,FSLR,2023-03-31,106825067
1274494,FSLR,2023-06-30,106830548
1274494,FSLR,2023-09-30,106844040
1274494,FSLR,2023-12-31,106847475
1274494,FSLR,2024-03-31,107041246
1274494,FSLR,2024-06-30,107045972
1274494,FSLR,2024-09-30,107057732
1274494,FSLR,2024-12-31,107060281
1274494,FSLR,2025-03-31,107244215
1274494,FSLR,2025-06-30,107247360
1274494,FSLR,2025-09-30,107307994
1274494,FSLR,2025-12-31,107309794
1274494,FSLR,2026-03-31,107453003
1274494,FSLR,2026-06-30,107469302
1262039,FTNT,2010-12-31,148763000
1262039,FTNT,2011-06-30,152913000
1262039,FTNT,2011-09-30,153597000
1262039,FTNT,2011-12-31,154992000
1262039,FTNT,2012-03-31,157082000
1262039,FTNT,2012-06-30,157757000
1262039,FTNT,2012-09-30,159808000
1262039,FTNT,2012-12-31,160348000
1262039,FTNT,2013-03-31,162141000
1262039,FTNT,2013-06-30,162364000
1262039,FTNT,2013-09-30,163329000
1262039,FTNT,2013-12-31,161535000
1262039,FTNT,2014-03-31,162981000
1262039,FTNT,2014-06-30,163568000
1262039,FTNT,2014-09-30,164904000
1262039,FTNT,2014-12-31,166443000
1262039,FTNT,2015-03-31,169247000
1262039,FTNT,2015-06-30,170449000
1262039,FTNT,2015-09-30,172402000
1262039,FTNT,2015-12-31,171399000
1262039,FTNT,2016-03-31,171588000
1262039,FTNT,2016-06-30,172436000
1262039,FTNT,2016-09-30,173513000
1262039,FTNT,2016-12-31,173078000
1262039,FTNT,2017-03-31,175443000
1262039,FTNT,2017-06-30,175735000
1262039,FTNT,2017-09-30,174625000
1262039,FTNT,2017-12-31,167900000
1262039,FTNT,2018-03-31,168000000
1262039,FTNT,2018-06-30,169000000
1262039,FTNT,2018-09-30,170300000
1262039,FTNT,2018-12-31,169800000
1262039,FTNT,2019-03-31,170700000
1262039,FTNT,2019-06-30,171000000
1262039,FTNT,2019-09-30,171300000
1262039,FTNT,2019-12-31,171700000
1262039,FTNT,2020-03-31,162600000
1262039,FTNT,2020-06-30,161800000
1262039,FTNT,2020-09-30,162300000
1262039,FTNT,2020-12-31,162500000
1262039,FTNT,2021-03-31,163300000
1262039,FTNT,2021-06-30,163300000
1262039,FTNT,2021-09-30,163400000
1262039,FTNT,2021-12-31,810000000
1262039,FTNT,2022-03-31,160300000
1262039,FTNT,2022-06-30,788400000
1262039,FTNT,2022-09-30,780100000
1262039,FTNT,2022-12-31,781500000
1262039,FTNT,2023-03-31,784400000
1262039,FTNT,2023-06-30,785600000
1262039,FTNT,2023-09-30,776300000
1262039,FTNT,2023-12-31,761000000
1262039,FTNT,2024-03-31,763200000
1262039,FTNT,2024-06-30,764200000
1262039,FTNT,2024-09-30,765700000
1262039,FTNT,2024-12-31,767000000
1262039,FTNT,2025-03-31,769200000
1262039,FTNT,2025-06-30,765600000
1262039,FTNT,2025-09-30,742900000
1262039,FTNT,2025-12-31,743000000
1262039,FTNT,2026-03-31,734000000
1262039,FTNT,2026-06-30,733600000
1659166,FTV,2015-10-02,345200000
1659166,FTV,2015-11-10,0
1659166,FTV,2015-12-31,100
1659166,FTV,2016-07-01,345200000
1659166,FTV,2016-07-02,345200000
1659166,FTV,2016-09-30,345700000
1659166,FTV,2016-12-31,345900000
1659166,FTV,2017-03-31,346600000
1659166,FTV,2017-06-30,347000000
1659166,FTV,2017-09-29,347500000
1659166,FTV,2017-12-31,347800000
1659166,FTV,2018-03-30,348500000
1659166,FTV,2018-06-29,349000000
1659166,FTV,2018-09-28,349800000
1659166,FTV,2018-12-31,334500000
1659166,FTV,2019-03-29,335000000
1659166,FTV,2019-06-28,335400000
1659166,FTV,2019-09-27,335700000
1659166,FTV,2019-12-31,336000000
1659166,FTV,2020-03-27,336800000
1659166,FTV,2020-06-26,337000000
1659166,FTV,2020-09-25,337200000
1659166,FTV,2020-12-31,337900000
1659166,FTV,2021-04-02,338500000
1659166,FTV,2021-07-02,358400000
1659166,FTV,2021-10-01,358600000
1659166,FTV,2021-12-31,359100000
1659166,FTV,2022-04-01,358400000
1659166,FTV,2022-07-01,355600000
1659166,FTV,2022-09-30,353800000
1659166,FTV,2022-12-31,352900000
1659166,FTV,2023-03-31,353500000
1659166,FTV,2023-06-30,351900000
1659166,FTV,2023-09-29,351400000
1659166,FTV,2023-12-31,350700000
1659166,FTV,2024-03-29,352000000
1659166,FTV,2024-06-28,350300000
1659166,FTV,2024-09-27,346900000
1659166,FTV,2024-12-31,341200000
1659166,FTV,2025-03-28,339900000
1659166,FTV,2025-06-27,338200000
1659166,FTV,2025-09-26,317600000
1659166,FTV,2025-12-31,313400000
1659166,FTV,2026-04-03,305600000
40533,GD,2009-12-31,385704691
40533,GD,2010-12-31,372052313
40533,GD,2011-12-31,356437880
40533,GD,2012-12-31,353674248
40533,GD,2013-12-31,353402794
40533,GD,2014-12-31,332164097
40533,GD,2015-12-31,312987277
40533,GD,2016-12-31,302418528
40533,GD,2017-12-31,296895608
40533,GD,2018-12-31,288698149
40533,GD,2019-12-31,289610336
40533,GD,2020-12-31,286477836
40533,GD,2021-12-31,277620943
40533,GD,2022-12-31,274411106
40533,GD,2023-12-31,273599948
40533,GD,2024-12-31,270340502
40533,GD,2025-12-31,270389759
1609711,GDDY,2014-12-31,129003000
1609711,GDDY,2015-06-30,155351000
1609711,GDDY,2015-09-30,155661000
1609711,GDDY,2015-12-31,157481000
1609711,GDDY,2016-03-31,158170000
1609711,GDDY,2016-06-30,161300000
1609711,GDDY,2016-09-30,165334000
1609711,GDDY,2016-12-31,167112000
1609711,GDDY,2017-03-31,169043000
1609711,GDDY,2017-06-30,164745000
1609711,GDDY,2017-09-30,166211000
1609711,GDDY,2017-12-31,167999000
1609711,GDDY,2018-03-31,170440000
1609711,GDDY,2018-06-30,172004000
1609711,GDDY,2018-09-30,173247000
1609711,GDDY,2018-12-31,174803000
1609711,GDDY,2024-12-31,141208000
1609711,GDDY,2025-06-30,138863000
1609711,GDDY,2025-09-30,135477000
1609711,GDDY,2025-12-31,134737000
1609711,GDDY,2026-03-31,132658000
1609711,GDDY,2026-06-30,126834000
40545,GE,2008-12-31,10536897000
40545,GE,2009-06-30,10626842000
40545,GE,2009-09-30,10647495000
40545,GE,2009-12-31,10663075000
40545,GE,2010-03-31,10676518000
40545,GE,2010-06-30,10691220000
40545,GE,2010-09-30,10654718000
40545,GE,2010-12-31,10615376000
40545,GE,2011-03-31,10605447000
40545,GE,2011-06-30,10600337000
40545,GE,2011-09-30,10557351000
40545,GE,2011-12-31,10573017000
40545,GE,2012-03-31,10587317000
40545,GE,2012-06-30,10558844000
40545,GE,2012-09-30,10486300000
40545,GE,2012-12-31,10405625000
40545,GE,2013-03-31,10340120000
40545,GE,2013-06-30,10183781000
40545,GE,2013-09-30,10117369000
40545,GE,2013-12-31,10060881000
40545,GE,2014-03-31,10027765000
40545,GE,2014-06-30,10057380000
40545,GE,2014-09-30,10042192000
40545,GE,2014-12-31,10057380000
40545,GE,2015-03-31,10075929000
40545,GE,2015-06-30,10096429000
40545,GE,2015-09-30,10109239000
40545,GE,2015-12-31,9379288000
40545,GE,2016-03-31,9195657000
40545,GE,2016-06-30,8961233000
40545,GE,2016-09-30,8846390000
40545,GE,2016-12-31,8742614000
40545,GE,2017-03-31,8683963000
40545,GE,2017-06-30,8657946000
40545,GE,2017-09-30,8672085000
40545,GE,2017-12-31,8680571000
40545,GE,2018-03-31,8685338000
40545,GE,2018-06-30,8691081000
40545,GE,2018-09-30,8698115000
40545,GE,2018-12-31,8702227000
40545,GE,2019-03-31,8720808000
40545,GE,2019-06-30,8727072000
40545,GE,2019-09-30,8727072000
40545,GE,2019-12-31,8738434000
40545,GE,2020-03-31,8747092000
40545,GE,2020-06-30,8753289000
40545,GE,2020-09-30,8759873000
40545,GE,2020-12-31,1095686581
40545,GE,2021-03-31,8778641000
40545,GE,2021-06-30,8781303049
40545,GE,2021-09-30,1098137128
40545,GE,2021-12-31,1099027213
40545,GE,2022-03-31,1100664978
40545,GE,2022-06-30,1096553102
40545,GE,2022-09-30,1092668140
40545,GE,2022-12-31,1089107878
40545,GE,2023-03-31,1088960029
40545,GE,2023-06-30,1088378193
40545,GE,2023-09-30,1088386043
40545,GE,2023-12-31,1088415995
40545,GE,2024-03-31,1094606676
40545,GE,2024-06-30,1084311016
40545,GE,2024-09-30,1082294004
40545,GE,2024-12-31,1073692183
40545,GE,2025-03-31,1066386643
40545,GE,2025-06-30,1060439387
40545,GE,2025-09-30,1054813911
40545,GE,2025-12-31,1048766702
40545,GE,2026-03-31,1043337235
40545,GE,2026-06-30,1037562513
1932393,GEHC,2022-12-31,100
1932393,GEHC,2023-01-03,454000000
1932393,GEHC,2023-03-31,454617131
1932393,GEHC,2023-06-30,454808732
1932393,GEHC,2023-09-30,455224438
1932393,GEHC,2023-12-31,455342290
1932393,GEHC,2024-03-31,456328270
1932393,GEHC,2024-06-30,456654068
849399,GEN,2009-04-03,817000000
849399,GEN,2010-04-02,798000000
849399,GEN,2011-04-01,758000000
849399,GEN,2012-03-30,724000000
849399,GEN,2013-03-29,698000000
849399,GEN,2014-03-28,695000000
849399,GEN,2015-04-03,684000000
849399,GEN,2015-07-03,684000000
849399,GEN,2015-10-02,680000000
849399,GEN,2016-01-01,657000000
849399,GEN,2016-04-01,612266
849399,GEN,2016-07-01,615588000
849399,GEN,2016-09-30,623348000
849399,GEN,2016-12-30,618535000
849399,GEN,2017-03-31,608000000
849399,GEN,2017-06-30,610991000
849399,GEN,2017-09-29,619633
849399,GEN,2017-12-29,621351000
849399,GEN,2018-03-30,624000000
849399,GEN,2018-06-29,631000000
849399,GEN,2018-09-28,632000000
849399,GEN,2018-12-28,639000000
849399,GEN,2019-03-29,630000000
849399,GEN,2019-07-05,617000000
849399,GEN,2019-10-04,623000000
849399,GEN,2020-01-03,614000000
849399,GEN,2020-04-03,589000000
849399,GEN,2020-07-03,591000000
849399,GEN,2020-10-02,592000000
849399,GEN,2021-01-01,587000000
849399,GEN,2021-04-02,580000000
849399,GEN,2021-07-02,581000000
849399,GEN,2021-10-01,582000000
849399,GEN,2021-12-31,582000000
849399,GEN,2022-04-01,582000000
849399,GEN,2022-07-01,571000000
849399,GEN,2022-09-30,661000000
849399,GEN,2022-12-30,639000000
849399,GEN,2023-03-31,640000000
849399,GEN,2023-06-30,639000000
849399,GEN,2023-09-29,641000000
849399,GEN,2023-12-29,637000000
849399,GEN,2024-03-29,623000000
849399,GEN,2024-06-28,615000000
849399,GEN,2024-09-27,616000000
849399,GEN,2024-12-27,616000000
849399,GEN,2025-03-28,617000000
849399,GEN,2025-07-04,616000000
849399,GEN,2025-10-03,617000000
849399,GEN,2026-01-02,606000000
849399,GEN,2026-04-03,598000000
849399,GEN,2026-07-03,599000000
1996810,GEV,2024-04-02,274085523
1996810,GEV,2024-06-30,274701743
1996810,GEV,2024-09-30,275627753
1996810,GEV,2024-12-31,275880314
1996810,GEV,2025-03-31,272934744
1996810,GEV,2025-06-30,272223940
1996810,GEV,2025-09-30,271320459
1996810,GEV,2025-12-31,269529464
1996810,GEV,2026-03-31,268719995
1996810,GEV,2026-06-30,266333581
882095,GILD,2008-12-31,909819000
882095,GILD,2009-06-30,904546000
882095,GILD,2009-09-30,901816000
882095,GILD,2009-12-31,899753000
882095,GILD,2010-03-31,901839000
882095,GILD,2010-06-30,859720000
882095,GILD,2010-09-30,815474000
882095,GILD,2010-12-31,801998000
882095,GILD,2011-03-31,791470
882095,GILD,2011-06-30,776405000
882095,GILD,2011-09-30,756094000
882095,GILD,2011-12-31,1506212000
882095,GILD,2012-03-31,758190000
882095,GILD,2012-06-30,756153000
882095,GILD,2012-09-30,757933000
882095,GILD,2012-12-31,1519163000
882095,GILD,2013-03-31,1524383000
882095,GILD,2013-06-30,1528890000
882095,GILD,2013-09-30,1534028000
882095,GILD,2013-12-31,1534000000
882095,GILD,2014-03-31,1537642000
882095,GILD,2014-06-30,1526043000
882095,GILD,2014-09-30,1513593000
882095,GILD,2014-12-31,1499000000
882095,GILD,2015-03-31,1477000000
882095,GILD,2015-06-30,1473000000
882095,GILD,2015-09-30,1449000000
882095,GILD,2015-12-31,1422000000
882095,GILD,2016-03-31,1348000000
882095,GILD,2016-06-30,1331000000
882095,GILD,2016-09-30,1322000000
882095,GILD,2016-12-31,1310000000
882095,GILD,2017-03-31,1307000000
882095,GILD,2017-06-30,1306000000
882095,GILD,2017-09-30,1307000000
882095,GILD,2017-12-31,1308000000
882095,GILD,2018-03-31,1300000000
882095,GILD,2018-06-30,1296000000
882095,GILD,2018-09-30,1294000000
882095,GILD,2018-12-31,1282000000
882095,GILD,2019-03-31,1274000000
882095,GILD,2019-06-30,1267000000
882095,GILD,2019-09-30,1266000000
882095,GILD,2019-12-31,1266000000
882095,GILD,2020-03-31,1254000000
882095,GILD,2020-06-30,1254000000
882095,GILD,2020-09-30,1253000000
882095,GILD,2020-12-31,1254000000
882095,GILD,2021-03-31,1254000000
882095,GILD,2021-06-30,1254000000
882095,GILD,2021-09-30,1255000000
882095,GILD,2021-12-31,1254000000
882095,GILD,2022-03-31,1255000000
882095,GILD,2022-06-30,1254000000
882095,GILD,2022-09-30,1254000000
882095,GILD,2022-12-31,1247000000
882095,GILD,2023-03-31,1248000000
882095,GILD,2023-06-30,1247000000
882095,GILD,2023-09-30,1247000000
882095,GILD,2023-12-31,1246000000
882095,GILD,2024-03-31,1246000000
882095,GILD,2024-06-30,1246000000
882095,GILD,2024-09-30,1246000000
882095,GILD,2024-12-31,1246000000
882095,GILD,2025-03-31,1245000000
882095,GILD,2025-06-30,1242000000
882095,GILD,2025-09-30,1242000000
882095,GILD,2025-12-31,1241000000
882095,GILD,2026-03-31,1242000000
882095,GILD,2026-06-30,1241000000
320335,GL,2011-07-01,105397859
320335,GL,2014-07-01,131031843
320335,GL,2018-12-31,121218183
320335,GL,2019-03-31,121218183
320335,GL,2019-06-30,121218183
320335,GL,2019-09-30,121218183
320335,GL,2019-12-31,117218183
320335,GL,2020-03-31,117218183
320335,GL,2020-06-30,117218183
320335,GL,2020-09-30,117218183
320335,GL,2020-12-31,113218183
320335,GL,2021-03-31,113218183
320335,GL,2021-06-30,113218183
320335,GL,2021-09-30,113218183
320335,GL,2021-12-31,109218183
320335,GL,2022-03-31,109218183
320335,GL,2022-06-30,109218183
320335,GL,2022-09-30,109218183
320335,GL,2022-12-31,105218183
320335,GL,2023-03-31,105218183
320335,GL,2023-06-30,105218183
320335,GL,2023-09-30,105218183
320335,GL,2023-12-31,102218183
320335,GL,2024-03-31,102218183
320335,GL,2024-06-30,102218183
320335,GL,2024-09-30,102218183
320335,GL,2024-12-31,97218183
320335,GL,2025-03-31,97218183
320335,GL,2025-06-30,97218183
320335,GL,2025-09-30,97218183
320335,GL,2025-12-31,92218183
320335,GL,2026-03-31,92218183
320335,GL,2026-06-30,92218183
1467858,GM,2010-12-31,1500136998
1467858,GM,2011-06-30,1500844394
1467858,GM,2011-09-30,1564366673
1467858,GM,2011-12-31,1564727289
1467858,GM,2012-03-31,1565842758
1467858,GM,2012-06-30,1565941048
1467858,GM,2012-09-30,1565979895
1467858,GM,2012-12-31,1400000000
1467858,GM,2013-03-31,1400000000
1467858,GM,2013-06-30,1400000000
1467858,GM,2013-09-30,1400000000
1467858,GM,2013-12-31,1500000000
1467858,GM,2014-03-31,1600000000
1467858,GM,2014-06-30,1600000000
1467858,GM,2014-09-30,1600000000
1467858,GM,2014-12-31,1600000000
1467858,GM,2015-03-31,1600000000
1467858,GM,2015-06-30,1600000000
1467858,GM,2015-09-30,1600000000
1467858,GM,2015-12-31,1500000000
1467858,GM,2016-03-31,1500000000
1467858,GM,2016-06-30,1600000000
1467858,GM,2016-09-30,1500000000
1467858,GM,2016-12-31,1500000000
1467858,GM,2017-03-31,1500000000
1467858,GM,2017-06-30,1500000000
1467858,GM,2017-09-30,1400000000
1467858,GM,2017-12-31,1400000000
1467858,GM,2018-03-31,1400000000
1467858,GM,2018-06-30,1400000000
1467858,GM,2018-09-30,1400000000
1467858,GM,2018-12-31,1400000000
1467858,GM,2019-03-31,1400000000
1467858,GM,2019-06-30,1400000000
1467858,GM,2019-09-30,1400000000
1467858,GM,2019-12-31,1400000000
1467858,GM,2020-03-31,1400000000
1467858,GM,2020-06-30,1400000000
1467858,GM,2020-09-30,1400000000
1467858,GM,2020-12-31,1400000000
1467858,GM,2021-03-31,1400000000
1467858,GM,2021-06-30,1500000000
1467858,GM,2021-09-30,1500000000
1467858,GM,2021-12-31,1500000000
1467858,GM,2022-03-31,1500000000
1467858,GM,2022-06-30,1500000000
1467858,GM,2022-09-30,1400000000
1467858,GM,2022-12-31,1400000000
1467858,GM,2023-03-31,1400000000
1467858,GM,2023-06-30,1400000000
1467858,GM,2023-09-30,1400000000
1467858,GM,2023-12-31,1200000000
1467858,GM,2024-03-31,1100000000
1467858,GM,2024-06-30,1100000000
1467858,GM,2024-09-30,1100000000
1467858,GM,2024-12-31,995000000
1467858,GM,2025-03-31,966000000
1467858,GM,2025-06-30,957000000
1467858,GM,2025-09-30,933000000
1467858,GM,2025-12-31,904000000
1467858,GM,2026-03-31,902000000
1467858,GM,2026-06-30,877000000
1474735,GNRC,2011-12-31,67652812
1474735,GNRC,2012-06-30,68055203
1474735,GNRC,2012-12-31,68295960
1652044,GOOGL,2014-12-31,680172000
1652044,GOOGL,2015-12-31,687348000
1652044,GOOGL,2016-03-31,686792000
1652044,GOOGL,2016-06-30,686778000
1652044,GOOGL,2016-09-30,689136000
1652044,GOOGL,2016-12-31,691293000
1652044,GOOGL,2017-03-31,692108000
1652044,GOOGL,2017-06-30,692876000
1652044,GOOGL,2017-09-30,694790000
1652044,GOOGL,2017-12-31,694783000
1652044,GOOGL,2018-03-31,694945000
1652044,GOOGL,2018-06-30,695946000
1652044,GOOGL,2018-09-30,695957000
1652044,GOOGL,2018-12-31,695556000
1652044,GOOGL,2019-03-31,694782000
1652044,GOOGL,2019-06-30,694050000
1652044,GOOGL,2019-09-30,690906000
1652044,GOOGL,2019-12-31,688335000
1652044,GOOGL,2020-03-31,683972000
1652044,GOOGL,2020-06-30,681215000
1652044,GOOGL,2020-09-30,677724000
1652044,GOOGL,2020-12-31,675222000
1652044,GOOGL,2021-03-31,671094000
1652044,GOOGL,2021-06-30,667637000
1652044,GOOGL,2021-09-30,664682000
1652044,GOOGL,2021-12-31,13242000000
1652044,GOOGL,2022-03-31,658763000
1652044,GOOGL,2022-06-30,13078000000
1652044,GOOGL,2022-09-30,12971000000
1652044,GOOGL,2022-12-31,12849000000
1652044,GOOGL,2023-03-31,12722000000
1652044,GOOGL,2023-06-30,12629000000
1652044,GOOGL,2023-09-30,12541000000
1652044,GOOGL,2023-12-31,12460000000
1652044,GOOGL,2024-03-31,12381000000
1652044,GOOGL,2024-06-30,12322000000
1652044,GOOGL,2024-09-30,12264000000
1652044,GOOGL,2024-12-31,12211000000
1652044,GOOGL,2025-03-31,12155000000
1652044,GOOGL,2025-06-30,12104000000
1652044,GOOGL,2025-09-30,12077000000
1652044,GOOGL,2025-12-31,12088000000
1652044,GOOGL,2026-03-31,12116000000
1652044,GOOGL,2026-06-30,12230000000
40987,GPC,2008-12-31,159442508
40987,GPC,2009-12-31,158917846
40987,GPC,2010-12-31,157636261
40987,GPC,2011-12-31,155651116
40987,GPC,2012-12-31,154841438
40987,GPC,2013-12-31,153773098
40987,GPC,2014-12-31,153113042
40987,GPC,2015-09-30,150763224
40987,GPC,2015-12-31,150081474
40987,GPC,2016-03-31,149623104
40987,GPC,2016-06-30,148913877
40987,GPC,2016-09-30,148737241
40987,GPC,2016-12-31,148410422
40987,GPC,2017-03-31,147394019
40987,GPC,2017-06-30,146830997
40987,GPC,2017-09-30,146613496
40987,GPC,2017-12-31,146652615
40987,GPC,2018-03-31,146737803
40987,GPC,2018-06-30,146752732
40987,GPC,2018-09-30,146759273
40987,GPC,2018-12-31,145936613
40987,GPC,2019-03-31,146063911
40987,GPC,2019-06-30,146078369
40987,GPC,2019-09-30,145293115
40987,GPC,2019-12-31,145378158
40987,GPC,2020-03-31,144249343
40987,GPC,2020-06-30,144264189
40987,GPC,2020-09-30,144289653
40987,GPC,2020-12-31,144354335
40987,GPC,2021-03-31,144458057
40987,GPC,2021-06-30,143301673
40987,GPC,2021-09-30,142503493
40987,GPC,2021-12-31,142180683
40987,GPC,2022-03-31,141627749
40987,GPC,2022-06-30,141280841
40987,GPC,2022-09-30,140962009
40987,GPC,2022-12-31,140941649
40987,GPC,2023-03-31,140545475
40987,GPC,2023-06-30,140467550
40987,GPC,2023-09-30,140234786
40987,GPC,2023-12-31,139567071
40987,GPC,2024-03-31,139335342
40987,GPC,2024-06-30,139346018
40987,GPC,2024-09-30,139078065
40987,GPC,2024-12-31,138779664
40987,GPC,2025-03-31,138788979
40987,GPC,2025-06-30,139092221
40987,GPC,2025-09-30,139110499
40987,GPC,2025-12-31,137617832
40987,GPC,2026-03-31,137624545
40987,GPC,2026-06-30,137859581
1123360,GPN,2010-05-31,79646055
1123360,GPN,2010-08-31,79686461
1123360,GPN,2010-11-30,79745066
1123360,GPN,2011-02-28,80066188
1123360,GPN,2011-05-31,80334781
1123360,GPN,2011-08-31,78749753
1123360,GPN,2011-11-30,78355001
1123360,GPN,2012-02-29,78545273
1123360,GPN,2012-05-31,78551297
1123360,GPN,2012-08-31,78819998
1123360,GPN,2012-11-30,78724622
1123360,GPN,2013-02-28,76749164
1123360,GPN,2013-05-31,75426099
1123360,GPN,2013-08-31,72919576
1123360,GPN,2013-11-30,71908829
1123360,GPN,2014-02-28,71660707
1123360,GPN,2014-05-31,68845643
1123360,GPN,2014-08-31,67672753
1123360,GPN,2014-11-30,67031081
1123360,GPN,2015-02-28,66457816
1123360,GPN,2015-05-31,130557676
1123360,GPN,2015-08-31,64941393
1123360,GPN,2015-11-30,129362187
1123360,GPN,2016-02-29,129258574
1123360,GPN,2016-05-31,154421585
1123360,GPN,2016-08-31,153684060
1123360,GPN,2016-11-30,152267428
1123360,GPN,2016-12-31,152185616
1123360,GPN,2017-03-31,152502543
1123360,GPN,2017-06-30,152556769
1123360,GPN,2017-09-30,158762894
1123360,GPN,2017-12-31,159180317
1123360,GPN,2018-03-31,159532631
1123360,GPN,2018-06-30,158071104
1123360,GPN,2018-09-30,158186371
1123360,GPN,2018-12-31,157961982
1123360,GPN,2019-03-31,157130438
1123360,GPN,2019-06-30,156674688
1123360,GPN,2019-09-30,300544949
1123360,GPN,2019-12-31,300225590
1123360,GPN,2020-03-31,299010257
1123360,GPN,2020-06-30,299244326
1123360,GPN,2020-09-30,299286847
1123360,GPN,2020-12-31,298332459
1123360,GPN,2021-03-31,295157603
1123360,GPN,2021-06-30,293702910
1123360,GPN,2021-09-30,290086635
1123360,GPN,2021-12-31,284750452
1123360,GPN,2022-03-31,281434153
1123360,GPN,2022-06-30,277032813
1123360,GPN,2022-09-30,270307707
1123360,GPN,2022-12-31,263081872
1123360,GPN,2023-03-31,261770665
1123360,GPN,2023-06-30,259962485
1123360,GPN,2023-09-30,260359506
1123360,GPN,2023-12-31,260382746
1123360,GPN,2024-03-31,255130560
1123360,GPN,2024-06-30,254353455
1123360,GPN,2024-09-30,254401583
1123360,GPN,2024-12-31,248708899
1123360,GPN,2025-03-31,245361590
1123360,GPN,2025-06-30,242475957
1123360,GPN,2025-09-30,236613976
1123360,GPN,2025-12-31,236692592
1123360,GPN,2026-03-31,273396831
1123360,GPN,2026-06-30,265811863
1121788,GRMN,2008-12-27,200363000
1121788,GRMN,2009-09-26,200596000
1121788,GRMN,2009-12-25,200274000
1121788,GRMN,2009-12-26,200274000
1121788,GRMN,2010-03-27,199128000
1121788,GRMN,2010-06-26,197554000
1121788,GRMN,2010-09-25,193371000
1121788,GRMN,2010-12-25,194358038
1121788,GRMN,2011-03-26,194014900
1121788,GRMN,2011-09-24,194171773
1121788,GRMN,2011-12-31,194662617
1121788,GRMN,2012-03-31,194806698
1121788,GRMN,2012-06-30,194875335
1121788,GRMN,2012-09-29,194970003
1121788,GRMN,2012-12-29,195591854
1121788,GRMN,2013-03-30,195658572
1121788,GRMN,2013-06-29,195317390
1121788,GRMN,2013-09-28,195221791
1121788,GRMN,2013-12-28,195150
1121788,GRMN,2014-03-29,194773186
1121788,GRMN,2014-06-28,192616300
1121788,GRMN,2014-09-27,191227000
1121788,GRMN,2014-12-27,191815
1121788,GRMN,2015-03-28,191520
1121788,GRMN,2015-06-27,190936
1121788,GRMN,2015-09-26,190342
1121788,GRMN,2015-12-26,189722
1121788,GRMN,2016-03-26,189193000
1121788,GRMN,2016-06-25,188877000
1121788,GRMN,2016-09-24,188446000
1121788,GRMN,2016-12-31,188565
1121788,GRMN,2017-04-01,188156
1121788,GRMN,2017-07-01,187703
1121788,GRMN,2017-09-30,187500
1121788,GRMN,2017-12-30,188189
1121788,GRMN,2018-03-31,188521000
1121788,GRMN,2018-06-30,188797000
1121788,GRMN,2018-09-29,188809000
1121788,GRMN,2018-12-29,189461000
1121788,GRMN,2019-03-30,189847
1121788,GRMN,2019-06-29,190102000
1121788,GRMN,2019-09-28,190103000
1121788,GRMN,2019-12-28,190686000
1121788,GRMN,2020-03-28,191017000
1121788,GRMN,2020-06-27,191223000
1121788,GRMN,2020-09-26,191237000
1121788,GRMN,2020-12-26,191571000
1121788,GRMN,2021-03-27,192144000
1121788,GRMN,2021-06-26,192321000
1121788,GRMN,2021-09-25,192322000
1121788,GRMN,2021-12-25,192608000
1121788,GRMN,2022-03-26,193125000
1121788,GRMN,2022-06-25,193058000
1121788,GRMN,2022-09-24,192180000
1121788,GRMN,2022-12-31,191623000
1121788,GRMN,2023-04-01,191450000
1121788,GRMN,2023-07-01,191470000
1121788,GRMN,2023-09-30,191387000
1121788,GRMN,2023-12-30,191777000
1121788,GRMN,2024-03-30,192079000
1121788,GRMN,2024-06-29,192251000
1121788,GRMN,2024-09-28,192136000
1121788,GRMN,2024-12-28,192468000
1121788,GRMN,2025-03-29,192711000
1121788,GRMN,2025-06-28,192542000
1121788,GRMN,2025-09-27,192384000
1121788,GRMN,2025-12-27,192620000
1121788,GRMN,2026-03-28,192903000
886982,GS,2008-11-28,442537317
886982,GS,2009-06-26,510736634
886982,GS,2009-09-25,513055963
886982,GS,2009-12-31,515113890
886982,GS,2010-03-31,514190734
886982,GS,2010-06-30,515486866
886982,GS,2010-09-30,511518083
886982,GS,2010-12-31,507530772
886982,GS,2011-03-31,517917496
886982,GS,2011-06-30,507855774
886982,GS,2011-09-30,492622657
886982,GS,2011-12-31,485467565
886982,GS,2012-03-31,495210854
886982,GS,2012-06-30,480990890
886982,GS,2012-09-30,471430795
886982,GS,2012-12-31,465148387
886982,GS,2013-03-31,460782218
886982,GS,2013-06-30,450480540
886982,GS,2013-09-30,441499049
886982,GS,2013-12-31,446359012
886982,GS,2014-03-31,448032463
886982,GS,2014-06-30,440734836
886982,GS,2014-09-30,435734150
886982,GS,2014-12-31,430259102
886982,GS,2015-03-31,432093034
886982,GS,2015-06-30,432768039
886982,GS,2015-09-30,427904332
886982,GS,2015-12-31,419480736
886982,GS,2016-03-31,417572204
886982,GS,2016-06-30,406591645
886982,GS,2016-09-30,399211902
886982,GS,2016-12-31,392632230
886982,GS,2017-03-31,394791563
886982,GS,2017-06-30,388213152
886982,GS,2017-09-30,379098583
886982,GS,2017-12-31,374808805
886982,GS,2018-03-31,377706096
886982,GS,2018-06-30,377879137
886982,GS,2018-09-30,372739352
886982,GS,2018-12-31,367741973
886982,GS,2019-03-31,366771581
886982,GS,2019-06-30,360539618
886982,GS,2019-09-30,357509026
886982,GS,2019-12-31,347343184
886982,GS,2020-03-31,343856654
886982,GS,2020-06-30,343935256
886982,GS,2020-09-30,344070790
886982,GS,2020-12-31,344088725
886982,GS,2021-03-31,340018220
886982,GS,2021-06-30,337276277
886982,GS,2021-09-30,334792980
886982,GS,2021-12-31,333573254
886982,GS,2022-03-31,343396311
886982,GS,2022-06-30,341963005
886982,GS,2022-09-30,339103013
886982,GS,2022-12-31,334918639
886982,GS,2023-03-31,332884318
886982,GS,2023-06-30,330811807
886982,GS,2023-09-30,326604718
886982,GS,2023-12-31,323376354
886982,GS,2024-03-31,324014481
886982,GS,2024-06-30,316162882
886982,GS,2024-09-30,314190854
886982,GS,2024-12-31,310653708
886982,GS,2025-03-31,307628584
886982,GS,2025-06-30,302850808
886982,GS,2025-09-30,300124881
886982,GS,2025-12-31,296476742
886982,GS,2026-03-31,294574329
886982,GS,2026-06-30,291442355
45012,HAL,2008-12-31,895000000
45012,HAL,2009-12-31,902
45012,HAL,2010-12-31,910000000
45012,HAL,2011-12-31,921000000
45012,HAL,2012-12-31,929000000
45012,HAL,2013-12-31,849000000
45012,HAL,2014-12-31,848000000
45012,HAL,2015-12-31,856000000
45012,HAL,2016-12-31,866000000
45012,HAL,2017-12-31,873000000
45012,HAL,2018-12-31,871000000
45012,HAL,2019-12-31,878000000
45012,HAL,2020-12-31,885000000
45012,HAL,2021-12-31,896000000
45012,HAL,2022-12-31,902000000
45012,HAL,2023-12-31,889000000
45012,HAL,2024-12-31,868000000
45012,HAL,2025-12-31,835000000
49196,HBAN,2009-06-30,568741245
49196,HBAN,2009-09-30,714469066
49196,HBAN,2009-12-31,715761672
49196,HBAN,2010-03-31,716556641
49196,HBAN,2010-06-30,716622592
49196,HBAN,2010-09-30,717132197
49196,HBAN,2010-12-31,863319435
49196,HBAN,2011-03-31,863398578
49196,HBAN,2011-06-30,863323099
49196,HBAN,2011-09-30,864074883
49196,HBAN,2011-12-31,864406152
49196,HBAN,2012-03-31,864674530
49196,HBAN,2012-06-30,858401176
49196,HBAN,2012-09-30,855485376
49196,HBAN,2012-12-31,842812709
49196,HBAN,2013-03-31,838757987
49196,HBAN,2013-06-30,829674914
49196,HBAN,2013-09-30,830144646
49196,HBAN,2013-12-31,830963427
49196,HBAN,2014-03-31,827771805
49196,HBAN,2014-06-30,817002296
49196,HBAN,2014-09-30,814453953
49196,HBAN,2014-12-31,811454676
49196,HBAN,2015-03-31,808528243
49196,HBAN,2015-06-30,803065757
49196,HBAN,2015-09-30,796659440
49196,HBAN,2015-12-31,794928886
49196,HBAN,2016-03-31,796689077
49196,HBAN,2016-06-30,799153996
49196,HBAN,2016-09-30,1084782727
49196,HBAN,2016-12-31,1085688538
49196,HBAN,2017-03-31,1087119978
49196,HBAN,2017-06-30,1090016469
49196,HBAN,2017-09-30,1080946315
49196,HBAN,2017-12-31,1072026681
49196,HBAN,2018-03-31,1101795768
49196,HBAN,2018-06-30,1104226603
49196,HBAN,2018-09-30,1061529259
49196,HBAN,2018-12-31,1046767252
49196,HBAN,2019-03-31,1046440116
49196,HBAN,2019-06-30,1037841268
49196,HBAN,2019-09-30,1032755207
49196,HBAN,2019-12-31,1020003482
49196,HBAN,2020-03-31,1014218094
49196,HBAN,2020-06-30,1017309583
49196,HBAN,2020-09-30,1017310599
49196,HBAN,2020-12-31,1017196776
49196,HBAN,2021-03-31,1018052923
49196,HBAN,2021-06-30,1476557426
49196,HBAN,2021-09-30,1446461249
49196,HBAN,2021-12-31,1437742172
49196,HBAN,2022-03-31,1439174659
49196,HBAN,2022-06-30,1442194344
49196,HBAN,2022-09-30,1442734255
49196,HBAN,2022-12-31,1443068036
49196,HBAN,2023-03-31,1443614966
49196,HBAN,2023-06-30,1447882434
49196,HBAN,2023-09-30,1448075093
49196,HBAN,2023-12-31,1448319953
49196,HBAN,2024-03-31,1449254147
49196,HBAN,2024-06-30,1452432838
49196,HBAN,2024-09-30,1452811392
49196,HBAN,2024-12-31,1453635809
49196,HBAN,2025-03-31,1456811621
49196,HBAN,2025-06-30,1458800042
49196,HBAN,2025-09-30,1459390757
49196,HBAN,2025-12-31,1567732506
49196,HBAN,2026-03-31,2027130587
860730,HCA,2010-12-31,427458800
860730,HCA,2011-03-31,515614300
860730,HCA,2011-06-30,517094100
860730,HCA,2011-09-30,436483900
860730,HCA,2011-12-31,437477900
860730,HCA,2012-03-31,438354100
860730,HCA,2012-06-30,440483600
860730,HCA,2012-09-30,441383000
860730,HCA,2012-12-31,443200200
860730,HCA,2013-03-31,445856200
860730,HCA,2013-06-30,447066900
860730,HCA,2013-09-30,447573400
860730,HCA,2013-12-31,439604000
860730,HCA,2014-03-31,444201100
860730,HCA,2014-06-30,431372800
860730,HCA,2014-09-30,433378700
860730,HCA,2014-12-31,420477900
860730,HCA,2015-03-31,419179100
860730,HCA,2015-06-30,416348900
860730,HCA,2015-09-30,412638300
860730,HCA,2015-12-31,398738700
860730,HCA,2016-03-31,393650000
860730,HCA,2016-06-30,380061600
860730,HCA,2016-09-30,376140800
860730,HCA,2016-12-31,370535900
860730,HCA,2017-03-31,368694700
860730,HCA,2017-06-30,362895000
860730,HCA,2017-09-30,356979800
860730,HCA,2017-12-31,350091600
860730,HCA,2018-03-31,350987500
860730,HCA,2018-06-30,346760200
860730,HCA,2018-09-30,345085800
860730,HCA,2018-12-31,342895200
860730,HCA,2019-03-31,343030500
860730,HCA,2019-06-30,341516800
860730,HCA,2019-09-30,340053100
860730,HCA,2019-12-31,338445600
860730,HCA,2020-03-31,337607500
860730,HCA,2020-06-30,337960400
860730,HCA,2020-09-30,338370500
860730,HCA,2020-12-31,339425600
860730,HCA,2021-03-31,333714500
860730,HCA,2021-06-30,322824800
860730,HCA,2021-09-30,313502400
860730,HCA,2021-12-31,305476800
860730,HCA,2022-03-31,298980900
860730,HCA,2022-06-30,287004400
860730,HCA,2022-09-30,283903500
860730,HCA,2022-12-31,277378300
860730,HCA,2023-03-31,275939900
860730,HCA,2023-06-30,272931700
860730,HCA,2023-09-30,268967300
860730,HCA,2023-12-31,265537300
860730,HCA,2024-03-31,263215800
860730,HCA,2024-06-30,259237600
860730,HCA,2024-09-30,254517700
860730,HCA,2024-12-31,249981400
860730,HCA,2025-03-31,242955400
860730,HCA,2025-06-30,236143900
860730,HCA,2025-09-30,229845100
860730,HCA,2025-12-31,224605100
860730,HCA,2026-03-31,222530900
354950,HD,2009-02-01,1696000000
354950,HD,2009-08-02,1704000000
354950,HD,2009-11-01,1701000000
354950,HD,2010-01-31,1698000000
354950,HD,2010-05-02,1686000000
354950,HD,2010-08-01,1666000000
354950,HD,2010-10-31,1642000000
354950,HD,2011-01-30,1537000000
354950,HD,2011-05-01,1598000000
354950,HD,2011-07-31,1569000000
354950,HD,2011-10-30,1222000000
354950,HD,2012-01-29,1537000000
354950,HD,2012-04-29,1530000000
354950,HD,2012-07-29,1507000000
354950,HD,2012-10-28,1496000000
354950,HD,2013-02-03,1484000000
354950,HD,2013-05-05,1461000000
354950,HD,2013-08-04,1435000000
354950,HD,2013-11-03,1408000000
354950,HD,2014-02-02,1380000000
354950,HD,2014-05-04,1368000000
354950,HD,2014-08-03,1346000000
354950,HD,2014-11-02,1318000000
354950,HD,2015-02-01,1307000000
354950,HD,2015-05-03,1299000000
354950,HD,2015-08-02,1284000000
354950,HD,2015-11-01,1268000000
354950,HD,2016-01-31,1252000000
354950,HD,2016-05-01,1245000000
354950,HD,2016-07-31,1236000000
354950,HD,2016-10-30,1220000000
354950,HD,2017-01-29,1203000000
354950,HD,2017-04-30,1197000000
354950,HD,2017-07-30,1181000000
354950,HD,2017-10-29,1168000000
354950,HD,2018-01-28,1158000000
354950,HD,2018-04-29,1154000000
354950,HD,2018-07-29,1145000000
354950,HD,2018-10-28,1131000000
354950,HD,2019-02-03,1105000000
354950,HD,2019-05-05,1101000000
354950,HD,2019-08-04,1096000000
354950,HD,2019-11-03,1090000000
354950,HD,2020-02-02,1077000000
354950,HD,2020-05-03,1076000000
354950,HD,2020-08-02,1076000000
354950,HD,2020-11-01,1076000000
354950,HD,2021-01-31,1077000000
354950,HD,2021-05-02,1065000000
354950,HD,2021-08-01,1056000000
354950,HD,2021-10-31,1046000000
354950,HD,2022-01-30,1035000000
354950,HD,2022-05-01,1029000000
354950,HD,2022-07-31,1024000000
354950,HD,2022-10-30,1020000000
354950,HD,2023-01-29,1016000000
354950,HD,2023-04-30,1007000000
354950,HD,2023-07-30,1001000000
354950,HD,2023-10-29,996000000
354950,HD,2024-01-28,992000000
354950,HD,2024-04-28,992000000
354950,HD,2024-07-28,993000000
354950,HD,2024-10-27,993000000
354950,HD,2025-02-02,994000000
354950,HD,2025-05-04,995000000
354950,HD,2025-08-03,995000000
354950,HD,2025-11-02,995000000
354950,HD,2026-02-01,996000000
354950,HD,2026-05-03,997000000
354950,HD,2026-08-02,998000000
1501585,HII,2010-12-31,0
1501585,HII,2011-03-31,48765841
1501585,HII,2011-06-30,48799261
1501585,HII,2011-09-30,48808341
1501585,HII,2011-12-31,48800000
1501585,HII,2012-03-31,49445957000000
1501585,HII,2012-06-30,49494305
1501585,HII,2012-09-30,49583109
1501585,HII,2012-12-31,49600000
1501585,HII,2013-03-31,50200000
1501585,HII,2013-06-30,49800000
1501585,HII,2013-09-30,49500000
1501585,HII,2013-12-31,48700000
1501585,HII,2014-03-31,49200000
1501585,HII,2014-06-30,48600000
1501585,HII,2014-09-30,48500000
1501585,HII,2014-12-31,48300000
1501585,HII,2015-03-31,48600000
1501585,HII,2015-06-30,48100000
1501585,HII,2015-09-30,47200000
1501585,HII,2015-12-31,46900000
1501585,HII,2016-03-31,47100000
1501585,HII,2016-06-30,46900000
1501585,HII,2016-09-30,46500000
1501585,HII,2016-12-31,46200000
1501585,HII,2017-03-31,46200000
1501585,HII,2017-06-30,45500000
1501585,HII,2017-09-30,45300000
1501585,HII,2017-12-31,45100000
1501585,HII,2018-03-31,44600000
1501585,HII,2018-06-30,43500000
1501585,HII,2018-09-30,43000000
1501585,HII,2018-12-31,41900000
1501585,HII,2019-03-31,41600000
1501585,HII,2019-06-30,41400000
1501585,HII,2019-09-30,41000000
1501585,HII,2019-12-31,40800000
1501585,HII,2020-03-31,40500000
1501585,HII,2020-06-30,40500000
1501585,HII,2020-09-30,40500000
1501585,HII,2020-12-31,40500000
1501585,HII,2021-03-31,40300000
1501585,HII,2021-06-30,40200000
1501585,HII,2021-09-30,40100000
1501585,HII,2021-12-31,40000000
1501585,HII,2022-03-31,40100000
1501585,HII,2022-06-30,40000000
1501585,HII,2022-09-30,39900000
1501585,HII,2022-12-31,39863456
1501585,HII,2023-03-31,39900000
1501585,HII,2023-06-30,39900000
1501585,HII,2023-09-30,39779936
1501585,HII,2023-12-31,39618880
1501585,HII,2024-03-31,39509640
1501585,HII,2024-06-30,39260208
1501585,HII,2024-09-30,39129037
1501585,HII,2024-12-31,39129419
1501585,HII,2025-03-31,39238707
1501585,HII,2025-06-30,39240249
1501585,HII,2025-09-30,39241108
1501585,HII,2025-12-31,39241527
1501585,HII,2026-03-31,39377769
1501585,HII,2026-06-30,39404203
1585689,HLT,2013-12-31,984615364
1585689,HLT,2014-03-31,984615364
1585689,HLT,2014-06-30,984617365
1585689,HLT,2014-09-30,984617365
1585689,HLT,2014-12-31,984623863
1585689,HLT,2015-03-31,987445644
1585689,HLT,2015-06-30,987450969
1585689,HLT,2015-09-30,987451862
1585689,HLT,2015-12-31,329152787
1585689,HLT,2016-03-31,989762664
1585689,HLT,2016-06-30,989776458
1585689,HLT,2016-09-30,989782045
1585689,HLT,2016-12-31,329341992
1585689,HLT,2017-03-31,329628890
1585689,HLT,2017-06-30,325235234
1585689,HLT,2017-09-30,320920423
1585689,HLT,2017-12-31,317420933
1585689,HLT,2018-03-31,316904646
1585689,HLT,2018-06-30,298487855
1585689,HLT,2018-09-30,296962195
1585689,HLT,2018-12-31,294815890
1585689,HLT,2019-03-31,291720450
1585689,HLT,2019-06-30,287693211
1585689,HLT,2019-09-30,283310197
1585689,HLT,2019-12-31,278985125
1585689,HLT,2020-03-31,277152629
1585689,HLT,2020-06-30,277309060
1585689,HLT,2020-09-30,277430022
1585689,HLT,2020-12-31,277590904
1585689,HLT,2021-03-31,278527885
1585689,HLT,2021-06-30,278685391
1585689,HLT,2021-09-30,278718682
1585689,HLT,2021-12-31,279091009
1585689,HLT,2022-03-31,278994111
1585689,HLT,2022-06-30,275510784
1585689,HLT,2022-09-30,271541523
1585689,HLT,2022-12-31,267860301
1585689,HLT,2023-03-31,265439134
1585689,HLT,2023-06-30,262348815
1585689,HLT,2023-09-30,257879258
1585689,HLT,2023-12-31,253488288
1585689,HLT,2024-03-31,251032237
1585689,HLT,2024-06-30,247793154
1585689,HLT,2024-09-30,244611310
1585689,HLT,2024-12-31,241806421
1585689,HLT,2025-03-31,238784867
1585689,HLT,2025-06-30,235788332
1585689,HLT,2025-09-30,233053504
1585689,HLT,2025-12-31,230433192
1585689,HLT,2026-03-31,228329688
1585689,HLT,2026-06-30,225696464
773840,HON,2010-12-31,783000000
773840,HON,2011-12-31,774700000
773840,HON,2012-12-31,782800000
773840,HON,2013-12-31,783800000
773840,HON,2014-12-31,782200000
773840,HON,2015-12-31,770400000
773840,HON,2016-12-31,760800000
773840,HON,2017-03-31,762300000
773840,HON,2017-06-30,760600000
773840,HON,2017-09-30,760100000
773840,HON,2017-12-31,750900000
773840,HON,2018-03-31,746900000
773840,HON,2018-06-30,742600000
773840,HON,2018-09-30,740300000
773840,HON,2018-12-31,729600000
773840,HON,2019-03-31,727700000
773840,HON,2019-06-30,719500000
773840,HON,2019-09-30,714500000
773840,HON,2019-12-31,711100000
773840,HON,2020-03-31,701800000
773840,HON,2020-06-30,701800000
773840,HON,2020-09-30,701700000
773840,HON,2020-12-31,696800000
773840,HON,2021-03-31,694600000
773840,HON,2021-06-30,690400000
773840,HON,2021-09-30,688400000
773840,HON,2021-12-31,684800000
773840,HON,2022-03-31,680700000
773840,HON,2022-06-30,673700000
773840,HON,2022-09-30,672300000
773840,HON,2022-12-31,667600000
773840,HON,2023-03-31,665700000
773840,HON,2023-06-30,664000000
773840,HON,2023-09-30,659300000
773840,HON,2023-12-31,651800000
773840,HON,2024-03-31,651200000
773840,HON,2024-06-30,649700000
773840,HON,2024-09-30,650200000
773840,HON,2024-12-31,649800000
773840,HON,2025-03-31,642700000
773840,HON,2025-06-30,317500000
773840,HON,2025-09-30,634900000
773840,HON,2025-12-31,635300000
773840,HON,2026-03-31,633700000
773840,HON,2026-06-30,316900000
1783879,HOOD,2020-12-31,229031546
1783879,HOOD,2021-06-30,232609957
1783879,HOOD,2021-09-30,0
1783879,HOOD,2021-12-31,0
1645590,HPE,2016-01-31,1733000000
1645590,HPE,2016-04-30,1724000000
1645590,HPE,2016-07-31,1664000000
1645590,HPE,2016-10-31,1666000000
1645590,HPE,2017-01-31,1663000000
1645590,HPE,2017-04-30,1646000000
1645590,HPE,2017-07-31,1624000000
1645590,HPE,2017-10-31,1595000000
1645590,HPE,2018-01-31,1567000000
1645590,HPE,2018-04-30,1527000000
1645590,HPE,2018-07-31,1482000000
1645590,HPE,2018-10-31,1423000000
1645590,HPE,2019-01-31,1378000000
1645590,HPE,2019-04-30,1346000000
1645590,HPE,2019-07-31,1310000000
1645590,HPE,2019-10-31,1294000000
1645590,HPE,2020-01-31,1293000000
1645590,HPE,2020-04-30,1282000000
1645590,HPE,2020-07-31,1286000000
1645590,HPE,2020-10-31,1287000000
1645590,HPE,2021-01-31,1300000000
1645590,HPE,2021-04-30,1304000000
1645590,HPE,2021-07-31,1307000000
1645590,HPE,2021-10-31,1295000000
1645590,HPE,2022-01-31,1300000000
1645590,HPE,2022-04-30,1299000000
1645590,HPE,2022-07-31,1288000000
1645590,HPE,2022-10-31,1281000000
1645590,HPE,2023-01-31,1297000000
1645590,HPE,2023-04-30,1292000000
1645590,HPE,2023-07-31,1283000000
1645590,HPE,2023-10-31,1282630405
1645590,HPE,2024-01-31,1300000000
1645590,HPE,2024-04-30,1297930792
1645590,HPE,2024-07-31,1298356235
1645590,HPE,2024-10-31,1297258235
1645590,HPE,2025-01-31,1313391109
1645590,HPE,2025-04-30,1310531962
1645590,HPE,2025-07-31,1318814831
1645590,HPE,2025-10-31,1318292428
1645590,HPE,2026-01-31,1328922107
1645590,HPE,2026-04-30,1323294768
1645590,HPE,2026-07-31,1328115106
47217,HPQ,2008-10-31,2415303000
47217,HPQ,2009-10-31,2365000000
47217,HPQ,2010-01-31,2349000000
47217,HPQ,2010-04-30,2345000000
47217,HPQ,2010-07-31,2296000000
47217,HPQ,2010-10-31,2204000000
47217,HPQ,2011-01-31,2174000000
47217,HPQ,2011-04-30,2126000000
47217,HPQ,2011-07-31,2002000000
47217,HPQ,2011-10-31,1991000000
47217,HPQ,2012-01-31,1978000000
47217,HPQ,2012-04-30,1978000000
47217,HPQ,2012-07-31,1967000000
47217,HPQ,2012-10-31,1963000000
47217,HPQ,2013-01-31,1953000000
47217,HPQ,2013-04-30,1925000000
47217,HPQ,2013-07-31,1929000000
47217,HPQ,2013-10-31,1908000000
47217,HPQ,2014-01-31,1899000000
47217,HPQ,2014-04-30,1875000000
47217,HPQ,2014-07-31,1865000000
47217,HPQ,2014-10-31,1839000000
47217,HPQ,2015-01-31,1822000000
47217,HPQ,2015-04-30,1807000000
47217,HPQ,2015-07-31,1801000000
47217,HPQ,2015-10-31,1804000000
47217,HPQ,2016-01-31,1737000000
47217,HPQ,2016-04-30,1711000000
47217,HPQ,2016-07-31,1711000000
47217,HPQ,2016-10-31,1712000000
47217,HPQ,2017-01-31,1693000000
47217,HPQ,2017-04-30,1683000000
47217,HPQ,2017-07-31,1670000000
47217,HPQ,2017-10-31,1650000000
47217,HPQ,2018-01-31,1670000000
47217,HPQ,2018-04-30,1611000000
47217,HPQ,2018-07-31,1582000000
47217,HPQ,2018-10-31,1560000000
47217,HPQ,2019-01-31,1539000000
47217,HPQ,2019-04-30,1506000000
47217,HPQ,2019-07-31,1482000000
47217,HPQ,2019-10-31,1458000000
47217,HPQ,2020-01-31,1433000000
47217,HPQ,2020-04-30,1430000000
47217,HPQ,2020-07-31,1373000000
47217,HPQ,2020-10-31,1304000000
47217,HPQ,2021-01-31,1253000000
47217,HPQ,2021-04-30,1201000000
47217,HPQ,2021-07-31,1153000000
47217,HPQ,2021-10-31,1092000000
47217,HPQ,2022-01-31,1060000000
47217,HPQ,2022-04-30,1033000000
47217,HPQ,2022-07-31,1006000000
47217,HPQ,2022-10-31,980000000
47217,HPQ,2023-01-31,985000000
47217,HPQ,2023-04-30,986000000
47217,HPQ,2023-07-31,988000000
47217,HPQ,2023-10-31,989000000
47217,HPQ,2024-01-31,980000000
47217,HPQ,2024-04-30,978000000
47217,HPQ,2024-07-31,963000000
47217,HPQ,2024-10-31,939000000
47217,HPQ,2025-01-31,945000000
47217,HPQ,2025-04-30,942000000
47217,HPQ,2025-07-31,939000000
47217,HPQ,2025-10-31,921000000
47217,HPQ,2026-01-31,917000000
47217,HPQ,2026-04-30,914000000
47217,HPQ,2026-07-31,903000000
1000228,HSIC,2009-12-26,90630889
1000228,HSIC,2010-06-26,91514440
1000228,HSIC,2010-09-25,92366321
1000228,HSIC,2010-12-25,91939477
1000228,HSIC,2011-03-26,92261494
1000228,HSIC,2011-06-25,92384610
1000228,HSIC,2011-09-24,90881484
1000228,HSIC,2011-12-31,89928082
1000228,HSIC,2012-03-31,90179606
1000228,HSIC,2012-06-30,88904637
1000228,HSIC,2012-09-29,88264853
1000228,HSIC,2012-12-29,87850671
1000228,HSIC,2013-03-30,87381543
1000228,HSIC,2013-06-29,86726281
1000228,HSIC,2013-09-28,86029175
1000228,HSIC,2013-12-28,85622452
1000228,HSIC,2014-03-29,85563353
1000228,HSIC,2014-06-28,85022123
1000228,HSIC,2014-09-27,84459689
1000228,HSIC,2014-12-27,84008537
1000228,HSIC,2015-03-28,83870731
1000228,HSIC,2015-06-27,83654154
1000228,HSIC,2015-09-26,83384956
1000228,HSIC,2015-12-26,82415320
1000228,HSIC,2016-03-26,82060382
1000228,HSIC,2016-06-25,81815567
1000228,HSIC,2016-09-24,80644289
1000228,HSIC,2016-12-31,158805010
1000228,HSIC,2017-04-01,79468025
1000228,HSIC,2017-07-01,79194792
1000228,HSIC,2017-09-30,156952738
1000228,HSIC,2017-12-30,153690146
1000228,HSIC,2018-03-31,154025003
1000228,HSIC,2018-06-30,153231669
1000228,HSIC,2018-09-29,152437680
1000228,HSIC,2018-12-29,151401668
1000228,HSIC,2019-03-30,148996092
1000228,HSIC,2019-06-29,147823846
1000228,HSIC,2019-09-28,146254864
1000228,HSIC,2019-12-28,143353459
1000228,HSIC,2020-03-28,142433360
1000228,HSIC,2020-06-27,142438127
1000228,HSIC,2020-09-26,142456318
1000228,HSIC,2020-12-26,142462571
1000228,HSIC,2021-03-27,141310113
1000228,HSIC,2021-06-26,139780841
1000228,HSIC,2021-09-25,139129543
1000228,HSIC,2021-12-25,137145558
1000228,HSIC,2022-03-26,137708809
1000228,HSIC,2022-06-25,136439560
1000228,HSIC,2022-09-24,135258887
1000228,HSIC,2022-12-31,131792817
1000228,HSIC,2023-04-01,131196783
1000228,HSIC,2023-07-01,130576806
1000228,HSIC,2023-09-30,129935883
1000228,HSIC,2023-12-30,129247765
1000228,HSIC,2024-03-30,128480909
1000228,HSIC,2024-06-29,127080545
1000228,HSIC,2024-09-28,125154194
1000228,HSIC,2024-12-28,124155884
1000228,HSIC,2025-03-29,122243683
1000228,HSIC,2025-06-28,121895045
1000228,HSIC,2025-09-27,118567917
1000228,HSIC,2025-12-27,115771149
1000228,HSIC,2026-03-28,114424682
1000228,HSIC,2026-06-27,111916222
1070750,HST,2008-12-31,525300000
1070750,HST,2009-06-19,604600000
1070750,HST,2009-09-11,617700000
1070750,HST,2009-12-31,646300000
1070750,HST,2010-03-26,652400000
1070750,HST,2010-06-18,652500000
1070750,HST,2010-09-10,660100000
1070750,HST,2010-12-31,675600000
1070750,HST,2011-12-31,705100000
1070750,HST,2012-12-31,724600000
1070750,HST,2013-12-31,754800000
1070750,HST,2014-03-31,755300000
1070750,HST,2014-06-30,755600000
1070750,HST,2014-09-30,755700000
1070750,HST,2014-12-31,755800000
1070750,HST,2015-03-31,756300000
1070750,HST,2015-06-30,749900000
1070750,HST,2015-09-30,738500000
1070750,HST,2015-12-31,750300000
1070750,HST,2016-03-31,746200000
1070750,HST,2016-06-30,740700000
1070750,HST,2016-09-30,738100000
1070750,HST,2016-12-31,737800000
1070750,HST,2017-03-31,738600000
1070750,HST,2017-06-30,738800000
1070750,HST,2017-09-30,738900000
1070750,HST,2017-12-31,739100000
1070750,HST,2018-03-31,739500000
1070750,HST,2018-06-30,739800000
1070750,HST,2018-09-30,740000000
1070750,HST,2018-12-31,740400000
1070750,HST,2019-03-31,740900000
1070750,HST,2019-06-30,730000000
1070750,HST,2019-09-30,718500000
1070750,HST,2019-12-31,713400000
1070750,HST,2020-03-31,704900000
1070750,HST,2020-06-30,705200000
1070750,HST,2020-09-30,705300000
1070750,HST,2020-12-31,705400000
1070750,HST,2021-03-31,706100000
1070750,HST,2021-06-30,713900000
1070750,HST,2021-09-30,714000000
1070750,HST,2021-12-31,714100000
1070750,HST,2022-03-31,714800000
1070750,HST,2022-06-30,714900000
1070750,HST,2022-09-30,714900000
1070750,HST,2022-12-31,713400000
1070750,HST,2023-03-31,711200000
1070750,HST,2023-06-30,711400000
1070750,HST,2023-09-30,705400000
1070750,HST,2023-12-31,703600000
1070750,HST,2024-03-31,705000000
1070750,HST,2024-06-30,702300000
1070750,HST,2024-09-30,699000000
1070750,HST,2024-12-31,699100000
1070750,HST,2025-03-31,693700000
1070750,HST,2025-06-30,687500000
1070750,HST,2025-09-30,687700000
1070750,HST,2025-12-31,687800000
1070750,HST,2026-03-31,684900000
1070750,HST,2026-06-30,685000000
47111,HSY,2008-12-31,227035071
47111,HSY,2009-12-31,227998276
47111,HSY,2010-12-31,227030232
47111,HSY,2011-12-31,225205918
47111,HSY,2012-12-31,223786030
47111,HSY,2013-12-31,223894721
47111,HSY,2014-12-31,221044958
47111,HSY,2015-12-31,216777360
47111,HSY,2016-12-31,212259735
47111,HSY,2017-12-31,210860817
47111,HSY,2018-12-31,209728904
47111,HSY,2019-12-31,208829433
47111,HSY,2020-12-31,208227127
47111,HSY,2021-12-31,206109014
47111,HSY,2022-12-31,204964717
47111,HSY,2023-12-31,204392926
47111,HSY,2024-12-31,202383069
47111,HSY,2025-12-31,202839656
48898,HUBB,2014-12-31,0
48898,HUBB,2015-12-31,57836533
48898,HUBB,2016-03-31,57800000
48898,HUBB,2016-06-30,55300000
48898,HUBB,2016-09-30,55400000
48898,HUBB,2016-12-31,55532307
48898,HUBB,2017-03-31,55000000
48898,HUBB,2017-06-30,54700000
48898,HUBB,2017-09-30,54700000
48898,HUBB,2017-12-31,54882154
48898,HUBB,2018-03-31,54800000
48898,HUBB,2018-06-30,54800000
48898,HUBB,2018-09-30,54700000
48898,HUBB,2018-12-31,54715188
48898,HUBB,2019-12-31,54514172
48898,HUBB,2020-12-31,54382659
48898,HUBB,2021-12-31,54518047
48898,HUBB,2022-12-31,53689539
48898,HUBB,2023-12-31,53730566
48898,HUBB,2024-12-31,53759976
48898,HUBB,2025-12-31,53253805
4281,HWM,2008-12-31,800317368
4281,HWM,2009-12-31,974378820
4281,HWM,2010-09-30,1021350038
4281,HWM,2010-12-31,1022025965
4281,HWM,2011-03-31,1063466414
4281,HWM,2011-06-30,1064103706
4281,HWM,2011-09-30,1064276127
4281,HWM,2011-12-31,1064412066
4281,HWM,2012-12-31,1067211953
4281,HWM,2013-12-31,1071011162
4281,HWM,2014-09-30,1177672033
4281,HWM,2014-12-31,1216663661
4281,HWM,2015-12-31,1310160141
4281,HWM,2016-10-04,1300000000
4281,HWM,2016-10-05,400000000
4281,HWM,2016-12-31,438519780
4281,HWM,2017-12-31,481416537
4281,HWM,2018-03-31,483000000
4281,HWM,2018-06-30,483000000
4281,HWM,2018-09-30,483000000
4281,HWM,2018-12-31,483000000
4281,HWM,2019-03-31,453000000
4281,HWM,2019-06-30,440000000
4281,HWM,2019-09-30,434000000
4281,HWM,2019-12-31,433000000
4281,HWM,2020-03-31,436000000
4281,HWM,2020-06-30,436000000
4281,HWM,2020-09-30,434000000
4281,HWM,2020-12-31,433000000
4281,HWM,2021-03-31,434000000
4281,HWM,2021-06-30,429000000
4281,HWM,2021-09-30,428000000
4281,HWM,2021-12-31,422000000
4281,HWM,2022-03-31,418000000
4281,HWM,2022-06-30,416000000
4281,HWM,2022-09-30,414000000
4281,HWM,2022-12-31,412000000
4281,HWM,2023-03-31,411810073
4281,HWM,2023-06-30,412169561
4281,HWM,2023-09-30,411742755
4281,HWM,2023-12-31,410000000
4281,HWM,2024-03-31,408000000
4281,HWM,2024-06-30,408000000
4281,HWM,2024-09-30,407000000
4281,HWM,2024-12-31,405000000
4281,HWM,2025-03-31,404000000
4281,HWM,2025-06-30,404000000
4281,HWM,2025-09-30,403000000
4281,HWM,2025-12-31,401620565
4281,HWM,2026-03-31,401000000
4281,HWM,2026-06-30,400000000
1381197,IBKR,2014-12-31,58473186
1381197,IBKR,2015-03-31,58478751
1381197,IBKR,2015-12-31,63985335
51143,IBM,2010-12-31,1227993544
51143,IBM,2011-12-31,1163182565
51143,IBM,2012-12-31,1117367676
51143,IBM,2013-12-31,1054390937
51143,IBM,2014-12-31,990523759
51143,IBM,2015-12-31,965728725
51143,IBM,2016-12-31,945867403
51143,IBM,2017-12-31,922179225
51143,IBM,2018-12-31,892479411
51143,IBM,2019-12-31,887110455
51143,IBM,2020-12-31,892653424
51143,IBM,2021-12-31,898068600
51143,IBM,2022-12-31,906091977
51143,IBM,2023-12-31,915013646
51143,IBM,2024-12-31,926290070
51143,IBM,2025-12-31,936952129
1571949,ICE,2012-12-31,73000000
1571949,ICE,2013-06-30,1
1571949,ICE,2013-09-30,1
1571949,ICE,2013-12-31,115000000
1571949,ICE,2014-03-31,115000000
1571949,ICE,2014-06-30,116000000
1571949,ICE,2014-09-30,116000000
1571949,ICE,2014-12-31,113000000
1571949,ICE,2015-03-31,0
1571949,ICE,2015-06-30,111000000
1571949,ICE,2015-09-30,110000000
1571949,ICE,2015-12-31,594000000
1571949,ICE,2016-03-31,119000000
1571949,ICE,2016-06-30,119000000
1571949,ICE,2016-09-30,119000000
1571949,ICE,2016-12-31,595000000
1571949,ICE,2017-03-31,593000000
1571949,ICE,2017-06-30,589000000
1571949,ICE,2017-09-30,586000000
1571949,ICE,2017-12-31,583000000
1571949,ICE,2018-03-31,581000000
1571949,ICE,2018-06-30,574000000
1571949,ICE,2018-09-30,0
1571949,ICE,2018-12-31,569000000
1571949,ICE,2019-03-31,565000000
1571949,ICE,2019-06-30,561000000
1571949,ICE,2019-09-30,558000000
1571949,ICE,2019-12-31,554000000
1571949,ICE,2020-03-31,548000000
1571949,ICE,2020-06-30,544000000
1571949,ICE,2020-09-30,561000000
1571949,ICE,2020-12-31,561000000
1571949,ICE,2021-03-31,563000000
1571949,ICE,2021-06-30,563000000
1571949,ICE,2021-09-30,562000000
1571949,ICE,2021-12-31,561000000
1571949,ICE,2022-03-31,559000000
1571949,ICE,2022-06-30,558000000
1571949,ICE,2022-09-30,559000000
1571949,ICE,2022-12-31,559000000
1571949,ICE,2023-03-31,559000000
1571949,ICE,2023-06-30,560000000
1571949,ICE,2023-09-30,572000000
1571949,ICE,2023-12-31,573000000
1571949,ICE,2024-03-31,573000000
1571949,ICE,2024-06-30,573000000
1571949,ICE,2024-09-30,574000000
1571949,ICE,2024-12-31,574000000
1571949,ICE,2025-03-31,574000000
1571949,ICE,2025-06-30,572000000
1571949,ICE,2025-09-30,570000000
1571949,ICE,2025-12-31,567000000
1571949,ICE,2026-03-31,566000000
1571949,ICE,2026-06-30,561000000
874716,IDXX,2014-12-31,47373000
874716,IDXX,2015-06-30,92636000
874716,IDXX,2015-09-30,91200000
874716,IDXX,2017-12-31,87104000
874716,IDXX,2018-03-31,86997000
874716,IDXX,2018-06-30,86642000
874716,IDXX,2018-09-30,86546000
874716,IDXX,2018-12-31,86100000
874716,IDXX,2019-03-31,86054000
874716,IDXX,2019-06-30,86103000
874716,IDXX,2019-09-30,85888000
874716,IDXX,2019-12-31,85471000
874716,IDXX,2020-03-31,84929000
874716,IDXX,2020-06-30,85049000
874716,IDXX,2020-09-30,85300000
874716,IDXX,2020-12-31,85449000
874716,IDXX,2021-03-31,85365000
874716,IDXX,2021-06-30,85096000
874716,IDXX,2021-09-30,84880000
874716,IDXX,2021-12-31,84562000
874716,IDXX,2022-03-31,84164000
874716,IDXX,2022-06-30,83428000
874716,IDXX,2022-09-30,82995000
874716,IDXX,2022-12-31,82894000
874716,IDXX,2023-03-31,83004000
874716,IDXX,2023-06-30,83060000
874716,IDXX,2023-09-30,83068000
874716,IDXX,2023-12-31,83032000
874716,IDXX,2024-03-31,82873000
874716,IDXX,2024-06-30,82477000
874716,IDXX,2024-09-30,82037000
874716,IDXX,2024-12-31,81604000
874716,IDXX,2025-03-31,80740000
874716,IDXX,2025-06-30,80150000
874716,IDXX,2025-09-30,79999000
874716,IDXX,2025-12-31,79712000
874716,IDXX,2026-03-31,79240000
874716,IDXX,2026-06-30,78874000
51253,IFF,2009-12-31,79157393
51253,IFF,2010-06-30,79860012
51253,IFF,2010-09-30,79923153
51253,IFF,2010-12-31,80210365
51253,IFF,2011-03-31,80357478
51253,IFF,2011-06-30,80834356
51253,IFF,2011-09-30,80889882
51253,IFF,2011-12-31,80921208
51253,IFF,2012-03-31,81017498
51253,IFF,2012-06-30,81459723000
51253,IFF,2012-09-30,81558970000
51253,IFF,2012-12-31,81626874
51253,IFF,2013-03-31,81573732
51253,IFF,2013-06-30,81741180
51253,IFF,2013-09-30,81594725
51253,IFF,2013-12-31,81384246
51253,IFF,2014-03-31,81221844
51253,IFF,2014-06-30,81177534
51253,IFF,2014-09-30,81113493
51253,IFF,2014-12-31,80777590
51253,IFF,2015-03-31,80761617
51253,IFF,2015-06-30,80862556
51253,IFF,2015-09-30,80356014
51253,IFF,2015-12-31,80022291
51253,IFF,2016-03-31,79777759
51253,IFF,2016-06-30,79640930
51253,IFF,2016-09-30,79476755
51253,IFF,2016-12-31,79213037
51253,IFF,2017-03-31,78948036
51253,IFF,2017-06-30,78975563
51253,IFF,2017-09-30,78977158
51253,IFF,2017-12-31,78947381
51253,IFF,2018-03-31,78920199
51253,IFF,2018-06-30,79046217
51253,IFF,2018-09-30,91717377
51253,IFF,2018-12-31,106619202
51253,IFF,2019-03-31,106646581
51253,IFF,2019-06-30,106774300
51253,IFF,2019-09-30,106775922
51253,IFF,2019-12-31,106787299
51253,IFF,2020-03-31,106812257
51253,IFF,2020-06-30,106812257
51253,IFF,2020-09-30,106933358
51253,IFF,2020-12-31,106937990
51253,IFF,2021-03-31,248859641
51253,IFF,2021-06-30,249050541
51253,IFF,2021-09-30,254542499
51253,IFF,2021-12-31,254573984
51253,IFF,2022-03-31,254804747
51253,IFF,2022-06-30,254944731
51253,IFF,2022-09-30,254949630
51253,IFF,2022-12-31,254968463
51253,IFF,2023-03-31,255067476
51253,IFF,2023-06-30,255221731
51253,IFF,2023-09-30,255268628
51253,IFF,2023-12-31,255300000
51253,IFF,2024-03-31,255319533
51253,IFF,2024-06-30,255656988
51253,IFF,2024-09-30,255700000
51253,IFF,2024-12-31,255700000
51253,IFF,2025-03-31,255700000
51253,IFF,2025-06-30,256300000
51253,IFF,2025-09-30,256300000
51253,IFF,2025-12-31,255700000
51253,IFF,2026-03-31,255200000
51253,IFF,2026-06-30,255300000
1110803,ILMN,2011-01-02,126607000
1110803,ILMN,2012-01-01,122041000
1110803,ILMN,2012-12-30,123943000
1110803,ILMN,2013-12-29,127723000
1110803,ILMN,2014-12-28,143629000
1110803,ILMN,2016-01-03,146584000
1110803,ILMN,2017-01-01,146000000
1110803,ILMN,2017-12-31,147000000
1110803,ILMN,2018-12-30,147000000
1110803,ILMN,2019-12-29,147000000
1110803,ILMN,2021-01-03,146000000
1110803,ILMN,2022-01-02,157000000
1110803,ILMN,2023-01-01,158000000
1110803,ILMN,2023-12-31,159000000
1110803,ILMN,2024-12-29,159000000
1110803,ILMN,2025-12-28,153000000
879169,INCY,2010-12-31,123280474
879169,INCY,2011-03-31,123807739
879169,INCY,2011-06-30,126090966
879169,INCY,2011-09-30,126289976
879169,INCY,2011-12-31,126471999
879169,INCY,2012-03-31,128039345
879169,INCY,2012-06-30,130126366
879169,INCY,2012-09-30,131113577
879169,INCY,2012-12-31,133462185
879169,INCY,2013-03-31,135529786
879169,INCY,2013-06-30,152915117
879169,INCY,2013-09-30,160881043
879169,INCY,2013-12-31,162984680
879169,INCY,2014-03-31,167492843
879169,INCY,2014-06-30,168376131
879169,INCY,2014-09-30,168851082
879169,INCY,2014-12-31,170876619
879169,INCY,2015-03-31,173386941
879169,INCY,2015-06-30,180191498
879169,INCY,2015-09-30,185956247
879169,INCY,2015-12-31,186650249
879169,INCY,2016-03-31,187402129
879169,INCY,2016-06-30,187865985
879169,INCY,2016-09-30,188258973
879169,INCY,2016-12-31,188848752
879169,INCY,2017-03-31,204563710
879169,INCY,2017-06-30,205630980
879169,INCY,2017-09-30,211019366
879169,INCY,2017-12-31,211262906
879169,INCY,2018-03-31,211888186
879169,INCY,2018-06-30,212409152
879169,INCY,2018-09-30,212754024
879169,INCY,2018-12-31,213274660
879169,INCY,2019-03-31,214320605
879169,INCY,2019-06-30,214865720
879169,INCY,2019-09-30,215373548
879169,INCY,2019-12-31,216177830
879169,INCY,2020-03-31,216952325
879169,INCY,2020-06-30,218069218
879169,INCY,2020-09-30,218903097
879169,INCY,2020-12-31,219489329
879169,INCY,2021-03-31,219880198
879169,INCY,2021-06-30,220424569
879169,INCY,2021-09-30,220885119
879169,INCY,2021-12-31,221084433
879169,INCY,2022-03-31,221409550
879169,INCY,2022-06-30,221875396
879169,INCY,2022-09-30,222454839
879169,INCY,2022-12-31,222746719
879169,INCY,2023-03-31,223061787
879169,INCY,2023-06-30,223338330
879169,INCY,2023-09-30,224101839
879169,INCY,2023-12-31,224286862
879169,INCY,2024-03-31,224533449
879169,INCY,2024-06-30,191572449
879169,INCY,2024-09-30,192798328
879169,INCY,2024-12-31,193434305
879169,INCY,2025-03-31,193783446
879169,INCY,2025-06-30,194123265
879169,INCY,2025-09-30,196130993
879169,INCY,2025-12-31,198460009
879169,INCY,2026-03-31,199948401
50863,INTC,2008-12-27,5562000000
50863,INTC,2009-06-27,5597000000
50863,INTC,2009-09-26,5520000000
50863,INTC,2009-12-26,5523000000
50863,INTC,2010-03-27,5537000000
50863,INTC,2010-06-26,5567000000
50863,INTC,2010-09-25,5576000000
50863,INTC,2010-12-25,5511000000
50863,INTC,2011-04-02,5336000000
50863,INTC,2011-07-02,5285000000
50863,INTC,2011-10-01,5118000000
50863,INTC,2011-12-31,5000000000
50863,INTC,2012-03-31,5006000000
50863,INTC,2012-06-30,5013000000
50863,INTC,2012-09-29,4982000000
50863,INTC,2012-12-29,4944000000
50863,INTC,2013-03-30,4948000000
50863,INTC,2013-06-29,4981000000
50863,INTC,2013-09-28,4973000000
50863,INTC,2013-12-28,4967000000
50863,INTC,2014-03-29,4972000000
50863,INTC,2014-06-28,4948000000
50863,INTC,2014-09-27,4857000000
50863,INTC,2014-12-27,4748000000
50863,INTC,2015-03-28,4742000000
50863,INTC,2015-06-27,4753000000
50863,INTC,2015-09-26,4730000000
50863,INTC,2015-12-26,4725000000
50863,INTC,2016-04-02,4716000000
50863,INTC,2016-07-02,4728000000
50863,INTC,2016-10-01,4739000000
50863,INTC,2016-12-31,4730000000
50863,INTC,2017-04-01,4709000000
50863,INTC,2017-07-01,4699000000
50863,INTC,2017-09-30,4680000000
50863,INTC,2017-12-30,4687000000
50863,INTC,2018-03-31,4660000000
50863,INTC,2018-06-30,4611000000
50863,INTC,2018-09-29,4564000000
50863,INTC,2018-12-29,4516000000
50863,INTC,2019-03-30,4477000000
50863,INTC,2019-06-29,4430000000
50863,INTC,2019-09-28,4350000000
50863,INTC,2019-12-28,4290000000
50863,INTC,2020-03-28,4234000000
50863,INTC,2020-06-27,4253000000
50863,INTC,2020-09-26,4098000000
50863,INTC,2020-12-26,4062000000
50863,INTC,2021-03-27,4038000000
50863,INTC,2021-06-26,4057000000
50863,INTC,2021-09-25,4067000000
50863,INTC,2021-12-25,4070000000
50863,INTC,2022-04-02,4089000000
50863,INTC,2022-07-02,4106000000
50863,INTC,2022-10-01,4127000000
50863,INTC,2022-12-31,4137000000
50863,INTC,2023-09-30,4216000000
50863,INTC,2023-12-30,4228000000
50863,INTC,2024-03-30,4257000000
50863,INTC,2024-06-29,4276000000
50863,INTC,2024-12-28,4330000000
50863,INTC,2025-09-27,4766000000
50863,INTC,2025-12-27,4994000000
50863,INTC,2026-03-28,5023000000
50863,INTC,2026-06-27,5043000000
896878,INTU,2009-07-31,322766000
896878,INTU,2010-07-31,313861000
896878,INTU,2011-07-31,300597000
896878,INTU,2012-07-31,295289000
896878,INTU,2013-07-31,299503000
896878,INTU,2014-07-31,284950000
896878,INTU,2015-07-31,277706000
896878,INTU,2016-07-31,257853000
896878,INTU,2017-07-31,255668000
896878,INTU,2018-07-31,258616000
896878,INTU,2019-07-31,260180000
896878,INTU,2020-07-31,261740000
896878,INTU,2021-07-31,273235000
896878,INTU,2022-07-31,281932000
896878,INTU,2023-07-31,280421000
896878,INTU,2024-07-31,280268000
896878,INTU,2025-07-31,279129000
896878,INTU,2026-07-31,268384000
1687229,INVH,2017-03-31,310376634
1687229,INVH,2017-06-30,310376634
1687229,INVH,2017-09-30,311354290
1687229,INVH,2017-12-31,519173142
1687229,INVH,2018-03-31,520364636
1687229,INVH,2018-06-30,520493369
1687229,INVH,2018-09-30,520579577
1687229,INVH,2018-12-31,520647977
1687229,INVH,2019-03-31,524989775
1687229,INVH,2019-06-30,525126947
1687229,INVH,2019-09-30,538356606
1687229,INVH,2019-12-31,541642725
1687229,INVH,2020-03-31,543767670
1687229,INVH,2020-06-30,560532679
1687229,INVH,2020-09-30,560534032
1687229,INVH,2020-12-31,567117666
1687229,INVH,2021-03-31,567650434
1687229,INVH,2021-06-30,568718544
1687229,INVH,2021-09-30,594893674
1687229,INVH,2021-12-31,601045438
1687229,INVH,2022-03-31,609844461
1687229,INVH,2022-06-30,610359909
1687229,INVH,2022-09-30,611409909
1687229,INVH,2022-12-31,611411382
1687229,INVH,2023-03-31,611863780
1687229,INVH,2023-06-30,611956170
1687229,INVH,2023-09-30,611958239
1687229,INVH,2023-12-31,611958239
1687229,INVH,2024-03-31,612485098
1687229,INVH,2024-06-30,612594044
1687229,INVH,2024-09-30,612605478
1687229,INVH,2024-12-31,612605478
1687229,INVH,2025-03-31,612883911
1687229,INVH,2025-06-30,613008220
1687229,INVH,2025-09-30,613020589
1687229,INVH,2025-12-31,610788732
1687229,INVH,2026-03-31,593981591
1687229,INVH,2026-06-30,590613522
51434,IP,2008-12-31,433600000
51434,IP,2009-09-30,436600000
51434,IP,2009-12-31,437000000
51434,IP,2010-03-31,437600000
51434,IP,2010-06-30,438000000
51434,IP,2010-09-30,438500000
51434,IP,2010-12-31,438900000
51434,IP,2011-03-31,438900000
51434,IP,2011-06-30,438900000
51434,IP,2011-09-30,438900000
51434,IP,2011-12-31,438900000
51434,IP,2012-03-31,438900000
51434,IP,2012-06-30,438900000
51434,IP,2012-09-30,438900000
51434,IP,2012-12-31,439900000
51434,IP,2013-03-31,444700000
51434,IP,2013-06-30,445900000
51434,IP,2013-09-30,447000000
51434,IP,2013-12-31,447200000
51434,IP,2014-03-31,447700000
51434,IP,2014-06-30,448300000
51434,IP,2014-09-30,448700000
51434,IP,2014-12-31,448900000
51434,IP,2015-03-31,448900000
51434,IP,2015-06-30,448900000
51434,IP,2015-09-30,448900000
51434,IP,2015-12-31,448900000
51434,IP,2016-03-31,448900000
51434,IP,2016-06-30,448900000
51434,IP,2016-09-30,448900000
51434,IP,2016-12-31,448900000
51434,IP,2017-03-31,448900000
51434,IP,2017-06-30,448900000
51434,IP,2017-12-31,448916000
51434,IP,2018-03-31,448900000
51434,IP,2018-06-30,448900000
51434,IP,2018-09-30,448900000
51434,IP,2018-12-31,448916000
51434,IP,2019-03-31,448900000
51434,IP,2019-06-30,448900000
51434,IP,2019-09-30,448900000
51434,IP,2019-12-31,448900000
51434,IP,2020-03-31,448900000
51434,IP,2020-06-30,448900000
51434,IP,2020-09-30,448900000
51434,IP,2020-12-31,448900000
51434,IP,2021-03-31,448900000
51434,IP,2021-06-30,448900000
51434,IP,2021-09-30,448900000
51434,IP,2021-12-31,448900000
51434,IP,2022-03-31,448900000
51434,IP,2022-06-30,448900000
51434,IP,2022-09-30,448900000
51434,IP,2022-12-31,448900000
51434,IP,2023-03-31,448900000
51434,IP,2023-06-30,448900000
51434,IP,2023-09-30,448900000
51434,IP,2023-12-31,448900000
51434,IP,2024-03-31,448900000
51434,IP,2024-06-30,448900000
51434,IP,2024-09-30,448900000
51434,IP,2024-12-31,448900000
51434,IP,2025-03-31,627000000
51434,IP,2025-06-30,627000000
51434,IP,2025-09-30,627000000
51434,IP,2025-12-31,627000000
51434,IP,2026-03-31,627000000
51434,IP,2026-06-30,627000000
1478242,IQV,2010-12-31,116399585
1478242,IQV,2011-12-31,115966141
1478242,IQV,2012-12-31,115763510
1478242,IQV,2013-03-31,115790000
1478242,IQV,2013-06-30,128921000
1478242,IQV,2013-09-30,128929000
1478242,IQV,2013-12-31,129651907
1478242,IQV,2014-03-31,124129000
1478242,IQV,2014-06-30,127117000
1478242,IQV,2014-09-30,127696000
1478242,IQV,2014-12-31,124129340
1478242,IQV,2015-03-31,124950000
1478242,IQV,2015-06-30,122644000
1478242,IQV,2015-09-30,123078134
1478242,IQV,2015-12-31,119400000
1478242,IQV,2016-03-31,119629000
1478242,IQV,2016-06-30,118469000
1478242,IQV,2016-09-30,119395000
1478242,IQV,2016-12-31,248300000
1478242,IQV,2017-03-31,249500000
1478242,IQV,2018-12-31,197500000
1478242,IQV,2019-12-31,192300000
1478242,IQV,2020-03-31,191000000
1478242,IQV,2020-06-30,191300000
1478242,IQV,2020-09-30,191700000
1478242,IQV,2020-12-31,191200000
1478242,IQV,2021-03-31,191600000
1478242,IQV,2021-06-30,191600000
1478242,IQV,2021-09-30,191100000
1478242,IQV,2021-12-31,190600000
1478242,IQV,2022-03-31,189300000
1478242,IQV,2022-06-30,186600000
1478242,IQV,2022-09-30,185800000
1478242,IQV,2022-12-31,185700000
1478242,IQV,2023-03-31,185500000
1478242,IQV,2023-06-30,183100000
1478242,IQV,2023-09-30,182500000
1478242,IQV,2023-12-31,181500000
1478242,IQV,2024-03-31,182200000
1478242,IQV,2024-06-30,182300000
1478242,IQV,2024-09-30,181600000
1478242,IQV,2024-12-31,176100000
1478242,IQV,2025-03-31,174100000
1478242,IQV,2025-06-30,170000000
1478242,IQV,2025-09-30,170300000
1478242,IQV,2025-12-31,169600000
1478242,IQV,2026-03-31,166900000
1699150,IR,2016-12-31,148654906
1699150,IR,2017-12-31,196217971
1699150,IR,2018-12-31,198169855
1699150,IR,2019-12-31,205065744
1699150,IR,2020-12-31,418627809
1699150,IR,2021-12-31,407785207
1699150,IR,2022-12-31,405117710
1699150,IR,2023-12-31,403347394
1699150,IR,2024-12-31,402880079
1699150,IR,2025-12-31,391121689
1020569,IRM,2008-12-31,201931332
1020569,IRM,2009-12-31,203546757
1020569,IRM,2010-03-31,203431849
1020569,IRM,2010-06-30,201975650
1020569,IRM,2010-09-30,200432833
1020569,IRM,2010-12-31,200064066
1020569,IRM,2011-03-31,200258115
1020569,IRM,2011-06-30,202871443
1020569,IRM,2011-09-30,186615930
1020569,IRM,2011-12-31,172140966
1020569,IRM,2012-03-31,171182398
1020569,IRM,2012-06-30,171635277
1020569,IRM,2012-09-30,172133147
1020569,IRM,2012-12-31,190005788
1020569,IRM,2013-03-31,190611865
1020569,IRM,2013-06-30,191109705
1020569,IRM,2013-09-30,191212860
1020569,IRM,2013-12-31,191426920
1020569,IRM,2014-03-31,191920929
1020569,IRM,2014-06-30,192992844
1020569,IRM,2014-09-30,193678594
1020569,IRM,2014-12-31,209818812
1020569,IRM,2015-03-31,210527237
1020569,IRM,2015-06-30,210798520
1020569,IRM,2015-09-30,211083747
1020569,IRM,2015-12-31,211340296
1020569,IRM,2016-03-31,211892754
1020569,IRM,2016-06-30,263023040
1020569,IRM,2016-09-30,263425012
1020569,IRM,2016-12-31,263682670
1020569,IRM,2017-03-31,264110388
1020569,IRM,2017-06-30,264379608
1020569,IRM,2017-09-30,266882282
1020569,IRM,2017-12-31,283110183
1020569,IRM,2018-03-31,285923405
1020569,IRM,2018-06-30,286099227
1020569,IRM,2018-09-30,286221058
1020569,IRM,2018-12-31,286321009
1020569,IRM,2019-03-31,286829854
1020569,IRM,2019-06-30,287061769
1020569,IRM,2019-09-30,287135194
1020569,IRM,2019-12-31,287299645
1020569,IRM,2020-03-31,287879142
1020569,IRM,2020-06-30,288142703
1020569,IRM,2020-09-30,288162966
1020569,IRM,2020-12-31,288273049
1020569,IRM,2021-03-31,288727747
1020569,IRM,2021-06-30,289458768
1020569,IRM,2021-09-30,289546146
1020569,IRM,2021-12-31,289757061
1020569,IRM,2022-03-31,290550440
1020569,IRM,2022-06-30,290679958
1020569,IRM,2022-09-30,290687942
1020569,IRM,2022-12-31,290830296
1020569,IRM,2023-03-31,291584999
1020569,IRM,2023-06-30,291824958
1020569,IRM,2023-09-30,291927407
1020569,IRM,2023-12-31,292142739
1020569,IRM,2024-03-31,293085683
1020569,IRM,2024-06-30,293298465
1020569,IRM,2024-09-30,293425265
1020569,IRM,2024-12-31,293592637
1020569,IRM,2025-03-31,294968740
1020569,IRM,2025-06-30,295271945
1020569,IRM,2025-09-30,295504799
1020569,IRM,2025-12-31,295788645
1020569,IRM,2026-03-31,297478818
1020569,IRM,2026-06-30,297662013
1035267,ISRG,2008-12-31,39183000
1035267,ISRG,2009-06-30,37931000
1035267,ISRG,2009-09-30,38190000
1035267,ISRG,2009-12-31,38500000
1035267,ISRG,2010-03-31,38500000
1035267,ISRG,2010-06-30,39400000
1035267,ISRG,2010-09-30,39300000
1035267,ISRG,2010-12-31,38900000
1035267,ISRG,2011-03-31,39300000
1035267,ISRG,2011-06-30,39100000
1035267,ISRG,2011-09-30,39000000
1035267,ISRG,2011-12-31,39300000
1035267,ISRG,2012-03-31,39700000
1035267,ISRG,2012-06-30,39900000
1035267,ISRG,2012-09-30,39300000
1035267,ISRG,2012-12-31,40200000
1035267,ISRG,2013-03-31,40200000
1035267,ISRG,2013-06-30,39700000
1035267,ISRG,2013-09-30,38100000
1035267,ISRG,2013-12-31,38200000
1035267,ISRG,2014-03-31,38400000
1035267,ISRG,2014-06-30,36000000
1035267,ISRG,2014-09-30,36300000
1035267,ISRG,2014-12-31,36600000
1035267,ISRG,2015-03-31,36800000
1035267,ISRG,2015-06-30,37000000
1035267,ISRG,2015-09-30,37300000
1035267,ISRG,2015-12-31,37400000
1035267,ISRG,2016-03-31,38100000
1035267,ISRG,2016-06-30,38500000
1035267,ISRG,2016-09-30,38700000
1035267,ISRG,2016-12-31,116400000
1035267,ISRG,2017-03-31,36800000
1035267,ISRG,2017-06-30,37100000
1035267,ISRG,2017-09-30,112000000
1035267,ISRG,2017-12-31,112300000
1035267,ISRG,2018-03-31,113300000
1035267,ISRG,2018-06-30,113700000
1035267,ISRG,2018-09-30,114200000
1035267,ISRG,2018-12-31,114500000
1035267,ISRG,2019-03-31,115400000
1035267,ISRG,2019-06-30,115200000
1035267,ISRG,2019-09-30,115600000
1035267,ISRG,2019-12-31,116000000
1035267,ISRG,2020-03-31,116600000
1035267,ISRG,2020-06-30,117000000
1035267,ISRG,2020-09-30,117500000
1035267,ISRG,2020-12-31,353100000
1035267,ISRG,2021-03-31,118400000
1035267,ISRG,2021-06-30,118700000
1035267,ISRG,2021-09-30,357200000
1035267,ISRG,2021-12-31,357700000
1035267,ISRG,2022-03-31,358900000
1035267,ISRG,2022-06-30,357100000
1035267,ISRG,2022-09-30,353300000
1035267,ISRG,2022-12-31,350000000
1035267,ISRG,2023-03-31,350400000
1035267,ISRG,2023-06-30,351300000
1035267,ISRG,2023-09-30,352000000
1035267,ISRG,2023-12-31,352300000
1035267,ISRG,2024-03-31,354700000
1035267,ISRG,2024-06-30,355300000
1035267,ISRG,2024-09-30,356200000
1035267,ISRG,2024-12-31,356600000
1035267,ISRG,2025-03-31,358400000
1035267,ISRG,2025-06-30,358400000
1035267,ISRG,2025-09-30,354900000
1035267,ISRG,2025-12-31,355100000
1035267,ISRG,2026-03-31,354400000
1035267,ISRG,2026-06-30,353900000
49826,ITW,2014-12-31,383196213
49826,ITW,2015-12-31,363700000
49826,ITW,2016-12-31,346900000
49826,ITW,2017-03-31,345500000
49826,ITW,2017-06-30,344100000
49826,ITW,2017-09-30,342600000
49826,ITW,2017-12-31,341500000
49826,ITW,2018-03-31,338800000
49826,ITW,2018-06-30,335400000
49826,ITW,2018-09-30,331800000
49826,ITW,2018-12-31,328100000
49826,ITW,2019-03-31,325800000
49826,ITW,2019-06-30,323500000
49826,ITW,2019-09-30,321400000
49826,ITW,2019-12-31,319800000
49826,ITW,2020-03-31,315900000
49826,ITW,2020-06-30,316200000
49826,ITW,2020-09-30,316500000
49826,ITW,2020-12-31,316700000
49826,ITW,2021-03-31,315900000
49826,ITW,2021-06-30,315000000
49826,ITW,2021-09-30,313900000
49826,ITW,2021-12-31,312900000
49826,ITW,2022-03-31,311400000
49826,ITW,2022-06-30,309600000
49826,ITW,2022-09-30,307200000
49826,ITW,2022-12-31,305000000
49826,ITW,2023-03-31,303900000
49826,ITW,2023-06-30,302400000
49826,ITW,2023-09-30,300900000
49826,ITW,2023-12-31,299300000
49826,ITW,2024-03-31,298400000
49826,ITW,2024-06-30,296900000
49826,ITW,2024-09-30,295300000
49826,ITW,2024-12-31,294000000
49826,ITW,2025-03-31,293000000
49826,ITW,2025-06-30,291500000
49826,ITW,2025-09-30,290100000
49826,ITW,2025-12-31,288600000
49826,ITW,2026-03-31,287700000
49826,ITW,2026-06-30,284800000
914208,IVZ,2008-12-31,385900000
914208,IVZ,2009-06-30,426800000
914208,IVZ,2009-09-30,428800000
914208,IVZ,2009-12-31,431400000
914208,IVZ,2010-03-31,436300000
914208,IVZ,2010-06-30,448900000
914208,IVZ,2010-09-30,442800000
914208,IVZ,2010-12-31,460100000
914208,IVZ,2011-01-30,462100000
914208,IVZ,2011-03-31,462100000
914208,IVZ,2011-06-30,450900000
914208,IVZ,2011-09-30,451000000
914208,IVZ,2011-12-31,446000000
914208,IVZ,2012-03-31,448200000
914208,IVZ,2012-06-30,445200000
914208,IVZ,2012-09-30,444000000
914208,IVZ,2012-12-31,441400000
914208,IVZ,2013-03-31,444600000
914208,IVZ,2013-06-30,442800000
914208,IVZ,2013-09-30,443200000
914208,IVZ,2013-12-31,433100000
914208,IVZ,2014-03-31,432700000
914208,IVZ,2014-06-30,431700000
914208,IVZ,2014-09-30,430800000
914208,IVZ,2014-12-31,429900000
914208,IVZ,2015-03-31,430700000
914208,IVZ,2015-06-30,428700000
914208,IVZ,2015-09-30,423900000
914208,IVZ,2015-12-31,417500000
914208,IVZ,2016-03-31,417300000
914208,IVZ,2016-06-30,409900000
914208,IVZ,2016-09-30,408500000
914208,IVZ,2016-12-31,403800000
914208,IVZ,2017-03-31,406800000
914208,IVZ,2017-06-30,406900000
914208,IVZ,2017-09-30,407100000
914208,IVZ,2017-12-31,407100000
914208,IVZ,2018-03-31,410800000
914208,IVZ,2018-06-30,410800000
914208,IVZ,2018-09-30,411300000
914208,IVZ,2018-12-31,397100000
914208,IVZ,2019-03-31,400800000
914208,IVZ,2019-06-30,469800000
914208,IVZ,2019-09-30,453900000
914208,IVZ,2019-12-31,453300000
914208,IVZ,2020-03-31,458900000
914208,IVZ,2020-06-30,459200000
914208,IVZ,2020-09-30,459300000
914208,IVZ,2020-12-31,459100000
914208,IVZ,2021-03-31,461500000
914208,IVZ,2021-06-30,461400000
914208,IVZ,2021-09-30,461200000
914208,IVZ,2021-12-31,461200000
914208,IVZ,2022-03-31,455000000
914208,IVZ,2022-06-30,454900000
914208,IVZ,2022-09-30,454800000
914208,IVZ,2022-12-31,454800000
914208,IVZ,2023-03-31,458200000
914208,IVZ,2023-06-30,448600000
914208,IVZ,2023-09-30,449600000
914208,IVZ,2023-12-31,449500000
914208,IVZ,2024-03-31,449800000
914208,IVZ,2024-06-30,450000000
914208,IVZ,2024-09-30,449400000
914208,IVZ,2024-12-31,448000000
914208,IVZ,2025-03-31,447600000
914208,IVZ,2025-06-30,446000000
914208,IVZ,2025-09-30,445100000
914208,IVZ,2025-12-31,444000000
914208,IVZ,2026-03-31,443300000
914208,IVZ,2026-06-30,441500000
52988,J,2008-09-26,122701049
52988,J,2008-09-30,122701049
52988,J,2009-06-30,123903898
52988,J,2009-10-02,124229933
52988,J,2010-01-01,124511300
52988,J,2010-04-02,124904879
52988,J,2010-07-02,125622661
52988,J,2010-10-01,125909073
52988,J,2010-12-31,126265045
52988,J,2011-04-01,126754391
52988,J,2011-07-01,127471580
52988,J,2011-09-30,127784884
52988,J,2011-12-30,128384400
52988,J,2012-03-30,128910679
52988,J,2012-06-29,129654639
52988,J,2012-09-28,129935881
52988,J,2012-12-28,130240048
52988,J,2013-03-29,130720121
52988,J,2013-06-28,131409781
52988,J,2013-09-27,131639196
52988,J,2013-12-27,131862683
52988,J,2014-03-28,132179125
52988,J,2014-06-27,133009553
52988,J,2014-09-26,131752768
52988,J,2014-12-26,129476076
52988,J,2015-03-27,126474006
52988,J,2015-06-26,124142831
52988,J,2015-10-02,123152966
52988,J,2016-01-01,122776878
52988,J,2016-04-01,122146182
52988,J,2016-07-01,121703665
52988,J,2016-09-30,120950899
52988,J,2016-12-30,121165713
52988,J,2017-03-31,120453954
52988,J,2017-06-30,120267039
52988,J,2017-09-29,120385544
52988,J,2017-12-29,141556705
52988,J,2018-03-30,141714841
52988,J,2018-06-29,141714841
52988,J,2018-09-28,142217933
52988,J,2018-12-28,141714841
52988,J,2019-03-29,136432304
52988,J,2019-06-28,135848893
52988,J,2019-09-27,132879395
52988,J,2019-12-27,132879395
52988,J,2020-10-02,129747783
52988,J,2021-04-02,130172177
52988,J,2021-07-02,130293392
52988,J,2021-10-01,128892540
52988,J,2021-12-31,129153184
52988,J,2022-04-01,128899796
52988,J,2022-07-01,127577542
52988,J,2022-09-30,127393378
52988,J,2022-12-30,126668513
52988,J,2023-03-31,126805092
52988,J,2023-06-30,125880738
52988,J,2023-09-29,125976998
52988,J,2023-12-29,125599058
52988,J,2024-03-29,125216293
52988,J,2024-06-28,124253511
52988,J,2024-09-27,124084028
52988,J,2024-12-27,122912389
52988,J,2025-03-28,120379245
52988,J,2025-06-27,119704769
52988,J,2025-09-26,119081294
52988,J,2025-12-26,117586748
52988,J,2026-03-27,118190953
52988,J,2026-06-26,117132889
728535,JBHT,2009-12-31,127241968
728535,JBHT,2010-12-31,121490168
728535,JBHT,2011-12-31,116932448
728535,JBHT,2012-12-31,117529307
728535,JBHT,2013-12-31,117241438
728535,JBHT,2014-12-31,116575163
728535,JBHT,2015-12-31,113947780
728535,JBHT,2016-12-31,111305021
728535,JBHT,2017-12-31,109753008
728535,JBHT,2018-12-31,108710825
728535,JBHT,2019-12-31,106212908
728535,JBHT,2020-12-31,105653644
728535,JBHT,2021-12-31,105093706
728535,JBHT,2022-12-31,103743382
728535,JBHT,2023-12-31,103220027
728535,JBHT,2024-12-31,100555126
728535,JBHT,2025-12-31,94594725
898293,JBL,2010-08-31,210496989
898293,JBL,2010-11-30,212603364
898293,JBL,2011-02-28,213723960
898293,JBL,2011-05-31,213954794
898293,JBL,2011-08-31,203416503
898293,JBL,2011-11-30,207612936
898293,JBL,2012-02-29,206604032
898293,JBL,2012-05-31,205473091
898293,JBL,2012-08-31,206028577
898293,JBL,2012-11-30,202140682
898293,JBL,2013-02-28,202643007
898293,JBL,2013-05-31,202651388
898293,JBL,2013-08-31,203164870
898293,JBL,2013-11-30,206454127
898293,JBL,2014-02-28,203354328
898293,JBL,2014-05-31,199821030
898293,JBL,2014-08-31,194113850
898293,JBL,2014-11-30,193221845
898293,JBL,2015-02-28,193749894
898293,JBL,2015-05-31,193827796
898293,JBL,2015-08-31,192068068
898293,JBL,2015-11-30,190548351
898293,JBL,2016-02-29,191187666
898293,JBL,2016-05-31,191220619
898293,JBL,2016-08-31,186998472
898293,JBL,2017-02-28,182349673
898293,JBL,2017-05-31,179463376
898293,JBL,2017-08-31,177727653
898293,JBL,2017-11-30,176305660
898293,JBL,2018-02-28,172063230
898293,JBL,2018-05-31,168799744
898293,JBL,2018-08-31,164588172
898293,JBL,2018-11-30,157986896
898293,JBL,2019-02-28,152878329
898293,JBL,2019-05-31,152926887
898293,JBL,2019-08-31,153520380
898293,JBL,2019-11-30,152300356
898293,JBL,2020-02-29,151407526
898293,JBL,2020-05-31,150574036
898293,JBL,2020-08-31,150330358
898293,JBL,2020-11-30,150471570
898293,JBL,2021-02-28,149366501
898293,JBL,2021-05-31,146837466
898293,JBL,2021-08-31,144496077
898293,JBL,2021-11-30,144166009
898293,JBL,2022-02-28,142392135
898293,JBL,2022-05-31,138851189
898293,JBL,2022-08-31,135493980
898293,JBL,2022-11-30,134231300
898293,JBL,2023-02-28,133238368
898293,JBL,2023-05-31,131351864
898293,JBL,2023-08-31,131294422
898293,JBL,2023-11-30,128647431
898293,JBL,2024-02-29,122440607
898293,JBL,2024-05-31,118720679
898293,JBL,2024-08-31,113744167
898293,JBL,2024-11-30,111693059
898293,JBL,2025-02-28,109539804
898293,JBL,2025-05-31,107318837
898293,JBL,2025-08-31,107480895
898293,JBL,2025-11-30,106822960
898293,JBL,2026-02-28,105818234
898293,JBL,2026-05-31,104824302
833444,JCI,2009-09-25,479346720
833444,JCI,2016-09-02,935500000
19617,JPM,2008-12-31,3732800000
19617,JPM,2009-12-31,3942000000
19617,JPM,2010-12-31,3910300000
19617,JPM,2011-12-31,3772700000
19617,JPM,2012-12-31,3804000000
19617,JPM,2013-12-31,3756100000
19617,JPM,2014-12-31,3714800000
19617,JPM,2015-12-31,3663500000
19617,JPM,2016-12-31,3561200000
19617,JPM,2017-12-31,3425300000
19617,JPM,2018-12-31,3275800000
19617,JPM,2019-12-31,3084000000
19617,JPM,2020-12-31,3049400000
19617,JPM,2021-12-31,2944100000
19617,JPM,2022-12-31,2934200000
19617,JPM,2023-12-31,2876600000
19617,JPM,2024-12-31,2797600000
19617,JPM,2025-12-31,2696200000
1418135,KDP,2009-12-31,254109047
1418135,KDP,2010-03-31,254109047
1418135,KDP,2010-09-30,229446161
1418135,KDP,2010-12-31,223936156
1418135,KDP,2011-03-31,221347042
1418135,KDP,2011-06-30,216958804
1418135,KDP,2011-09-30,216958804
1418135,KDP,2011-12-31,212130239
1418135,KDP,2012-03-31,211832813
1418135,KDP,2012-06-30,210552441
1418135,KDP,2012-09-30,208393617
1418135,KDP,2012-12-31,205292657
1418135,KDP,2013-03-31,204014945
1418135,KDP,2013-06-30,203809137
1418135,KDP,2013-09-30,201303899
1418135,KDP,2013-12-31,197979971
1418135,KDP,2014-03-31,198069065
1418135,KDP,2014-06-30,195528740
1418135,KDP,2014-09-30,194473910
1418135,KDP,2014-12-31,192957696
1418135,KDP,2015-03-31,192342028
1418135,KDP,2015-06-30,190925830
1418135,KDP,2015-09-30,189112688
1418135,KDP,2015-12-31,187841509
1418135,KDP,2016-03-31,186694160
1418135,KDP,2016-06-30,185403402
1418135,KDP,2016-09-30,183769060
1418135,KDP,2016-12-31,183119843
1418135,KDP,2017-03-31,183795277
1418135,KDP,2017-06-30,182216494
1418135,KDP,2017-09-30,6213120
1418135,KDP,2017-12-31,790478141
1418135,KDP,2018-03-31,180218713
1418135,KDP,2018-06-30,180288812
1418135,KDP,2018-09-30,1389090915
1418135,KDP,2018-12-31,1405944922
1418135,KDP,2019-03-31,1406689275
1418135,KDP,2019-06-30,1406852305
1418135,KDP,2019-09-30,1406787332
1418135,KDP,2019-12-31,1406852305
1418135,KDP,2020-03-31,1407079951
1418135,KDP,2020-06-30,1407193674
1418135,KDP,2020-09-30,1407253294
1418135,KDP,2020-12-31,1407260676
1418135,KDP,2021-03-31,1417325379
1418135,KDP,2021-06-30,1417441055
1418135,KDP,2021-09-30,1417914437
1418135,KDP,2021-12-31,1418119197
1418135,KDP,2022-03-31,1418462239
1418135,KDP,2022-06-30,1416072925
1418135,KDP,2022-09-30,1416251307
1418135,KDP,2022-12-31,1408394293
1418135,KDP,2023-03-31,1403720858
1418135,KDP,2023-06-30,1396909564
1418135,KDP,2023-09-30,1398322033
1418135,KDP,2023-12-31,1390446043
1418135,KDP,2024-03-31,1355571438
1418135,KDP,2024-06-30,1355763506
1418135,KDP,2024-09-30,1356443009
1418135,KDP,2024-12-31,1356664609
1418135,KDP,2025-03-31,1358162801
1418135,KDP,2025-06-30,1358413413
1418135,KDP,2025-09-30,1358556914
1418135,KDP,2025-12-31,1358663795
1418135,KDP,2026-03-31,1360434759
1418135,KDP,2026-06-30,1360776911
1601046,KEYS,2014-10-31,167000000
1601046,KEYS,2015-01-31,168000000
1601046,KEYS,2015-04-30,169000000
1601046,KEYS,2015-07-31,169000000
1601046,KEYS,2015-10-31,170000000
1601046,KEYS,2016-01-31,171000000
1637459,KHC,2013-12-29,376832000
1637459,KHC,2014-12-28,377000000
1637459,KHC,2015-09-27,1213171703
1637459,KHC,2016-01-03,1214000000
1637459,KHC,2016-04-03,1215541052
1637459,KHC,2016-07-03,1217354448
1637459,KHC,2016-10-02,1217580024
1637459,KHC,2016-12-31,1217000000
1637459,KHC,2017-04-01,1218000000
1637459,KHC,2017-07-01,1218000000
1637459,KHC,2017-09-30,1218000000
1637459,KHC,2017-12-30,1219000000
1637459,KHC,2018-03-31,1219000000
1637459,KHC,2018-06-30,1219000000
1637459,KHC,2018-09-29,1219000000
1637459,KHC,2018-12-29,1220000000
1637459,KHC,2019-03-30,1220000000
1637459,KHC,2019-06-29,1220000000
1637459,KHC,2019-09-28,0
1637459,KHC,2019-12-28,1221000000
1637459,KHC,2020-03-28,1222000000
1637459,KHC,2020-06-27,1223000000
1637459,KHC,2020-09-26,1223000000
1637459,KHC,2020-12-26,1223000000
1637459,KHC,2021-03-27,1223000000
1637459,KHC,2021-06-26,1223000000
1637459,KHC,2021-09-25,1227000000
1637459,KHC,2021-12-25,1224000000
1637459,KHC,2022-03-26,1225000000
1637459,KHC,2022-06-25,1225000000
1637459,KHC,2022-09-24,1227000000
1637459,KHC,2022-12-31,1225000000
1637459,KHC,2023-04-01,1227000000
1637459,KHC,2023-07-01,1228000000
1637459,KHC,2023-09-30,1227000000
1637459,KHC,2023-12-30,1218000000
1637459,KHC,2024-03-30,1214000000
1637459,KHC,2024-06-29,1209000000
1637459,KHC,2024-09-28,1209000000
1637459,KHC,2024-12-28,1195000000
1637459,KHC,2025-03-29,1190000000
1637459,KHC,2025-06-28,1184000000
1637459,KHC,2025-09-27,1184000000
1637459,KHC,2025-12-27,1184000000
1637459,KHC,2026-03-28,1186000000
1637459,KHC,2026-06-27,1186000000
879101,KIM,2008-12-31,271080525
879101,KIM,2009-06-30,376357931
879101,KIM,2009-12-31,405532566
879101,KIM,2010-03-31,405684970
879101,KIM,2010-06-30,405833213
879101,KIM,2010-09-30,405940556
879101,KIM,2010-12-31,406423514
879101,KIM,2011-03-31,406851612
879101,KIM,2011-06-30,406958596
879101,KIM,2011-09-30,406939830
879101,KIM,2011-12-31,406937830
879101,KIM,2012-03-31,406912671
879101,KIM,2012-06-30,406891427
879101,KIM,2012-09-30,407608794
879101,KIM,2012-12-31,407782102
879101,KIM,2013-03-31,408622972
879101,KIM,2013-06-30,409616877
879101,KIM,2013-09-30,409656477
879101,KIM,2013-12-31,409731058
879101,KIM,2014-03-31,410506232
879101,KIM,2014-06-30,411019382
879101,KIM,2014-09-30,411338211
879101,KIM,2014-12-31,411819818
879101,KIM,2015-03-31,412709199
879101,KIM,2015-06-30,413119292
879101,KIM,2015-09-30,413222609
879101,KIM,2015-12-31,413430756
879101,KIM,2016-03-31,418281954
879101,KIM,2016-06-30,419997765
879101,KIM,2016-09-30,425013233
879101,KIM,2016-12-31,425034113
879101,KIM,2017-03-31,425034113
879101,KIM,2017-06-30,425637458
879101,KIM,2017-09-30,425633409
879101,KIM,2017-12-31,425646380
879101,KIM,2018-03-31,424899762
879101,KIM,2018-06-30,421387540
879101,KIM,2018-09-30,421391305
879101,KIM,2018-12-31,421388879
879101,KIM,2019-03-31,422037132
879101,KIM,2019-06-30,422094230
879101,KIM,2019-09-30,422230015
879101,KIM,2019-12-31,431814951
879101,KIM,2020-03-31,432525409
879101,KIM,2020-06-30,432503634
879101,KIM,2020-09-30,432501817
879101,KIM,2020-12-31,432518743
879101,KIM,2021-03-31,433448386
879101,KIM,2021-06-30,433516714
879101,KIM,2021-09-30,616413920
879101,KIM,2021-12-31,616658593
879101,KIM,2022-03-31,618002532
879101,KIM,2022-06-30,618483648
879101,KIM,2022-09-30,618462620
879101,KIM,2022-12-31,618483565
879101,KIM,2023-03-31,619891809
879101,KIM,2023-06-30,619888890
879101,KIM,2023-09-30,619874590
879101,KIM,2023-12-31,619871237
879101,KIM,2024-03-31,674117917
879101,KIM,2024-06-30,674112166
879101,KIM,2024-09-30,674082065
879101,KIM,2024-12-31,679493522
879101,KIM,2025-03-31,679497438
879101,KIM,2025-06-30,677205011
879101,KIM,2025-09-30,677195722
879101,KIM,2025-12-31,674093047
879101,KIM,2026-03-31,674402680
879101,KIM,2026-06-30,670245777
1404912,KKR,2019-12-31,560007579
1404912,KKR,2020-06-30,559140869
1404912,KKR,2020-09-30,566334746
1404912,KKR,2020-12-31,572893738
1404912,KKR,2021-03-31,578269039
1404912,KKR,2021-06-30,583030973
1404912,KKR,2021-09-30,583026679
1404912,KKR,2021-12-31,595663618
1404912,KKR,2022-03-31,590472444
1404912,KKR,2022-06-30,859833444
1404912,KKR,2022-09-30,859833444
1404912,KKR,2022-12-31,861110478
1404912,KKR,2023-03-31,861104000
1404912,KKR,2023-06-30,857987641
1404912,KKR,2023-09-30,884585205
1404912,KKR,2023-12-31,885005588
1404912,KKR,2024-03-31,885010967
1404912,KKR,2024-06-30,887439098
1404912,KKR,2024-09-30,887448993
1404912,KKR,2024-12-31,888232174
1404912,KKR,2025-03-31,888250332
1404912,KKR,2025-06-30,890938778
1404912,KKR,2025-09-30,890970061
1404912,KKR,2025-12-31,891451844
1404912,KKR,2026-03-31,889413785
1404912,KKR,2026-06-30,897776609
319201,KLAC,2010-06-30,168043000
319201,KLAC,2011-06-30,167118000
319201,KLAC,2012-06-30,166710000
319201,KLAC,2013-06-30,165435000
319201,KLAC,2014-06-30,165448000
319201,KLAC,2015-06-30,157851000
319201,KLAC,2016-06-30,155955000
319201,KLAC,2017-06-30,156840000
319201,KLAC,2018-06-30,156048000
319201,KLAC,2019-06-30,159475000
319201,KLAC,2020-06-30,155461000
319201,KLAC,2021-06-30,152776000
319201,KLAC,2022-06-30,141804000
319201,KLAC,2023-06-30,136750000
319201,KLAC,2024-06-30,134425000
319201,KLAC,2025-06-30,1320227000
319201,KLAC,2026-06-30,1306983000
55785,KMB,2008-12-31,413600000
55785,KMB,2009-06-30,414300000
55785,KMB,2009-09-30,414700000
55785,KMB,2009-12-31,406900000
55785,KMB,2010-03-31,414900000
55785,KMB,2010-06-30,409700000
55785,KMB,2010-09-30,408000000
55785,KMB,2010-12-31,406900000
55785,KMB,2011-03-31,395200000
55785,KMB,2011-06-30,392200000
55785,KMB,2011-09-30,393300000
55785,KMB,2011-12-31,395700000
55785,KMB,2012-03-31,391400000
55785,KMB,2012-06-30,394600000
55785,KMB,2012-09-30,392300000
55785,KMB,2012-12-31,389300000
55785,KMB,2013-03-31,384700000
55785,KMB,2013-06-30,383400000
55785,KMB,2013-09-30,382100000
55785,KMB,2013-12-31,380800000
55785,KMB,2014-03-31,377200000
55785,KMB,2014-06-30,374000000
55785,KMB,2014-09-30,372500000
55785,KMB,2014-12-31,365300000
55785,KMB,2015-03-31,364300000
55785,KMB,2015-06-30,364300000
55785,KMB,2015-09-30,363300000
55785,KMB,2015-12-31,360900000
55785,KMB,2016-03-31,360200000
55785,KMB,2016-06-30,359700000
55785,KMB,2016-09-30,358400000
55785,KMB,2016-12-31,356600000
55785,KMB,2017-03-31,355200000
55785,KMB,2017-06-30,353400000
55785,KMB,2017-09-30,351900000
55785,KMB,2017-12-31,351100000
55785,KMB,2018-03-31,349600000
55785,KMB,2018-06-30,347900000
55785,KMB,2018-09-30,346600000
55785,KMB,2018-12-31,345000000
55785,KMB,2019-03-31,343900000
55785,KMB,2019-06-30,344200000
55785,KMB,2019-09-30,343100000
55785,KMB,2019-12-31,341400000
55785,KMB,2020-03-31,340800000
55785,KMB,2020-06-30,341000000
55785,KMB,2020-09-30,340400000
55785,KMB,2020-12-31,338700000
55785,KMB,2021-03-31,337600000
55785,KMB,2021-06-30,336900000
55785,KMB,2021-09-30,336700000
55785,KMB,2021-12-31,336800000
55785,KMB,2022-03-31,337000000
55785,KMB,2022-06-30,337600000
55785,KMB,2022-09-30,337500000
55785,KMB,2022-12-31,337500000
55785,KMB,2023-03-31,337400000
55785,KMB,2023-06-30,338200000
55785,KMB,2023-09-30,338000000
55785,KMB,2023-12-31,337000000
55785,KMB,2024-03-31,336800000
55785,KMB,2024-06-30,337000000
55785,KMB,2024-09-30,333500000
55785,KMB,2024-12-31,331800000
55785,KMB,2025-03-31,331900000
55785,KMB,2025-06-30,331900000
55785,KMB,2025-09-30,331900000
55785,KMB,2025-12-31,331900000
55785,KMB,2026-03-31,331900000
55785,KMB,2026-06-30,332600000
1506307,KMI,2013-12-31,1031000000
1506307,KMI,2014-12-31,2125000000
1506307,KMI,2015-06-30,2188000000
1506307,KMI,2015-09-30,2228000000
1506307,KMI,2015-12-31,2229000000
1506307,KMI,2016-03-31,2229000000
1506307,KMI,2016-06-30,2229000000
1506307,KMI,2016-09-30,2230000000
1506307,KMI,2016-12-31,2230000000
1506307,KMI,2017-03-31,2230000000
1506307,KMI,2017-06-30,2230000000
1506307,KMI,2017-09-30,2231000000
1506307,KMI,2017-12-31,2217110072
1506307,KMI,2018-01-01,2217000000
1506307,KMI,2018-03-31,2203965721
1506307,KMI,2018-06-30,2204000000
1506307,KMI,2018-09-30,2205496735
1506307,KMI,2018-12-31,2262165783
1506307,KMI,2019-03-31,2262423688
1506307,KMI,2019-06-30,2262497678
1506307,KMI,2019-09-30,2264908090
1506307,KMI,2019-12-31,2264936054
1506307,KMI,2020-03-31,2261425938
1506307,KMI,2020-06-30,2261444654
1506307,KMI,2020-09-30,2263749898
1506307,KMI,2020-12-31,2264257336
1506307,KMI,2021-03-31,2264470730
1506307,KMI,2021-06-30,2264604747
1506307,KMI,2021-09-30,2267381482
1506307,KMI,2021-12-31,2267391527
1506307,KMI,2022-03-31,2267382723
1506307,KMI,2022-06-30,2257464962
1506307,KMI,2022-09-30,2249727830
1506307,KMI,2022-12-31,2247681626
1506307,KMI,2023-03-31,2241158000
1506307,KMI,2023-06-30,2228894500
1506307,KMI,2023-09-30,2227817827
1506307,KMI,2023-12-31,2219729644
1506307,KMI,2024-03-31,2219374654
1506307,KMI,2024-06-30,2219403596
1506307,KMI,2024-09-30,2221626124
1506307,KMI,2024-12-31,2221647775
1506307,KMI,2025-03-31,2222058215
1506307,KMI,2025-06-30,2222067557
1506307,KMI,2025-09-30,2224753580
1506307,KMI,2025-12-31,2224777750
1506307,KMI,2026-03-31,2224809827
1506307,KMI,2026-06-30,2224819927
1944048,KVUE,2023-01-01,1915000000
1944048,KVUE,2023-04-02,1716160000
1944048,KVUE,2023-05-31,1716160000
1944048,KVUE,2023-07-02,1914894444
1944048,KVUE,2023-10-01,1914909765
1944048,KVUE,2023-12-31,1915057000
1944048,KVUE,2024-03-31,1914698483
1944048,KVUE,2024-06-30,1915063617
1944048,KVUE,2024-09-29,1916278058
1944048,KVUE,2024-12-29,1913768000
1944048,KVUE,2025-03-30,1918858759
1944048,KVUE,2025-06-29,1918837117
1944048,KVUE,2025-09-28,1915731292
1944048,KVUE,2025-12-28,1916115000
1944048,KVUE,2026-03-29,1919934784
1944048,KVUE,2026-06-28,1920241102
60086,L,2013-12-31,387210096
60086,L,2014-12-31,372934540
60086,L,2015-12-31,339897547
60086,L,2016-12-31,336621358
1336920,LDOS,2010-01-31,388000000
1336920,LDOS,2010-07-31,372000000
1336920,LDOS,2010-10-31,372000000
1336920,LDOS,2011-01-31,362000000
1336920,LDOS,2011-04-30,353000000
1336920,LDOS,2011-07-31,342000000
1336920,LDOS,2011-10-31,341000000
1336920,LDOS,2012-01-31,341000000
1336920,LDOS,2012-04-30,342000000
1336920,LDOS,2012-07-31,342000000
1336920,LDOS,2012-10-31,342000000
1336920,LDOS,2013-01-31,86000000
1336920,LDOS,2013-05-03,342000000
1336920,LDOS,2013-08-02,343000000
1336920,LDOS,2013-11-01,86000000
1336920,LDOS,2014-01-31,80000000
1336920,LDOS,2014-05-02,75000000
1336920,LDOS,2014-08-01,74000000
1336920,LDOS,2014-10-31,74000000
1336920,LDOS,2015-01-30,74000000
1336920,LDOS,2015-04-03,74000000
1336920,LDOS,2015-07-03,72000000
1336920,LDOS,2015-10-02,72000000
1336920,LDOS,2016-01-01,72000000
1336920,LDOS,2016-04-01,72000000
1336920,LDOS,2016-07-01,73000000
1336920,LDOS,2016-09-30,150000000
1336920,LDOS,2016-12-30,150000000
1336920,LDOS,2017-03-31,151000000
1336920,LDOS,2017-06-30,151000000
1336920,LDOS,2017-09-29,151000000
1336920,LDOS,2017-12-29,151000000
1336920,LDOS,2018-03-30,152000000
1336920,LDOS,2018-06-29,150000000
1336920,LDOS,2018-09-28,150000000
1336920,LDOS,2018-12-28,146000000
1336920,LDOS,2019-03-29,144000000
1336920,LDOS,2019-06-28,144000000
1336920,LDOS,2019-09-27,141000000
1336920,LDOS,2020-01-03,141000000
1336920,LDOS,2020-04-03,142000000
1336920,LDOS,2020-07-03,142000000
1336920,LDOS,2020-10-02,142000000
1336920,LDOS,2021-01-01,142000000
1336920,LDOS,2021-04-02,141000000
1336920,LDOS,2021-07-02,142000000
1336920,LDOS,2021-10-01,140000000
1336920,LDOS,2021-12-31,140000000
1336920,LDOS,2022-04-01,137000000
1336920,LDOS,2022-07-01,137000000
1336920,LDOS,2022-09-30,137000000
1336920,LDOS,2022-12-30,136926990
1336920,LDOS,2023-03-31,137000000
1336920,LDOS,2023-06-30,137000000
1336920,LDOS,2023-09-29,137506136
1336920,LDOS,2023-12-29,135766419
1336920,LDOS,2024-03-29,135097654
1336920,LDOS,2024-06-28,134709785
1336920,LDOS,2024-09-27,133337275
1336920,LDOS,2025-01-03,131163899
1336920,LDOS,2025-04-04,128715893
1336920,LDOS,2025-07-04,128295977
1336920,LDOS,2025-10-03,127854145
1336920,LDOS,2026-01-02,126380657
1336920,LDOS,2026-04-03,125783512
1336920,LDOS,2026-07-03,125492013
920148,LH,2008-12-31,108200000
920148,LH,2009-09-30,106500000
920148,LH,2009-12-31,105300000
920148,LH,2010-03-31,104200000
920148,LH,2010-09-30,101700000
920148,LH,2010-12-31,102400000
920148,LH,2011-03-31,100200000
920148,LH,2011-06-30,101400000
920148,LH,2011-09-30,99700000
920148,LH,2011-12-31,97800000
920148,LH,2012-03-31,97100000
920148,LH,2012-06-30,95800000
920148,LH,2012-09-30,94900000
920148,LH,2012-12-31,93500000
920148,LH,2013-03-31,92800000
920148,LH,2013-06-30,90500000
920148,LH,2013-09-30,87800000
920148,LH,2013-12-31,85700000
920148,LH,2014-03-31,84800000
920148,LH,2014-06-30,84900000
920148,LH,2014-09-30,84900000
920148,LH,2014-12-31,84600000
920148,LH,2015-03-31,100500000
920148,LH,2015-06-30,100800000
920148,LH,2015-09-30,101200000
920148,LH,2015-12-31,101300000
920148,LH,2016-03-31,102100000
920148,LH,2016-06-30,102200000
920148,LH,2016-09-30,102800000
920148,LH,2016-12-31,102700000
920148,LH,2017-03-31,102600000
920148,LH,2017-06-30,102000000
920148,LH,2017-09-30,102100000
920148,LH,2017-12-31,101900000
920148,LH,2018-03-31,102100000
920148,LH,2018-06-30,102000000
920148,LH,2018-09-30,101400000
920148,LH,2018-12-31,98900000
920148,LH,2019-03-31,98700000
920148,LH,2019-06-30,97800000
920148,LH,2019-09-30,97400000
920148,LH,2019-12-31,97200000
920148,LH,2020-03-31,97100000
920148,LH,2020-06-30,97300000
920148,LH,2020-09-30,97400000
920148,LH,2020-12-31,97500000
920148,LH,2021-03-31,97800000
920148,LH,2021-06-30,96700000
920148,LH,2021-09-30,95800000
920148,LH,2021-12-31,93100000
920148,LH,2022-03-31,95800000
920148,LH,2022-06-30,91000000
920148,LH,2022-09-30,89600000
920148,LH,2022-12-31,88200000
920148,LH,2023-03-31,88600000
920148,LH,2023-06-30,88700000
920148,LH,2023-09-30,84900000
920148,LH,2023-12-31,83900000
920148,LH,2024-03-31,84300000
920148,LH,2024-06-30,83800000
920148,LH,2024-09-30,83700000
920148,LH,2024-12-31,83400000
920148,LH,2025-03-31,83800000
920148,LH,2025-06-30,82900000
920148,LH,2025-09-30,83000000
920148,LH,2025-12-31,82200000
920148,LH,2026-03-31,82300000
920148,LH,2026-06-30,80900000
202058,LHX,2009-07-03,131370702
202058,LHX,2009-10-02,130247316
202058,LHX,2010-01-01,129314335
202058,LHX,2010-04-02,128299638
202058,LHX,2010-07-02,127460307
202058,LHX,2010-10-01,126631098
202058,LHX,2010-12-31,125770033
202058,LHX,2011-04-01,125005756
202058,LHX,2011-07-01,123118804
202058,LHX,2011-09-30,112950028
202058,LHX,2011-12-30,112630523
202058,LHX,2012-03-30,112584814
202058,LHX,2012-06-29,112147405
202058,LHX,2012-09-28,112951972
202058,LHX,2012-12-28,112396739
202058,LHX,2013-03-29,109184648
202058,LHX,2013-06-28,106933188
202058,LHX,2013-09-27,106762625
202058,LHX,2013-12-27,106693281
202058,LHX,2014-03-28,106471958
202058,LHX,2014-06-27,105509073
202058,LHX,2014-09-26,104556029
202058,LHX,2015-01-02,104079487
202058,LHX,2015-04-03,104213660
202058,LHX,2015-07-03,123675756
202058,LHX,2015-10-02,124168650
202058,LHX,2016-01-01,124411448
202058,LHX,2016-04-01,124481216
202058,LHX,2016-07-01,124643407
202058,LHX,2016-09-30,124085427
202058,LHX,2016-12-30,124277167
202058,LHX,2017-03-31,121740174
202058,LHX,2017-06-30,119628884
202058,LHX,2017-09-29,119045836
202058,LHX,2017-12-29,118577053
202058,LHX,2018-03-30,118552986
202058,LHX,2018-06-29,118280120
202058,LHX,2018-09-28,117611536
202058,LHX,2018-12-28,117774474
202058,LHX,2019-03-29,118072477
202058,LHX,2019-06-28,118552599
202058,LHX,2019-09-27,221568200
202058,LHX,2020-01-03,218226614
202058,LHX,2020-04-03,215759497
202058,LHX,2020-07-03,216087421
202058,LHX,2020-10-02,210004233
202058,LHX,2021-01-01,208230353
202058,LHX,2021-04-02,204864804
202058,LHX,2021-07-02,201643891
202058,LHX,2021-10-01,196795809
202058,LHX,2021-12-31,193511401
202058,LHX,2022-04-01,192805539
202058,LHX,2022-07-01,191518970
202058,LHX,2022-09-30,191089930
202058,LHX,2022-12-30,190611458
202058,LHX,2023-03-31,189360959
202058,LHX,2023-06-30,189085602
202058,LHX,2023-09-29,189439991
202058,LHX,2023-12-29,189808581
202058,LHX,2024-03-29,189463015
202058,LHX,2024-06-28,189779216
202058,LHX,2024-09-27,189548670
202058,LHX,2025-01-03,189794911
202058,LHX,2025-03-28,187593750
202058,LHX,2025-06-27,186912403
202058,LHX,2025-10-03,187166752
202058,LHX,2026-01-02,186844093
202058,LHX,2026-04-03,186601408
202058,LHX,2026-07-03,186155804
1707925,LIN,2018-12-31,547241630
1707925,LIN,2019-12-31,534380544
1707925,LIN,2020-12-31,523294529
1707925,LIN,2021-12-31,508680879
1633978,LITE,2015-06-27,0
1633978,LITE,2015-09-26,58970645
1633978,LITE,2015-12-26,59081186
1633978,LITE,2016-04-02,59244599
1633978,LITE,2016-07-02,59580596
1633978,LITE,2016-10-01,60121177
1633978,LITE,2016-12-31,60580652
1633978,LITE,2017-04-01,61105106
1633978,LITE,2017-07-01,61476103
1633978,LITE,2017-09-30,62006405
1633978,LITE,2017-12-30,62334714
1633978,LITE,2018-03-31,62588096
1633978,LITE,2018-06-30,62790087
1633978,LITE,2018-09-29,63346678
1633978,LITE,2018-12-29,76102664
1633978,LITE,2019-03-30,76349298
1633978,LITE,2019-06-29,76653478
1633978,LITE,2019-09-28,77184591
1633978,LITE,2019-12-28,74716401
1633978,LITE,2020-03-28,74874176
1633978,LITE,2020-06-27,75100000
1633978,LITE,2020-09-26,75461945
1633978,LITE,2020-12-26,75700000
1633978,LITE,2021-04-03,75800000
1633978,LITE,2021-07-03,73000000
1633978,LITE,2021-10-02,72300000
1633978,LITE,2022-01-01,72200000
1633978,LITE,2022-04-02,69100000
1633978,LITE,2022-07-02,68000000
1633978,LITE,2022-10-01,68200000
1633978,LITE,2022-12-31,68400000
1633978,LITE,2023-04-01,68700000
1633978,LITE,2023-07-01,66400000
1633978,LITE,2023-09-30,67000000
1633978,LITE,2023-12-30,67400000
1633978,LITE,2024-03-30,67600000
1633978,LITE,2024-06-29,67900000
1633978,LITE,2024-09-28,68600000
1633978,LITE,2024-12-28,69100000
1633978,LITE,2025-03-29,69400000
1633978,LITE,2025-06-28,69800000
1633978,LITE,2025-09-27,70900000
1633978,LITE,2025-12-27,71400000
1633978,LITE,2026-03-28,71700000
1633978,LITE,2026-06-27,88600000
936468,LMT,2010-12-31,346000000
936468,LMT,2012-12-31,321000000
936468,LMT,2013-12-31,319000000
936468,LMT,2014-12-31,314000000
936468,LMT,2015-12-31,303000000
936468,LMT,2016-12-31,289000000
936468,LMT,2017-12-31,284000000
936468,LMT,2019-12-31,280000000
936468,LMT,2020-12-31,279000000
936468,LMT,2021-12-31,271000000
936468,LMT,2022-12-31,254000000
936468,LMT,2023-12-31,240000000
936468,LMT,2024-12-31,234000000
936468,LMT,2025-12-31,229000000
352541,LNT,2008-12-31,110449099
352541,LNT,2009-12-31,110656498
352541,LNT,2010-06-30,110795815
352541,LNT,2010-09-30,110855025
352541,LNT,2010-12-31,110893901
352541,LNT,2011-03-31,110942128
352541,LNT,2011-06-30,110979511
352541,LNT,2011-09-30,110981511
352541,LNT,2011-12-31,111018821
352541,LNT,2012-03-31,110962089
352541,LNT,2012-06-30,110976142
352541,LNT,2012-09-30,110987400
352541,LNT,2012-12-31,110987400
352541,LNT,2013-03-31,110922015
352541,LNT,2013-06-30,110943669
352541,LNT,2013-09-30,110943669
352541,LNT,2013-12-31,221887338
352541,LNT,2014-03-31,110937182
352541,LNT,2014-06-30,110935680
352541,LNT,2014-09-30,110935680
352541,LNT,2014-12-31,221871360
352541,LNT,2015-03-31,112977238
352541,LNT,2015-06-30,113263624
352541,LNT,2015-09-30,113360425
352541,LNT,2015-12-31,226918432
352541,LNT,2016-03-31,113562651
352541,LNT,2016-06-30,227333746
352541,LNT,2016-09-30,227500428
352541,LNT,2016-12-31,227673654
352541,LNT,2017-03-31,227823278
352541,LNT,2017-06-30,231062417
352541,LNT,2017-09-30,231204360
352541,LNT,2017-12-31,231348646
352541,LNT,2018-03-31,231481828
352541,LNT,2018-06-30,233772908
352541,LNT,2018-09-30,235936447
352541,LNT,2018-12-31,236063279
352541,LNT,2019-03-31,237394409
352541,LNT,2019-06-30,237521074
352541,LNT,2019-09-30,240342949
352541,LNT,2019-12-31,245022800
352541,LNT,2020-03-31,249503754
352541,LNT,2020-06-30,249644352
352541,LNT,2020-09-30,249760663
352541,LNT,2020-12-31,249868415
352541,LNT,2021-03-31,250134552
352541,LNT,2021-06-30,250257856
352541,LNT,2021-09-30,250360787
352541,LNT,2021-12-31,250474529
352541,LNT,2022-03-31,250813728
352541,LNT,2022-06-30,250926232
352541,LNT,2022-09-30,251021830
352541,LNT,2022-12-31,251134966
352541,LNT,2023-03-31,251387788
352541,LNT,2023-06-30,252719092
352541,LNT,2023-09-30,255179087
352541,LNT,2023-12-31,256096848
352541,LNT,2024-03-31,256379032
352541,LNT,2024-06-30,256499575
352541,LNT,2024-09-30,256599202
352541,LNT,2024-12-31,256690222
352541,LNT,2025-03-31,256876299
352541,LNT,2025-06-30,256969227
352541,LNT,2025-09-30,257053689
352541,LNT,2025-12-31,257137261
352541,LNT,2026-03-31,258277037
60667,LOW,2008-08-01,1464000000
60667,LOW,2008-10-31,1467000000
60667,LOW,2009-01-30,1470000000
60667,LOW,2009-05-01,1474000000
60667,LOW,2009-07-31,1477000000
60667,LOW,2009-10-30,1477000000
60667,LOW,2010-01-29,1459000000
60667,LOW,2010-04-30,1443000000
60667,LOW,2010-07-30,1423000000
60667,LOW,2010-10-29,1394000000
60667,LOW,2011-01-28,1354000000
60667,LOW,2011-04-29,1318000000
60667,LOW,2011-07-29,1260000000
60667,LOW,2011-10-28,1260000000
60667,LOW,2012-02-03,1241000000
60667,LOW,2012-05-04,1187000000
60667,LOW,2012-08-03,1152000000
60667,LOW,2012-11-02,1123000000
60667,LOW,2013-02-01,1110000000
60667,LOW,2013-05-03,1088000000
60667,LOW,2013-08-02,1063000000
60667,LOW,2013-11-01,1050000000
60667,LOW,2014-01-31,1030000000
60667,LOW,2014-05-02,1012000000
60667,LOW,2014-08-01,991000000
60667,LOW,2014-10-31,974000000
60667,LOW,2015-01-30,960000000
60667,LOW,2015-05-01,947000000
60667,LOW,2015-07-31,928000000
60667,LOW,2015-10-30,917000000
60667,LOW,2016-01-29,910000000
60667,LOW,2016-04-29,894000000
60667,LOW,2016-07-29,881000000
60667,LOW,2016-10-28,873000000
60667,LOW,2017-02-03,866000000
60667,LOW,2017-05-05,853000000
60667,LOW,2017-08-04,837000000
60667,LOW,2017-11-03,831000000
60667,LOW,2018-02-02,830000000
60667,LOW,2018-05-04,822000000
60667,LOW,2018-08-03,811000000
60667,LOW,2018-11-02,806000000
60667,LOW,2019-02-01,801000000
60667,LOW,2019-05-03,795000000
60667,LOW,2019-08-02,776000000
60667,LOW,2019-11-01,768000000
60667,LOW,2020-01-31,763000000
60667,LOW,2020-05-01,755000000
60667,LOW,2020-07-31,756000000
60667,LOW,2020-10-30,752000000
60667,LOW,2021-01-29,731000000
60667,LOW,2021-04-30,715000000
60667,LOW,2021-07-30,699000000
60667,LOW,2021-10-29,686000000
60667,LOW,2022-01-28,670000000
60667,LOW,2022-04-29,652000000
60667,LOW,2022-07-29,631000000
60667,LOW,2022-10-28,611000000
60667,LOW,2023-02-03,601000000
60667,LOW,2023-05-05,592000000
60667,LOW,2023-08-04,582000000
60667,LOW,2023-11-03,575000000
60667,LOW,2024-02-02,574000000
60667,LOW,2024-05-03,572000000
60667,LOW,2024-08-02,568000000
60667,LOW,2024-11-01,565000000
60667,LOW,2025-01-31,560000000
60667,LOW,2025-05-02,560000000
60667,LOW,2025-08-01,561000000
60667,LOW,2025-10-31,561000000
60667,LOW,2026-01-30,561000000
60667,LOW,2026-05-01,561000000
60667,LOW,2026-07-31,561000000
707549,LRCX,2010-06-27,125946000
707549,LRCX,2010-09-26,122869000
707549,LRCX,2010-12-26,123254000
707549,LRCX,2011-03-27,124037000
707549,LRCX,2011-06-26,123579000
707549,LRCX,2011-09-25,122109000
707549,LRCX,2011-12-25,119540000
707549,LRCX,2012-03-25,119775000
707549,LRCX,2012-06-24,186656000
707549,LRCX,2012-09-23,175341000
707549,LRCX,2012-12-23,165846000
707549,LRCX,2013-03-31,161802000
707549,LRCX,2013-06-30,162873000
707549,LRCX,2013-09-29,162217000
707549,LRCX,2013-12-29,162169000
707549,LRCX,2014-03-30,161988000
707549,LRCX,2014-06-29,162350000
707549,LRCX,2014-09-28,159384000
707549,LRCX,2014-12-28,159294000
707549,LRCX,2015-03-29,158485000
707549,LRCX,2015-06-28,158531000
707549,LRCX,2015-09-27,158101000
707549,LRCX,2015-12-27,158568000
707549,LRCX,2016-03-27,159319000
707549,LRCX,2016-06-26,160201000
707549,LRCX,2016-09-25,161706000
707549,LRCX,2016-12-25,162357000
707549,LRCX,2017-03-26,163969000
707549,LRCX,2017-06-25,161723000
707549,LRCX,2017-09-24,162144000
707549,LRCX,2017-12-24,159451000
707549,LRCX,2018-03-25,164100000
707549,LRCX,2018-06-24,156892000
707549,LRCX,2018-09-23,153384000
707549,LRCX,2018-12-23,153961000
707549,LRCX,2019-03-31,149886000
707549,LRCX,2019-06-30,144433000
707549,LRCX,2019-09-29,144871000
707549,LRCX,2019-12-29,142462000
707549,LRCX,2020-03-29,145156000
707549,LRCX,2020-06-28,145331000
707549,LRCX,2020-09-27,144593000
707549,LRCX,2020-12-27,143205000
707549,LRCX,2021-03-28,142607000
707549,LRCX,2021-06-27,142501000
707549,LRCX,2021-09-26,140811000
707549,LRCX,2021-12-26,140275000
707549,LRCX,2022-03-27,138707000
707549,LRCX,2022-06-26,136975000
707549,LRCX,2022-09-25,136374000
707549,LRCX,2022-12-25,135403000
707549,LRCX,2023-03-26,134692000
707549,LRCX,2023-06-25,133297000
707549,LRCX,2023-09-24,132072000
707549,LRCX,2023-12-24,131278000
707549,LRCX,2024-03-31,130736000
707549,LRCX,2024-06-30,1303769000
707549,LRCX,2024-09-29,1291958000
707549,LRCX,2024-12-29,1284956000
707549,LRCX,2025-03-30,1282957000
707549,LRCX,2025-06-29,1268740000
707549,LRCX,2025-09-28,1259176000
707549,LRCX,2025-12-28,1251180000
707549,LRCX,2026-03-29,1250539000
707549,LRCX,2026-06-28,1251278000
1397187,LULU,2010-01-31,51126000
1397187,LULU,2010-08-01,51723000
1397187,LULU,2010-10-31,52840000
1397187,LULU,2011-01-30,106756000
1397187,LULU,2011-05-01,54026000
1397187,LULU,2011-07-31,108773000
1397187,LULU,2011-10-30,109359000
1397187,LULU,2012-01-29,110135000
1397187,LULU,2012-04-29,111517000
1397187,LULU,2012-07-29,110135000
1397187,LULU,2012-10-28,111777000
1397187,LULU,2013-02-03,112371000
1397187,LULU,2013-05-05,112517000
1397187,LULU,2013-08-04,115006000
1397187,LULU,2013-11-03,115223000
1397187,LULU,2014-02-02,115342000
1397187,LULU,2014-05-04,115504000
1397187,LULU,2014-08-03,114185000
1397187,LULU,2014-11-02,132478000
1397187,LULU,2015-02-01,132112000
1397187,LULU,2015-05-03,131978000
1397187,LULU,2015-08-02,131104000
1397187,LULU,2015-11-01,129581000
1397187,LULU,2016-01-31,127482000
1397187,LULU,2016-05-01,127359000
1397187,LULU,2016-07-31,127258000
1397187,LULU,2016-10-30,127296000
1397187,LULU,2017-01-29,127304000
1397187,LULU,2017-04-30,127131000
1397187,LULU,2017-07-30,125697000
1397187,LULU,2017-10-29,125592000
1397187,LULU,2018-01-28,125650000
1397187,LULU,2018-04-29,125911000
1397187,LULU,2018-07-29,122656000
1397187,LULU,2018-10-28,122667000
1397187,LULU,2019-02-03,121600000
1397187,LULU,2019-05-05,122900000
1397187,LULU,2019-08-04,122921000
1397187,LULU,2019-11-03,123336000
1397187,LULU,2020-02-02,124122000
1397187,LULU,2020-05-03,124717000
1397187,LULU,2020-08-02,124917000
1397187,LULU,2020-11-01,125121000
1397187,LULU,2021-01-31,125150000
1397187,LULU,2021-05-02,125069000
1397187,LULU,2021-08-01,124644000
1397187,LULU,2021-10-31,124135000
1397187,LULU,2022-01-30,123297000
1397187,LULU,2022-05-01,122732000
1397187,LULU,2022-07-31,122334000
1397187,LULU,2022-10-30,122318000
1397187,LULU,2023-01-29,122205000
1397187,LULU,2023-04-30,122099000
1397187,LULU,2023-07-30,121613000
1397187,LULU,2023-10-29,121122000
1397187,LULU,2024-01-28,121106000
1397187,LULU,2024-04-28,120470000
1397187,LULU,2024-07-28,118610000
1397187,LULU,2024-10-27,117046000
1397187,LULU,2025-02-02,116166000
1397187,LULU,2025-05-04,114909000
1397187,LULU,2025-08-03,113828000
1397187,LULU,2025-11-02,112789000
1397187,LULU,2026-02-01,111380000
1397187,LULU,2026-05-03,109308000
1397187,LULU,2026-08-02,106566000
92380,LUV,2009-03-31,740000000
92380,LUV,2009-06-30,741000000
92380,LUV,2010-03-31,744000000
92380,LUV,2010-06-30,746000000
1300514,LVS,2008-12-31,641839018
1300514,LVS,2009-12-31,660322749
1300514,LVS,2010-06-30,660733908
1300514,LVS,2010-09-30,661140737
1300514,LVS,2010-12-31,707507982
1300514,LVS,2011-03-31,728656309
1300514,LVS,2011-06-30,729950068
1300514,LVS,2011-09-30,731668681
1300514,LVS,2011-12-31,733249698
1300514,LVS,2012-03-31,822724993
1300514,LVS,2012-06-30,822918059
1300514,LVS,2012-09-30,823446712
1300514,LVS,2012-12-31,824297756
1300514,LVS,2013-03-31,824852598
1300514,LVS,2013-06-30,824406713
1300514,LVS,2013-09-30,820514776
1300514,LVS,2013-12-31,818702936
1300514,LVS,2014-03-31,810134695
1300514,LVS,2014-06-30,806261255
1300514,LVS,2014-09-30,801971285
1300514,LVS,2014-12-31,798258172
1300514,LVS,2015-03-31,798636267
1300514,LVS,2015-06-30,797397901
1300514,LVS,2015-09-30,795863082
1300514,LVS,2015-12-31,795000000
1300514,LVS,2016-03-31,794720594
1300514,LVS,2016-06-30,794733118
1300514,LVS,2016-09-30,794793918
1300514,LVS,2016-12-31,795000000
1300514,LVS,2017-03-31,792000000
1300514,LVS,2017-06-30,791000000
1300514,LVS,2017-09-30,790000000
1300514,LVS,2017-12-31,789000000
1300514,LVS,2018-03-31,789000000
1300514,LVS,2018-06-30,788000000
1300514,LVS,2018-09-30,784000000
1300514,LVS,2018-12-31,775000000
1300514,LVS,2019-03-31,773000000
1300514,LVS,2019-06-30,770000000
1300514,LVS,2019-09-30,768000000
1300514,LVS,2019-12-31,764000000
1300514,LVS,2020-03-31,764000000
1300514,LVS,2020-06-30,764000000
1300514,LVS,2020-09-30,764000000
1300514,LVS,2020-12-31,764000000
1300514,LVS,2021-03-31,764000000
1300514,LVS,2021-06-30,764000000
1300514,LVS,2021-09-30,764000000
1300514,LVS,2021-12-31,764000000
1300514,LVS,2022-03-31,764000000
1300514,LVS,2022-06-30,764000000
1300514,LVS,2022-09-30,764000000
1300514,LVS,2022-12-31,764000000
1300514,LVS,2023-03-31,764000000
1300514,LVS,2023-06-30,764000000
1300514,LVS,2023-09-30,764000000
1300514,LVS,2023-12-31,753000000
1300514,LVS,2024-03-31,745000000
1300514,LVS,2024-06-30,736000000
1300514,LVS,2024-09-30,725000000
1300514,LVS,2024-12-31,716000000
1300514,LVS,2025-03-31,707000000
1300514,LVS,2025-06-30,687000000
1300514,LVS,2025-09-30,678000000
1300514,LVS,2025-12-31,675000000
1300514,LVS,2026-03-31,663000000
1300514,LVS,2026-06-30,648000000
1489393,LYB,2011-12-31,573390514
1489393,LYB,2012-03-31,574467256
1489393,LYB,2012-06-30,574795762
1489393,LYB,2012-09-30,575180918
1489393,LYB,2012-12-31,575216709
1489393,LYB,2013-03-31,575418103
1489393,LYB,2013-06-30,570501290
1489393,LYB,2013-09-30,557039409
1489393,LYB,2013-12-31,548824138
1489393,LYB,2014-03-31,533877601
1489393,LYB,2014-06-30,515426547
1489393,LYB,2014-09-30,504006085
1489393,LYB,2014-12-31,486969402
1489393,LYB,2015-03-31,475379537
1489393,LYB,2015-06-30,468081718
1489393,LYB,2015-09-30,452844958
1489393,LYB,2015-12-31,440150069
1489393,LYB,2016-03-31,428158354
1489393,LYB,2016-06-30,419381566
1489393,LYB,2016-09-30,409165559
1489393,LYB,2016-12-31,404046331
1489393,LYB,2017-03-31,402781384
1489393,LYB,2017-06-30,397457391
1489393,LYB,2017-09-30,394458141
1489393,LYB,2017-12-31,394512054
1489393,LYB,2018-03-31,393482424
1489393,LYB,2018-06-30,390343283
1489393,LYB,2018-09-30,387177776
1489393,LYB,2018-12-31,375696661
1489393,LYB,2019-03-31,370326103
1489393,LYB,2019-06-30,370387374
1489393,LYB,2019-09-30,333407876
1489393,LYB,2019-12-31,333476883
1489393,LYB,2020-03-31,333703450
1489393,LYB,2020-06-30,333829804
1489393,LYB,2020-09-30,333918359
1489393,LYB,2020-12-31,334015220
1489393,LYB,2021-03-31,334313140
1489393,LYB,2021-06-30,334503518
1489393,LYB,2021-09-30,333627352
1489393,LYB,2021-12-31,329536389
1489393,LYB,2022-03-31,327644034
1489393,LYB,2022-06-30,327244650
1489393,LYB,2022-09-30,325623082
1489393,LYB,2022-12-31,325723567
1489393,LYB,2023-03-31,325468601
1489393,LYB,2023-06-30,324516083
1489393,LYB,2023-09-30,324359296
1489393,LYB,2023-12-31,324483402
1489393,LYB,2024-03-31,325365833
1489393,LYB,2024-06-30,325078684
1489393,LYB,2024-09-30,324750428
1489393,LYB,2024-12-31,323889832
1489393,LYB,2025-03-31,322945084
1489393,LYB,2025-06-30,321627610
1489393,LYB,2025-09-30,321832679
1489393,LYB,2025-12-31,322084769
1489393,LYB,2026-03-31,322770429
1489393,LYB,2026-06-30,323004034
1335258,LYV,2010-12-31,175418857
1335258,LYV,2011-12-31,189536279
1335258,LYV,2012-12-31,190853380
1335258,LYV,2013-12-31,199566136
1335258,LYV,2014-12-31,201193835
1335258,LYV,2015-12-31,202483207
1335258,LYV,2016-12-31,204067825
1335258,LYV,2017-12-31,208075969
1335258,LYV,2018-12-31,210326738
1335258,LYV,2019-12-31,213709620
1335258,LYV,2020-12-31,218015037
1335258,LYV,2021-12-31,224674579
1335258,LYV,2022-12-31,231263623
1335258,LYV,2023-12-31,233303152
1335258,LYV,2024-12-31,234363735
1335258,LYV,2025-12-31,235421446
912595,MAA,2009-12-31,29095251
912595,MAA,2010-06-30,32299493
912595,MAA,2010-09-30,33898029
912595,MAA,2010-12-31,34871399
912595,MAA,2011-03-31,36545130
912595,MAA,2011-06-30,37142477
912595,MAA,2011-09-30,37823972
912595,MAA,2011-12-31,38959338
912595,MAA,2012-03-31,40940360
912595,MAA,2012-06-30,41101427
912595,MAA,2012-09-30,41925288
912595,MAA,2012-12-31,42316398
912595,MAA,2013-03-31,42683322
912595,MAA,2013-06-30,42744978
912595,MAA,2013-09-30,42744978
912595,MAA,2013-12-31,74830726
912595,MAA,2014-03-31,75009303
912595,MAA,2014-06-30,75194807
912595,MAA,2014-09-30,75242266
912595,MAA,2014-12-31,75267675
912595,MAA,2015-03-31,75345023
912595,MAA,2015-06-30,75375027
912595,MAA,2015-09-30,75379381
912595,MAA,2015-12-31,75408571
912595,MAA,2016-03-31,75505025
912595,MAA,2016-06-30,75524086
912595,MAA,2016-09-30,75542583
912595,MAA,2016-12-31,113518212
912595,MAA,2017-03-31,113574798
912595,MAA,2017-06-30,113607734
912595,MAA,2017-09-30,113627014
912595,MAA,2017-12-31,113643166
912595,MAA,2018-03-31,113745207
912595,MAA,2018-06-30,113808292
912595,MAA,2018-09-30,113838139
912595,MAA,2018-12-31,113844267
912595,MAA,2019-03-31,113916208
912595,MAA,2019-06-30,114043089
912595,MAA,2019-09-30,114065859
912595,MAA,2019-12-31,114246393
912595,MAA,2020-03-31,114279662
912595,MAA,2020-06-30,114365203
912595,MAA,2020-09-30,114369812
912595,MAA,2020-12-31,114373727
912595,MAA,2021-03-31,114408949
912595,MAA,2021-06-30,114919922
912595,MAA,2021-09-30,115138323
912595,MAA,2021-12-31,115336876
912595,MAA,2022-03-31,115337466
912595,MAA,2022-06-30,115438832
912595,MAA,2022-09-30,115447252
912595,MAA,2022-12-31,115480336
912595,MAA,2023-03-31,116600756
912595,MAA,2023-06-30,116676966
912595,MAA,2023-09-30,116686730
912595,MAA,2023-12-31,116694124
912595,MAA,2024-03-31,116728052
912595,MAA,2024-06-30,116858044
912595,MAA,2024-09-30,116880291
912595,MAA,2024-12-31,116883421
912595,MAA,2025-03-31,116916381
912595,MAA,2025-06-30,117071410
912595,MAA,2025-09-30,117081742
912595,MAA,2025-12-31,116878077
912595,MAA,2026-03-31,116353152
1048286,MAR,2009-01-02,353400000
1048286,MAR,2009-12-30,358200000
1048286,MAR,2010-01-01,358200000
1048286,MAR,2010-12-31,366900000
1048286,MAR,2011-12-30,333000000
1048286,MAR,2012-12-28,310900000
1048286,MAR,2013-09-30,300400000
1048286,MAR,2013-12-31,298000000
1048286,MAR,2014-03-31,294400000
1048286,MAR,2014-06-30,290700000
1048286,MAR,2014-09-30,286900000
1048286,MAR,2014-12-31,279900000
1048286,MAR,2015-03-31,276300000
1048286,MAR,2015-06-30,267300000
1048286,MAR,2015-09-30,257500000
1048286,MAR,2015-12-31,256300000
1048286,MAR,2016-03-31,254200000
1048286,MAR,2016-06-30,254400000
1048286,MAR,2016-09-30,390500000
1048286,MAR,2016-12-31,386100000
1048286,MAR,2017-03-31,381000000
1048286,MAR,2017-06-30,374000000
1048286,MAR,2017-09-30,366400000
1048286,MAR,2017-12-31,359100000
1048286,MAR,2018-03-31,354800000
1048286,MAR,2018-06-30,348700000
1048286,MAR,2018-09-30,342000000
1048286,MAR,2018-12-31,339100000
1048286,MAR,2019-03-31,334100000
1048286,MAR,2019-12-31,324000000
1048286,MAR,2020-12-31,324400000
1048286,MAR,2021-12-31,326300000
1048286,MAR,2022-12-31,310600000
1048286,MAR,2023-12-31,290539975
1048286,MAR,2024-12-31,276671710
1048286,MAR,2025-12-31,265864771
62996,MAS,2008-12-31,351400000
62996,MAS,2009-09-30,350400000
62996,MAS,2009-12-31,350400000
62996,MAS,2010-03-31,348100000
62996,MAS,2010-06-30,348200000
62996,MAS,2010-09-30,348400000
62996,MAS,2010-12-31,348600000
62996,MAS,2011-03-31,347500000
62996,MAS,2011-06-30,347500000
62996,MAS,2011-09-30,347800000
62996,MAS,2011-12-31,347900000
62996,MAS,2012-03-31,348570000
62996,MAS,2012-06-30,348600000
62996,MAS,2012-09-30,348900000
62996,MAS,2012-12-31,349000000
62996,MAS,2013-03-31,349100000
62996,MAS,2013-06-30,349200000
62996,MAS,2013-09-30,349400000
62996,MAS,2013-12-31,349500000
62996,MAS,2014-03-31,349400000
62996,MAS,2014-06-30,349400000
62996,MAS,2014-09-30,349900000
62996,MAS,2014-12-31,345000000
62996,MAS,2015-03-31,342600000
62996,MAS,2015-06-30,339000000
62996,MAS,2015-09-30,331900000
62996,MAS,2015-12-31,330500000
62996,MAS,2016-03-31,328700000
62996,MAS,2016-06-30,326200000
62996,MAS,2016-09-30,324500000
62996,MAS,2016-12-31,318000000
62996,MAS,2017-03-31,316100000
62996,MAS,2017-06-30,315400000
62996,MAS,2017-09-30,311500000
62996,MAS,2017-12-31,310400000
62996,MAS,2018-03-31,308000000
62996,MAS,2018-06-30,305000000
62996,MAS,2018-09-30,303100000
62996,MAS,2018-12-31,293900000
62996,MAS,2019-03-31,291500000
62996,MAS,2019-06-30,287400000
62996,MAS,2019-09-30,284100000
62996,MAS,2019-12-31,275600000
62996,MAS,2020-03-31,262600000
62996,MAS,2020-06-30,260400000
62996,MAS,2020-09-30,260500000
62996,MAS,2020-12-31,258200000
62996,MAS,2021-03-31,253100000
62996,MAS,2021-06-30,246500000
62996,MAS,2021-09-30,243500000
62996,MAS,2021-12-31,241200000
62996,MAS,2022-03-31,235600000
62996,MAS,2022-06-30,225200000
62996,MAS,2022-09-30,225300000
62996,MAS,2022-12-31,225300000
62996,MAS,2023-03-31,225000000
62996,MAS,2023-06-30,224800000
62996,MAS,2023-09-30,224400000
62996,MAS,2023-12-31,220600000
62996,MAS,2024-03-31,220200000
62996,MAS,2024-06-30,218200000
62996,MAS,2024-09-30,215700000
62996,MAS,2024-12-31,212500000
62996,MAS,2025-03-31,210900000
62996,MAS,2025-06-30,209400000
62996,MAS,2025-09-30,207700000
62996,MAS,2025-12-31,204300000
62996,MAS,2026-03-31,201700000
827054,MCHP,2009-03-31,182769124
827054,MCHP,2009-09-30,183578105
827054,MCHP,2009-12-31,184234148
827054,MCHP,2010-03-31,185329144
827054,MCHP,2010-06-30,185899246
827054,MCHP,2011-03-31,189541707
827054,MCHP,2011-06-30,190561504
827054,MCHP,2011-09-30,191127533
827054,MCHP,2011-12-31,192053849
827054,MCHP,2012-03-31,193150532
827054,MCHP,2012-06-30,193682267
827054,MCHP,2012-09-30,194496867
827054,MCHP,2012-12-31,195341885
827054,MCHP,2013-03-31,196472856
827054,MCHP,2013-06-30,197300452
827054,MCHP,2013-09-30,198362359
827054,MCHP,2013-12-31,199117558
827054,MCHP,2014-03-31,200002736
827054,MCHP,2014-06-30,200401106
827054,MCHP,2014-09-30,200962463
827054,MCHP,2014-12-31,201444488
827054,MCHP,2015-03-31,202080306
827054,MCHP,2015-06-30,202407537
827054,MCHP,2015-09-30,203052463
827054,MCHP,2015-12-31,203498524
827054,MCHP,2016-03-31,204081727
827054,MCHP,2016-06-30,215030824
827054,MCHP,2016-09-30,215954392
827054,MCHP,2016-12-31,216430010
827054,MCHP,2017-03-31,229093658
827054,MCHP,2017-06-30,232726199
827054,MCHP,2017-09-30,233847159
827054,MCHP,2017-12-31,234340716
827054,MCHP,2018-03-31,235027767
827054,MCHP,2018-06-30,235494410
827054,MCHP,2018-09-30,236208392
827054,MCHP,2018-12-31,236963082
827054,MCHP,2019-03-31,237589501
827054,MCHP,2019-06-30,238034819
827054,MCHP,2019-09-30,238763453
827054,MCHP,2019-12-31,239534856
827054,MCHP,2020-03-31,245325643
827054,MCHP,2020-06-30,252450046
827054,MCHP,2020-09-30,260254947
827054,MCHP,2020-12-31,269257744
827054,MCHP,2021-03-31,547057188
827054,MCHP,2021-06-30,274040144
827054,MCHP,2021-09-30,554869930
827054,MCHP,2021-12-31,555988669
827054,MCHP,2022-03-31,554500524
827054,MCHP,2022-06-30,552484192
827054,MCHP,2022-09-30,550008686
827054,MCHP,2022-12-31,547792012
827054,MCHP,2023-03-31,545459814
827054,MCHP,2023-06-30,544333965
827054,MCHP,2023-09-30,541044229
827054,MCHP,2023-12-31,540387949
827054,MCHP,2024-03-31,536663691
827054,MCHP,2024-06-30,536505077
827054,MCHP,2024-09-30,537010234
827054,MCHP,2024-12-31,537763588
827054,MCHP,2025-03-31,538704604
827054,MCHP,2025-06-30,539676850
827054,MCHP,2025-09-30,540446319
827054,MCHP,2025-12-31,541132605
827054,MCHP,2026-03-31,542079011
827054,MCHP,2026-06-30,543008365
1613103,MDT,2014-04-25,998999125
1613103,MDT,2015-04-24,1421648005
1613103,MDT,2016-04-29,1399018022
1613103,MDT,2017-04-28,1369424818
1613103,MDT,2017-10-27,1353591988
1613103,MDT,2018-01-26,1355260722
1613103,MDT,2018-04-27,1354218154
1613103,MDT,2018-07-27,1351728548
1613103,MDT,2018-10-26,1346179202
1613103,MDT,2019-01-25,1340592569
1613103,MDT,2019-04-26,1340697595
1613103,MDT,2019-07-26,1340797328
1613103,MDT,2019-10-25,1340375745
1613103,MDT,2020-01-24,1340786042
1613103,MDT,2020-04-24,1341074724
1613103,MDT,2020-07-31,1343318623
1613103,MDT,2020-10-30,1345547814
1613103,MDT,2021-01-29,1347470889
1613103,MDT,2021-04-30,1345400671
1613103,MDT,2021-07-30,1344671106
1613103,MDT,2021-10-29,1344861769
1613103,MDT,2022-01-28,1342565589
1613103,MDT,2022-04-29,1330743395
1613103,MDT,2022-07-29,1329276973
1613103,MDT,2022-10-28,1330148578
1613103,MDT,2023-01-27,1330376287
1613103,MDT,2023-04-28,1330809036
1613103,MDT,2023-07-28,1330498304
1613103,MDT,2023-10-27,1330173450
1613103,MDT,2024-01-26,1329653024
1613103,MDT,2024-04-26,1311337531
1613103,MDT,2024-07-26,1282494588
1613103,MDT,2024-10-25,1282553150
1613103,MDT,2025-01-24,1283266154
1613103,MDT,2025-04-25,1281934628
1613103,MDT,2025-07-25,1281869213
1613103,MDT,2025-10-24,1281984552
1613103,MDT,2026-01-23,1283366516
1613103,MDT,2026-04-24,1280177293
1613103,MDT,2026-07-31,1280046863
1099219,MET,2008-12-31,793629070
1099219,MET,2009-06-30,818586271
1099219,MET,2009-09-30,818753139
1099219,MET,2009-12-31,818833810
1099219,MET,2010-03-31,819393009
1099219,MET,2010-06-30,820397071
1099219,MET,2010-09-30,906909597
1099219,MET,2010-12-31,985837817
1099219,MET,2011-03-31,1056082512
1099219,MET,2011-06-30,1057391108
1099219,MET,2011-09-30,1057560479
1099219,MET,2011-12-31,1057957028
1099219,MET,2012-03-31,1060864020
1099219,MET,2012-06-30,1062186569
1099219,MET,2012-09-30,1062646827
1099219,MET,2012-12-31,1091686736
1099219,MET,2013-03-31,1094218884
1099219,MET,2013-06-30,1096601549
1099219,MET,2013-09-30,1120845362
1099219,MET,2013-12-31,1122030137
1099219,MET,2014-03-31,1124800229
1099219,MET,2014-06-30,1126571341
1099219,MET,2014-09-30,1119087159
1099219,MET,2014-12-31,1131927894
1099219,MET,2015-03-31,1114347885
1099219,MET,2015-06-30,1116754686
1099219,MET,2015-09-30,1114764365
1099219,MET,2015-12-31,1098028525
1099219,MET,2016-03-31,1098526527
1099219,MET,2016-06-30,1098794277
1099219,MET,2016-09-30,1098985931
1099219,MET,2016-12-31,1095519005
1099219,MET,2017-03-31,1081321114
1099219,MET,2017-06-30,1063465987
1099219,MET,2017-09-30,1054286620
1099219,MET,2017-12-31,1043588396
1099219,MET,2018-03-31,1024117183
1099219,MET,2018-06-30,1000153999
1099219,MET,2018-09-30,986644069
1099219,MET,2018-12-31,958613542
1099219,MET,2019-03-31,950181456
1099219,MET,2019-06-30,935921796
1099219,MET,2019-09-30,919601779
1099219,MET,2019-12-31,915338098
1099219,MET,2020-03-31,907568876
1099219,MET,2020-06-30,907620740
1099219,MET,2020-09-30,905571829
1099219,MET,2020-12-31,892910600
1099219,MET,2021-03-31,878312175
1099219,MET,2021-06-30,861057466
1099219,MET,2021-09-30,844531818
1099219,MET,2021-12-31,825540267
1099219,MET,2022-03-31,814805526
1099219,MET,2022-06-30,797580831
1099219,MET,2022-09-30,787340553
1099219,MET,2022-12-31,779098414
1099219,MET,2023-03-31,769179074
1099219,MET,2023-06-30,757210115
1099219,MET,2023-09-30,744366475
1099219,MET,2023-12-31,730821111
1099219,MET,2024-03-31,715661353
1099219,MET,2024-06-30,703760956
1099219,MET,2024-09-30,693651782
1099219,MET,2024-12-31,689211065
1099219,MET,2025-03-31,673293988
1099219,MET,2025-06-30,666827962
1099219,MET,2025-09-30,660724727
1099219,MET,2025-12-31,655333773
1099219,MET,2026-03-31,646024938
1099219,MET,2026-06-30,637752080
789570,MGM,2009-12-31,441222251
789570,MGM,2010-06-30,441314885
789570,MGM,2010-09-30,441339770
789570,MGM,2010-12-31,488513351
789570,MGM,2011-03-31,488581951
789570,MGM,2011-09-30,488643408
789570,MGM,2011-12-31,488834773
789570,MGM,2012-03-31,488917278
789570,MGM,2012-06-30,488940301
789570,MGM,2012-09-30,488955913
789570,MGM,2012-12-31,489234401
789570,MGM,2013-03-31,489379463
789570,MGM,2013-06-30,489596581
789570,MGM,2013-09-30,489814210
789570,MGM,2013-12-31,490360628
789570,MGM,2014-03-31,490609242
789570,MGM,2014-06-30,490712807
789570,MGM,2014-09-30,490889936
789570,MGM,2014-12-31,491292117
789570,MGM,2015-03-31,491335813
789570,MGM,2015-06-30,563089775
789570,MGM,2015-09-30,563212549
789570,MGM,2015-12-31,564838893
789570,MGM,2016-03-31,565144008
789570,MGM,2016-06-30,565612013
789570,MGM,2016-09-30,572834533
789570,MGM,2016-12-31,574123706
789570,MGM,2017-03-31,574466085
789570,MGM,2017-06-30,575008760
789570,MGM,2017-09-30,565493891
789570,MGM,2017-12-31,566275789
789570,MGM,2018-03-31,556768821
789570,MGM,2018-06-30,537866780
789570,MGM,2018-09-30,531937096
789570,MGM,2018-12-31,527479528
789570,MGM,2019-03-31,537156480
789570,MGM,2019-06-30,526333157
789570,MGM,2019-09-30,513913791
789570,MGM,2019-12-31,503147632
789570,MGM,2020-03-31,493154946
789570,MGM,2020-06-30,493281168
789570,MGM,2020-09-30,493306751
789570,MGM,2020-12-31,494317865
789570,MGM,2021-03-31,491873793
789570,MGM,2021-06-30,486529984
789570,MGM,2021-09-30,469728258
789570,MGM,2021-12-31,453803759
789570,MGM,2022-03-31,430562057
789570,MGM,2022-06-30,398418158
789570,MGM,2022-09-30,388760930
789570,MGM,2022-12-31,379087524
789570,MGM,2023-03-31,367241030
789570,MGM,2023-06-30,352789905
789570,MGM,2023-09-30,340914804
789570,MGM,2023-12-31,326550141
789570,MGM,2024-03-31,314915054
789570,MGM,2024-06-30,304964825
789570,MGM,2024-09-30,296886350
789570,MGM,2024-12-31,294374189
789570,MGM,2025-03-31,279650593
789570,MGM,2025-06-30,272182138
789570,MGM,2025-09-30,272213345
789570,MGM,2025-12-31,258323143
789570,MGM,2026-03-31,255846644
789570,MGM,2026-06-30,251586206
916076,MLM,2009-12-31,45399000
916076,MLM,2010-12-31,45579000
916076,MLM,2011-12-31,45726000
916076,MLM,2012-12-31,46002000
916076,MLM,2013-12-31,46261000
916076,MLM,2014-12-31,67293000
916076,MLM,2015-12-31,64479000
916076,MLM,2016-12-31,62873000
916076,MLM,2017-12-31,62873000
916076,MLM,2018-12-31,62500000
916076,MLM,2019-12-31,62400000
916076,MLM,2020-12-31,62300000
916076,MLM,2021-09-30,62400000
916076,MLM,2021-12-31,62400000
916076,MLM,2022-03-31,62400000
916076,MLM,2022-06-30,62400000
916076,MLM,2022-09-30,62100000
916076,MLM,2022-12-31,62102353
916076,MLM,2023-03-31,62000000
916076,MLM,2023-06-30,61800000
916076,MLM,2023-09-30,61807161
916076,MLM,2023-12-31,61821421
916076,MLM,2024-03-31,61639965
916076,MLM,2024-06-30,61117053
916076,MLM,2024-09-30,61118057
916076,MLM,2024-12-31,61126646
916076,MLM,2025-03-31,60278790
916076,MLM,2025-06-30,60305739
916076,MLM,2025-09-30,60307143
916076,MLM,2025-12-31,60309739
916076,MLM,2026-03-31,60045900
916076,MLM,2026-06-30,60050859
66740,MMM,2008-12-31,693543287
66740,MMM,2009-12-31,710599119
66740,MMM,2010-12-31,711977608
66740,MMM,2011-12-31,694970041
66740,MMM,2012-12-31,687091650
66740,MMM,2013-12-31,663296239
66740,MMM,2014-12-31,635134594
66740,MMM,2015-12-31,609330124
66740,MMM,2016-12-31,596726278
66740,MMM,2017-12-31,594884237
66740,MMM,2018-12-31,576575168
66740,MMM,2019-12-31,575184835
66740,MMM,2020-03-31,575196371
66740,MMM,2020-06-30,576019442
66740,MMM,2020-09-30,576821878
66740,MMM,2020-12-31,577749638
66740,MMM,2021-03-31,579675002
66740,MMM,2021-06-30,578638253
66740,MMM,2021-09-30,576252803
66740,MMM,2021-12-31,571845478
66740,MMM,2022-03-31,569058849
66740,MMM,2022-06-30,569603928
66740,MMM,2022-09-30,552742915
66740,MMM,2022-12-31,549245105
66740,MMM,2023-03-31,551672217
66740,MMM,2023-06-30,551992430
66740,MMM,2023-09-30,552317038
66740,MMM,2023-12-31,552581136
66740,MMM,2024-03-31,553361257
66740,MMM,2024-06-30,549353621
66740,MMM,2024-09-30,544558607
66740,MMM,2024-12-31,539470303
66740,MMM,2025-03-31,538181362
66740,MMM,2025-06-30,532629702
66740,MMM,2025-09-30,531225048
66740,MMM,2025-12-31,530279131
66740,MMM,2026-03-31,521567261
66740,MMM,2026-06-30,515722417
865752,MNST,2009-12-31,88159000
865752,MNST,2010-06-30,88166000
865752,MNST,2010-09-30,88561000
865752,MNST,2010-12-31,177960000
865752,MNST,2011-03-31,88392000
865752,MNST,2011-06-30,88620000
865752,MNST,2011-09-30,87417000
865752,MNST,2011-12-31,174277000
865752,MNST,2012-03-31,176197000
865752,MNST,2012-06-30,176421000
865752,MNST,2012-09-30,171355000
865752,MNST,2012-12-31,165776000
865752,MNST,2013-03-31,165655000
865752,MNST,2013-06-30,167365000
865752,MNST,2013-09-30,167653000
865752,MNST,2013-12-31,166822000
865752,MNST,2014-03-31,167074000
865752,MNST,2014-06-30,167171000
865752,MNST,2014-09-30,167636000
865752,MNST,2014-12-31,167722000
865752,MNST,2015-03-31,170158
865752,MNST,2015-06-30,205491000
865752,MNST,2015-09-30,202731000
865752,MNST,2015-12-31,608700000
865752,MNST,2016-03-31,203041000
865752,MNST,2016-06-30,190341000
865752,MNST,2016-09-30,190426000
865752,MNST,2016-12-31,566566000
865752,MNST,2017-03-31,567769000
865752,MNST,2017-06-30,568121000
865752,MNST,2017-09-30,563959000
865752,MNST,2017-12-31,566298000
865752,MNST,2018-03-31,562605000
865752,MNST,2018-06-30,552457000
865752,MNST,2018-09-30,552952000
865752,MNST,2018-12-31,543676000
865752,MNST,2019-03-31,543547000
865752,MNST,2019-06-30,544825000
865752,MNST,2019-09-30,540591000
865752,MNST,2019-12-31,536698000
865752,MNST,2020-03-31,526839000
865752,MNST,2020-06-30,527361000
865752,MNST,2020-09-30,527893000
865752,MNST,2020-12-31,528097000
865752,MNST,2021-03-31,528439000
865752,MNST,2021-06-30,528857000
865752,MNST,2021-09-30,529132000
865752,MNST,2021-12-31,529323000
865752,MNST,2022-03-31,529642000
865752,MNST,2022-06-30,526772000
865752,MNST,2022-09-30,523965000
865752,MNST,2022-12-31,1044600000
865752,MNST,2023-03-31,1046616000
865752,MNST,2023-06-30,1047485000
865752,MNST,2023-09-30,1040420000
865752,MNST,2023-12-31,1041571000
865752,MNST,2024-03-31,1041698000
865752,MNST,2024-06-30,983380000
865752,MNST,2024-09-30,972450000
865752,MNST,2024-12-31,973079000
865752,MNST,2025-03-31,975143000
865752,MNST,2025-06-30,976398000
865752,MNST,2025-09-30,976997000
865752,MNST,2025-12-31,978113000
865752,MNST,2026-03-31,977916000
865752,MNST,2026-06-30,979490000
764180,MO,2007-12-31,2107676762
764180,MO,2008-12-31,2061371584
764180,MO,2009-12-31,2076028644
764180,MO,2010-12-31,2088739666
764180,MO,2011-12-31,2044419285
764180,MO,2012-12-31,2009740296
764180,MO,2013-12-31,1993479282
764180,MO,2014-12-31,1971474523
764180,MO,2015-12-31,1960059481
764180,MO,2016-12-31,1943272224
764180,MO,2017-12-31,1901259192
764180,MO,2018-12-31,1874057595
764180,MO,2019-12-31,1857981554
764180,MO,2020-12-31,1858419165
764180,MO,2021-12-31,1823175618
764180,MO,2022-12-31,1785534122
764180,MO,2023-12-31,1763461775
764180,MO,2024-12-31,1690651867
764180,MO,2025-12-31,1674318297
1285785,MOS,2010-05-31,445400000
1285785,MOS,2010-11-30,446100000
1285785,MOS,2011-02-28,446500000
1285785,MOS,2012-05-31,425500000
1285785,MOS,2016-12-31,350238549
1285785,MOS,2017-09-30,351049649
1285785,MOS,2017-12-31,351049649
1285785,MOS,2018-03-31,385416049
1285785,MOS,2018-06-30,385457882
1285785,MOS,2018-09-30,385470085
1285785,MOS,2018-12-31,385470085
1285785,MOS,2019-03-31,385788256
1285785,MOS,2019-06-30,385867417
1285785,MOS,2019-09-30,380045964
1285785,MOS,2019-12-31,378764442
1285785,MOS,2020-03-31,380045964
1285785,MOS,2020-06-30,379090013
1285785,MOS,2020-09-30,379090013
1285785,MOS,2020-12-31,378764442
1285785,MOS,2021-03-31,379090013
1285785,MOS,2021-06-30,379090013
1285785,MOS,2021-09-30,379267122
1285785,MOS,2021-12-31,368732231
1285785,MOS,2022-03-31,362008984
1285785,MOS,2022-06-30,352052452
1285785,MOS,2022-09-30,340437227
1285785,MOS,2022-12-31,339071423
1285785,MOS,2023-03-31,332098640
1285785,MOS,2023-06-30,332234087
1285785,MOS,2023-09-30,328333935
1285785,MOS,2023-12-31,324103141
1285785,MOS,2024-03-31,321392799
1285785,MOS,2024-06-30,319640550
1285785,MOS,2024-09-30,317869351
1285785,MOS,2024-12-31,316932047
1285785,MOS,2025-03-31,317229733
1285785,MOS,2025-06-30,317288326
1285785,MOS,2025-09-30,317407176
1285785,MOS,2025-12-31,317408647
1285785,MOS,2026-03-31,317846644
1285785,MOS,2026-06-30,317895646
1510295,MPC,2011-09-30,357000000
1510295,MPC,2011-12-31,357000000
1280452,MPWR,2010-12-31,35063033
1280452,MPWR,2011-06-30,33466052
1280452,MPWR,2011-09-30,33693751
1280452,MPWR,2011-12-31,33826032
1280452,MPWR,2012-03-31,34410896
1280452,MPWR,2012-09-30,35431808
1280452,MPWR,2012-12-31,35673
1280452,MPWR,2013-03-31,36733386
1280452,MPWR,2013-06-30,37336000
1280452,MPWR,2013-09-30,38227000
1280452,MPWR,2013-12-31,38291000
1280452,MPWR,2014-03-31,38672000
1280452,MPWR,2014-06-30,38774000
1280452,MPWR,2014-09-30,38804000
1280452,MPWR,2014-12-31,38832000
1280452,MPWR,2015-03-31,39253000
1280452,MPWR,2015-06-30,39617000
1280452,MPWR,2015-09-30,39503000
1280452,MPWR,2015-12-31,39689000
1280452,MPWR,2016-03-31,40236000
1280452,MPWR,2016-06-30,40480000
1280452,MPWR,2016-09-30,40661000
1280452,MPWR,2016-12-31,40793000
1280452,MPWR,2017-03-31,41239000
1280452,MPWR,2017-06-30,41366000
1280452,MPWR,2017-09-30,41508000
1280452,MPWR,2017-12-31,41614000
1280452,MPWR,2018-03-31,42145000
1280452,MPWR,2018-06-30,42285000
1280452,MPWR,2018-09-30,42408000
1280452,MPWR,2018-12-31,42505000
1280452,MPWR,2019-03-31,43033000
1280452,MPWR,2019-06-30,43234000
1280452,MPWR,2019-09-30,43435000
1280452,MPWR,2019-12-31,43616000
1280452,MPWR,2020-03-31,44715000
1280452,MPWR,2020-06-30,44911000
1280452,MPWR,2020-09-30,45096000
1280452,MPWR,2020-12-31,45267000
1280452,MPWR,2021-03-31,45737000
1280452,MPWR,2021-06-30,45917000
1280452,MPWR,2021-09-30,46091000
1280452,MPWR,2021-12-31,46256000
1280452,MPWR,2022-03-31,46625000
1280452,MPWR,2022-06-30,46787000
1280452,MPWR,2022-09-30,46941000
1280452,MPWR,2022-12-31,47107000
1280452,MPWR,2023-03-31,47411000
1280452,MPWR,2023-06-30,47611000
1280452,MPWR,2023-09-30,47911000
1280452,MPWR,2023-12-31,48028000
1280452,MPWR,2024-03-31,48667000
1280452,MPWR,2024-06-30,48698000
1280452,MPWR,2024-09-30,48779000
1280452,MPWR,2024-12-31,47823000
1280452,MPWR,2025-03-31,47877000
1280452,MPWR,2025-06-30,47892000
1280452,MPWR,2025-09-30,47905000
1280452,MPWR,2025-12-31,48709000
1280452,MPWR,2026-03-31,49129000
1280452,MPWR,2026-06-30,49142000
1682852,MRNA,2017-12-31,65206999
1682852,MRNA,2018-12-31,328798904
1682852,MRNA,2019-03-31,328853340
1682852,MRNA,2019-06-30,329958172
1682852,MRNA,2019-09-30,332494777
1682852,MRNA,2019-12-31,336536985
1682852,MRNA,2020-03-31,370102805
1682852,MRNA,2020-06-30,393277267
1682852,MRNA,2020-09-30,395390672
1682852,MRNA,2020-12-31,399000000
1682852,MRNA,2021-03-31,401000000
1682852,MRNA,2021-06-30,403000000
1682852,MRNA,2021-09-30,405000000
1682852,MRNA,2021-12-31,403000000
1682852,MRNA,2022-03-31,400000000
1682852,MRNA,2022-06-30,392000000
1682852,MRNA,2022-09-30,387000000
1682852,MRNA,2022-12-31,385000000
1682852,MRNA,2023-03-31,384000000
1682852,MRNA,2023-06-30,381000000
1682852,MRNA,2023-09-30,381000000
1682852,MRNA,2023-12-31,382000000
1682852,MRNA,2024-03-31,383000000
1682852,MRNA,2024-06-30,384000000
1682852,MRNA,2024-09-30,385000000
1682852,MRNA,2024-12-31,386000000
1682852,MRNA,2025-03-31,387000000
1682852,MRNA,2025-06-30,389000000
1682852,MRNA,2025-09-30,391000000
1682852,MRNA,2025-12-31,394000000
1682852,MRNA,2026-03-31,397000000
1682852,MRNA,2026-06-30,399000000
62709,MRSH,2007-12-31,520000000
62709,MRSH,2008-09-30,514000000
62709,MRSH,2008-12-31,514000000
62709,MRSH,2009-03-31,517000000
62709,MRSH,2009-09-30,526000000
62709,MRSH,2009-12-31,530000000
62709,MRSH,2010-03-31,541000000
62709,MRSH,2010-06-30,542000000
62709,MRSH,2010-09-30,543000000
62709,MRSH,2010-12-31,541000000
62709,MRSH,2011-03-31,548000000
62709,MRSH,2011-06-30,541000000
62709,MRSH,2011-09-30,538000000
62709,MRSH,2011-12-31,539000000
62709,MRSH,2012-03-31,546000000
62709,MRSH,2012-06-30,544000000
62709,MRSH,2012-09-30,544000000
62709,MRSH,2012-12-31,545000000
62709,MRSH,2013-03-31,550000000
62709,MRSH,2013-06-30,549000000
62709,MRSH,2013-09-30,547000000
62709,MRSH,2013-12-31,547000000
62709,MRSH,2014-03-31,549000000
62709,MRSH,2014-06-30,546000000
62709,MRSH,2014-09-30,542000000
62709,MRSH,2014-12-31,540000000
62709,MRSH,2015-03-31,538000000
62709,MRSH,2015-06-30,531000000
62709,MRSH,2015-09-30,522000000
62709,MRSH,2015-12-31,522000000
62709,MRSH,2016-03-31,521000000
62709,MRSH,2016-06-30,519000000
62709,MRSH,2016-09-30,516000000
62709,MRSH,2016-12-31,514000000
62709,MRSH,2017-03-31,515000000
62709,MRSH,2017-06-30,513000000
62709,MRSH,2017-09-30,511000000
62709,MRSH,2017-12-31,509000000
62709,MRSH,2018-03-31,508000000
62709,MRSH,2018-06-30,505000000
62709,MRSH,2018-09-30,504000000
62709,MRSH,2018-12-31,504000000
62709,MRSH,2019-03-31,507000000
62709,MRSH,2019-06-30,507000000
62709,MRSH,2019-09-30,505000000
62709,MRSH,2019-12-31,504000000
62709,MRSH,2020-03-31,506000000
62709,MRSH,2020-06-30,506000000
62709,MRSH,2020-09-30,507000000
62709,MRSH,2020-12-31,508000000
62709,MRSH,2021-03-31,509000000
62709,MRSH,2021-06-30,507000000
62709,MRSH,2021-09-30,505000000
62709,MRSH,2021-12-31,504000000
62709,MRSH,2022-03-31,502000000
62709,MRSH,2022-06-30,499000000
62709,MRSH,2022-09-30,497000000
62709,MRSH,2022-12-31,495000000
62709,MRSH,2023-03-31,495000000
62709,MRSH,2023-06-30,494000000
62709,MRSH,2023-09-30,493000000
62709,MRSH,2023-12-31,492000000
62709,MRSH,2024-03-31,493000000
62709,MRSH,2024-06-30,492000000
62709,MRSH,2024-09-30,491000000
62709,MRSH,2024-12-31,491000000
62709,MRSH,2025-03-31,493000000
62709,MRSH,2025-06-30,492000000
62709,MRSH,2025-09-30,490000000
62709,MRSH,2025-12-31,485000000
62709,MRSH,2026-03-31,482000000
62709,MRSH,2026-06-30,478000000
1835632,MRVL,2021-01-30,675402000
1835632,MRVL,2022-01-29,846700000
1835632,MRVL,2023-01-28,856100000
1835632,MRVL,2024-02-03,865500000
1835632,MRVL,2025-02-01,866000000
1835632,MRVL,2026-01-31,847300000
895421,MS,2008-11-30,1047598394
895421,MS,2008-12-31,1074497565
895421,MS,2009-06-30,1359204010
895421,MS,2009-09-30,1358900574
895421,MS,2009-12-31,1360595214
895421,MS,2010-03-31,1398469576
895421,MS,2010-06-30,1397007417
895421,MS,2010-09-30,1512989777
895421,MS,2010-12-31,1512000000
895421,MS,2011-03-31,1545064012
895421,MS,2011-06-30,1929032583
895421,MS,2011-09-30,1927539703
895421,MS,2011-12-31,1927000000
895421,MS,2012-03-31,1978337922
895421,MS,2012-06-30,1977402742
895421,MS,2012-09-30,1975040372
895421,MS,2012-12-31,1944868751
895421,MS,2013-03-31,1960582868
895421,MS,2013-06-30,1959326270
895421,MS,2013-09-30,1953350711
895421,MS,2013-12-31,1944868751
895421,MS,2014-03-31,1971686139
895421,MS,2014-06-30,1964503356
895421,MS,2014-09-30,1958386188
895421,MS,2014-12-31,1951000000
895421,MS,2015-03-31,1971443739
895421,MS,2015-06-30,0
895421,MS,2015-09-30,1938069312
895421,MS,2015-12-31,1920000000
895421,MS,2016-03-31,1938294368
895421,MS,2016-06-30,1917509492
895421,MS,2016-09-30,1876466446
895421,MS,2016-12-31,1852000000
895421,MS,2017-03-31,1851942590
895421,MS,2017-06-30,1839578174
895421,MS,2017-09-30,1812472419
895421,MS,2017-12-31,1788000000
895421,MS,2018-03-31,1773934393
895421,MS,2018-06-30,1749653071
895421,MS,2018-09-30,1725792278
895421,MS,2018-12-31,1700000000
895421,MS,2019-03-31,1685996391
895421,MS,2019-06-30,1658805108
895421,MS,2019-09-30,1623587078
895421,MS,2019-12-31,1594000000
895421,MS,2020-03-31,1575500507
895421,MS,2020-06-30,1576105281
895421,MS,2020-09-30,1576447988
895421,MS,2020-12-31,1810000000
895421,MS,2021-03-31,1868925320
895421,MS,2021-06-30,1834370291
895421,MS,2021-09-30,1798908848
895421,MS,2021-12-31,1772000000
895421,MS,2022-03-31,1756153374
895421,MS,2022-06-30,1723083208
895421,MS,2022-09-30,1694051265
895421,MS,2022-12-31,1675000000
895421,MS,2023-03-31,1670318320
895421,MS,2023-06-30,1658733133
895421,MS,2023-09-30,1642250165
895421,MS,2023-12-31,1627000000
895421,MS,2024-03-31,1626657461
895421,MS,2024-06-30,1619075147
895421,MS,2024-09-30,1612068430
895421,MS,2024-12-31,1606653706
895421,MS,2025-03-31,1606806297
895421,MS,2025-06-30,1598299431
895421,MS,2025-09-30,1591091689
895421,MS,2025-12-31,1582834137
895421,MS,2026-03-31,1579629298
895421,MS,2026-06-30,1571931108
1408198,MSCI,2012-06-30,121776505
1408198,MSCI,2012-09-30,122032979000
1408198,MSCI,2012-12-31,120114586
1408198,MSCI,2013-03-31,120695497
1408198,MSCI,2013-06-30,120930933
1408198,MSCI,2013-09-30,118403925
1408198,MSCI,2013-12-31,118083111
1408198,MSCI,2014-03-31,116702810
1408198,MSCI,2014-06-30,116365622
1408198,MSCI,2014-09-30,112027156
1408198,MSCI,2014-12-31,112072469
1408198,MSCI,2015-03-31,112408627000
1408198,MSCI,2015-06-30,110578431
1408198,MSCI,2015-09-30,104934561
1408198,MSCI,2015-12-31,101013148
1408198,MSCI,2016-03-31,96535358
1408198,MSCI,2016-06-30,94991055
1408198,MSCI,2016-09-30,94672958
1408198,MSCI,2016-12-31,91279590
1408198,MSCI,2017-03-31,90450616
1408198,MSCI,2017-06-30,90129138
1408198,MSCI,2017-09-30,90067232
1408198,MSCI,2017-12-31,90104885
1408198,MSCI,2018-03-31,89859658
1408198,MSCI,2018-06-30,88832899
1408198,MSCI,2018-09-30,88593329
1408198,MSCI,2018-12-31,84174138
1408198,MSCI,2019-03-31,84675001
1408198,MSCI,2019-06-30,84694623
1408198,MSCI,2019-09-30,84707245
1408198,MSCI,2019-12-31,84794930
1408198,MSCI,2020-03-31,83709132
1408198,MSCI,2020-06-30,83633414
1408198,MSCI,2020-09-30,83041856
1408198,MSCI,2020-12-31,82573407
1408198,MSCI,2021-03-31,82422314
1408198,MSCI,2021-06-30,82437837
1408198,MSCI,2021-09-30,82446714
1408198,MSCI,2021-12-31,82439449
1408198,MSCI,2022-03-31,81168130
1408198,MSCI,2022-06-30,80496258
1408198,MSCI,2022-09-30,80121138
1408198,MSCI,2022-12-31,79959989
1408198,MSCI,2023-03-31,80063044
1408198,MSCI,2023-06-30,79126903
1408198,MSCI,2023-09-30,79091098
1408198,MSCI,2023-12-31,79091212
1408198,MSCI,2024-03-31,79224049
1408198,MSCI,2024-06-30,78749685
1408198,MSCI,2024-09-30,78371202
1408198,MSCI,2024-12-31,77744588
1408198,MSCI,2025-03-31,77601766
1408198,MSCI,2025-06-30,77365235
1408198,MSCI,2025-09-30,75180647
1408198,MSCI,2025-12-31,73600000
1408198,MSCI,2026-03-31,72900000
1408198,MSCI,2026-06-30,72700000
789019,MSFT,2007-06-30,9380000000
789019,MSFT,2008-06-30,9151000000
789019,MSFT,2009-06-30,8908000000
789019,MSFT,2009-09-30,8900000000
789019,MSFT,2009-12-31,8811000000
789019,MSFT,2010-03-31,8762000000
789019,MSFT,2010-06-30,8668000000
789019,MSFT,2010-09-30,8562000000
789019,MSFT,2010-12-31,8403000000
789019,MSFT,2011-03-31,8431000000
789019,MSFT,2011-06-30,8376000000
789019,MSFT,2011-09-30,8410000000
789019,MSFT,2012-03-31,8400000000
789019,MSFT,2012-06-30,8381000000
789019,MSFT,2012-09-30,8422000000
789019,MSFT,2012-12-31,8374000000
789019,MSFT,2013-03-31,8349000000
789019,MSFT,2013-06-30,8328000000
789019,MSFT,2013-09-30,8346000000
789019,MSFT,2013-12-31,8300000000
789019,MSFT,2014-03-31,8260000000
789019,MSFT,2014-06-30,8239000000
789019,MSFT,2014-09-30,8255000000
789019,MSFT,2014-12-31,8218000000
789019,MSFT,2015-03-31,8113000000
789019,MSFT,2015-06-30,8027000000
789019,MSFT,2015-09-30,7986000000
789019,MSFT,2015-12-31,7925000000
789019,MSFT,2016-03-31,7870000000
789019,MSFT,2016-06-30,7808000000
789019,MSFT,2016-09-30,7784000000
789019,MSFT,2016-12-31,7730000000
789019,MSFT,2017-03-31,7723000000
789019,MSFT,2017-06-30,7708000000
789019,MSFT,2017-09-30,7720000000
789019,MSFT,2017-12-31,7705000000
789019,MSFT,2018-03-31,7690000000
789019,MSFT,2018-06-30,7677000000
789019,MSFT,2018-09-30,7680000000
789019,MSFT,2018-12-31,7683000000
789019,MSFT,2019-03-31,7666000000
789019,MSFT,2019-06-30,7643000000
789019,MSFT,2019-09-30,7634000000
789019,MSFT,2019-12-31,7611000000
789019,MSFT,2020-03-31,7590000000
789019,MSFT,2020-06-30,7571000000
789019,MSFT,2020-09-30,7564000000
789019,MSFT,2020-12-31,7546000000
789019,MSFT,2021-03-31,7534000000
789019,MSFT,2021-06-30,7519000000
789019,MSFT,2021-09-30,7510000000
789019,MSFT,2021-12-31,7500000000
789019,MSFT,2022-03-31,7483000000
789019,MSFT,2022-06-30,7464000000
789019,MSFT,2022-09-30,7457000000
789019,MSFT,2022-12-31,7447000000
789019,MSFT,2023-03-31,7437000000
789019,MSFT,2023-06-30,7432000000
789019,MSFT,2023-09-30,7431000000
789019,MSFT,2023-12-31,7432000000
789019,MSFT,2024-03-31,7433000000
789019,MSFT,2024-06-30,7434000000
789019,MSFT,2024-09-30,7436000000
789019,MSFT,2024-12-31,7435000000
789019,MSFT,2025-03-31,7434000000
789019,MSFT,2025-06-30,7434000000
789019,MSFT,2025-09-30,7434000000
789019,MSFT,2025-12-31,7429000000
789019,MSFT,2026-03-31,7429000000
789019,MSFT,2026-06-30,7427000000
68505,MSI,2008-12-31,2276500000
68505,MSI,2009-10-03,2310900000
68505,MSI,2009-12-31,330300000
68505,MSI,2010-04-03,2324100000
68505,MSI,2010-07-03,2333900000
68505,MSI,2010-10-02,2349400000
68505,MSI,2010-12-31,336300000
68505,MSI,2011-04-02,339500000
68505,MSI,2011-07-02,343100000
68505,MSI,2011-10-01,325500000
68505,MSI,2011-12-31,318800000
68505,MSI,2012-03-31,292100000
68505,MSI,2012-06-30,286300000
68505,MSI,2012-09-29,280500000
68505,MSI,2012-12-31,276100000
68505,MSI,2013-03-30,271700000
68505,MSI,2013-06-29,265900000
68505,MSI,2013-09-28,258700000
68505,MSI,2013-12-31,254500000
68505,MSI,2014-03-29,254200000
68505,MSI,2014-06-28,250900000
68505,MSI,2014-09-27,240700000
68505,MSI,2014-12-31,219800000
68505,MSI,2015-04-04,210900000
68505,MSI,2015-07-04,206800000
68505,MSI,2015-10-03,176600000
68505,MSI,2015-12-31,174300000
68505,MSI,2016-04-02,174600000
68505,MSI,2016-07-02,166700000
68505,MSI,2016-10-01,166000000
68505,MSI,2016-12-31,164700000
68505,MSI,2017-04-01,163500000
68505,MSI,2017-07-01,162700000
68505,MSI,2017-09-30,162000000
68505,MSI,2017-12-31,161200000
68505,MSI,2018-03-31,162100000
68505,MSI,2018-06-30,162300000
68505,MSI,2018-09-29,163500000
68505,MSI,2018-12-31,163500000
68505,MSI,2019-03-30,164800000
68505,MSI,2019-06-29,165100000
68505,MSI,2019-09-28,171000000
68505,MSI,2019-12-31,170500000
68505,MSI,2020-03-28,170000000
68505,MSI,2020-06-27,169900000
68505,MSI,2020-09-26,169400000
68505,MSI,2020-12-31,169400000
68505,MSI,2021-04-03,169700000
68505,MSI,2021-07-03,169300000
68505,MSI,2021-10-02,169100000
68505,MSI,2021-12-31,168700000
68505,MSI,2022-04-02,167600000
68505,MSI,2022-07-02,166900000
68505,MSI,2022-10-01,167500000
68505,MSI,2022-12-31,167500000
68505,MSI,2023-04-01,167700000
68505,MSI,2023-07-01,167100000
68505,MSI,2023-09-30,166200000
68505,MSI,2023-12-31,166200000
68505,MSI,2024-03-30,166800000
68505,MSI,2024-06-29,166800000
68505,MSI,2024-09-28,166900000
68505,MSI,2024-12-31,167100000
68505,MSI,2025-03-29,166900000
68505,MSI,2025-06-28,166600000
68505,MSI,2025-09-27,166700000
68505,MSI,2025-12-31,165700000
68505,MSI,2026-04-04,166200000
68505,MSI,2026-07-04,165500000
1037646,MTD,2009-12-31,33851124
1037646,MTD,2010-06-30,33406944
1037646,MTD,2010-09-30,32824634
1037646,MTD,2010-12-31,32425315
1037646,MTD,2011-03-31,32143475
1037646,MTD,2011-06-30,31884134
1037646,MTD,2011-09-30,31584112
1037646,MTD,2011-12-31,31590101
1037646,MTD,2012-03-31,31448402
1037646,MTD,2012-06-30,31026152
1037646,MTD,2012-09-30,30643832
1037646,MTD,2012-12-31,30410006
1037646,MTD,2013-03-31,30185911
1037646,MTD,2013-06-30,29945248
1037646,MTD,2013-12-31,29487075
1037646,MTD,2014-03-31,29220329
1037646,MTD,2014-06-30,28887558
1037646,MTD,2014-09-30,28547411
1037646,MTD,2014-12-31,28243007
1037646,MTD,2015-03-31,27967560
1037646,MTD,2015-06-30,27699352
1037646,MTD,2015-09-30,27356838
1037646,MTD,2015-12-31,27090118
1037646,MTD,2016-03-31,26759102
1037646,MTD,2016-06-30,26489610
1037646,MTD,2016-09-30,26235560
1037646,MTD,2016-12-31,26020234
1037646,MTD,2017-03-31,25821995
1037646,MTD,2017-06-30,25668054
1037646,MTD,2017-09-30,25579124
1037646,MTD,2017-12-31,25541393
1037646,MTD,2018-03-31,25392875
1037646,MTD,2018-06-30,25213828
1037646,MTD,2018-09-30,25045028
1037646,MTD,2018-12-31,24921963
1037646,MTD,2019-03-31,24803286
1037646,MTD,2019-06-30,24609232
1037646,MTD,2019-09-30,24354201
1037646,MTD,2019-12-31,24125317
1037646,MTD,2020-03-31,23907528
1037646,MTD,2020-06-30,23971265
1037646,MTD,2020-09-30,23794563
1037646,MTD,2020-12-31,23471841
1037646,MTD,2021-03-31,23907528
1037646,MTD,2021-06-30,23794563
1037646,MTD,2021-09-30,23794563
1037646,MTD,2021-12-31,22843103
1037646,MTD,2022-03-31,22680305
1037646,MTD,2022-06-30,22506610
1037646,MTD,2022-09-30,22294189
1037646,MTD,2022-12-31,22139009
1037646,MTD,2023-03-31,22680305
1037646,MTD,2023-06-30,21864818
1037646,MTD,2023-09-30,21864818
1037646,MTD,2023-12-31,21526172
1037646,MTD,2024-03-31,21357370
1037646,MTD,2024-06-30,21683802
1037646,MTD,2024-09-30,21683802
1037646,MTD,2024-12-31,20949461
1037646,MTD,2025-03-31,21357370
1037646,MTD,2025-06-30,21683802
1037646,MTD,2025-09-30,21683802
1037646,MTD,2025-12-31,22139009
1037646,MTD,2026-03-31,21357370
1037646,MTD,2026-06-30,21683802
723125,MU,2009-09-03,848700000
723125,MU,2009-12-03,849800000
723125,MU,2010-09-02,994500000
723125,MU,2010-12-02,996800000
723125,MU,2011-03-03,1000900000
723125,MU,2011-06-02,1003900000
723125,MU,2011-09-01,984300000
723125,MU,2011-12-01,987700000
723125,MU,2012-03-01,989400000
723125,MU,2012-05-31,994600000
723125,MU,2012-08-30,1017700000
723125,MU,2012-11-29,1021000000
723125,MU,2013-02-28,1026600000
723125,MU,2013-05-30,1034700000
723125,MU,2013-08-29,1044000000
723125,MU,2013-11-28,1058000000
723125,MU,2014-02-27,1070000000
723125,MU,2014-05-29,1070000000
723125,MU,2014-08-28,1073000000
723125,MU,2014-12-04,1075000000
723125,MU,2015-03-05,1081000000
723125,MU,2015-06-04,1083000000
723125,MU,2015-09-03,1084000000
723125,MU,2015-12-03,1087000000
723125,MU,2016-03-03,1090000000
723125,MU,2016-06-02,1091000000
723125,MU,2016-09-01,1040000000
723125,MU,2016-12-01,1098000000
723125,MU,2017-03-02,1106000000
723125,MU,2017-06-01,1110000000
723125,MU,2017-08-31,1112000000
723125,MU,2017-11-30,1158000000
723125,MU,2018-03-01,1158000000
723125,MU,2018-05-31,1160000000
723125,MU,2018-08-30,1161000000
723125,MU,2018-11-29,1120000000
723125,MU,2019-02-28,1106000000
723125,MU,2019-05-30,1104000000
723125,MU,2019-08-29,1106000000
723125,MU,2019-11-28,1108000000
723125,MU,2020-02-27,1112000000
723125,MU,2020-05-28,1112000000
723125,MU,2020-09-03,1113000000
723125,MU,2020-12-03,1117000000
723125,MU,2021-03-04,1121000000
723125,MU,2021-06-03,1120000000
723125,MU,2021-09-02,1119000000
723125,MU,2021-12-02,1120000000
723125,MU,2022-03-03,1118000000
723125,MU,2022-06-02,1105000000
723125,MU,2022-09-01,1094000000
723125,MU,2022-12-01,1091000000
723125,MU,2023-03-02,1094000000
723125,MU,2023-06-01,1095000000
723125,MU,2023-08-31,1098000000
723125,MU,2023-11-30,1104000000
723125,MU,2024-02-29,1107000000
723125,MU,2024-05-30,1109000000
723125,MU,2024-08-29,1109000000
723125,MU,2024-11-28,1114000000
723125,MU,2025-02-27,1118000000
723125,MU,2025-05-29,1119000000
723125,MU,2025-08-28,1122000000
723125,MU,2025-11-27,1126000000
723125,MU,2026-02-26,1128000000
723125,MU,2026-05-28,1129000000
1513761,NCLH,2012-12-31,21000000
1513761,NCLH,2013-03-31,203997492
1513761,NCLH,2013-06-30,204014702
1513761,NCLH,2013-09-30,205083076
1513761,NCLH,2013-12-31,205160340
1513761,NCLH,2014-03-31,205236705
1513761,NCLH,2014-12-31,227630430
1513761,NCLH,2015-06-30,229128505
1513761,NCLH,2015-09-30,229453999
1513761,NCLH,2015-12-31,227815301
1513761,NCLH,2016-03-31,227001432
1513761,NCLH,2016-06-30,227054025
1513761,NCLH,2016-09-30,227155448
1513761,NCLH,2016-12-31,227243976
1513761,NCLH,2017-03-31,227904496
1513761,NCLH,2017-06-30,228068637
1513761,NCLH,2017-09-30,228458619
1513761,NCLH,2017-12-31,228528562
1513761,NCLH,2018-03-31,224675474
1513761,NCLH,2018-06-30,221378084
1513761,NCLH,2018-09-30,221622947
1513761,NCLH,2018-12-31,217650644
1513761,NCLH,2019-03-31,215386265
1513761,NCLH,2019-06-30,215504364
1513761,NCLH,2019-09-30,212757530
1513761,NCLH,2019-12-31,213082411
1513761,NCLH,2020-03-31,214525261
1513761,NCLH,2020-06-30,256347472
1513761,NCLH,2020-09-30,275619452
1513761,NCLH,2020-12-31,315636032
1513761,NCLH,2021-03-31,369932865
1513761,NCLH,2021-06-30,369935977
1513761,NCLH,2021-09-30,370032455
1513761,NCLH,2021-12-31,416891915
1513761,NCLH,2022-03-31,419100690
1513761,NCLH,2022-06-30,419116812
1513761,NCLH,2022-09-30,421393338
1513761,NCLH,2022-12-31,421413565
1513761,NCLH,2023-03-31,424158982
1513761,NCLH,2023-06-30,425155523
1513761,NCLH,2023-09-30,425424934
1513761,NCLH,2023-12-31,425546570
1513761,NCLH,2024-03-31,429025827
1513761,NCLH,2024-06-30,439686822
1513761,NCLH,2024-09-30,439702246
1513761,NCLH,2024-12-31,439861281
1513761,NCLH,2025-03-31,443439387
1513761,NCLH,2025-06-30,446814009
1513761,NCLH,2025-09-30,455252151
1513761,NCLH,2025-12-31,455257489
1513761,NCLH,2026-03-31,459099810
1513761,NCLH,2026-06-30,459158514
1120193,NDAQ,2009-12-31,211385464
1120193,NDAQ,2010-06-30,202695221
1120193,NDAQ,2010-09-30,197826542
1120193,NDAQ,2010-12-31,175782683
1120193,NDAQ,2011-03-31,176300916
1120193,NDAQ,2011-06-30,177064158
1120193,NDAQ,2011-09-30,177136116
1120193,NDAQ,2011-12-31,173552939
1120193,NDAQ,2012-03-31,171854049
1120193,NDAQ,2012-06-30,167178252
1120193,NDAQ,2012-09-30,165198354
1120193,NDAQ,2012-12-31,165605838
1120193,NDAQ,2013-03-31,165761597
1120193,NDAQ,2013-06-30,167221434
1120193,NDAQ,2013-09-30,167405199
1120193,NDAQ,2013-12-31,169357084
1120193,NDAQ,2014-03-31,170568534
1120193,NDAQ,2014-06-30,168588156
1120193,NDAQ,2014-09-30,168481184
1120193,NDAQ,2014-12-31,168795263
1120193,NDAQ,2015-03-31,168927790
1120193,NDAQ,2015-06-30,168906727
1120193,NDAQ,2015-09-30,164077244
1120193,NDAQ,2015-12-31,164324270
1120193,NDAQ,2016-03-31,164502699
1120193,NDAQ,2016-06-30,165542188
1120193,NDAQ,2016-09-30,165198693
1120193,NDAQ,2016-12-31,166579468
1120193,NDAQ,2017-03-31,165168584
1120193,NDAQ,2017-06-30,166392912
1120193,NDAQ,2017-09-30,166594818
1120193,NDAQ,2017-12-31,167441030
1120193,NDAQ,2018-03-31,166946592
1120193,NDAQ,2018-06-30,164503404
1120193,NDAQ,2018-09-30,163949047
1120193,NDAQ,2018-12-31,165165104
1120193,NDAQ,2019-03-31,165701483
1120193,NDAQ,2019-06-30,165389235
1120193,NDAQ,2019-09-30,163894038
1120193,NDAQ,2019-12-31,165094440
1120193,NDAQ,2020-03-31,164337766
1120193,NDAQ,2020-06-30,164248600
1120193,NDAQ,2020-09-30,164020697
1120193,NDAQ,2020-12-31,164933678
1120193,NDAQ,2021-03-31,164242471
1120193,NDAQ,2021-06-30,169227636
1120193,NDAQ,2021-09-30,167206649
1120193,NDAQ,2021-12-31,500000000
1120193,NDAQ,2022-03-31,493000000
1120193,NDAQ,2022-06-30,491000000
1120193,NDAQ,2022-09-30,491000000
1120193,NDAQ,2022-12-31,492000000
1120193,NDAQ,2023-03-31,490000000
1120193,NDAQ,2023-06-30,491000000
1120193,NDAQ,2023-09-30,491000000
1120193,NDAQ,2023-12-31,575000000
1120193,NDAQ,2024-03-31,576000000
1120193,NDAQ,2024-06-30,576000000
1120193,NDAQ,2024-09-30,575000000
1120193,NDAQ,2024-12-31,575062217
1120193,NDAQ,2025-03-31,574000000
1120193,NDAQ,2025-06-30,574000000
1120193,NDAQ,2025-09-30,572746191
1120193,NDAQ,2025-12-31,569894024
1120193,NDAQ,2026-03-31,564750026
1120193,NDAQ,2026-06-30,561990385
72331,NDSN,2010-10-31,67871000
72331,NDSN,2011-10-31,65601000
72331,NDSN,2012-10-31,64257000
72331,NDSN,2013-10-31,64218000
72331,NDSN,2014-10-31,62435000
72331,NDSN,2015-10-31,57358000
72331,NDSN,2016-10-31,57307000
72331,NDSN,2017-10-31,57715000
72331,NDSN,2018-10-31,58037000
72331,NDSN,2019-10-31,57600000
72331,NDSN,2020-10-31,58081000
72331,NDSN,2021-10-31,58154000
72331,NDSN,2022-10-31,57111000
72331,NDSN,2023-10-31,57007000
72331,NDSN,2024-10-31,57197000
72331,NDSN,2025-10-31,55920000
753308,NEE,2010-12-31,421000000
753308,NEE,2011-12-31,416000000
753308,NEE,2012-03-31,417000000
753308,NEE,2012-06-30,423000000
753308,NEE,2012-09-30,423000000
753308,NEE,2012-12-31,424000000
753308,NEE,2013-03-31,425000000
753308,NEE,2013-06-30,425000000
753308,NEE,2013-09-30,431000000
753308,NEE,2013-12-31,435000000
753308,NEE,2014-03-31,436000000
753308,NEE,2014-06-30,436000000
753308,NEE,2014-09-30,436000000
753308,NEE,2014-12-31,443000000
753308,NEE,2015-03-31,444000000
753308,NEE,2015-06-30,452000000
753308,NEE,2015-09-30,461000000
753308,NEE,2015-12-31,461000000
753308,NEE,2016-03-31,461000000
753308,NEE,2016-06-30,462000000
753308,NEE,2016-09-30,467000000
753308,NEE,2016-12-31,468000000
753308,NEE,2017-03-31,468000000
753308,NEE,2017-06-30,469000000
753308,NEE,2017-09-30,470000000
753308,NEE,2017-12-31,471000000
753308,NEE,2018-03-31,471000000
753308,NEE,2018-06-30,472000000
753308,NEE,2018-09-30,478000000
753308,NEE,2018-12-31,478000000
753308,NEE,2019-03-31,479000000
753308,NEE,2019-06-30,479000000
753308,NEE,2019-09-30,489000000
753308,NEE,2019-12-31,1956000000
753308,NEE,2020-03-31,489000000
753308,NEE,2020-06-30,490000000
753308,NEE,2020-09-30,490000000
753308,NEE,2020-12-31,1960000000
753308,NEE,2021-03-31,1961000000
753308,NEE,2021-06-30,1962000000
753308,NEE,2021-09-30,1962000000
753308,NEE,2021-12-31,1963000000
753308,NEE,2022-03-31,1964000000
753308,NEE,2022-06-30,1965000000
753308,NEE,2022-09-30,1987000000
753308,NEE,2022-12-31,1987000000
753308,NEE,2023-03-31,2023000000
753308,NEE,2023-06-30,2024000000
753308,NEE,2023-09-30,2052000000
753308,NEE,2023-12-31,2052000000
753308,NEE,2024-03-31,2055000000
753308,NEE,2024-06-30,2055000000
753308,NEE,2024-09-30,2056000000
753308,NEE,2024-12-31,2057000000
753308,NEE,2025-03-31,2059000000
753308,NEE,2025-06-30,2059000000
753308,NEE,2025-09-30,2083000000
753308,NEE,2025-12-31,2083000000
753308,NEE,2026-03-31,2085000000
1164727,NEM,2017-12-31,533000000
1164727,NEM,2018-12-31,533000000
1164727,NEM,2019-12-31,808000000
1164727,NEM,2020-12-31,800000000
1164727,NEM,2021-12-31,792000000
1164727,NEM,2022-12-31,793000000
1164727,NEM,2023-12-31,1152000000
1164727,NEM,2024-12-31,1127000000
1164727,NEM,2025-12-31,1089000000
1065280,NFLX,2008-12-31,58862478
1065280,NFLX,2009-06-30,57415726
1065280,NFLX,2009-09-30,54642694
1065280,NFLX,2009-12-31,53440073
1065280,NFLX,2010-03-31,52261855
1065280,NFLX,2010-06-30,52358171
1065280,NFLX,2010-09-30,52257495
1065280,NFLX,2010-12-31,52781949
1065280,NFLX,2011-03-31,52519159
1065280,NFLX,2011-06-30,52536246
1065280,NFLX,2011-09-30,52504091
1065280,NFLX,2011-12-31,55398615
1065280,NFLX,2012-03-31,55515631
1065280,NFLX,2012-06-30,55534266
1065280,NFLX,2012-09-30,55545531
1065280,NFLX,2012-12-31,55587167
1065280,NFLX,2013-03-31,56143986
1065280,NFLX,2013-06-30,58922493
1065280,NFLX,2013-09-30,59257798
1065280,NFLX,2013-12-31,59607001
1065280,NFLX,2014-03-31,59940336
1065280,NFLX,2014-06-30,60091015
1065280,NFLX,2014-09-30,60246379
1065280,NFLX,2014-12-31,422910887
1065280,NFLX,2015-03-31,60620721
1065280,NFLX,2015-06-30,426004831
1065280,NFLX,2015-09-30,427388288
1065280,NFLX,2015-12-31,427940440
1065280,NFLX,2016-03-31,428289216
1065280,NFLX,2016-06-30,428725388
1065280,NFLX,2016-09-30,429145023
1065280,NFLX,2016-12-31,430054212
1065280,NFLX,2017-03-31,430993429
1065280,NFLX,2017-06-30,431749744
1065280,NFLX,2017-09-30,432731130
1065280,NFLX,2017-12-31,433392686
1065280,NFLX,2018-03-31,434657303
1065280,NFLX,2018-06-30,435457505
1065280,NFLX,2018-09-30,436084995
1065280,NFLX,2018-12-31,436598597
1065280,NFLX,2019-03-31,437191891
1065280,NFLX,2019-06-30,437834882
1065280,NFLX,2019-09-30,438251289
1065280,NFLX,2019-12-31,438806649
1065280,NFLX,2020-03-31,439780618
1065280,NFLX,2020-06-30,441015443
1065280,NFLX,2020-09-30,441795008
1065280,NFLX,2020-12-31,442895261
1065280,NFLX,2021-03-31,443383732
1065280,NFLX,2021-06-30,442595888
1065280,NFLX,2021-09-30,442952194
1065280,NFLX,2021-12-31,443963107
1065280,NFLX,2022-03-31,444273850
1065280,NFLX,2022-06-30,444705591
1065280,NFLX,2022-09-30,445020494
1065280,NFLX,2022-12-31,445346776
1065280,NFLX,2023-03-31,444536878
1065280,NFLX,2023-06-30,443146751
1065280,NFLX,2023-09-30,437679669
1065280,NFLX,2023-12-31,432759584
1065280,NFLX,2024-03-31,430964991
1065280,NFLX,2024-06-30,429164615
1065280,NFLX,2024-09-30,427458114
1065280,NFLX,2024-12-31,4277571000
1065280,NFLX,2025-03-31,425683210
1065280,NFLX,2025-06-30,424926346
1065280,NFLX,2025-09-30,423732334
1065280,NFLX,2025-12-31,4222162150
1065280,NFLX,2026-03-31,4212794271
1065280,NFLX,2026-06-30,4163939676
1111711,NI,2009-12-31,276638021
1111711,NI,2010-06-30,277818711
1111711,NI,2010-09-30,276638021
1111711,NI,2010-12-31,278855291
1111711,NI,2011-03-31,279930189
1111711,NI,2011-06-30,280472662
1111711,NI,2011-09-30,281111006
1111711,NI,2011-12-31,281853571
1111711,NI,2012-03-31,283890607
1111711,NI,2012-06-30,284767362
1111711,NI,2012-09-30,309597086
1111711,NI,2012-12-31,310280867
1111711,NI,2013-03-31,311814846
1111711,NI,2013-06-30,312420078
1111711,NI,2013-09-30,313135192
1111711,NI,2013-12-31,313675911
1111711,NI,2014-03-31,314800122
1111711,NI,2014-06-30,315215694
1111711,NI,2014-09-30,315597089
1111711,NI,2014-12-31,316037421
1111711,NI,2015-03-31,317281405
1111711,NI,2015-06-30,317668149
1111711,NI,2015-09-30,318474781
1111711,NI,2015-12-31,319110083
1111711,NI,2016-03-31,321360285
1111711,NI,2016-06-30,322004415
1111711,NI,2016-09-30,322564310
1111711,NI,2016-12-31,323159672
1111711,NI,2017-03-31,324474051
1111711,NI,2017-06-30,325756677
1111711,NI,2017-09-30,336691078
1111711,NI,2017-12-31,337015806
1111711,NI,2018-03-31,337598033
1111711,NI,2018-06-30,362915039
1111711,NI,2018-09-30,363167067
1111711,NI,2018-12-31,372363656
1111711,NI,2019-03-31,373002671
1111711,NI,2019-06-30,373249295
1111711,NI,2019-09-30,373446862
1111711,NI,2019-12-31,382135680
1111711,NI,2020-03-31,382694308
1111711,NI,2020-06-30,382917033
1111711,NI,2020-09-30,383114130
1111711,NI,2020-12-31,391760051
1111711,NI,2021-03-31,392129866
1111711,NI,2021-06-30,392328441
1111711,NI,2021-09-30,392628625
1111711,NI,2021-12-31,405303023
1111711,NI,2022-03-31,405734408
1111711,NI,2022-06-30,405878297
1111711,NI,2022-09-30,406049747
1111711,NI,2022-12-31,412142602
1111711,NI,2023-03-31,412982639
1111711,NI,2023-06-30,413148513
1111711,NI,2023-09-30,413324607
1111711,NI,2023-12-31,447382000
1111711,NI,2024-03-31,448198000
1111711,NI,2024-06-30,470784000
1111711,NI,2024-09-30,477136000
1111711,NI,2024-12-31,469822472
1111711,NI,2025-03-31,479365000
1111711,NI,2025-06-30,479498000
1111711,NI,2025-09-30,477136079
1111711,NI,2025-12-31,478432058
1111711,NI,2026-03-31,479365000
1111711,NI,2026-06-30,479498053
1133421,NOC,2008-12-31,327012663
1133421,NOC,2009-06-30,319156206
1133421,NOC,2009-09-30,314716763
1133421,NOC,2009-12-31,306865201
1133421,NOC,2010-03-31,300814235
1133421,NOC,2010-06-30,294979243
1133421,NOC,2010-09-30,292228109
1133421,NOC,2010-12-31,290956752
1133421,NOC,2011-03-31,292599308
1133421,NOC,2011-06-30,277981571
1133421,NOC,2011-09-30,265540830
1133421,NOC,2011-12-31,253889622
1133421,NOC,2012-03-31,252211220
1133421,NOC,2012-06-30,248039410
1133421,NOC,2012-09-30,245691965
1133421,NOC,2012-12-31,239209812
1133421,NOC,2013-03-31,235102831
1133421,NOC,2013-06-30,230801552
1133421,NOC,2013-09-30,223775721
1133421,NOC,2013-12-31,217599230
1133421,NOC,2014-03-31,215007156
1133421,NOC,2014-06-30,209127586
1133421,NOC,2014-09-30,203176629
1133421,NOC,2014-12-31,198930240
1133421,NOC,2015-03-31,195111898
1133421,NOC,2015-06-30,188381212
1133421,NOC,2015-09-30,182822622
1133421,NOC,2015-12-31,181303083
1133421,NOC,2016-03-31,180828855
1133421,NOC,2016-06-30,178956974
1133421,NOC,2016-09-30,176784423
1133421,NOC,2016-12-31,175068263
1133421,NOC,2017-03-31,174675878
1133421,NOC,2017-06-30,174150501
1133421,NOC,2017-09-30,174077667
1133421,NOC,2017-12-31,174085619
1133421,NOC,2018-03-31,174382256
1133421,NOC,2018-06-30,174254250
1133421,NOC,2018-09-30,173727400
1133421,NOC,2018-12-31,170607336
1133421,NOC,2019-03-31,169873750
1133421,NOC,2019-06-30,169305793
1133421,NOC,2019-09-30,168701653
1133421,NOC,2019-12-31,167848424
1133421,NOC,2020-03-31,167099297
1133421,NOC,2020-06-30,166708207
1133421,NOC,2020-09-30,166715510
1133421,NOC,2020-12-31,166717179
1133421,NOC,2021-03-31,160960496
1133421,NOC,2021-06-30,160384110
1133421,NOC,2021-09-30,158761485
1133421,NOC,2021-12-31,156284423
1133421,NOC,2022-03-31,155581611
1133421,NOC,2022-06-30,154876753
1133421,NOC,2022-09-30,154093656
1133421,NOC,2022-12-31,153157924
1133421,NOC,2023-03-31,151950074
1133421,NOC,2023-06-30,151388972
1133421,NOC,2023-09-30,150864851
1133421,NOC,2023-12-31,150109271
1133421,NOC,2024-03-31,148088480
1133421,NOC,2024-06-30,146463372
1133421,NOC,2024-09-30,145813599
1133421,NOC,2024-12-31,144952026
1133421,NOC,2025-03-31,144071022
1133421,NOC,2025-06-30,143276021
1133421,NOC,2025-09-30,142790278
1133421,NOC,2025-12-31,141997194
1133421,NOC,2026-03-31,142033476
1133421,NOC,2026-06-30,142062680
1373715,NOW,2011-12-31,22229978
1373715,NOW,2012-02-21,28987013
1373715,NOW,2012-09-30,123371566
1373715,NOW,2012-12-31,126367700
1373715,NOW,2013-12-31,140354605
1373715,NOW,2014-12-31,149509092
1373715,NOW,2015-12-31,160785764
1373715,NOW,2016-12-31,167430773
1373715,NOW,2017-03-31,169721359
1373715,NOW,2017-06-30,170712093
1373715,NOW,2017-09-30,172706935
1373715,NOW,2017-12-31,174275864
1373715,NOW,2018-03-31,176562963
1373715,NOW,2018-06-30,177945946
1373715,NOW,2018-09-30,179305339
1373715,NOW,2018-12-31,180175000
1373715,NOW,2019-03-31,184739169
1373715,NOW,2019-06-30,187461809
1373715,NOW,2019-09-30,188600000
1373715,NOW,2019-12-31,189461000
1373715,NOW,2020-03-31,190700000
1373715,NOW,2020-06-30,191800000
1373715,NOW,2020-09-30,195100000
1373715,NOW,2020-12-31,195845000
1373715,NOW,2021-03-31,197400000
1373715,NOW,2021-06-30,198100000
1373715,NOW,2021-09-30,199000000
1373715,NOW,2021-12-31,199608000
1373715,NOW,2022-03-31,200500000
1373715,NOW,2022-12-31,202882000
1373715,NOW,2023-09-30,204600000
1373715,NOW,2023-12-31,204724000
1373715,NOW,2024-03-31,205382000
1373715,NOW,2024-06-30,205857000
1373715,NOW,2024-09-30,206317000
1373715,NOW,2024-12-31,1032437000
1373715,NOW,2025-03-31,206979000
1373715,NOW,2025-06-30,207519000
1373715,NOW,2025-09-30,207564000
1373715,NOW,2025-12-31,1047278000
1373715,NOW,2026-03-31,1031308000
1373715,NOW,2026-06-30,1033862000
1013871,NRG,2008-12-31,234356717
1013871,NRG,2009-12-31,253995308
1013871,NRG,2010-09-30,250235973
1013871,NRG,2010-12-31,247197335
1013871,NRG,2011-12-31,227519521
1013871,NRG,2012-03-31,227685507
1013871,NRG,2012-06-30,227763187
1013871,NRG,2012-09-30,228286130
1013871,NRG,2012-12-31,322606898
1013871,NRG,2013-03-31,322403086
1013871,NRG,2013-06-30,322568398
1013871,NRG,2013-09-30,323327568
1013871,NRG,2013-12-31,323779252
1013871,NRG,2014-03-31,324533519
1013871,NRG,2014-06-30,337473370
1013871,NRG,2014-09-30,337987046
1013871,NRG,2014-12-31,336662624
1013871,NRG,2015-03-31,334817251
1013871,NRG,2015-06-30,330496797
1013871,NRG,2015-09-30,319734892
1013871,NRG,2015-12-31,314190042
1013871,NRG,2016-03-31,314906220
1013871,NRG,2016-06-30,314946304
1013871,NRG,2016-09-30,315442778
1013871,NRG,2016-12-31,315443011
1013871,NRG,2017-03-31,316080588
1013871,NRG,2017-06-30,316122828
1013871,NRG,2017-09-30,316638518
1013871,NRG,2017-12-31,316743089
1013871,NRG,2018-03-31,314886197
1013871,NRG,2018-06-30,303429305
1013871,NRG,2018-09-30,289930024
1013871,NRG,2018-12-31,283650039
1013871,NRG,2019-03-31,267538257
1013871,NRG,2019-06-30,258570598
1013871,NRG,2019-09-30,251985517
1013871,NRG,2019-12-31,248996189
1013871,NRG,2020-03-31,245623854
1013871,NRG,2020-06-30,244137848
1013871,NRG,2020-09-30,244147420
1013871,NRG,2020-12-31,244231933
1013871,NRG,2021-03-31,244693206
1013871,NRG,2021-06-30,244775477
1013871,NRG,2021-09-30,244779313
1013871,NRG,2021-12-31,243753899
1013871,NRG,2022-03-31,239216140
1013871,NRG,2022-06-30,235146021
1013871,NRG,2022-09-30,232125137
1013871,NRG,2022-12-31,229561030
1013871,NRG,2023-03-31,229956438
1013871,NRG,2023-06-30,230425759
1013871,NRG,2023-09-30,229336853
1013871,NRG,2023-12-31,208130950
1013871,NRG,2024-03-31,208166262
1013871,NRG,2024-06-30,207498428
1013871,NRG,2024-09-30,204929327
1013871,NRG,2024-12-31,198604003
1013871,NRG,2025-03-31,196462125
1013871,NRG,2025-06-30,194630094
1013871,NRG,2025-09-30,192255304
1013871,NRG,2025-12-31,190376607
1013871,NRG,2026-03-31,212762887
1013871,NRG,2026-06-30,210307902
702165,NSC,2008-12-31,366233106
702165,NSC,2009-09-30,367893915
702165,NSC,2009-12-31,369019990
702165,NSC,2010-03-31,370055972
702165,NSC,2010-06-30,368615496
702165,NSC,2010-09-30,363372120
702165,NSC,2010-12-31,357362604
702165,NSC,2011-03-31,353216661
702165,NSC,2011-06-30,347773580
702165,NSC,2011-09-30,336106217
702165,NSC,2011-12-31,330386089
702165,NSC,2012-03-31,325763164
702165,NSC,2012-06-30,319516715
702165,NSC,2012-09-30,316043185
702165,NSC,2012-12-31,314034174
702165,NSC,2013-03-31,315088379
702165,NSC,2013-06-30,311952780
702165,NSC,2013-09-30,308910328
702165,NSC,2013-12-31,308878402
702165,NSC,2014-03-31,309646086
702165,NSC,2014-06-30,309515208
702165,NSC,2014-09-30,309441867
702165,NSC,2014-12-31,308240130
702165,NSC,2015-03-31,304849454
702165,NSC,2015-06-30,301386849
702165,NSC,2015-09-30,298569765
702165,NSC,2015-12-31,297795016
702165,NSC,2016-03-31,295737821
702165,NSC,2016-06-30,293549767
702165,NSC,2016-09-30,291942235
702165,NSC,2016-12-31,290417610
702165,NSC,2017-03-31,289782660
702165,NSC,2017-06-30,288181852
702165,NSC,2017-09-30,286148766
702165,NSC,2017-12-31,284157187
702165,NSC,2018-03-31,282541886
702165,NSC,2018-06-30,280029764
702165,NSC,2018-09-30,272346940
702165,NSC,2018-12-31,268098472
702165,NSC,2019-03-31,265967039
702165,NSC,2019-06-30,263406773
702165,NSC,2019-09-30,260746663
702165,NSC,2019-12-31,257904956
702165,NSC,2020-03-31,256179130
702165,NSC,2020-06-30,255109247
702165,NSC,2020-09-30,253985338
702165,NSC,2020-12-31,252095082
702165,NSC,2021-03-31,250241009
702165,NSC,2021-06-30,246972217
702165,NSC,2021-09-30,243344509
702165,NSC,2021-12-31,240162790
702165,NSC,2022-03-31,238332514
702165,NSC,2022-06-30,234873651
702165,NSC,2022-09-30,231514213
702165,NSC,2022-12-31,228076415
702165,NSC,2023-03-31,227639602
702165,NSC,2023-06-30,227015277
702165,NSC,2023-09-30,226136334
702165,NSC,2023-12-31,225681254
702165,NSC,2024-03-31,225914028
702165,NSC,2024-06-30,226096433
702165,NSC,2024-09-30,226239662
702165,NSC,2024-12-31,226320894
702165,NSC,2025-03-31,225443501
702165,NSC,2025-06-30,224614894
702165,NSC,2025-09-30,224386617
702165,NSC,2025-12-31,224420699
702165,NSC,2026-03-31,224594001
702165,NSC,2026-06-30,224608373
1002047,NTAP,2014-04-25,324500000
1002047,NTAP,2014-10-24,313000000
1002047,NTAP,2015-01-23,311600000
1002047,NTAP,2015-04-24,306000000
1002047,NTAP,2015-07-31,306000000
1002047,NTAP,2015-10-30,292000000
1002047,NTAP,2016-01-29,291000000
1002047,NTAP,2016-04-29,281000000
1002047,NTAP,2016-07-29,278000000
1002047,NTAP,2016-10-28,276000000
1002047,NTAP,2017-01-27,271000000
1002047,NTAP,2017-04-28,269000000
1002047,NTAP,2017-07-28,270000000
1002047,NTAP,2017-10-27,267000000
1002047,NTAP,2018-01-26,268000000
1002047,NTAP,2018-04-27,263000000
1002047,NTAP,2018-07-27,260000000
1002047,NTAP,2018-10-26,254000000
1002047,NTAP,2019-01-25,247000000
1002047,NTAP,2019-04-26,240000000
1002047,NTAP,2019-07-26,239000000
1002047,NTAP,2019-10-25,229000000
1002047,NTAP,2020-01-24,222000000
1002047,NTAP,2020-04-24,219000000
1002047,NTAP,2020-07-31,222000000
1002047,NTAP,2020-10-30,222000000
1002047,NTAP,2021-01-29,223000000
1002047,NTAP,2021-04-30,222000000
1002047,NTAP,2021-07-30,224000000
1002047,NTAP,2021-10-29,223000000
1002047,NTAP,2022-01-28,223000000
1002047,NTAP,2022-04-29,220000000
1002047,NTAP,2022-07-29,218000000
1002047,NTAP,2022-10-28,217000000
1002047,NTAP,2023-01-27,214000000
1002047,NTAP,2023-04-28,212000000
1002047,NTAP,2023-07-28,209000000
1002047,NTAP,2023-10-27,206000000
1002047,NTAP,2024-01-26,206000000
1002047,NTAP,2024-04-26,206000000
1002047,NTAP,2024-07-26,205000000
1002047,NTAP,2024-10-25,203000000
1002047,NTAP,2025-01-24,203000000
1002047,NTAP,2025-04-25,201000000
1002047,NTAP,2025-07-25,200000000
1002047,NTAP,2025-10-24,198000000
1002047,NTAP,2026-01-23,198000000
1002047,NTAP,2026-04-24,196000000
1002047,NTAP,2026-07-31,196000000
73124,NTRS,2007-12-31,220608834
73124,NTRS,2008-09-30,223034210
73124,NTRS,2008-12-31,223263132
73124,NTRS,2009-03-31,223669263
73124,NTRS,2009-09-30,241505420
73124,NTRS,2009-12-31,241679942
73124,NTRS,2010-03-31,241849640
73124,NTRS,2010-09-30,242193970
73124,NTRS,2010-12-31,242268903
73124,NTRS,2011-03-31,241803134
73124,NTRS,2011-06-30,240992368
73124,NTRS,2011-09-30,240996807
73124,NTRS,2011-12-31,241008509
73124,NTRS,2012-03-31,241149572
73124,NTRS,2012-06-30,240516692
73124,NTRS,2012-09-30,239799129
73124,NTRS,2012-12-31,238914988
73124,NTRS,2013-03-31,239239836
73124,NTRS,2013-06-30,240137628
73124,NTRS,2013-09-30,238983842
73124,NTRS,2013-12-31,237322035
73124,NTRS,2014-03-31,236481078
73124,NTRS,2014-06-30,235584991
73124,NTRS,2014-09-30,235505008
73124,NTRS,2014-12-31,233390705
73124,NTRS,2015-03-31,233368512
73124,NTRS,2015-06-30,232852813
73124,NTRS,2015-09-30,231220304
73124,NTRS,2015-12-31,229293783
73124,NTRS,2016-03-31,228163712
73124,NTRS,2016-06-30,226590921
73124,NTRS,2016-09-30,226431104
73124,NTRS,2016-12-31,228605485
73124,NTRS,2017-03-31,229585949
73124,NTRS,2017-06-30,228485957
73124,NTRS,2017-09-30,227421128
73124,NTRS,2017-12-31,226126674
73124,NTRS,2018-03-31,224991295
73124,NTRS,2018-06-30,223281786
73124,NTRS,2018-09-30,221395358
73124,NTRS,2018-12-31,219012050
73124,NTRS,2019-03-31,217676589
73124,NTRS,2019-06-30,214890746
73124,NTRS,2019-09-30,211881616
73124,NTRS,2019-12-31,209709046
73124,NTRS,2020-03-31,208052036
73124,NTRS,2020-06-30,208092630
73124,NTRS,2020-09-30,208121233
73124,NTRS,2020-12-31,208289178
73124,NTRS,2021-03-31,208140239
73124,NTRS,2021-06-30,208394779
73124,NTRS,2021-09-30,207661247
73124,NTRS,2021-12-31,207761875
73124,NTRS,2022-03-31,208379813
73124,NTRS,2022-06-30,208386524
73124,NTRS,2022-09-30,208415673
73124,NTRS,2022-12-31,208428309
73124,NTRS,2023-03-31,208342348
73124,NTRS,2023-06-30,207004181
73124,NTRS,2023-09-30,207036370
73124,NTRS,2023-12-31,205126224
73124,NTRS,2024-03-31,204591724
73124,NTRS,2024-06-30,201637855
73124,NTRS,2024-09-30,198218483
73124,NTRS,2024-12-31,195969746
73124,NTRS,2025-03-31,194538575
73124,NTRS,2025-06-30,191233304
73124,NTRS,2025-09-30,189117369
73124,NTRS,2025-12-31,186337588
73124,NTRS,2026-03-31,185047258
73124,NTRS,2026-06-30,182955653
1045810,NVDA,2009-01-25,538460766
1045810,NVDA,2010-01-31,561465851
1045810,NVDA,2011-01-30,588555701
1045810,NVDA,2012-01-29,612191412
1045810,NVDA,2013-01-27,616756134
1045810,NVDA,2014-01-26,567997000
1045810,NVDA,2015-01-25,545000000
1045810,NVDA,2016-01-31,539000000
1045810,NVDA,2017-01-29,585000000
1045810,NVDA,2018-01-28,606000000
1045810,NVDA,2019-01-27,606000000
1045810,NVDA,2020-01-26,612000000
1045810,NVDA,2021-01-31,2479000000
1045810,NVDA,2022-01-30,2506000000
1045810,NVDA,2023-01-29,2466000000
1045810,NVDA,2024-01-28,24643000000
1045810,NVDA,2025-01-26,24477000000
1045810,NVDA,2026-01-25,24304000000
906163,NVR,2010-12-31,5663556
906163,NVR,2011-12-31,4977633
906163,NVR,2012-12-31,4914130
906163,NVR,2013-12-31,4434000
906163,NVR,2014-12-31,4049000
906163,NVR,2015-12-31,3891000
906163,NVR,2016-12-31,3693000
906163,NVR,2017-12-31,3691000
906163,NVR,2018-12-31,3578000
906163,NVR,2019-12-31,3633000
906163,NVR,2020-12-31,3695577
906163,NVR,2021-12-31,3447441
906163,NVR,2022-12-31,3218933
906163,NVR,2023-12-31,3194876
906163,NVR,2024-12-31,3011644
906163,NVR,2025-12-31,2799387
1564708,NWSA,2013-06-30,579000000
726728,O,2009-12-31,104286705
726728,O,2010-06-30,104497838
726728,O,2010-09-30,110696348
726728,O,2010-12-31,118058988
726728,O,2011-03-31,126828609
726728,O,2011-06-30,126865242
726728,O,2011-09-30,133202323
726728,O,2011-12-31,133223338
726728,O,2012-03-31,133403830
726728,O,2012-06-30,133439028
726728,O,2012-09-30,133452011
726728,O,2012-12-31,133452411
726728,O,2013-03-31,196226594
726728,O,2013-06-30,196265884
726728,O,2013-09-30,196334470
726728,O,2013-12-31,207485073
726728,O,2014-03-31,207631143
726728,O,2014-06-30,222623256
726728,O,2014-09-30,222670846
726728,O,2014-12-31,224881192
726728,O,2015-03-31,227031104
726728,O,2015-06-30,234857578
726728,O,2015-09-30,238085515
726728,O,2015-12-31,250416757
726728,O,2016-03-31,251081853
726728,O,2016-06-30,257954902
726728,O,2016-09-30,258592608
726728,O,2016-12-31,260168259
726728,O,2017-03-31,273051486
726728,O,2017-06-30,274064985
726728,O,2017-09-30,281778537
726728,O,2017-12-31,284213685
726728,O,2018-03-31,284380175
726728,O,2018-06-30,290024275
726728,O,2018-09-30,295145532
726728,O,2018-12-31,303742090
726728,O,2019-03-31,303807421
726728,O,2019-06-30,318218713
726728,O,2019-09-30,325910281
726728,O,2019-12-31,333619106
726728,O,2020-03-31,343402030
726728,O,2020-06-30,345023421
726728,O,2020-09-30,350595869
726728,O,2020-12-31,361303445
726728,O,2021-03-31,373509822
726728,O,2021-06-30,380174042
726728,O,2021-09-30,404206076
726728,O,2021-12-31,591261991
726728,O,2022-03-31,601566581
726728,O,2022-06-30,617564272
726728,O,2022-09-30,627145827
726728,O,2022-12-31,660300000
726728,O,2023-03-31,673206775
726728,O,2023-06-30,708773000
726728,O,2023-09-30,723894000
726728,O,2023-12-31,752460000
726728,O,2024-03-31,870756000
726728,O,2024-06-30,870848000
726728,O,2024-09-30,875197000
726728,O,2024-12-31,891511000
726728,O,2025-03-31,903062000
726728,O,2025-06-30,914285000
726728,O,2025-09-30,919893000
726728,O,2025-12-31,933975000
726728,O,2026-03-31,932474000
726728,O,2026-06-30,946202000
878927,ODFL,2009-12-31,55927013
878927,ODFL,2010-06-30,37284675
878927,ODFL,2010-09-30,55926945
878927,ODFL,2010-12-31,55926945
878927,ODFL,2011-03-31,57443324
878927,ODFL,2011-06-30,57443324
878927,ODFL,2011-09-30,57443324
878927,ODFL,2011-12-31,86164986
878927,ODFL,2012-03-31,57443324
878927,ODFL,2012-06-30,57443324
878927,ODFL,2012-09-30,86164917
878927,ODFL,2012-12-31,86164917
878927,ODFL,2013-03-31,86164917
878927,ODFL,2013-06-30,86164917
878927,ODFL,2013-09-30,86164917
878927,ODFL,2013-12-31,86164917
878927,ODFL,2014-03-31,86164917
878927,ODFL,2014-06-30,86164917
878927,ODFL,2014-09-30,86164917
878927,ODFL,2014-12-31,86094297
878927,ODFL,2015-03-31,85913659
878927,ODFL,2015-06-30,85506709
878927,ODFL,2015-09-30,84967313
878927,ODFL,2015-12-31,84411878
878927,ODFL,2016-03-31,83649398
878927,ODFL,2016-06-30,83096036
878927,ODFL,2016-09-30,82578641
878927,ODFL,2016-12-31,82416657
878927,ODFL,2017-03-31,82465636
878927,ODFL,2017-06-30,82387823
878927,ODFL,2017-09-30,82375945
878927,ODFL,2017-12-31,82375945
878927,ODFL,2018-03-31,82284180
878927,ODFL,2018-06-30,82079355
878927,ODFL,2018-09-30,81885354
878927,ODFL,2018-12-31,81231131
878927,ODFL,2019-03-31,81071908
878927,ODFL,2019-06-30,80138666
878927,ODFL,2019-09-30,79884372
878927,ODFL,2019-12-31,119532534
878927,ODFL,2020-03-31,118133507
878927,ODFL,2020-06-30,117335353
878927,ODFL,2020-09-30,117331447
878927,ODFL,2020-12-31,117057696
878927,ODFL,2021-03-31,115964663
878927,ODFL,2021-06-30,115810083
878927,ODFL,2021-09-30,115011172
878927,ODFL,2021-12-31,115011172
878927,ODFL,2022-03-31,113761155
878927,ODFL,2022-06-30,112236107
878927,ODFL,2022-09-30,110954501
878927,ODFL,2022-12-31,110222819
878927,ODFL,2023-03-31,109830927
878927,ODFL,2023-06-30,109337474
878927,ODFL,2023-09-30,109178942
878927,ODFL,2023-12-31,217930932
878927,ODFL,2024-03-31,217598722
878927,ODFL,2024-06-30,214758093
878927,ODFL,2024-09-30,213794691
878927,ODFL,2024-12-31,212984747
878927,ODFL,2025-03-31,211929275
878927,ODFL,2025-06-30,210595766
878927,ODFL,2025-09-30,209425614
878927,ODFL,2025-12-31,208556788
878927,ODFL,2026-03-31,208146920
878927,ODFL,2026-06-30,207471296
1039684,OKE,2008-12-31,104845231
1039684,OKE,2009-06-30,105371561
1039684,OKE,2009-09-30,105465408
1039684,OKE,2009-12-31,105906776
1039684,OKE,2010-03-31,106283759
1039684,OKE,2010-09-30,106466921
1039684,OKE,2010-12-31,106815582
1039684,OKE,2011-03-31,107105747
1039684,OKE,2011-06-30,103526104
1039684,OKE,2011-09-30,102982759
1039684,OKE,2011-12-31,206509960
1039684,OKE,2012-03-31,103922403
1039684,OKE,2012-06-30,205041894
1039684,OKE,2012-09-30,204598717
1039684,OKE,2012-12-31,204935043
1039684,OKE,2013-03-31,206088765
1039684,OKE,2013-06-30,206190506
1039684,OKE,2013-09-30,206273200
1039684,OKE,2013-12-31,206618877
1039684,OKE,2014-03-31,207865891
1039684,OKE,2014-06-30,207999517
1039684,OKE,2014-09-30,208193467
1039684,OKE,2014-12-31,208322247
1039684,OKE,2015-03-31,208760251
1039684,OKE,2015-06-30,208976736
1039684,OKE,2015-09-30,209273336
1039684,OKE,2015-12-31,209731028
1039684,OKE,2016-03-31,210098753
1039684,OKE,2016-06-30,210418903
1039684,OKE,2016-09-30,210517586
1039684,OKE,2016-12-31,210681661
1039684,OKE,2017-03-31,210906018
1039684,OKE,2017-06-30,380004718
1039684,OKE,2017-09-30,381285028
1039684,OKE,2017-12-31,388703543
1039684,OKE,2018-03-31,411073529
1039684,OKE,2018-06-30,411173760
1039684,OKE,2018-09-30,411358838
1039684,OKE,2018-12-31,411532606
1039684,OKE,2019-03-31,412752687
1039684,OKE,2019-06-30,412964601
1039684,OKE,2019-09-30,413076116
1039684,OKE,2019-12-31,413239050
1039684,OKE,2020-03-31,413882720
1039684,OKE,2020-06-30,444196627
1039684,OKE,2020-09-30,444392615
1039684,OKE,2020-12-31,444872383
1039684,OKE,2021-03-31,445534180
1039684,OKE,2021-06-30,445817509
1039684,OKE,2021-09-30,445933921
1039684,OKE,2021-12-31,446138177
1039684,OKE,2022-03-31,446599266
1039684,OKE,2022-06-30,446856499
1039684,OKE,2022-09-30,446947691
1039684,OKE,2022-12-31,447157771
1039684,OKE,2023-03-31,447441008
1039684,OKE,2023-06-30,447671698
1039684,OKE,2023-09-30,582536892
1039684,OKE,2023-12-31,583093100
1039684,OKE,2024-03-31,583644277
1039684,OKE,2024-06-30,584060910
1039684,OKE,2024-09-30,584172823
1039684,OKE,2024-12-31,583110633
1039684,OKE,2025-03-31,624626545
1039684,OKE,2025-06-30,629749279
1039684,OKE,2025-09-30,629838019
1039684,OKE,2025-12-31,629707691
1039684,OKE,2026-03-31,630030737
1039684,OKE,2026-06-30,630362380
29989,OMC,2008-12-31,307300000
29989,OMC,2009-12-31,308400000
29989,OMC,2010-12-31,285500000
29989,OMC,2011-12-31,273400000
29989,OMC,2012-12-31,262000000
29989,OMC,2013-12-31,257600000
29989,OMC,2014-12-31,246700000
29989,OMC,2015-12-31,239700000
29989,OMC,2016-12-31,234700000
29989,OMC,2017-12-31,230100000
29989,OMC,2018-12-31,223900000
29989,OMC,2019-12-31,217100000
29989,OMC,2020-12-31,215000000
29989,OMC,2021-12-31,209100000
29989,OMC,2022-12-31,202700000
29989,OMC,2023-12-31,198000000
29989,OMC,2024-12-31,196400000
29989,OMC,2025-12-31,313100000
1097864,ON,2009-12-31,427254100
1097864,ON,2010-07-02,431046132
1097864,ON,2010-10-01,432436177
1097864,ON,2010-12-31,436774177
1097864,ON,2011-04-01,444437415
1097864,ON,2011-07-01,448106855
1097864,ON,2011-09-30,449602339
1097864,ON,2011-12-31,451284220
1097864,ON,2012-03-30,453664087
1097864,ON,2012-06-29,455115270
1097864,ON,2012-09-28,451678389
1097864,ON,2012-12-31,448824345
1097864,ON,2013-03-29,450302333
1097864,ON,2013-06-28,449812626
1097864,ON,2013-09-27,446697412
1097864,ON,2013-12-31,440250288
1097864,ON,2014-03-28,440647392
1097864,ON,2014-06-27,441195380
1097864,ON,2014-09-26,439791222
1097864,ON,2014-12-31,434100017
1097864,ON,2015-04-03,430638928
1097864,ON,2015-07-03,421044853
1097864,ON,2015-10-02,412573664
1097864,ON,2015-12-31,412039805
1097864,ON,2016-04-01,414719273
1097864,ON,2016-07-01,415510288
1097864,ON,2016-09-30,416863599
1097864,ON,2016-12-31,418941713
1097864,ON,2017-03-31,420668560
1097864,ON,2017-06-30,421525799
1097864,ON,2017-09-29,422898064
1097864,ON,2017-12-31,425118194
1097864,ON,2018-03-30,427459255
1097864,ON,2018-06-29,426359988
1097864,ON,2018-09-28,423884865
1097864,ON,2018-12-31,413834227
1097864,ON,2019-03-29,411814580
1097864,ON,2019-06-28,410050898
1097864,ON,2019-09-27,410171176
1097864,ON,2019-12-31,411312664
1097864,ON,2020-04-03,410004566
1097864,ON,2020-07-03,410809621
1097864,ON,2020-10-02,411219904
1097864,ON,2020-12-31,411842629
1097864,ON,2021-04-02,419896411
1097864,ON,2021-07-02,430532211
1097864,ON,2021-10-01,430824004
1097864,ON,2021-12-31,432472818
1097864,ON,2022-04-01,434494753
1097864,ON,2022-07-01,433322860
1097864,ON,2022-09-30,432406805
1097864,ON,2022-12-31,431936415
1097864,ON,2023-03-31,431851090
1097864,ON,2023-06-30,431520606
1097864,ON,2023-09-29,430594632
1097864,ON,2023-12-31,426386426
1097864,ON,2024-03-29,429934333
1097864,ON,2024-06-28,428217874
1097864,ON,2024-09-27,425645765
1097864,ON,2024-12-31,422955173
1097864,ON,2025-04-04,417866634
1097864,ON,2025-07-04,411204213
1097864,ON,2025-10-03,405316685
1097864,ON,2025-12-31,396740551
1097864,ON,2026-04-03,391871484
1097864,ON,2026-07-03,389290999
1341439,ORCL,2009-05-31,5005000000
1341439,ORCL,2009-08-31,5012000000
1341439,ORCL,2009-11-30,5009000000
1341439,ORCL,2010-02-28,5015000000
1341439,ORCL,2010-05-31,5026000000
1341439,ORCL,2010-11-30,5051000000
1341439,ORCL,2011-02-28,5061000000
1341439,ORCL,2011-05-31,5068000000
1341439,ORCL,2011-08-31,5051000000
1341439,ORCL,2011-11-30,5032000000
1341439,ORCL,2012-02-29,4979000000
1341439,ORCL,2012-05-31,4905000000
1341439,ORCL,2012-08-31,4831000000
1341439,ORCL,2012-11-30,4748000000
1341439,ORCL,2013-02-28,4719000000
1341439,ORCL,2013-05-31,4646000000
1341439,ORCL,2013-08-31,4569000000
1341439,ORCL,2013-11-30,4506000000
1341439,ORCL,2014-02-28,4483000000
1341439,ORCL,2014-05-31,4464000000
1341439,ORCL,2014-08-31,4438000000
1341439,ORCL,2014-11-30,4398000000
1341439,ORCL,2015-02-28,4373000000
1341439,ORCL,2015-03-15,4343000000
1341439,ORCL,2015-05-31,4343000000
1341439,ORCL,2015-08-31,4282000000
1341439,ORCL,2015-11-30,4208000000
1341439,ORCL,2016-02-29,4156000000
1341439,ORCL,2016-05-31,4131000000
1341439,ORCL,2016-08-31,4106000000
1341439,ORCL,2016-11-30,4103000000
1341439,ORCL,2017-02-28,4115000000
1341439,ORCL,2017-05-31,4137000000
1341439,ORCL,2017-08-31,4171000000
1341439,ORCL,2017-11-30,4143000000
1341439,ORCL,2018-02-28,4093000000
1341439,ORCL,2018-05-31,3997000000
1341439,ORCL,2018-08-31,3811000000
1341439,ORCL,2018-11-30,3632000000
1341439,ORCL,2019-02-28,3443000000
1341439,ORCL,2019-05-31,3359000000
1341439,ORCL,2019-08-31,3296000000
1341439,ORCL,2019-11-30,3214000000
1341439,ORCL,2020-02-29,3161000000
1341439,ORCL,2020-05-31,3067000000
1341439,ORCL,2020-08-31,3014000000
1341439,ORCL,2020-11-30,2952000000
1341439,ORCL,2021-02-28,2895000000
1341439,ORCL,2021-05-31,2814000000
1341439,ORCL,2021-08-31,2743000000
1341439,ORCL,2021-11-30,2671000000
1341439,ORCL,2022-02-28,2668000000
1341439,ORCL,2022-05-31,2665000000
1341439,ORCL,2022-08-31,2696000000
1341439,ORCL,2022-11-30,2695000000
1341439,ORCL,2023-02-28,2700000000
1341439,ORCL,2023-05-31,2713000000
1341439,ORCL,2023-08-31,2739000000
1341439,ORCL,2023-11-30,2748000000
1341439,ORCL,2024-02-29,2747000000
1341439,ORCL,2024-05-31,2755000000
1341439,ORCL,2024-08-31,2771000000
1341439,ORCL,2024-11-30,2796000000
1341439,ORCL,2025-02-28,2803000000
1341439,ORCL,2025-05-31,2807000000
1341439,ORCL,2025-08-31,2841000000
1341439,ORCL,2025-11-30,2873000000
1341439,ORCL,2026-02-28,2875000000
1341439,ORCL,2026-05-31,2880000000
1341439,ORCL,2026-08-31,3024000000
898173,ORLY,2009-12-31,137468063
898173,ORLY,2010-03-31,137882397
898173,ORLY,2010-06-30,138670036
898173,ORLY,2010-09-30,139319673
898173,ORLY,2010-12-31,141025544
898173,ORLY,2011-03-31,138741655
898173,ORLY,2011-06-30,135955214
898173,ORLY,2011-09-30,128449476
898173,ORLY,2011-12-31,127179792
898173,ORLY,2012-03-31,125992829
898173,ORLY,2012-06-30,122014308
898173,ORLY,2012-09-30,116056105
898173,ORLY,2012-12-31,112963413
898173,ORLY,2013-03-31,111041666
898173,ORLY,2013-06-30,108886775
898173,ORLY,2013-09-30,107667354
898173,ORLY,2013-12-31,105939766
898173,ORLY,2014-03-31,106303884
898173,ORLY,2014-06-30,104656509
898173,ORLY,2014-09-30,102393366
898173,ORLY,2014-12-31,101602935
898173,ORLY,2015-03-31,101347744
898173,ORLY,2015-06-30,99592091
898173,ORLY,2015-09-30,98714308
898173,ORLY,2015-12-31,97737171
898173,ORLY,2016-03-31,96726677
898173,ORLY,2016-06-30,94881546
898173,ORLY,2016-09-30,94727595
898173,ORLY,2016-12-31,92851815
898173,ORLY,2017-03-31,91320866
898173,ORLY,2017-06-30,87998971
898173,ORLY,2017-09-30,85338294
898173,ORLY,2017-12-31,84302187
898173,ORLY,2018-03-31,82267885
898173,ORLY,2018-06-30,80987794
898173,ORLY,2018-09-30,80345665
898173,ORLY,2018-12-31,79043919
898173,ORLY,2019-03-31,78262099
898173,ORLY,2019-06-30,76690215
898173,ORLY,2019-09-30,75727781
898173,ORLY,2019-12-31,75618659
898173,ORLY,2020-03-31,74199261
898173,ORLY,2020-06-30,74097706
898173,ORLY,2020-09-30,73272379
898173,ORLY,2020-12-31,71123109
898173,ORLY,2021-03-31,69734990
898173,ORLY,2021-06-30,69132589
898173,ORLY,2021-09-30,67684615
898173,ORLY,2021-12-31,67029042
898173,ORLY,2022-03-31,65919929
898173,ORLY,2022-06-30,63752833
898173,ORLY,2022-09-30,62798821
898173,ORLY,2022-12-31,62353221
898173,ORLY,2023-03-31,61038936
898173,ORLY,2023-06-30,60402359
898173,ORLY,2023-09-30,59621138
898173,ORLY,2023-12-31,59072792
898173,ORLY,2024-03-31,58982123
898173,ORLY,2024-06-30,58238711
898173,ORLY,2024-09-30,57838920
898173,ORLY,2024-12-31,862232760
898173,ORLY,2025-03-31,57113515
898173,ORLY,2025-06-30,850561094
898173,ORLY,2025-09-30,846832348
898173,ORLY,2025-12-31,841909238
898173,ORLY,2026-03-31,832292716
898173,ORLY,2026-06-30,816165813
1781335,OTIS,2020-06-30,433100000
1781335,OTIS,2020-09-30,433200000
1781335,OTIS,2020-12-31,433400000
1781335,OTIS,2021-03-31,429100000
1781335,OTIS,2021-12-31,434700000
1781335,OTIS,2022-12-31,435600000
1781335,OTIS,2023-12-31,437000000
1781335,OTIS,2024-12-31,438600000
797468,OXY,2007-12-31,877124000
797468,OXY,2008-12-31,881423000
797468,OXY,2009-12-31,883643000
797468,OXY,2010-12-31,885275000
797468,OXY,2011-12-31,886809000
797468,OXY,2012-12-31,888801000
797468,OXY,2013-12-31,889919000
797468,OXY,2014-12-31,890558000
797468,OXY,2015-03-31,890821383
797468,OXY,2015-06-30,890872794
797468,OXY,2015-09-30,891312915
797468,OXY,2015-12-31,891360000
797468,OXY,2016-03-31,-891624558
797468,OXY,2016-06-30,891807415
797468,OXY,2016-09-30,892165801
797468,OXY,2016-12-31,892215000
797468,OXY,2017-03-31,892559026
797468,OXY,2017-06-30,892647217
797468,OXY,2017-09-30,893416414
797468,OXY,2017-12-31,893469000
797468,OXY,2018-03-31,894134418
797468,OXY,2018-06-30,894243621
797468,OXY,2018-09-30,894874771
797468,OXY,2018-12-31,895116000
797468,OXY,2019-03-31,896293910
797468,OXY,2019-06-30,896720621
797468,OXY,2019-09-30,1043640621
797468,OXY,2019-12-31,1044435000
797468,OXY,2020-03-31,1048430898
797468,OXY,2020-06-30,1066776168
797468,OXY,2020-09-30,1079959455
797468,OXY,2020-12-31,1080565000
797468,OXY,2021-03-31,1082618615
797468,OXY,2021-06-30,1082934567
797468,OXY,2021-09-30,1083180911
797468,OXY,2021-12-31,934074700
797468,OXY,2022-03-31,937190982
797468,OXY,2022-06-30,928963512
797468,OXY,2022-09-30,908077761
797468,OXY,2022-12-31,899858944
797468,OXY,2023-03-31,891551244
797468,OXY,2023-06-30,884681888
797468,OXY,2023-09-30,877701484
797468,OXY,2023-12-31,879463103
797468,OXY,2024-03-31,886719730
797468,OXY,2024-06-30,905559959
797468,OXY,2024-09-30,938174218
797468,OXY,2024-12-31,938457983
797468,OXY,2025-03-31,942049921
797468,OXY,2025-06-30,984416165
797468,OXY,2025-09-30,985175029
797468,OXY,2025-12-31,986026416
797468,OXY,2026-03-31,991192560
797468,OXY,2026-06-30,999708551
1474432,P,2015-01-31,36465000
1474432,P,2015-10-31,189980000
1474432,P,2016-01-31,190509000
1474432,P,2016-04-30,194124000
1474432,P,2016-07-31,196466000
1474432,P,2016-10-31,199678000
1474432,P,2017-01-31,204364000
1474432,P,2017-04-30,208119000
1474432,P,2017-07-31,210975000
1474432,P,2017-10-31,216016000
1474432,P,2018-01-31,204364000
1474432,P,2018-04-30,229596000
1474432,P,2018-07-31,235412000
1474432,P,2018-10-31,241359000
1474432,P,2019-01-31,220979000
1474432,P,2019-04-30,241359000
1474432,P,2019-07-31,241359000
1327567,PANW,2010-07-31,19790000
1327567,PANW,2011-07-31,19751000
1327567,PANW,2012-07-31,67852000
1327567,PANW,2012-10-31,68445000
1327567,PANW,2013-01-31,68896000
1327567,PANW,2013-04-30,71103000
1327567,PANW,2013-07-31,71612000
1327567,PANW,2013-10-31,72483000
1327567,PANW,2014-01-31,73998000
1327567,PANW,2014-04-30,77055000
1327567,PANW,2014-07-31,79519000
1327567,PANW,2014-10-31,80518000
1327567,PANW,2015-01-31,82265000
1327567,PANW,2015-04-30,83599000
1327567,PANW,2015-07-31,84800000
1327567,PANW,2015-10-31,85900000
1327567,PANW,2016-01-31,88400000
1327567,PANW,2016-04-30,89600000
1327567,PANW,2016-07-31,90500000
1327567,PANW,2016-10-31,91700000
1327567,PANW,2017-01-31,92000000
1327567,PANW,2017-04-30,91800000
1327567,PANW,2017-07-31,91500000
1327567,PANW,2017-10-31,91900000
1327567,PANW,2018-01-31,91800000
1327567,PANW,2018-04-30,92900000
1327567,PANW,2018-07-31,93600000
1327567,PANW,2018-10-31,94700000
1327567,PANW,2019-01-31,93700000
1327567,PANW,2019-04-30,95900000
1327567,PANW,2019-07-31,96800000
1327567,PANW,2019-10-31,97600000
1327567,PANW,2020-01-31,99700000
1327567,PANW,2020-04-30,96500000
1327567,PANW,2020-07-31,96300000
1327567,PANW,2020-10-31,95200000
1327567,PANW,2021-01-31,97200000
1327567,PANW,2021-04-30,97400000
1327567,PANW,2021-07-31,97300000
1327567,PANW,2021-10-31,98700000
1327567,PANW,2022-01-31,98500000
1327567,PANW,2022-04-30,99600000
1327567,PANW,2022-07-31,298800000
1327567,PANW,2022-10-31,302300000
1327567,PANW,2023-01-31,302400000
1327567,PANW,2023-04-30,305600000
1327567,PANW,2023-07-31,308300000
1327567,PANW,2023-10-31,313700000
1327567,PANW,2024-01-31,322700000
1327567,PANW,2024-04-30,323400000
1327567,PANW,2024-07-31,650200000
1327567,PANW,2024-10-31,327700000
1327567,PANW,2025-01-31,660400000
1327567,PANW,2025-04-30,665900000
1327567,PANW,2025-07-31,668000000
1327567,PANW,2025-10-31,692000000
1327567,PANW,2026-01-31,703000000
1327567,PANW,2026-04-30,813000000
1327567,PANW,2026-07-31,815000000
723531,PAYX,2009-05-31,360976000
723531,PAYX,2009-08-31,361382000
723531,PAYX,2009-11-30,361407000
723531,PAYX,2010-02-28,361421000
723531,PAYX,2010-05-31,361500000
723531,PAYX,2010-08-31,361700000
723531,PAYX,2010-11-30,361700000
723531,PAYX,2011-02-28,361800000
723531,PAYX,2011-05-31,362100000
723531,PAYX,2011-08-31,362400000
723531,PAYX,2011-11-30,362400000
723531,PAYX,2012-02-29,362500000
723531,PAYX,2012-05-31,362600000
723531,PAYX,2012-08-31,363500000
723531,PAYX,2012-11-30,363700000
723531,PAYX,2013-02-28,363900000
723531,PAYX,2013-05-31,365400000
723531,PAYX,2013-08-31,365200000
723531,PAYX,2013-11-30,364200000
723531,PAYX,2014-02-28,363700000
723531,PAYX,2014-05-31,363000000
723531,PAYX,2014-08-31,362800000
723531,PAYX,2014-11-30,363100000
723531,PAYX,2015-02-28,363200000
723531,PAYX,2015-05-31,361200000
723531,PAYX,2015-08-31,360500000
723531,PAYX,2015-11-30,360900000
723531,PAYX,2016-02-29,360100000
723531,PAYX,2016-05-31,360400000
723531,PAYX,2016-08-31,361700000
723531,PAYX,2016-11-30,358800000
723531,PAYX,2017-02-28,359200000
723531,PAYX,2017-05-31,359400000
723531,PAYX,2017-08-31,358900000
723531,PAYX,2017-11-30,359200000
723531,PAYX,2018-02-28,359300000
723531,PAYX,2018-05-31,359000000
723531,PAYX,2018-08-31,359000000
723531,PAYX,2018-11-30,359100000
723531,PAYX,2019-02-28,359400000
723531,PAYX,2019-05-31,359300000
723531,PAYX,2019-08-31,357900000
723531,PAYX,2019-11-30,358400000
723531,PAYX,2020-02-29,358700000
723531,PAYX,2020-05-31,358800000
723531,PAYX,2020-08-31,359500000
723531,PAYX,2020-11-30,360600000
723531,PAYX,2021-02-28,360300000
723531,PAYX,2021-05-31,359800000
723531,PAYX,2021-08-31,360600000
723531,PAYX,2021-11-30,360800000
723531,PAYX,2022-02-28,361000000
723531,PAYX,2022-05-31,359900000
723531,PAYX,2022-08-31,360400000
723531,PAYX,2022-11-30,360500000
723531,PAYX,2023-02-28,360500000
723531,PAYX,2023-05-31,360500000
723531,PAYX,2023-08-31,361200000
723531,PAYX,2023-11-30,359800000
723531,PAYX,2024-02-29,360000000
723531,PAYX,2024-05-31,360100000
723531,PAYX,2024-08-31,359900000
723531,PAYX,2024-11-30,360100000
723531,PAYX,2025-02-28,360200000
723531,PAYX,2025-05-31,360500000
723531,PAYX,2025-08-31,359900000
723531,PAYX,2025-11-30,359000000
723531,PAYX,2026-02-28,358300000
723531,PAYX,2026-05-31,355600000
723531,PAYX,2026-08-31,356000000
1004980,PCG,2009-12-31,371272457
1004980,PCG,2010-06-30,390103473
1004980,PCG,2010-09-30,391530616
1004980,PCG,2010-12-31,395227205
1004980,PCG,2011-03-31,397453525
1004980,PCG,2011-06-30,401657362
1004980,PCG,2011-09-30,405169162
1004980,PCG,2011-12-31,412257082
1004980,PCG,2012-03-31,421777738
1004980,PCG,2012-06-30,425996481000000
1004980,PCG,2012-09-30,429357175000000
1004980,PCG,2012-12-31,430718293
1004980,PCG,2013-03-31,441509054000000
1004980,PCG,2013-06-30,444717704
1004980,PCG,2013-09-30,448590070
1004980,PCG,2013-12-31,456670424
1004980,PCG,2014-03-31,464263173
1004980,PCG,2014-06-30,470950685
1004980,PCG,2014-09-30,474534357
1004980,PCG,2014-12-31,475913404
1004980,PCG,2015-03-31,479490832000000
1004980,PCG,2015-06-30,481575453000000
1004980,PCG,2015-09-30,490177833000000
1004980,PCG,2015-12-31,492025443
1004980,PCG,2016-03-31,495606702000000
1004980,PCG,2016-06-30,498143219000000
1004980,PCG,2016-09-30,505183752000000
1004980,PCG,2016-12-31,506891874
1004980,PCG,2017-03-31,510610267000000
1004980,PCG,2017-06-30,512220726000000
1004980,PCG,2017-09-30,513773072000000
1004980,PCG,2017-12-31,514755845
1004980,PCG,2018-03-31,516003957
1004980,PCG,2018-06-30,517102983
1004980,PCG,2018-09-30,517102983
1004980,PCG,2018-12-31,520338710
1004980,PCG,2019-03-31,529210278
1004980,PCG,2019-06-30,529223793
1004980,PCG,2019-09-30,529229517
1004980,PCG,2019-12-31,529236741
1004980,PCG,2020-03-31,529785896
1004980,PCG,2020-06-30,529793355
1004980,PCG,2020-09-30,1984562035
1004980,PCG,2020-12-31,1984678673
1004980,PCG,2021-03-31,1985105703
1004980,PCG,2021-06-30,1985273048
1004980,PCG,2021-09-30,1985369201
1004980,PCG,2021-12-31,1985400540
1004980,PCG,2022-03-31,1987472590
1004980,PCG,2022-06-30,1987668220
1004980,PCG,2022-09-30,1987700085
1004980,PCG,2022-12-31,1987784948
1004980,PCG,2023-03-31,1995774083
1004980,PCG,2023-06-30,2062781659
1004980,PCG,2023-09-30,2133508181
1004980,PCG,2023-12-31,2133597758
1004980,PCG,2024-03-31,2137156228
1004980,PCG,2024-06-30,2137460355
1004980,PCG,2024-09-30,2137544854
1004980,PCG,2024-12-31,2193573536
1004980,PCG,2025-03-31,2197685013
1004980,PCG,2025-06-30,2197837402
1004980,PCG,2025-09-30,2197837402
1004980,PCG,2025-12-31,2197942874
1004980,PCG,2026-03-31,2202224728
1004980,PCG,2026-06-30,2202366726
788784,PEG,2009-12-31,505989630
788784,PEG,2010-12-31,505974223
788784,PEG,2011-12-31,505945286
788784,PEG,2012-12-31,505892472
788784,PEG,2013-12-31,505857262
788784,PEG,2014-12-31,505836592
788784,PEG,2015-12-31,505282421
788784,PEG,2016-12-31,504.866212
788784,PEG,2017-12-31,505
788784,PEG,2018-12-31,504
788784,PEG,2019-12-31,504000000
788784,PEG,2020-12-31,504000000
788784,PEG,2021-12-31,504000000
788784,PEG,2022-12-31,497000000
788784,PEG,2023-12-31,498000000
788784,PEG,2024-12-31,498000000
788784,PEG,2025-12-31,498000000
1126328,PFG,2008-12-31,259300000
1126328,PFG,2009-06-30,318300000
1126328,PFG,2009-09-30,318900000
1126328,PFG,2009-12-31,319000000
1126328,PFG,2010-03-31,319700000
1126328,PFG,2010-06-30,319800000
1126328,PFG,2010-09-30,320300000
1126328,PFG,2010-12-31,320400000
1126328,PFG,2011-03-31,321300000
1126328,PFG,2011-06-30,313700000
1126328,PFG,2011-09-30,305100000
1126328,PFG,2011-12-31,301100000
1126328,PFG,2012-03-31,300900000
1126328,PFG,2012-06-30,295600000
1126328,PFG,2012-09-30,293600000
1126328,PFG,2012-12-31,293800000
1126328,PFG,2013-03-31,293300000
1126328,PFG,2013-06-30,293900000
1126328,PFG,2013-09-30,293900000
1126328,PFG,2013-12-31,295200000
1126328,PFG,2014-03-31,294800000
1126328,PFG,2014-06-30,293800000
1126328,PFG,2014-09-30,293600000
1126328,PFG,2014-12-31,293900000
1126328,PFG,2015-03-31,294400000
1126328,PFG,2015-06-30,294700000
1126328,PFG,2015-09-30,293500000
1126328,PFG,2015-12-31,291400000
1126328,PFG,2016-03-31,290400000
1126328,PFG,2016-06-30,288000000
1126328,PFG,2016-09-30,287700000
1126328,PFG,2016-12-31,287700000
1126328,PFG,2017-03-31,288100000
1126328,PFG,2017-06-30,288600000
1126328,PFG,2017-09-30,288500000
1126328,PFG,2017-12-31,289000000
1126328,PFG,2018-03-31,287700000
1126328,PFG,2018-06-30,284600000
1126328,PFG,2018-09-30,283600000
1126328,PFG,2018-12-31,279500000
1126328,PFG,2019-03-31,278200000
1126328,PFG,2019-06-30,278600000
1126328,PFG,2019-09-30,278000000
1126328,PFG,2019-12-31,276600000
1126328,PFG,2020-03-31,273400000
1126328,PFG,2020-06-30,274000000
1126328,PFG,2020-09-30,274500000
1126328,PFG,2020-12-31,273300000
1126328,PFG,2021-03-31,272500000
1126328,PFG,2021-06-30,269000000
1126328,PFG,2021-09-30,266100000
1126328,PFG,2021-12-31,261700000
1126328,PFG,2022-03-31,252200000
1126328,PFG,2022-06-30,249900000
1126328,PFG,2022-09-30,244900000
1126328,PFG,2022-12-31,243549782
1126328,PFG,2023-03-31,243100000
1126328,PFG,2023-06-30,242000000
1126328,PFG,2023-09-30,239657860
1126328,PFG,2023-12-31,236438294
1126328,PFG,2024-03-31,235032781
1126328,PFG,2024-06-30,232293387
1126328,PFG,2024-09-30,229291302
1126328,PFG,2024-12-31,226225161
1126328,PFG,2025-03-31,224971715
1126328,PFG,2025-06-30,223185689
1126328,PFG,2025-09-30,220516810
1126328,PFG,2025-12-31,217380912
1126328,PFG,2026-03-31,216449333
822416,PHM,2009-12-31,380690487
822416,PHM,2010-12-31,382027940
822416,PHM,2011-12-31,382607543
822416,PHM,2012-12-31,386608436
822416,PHM,2013-12-31,381299600
822416,PHM,2014-12-31,369458530
822416,PHM,2015-12-31,349148351
822416,PHM,2016-12-31,319089720
822416,PHM,2017-12-31,286752436
822416,PHM,2018-12-31,277109507
822416,PHM,2019-12-31,270235297
822416,PHM,2020-12-31,266464063
822416,PHM,2021-12-31,249325873
822416,PHM,2022-12-31,225840443
822416,PHM,2023-12-31,212557522
822416,PHM,2024-12-31,202912881
822416,PHM,2025-12-31,192724978
1045609,PLD,2010-12-31,254482000
1045609,PLD,2011-06-02,571400000
1045609,PLD,2011-09-30,458254000
1045609,PLD,2011-12-31,459401000
1045609,PLD,2012-03-31,459555000
1045609,PLD,2012-06-30,460624000
1045609,PLD,2012-09-30,460897000
1045609,PLD,2012-12-31,461770000
1045609,PLD,2013-03-31,462446000
1045609,PLD,2013-06-30,498597000
1045609,PLD,2013-09-30,498603000
1045609,PLD,2013-12-31,498799000
1045609,PLD,2014-03-31,499651000
1045609,PLD,2014-06-30,499816000
1045609,PLD,2014-09-30,499953000
1045609,PLD,2014-12-31,509498000
1045609,PLD,2015-03-31,524037000
1045609,PLD,2015-06-30,524122000
1045609,PLD,2015-09-30,524186000
1045609,PLD,2015-12-31,524512000
1045609,PLD,2016-03-31,525132000
1045609,PLD,2016-06-30,526461000
1045609,PLD,2016-09-30,528599000
1045609,PLD,2016-12-31,528671000
1045609,PLD,2017-03-31,530213000
1045609,PLD,2017-06-30,531338000
1045609,PLD,2017-09-30,532081000
1045609,PLD,2017-12-31,532186000
1045609,PLD,2018-03-31,533107000
1045609,PLD,2018-06-30,533303000
1045609,PLD,2018-09-30,629522000
1045609,PLD,2018-12-31,629616000
1045609,PLD,2019-03-31,630743000
1045609,PLD,2019-06-30,631054000
1045609,PLD,2019-09-30,631743000
1045609,PLD,2019-12-31,631797000
1045609,PLD,2020-03-31,738563000
1045609,PLD,2020-06-30,738732000
1045609,PLD,2020-09-30,738965000
1045609,PLD,2020-12-31,739381000
1045609,PLD,2021-03-31,739746000
1045609,PLD,2021-06-30,739020000
1045609,PLD,2021-09-30,739323000
1045609,PLD,2021-12-31,739827000
1045609,PLD,2022-03-31,740189000
1045609,PLD,2022-06-30,740360000
1045609,PLD,2022-09-30,740411000
1045609,PLD,2022-12-31,923142000
1045609,PLD,2023-03-31,923453000
1045609,PLD,2023-06-30,923861000
1045609,PLD,2023-09-30,923974000
1045609,PLD,2023-12-31,924391000
1045609,PLD,2024-03-31,925790000
1045609,PLD,2024-06-30,925880000
1045609,PLD,2024-09-30,926146000
1045609,PLD,2024-12-31,926283000
1045609,PLD,2025-03-31,927882000
1045609,PLD,2025-06-30,928037000
1045609,PLD,2025-09-30,928664000
1045609,PLD,2025-12-31,929153000
1045609,PLD,2026-03-31,932283000
1321655,PLTR,2019-12-31,581497116
1321655,PLTR,2020-09-30,1726685755
1321655,PLTR,2020-12-31,1792140000
1321655,PLTR,2021-03-31,1860607000
1321655,PLTR,2021-06-30,1936578000
1321655,PLTR,2021-09-30,1991118000
1321655,PLTR,2021-12-31,2027474000
1321655,PLTR,2022-03-31,2045876000
1321655,PLTR,2022-06-30,2062741000
1321655,PLTR,2022-09-30,2079664000
1321655,PLTR,2022-12-31,2099075000
1321655,PLTR,2023-03-31,2117730000
1321655,PLTR,2023-06-30,2149980000
1321655,PLTR,2023-09-30,2175241000
1321655,PLTR,2023-12-31,2200128000
1321655,PLTR,2024-03-31,2226963000
1321655,PLTR,2024-06-30,2237939000
1321655,PLTR,2024-09-30,2269809000
1321655,PLTR,2024-12-31,2338795000
1321655,PLTR,2025-03-31,2359663000
1321655,PLTR,2025-06-30,2371847000
1321655,PLTR,2025-09-30,2383314000
1321655,PLTR,2025-12-31,2391192000
1321655,PLTR,2026-03-31,2397133000
1321655,PLTR,2026-06-30,2402897000
1413329,PM,2008-03-28,2108901789
1413329,PM,2008-12-31,2007263060
1413329,PM,2009-12-31,1887164503
1413329,PM,2010-12-31,1801783490
713676,PNC,2014-12-31,523000000
77360,PNR,2009-06-27,98315830
77360,PNR,2009-09-26,98340837
77360,PNR,2009-12-31,98655506
77360,PNR,2010-04-03,98650967
77360,PNR,2010-07-03,98701186
77360,PNR,2010-10-02,98960604
77360,PNR,2010-12-31,98409192
77360,PNR,2011-04-02,98419314
77360,PNR,2011-07-02,98766335
77360,PNR,2011-10-01,98566023
77360,PNR,2011-12-31,98622564
77360,PNR,2012-03-31,99048375
77360,PNR,2012-06-30,99204048
1145197,PODD,2010-12-31,45440839
1145197,PODD,2011-06-30,47254163
1145197,PODD,2011-09-30,47386448
1145197,PODD,2011-12-31,47504131
1145197,PODD,2012-03-31,47712076
1145197,PODD,2012-06-30,47915851
1145197,PODD,2012-09-30,48114876
1145197,PODD,2012-12-31,48359063
1145197,PODD,2013-03-31,53301450
1145197,PODD,2013-06-30,54329612
1145197,PODD,2013-09-30,54521310
1145197,PODD,2013-12-31,54870424
1145197,PODD,2014-03-31,55261626
1145197,PODD,2014-06-30,55495352
1145197,PODD,2014-09-30,56040361
1145197,PODD,2014-12-31,56299022
1145197,PODD,2015-03-31,56704347
1145197,PODD,2015-06-30,56876012
1145197,PODD,2015-09-30,56914557
1145197,PODD,2015-12-31,56954830
1145197,PODD,2016-03-31,57112482
1145197,PODD,2016-06-30,57240894
1145197,PODD,2016-09-30,57418432
1145197,PODD,2016-12-31,57457967
1145197,PODD,2017-03-31,57912745
1145197,PODD,2017-06-30,58044088
1145197,PODD,2017-09-30,58156128
1145197,PODD,2017-12-31,58319348
1145197,PODD,2018-03-31,58723242
1145197,PODD,2018-06-30,58975395
1145197,PODD,2018-09-30,59068586
1145197,PODD,2018-12-31,59188758
1145197,PODD,2019-03-31,59638439
1145197,PODD,2019-06-30,60149926
1145197,PODD,2019-09-30,61786969
1145197,PODD,2019-12-31,62685000
1145197,PODD,2020-03-31,63057874
1145197,PODD,2020-06-30,65604347
1145197,PODD,2020-09-30,65871736
1145197,PODD,2020-12-31,66017444
1145197,PODD,2021-03-31,66213670
1145197,PODD,2021-06-30,68610078
1145197,PODD,2021-09-30,68921847
1145197,PODD,2021-12-31,69178691
1145197,PODD,2022-03-31,69320427
1145197,PODD,2022-06-30,69386057
1145197,PODD,2022-09-30,69431159
1145197,PODD,2022-12-31,69511286
1145197,PODD,2023-03-31,69694363
1145197,PODD,2023-06-30,69804489
1145197,PODD,2023-09-30,69825875
1145197,PODD,2023-12-31,69907289
1145197,PODD,2024-03-31,70020202
1145197,PODD,2024-06-30,70112039
1145197,PODD,2024-09-30,70141692
1145197,PODD,2024-12-31,70196031
1145197,PODD,2025-03-31,70361846
1145197,PODD,2025-12-31,70390816
79879,PPG,2007-12-31,163800668
79879,PPG,2008-12-31,164198633
79879,PPG,2009-12-31,165667659
79879,PPG,2010-12-31,160381815
79879,PPG,2011-12-31,151888780
79879,PPG,2012-12-31,307132594
79879,PPG,2013-12-31,277292764
79879,PPG,2014-03-31,138260149
79879,PPG,2014-12-31,271964566
79879,PPG,2015-12-31,266876009
79879,PPG,2016-12-31,257330160
79879,PPG,2017-12-31,251174399
79879,PPG,2018-12-31,235861434
79879,PPG,2019-12-31,235680470
79879,PPG,2020-12-31,236686265
79879,PPG,2021-12-31,235907026
79879,PPG,2022-12-31,235073926
79879,PPG,2023-12-31,235210854
79879,PPG,2024-12-31,229927883
79879,PPG,2025-12-31,223426948
922224,PPL,2008-12-31,374581000
922224,PPL,2009-09-30,376639000
922224,PPL,2009-12-31,377183000
922224,PPL,2010-03-31,378131000
922224,PPL,2010-09-30,482813000
922224,PPL,2010-12-31,483391000
922224,PPL,2011-03-31,484618000
922224,PPL,2011-06-30,577265000
922224,PPL,2011-09-30,577844000
922224,PPL,2011-12-31,578405000
922224,PPL,2012-03-31,579520000
922224,PPL,2012-06-30,580213000
922224,PPL,2012-09-30,580970000
922224,PPL,2012-12-31,581944000
922224,PPL,2013-03-31,583214000
922224,PPL,2013-06-30,591622000
922224,PPL,2013-09-30,630239000
922224,PPL,2013-12-31,630321000
922224,PPL,2014-03-31,631417000
922224,PPL,2014-06-30,664018000
922224,PPL,2014-09-30,664653000
922224,PPL,2014-12-31,665849000
922224,PPL,2015-03-31,667713000
922224,PPL,2015-06-30,669514000
922224,PPL,2015-09-30,671792000
922224,PPL,2015-12-31,673857000
922224,PPL,2016-03-31,676384000
922224,PPL,2016-06-30,677549000
922224,PPL,2016-09-30,679268000
922224,PPL,2016-12-31,679731000
922224,PPL,2017-03-31,682427000
922224,PPL,2017-06-30,685473000
922224,PPL,2017-09-30,688133000
922224,PPL,2017-12-31,693398000
922224,PPL,2018-03-31,697383000
922224,PPL,2018-06-30,699128000
922224,PPL,2018-09-30,719702000
922224,PPL,2018-12-31,720323000
922224,PPL,2019-03-31,721371000
922224,PPL,2019-06-30,721840000
922224,PPL,2019-09-30,722307000
922224,PPL,2019-12-31,767233000
922224,PPL,2020-03-31,768266000
922224,PPL,2020-06-30,768783000
922224,PPL,2020-09-30,768797000
922224,PPL,2020-12-31,768907000
922224,PPL,2021-03-31,769427000
922224,PPL,2021-06-30,769564000
922224,PPL,2021-09-30,760109000
922224,PPL,2021-12-31,735112000
922224,PPL,2022-03-31,735765000
922224,PPL,2022-06-30,736157000
922224,PPL,2022-09-30,736311000
922224,PPL,2022-12-31,736487000
922224,PPL,2023-03-31,737067000
922224,PPL,2023-06-30,737086000
922224,PPL,2023-09-30,737124000
922224,PPL,2023-12-31,737130000
922224,PPL,2024-03-31,737736000
922224,PPL,2024-06-30,737762000
922224,PPL,2024-09-30,737778000
922224,PPL,2024-12-31,738033000
922224,PPL,2025-03-31,739066000
922224,PPL,2025-06-30,739306000
922224,PPL,2025-09-30,739545000
922224,PPL,2025-12-31,751041000
922224,PPL,2026-03-31,752178000
1393311,PSA,2008-12-31,168279732
1393311,PSA,2009-09-30,168392420
1393311,PSA,2009-12-31,168405539
1393311,PSA,2010-03-31,168657595
1393311,PSA,2010-06-30,168954925
1393311,PSA,2010-09-30,169174859
1393311,PSA,2010-12-31,169252819
1393311,PSA,2011-03-31,169470524
1393311,PSA,2011-06-30,169507379
1393311,PSA,2011-09-30,170036247
1393311,PSA,2011-12-31,170238805
1393311,PSA,2012-03-31,170449508
1393311,PSA,2012-06-30,170543534
1393311,PSA,2012-09-30,170634560
1393311,PSA,2012-12-31,171388286
1393311,PSA,2013-03-31,171534957
1393311,PSA,2013-06-30,171705912
1393311,PSA,2013-09-30,171760994
1393311,PSA,2013-12-31,171776291
1393311,PSA,2014-03-31,172236050
1393311,PSA,2014-06-30,172339168
1393311,PSA,2014-09-30,172418434
1393311,PSA,2014-12-31,172445554
1393311,PSA,2015-03-31,172594849
1393311,PSA,2015-06-30,172664710
1393311,PSA,2015-09-30,172853700
1393311,PSA,2015-12-31,172921241
1393311,PSA,2016-03-31,173078782
1393311,PSA,2016-06-30,173098015
1393311,PSA,2016-09-30,173137424
1393311,PSA,2016-12-31,173288787
1393311,PSA,2017-03-31,173543322
1393311,PSA,2017-06-30,173699438
1393311,PSA,2017-09-30,173738808
1393311,PSA,2017-12-31,173853370
1393311,PSA,2018-03-31,173927759
1393311,PSA,2018-06-30,173937035
1393311,PSA,2018-09-30,174059645
1393311,PSA,2018-12-31,174130881
1393311,PSA,2019-03-31,174215292
1393311,PSA,2019-06-30,174294523
1393311,PSA,2019-09-30,174378478
1393311,PSA,2019-12-31,174418615
1393311,PSA,2020-03-31,174475022
1393311,PSA,2020-06-30,174498918
1393311,PSA,2020-09-30,174512070
1393311,PSA,2020-12-31,174581742
1393311,PSA,2021-03-31,174651004
1393311,PSA,2021-06-30,174864437
1393311,PSA,2021-09-30,175048260
1393311,PSA,2021-12-31,175134455
1393311,PSA,2022-03-31,175212439
1393311,PSA,2022-06-30,175239263
1393311,PSA,2022-09-30,175336452
1393311,PSA,2022-12-31,175265668
1393311,PSA,2023-03-31,175466222
1393311,PSA,2023-06-30,175492886
1393311,PSA,2023-09-30,175501315
1393311,PSA,2023-12-31,175670727
1393311,PSA,2024-03-31,175723561
2041610,PSKY,2025-03-31,1000
2041610,PSKY,2025-06-30,1000
857005,PTC,2009-09-30,115950000
857005,PTC,2010-07-03,115283000
857005,PTC,2010-09-30,115826000
857005,PTC,2011-01-01,118021000
857005,PTC,2011-04-02,118783000
857005,PTC,2011-07-02,117517000
857005,PTC,2011-09-30,116937000
857005,PTC,2011-12-31,118620000
857005,PTC,2012-03-31,119487000
857005,PTC,2012-06-30,118794000
857005,PTC,2012-09-30,119553000
857005,PTC,2012-12-29,119553000
857005,PTC,2013-03-30,119585000
857005,PTC,2013-06-29,119018000
857005,PTC,2013-09-30,118446000
857005,PTC,2013-12-28,119513000
857005,PTC,2014-03-29,118618000
857005,PTC,2014-06-28,117304000
857005,PTC,2014-09-30,115025000
857005,PTC,2015-01-03,114927000
857005,PTC,2015-04-04,114985000
857005,PTC,2015-07-04,114165000
857005,PTC,2015-09-30,113745000
857005,PTC,2016-01-02,114532000
857005,PTC,2016-04-02,114621000
857005,PTC,2016-07-02,114952000
857005,PTC,2016-09-30,114968000
857005,PTC,2016-12-31,115606000
857005,PTC,2017-04-01,115808000
857005,PTC,2017-07-01,115454000
857005,PTC,2017-09-30,115333000
857005,PTC,2017-12-30,116126000
857005,PTC,2018-03-31,116338000
857005,PTC,2018-06-30,115491000
857005,PTC,2018-09-30,117981000
857005,PTC,2018-12-29,118567000
857005,PTC,2019-03-30,118098000
857005,PTC,2019-06-29,115111000
857005,PTC,2019-09-30,114899000
857005,PTC,2019-12-28,115494000
857005,PTC,2020-03-28,115695000
857005,PTC,2020-06-27,115976000
857005,PTC,2020-09-30,116125000
857005,PTC,2020-12-31,116664000
857005,PTC,2021-03-31,116855000
857005,PTC,2021-06-30,117280000
857005,PTC,2021-09-30,117163000
857005,PTC,2021-12-31,116870000
857005,PTC,2022-03-31,116976000
857005,PTC,2022-06-30,117362000
857005,PTC,2022-09-30,117472000
857005,PTC,2022-12-31,118161000
857005,PTC,2023-03-31,118334000
857005,PTC,2023-06-30,118731000
857005,PTC,2023-09-30,118846000
857005,PTC,2023-12-31,119445000
857005,PTC,2024-03-31,119717000
857005,PTC,2024-06-30,120049000
857005,PTC,2024-09-30,120155000
857005,PTC,2024-12-31,120219000
857005,PTC,2025-03-31,119926000
857005,PTC,2025-06-30,119790000
857005,PTC,2025-09-30,119536000
857005,PTC,2025-12-31,118892000
857005,PTC,2026-03-31,115498000
857005,PTC,2026-06-30,110717000
1050915,PWR,2008-12-31,196928203
1050915,PWR,2009-06-30,197654372
1050915,PWR,2009-09-30,198067674
1050915,PWR,2009-12-31,209378308
1050915,PWR,2010-03-31,210259275
1050915,PWR,2010-06-30,210537421
1050915,PWR,2010-09-30,210529056
1050915,PWR,2010-12-31,211138091
1050915,PWR,2011-03-31,211735631
1050915,PWR,2011-06-30,207322265
1050915,PWR,2011-09-30,205648831
1050915,PWR,2011-12-31,206203005
1050915,PWR,2012-03-31,208449333
1050915,PWR,2012-06-30,209211829
1050915,PWR,2012-09-30,209255389
1050915,PWR,2012-12-31,209270586
1050915,PWR,2013-03-31,209440854
1050915,PWR,2013-06-30,209478759
1050915,PWR,2013-09-30,210230028
1050915,PWR,2013-12-31,212942767
1050915,PWR,2014-03-31,213450109
1050915,PWR,2014-06-30,212225153
1050915,PWR,2014-09-30,212462599
1050915,PWR,2014-12-31,210819790
1050915,PWR,2015-03-31,204495383
1050915,PWR,2015-06-30,198674187
1050915,PWR,2015-09-30,156457392
1050915,PWR,2015-12-31,152907166
1050915,PWR,2016-03-31,153563738
1050915,PWR,2016-06-30,144194115
1050915,PWR,2016-09-30,144552571
1050915,PWR,2016-12-31,144710773
1050915,PWR,2017-03-31,148109496
1050915,PWR,2017-06-30,148490467
1050915,PWR,2017-09-30,151206729
1050915,PWR,2017-12-31,153342326
1050915,PWR,2018-03-31,149600337
1050915,PWR,2018-06-30,149088134
1050915,PWR,2018-09-30,148720481
1050915,PWR,2020-12-31,138300191
1050915,PWR,2021-03-31,139446849
1050915,PWR,2021-06-30,139197724
1050915,PWR,2021-09-30,139111888
1050915,PWR,2021-12-31,142633934
1050915,PWR,2022-03-31,143765604
1050915,PWR,2022-06-30,143080328
1050915,PWR,2022-09-30,142963107
1050915,PWR,2022-12-31,142930598
1050915,PWR,2023-03-31,145160159
1050915,PWR,2023-06-30,145196458
1050915,PWR,2023-09-30,145268038
1050915,PWR,2023-12-31,145508549
1050915,PWR,2024-03-31,146384210
1050915,PWR,2024-06-30,146444031
1050915,PWR,2024-09-30,147601543
1050915,PWR,2024-12-31,147678512
1050915,PWR,2025-03-31,148263499
1050915,PWR,2025-06-30,148482012
1050915,PWR,2025-09-30,149113220
1050915,PWR,2025-12-31,149577564
1050915,PWR,2026-03-31,150056336
1050915,PWR,2026-06-30,150273799
1633917,PYPL,2014-12-31,1218000000
1633917,PYPL,2015-09-30,1218000000
1633917,PYPL,2015-12-31,1224000000
1633917,PYPL,2016-03-31,1208000000
1633917,PYPL,2016-06-30,1207000000
1633917,PYPL,2016-09-30,1206000000
1633917,PYPL,2016-12-31,1207000000
1633917,PYPL,2017-03-31,1196000000
1633917,PYPL,2017-06-30,1202000000
1633917,PYPL,2017-09-30,1202000000
1633917,PYPL,2017-12-31,1200000000
1633917,PYPL,2018-03-31,1183000000
1633917,PYPL,2018-06-30,1184000000
1633917,PYPL,2018-09-30,1178000000
1633917,PYPL,2018-12-31,1174000000
1633917,PYPL,2019-03-31,1172000000
1633917,PYPL,2019-06-30,1177000000
1633917,PYPL,2019-09-30,1174000000
1633917,PYPL,2019-12-31,1173000000
1633917,PYPL,2020-03-31,1173000000
1633917,PYPL,2020-06-30,1173000000
1633917,PYPL,2020-09-30,1172000000
1633917,PYPL,2020-12-31,1172000000
1633917,PYPL,2021-03-31,1174000000
1633917,PYPL,2021-06-30,1175000000
1633917,PYPL,2021-09-30,1174000000
1633917,PYPL,2021-12-31,1168000000
1633917,PYPL,2022-03-31,1161000000
1633917,PYPL,2022-06-30,1156000000
1633917,PYPL,2022-09-30,1147000000
1633917,PYPL,2022-12-31,1136000000
1633917,PYPL,2023-03-31,1122000000
1633917,PYPL,2023-06-30,1102000000
1633917,PYPL,2023-09-30,1080000000
1633917,PYPL,2023-12-31,1072000000
1633917,PYPL,2024-03-31,1053000000
1633917,PYPL,2024-06-30,1032000000
1633917,PYPL,2024-09-30,1006000000
1633917,PYPL,2024-12-31,993000000
1633917,PYPL,2025-03-31,979000000
1633917,PYPL,2025-06-30,960000000
1633917,PYPL,2025-09-30,941000000
1633917,PYPL,2025-12-31,920000000
1633917,PYPL,2026-03-31,892000000
804328,QCOM,2008-09-28,1656000000
804328,QCOM,2009-06-28,1659000000
804328,QCOM,2009-09-27,1669000000
804328,QCOM,2009-12-27,1674
804328,QCOM,2010-03-28,1640000000
804328,QCOM,2010-06-27,1609000000
804328,QCOM,2010-09-26,1612000000
804328,QCOM,2010-12-26,1634000000
804328,QCOM,2011-03-27,1666000000
804328,QCOM,2011-06-26,1677000000
804328,QCOM,2011-09-25,1681000000
804328,QCOM,2011-12-25,1687000000
804328,QCOM,2012-03-25,1711000000
804328,QCOM,2012-06-24,1712000000
804328,QCOM,2012-09-30,1706000000
804328,QCOM,2012-12-30,1716000000
804328,QCOM,2013-03-31,1726000000
804328,QCOM,2013-06-30,1722000000
804328,QCOM,2013-09-29,1685000000
804328,QCOM,2013-12-29,1687000000
804328,QCOM,2014-03-30,1686000000
804328,QCOM,2014-06-29,1678000000
804328,QCOM,2014-09-28,1669000000
804328,QCOM,2014-12-28,1654000000
804328,QCOM,2015-03-29,1633000000
804328,QCOM,2015-06-28,1578000000
804328,QCOM,2015-09-27,1524000000
804328,QCOM,2015-12-27,1495000000
804328,QCOM,2016-03-27,1467000000
804328,QCOM,2016-06-26,1473000000
804328,QCOM,2016-09-25,1476000000
804328,QCOM,2016-12-25,1478000000
804328,QCOM,2017-03-26,1477000000
804328,QCOM,2017-06-25,1476000000
804328,QCOM,2017-09-24,1474000000
804328,QCOM,2017-12-24,1480000000
804328,QCOM,2018-03-25,1482000000
804328,QCOM,2018-06-24,1469000000
804328,QCOM,2018-09-30,1219000000
804328,QCOM,2018-12-30,1210000000
804328,QCOM,2019-03-31,1214000000
804328,QCOM,2019-06-30,1218000000
804328,QCOM,2019-09-29,1145000000
804328,QCOM,2019-12-29,1143000000
804328,QCOM,2020-03-29,1127000000
804328,QCOM,2020-06-28,1128000000
804328,QCOM,2020-09-27,1131000000
804328,QCOM,2020-12-27,1136000000
804328,QCOM,2021-03-28,1129000000
804328,QCOM,2021-06-27,1128000000
804328,QCOM,2021-09-26,1125000000
804328,QCOM,2021-12-26,1125000000
804328,QCOM,2022-03-27,1122000000
804328,QCOM,2022-06-26,1122000000
804328,QCOM,2022-09-25,1121000000
804328,QCOM,2022-12-25,1119000000
804328,QCOM,2023-03-26,1114000000
804328,QCOM,2023-06-25,1115000000
804328,QCOM,2023-09-24,1114000000
804328,QCOM,2023-12-24,1118000000
804328,QCOM,2024-03-24,1118000000
804328,QCOM,2024-06-23,1116000000
804328,QCOM,2024-09-29,1113000000
804328,QCOM,2024-12-29,1106000000
804328,QCOM,2025-03-30,1100000000
804328,QCOM,2025-06-29,1084000000
804328,QCOM,2025-09-28,1074000000
804328,QCOM,2025-12-28,1074000000
804328,QCOM,2026-03-29,1059000000
804328,QCOM,2026-06-28,1057000000
910606,REG,2023-12-31,184581070
910606,REG,2024-03-31,184774486
910606,REG,2024-06-30,181493494
910606,REG,2024-09-30,181502569
910606,REG,2024-12-31,181361454
910606,REG,2025-03-31,181525936
910606,REG,2025-06-30,181550531
910606,REG,2025-09-30,182232143
910606,REG,2025-12-31,182902234
910606,REG,2026-03-31,183088061
872589,REGN,2009-12-31,78860862
872589,REGN,2010-06-30,79923216
872589,REGN,2010-09-30,80042523
872589,REGN,2010-12-31,87238301
872589,REGN,2011-03-31,88548041
872589,REGN,2011-06-30,89416015
872589,REGN,2011-09-30,90418871
872589,REGN,2011-12-31,90692071
872589,REGN,2012-03-31,92969427000
872589,REGN,2012-06-30,93941788000
872589,REGN,2012-09-30,94410423
720005,RJF,2015-09-30,142750653
720005,RJF,2016-06-30,141298720
720005,RJF,2016-09-30,141544511
720005,RJF,2016-12-31,142930077
720005,RJF,2017-03-31,143542965
720005,RJF,2017-06-30,143853338
720005,RJF,2017-09-30,144096521
720005,RJF,2017-12-31,145153686
720005,RJF,2018-03-31,145551740
720005,RJF,2018-06-30,145754690
720005,RJF,2018-09-30,145642437
720005,RJF,2018-12-31,140616735
720005,RJF,2019-03-31,140439495
720005,RJF,2019-06-30,139666546
720005,RJF,2019-09-30,137841952
720005,RJF,2019-12-31,138937307
720005,RJF,2020-03-31,136787387
720005,RJF,2020-06-30,137025724
720005,RJF,2020-09-30,204900000
720005,RJF,2020-12-31,137378992
720005,RJF,2021-03-31,137155669
720005,RJF,2021-06-30,136948422
720005,RJF,2021-09-30,205700000
720005,RJF,2021-12-31,207465632
720005,RJF,2022-03-31,207897379
720005,RJF,2022-06-30,215478025
720005,RJF,2022-09-30,215100000
720005,RJF,2022-12-31,215000000
720005,RJF,2023-03-31,211600000
720005,RJF,2023-06-30,208500000
720005,RJF,2023-09-30,208800000
720005,RJF,2023-12-31,208700000
720005,RJF,2024-03-31,207300000
720005,RJF,2024-06-30,205600000
720005,RJF,2024-09-30,203300000
720005,RJF,2024-12-31,204600000
720005,RJF,2025-03-31,203100000
720005,RJF,2025-06-30,200000000
720005,RJF,2025-09-30,198139594
720005,RJF,2025-12-31,197000000
720005,RJF,2026-03-31,194600000
720005,RJF,2026-06-30,192124666
943819,RMD,2010-06-30,151345408
943819,RMD,2010-09-30,151801105
943819,RMD,2010-12-31,153467673
943819,RMD,2011-03-31,152668135
943819,RMD,2011-06-30,151668786
943819,RMD,2011-09-30,147771904
943819,RMD,2011-12-31,144679214
943819,RMD,2012-03-31,143336090
943819,RMD,2012-06-30,142021032
943819,RMD,2012-09-30,143057967
943819,RMD,2012-12-31,143384203
943819,RMD,2013-03-31,142652000
943819,RMD,2013-06-30,142013753
943819,RMD,2013-09-30,141970905
943819,RMD,2013-12-31,141592659
943819,RMD,2014-03-31,140291544
943819,RMD,2014-06-30,140304544
943819,RMD,2014-09-30,139752203
943819,RMD,2014-12-31,140383817
943819,RMD,2015-03-31,140855560
943819,RMD,2015-06-30,140474705
943819,RMD,2015-09-30,139539516
943819,RMD,2015-12-31,139994241
943819,RMD,2016-03-31,140367578
943819,RMD,2016-06-30,140660923
943819,RMD,2016-09-30,140888109
943819,RMD,2016-12-31,141611122
943819,RMD,2017-03-31,141784200
943819,RMD,2017-06-30,142174724
943819,RMD,2017-09-30,142263786
943819,RMD,2017-12-31,142891971
943819,RMD,2018-03-31,142723698
943819,RMD,2018-06-30,142679632
943819,RMD,2018-09-30,142494116
943819,RMD,2018-12-31,143279017
943819,RMD,2019-03-31,143345972
943819,RMD,2019-06-30,143654830
943819,RMD,2019-09-30,143769244
943819,RMD,2019-12-31,144598711
943819,RMD,2020-03-31,144662470
943819,RMD,2020-06-30,144887175
943819,RMD,2020-09-30,144908192
943819,RMD,2020-12-31,145504098
943819,RMD,2021-03-31,145516594
943819,RMD,2021-06-30,145648358
943819,RMD,2021-09-30,145711208
943819,RMD,2021-12-31,146212170
943819,RMD,2022-03-31,146266059
943819,RMD,2022-06-30,146410721
943819,RMD,2022-09-30,146459032
943819,RMD,2022-12-31,146901134
943819,RMD,2023-03-31,146924409
943819,RMD,2023-06-30,147064349
943819,RMD,2023-09-30,147085082
943819,RMD,2023-12-31,147087512
943819,RMD,2024-03-31,146886657
943819,RMD,2024-06-30,146901045
943819,RMD,2024-09-30,146776149
943819,RMD,2024-12-31,146856329
943819,RMD,2025-03-31,146618775
943819,RMD,2025-06-30,146385350
943819,RMD,2025-09-30,145940669
943819,RMD,2025-12-31,145661749
943819,RMD,2026-03-31,145040224
943819,RMD,2026-06-30,144239563
1024478,ROK,2007-09-30,149400000
1024478,ROK,2008-09-30,143200000
1024478,ROK,2009-09-30,142100000
1024478,ROK,2010-09-30,141700000
1024478,ROK,2011-09-30,141900000
1024478,ROK,2012-09-30,139800000
1024478,ROK,2013-09-30,138800000
1024478,ROK,2014-09-30,136700000
1024478,ROK,2015-09-30,132400000
1024478,ROK,2016-09-30,128500000
1024478,ROK,2017-09-30,128400000
1024478,ROK,2018-09-30,121000000
1024478,ROK,2019-09-30,115700000
1024478,ROK,2020-09-30,116200000
1024478,ROK,2021-09-30,116000000
1024478,ROK,2022-09-30,115200000
1024478,ROK,2023-09-30,114800000
1024478,ROK,2024-09-30,113100000
1024478,ROK,2025-09-30,112400000
84839,ROL,2011-12-31,146250934
84839,ROL,2012-09-30,146037869
84839,ROL,2012-12-31,146015082
84839,ROL,2013-03-31,146279384
84839,ROL,2013-06-30,146078156
84839,ROL,2013-09-30,145878996
84839,ROL,2013-12-31,145864443
84839,ROL,2014-03-31,146023560
84839,ROL,2014-06-30,145952711
84839,ROL,2014-09-30,145725975
84839,ROL,2014-12-31,218482907
84839,ROL,2015-03-10,218674578
84839,ROL,2015-03-31,218840608
84839,ROL,2015-06-30,218795370
84839,ROL,2015-09-30,218790533
84839,ROL,2015-12-31,218753011
84839,ROL,2016-03-09,145783052
84839,ROL,2016-03-10,218674578
84839,ROL,2016-03-31,218698370
84839,ROL,2016-06-30,218300161
84839,ROL,2016-09-30,217830498
84839,ROL,2016-12-31,217791511
84839,ROL,2017-03-31,218008975
84839,ROL,2017-06-30,217991142
84839,ROL,2017-09-30,217975154
84839,ROL,2017-12-31,217992177
84839,ROL,2018-03-31,218186439
84839,ROL,2018-06-30,218217444
84839,ROL,2018-09-30,218212261
84839,ROL,2018-12-31,327308079
84839,ROL,2019-03-31,327529782
84839,ROL,2019-06-30,327486383
84839,ROL,2019-09-30,327441726
84839,ROL,2019-12-31,491146269
84839,ROL,2020-03-31,327767449
84839,ROL,2020-06-30,327758819
84839,ROL,2020-09-30,327749009
84839,ROL,2020-12-31,491612059
84839,ROL,2021-03-31,492123516
84839,ROL,2021-06-30,492079290
84839,ROL,2021-09-30,492048685
84839,ROL,2021-12-31,491911087
84839,ROL,2022-03-31,492460649
84839,ROL,2022-06-30,492417332
84839,ROL,2022-09-30,492472436
84839,ROL,2022-12-31,492447997
84839,ROL,2023-03-31,492787005
84839,ROL,2023-06-30,492820761
84839,ROL,2023-09-30,484037858
84839,ROL,2023-12-31,484080014
84839,ROL,2024-03-31,484230396
84839,ROL,2024-06-30,484313840
84839,ROL,2024-09-30,484305525
84839,ROL,2024-12-31,484372303
84839,ROL,2025-03-31,484619254
84839,ROL,2025-06-30,484640136
84839,ROL,2025-09-30,484627681
84839,ROL,2025-12-31,481193751
84839,ROL,2026-03-31,481461825
84839,ROL,2026-06-30,481124063
882835,ROP,2008-12-31,89721000
882835,ROP,2009-12-31,93618000
882835,ROP,2010-12-31,95088000
882835,ROP,2011-12-31,96679000
882835,ROP,2012-12-31,98604000
882835,ROP,2013-12-31,99312
882835,ROP,2014-12-31,100126
882835,ROP,2015-12-31,100870
882835,ROP,2016-12-31,101672000
882835,ROP,2017-12-31,102500000
882835,ROP,2018-12-31,103400000
882835,ROP,2019-12-31,104100000
882835,ROP,2020-12-31,104900000
882835,ROP,2021-12-31,105500000
882835,ROP,2022-12-31,106100000
882835,ROP,2023-12-31,106900000
882835,ROP,2024-12-31,107300000
882835,ROP,2025-12-31,106600000
882835,ROP,2026-03-31,102400000
882835,ROP,2026-06-30,98900000
745732,ROST,2010-01-30,122929000
745732,ROST,2011-01-29,236126000
745732,ROST,2012-01-28,226864000
745732,ROST,2013-02-02,220721000
745732,ROST,2014-02-01,213420000
745732,ROST,2015-01-31,414939000
745732,ROST,2016-01-30,402339000
745732,ROST,2017-01-28,391893000
745732,ROST,2017-04-29,389431000
745732,ROST,2017-07-29,385923000
745732,ROST,2017-10-28,382437000
745732,ROST,2018-02-03,379618000
745732,ROST,2018-05-05,377079000
745732,ROST,2018-08-04,373868000
745732,ROST,2018-11-03,371058000
745732,ROST,2019-02-02,368242000
745732,ROST,2019-05-04,365260000
745732,ROST,2019-08-03,362166000
745732,ROST,2019-11-02,359378000
745732,ROST,2020-02-01,356775000
745732,ROST,2020-05-02,355922000
745732,ROST,2020-08-01,356006000
745732,ROST,2020-10-31,356449000
745732,ROST,2021-01-30,356503000
745732,ROST,2021-05-01,357117000
745732,ROST,2021-07-31,355698000
745732,ROST,2021-10-30,353694000
745732,ROST,2022-01-29,351720000
745732,ROST,2022-04-30,350327000
745732,ROST,2022-07-30,347552000
745732,ROST,2022-10-29,344808000
745732,ROST,2023-01-28,342753000
745732,ROST,2023-04-29,341045000
745732,ROST,2023-07-29,338982000
745732,ROST,2023-10-28,336952000
745732,ROST,2024-02-03,335172000
745732,ROST,2024-05-04,333922000
745732,ROST,2024-08-03,332075000
745732,ROST,2024-11-02,330258000
745732,ROST,2025-02-01,328813000
745732,ROST,2025-05-03,327384000
745732,ROST,2025-08-02,325531000
745732,ROST,2025-11-01,323735000
745732,ROST,2026-01-31,322333000
745732,ROST,2026-05-02,321035000
745732,ROST,2026-08-01,319668000
1060391,RSG,2018-12-31,351900000
1060391,RSG,2019-03-31,352800000
1060391,RSG,2019-06-30,353000000
1060391,RSG,2019-09-30,353300000
1060391,RSG,2019-12-31,353300000
1060391,RSG,2020-03-31,354000000
1060391,RSG,2020-06-30,354100000
1060391,RSG,2020-09-30,354400000
101829,RTX,2008-12-31,1370054
101829,RTX,2009-12-31,1381700
31791,RVTY,2010-01-03,117023000
31791,RVTY,2010-07-04,117910000
31791,RVTY,2010-10-03,118034000
31791,RVTY,2011-01-02,115715000
31791,RVTY,2011-04-03,112706000
31791,RVTY,2011-07-03,113077000
31791,RVTY,2011-10-02,113085000
31791,RVTY,2012-01-01,113157000
31791,RVTY,2012-04-01,113831000
31791,RVTY,2012-07-01,114060000
31791,RVTY,2012-09-30,114595000
31791,RVTY,2012-12-30,115036000
31791,RVTY,2013-03-31,111865000
31791,RVTY,2013-06-30,111999000
31791,RVTY,2013-09-29,112382000
31791,RVTY,2013-12-29,112626000
31791,RVTY,2014-03-30,113104000
31791,RVTY,2014-06-29,112875000
31791,RVTY,2014-09-28,112962000
31791,RVTY,2014-12-28,112481000
31791,RVTY,2015-03-29,113190000
31791,RVTY,2015-06-28,113355000
31791,RVTY,2015-10-04,111905000
31791,RVTY,2016-01-03,112481000
31791,RVTY,2016-04-03,109015000
31791,RVTY,2016-07-03,109394000
31791,RVTY,2016-10-02,109511000
31791,RVTY,2017-01-01,109617000
31791,RVTY,2017-04-02,109859000
31791,RVTY,2017-07-02,110196000
31791,RVTY,2017-10-01,110207000
31791,RVTY,2017-12-31,110361000
31791,RVTY,2018-04-01,110620000
31791,RVTY,2018-07-01,110716000
31791,RVTY,2018-09-30,111087000
31791,RVTY,2018-12-30,110361000
31791,RVTY,2019-03-31,110891000
31791,RVTY,2019-06-30,111071000
31791,RVTY,2019-09-29,111093000
31791,RVTY,2019-12-29,111140000
31791,RVTY,2020-04-05,111306000
31791,RVTY,2020-07-05,111501000
31791,RVTY,2020-10-04,111878000
31791,RVTY,2021-01-03,112090000
31791,RVTY,2021-04-04,112066000
31791,RVTY,2021-07-04,112025000
31791,RVTY,2021-10-03,126200000
31791,RVTY,2022-01-02,126241000
31791,RVTY,2022-04-03,126140000
31791,RVTY,2022-07-03,126218000
31791,RVTY,2022-10-02,126220000
31791,RVTY,2023-01-01,126300000
31791,RVTY,2023-04-02,125981000
31791,RVTY,2023-07-02,124347000
31791,RVTY,2023-10-01,123349000
31791,RVTY,2023-12-31,123426000
31791,RVTY,2024-03-31,123492000
31791,RVTY,2024-06-30,123368000
31791,RVTY,2024-09-29,122091000
31791,RVTY,2024-12-29,120646000
31791,RVTY,2025-03-30,119409000
31791,RVTY,2025-06-29,116331000
31791,RVTY,2025-09-28,114030000
31791,RVTY,2025-12-28,112281000
31791,RVTY,2026-04-05,111629000
31791,RVTY,2026-07-05,111584000
1034054,SBAC,2009-12-31,117082000
1034054,SBAC,2010-06-30,114591000
1034054,SBAC,2010-09-30,114926000
1034054,SBAC,2010-12-31,114832000
1034054,SBAC,2011-03-31,113320000
1034054,SBAC,2011-06-30,111449000
1034054,SBAC,2011-09-30,109357000
1034054,SBAC,2011-12-31,109675000
1034054,SBAC,2012-03-31,115974000
1034054,SBAC,2012-06-30,109675000
1034054,SBAC,2012-09-30,109675000
1034054,SBAC,2012-12-31,126933000
1034054,SBAC,2013-03-31,126933000
1034054,SBAC,2013-06-30,127784000
1034054,SBAC,2017-12-31,116446000
1034054,SBAC,2018-12-31,112433000
1034054,SBAC,2019-03-31,113205000
1034054,SBAC,2019-06-30,113090000
1034054,SBAC,2019-09-30,112604000
1034054,SBAC,2019-12-31,111775000
1034054,SBAC,2020-03-31,111559000
1034054,SBAC,2020-06-30,111918000
1034054,SBAC,2020-09-30,111443000
1034054,SBAC,2020-12-31,109819000
1034054,SBAC,2021-03-31,109331000
1034054,SBAC,2021-06-30,109534000
1034054,SBAC,2021-09-30,109480000
1034054,SBAC,2021-12-31,108956000
1034054,SBAC,2022-03-31,107806000
1034054,SBAC,2022-06-30,107872000
1034054,SBAC,2022-09-30,107964000
1034054,SBAC,2022-12-31,107997000
1034054,SBAC,2023-03-31,108326000
1034054,SBAC,2023-06-30,108381000
1034054,SBAC,2023-09-30,108120000
1034054,SBAC,2023-12-31,108050000
1034054,SBAC,2024-03-31,107880000
1034054,SBAC,2024-06-30,107471000
1034054,SBAC,2024-09-30,107506000
1034054,SBAC,2024-12-31,107561000
1034054,SBAC,2025-03-31,108028000
1034054,SBAC,2025-06-30,107487000
1034054,SBAC,2025-09-30,106773000
1034054,SBAC,2025-12-31,105666000
1034054,SBAC,2026-03-31,106063000
1034054,SBAC,2026-06-30,106088000
829224,SBUX,2008-09-28,735500000
829224,SBUX,2009-06-28,740100000
829224,SBUX,2009-09-27,742900000
829224,SBUX,2009-12-27,746500000
829224,SBUX,2010-03-28,748200000
829224,SBUX,2010-06-27,743700000
829224,SBUX,2010-10-03,742600000
829224,SBUX,2011-01-02,748800000
829224,SBUX,2011-04-03,748800000
829224,SBUX,2011-07-03,748400000
829224,SBUX,2011-10-02,744800000
829224,SBUX,2012-01-01,752600000
829224,SBUX,2012-04-01,757900000
829224,SBUX,2012-07-01,759800000
829224,SBUX,2012-09-30,749300000
829224,SBUX,2012-12-30,748900000
829224,SBUX,2013-03-31,748300000
829224,SBUX,2013-06-30,751100000
829224,SBUX,2013-09-29,753200000
829224,SBUX,2013-12-29,756500000
829224,SBUX,2014-03-30,754100000
829224,SBUX,2014-06-29,751000000
829224,SBUX,2014-09-28,1499100000
829224,SBUX,2014-12-28,750400000
829224,SBUX,2015-03-29,1501000000
829224,SBUX,2015-06-28,1490800000
829224,SBUX,2015-09-27,1485100000
829224,SBUX,2015-12-27,1485600000
829224,SBUX,2016-03-27,1464500000
829224,SBUX,2016-06-26,1466400000
829224,SBUX,2016-10-02,1460500000
829224,SBUX,2017-01-01,1457200000
829224,SBUX,2017-04-02,1447700000
829224,SBUX,2017-07-02,1445700000
829224,SBUX,2017-10-01,1431600000
829224,SBUX,2017-12-31,1407600000
829224,SBUX,2018-04-01,1382400000
829224,SBUX,2018-07-01,1366300000
829224,SBUX,2018-09-30,1309100000
829224,SBUX,2018-12-30,1243300000
829224,SBUX,2019-03-31,1210000000
829224,SBUX,2019-06-30,1206500000
829224,SBUX,2019-09-29,1184600000
829224,SBUX,2020-09-27,1173300000
829224,SBUX,2021-10-03,1180000000
829224,SBUX,2022-10-02,1147900000
829224,SBUX,2023-10-01,1142600000
829224,SBUX,2024-09-29,1133500000
829224,SBUX,2025-09-28,1136900000
89800,SHW,2007-12-31,122814241
89800,SHW,2008-06-30,117461490
89800,SHW,2008-09-30,116902299
89800,SHW,2008-12-31,117035117
89800,SHW,2009-03-31,117092100
89800,SHW,2009-06-30,116761783
89800,SHW,2009-09-30,113340736
89800,SHW,2009-12-31,109436869
89800,SHW,2010-03-31,109735117
89800,SHW,2010-06-30,108790303
89800,SHW,2010-09-30,107934798
89800,SHW,2010-12-31,107020728
89800,SHW,2011-03-31,106463621
89800,SHW,2011-06-30,106278767
89800,SHW,2011-09-30,103760672
89800,SHW,2011-12-31,103854234
89800,SHW,2012-03-31,103277120
89800,SHW,2012-06-30,102632285
89800,SHW,2012-09-30,103107051
89800,SHW,2012-12-31,103270067
89800,SHW,2013-03-31,103164522
89800,SHW,2013-06-30,102683128
89800,SHW,2013-09-30,101333029
89800,SHW,2013-12-31,100129380
89800,SHW,2014-03-31,99651879
89800,SHW,2014-06-30,97787954
89800,SHW,2014-09-30,95997693
89800,SHW,2014-12-31,94704173
89800,SHW,2015-03-31,93186295
89800,SHW,2015-06-30,93210645
89800,SHW,2015-09-30,93100515
89800,SHW,2015-12-31,92246525
89800,SHW,2016-03-31,92495113
89800,SHW,2016-06-30,92221707
89800,SHW,2016-09-30,92907741
89800,SHW,2016-12-31,93013031
89800,SHW,2017-03-31,93128304
89800,SHW,2017-06-30,93410169
89800,SHW,2017-09-30,93513916
89800,SHW,2017-12-31,93883645
89800,SHW,2018-03-31,93545689
89800,SHW,2018-06-30,93381022
89800,SHW,2018-09-30,93626317
89800,SHW,2018-12-31,93100000
89800,SHW,2019-03-31,92300000
89800,SHW,2019-06-30,92300000
89800,SHW,2019-09-30,92300000
89800,SHW,2019-12-31,276400000
89800,SHW,2020-03-31,272400000
89800,SHW,2020-06-30,273100000
89800,SHW,2020-09-30,272500000
89800,SHW,2020-12-31,268700000
89800,SHW,2021-03-31,265900000
89800,SHW,2021-06-30,263300000
89800,SHW,2021-09-30,262200000
89800,SHW,2021-12-31,261100000
89800,SHW,2022-03-31,260100000
89800,SHW,2022-06-30,259200000
89800,SHW,2022-09-30,259100000
89800,SHW,2022-12-31,258900000
89800,SHW,2023-03-31,257900000
89800,SHW,2023-06-30,257100000
89800,SHW,2023-09-30,256000000
89800,SHW,2023-12-31,254500000
89800,SHW,2024-03-31,253500000
89800,SHW,2024-06-30,252300000
89800,SHW,2024-09-30,251900000
89800,SHW,2024-12-31,251300000
89800,SHW,2025-03-31,250600000
89800,SHW,2025-06-30,249300000
89800,SHW,2025-09-30,247900000
89800,SHW,2025-12-31,247700000
89800,SHW,2026-03-31,246600000
89800,SHW,2026-06-30,242800000
91419,SJM,2010-04-30,119119152
91419,SJM,2010-07-31,119500209
91419,SJM,2010-10-31,119529429
91419,SJM,2011-01-31,115976074
91419,SJM,2011-04-30,114172122
91419,SJM,2011-07-31,114383657
91419,SJM,2011-10-31,113851792
91419,SJM,2012-01-31,113255750
91419,SJM,2012-04-30,110284715
91419,SJM,2012-07-31,110438142
91419,SJM,2012-10-31,108458847
91419,SJM,2013-01-31,108482773
91419,SJM,2013-04-30,106486935
91419,SJM,2013-07-31,105130165
91419,SJM,2013-10-31,105138908
91419,SJM,2014-01-31,104544135
91419,SJM,2014-04-30,101697400
91419,SJM,2014-07-31,101816841
91419,SJM,2014-10-31,101832539
91419,SJM,2015-01-31,101763058
91419,SJM,2015-03-23,120000000
91419,SJM,2015-04-30,119577333
91419,SJM,2015-07-31,119666563
91419,SJM,2015-10-31,119677175
91419,SJM,2016-01-31,119685003
91419,SJM,2016-04-30,116306894
91419,SJM,2016-07-31,116421484
91419,SJM,2016-10-31,116435507
91419,SJM,2017-01-31,116443204
91419,SJM,2017-04-30,113439553
91419,SJM,2017-07-31,113600000
91419,SJM,2017-10-31,113600000
91419,SJM,2018-01-31,113600000
91419,SJM,2018-04-30,113572840
91419,SJM,2018-07-31,113800000
91419,SJM,2018-10-31,113800000
91419,SJM,2019-01-31,113800000
91419,SJM,2019-04-30,113742296
91419,SJM,2019-07-31,114000000
91419,SJM,2019-10-31,114100000
91419,SJM,2020-01-31,114000000
91419,SJM,2020-04-30,114072726
91419,SJM,2020-07-31,114100000
91419,SJM,2020-10-31,114100000
91419,SJM,2021-01-31,109800000
91419,SJM,2021-04-30,108339057
91419,SJM,2021-07-31,108400000
91419,SJM,2021-10-31,108400000
91419,SJM,2022-01-31,108500000
91419,SJM,2022-04-30,106458317
91419,SJM,2022-07-31,106600000
91419,SJM,2022-10-31,106600000
91419,SJM,2023-01-31,106600000
91419,SJM,2023-04-30,104398618
91419,SJM,2023-07-31,102100000
91419,SJM,2023-10-31,102200000
91419,SJM,2024-01-31,106200000
91419,SJM,2024-04-30,106194281
91419,SJM,2024-07-31,106400000
91419,SJM,2024-10-31,106400000
91419,SJM,2025-01-31,106400000
91419,SJM,2025-04-30,106425081
91419,SJM,2025-07-31,106700000
91419,SJM,2025-10-31,106700000
91419,SJM,2026-01-31,106700000
91419,SJM,2026-04-30,106700000
91419,SJM,2026-07-31,106800000
87347,SLB,2009-12-31,1194812901
87347,SLB,2010-08-27,248000000
87347,SLB,2010-12-31,1361171428
87347,SLB,2011-12-31,1333775406
87347,SLB,2012-12-31,1328255773
87347,SLB,2013-12-31,1307330369
87347,SLB,2014-12-31,1275312404
87347,SLB,2015-12-31,1256367980
87347,SLB,2016-12-31,1391475510
87347,SLB,2017-12-31,1383932776
87347,SLB,2018-12-31,1382964324
87347,SLB,2019-12-31,1384515345
87347,SLB,2020-12-31,1392325960
87347,SLB,2021-12-31,1403381685
87347,SLB,2022-12-31,1420000000
87347,SLB,2023-12-31,1427000000
87347,SLB,2024-12-31,1400850420
87347,SLB,2025-12-31,1495000000
87347,SLB,2026-03-31,1495000000
87347,SLB,2026-06-30,1484000000
1375365,SMCI,2019-06-30,49956288
1375365,SMCI,2020-03-31,51915646
1375365,SMCI,2020-06-30,52408703
1375365,SMCI,2020-09-30,51765627
1375365,SMCI,2020-12-31,50651054
1375365,SMCI,2021-03-31,50036368
1375365,SMCI,2021-06-30,50582000
1375365,SMCI,2021-09-30,51071844
1375365,SMCI,2021-12-31,51509000
1375365,SMCI,2022-03-31,51870000
1375365,SMCI,2022-06-30,52311000
1375365,SMCI,2022-09-30,52851000
1375365,SMCI,2022-12-31,53400000
1375365,SMCI,2023-03-31,52484000
1375365,SMCI,2023-06-30,529014000
1375365,SMCI,2023-09-30,53295000
1375365,SMCI,2023-12-31,55917000
1375365,SMCI,2024-03-31,58552000
1375365,SMCI,2024-06-30,588087000
1375365,SMCI,2024-09-30,590997000
1375365,SMCI,2024-12-31,593481000
1375365,SMCI,2025-03-31,596765000
1375365,SMCI,2025-06-30,594137000
1375365,SMCI,2025-09-30,596837000
1375365,SMCI,2025-12-31,598926000
1375365,SMCI,2026-03-31,601378000
1375365,SMCI,2026-06-30,656882000
2023554,SNDK,2025-03-28,145000000
2023554,SNDK,2025-06-27,146000000
2023554,SNDK,2025-10-03,147000000
2023554,SNDK,2026-01-02,148000000
2023554,SNDK,2026-04-03,148000000
2023554,SNDK,2026-07-03,146000000
883241,SNPS,2009-10-31,146945000
883241,SNPS,2010-07-31,147537000
883241,SNPS,2010-10-31,148479000
883241,SNPS,2011-01-31,149246000
883241,SNPS,2011-04-30,146485000
883241,SNPS,2011-07-31,143666000
883241,SNPS,2011-10-31,143308000
883241,SNPS,2012-01-31,143943000
883241,SNPS,2012-04-30,146950000
883241,SNPS,2012-07-31,148626000
883241,SNPS,2012-10-31,150899000
883241,SNPS,2013-01-31,151970000
883241,SNPS,2013-04-30,153605000
883241,SNPS,2013-07-31,154348000
883241,SNPS,2013-10-31,154169000
883241,SNPS,2014-01-31,154053000
883241,SNPS,2014-04-30,154707000
883241,SNPS,2014-07-31,155638000
883241,SNPS,2014-10-31,155965000
883241,SNPS,2015-01-31,153457000
883241,SNPS,2015-04-30,155054000
883241,SNPS,2015-07-31,155929000
883241,SNPS,2015-10-31,155157000
883241,SNPS,2016-01-31,151509000
883241,SNPS,2016-04-30,152255000
883241,SNPS,2016-07-31,151437000
883241,SNPS,2016-10-31,151454000
883241,SNPS,2017-01-31,150428000
883241,SNPS,2017-04-30,150549000
883241,SNPS,2017-07-31,150238000
883241,SNPS,2017-10-31,150445000
883241,SNPS,2018-01-31,148953000
883241,SNPS,2018-04-30,148961000
883241,SNPS,2018-07-31,148559000
883241,SNPS,2018-10-31,149265000
883241,SNPS,2019-01-31,149276000
883241,SNPS,2019-04-30,149982000
883241,SNPS,2019-07-31,150373000
883241,SNPS,2019-10-31,150331000
883241,SNPS,2020-01-31,150202000
883241,SNPS,2020-04-30,150908000
883241,SNPS,2020-07-31,151758000
883241,SNPS,2020-10-31,152618000
883241,SNPS,2021-01-31,152364000
883241,SNPS,2021-04-30,152554000
883241,SNPS,2021-07-31,152597000
883241,SNPS,2021-10-31,153062000
883241,SNPS,2022-01-31,153256000
883241,SNPS,2022-04-30,152955000
883241,SNPS,2022-07-31,153004000
883241,SNPS,2022-10-31,152375000
883241,SNPS,2023-01-31,152380000
883241,SNPS,2023-04-30,152251000
883241,SNPS,2023-07-31,152125000
883241,SNPS,2023-10-31,152053000
883241,SNPS,2024-01-31,152536000
883241,SNPS,2024-04-30,153204000
883241,SNPS,2024-07-31,153613000
883241,SNPS,2024-10-31,154112000
883241,SNPS,2025-01-31,154618000
883241,SNPS,2025-04-30,155146000
883241,SNPS,2025-07-31,185460000
883241,SNPS,2025-10-31,185994000
883241,SNPS,2026-01-31,191449000
883241,SNPS,2026-04-30,191444000
883241,SNPS,2026-07-31,191605000
1964738,SOLV,2023-12-31,0
1964738,SOLV,2024-03-31,0
1964738,SOLV,2024-04-01,172709505
1964738,SOLV,2024-06-30,172710593
1964738,SOLV,2024-09-30,172754070
1964738,SOLV,2024-12-31,172785606
1964738,SOLV,2025-03-31,173008211
1964738,SOLV,2025-06-30,173387361
1964738,SOLV,2025-09-30,173439525
1964738,SOLV,2025-12-31,173490864
1964738,SOLV,2026-03-31,173531656
1964738,SOLV,2026-06-30,170113551
1063761,SPG,2011-12-31,8000
1063761,SPG,2012-12-31,8000
64040,SPGI,2013-12-31,270400000
64040,SPGI,2014-12-31,272000000
64040,SPGI,2015-12-31,265200000
64040,SPGI,2016-12-31,258300000
64040,SPGI,2017-12-31,253700000
64040,SPGI,2018-12-31,248400000
64040,SPGI,2019-12-31,244000000
64040,SPGI,2020-12-31,240600000
64040,SPGI,2021-03-31,240900000
64040,SPGI,2021-06-30,241000000
64040,SPGI,2021-09-30,241000000
64040,SPGI,2021-12-31,241000000
64040,SPGI,2022-03-31,339900000
64040,SPGI,2022-06-30,336200000
64040,SPGI,2022-09-30,325800000
64040,SPGI,2022-12-31,321900000
64040,SPGI,2023-03-31,320800000
64040,SPGI,2023-06-30,318200000
64040,SPGI,2023-09-30,316800000
64040,SPGI,2023-12-31,314100000
64040,SPGI,2024-03-31,313100000
64040,SPGI,2024-06-30,313000000
64040,SPGI,2024-09-30,310300000
64040,SPGI,2024-12-31,307800000
64040,SPGI,2025-03-31,306700000
64040,SPGI,2025-06-30,305300000
64040,SPGI,2025-09-30,303400000
64040,SPGI,2025-12-31,298800000
64040,SPGI,2026-03-31,296000000
1032208,SRE,2007-12-31,261214009
1032208,SRE,2008-12-31,243324281
1032208,SRE,2009-12-31,246507865
1032208,SRE,2010-12-31,240447416
1032208,SRE,2011-03-31,239000000
1032208,SRE,2011-06-30,240000000
1032208,SRE,2011-09-30,240000000
1032208,SRE,2011-12-31,239934681
1032208,SRE,2012-03-31,241000000
1032208,SRE,2012-06-30,242000000
1032208,SRE,2012-09-30,242000000
1032208,SRE,2012-12-31,242368836
1032208,SRE,2013-03-31,244000000
1032208,SRE,2013-06-30,244000000
1032208,SRE,2013-09-30,244000000
1032208,SRE,2013-12-31,244461327
1032208,SRE,2014-03-31,245000000
1032208,SRE,2014-06-30,246000000
1032208,SRE,2014-09-30,246000000
1032208,SRE,2014-12-31,246330884
1032208,SRE,2015-03-31,247000000
1032208,SRE,2015-06-30,248000000
1032208,SRE,2015-09-30,248000000
1032208,SRE,2015-12-31,248298080
1032208,SRE,2016-03-31,249000000
1032208,SRE,2016-06-30,250000000
1032208,SRE,2016-09-30,250000000
1032208,SRE,2016-12-31,250152514
1032208,SRE,2017-03-31,251000000
1032208,SRE,2017-06-30,251000000
1032208,SRE,2017-09-30,251000000
1032208,SRE,2017-12-31,251358977
1032208,SRE,2018-03-31,264000000
1032208,SRE,2018-06-30,272000000
1032208,SRE,2018-09-30,274000000
1032208,SRE,2018-12-31,273769513
1032208,SRE,2019-03-31,274000000
1032208,SRE,2019-06-30,274000000
1032208,SRE,2019-09-30,282000000
1032208,SRE,2019-12-31,291712925
1032208,SRE,2020-03-31,292000000
1032208,SRE,2020-06-30,293000000
1032208,SRE,2020-09-30,288000000
1032208,SRE,2020-12-31,576940488
1032208,SRE,2021-03-31,303000000
1032208,SRE,2021-06-30,315000000
1032208,SRE,2021-09-30,319000000
1032208,SRE,2021-12-31,633839564
1032208,SRE,2022-03-31,316000000
1032208,SRE,2022-06-30,314000000
1032208,SRE,2022-09-30,314000000
1032208,SRE,2022-12-31,628669356
1032208,SRE,2023-03-31,315000000
1032208,SRE,2023-06-30,315000000
1032208,SRE,2023-09-30,629328058
1032208,SRE,2023-12-31,631431732
1032208,SRE,2024-03-31,632606408
1032208,SRE,2024-06-30,632921816
1032208,SRE,2024-09-30,633214870
1032208,SRE,2024-12-31,650629876
1032208,SRE,2025-03-31,651930398
1032208,SRE,2025-06-30,652248768
1032208,SRE,2025-09-30,652525871
1032208,SRE,2025-12-31,652731668
1032208,SRE,2026-03-31,653344198
1757898,STE,2018-03-31,84747000
1757898,STE,2019-03-31,84517000
1757898,STE,2019-06-30,84754000
1757898,STE,2019-09-30,84797000
1757898,STE,2019-12-31,84791000
1757898,STE,2020-03-31,84924000
1757898,STE,2020-06-30,85060000
1757898,STE,2020-09-30,85251000
1757898,STE,2020-12-31,85337000
1757898,STE,2021-03-31,85353000
1757898,STE,2021-06-30,99746000
1757898,STE,2021-09-30,99911000
1757898,STE,2021-12-31,100111000
1757898,STE,2022-03-31,100067000
1757898,STE,2022-06-30,100090000
1757898,STE,2022-09-30,99868000
1757898,STE,2022-12-31,99401000
1757898,STE,2023-03-31,98629000
1757898,STE,2023-06-30,98781000
1757898,STE,2023-09-30,98789000
1757898,STE,2023-12-31,98808000
1757898,STE,2024-03-31,98883000
1757898,STE,2024-06-30,98799000
1757898,STE,2024-09-30,98708000
1757898,STE,2024-12-31,98245000
1757898,STE,2025-03-31,98300000
1757898,STE,2025-06-30,98500000
1757898,STE,2025-09-30,98100000
1757898,STE,2025-12-31,98100000
1757898,STE,2026-03-31,97800000
1757898,STE,2026-06-30,97500000
1022671,STLD,2008-12-31,181820012
1022671,STLD,2009-06-30,214808597
1022671,STLD,2009-09-30,215558699
1022671,STLD,2009-12-31,215999801
1022671,STLD,2010-06-30,216805895
1022671,STLD,2010-09-30,216994434
1022671,STLD,2010-12-31,217574826
1022671,STLD,2011-03-31,218303530
1022671,STLD,2011-06-30,218648678
1022671,STLD,2011-09-30,218690315
1022671,STLD,2011-12-31,218873720
1022671,STLD,2012-03-31,219074339
1022671,STLD,2012-06-30,219154966
1022671,STLD,2012-09-30,219228888
1022671,STLD,2012-12-31,219522655
1022671,STLD,2013-03-31,220333057
1022671,STLD,2013-06-30,220665831
1022671,STLD,2013-09-30,221349383
1022671,STLD,2013-12-31,222867408
1022671,STLD,2014-03-31,223173055
1022671,STLD,2014-06-30,239620885
1022671,STLD,2014-09-30,240365196
1022671,STLD,2014-12-31,241449423
1022671,STLD,2015-03-31,241688172
1022671,STLD,2015-06-30,242055377
1022671,STLD,2015-09-30,242090224
1022671,STLD,2015-12-31,243089514
1022671,STLD,2016-03-31,243500764
1022671,STLD,2016-06-30,243745023
1022671,STLD,2016-09-30,243770777
1022671,STLD,2016-12-31,243785485
1022671,STLD,2017-03-31,242110745
1022671,STLD,2017-06-30,239872874
1022671,STLD,2017-09-30,236951784
1022671,STLD,2017-12-31,237396839
1022671,STLD,2018-03-31,236095748
1022671,STLD,2018-06-30,235096384
1022671,STLD,2018-09-30,233422108
1022671,STLD,2018-12-31,225272174
1022671,STLD,2019-03-31,222931285
1022671,STLD,2019-06-30,219797547
1022671,STLD,2019-09-30,215740572
1022671,STLD,2019-12-31,214502639
1022671,STLD,2020-03-31,210338959
1022671,STLD,2020-06-30,210364813
1022671,STLD,2020-09-30,210366497
1022671,STLD,2020-12-31,210914264
1022671,STLD,2021-03-31,211218956
1022671,STLD,2021-06-30,205307447
1022671,STLD,2021-09-30,199778688
1022671,STLD,2021-12-31,194997922
1022671,STLD,2022-03-31,189247115
1022671,STLD,2022-06-30,182610729
1022671,STLD,2022-09-30,176563632
1022671,STLD,2022-12-31,172936163
1022671,STLD,2023-03-31,170170375
1022671,STLD,2023-06-30,166383336
1022671,STLD,2023-09-30,163489456
1022671,STLD,2023-12-31,160018100
1022671,STLD,2024-03-31,157878760
1022671,STLD,2024-06-30,155617909
1022671,STLD,2024-09-30,153042184
1022671,STLD,2024-12-31,151117153
1022671,STLD,2025-03-31,149380035
1022671,STLD,2025-06-30,147788364
1022671,STLD,2025-09-30,146156096
1022671,STLD,2025-12-31,144940102
1022671,STLD,2026-03-31,144443460
1022671,STLD,2026-06-30,143610058
93751,STT,2017-12-31,367649858
93751,STT,2018-12-31,379946724
93751,STT,2019-03-31,376720715
93751,STT,2019-06-30,372572622
93751,STT,2019-09-30,363623285
93751,STT,2019-12-31,357389416
93751,STT,2020-03-31,351943858
93751,STT,2020-06-30,352383250
93751,STT,2020-09-30,352797695
93751,STT,2020-12-31,353156279
93751,STT,2021-03-31,348032982
93751,STT,2021-06-30,343503114
93751,STT,2021-09-30,365629173
93751,STT,2021-12-31,365982820
93751,STT,2022-03-31,367114788
93751,STT,2022-06-30,367619353
93751,STT,2022-09-30,367967505
93751,STT,2022-12-31,349024167
93751,STT,2023-03-31,336461072
93751,STT,2023-06-30,322101110
93751,STT,2023-09-30,308583511
93751,STT,2023-12-31,301944043
93751,STT,2024-03-31,301504470
93751,STT,2024-06-30,299231005
93751,STT,2024-09-30,294191001
93751,STT,2024-12-31,288766452
93751,STT,2025-03-31,288676229
93751,STT,2025-06-30,285561974
93751,STT,2025-09-30,282217819
93751,STT,2025-12-31,279077907
93751,STT,2026-03-31,276924993
93751,STT,2026-06-30,274702550
1137789,STX,2010-07-02,493008776
1137789,STX,2010-10-01,472174943
1137789,STX,2010-11-29,2000000000
1137789,STX,2010-12-31,452842628
1137789,STX,2011-04-01,426407528
1137789,STX,2011-07-01,424611591
1137789,STX,2011-09-30,419780586
1137789,STX,2011-12-30,464862182
1137789,STX,2012-03-30,433259918
1137789,STX,2012-06-29,396032905
1137789,STX,2012-09-28,385961717
1137789,STX,2012-12-28,357504821
1137789,STX,2013-03-29,358283992
1137789,STX,2013-06-28,359437036
1137789,STX,2013-09-27,358765346
1137789,STX,2013-12-27,328474485
1137789,STX,2014-03-28,326478939
1137789,STX,2014-06-27,326539322
1137789,STX,2014-10-03,327176198
1137789,STX,2015-01-02,328835128
1137789,STX,2015-04-03,318076549
1137789,STX,2015-07-03,315445536
1137789,STX,2015-10-02,298985219
1137789,STX,2016-01-01,296258168
1137789,STX,2016-04-01,298459787
1137789,STX,2016-07-01,298572217
1137789,STX,2016-09-30,298607364
1137789,STX,2016-12-30,295151580
1137789,STX,2017-03-31,296600790
1137789,STX,2017-06-30,291799561
1137789,STX,2017-09-29,289261062
1137789,STX,2017-12-29,284573784
1137789,STX,2018-03-30,287026396
1137789,STX,2018-06-29,287170363
1137789,STX,2018-09-28,286127032
1137789,STX,2018-12-28,283130419
1137789,STX,2019-03-29,276834237
1137789,STX,2019-06-28,269097971
1137789,STX,2019-10-04,262624650
1137789,STX,2020-01-03,260923948
1137789,STX,2020-04-03,257352218
1137789,STX,2020-07-03,256718840
1137789,STX,2020-10-02,257604703
1137789,STX,2021-01-01,239750208
1137789,STX,2021-04-02,229556907
1137789,STX,2021-05-18,227340817
1137789,STX,2021-07-02,227382980
1137789,STX,2021-10-01,224504643
1137789,STX,2021-12-31,219463688
1137789,STX,2022-04-01,215565360
1137789,STX,2022-07-01,209850169
1137789,STX,2022-09-30,206434139
1137789,STX,2022-12-30,206477388
1137789,STX,2023-03-31,207053113
1137789,STX,2023-06-30,207389381
1137789,STX,2023-09-29,209181031
1137789,STX,2023-12-29,209504857
1137789,STX,2024-03-29,209982166
1137789,STX,2024-06-28,210182269
1137789,STX,2024-09-27,211455486
1137789,STX,2024-12-27,211706105
1137789,STX,2025-03-28,212212241
1137789,STX,2025-06-27,212668547
1137789,STX,2025-10-03,213532372
1137789,STX,2026-01-02,218106177
1137789,STX,2026-04-03,224408070
1137789,STX,2026-07-03,226791724
2005951,SW,2023-12-31,260354342
2005951,SW,2024-03-31,100
2005951,SW,2024-09-30,520056084
2005951,SW,2024-12-31,520444261
2005951,SW,2025-03-31,521979145
2005951,SW,2025-06-30,522058394
2005951,SW,2025-09-30,522171580
2005951,SW,2025-12-31,522310486
2005951,SW,2026-03-31,524457866
2005951,SW,2026-06-30,524522908
93556,SWK,2009-01-03,78876034
93556,SWK,2010-01-02,80478624
93556,SWK,2011-01-01,166347430
93556,SWK,2011-12-31,169046961
93556,SWK,2012-12-29,159952027
93556,SWK,2013-12-28,155479230
93556,SWK,2015-01-03,152559767
93556,SWK,2016-01-02,153944291
93556,SWK,2016-12-31,152559767
93556,SWK,2017-12-30,154038031
93556,SWK,2018-12-29,151302450
93556,SWK,2019-12-28,153506409
93556,SWK,2021-01-02,160752262
93556,SWK,2022-01-01,163328776
93556,SWK,2022-12-31,152983530
93556,SWK,2023-12-30,153620088
93556,SWK,2024-12-28,154372933
93556,SWK,2026-01-03,155036411
4127,SWKS,2009-10-02,172815000
4127,SWKS,2010-04-02,176613000
4127,SWKS,2010-07-02,177679000
4127,SWKS,2010-10-01,180263000
4127,SWKS,2010-12-31,184966000
4127,SWKS,2011-04-01,185944000
4127,SWKS,2011-07-01,186154000
4127,SWKS,2011-09-30,186386000
4127,SWKS,2011-12-30,187916962
4127,SWKS,2012-03-30,189527000
4127,SWKS,2012-06-29,190391000
4127,SWKS,2012-09-28,192300000
4127,SWKS,2012-12-28,191923103
4127,SWKS,2013-03-29,191100000
4127,SWKS,2013-06-28,187700000
4127,SWKS,2013-09-27,187900000
4127,SWKS,2013-12-27,188700000
4127,SWKS,2014-03-28,189400000
4127,SWKS,2014-06-27,189200000
4127,SWKS,2014-10-03,189200000
4127,SWKS,2015-01-02,190800000
4127,SWKS,2015-04-03,191000000
4127,SWKS,2015-07-03,191000000
4127,SWKS,2015-10-02,190300000
4127,SWKS,2016-01-01,191600000
4127,SWKS,2016-04-01,190200000
4127,SWKS,2016-07-01,187500000
4127,SWKS,2016-09-30,184900000
4127,SWKS,2016-12-30,184800000
4127,SWKS,2017-03-31,184500000
4127,SWKS,2017-06-30,183700000
4127,SWKS,2017-09-29,183100000
4127,SWKS,2017-12-29,182400000
4127,SWKS,2018-03-30,182100000
4127,SWKS,2018-06-29,179700000
4127,SWKS,2018-09-28,177400000
4127,SWKS,2018-12-28,174100000
4127,SWKS,2019-03-29,172700000
4127,SWKS,2019-06-28,171600000
4127,SWKS,2019-09-27,170100000
4127,SWKS,2019-12-27,170500000
4127,SWKS,2020-03-27,167500000
4127,SWKS,2020-06-26,167100000
4127,SWKS,2020-10-02,165600000
4127,SWKS,2021-01-01,164900000
4127,SWKS,2021-04-02,165100000
4127,SWKS,2021-07-02,165100000
4127,SWKS,2021-10-01,165300000
4127,SWKS,2021-12-31,164500000
4127,SWKS,2022-04-01,161700000
4127,SWKS,2022-07-01,160700000
4127,SWKS,2022-09-30,160200000
4127,SWKS,2022-12-30,159100000
4127,SWKS,2023-03-31,159200000
4127,SWKS,2023-06-30,159200000
4127,SWKS,2023-09-29,159500000
4127,SWKS,2023-12-29,160200000
4127,SWKS,2024-03-29,160400000
4127,SWKS,2024-06-28,159700000
4127,SWKS,2024-09-27,159900000
4127,SWKS,2024-12-27,160700000
4127,SWKS,2025-03-28,153600000
4127,SWKS,2025-06-27,148400000
4127,SWKS,2025-10-03,148700000
4127,SWKS,2026-01-02,149900000
4127,SWKS,2026-04-03,150400000
4127,SWKS,2026-07-03,150500000
1601712,SYF,2013-12-31,0
1601712,SYF,2014-06-30,705270833
1601712,SYF,2014-08-05,705000000
1601712,SYF,2014-09-30,833764589
1601712,SYF,2014-12-31,833764589
1601712,SYF,2015-03-31,833764589
1601712,SYF,2015-06-30,833764963
1601712,SYF,2015-09-30,833824286
1601712,SYF,2015-12-31,833828340
1601712,SYF,2016-03-31,833830398
1601712,SYF,2016-06-30,833920699
1601712,SYF,2016-09-30,825464400
1601712,SYF,2016-12-31,817352328
1601712,SYF,2017-03-31,810804845
1601712,SYF,2017-06-30,795324028
1601712,SYF,2017-09-30,782584050
1601712,SYF,2017-12-31,770531433
1601712,SYF,2018-03-31,760278930
1601712,SYF,2018-06-30,746598245
1601712,SYF,2018-09-30,718710316
1601712,SYF,2018-12-31,718758598
1601712,SYF,2019-03-31,688837684
1601712,SYF,2019-06-30,668908144
1601712,SYF,2019-09-30,653656880
1601712,SYF,2019-12-31,615925168
1601712,SYF,2020-03-31,583232644
1601712,SYF,2020-06-30,583714002
1601712,SYF,2020-09-30,583766270
1601712,SYF,2020-12-31,584009550
1601712,SYF,2021-03-31,581129526
1601712,SYF,2021-06-30,573416152
1601712,SYF,2021-09-30,547240973
1601712,SYF,2021-12-31,526830205
1601712,SYF,2022-03-31,506223095
1601712,SYF,2022-06-30,487822232
1601712,SYF,2022-09-30,458904206
1601712,SYF,2022-12-31,438216755
1601712,SYF,2023-03-31,428447828
1601712,SYF,2023-06-30,418109398
1601712,SYF,2023-09-30,413785325
1601712,SYF,2023-12-31,406875775
1601712,SYF,2024-03-31,401410596
1601712,SYF,2024-06-30,395115518
1601712,SYF,2024-09-30,389224881
1601712,SYF,2024-12-31,388000000
1601712,SYF,2025-03-31,380537087
1601712,SYF,2025-06-30,371942844
1601712,SYF,2025-09-30,360143330
1601712,SYF,2025-12-31,347000000
1601712,SYF,2026-03-31,337000000
1601712,SYF,2026-06-30,325000000
310764,SYK,2008-12-31,396400000
310764,SYK,2009-09-30,397700000
310764,SYK,2009-12-31,397900000
310764,SYK,2010-03-31,396700000
310764,SYK,2010-06-30,396900000
310764,SYK,2010-09-30,397000000
310764,SYK,2010-12-31,381
310764,SYK,2011-03-31,388000000
310764,SYK,2011-06-30,388300000
310764,SYK,2011-09-30,383
310764,SYK,2011-12-31,381
310764,SYK,2012-03-31,381
310764,SYK,2012-06-30,381
310764,SYK,2012-09-30,380
310764,SYK,2012-12-31,380
310764,SYK,2013-03-31,378
310764,SYK,2013-06-30,378
310764,SYK,2013-09-30,378
310764,SYK,2013-12-31,378
310764,SYK,2014-03-31,378
310764,SYK,2014-06-30,378
310764,SYK,2014-09-30,378
310764,SYK,2014-12-31,378600000
310764,SYK,2015-03-31,378
310764,SYK,2015-06-30,378000000
310764,SYK,2015-09-30,376000000
310764,SYK,2015-12-31,373000000
310764,SYK,2016-03-31,374000000
310764,SYK,2016-06-30,374000000
310764,SYK,2016-09-30,374000000
310764,SYK,2016-12-31,374600000
310764,SYK,2017-03-31,374000000
310764,SYK,2017-06-30,374000000
310764,SYK,2017-09-30,374000000
310764,SYK,2017-12-31,374000000
310764,SYK,2018-03-31,374000000
310764,SYK,2018-06-30,374000000
1260221,TDG,2010-09-30,49928241
1260221,TDG,2011-09-30,50829276
1260221,TDG,2012-09-30,52157225
1094285,TDY,2008-12-28,35926224
1094285,TDY,2010-01-03,36078477
1094285,TDY,2010-07-04,36254122
1094285,TDY,2010-10-03,36288891
1094285,TDY,2011-01-02,36363372
1094285,TDY,2011-04-03,36711050
1094285,TDY,2011-07-03,36775396
1094285,TDY,2011-10-02,36942982
1094285,TDY,2012-01-01,36449092
1094285,TDY,2012-04-01,36740827
1094285,TDY,2012-07-01,36788556
1094285,TDY,2012-09-30,36887303
1094285,TDY,2012-12-30,37162697
1094285,TDY,2013-03-31,37356380
1094285,TDY,2013-06-30,37416824
1094285,TDY,2013-09-29,37490566
1094285,TDY,2013-12-29,37571182
1094285,TDY,2014-03-30,37560180
1094285,TDY,2014-06-29,37557095
1094285,TDY,2014-09-28,36551765
1094285,TDY,2014-12-28,36655584
1094285,TDY,2015-03-29,35331555
1094285,TDY,2015-06-28,35384799
1094285,TDY,2015-09-27,35438456
1094285,TDY,2016-01-03,34514599
1094285,TDY,2016-04-03,34479367
1094285,TDY,2016-07-03,34619385
1094285,TDY,2016-10-02,34940356
1094285,TDY,2017-01-01,35110762
1094285,TDY,2017-04-02,35238500
1094285,TDY,2017-07-02,35331691
1094285,TDY,2017-10-01,35436187
1094285,TDY,2017-12-31,35540233
1094285,TDY,2018-04-01,35739323
1094285,TDY,2018-07-01,35908645
1094285,TDY,2018-09-30,36072347
1094285,TDY,2018-12-30,36087297
1094285,TDY,2019-03-31,36232598
1094285,TDY,2019-06-30,36376376
1094285,TDY,2019-09-29,36468438
1094285,TDY,2019-12-29,36547966
1094285,TDY,2020-03-29,36657467
1094285,TDY,2020-06-28,36856873
1094285,TDY,2020-09-27,36871712
1094285,TDY,2021-01-03,36951607
1094285,TDY,2021-04-04,37060838
1094285,TDY,2021-07-04,46605286
1094285,TDY,2021-10-03,46653888
1094285,TDY,2022-01-02,46692296
1094285,TDY,2022-04-03,46827834
1094285,TDY,2022-07-03,46862209
1094285,TDY,2022-10-02,46868187
1094285,TDY,2023-01-01,46912635
1094285,TDY,2023-04-02,47037465
1094285,TDY,2023-07-02,47070900
1094285,TDY,2023-10-01,47183514
1094285,TDY,2023-12-31,47331845
1094285,TDY,2024-03-31,47420690
1094285,TDY,2024-06-30,46943484
1094285,TDY,2024-09-29,46624244
1094285,TDY,2024-12-29,46706612
1094285,TDY,2025-03-30,46851809
1094285,TDY,2025-06-29,46884559
1094285,TDY,2025-09-28,46950255
1094285,TDY,2025-12-28,46185578
1094285,TDY,2026-03-29,46328578
1094285,TDY,2026-06-28,46355253
842023,TECH,2010-06-30,37033474
842023,TECH,2010-09-30,37052975
842023,TECH,2010-12-31,37119243
842023,TECH,2011-03-31,37119243
842023,TECH,2011-06-30,37153398
842023,TECH,2011-09-30,37004657
842023,TECH,2011-12-31,36891490
842023,TECH,2012-03-31,36857507
842023,TECH,2012-06-30,36826364
842023,TECH,2012-09-30,36828834
842023,TECH,2012-12-31,36842346
842023,TECH,2013-03-31,36842346
842023,TECH,2013-06-30,36834678
842023,TECH,2013-09-30,36852781
842023,TECH,2013-12-31,36900781
842023,TECH,2014-03-31,36925781
842023,TECH,2014-06-30,37002203
842023,TECH,2014-09-30,37029777
842023,TECH,2014-12-31,37109968
842023,TECH,2015-03-31,37152903
842023,TECH,2015-06-30,37152979
842023,TECH,2015-09-30,37182381
842023,TECH,2015-12-31,37191353
842023,TECH,2016-03-31,37196281
842023,TECH,2016-06-30,37253771
842023,TECH,2016-09-30,37301380
842023,TECH,2016-12-31,37310142
842023,TECH,2017-03-31,37333015
842023,TECH,2017-06-30,37356041
842023,TECH,2017-09-30,37409328
842023,TECH,2017-12-31,37409328
842023,TECH,2018-03-31,37545189
842023,TECH,2018-06-30,37607500
842023,TECH,2018-09-30,37802998
842023,TECH,2018-12-31,37734646
842023,TECH,2019-03-31,37813367
842023,TECH,2019-06-30,37934040
842023,TECH,2019-09-30,38084292
842023,TECH,2019-12-31,38282251
842023,TECH,2020-03-31,38122138
842023,TECH,2020-06-30,38453046
842023,TECH,2020-09-30,38601131
842023,TECH,2020-12-31,38765300
842023,TECH,2021-03-31,38854000
842023,TECH,2021-06-30,38955484
842023,TECH,2021-09-30,39273057
842023,TECH,2021-12-31,39319766
842023,TECH,2022-03-31,39263444
842023,TECH,2022-06-30,156644212
842023,TECH,2022-09-30,39232094
842023,TECH,2022-12-31,157093879
842023,TECH,2023-03-31,157339318
842023,TECH,2023-06-30,157641914
842023,TECH,2023-09-30,158354579
842023,TECH,2023-12-31,157142004
842023,TECH,2024-03-31,157554366
842023,TECH,2024-06-30,158216258
842023,TECH,2024-09-30,158878127
842023,TECH,2024-12-31,157915999
842023,TECH,2025-03-31,156760717
842023,TECH,2025-06-30,154972196
842023,TECH,2025-09-30,155749477
842023,TECH,2025-12-31,155881291
842023,TECH,2026-03-31,156516091
842023,TECH,2026-06-30,156095113
97210,TER,2009-12-31,174908000
97210,TER,2010-07-04,181162000
97210,TER,2010-10-03,181327000
97210,TER,2010-12-31,182035000
97210,TER,2011-04-03,185250000
97210,TER,2011-07-03,186002
97210,TER,2011-10-02,184122
97210,TER,2011-12-31,183587000
97210,TER,2012-04-01,186418000
97210,TER,2012-07-01,187213000
97210,TER,2012-09-30,187651000
97210,TER,2012-12-31,187908000
97210,TER,2013-03-31,190422000
97210,TER,2013-06-30,190721000
97210,TER,2013-09-29,191399000
97210,TER,2013-12-31,191731000
97210,TER,2014-03-30,194019000
97210,TER,2014-06-29,196321000
97210,TER,2014-09-28,216482000
97210,TER,2014-12-31,216613000
97210,TER,2015-04-05,215902000
97210,TER,2015-07-05,212507000
97210,TER,2015-10-04,207240000
97210,TER,2015-12-31,203641000
97210,TER,2016-04-03,203707000
97210,TER,2016-07-03,202841000
97210,TER,2016-10-02,201643000
97210,TER,2016-12-31,199177000
97210,TER,2017-04-02,199596000
97210,TER,2017-07-02,197999000
97210,TER,2017-10-01,196711000
97210,TER,2017-12-31,195548000
97210,TER,2018-04-01,193808000
97210,TER,2018-07-01,187962000
97210,TER,2018-09-30,183289000
97210,TER,2018-12-31,175522000
97210,TER,2019-03-31,172353000
97210,TER,2019-06-30,170436000
97210,TER,2019-09-29,168490000
97210,TER,2019-12-31,166410000
97210,TER,2020-03-29,165938000
97210,TER,2020-06-28,165806
97210,TER,2020-09-27,166043000
97210,TER,2020-12-31,166123
97210,TER,2021-04-04,166419000
97210,TER,2021-07-04,165444000
97210,TER,2021-10-03,163728000
97210,TER,2021-12-31,162251000
97210,TER,2022-04-03,161053000
97210,TER,2022-07-03,157880000
97210,TER,2022-10-02,155782000
97210,TER,2022-12-31,155759000
97210,TER,2023-04-02,155445000
97210,TER,2023-07-02,154148000
97210,TER,2023-10-01,153235000
97210,TER,2023-12-31,152698000
97210,TER,2024-03-31,153757000
97210,TER,2024-06-30,161802000
97210,TER,2024-09-29,162959000
97210,TER,2024-12-31,161722000
97210,TER,2025-03-30,160674000
97210,TER,2025-06-29,159210000
97210,TER,2025-09-28,157245000
97210,TER,2025-12-31,156088000
97210,TER,2026-03-29,156540000
97210,TER,2026-06-28,156378000
92230,TFC,2008-12-31,559248000
92230,TFC,2009-09-30,687446000
92230,TFC,2009-12-31,689750000
92230,TFC,2010-03-31,691869000
92230,TFC,2010-09-30,693560000
92230,TFC,2010-12-31,694381000
92230,TFC,2011-03-31,696285000
92230,TFC,2011-06-30,696894000
92230,TFC,2011-09-30,697101000
92230,TFC,2011-12-31,697143000
92230,TFC,2012-03-31,698454000
92230,TFC,2012-06-30,698795000
92230,TFC,2012-09-30,699541000
92230,TFC,2012-12-31,699728000
92230,TFC,2013-03-31,701440000
92230,TFC,2013-06-30,702995000
92230,TFC,2013-09-30,704925000
92230,TFC,2013-12-31,706620000
92230,TFC,2014-03-31,718497000
92230,TFC,2014-06-30,719584000
92230,TFC,2014-09-30,720298000
92230,TFC,2014-12-31,720698000
92230,TFC,2015-03-31,723159000
92230,TFC,2015-06-30,733481000
92230,TFC,2015-09-30,780150000
92230,TFC,2015-12-31,780337000
92230,TFC,2016-03-31,782379000
92230,TFC,2016-06-30,814500000
92230,TFC,2016-09-30,811424000
92230,TFC,2016-12-31,809475000
92230,TFC,2017-03-31,811370000
92230,TFC,2017-06-30,808093000
92230,TFC,2017-09-30,788921000
92230,TFC,2017-12-31,782006000
92230,TFC,2018-03-31,779752000
92230,TFC,2018-06-30,774447000
92230,TFC,2018-09-30,770620000
92230,TFC,2018-12-31,763326000
92230,TFC,2019-03-31,765920000
92230,TFC,2019-06-30,766010000
92230,TFC,2019-09-30,766303000
92230,TFC,2019-12-31,1342166000
92230,TFC,2020-03-31,1347461000
92230,TFC,2020-06-30,1347609000
92230,TFC,2020-09-30,1348118000
92230,TFC,2020-12-31,1348961000
92230,TFC,2021-03-31,1344845000
92230,TFC,2021-06-30,1334770000
92230,TFC,2021-09-30,1334892000
92230,TFC,2021-12-31,1327818000
92230,TFC,2022-03-31,1331414000
92230,TFC,2022-06-30,1326393000
92230,TFC,2022-09-30,1326766000
92230,TFC,2022-12-31,1326829000
92230,TFC,2023-03-31,1331918000
92230,TFC,2023-06-30,1331976000
92230,TFC,2023-09-30,1333668000
92230,TFC,2023-12-31,1333743000
92230,TFC,2024-03-31,1338096000
92230,TFC,2024-06-30,1338223000
92230,TFC,2024-09-30,1327521000
92230,TFC,2024-12-31,1315936000
92230,TFC,2025-03-31,1309539000
92230,TFC,2025-06-30,1289435000
92230,TFC,2025-09-30,1279246000
92230,TFC,2025-12-31,1262470000
92230,TFC,2026-03-31,1245879000
92230,TFC,2026-06-30,1221626000
27419,TGT,2008-08-02,755000000
27419,TGT,2008-11-01,752800000
27419,TGT,2009-01-31,752712464
27419,TGT,2009-05-02,752000000
27419,TGT,2009-08-01,751900000
27419,TGT,2009-10-31,752200000
27419,TGT,2010-01-30,744644454
27419,TGT,2010-05-01,738900000
27419,TGT,2010-07-31,722600000
27419,TGT,2010-10-30,707900000
27419,TGT,2011-01-29,704038218
27419,TGT,2011-04-30,689000000
27419,TGT,2011-07-30,675200000
27419,TGT,2011-10-29,671400000
27419,TGT,2012-01-28,669292929
27419,TGT,2012-04-28,661096903
27419,TGT,2012-07-28,653907367
27419,TGT,2012-10-27,654465209
27419,TGT,2013-02-02,645294423
27419,TGT,2013-05-04,641253199
27419,TGT,2013-08-03,630924647
27419,TGT,2013-11-02,631759510
27419,TGT,2014-02-01,632930740
27419,TGT,2014-05-03,633613396
27419,TGT,2014-08-02,633644605
27419,TGT,2014-11-01,634378337
27419,TGT,2015-01-31,640213987
27419,TGT,2015-05-02,638408643
27419,TGT,2015-08-01,630446029
27419,TGT,2015-10-31,618604168
27419,TGT,2016-01-30,602226517
27419,TGT,2016-04-30,593583619
27419,TGT,2016-07-30,574801225
27419,TGT,2016-10-29,563676785
27419,TGT,2017-01-28,556156228
27419,TGT,2017-04-29,551657501
27419,TGT,2017-07-29,546183291
27419,TGT,2017-10-28,543913318
27419,TGT,2018-02-03,541681670
27419,TGT,2018-05-05,532916612
27419,TGT,2018-08-04,526112846
27419,TGT,2018-11-03,521810597
27419,TGT,2019-02-02,517761600
27419,TGT,2019-05-04,512312434
27419,TGT,2019-08-03,511335375
27419,TGT,2019-11-02,506677740
27419,TGT,2020-02-01,504198962
27419,TGT,2020-05-02,499919691
27419,TGT,2020-08-01,500252831
27419,TGT,2020-10-31,500754729
27419,TGT,2021-01-30,500877129
27419,TGT,2021-05-01,496093160
27419,TGT,2021-07-31,489651196
27419,TGT,2021-10-30,480905493
27419,TGT,2022-01-29,471274073
27419,TGT,2022-04-30,463683711
27419,TGT,2022-07-30,460236393
27419,TGT,2022-10-29,460297654
27419,TGT,2023-01-28,460346947
27419,TGT,2023-04-29,461552843
27419,TGT,2023-07-29,461600640
27419,TGT,2023-10-28,461651176
27419,TGT,2024-02-03,461675441
27419,TGT,2024-05-04,462635539
27419,TGT,2024-08-03,461600215
27419,TGT,2024-11-02,459244995
27419,TGT,2025-02-01,455566995
27419,TGT,2025-05-03,454364799
27419,TGT,2025-08-02,454396092
27419,TGT,2025-11-01,452796520
27419,TGT,2026-01-31,452840187
27419,TGT,2026-05-02,454177135
27419,TGT,2026-08-01,454291461
109198,TJX,2008-07-26,419411063
109198,TJX,2008-10-25,416340031
109198,TJX,2009-01-31,412821592
109198,TJX,2009-05-02,413533634
109198,TJX,2009-08-01,423853927
109198,TJX,2009-10-31,419708634
109198,TJX,2010-01-30,409386126
109198,TJX,2010-05-01,407979188
109198,TJX,2010-07-31,400661233
109198,TJX,2010-10-30,395802044
109198,TJX,2011-01-29,389657340
109198,TJX,2011-04-30,386107203
109198,TJX,2011-07-30,380980395
109198,TJX,2011-10-29,754280240
109198,TJX,2012-01-28,746702028
109198,TJX,2012-04-28,740952103
109198,TJX,2012-07-28,736100493
109198,TJX,2012-10-27,729252705
109198,TJX,2013-02-02,723902001
109198,TJX,2013-05-04,719773253
109198,TJX,2013-08-03,715235621
109198,TJX,2013-11-02,711198843
109198,TJX,2014-02-01,705016838
109198,TJX,2014-05-03,700312077
109198,TJX,2014-08-02,692941647
109198,TJX,2014-11-01,688900341
109198,TJX,2015-01-31,684733200
109198,TJX,2015-05-02,680385015
109198,TJX,2015-08-01,674370829
109198,TJX,2015-10-31,669529129
109198,TJX,2016-01-30,663495715
109198,TJX,2016-04-30,661083496
109198,TJX,2016-07-30,656644919
109198,TJX,2016-10-29,651900739
109198,TJX,2017-01-28,646319046
109198,TJX,2017-04-29,643276269
109198,TJX,2017-07-29,636274241
109198,TJX,2017-10-28,1264605010
109198,TJX,2018-02-03,1256018044
109198,TJX,2018-05-05,1250405376
109198,TJX,2018-08-04,1241533412
109198,TJX,2018-11-03,1233145248
109198,TJX,2019-02-02,1217182508
109198,TJX,2019-05-04,1212667546
109198,TJX,2019-08-03,1208932667
109198,TJX,2019-11-02,1203183703
109198,TJX,2020-02-01,1199099768
109198,TJX,2020-05-02,1197877094
109198,TJX,2020-08-01,1199061133
109198,TJX,2020-10-31,1200631186
109198,TJX,2021-01-30,1204698124
109198,TJX,2021-05-01,1206386746
109198,TJX,2021-07-31,1202980524
109198,TJX,2021-10-30,1194260626
109198,TJX,2022-01-29,1181188731
109198,TJX,2022-04-30,1172711116
109198,TJX,2022-07-30,1161886769
109198,TJX,2022-10-29,1156263970
109198,TJX,2023-01-28,1155437908
109198,TJX,2023-04-29,1150179322
109198,TJX,2023-07-29,1144948031
109198,TJX,2023-10-28,1140732746
109198,TJX,2024-02-03,1133586545
109198,TJX,2024-05-04,1130829890
109198,TJX,2024-08-03,1127978175
109198,TJX,2024-11-02,1124355838
109198,TJX,2025-02-01,1119333622
109198,TJX,2025-05-03,1115814224
109198,TJX,2025-08-02,1112799116
109198,TJX,2025-11-01,1110418570
109198,TJX,2026-01-31,1107087991
109198,TJX,2026-05-02,1105051999
109198,TJX,2026-08-01,1101167677
1283699,TMUS,2009-12-31,352711263
1283699,TMUS,2010-06-30,353603839
1283699,TMUS,2010-09-30,354362405
1283699,TMUS,2010-12-31,355318666
1283699,TMUS,2011-03-31,358192717
1283699,TMUS,2011-06-30,361574806
1283699,TMUS,2011-09-30,362219229
1283699,TMUS,2011-12-31,362460395
1283699,TMUS,2012-03-31,363128204
1283699,TMUS,2012-06-30,363402032
1283699,TMUS,2012-09-30,363875489
1283699,TMUS,2012-12-31,535286077
1283699,TMUS,2013-03-31,365644106
1283699,TMUS,2013-06-30,726019309
1283699,TMUS,2013-09-30,728144401
1283699,TMUS,2013-12-31,801879804
1283699,TMUS,2014-03-31,802805297
1283699,TMUS,2014-06-30,807126024
1283699,TMUS,2014-09-30,807297844
1283699,TMUS,2014-12-31,807468603
1283699,TMUS,2015-03-31,810284271
1283699,TMUS,2015-06-30,814813568
1283699,TMUS,2015-09-30,816023646
1283699,TMUS,2015-12-31,818391219
1283699,TMUS,2016-03-31,822101014
1283699,TMUS,2016-06-30,822704856
1283699,TMUS,2016-09-30,824010863
1283699,TMUS,2016-12-31,826357331
1283699,TMUS,2017-03-31,830804268
1283699,TMUS,2017-06-30,831021302
1283699,TMUS,2017-09-30,831963343
1283699,TMUS,2017-12-31,859406651
1283699,TMUS,2018-03-31,853066229
1283699,TMUS,2018-06-30,847225746
1283699,TMUS,2018-09-30,848380679
1283699,TMUS,2018-12-31,850180317
1283699,TMUS,2019-03-31,854380118
1283699,TMUS,2019-06-30,854452642
1283699,TMUS,2019-09-30,855557671
1283699,TMUS,2019-12-31,856905400
1283699,TMUS,2020-03-31,861128106
1283699,TMUS,2020-06-30,1237338994
1283699,TMUS,2020-09-30,1240458618
1283699,TMUS,2020-12-31,1241805706
1283699,TMUS,2021-03-31,1246773175
1283699,TMUS,2021-06-30,1247920536
1283699,TMUS,2021-09-30,1249035065
1283699,TMUS,2021-12-31,1249213681
1283699,TMUS,2022-03-31,1253352700
1283699,TMUS,2022-06-30,1254010072
1283699,TMUS,2022-09-30,1250104426
1283699,TMUS,2022-12-31,1233960078
1283699,TMUS,2023-03-31,1204696325
1283699,TMUS,2023-06-30,1180398748
1283699,TMUS,2023-09-30,1161979708
1283699,TMUS,2023-12-31,1195807331
1283699,TMUS,2024-03-31,1177240110
1283699,TMUS,2024-06-30,1166772891
1283699,TMUS,2024-09-30,1164613922
1283699,TMUS,2024-12-31,1144579681
1283699,TMUS,2025-03-31,1137339578
1283699,TMUS,2025-06-30,1127450618
1283699,TMUS,2025-09-30,1118506240
1283699,TMUS,2025-12-31,1106930661
1283699,TMUS,2026-03-31,1085872037
1283699,TMUS,2026-06-30,1074817571
1811074,TPL,2019-12-31,7756156
1811074,TPL,2020-12-31,7756156
1811074,TPL,2021-03-31,7756156
1811074,TPL,2021-06-30,7754523
1811074,TPL,2021-09-30,7748344
1811074,TPL,2021-12-31,7744695
1811074,TPL,2022-03-31,7745290
1811074,TPL,2022-06-30,7727916
1811074,TPL,2022-09-30,7708845
1811074,TPL,2022-12-31,7695679
1811074,TPL,2023-03-31,7693320
1811074,TPL,2023-06-30,7679145
1811074,TPL,2023-09-30,7675994
1811074,TPL,2023-12-31,23007681
1811074,TPL,2024-03-31,22993479
1811074,TPL,2024-06-30,22983392
1811074,TPL,2024-09-30,22977125
1811074,TPL,2024-12-31,68915409
1811074,TPL,2025-03-31,22987245
1811074,TPL,2025-06-30,22987326
1811074,TPL,2025-09-30,22979410
1811074,TPL,2025-12-31,68938230
1811074,TPL,2026-03-31,68974187
1811074,TPL,2026-06-30,68974683
1116132,TPR,2009-06-27,318006466
1116132,TPR,2009-09-26,318649577
1116132,TPR,2009-12-26,313984013
1116132,TPR,2010-03-27,304170723
1116132,TPR,2010-07-03,296867247
1116132,TPR,2010-10-02,295677161
1116132,TPR,2011-01-01,295756490
1116132,TPR,2011-04-02,293256700
1116132,TPR,2011-07-02,288514529
1116132,TPR,2011-10-01,291310968
1116132,TPR,2011-12-31,287516482
1116132,TPR,2012-03-31,287358678
1116132,TPR,2012-06-30,285118000
1116132,TPR,2012-09-29,283641513
1116132,TPR,2012-12-29,280630000
1116132,TPR,2013-03-30,280936000
1116132,TPR,2013-06-29,281902000
1116132,TPR,2013-09-28,280423000
1116132,TPR,2013-12-28,277552000
1116132,TPR,2014-03-29,274152000
1116132,TPR,2014-06-28,274400000
1116132,TPR,2014-09-27,275600000
1116132,TPR,2014-12-27,275700000
1116132,TPR,2015-03-28,276100000
1116132,TPR,2015-06-27,276600000
1116132,TPR,2015-09-26,277500000
1116132,TPR,2015-12-26,277700000
1116132,TPR,2016-03-26,277900000
1116132,TPR,2016-07-02,278500000
1116132,TPR,2016-10-01,280300000
1116132,TPR,2016-12-31,280600000
1116132,TPR,2017-04-01,281100000
1116132,TPR,2017-07-01,281900000
1116132,TPR,2017-09-30,284200000
1116132,TPR,2017-12-30,284800000
1116132,TPR,2018-03-31,287800000
1116132,TPR,2018-06-30,288000000
1116132,TPR,2018-09-29,289800000
1116132,TPR,2018-12-29,290000000
1116132,TPR,2019-03-30,290100000
1116132,TPR,2019-06-29,286800000
1116132,TPR,2019-09-28,275900000
1116132,TPR,2019-12-28,276000000
1116132,TPR,2020-03-28,276100000
1116132,TPR,2020-06-27,276200000
1116132,TPR,2020-09-26,277400000
1116132,TPR,2020-12-26,277800000
1116132,TPR,2021-03-27,278800000
1116132,TPR,2021-07-03,279500000
1116132,TPR,2021-10-02,275000000
1116132,TPR,2022-01-01,264000000
1116132,TPR,2022-04-02,251800000
1116132,TPR,2022-07-02,241200000
1116132,TPR,2022-10-01,240900000
1116132,TPR,2022-12-31,236000000
1116132,TPR,2023-04-01,231800000
1116132,TPR,2023-07-01,227400000
1116132,TPR,2023-09-30,229200000
1116132,TPR,2023-12-30,229400000
1116132,TPR,2024-03-30,229800000
1116132,TPR,2024-06-29,230200000
1116132,TPR,2024-09-28,233000000
1116132,TPR,2024-12-28,206900000
1116132,TPR,2025-03-29,207700000
1116132,TPR,2025-06-28,208100000
1116132,TPR,2025-09-27,205700000
1116132,TPR,2025-12-27,202700000
1116132,TPR,2026-03-28,202300000
1116132,TPR,2026-06-27,200400000
1389170,TRGP,2010-12-31,42292348
1389170,TRGP,2011-09-30,42400818
1389170,TRGP,2011-12-31,42398148
1389170,TRGP,2012-03-31,42440793
1389170,TRGP,2012-06-30,42440333
1389170,TRGP,2012-09-30,42491913
1389170,TRGP,2012-12-31,42294502
1389170,TRGP,2013-03-31,42330387
1389170,TRGP,2013-06-30,42331487
1389170,TRGP,2013-09-30,42331487
1389170,TRGP,2013-12-31,42162178
1389170,TRGP,2014-03-31,42158848
1389170,TRGP,2014-06-30,42158448
1389170,TRGP,2014-09-30,42143463
1389170,TRGP,2014-12-31,42143463
1389170,TRGP,2015-03-31,56021222
1389170,TRGP,2015-06-30,56030634
1389170,TRGP,2015-09-30,56018925
1389170,TRGP,2015-12-31,56020266
1389170,TRGP,2016-03-31,160580627
1389170,TRGP,2016-06-30,165822818
1389170,TRGP,2016-09-30,173193354
1389170,TRGP,2016-12-31,184720525
1389170,TRGP,2017-03-31,196639858
1389170,TRGP,2017-06-30,215575687
1389170,TRGP,2017-09-30,215632641
1389170,TRGP,2017-12-31,217566980
1389170,TRGP,2018-03-31,218832135
1389170,TRGP,2018-06-30,225487048
1389170,TRGP,2018-09-30,229283124
1389170,TRGP,2018-12-31,231790530
1389170,TRGP,2019-03-31,232475006
1389170,TRGP,2019-06-30,232476114
1389170,TRGP,2019-09-30,232782846
1389170,TRGP,2019-12-31,232843526
1389170,TRGP,2020-03-31,233110061
1389170,TRGP,2020-06-30,233177028
1389170,TRGP,2020-09-30,233517921
1389170,TRGP,2020-12-31,228061853
1389170,TRGP,2021-03-31,228654590
1389170,TRGP,2021-06-30,228655274
1389170,TRGP,2021-09-30,228962972
1389170,TRGP,2021-12-31,228221122
1389170,TRGP,2022-03-31,228180573
1389170,TRGP,2022-06-30,227062130
1389170,TRGP,2022-09-30,226257924
1389170,TRGP,2022-12-31,226042229
1389170,TRGP,2023-03-31,226135558
1389170,TRGP,2023-06-30,224052233
1389170,TRGP,2023-09-30,223080697
1389170,TRGP,2023-12-31,222611259
1389170,TRGP,2024-03-31,222150320
1389170,TRGP,2024-06-30,219170473
1389170,TRGP,2024-09-30,218328522
1389170,TRGP,2024-12-31,217763821
1389170,TRGP,2025-03-31,217461060
1389170,TRGP,2025-06-30,215509429
1389170,TRGP,2025-09-30,214843087
1389170,TRGP,2025-12-31,214662156
1389170,TRGP,2026-03-31,214729502
1389170,TRGP,2026-06-30,214422392
864749,TRMB,2010-01-01,120450000
864749,TRMB,2010-07-02,119307000
864749,TRMB,2010-10-01,119961000
864749,TRMB,2010-12-31,120939000
864749,TRMB,2011-04-01,122561000
864749,TRMB,2011-07-01,122749000
864749,TRMB,2011-09-30,123208000
864749,TRMB,2011-12-30,123663000
864749,TRMB,2012-03-30,125040000
864749,TRMB,2012-06-29,125680000
864749,TRMB,2012-09-28,126075000
864749,TRMB,2012-12-28,254486000
864749,TRMB,2013-03-29,255758000
864749,TRMB,2013-06-28,256566000
864749,TRMB,2013-09-27,257451000
864749,TRMB,2014-01-03,258711000
864749,TRMB,2014-04-04,260832000
864749,TRMB,2014-07-04,261340000
864749,TRMB,2014-10-03,259895000
864749,TRMB,2015-01-02,259200000
864749,TRMB,2015-04-03,259500000
864749,TRMB,2015-07-03,257300000
864749,TRMB,2015-10-02,250000000
864749,TRMB,2016-01-01,250700000
864749,TRMB,2016-04-01,251400000
864749,TRMB,2016-07-01,249200000
864749,TRMB,2016-09-30,250200000
864749,TRMB,2016-12-30,251300000
864749,TRMB,2017-03-31,252600000
864749,TRMB,2017-06-30,253100000
864749,TRMB,2017-09-29,251900000
864749,TRMB,2017-12-29,248900000
864749,TRMB,2018-03-30,248700000
864749,TRMB,2018-06-29,249900000
864749,TRMB,2018-09-28,251100000
864749,TRMB,2018-12-28,250900000
864749,TRMB,2019-03-29,251500000
864749,TRMB,2019-06-28,251800000
864749,TRMB,2019-09-27,249100000
864749,TRMB,2020-01-03,249900000
864749,TRMB,2020-04-03,249700000
864749,TRMB,2020-07-03,250200000
864749,TRMB,2020-10-02,250200000
864749,TRMB,2021-01-01,250800000
864749,TRMB,2021-04-02,250900000
864749,TRMB,2021-07-02,251600000
864749,TRMB,2021-10-01,251000000
864749,TRMB,2021-12-31,250900000
864749,TRMB,2022-04-01,250100000
864749,TRMB,2022-07-01,247600000
864749,TRMB,2022-09-30,246600000
864749,TRMB,2022-12-30,246900000
864749,TRMB,2023-03-31,247400000
864749,TRMB,2023-06-30,248300000
864749,TRMB,2023-09-29,248800000
864749,TRMB,2023-12-29,246500000
864749,TRMB,2024-03-29,244200000
864749,TRMB,2024-06-28,245400000
864749,TRMB,2024-09-27,245800000
864749,TRMB,2025-01-03,245800000
864749,TRMB,2025-04-04,237200000
864749,TRMB,2025-07-04,238000000
864749,TRMB,2025-10-03,237900000
864749,TRMB,2026-01-02,236000000
864749,TRMB,2026-04-03,231700000
864749,TRMB,2026-07-03,233200000
1113169,TROW,2008-12-31,256856000
1113169,TROW,2009-06-30,256022000
1113169,TROW,2009-09-30,257290000
1113169,TROW,2009-12-31,258534000
1113169,TROW,2010-03-31,259423000
1113169,TROW,2010-06-30,257186000
1113169,TROW,2010-09-30,256367000
1113169,TROW,2010-12-31,258760000
1113169,TROW,2011-03-31,259631000
1113169,TROW,2011-06-30,256518000
1113169,TROW,2011-09-30,252775000
1113169,TROW,2011-12-31,253272000
1113169,TROW,2012-03-31,254936000
1113169,TROW,2012-06-30,253718000
1113169,TROW,2012-09-30,254828000
1113169,TROW,2012-12-31,257018000
1113169,TROW,2013-03-31,259257000
1113169,TROW,2013-06-30,260055000
1113169,TROW,2013-09-30,260872000
1113169,TROW,2013-12-31,262073000
1113169,TROW,2014-03-31,262839000
1113169,TROW,2014-06-30,263017000
1113169,TROW,2014-09-30,260655000
1113169,TROW,2014-12-31,261110000
1113169,TROW,2015-03-31,260575000
1113169,TROW,2015-06-30,257428000
1113169,TROW,2015-09-30,251704000
1113169,TROW,2015-12-31,250469000
1113169,TROW,2016-03-31,248130000
1113169,TROW,2016-06-30,248502000
1113169,TROW,2016-09-30,244829000
1113169,TROW,2016-12-31,244784000
1113169,TROW,2017-03-31,241260000
1113169,TROW,2017-06-30,240262000
1113169,TROW,2017-09-30,242214000
1113169,TROW,2017-12-31,245111000
1113169,TROW,2018-03-31,243282000
1113169,TROW,2018-06-30,243180000
1113169,TROW,2018-09-30,242599000
1113169,TROW,2018-12-31,238069000
1113169,TROW,2019-03-31,236432000
1113169,TROW,2019-12-31,235214000
1113169,TROW,2024-12-31,222966000
1113169,TROW,2025-12-31,218565000
86312,TRV,2006-12-31,678300000
86312,TRV,2007-12-31,627800000
86312,TRV,2008-09-30,587200000
86312,TRV,2008-12-31,585100000
86312,TRV,2009-03-31,585300000
86312,TRV,2009-06-30,567500000
86312,TRV,2009-09-30,547900000
86312,TRV,2009-12-31,520300000
86312,TRV,2010-03-31,497000000
86312,TRV,2010-06-30,470800000
86312,TRV,2010-09-30,460500000
86312,TRV,2010-12-31,434600000
86312,TRV,2011-03-31,420300000
86312,TRV,2011-06-30,419500000
86312,TRV,2011-09-30,412800000
86312,TRV,2011-12-31,392800000
86312,TRV,2012-03-31,389800000
86312,TRV,2012-06-30,386000000
86312,TRV,2012-09-30,382000000
86312,TRV,2012-12-31,377400000
86312,TRV,2013-03-31,376400000
86312,TRV,2013-06-30,373500000
86312,TRV,2013-09-30,364100000
86312,TRV,2013-12-31,353500000
86312,TRV,2014-03-31,347500000
86312,TRV,2014-06-30,339000000
86312,TRV,2014-09-30,331400000
86312,TRV,2014-12-31,322200000
86312,TRV,2015-03-31,318700000
86312,TRV,2015-06-30,311200000
86312,TRV,2015-09-30,304200000
86312,TRV,2015-12-31,295900000
86312,TRV,2016-03-31,292400000
86312,TRV,2016-06-30,288300000
86312,TRV,2016-09-30,284100000
86312,TRV,2016-12-31,279600000
86312,TRV,2017-03-31,279400000
86312,TRV,2017-06-30,275900000
86312,TRV,2017-09-30,273700000
86312,TRV,2017-12-31,271400000
86312,TRV,2018-03-31,270200000
86312,TRV,2018-06-30,267700000
86312,TRV,2018-09-30,264800000
86312,TRV,2018-12-31,263600000
86312,TRV,2019-03-31,261900000
86312,TRV,2019-06-30,260300000
86312,TRV,2019-09-30,258100000
86312,TRV,2019-12-31,255500000
86312,TRV,2020-03-31,252800000
86312,TRV,2020-06-30,253200000
86312,TRV,2020-09-30,253300000
86312,TRV,2020-12-31,252400000
86312,TRV,2021-03-31,251500000
86312,TRV,2021-06-30,249500000
86312,TRV,2021-09-30,246000000
86312,TRV,2021-12-31,241200000
86312,TRV,2022-03-31,240000000
86312,TRV,2022-06-30,237300000
86312,TRV,2022-09-30,234300000
86312,TRV,2022-12-31,232100000
86312,TRV,2023-03-31,231000000
86312,TRV,2023-06-30,228900000
86312,TRV,2023-09-30,228400000
86312,TRV,2023-12-31,228200000
86312,TRV,2024-03-31,229000000
86312,TRV,2024-06-30,227900000
86312,TRV,2024-09-30,227000000
86312,TRV,2024-12-31,226600000
86312,TRV,2025-03-31,226600000
86312,TRV,2025-06-30,225100000
86312,TRV,2025-09-30,223000000
86312,TRV,2025-12-31,217500000
86312,TRV,2026-03-31,212600000
86312,TRV,2026-06-30,208600000
916365,TSCO,2009-06-27,35894967
916365,TSCO,2009-09-26,72134232
916365,TSCO,2009-12-26,72152816
916365,TSCO,2010-03-27,72607864
916365,TSCO,2010-06-26,72618530
916365,TSCO,2010-09-25,72797968
916365,TSCO,2010-12-25,72775862
916365,TSCO,2011-03-26,72355000
916365,TSCO,2011-06-25,71592000
916365,TSCO,2011-09-24,71027000
916365,TSCO,2011-12-31,71265000
916365,TSCO,2012-03-31,71875000
916365,TSCO,2012-06-30,71070000
916365,TSCO,2012-09-29,141126000
916365,TSCO,2012-12-29,139007000
916365,TSCO,2013-03-30,138980000
916365,TSCO,2013-06-29,139534000
916365,TSCO,2013-09-28,139587000
916365,TSCO,2013-12-28,139654000
916365,TSCO,2014-03-29,138691000
916365,TSCO,2014-06-28,137989000
916365,TSCO,2014-09-27,136615000
916365,TSCO,2014-12-27,136382000
916365,TSCO,2015-03-28,136615000
916365,TSCO,2015-06-27,135831000
916365,TSCO,2015-09-26,134645000
916365,TSCO,2015-12-26,134224000
916365,TSCO,2016-03-26,133302000
916365,TSCO,2016-06-25,133703000
916365,TSCO,2016-09-24,132428000
916365,TSCO,2016-12-31,130795000
916365,TSCO,2017-04-01,129349000
916365,TSCO,2017-07-01,127231000
916365,TSCO,2017-09-30,125853000
916365,TSCO,2017-12-30,125303000
916365,TSCO,2018-03-31,123059000
916365,TSCO,2018-06-30,121811000
916365,TSCO,2018-09-29,122120000
916365,TSCO,2018-12-29,121828000
916365,TSCO,2019-03-30,120674000
916365,TSCO,2019-06-29,119723000
916365,TSCO,2019-09-28,118480000
916365,TSCO,2019-12-28,118165000
916365,TSCO,2020-03-28,115592000
916365,TSCO,2020-06-27,116180000
916365,TSCO,2020-09-26,116497000
916365,TSCO,2020-12-26,116246000
916365,TSCO,2021-03-27,115587000
916365,TSCO,2021-06-26,114623000
916365,TSCO,2021-09-25,113946000
916365,TSCO,2021-12-25,113125000
916365,TSCO,2022-03-26,112075000
916365,TSCO,2022-06-25,111197000
916365,TSCO,2022-09-24,110587000
916365,TSCO,2022-12-31,110251000
916365,TSCO,2023-04-01,109660000
916365,TSCO,2023-07-01,109058000
916365,TSCO,2023-09-30,108474000
916365,TSCO,2023-12-30,539878000
916365,TSCO,2024-03-30,539457000
916365,TSCO,2024-06-29,537233000
916365,TSCO,2024-09-28,534605000
916365,TSCO,2024-12-28,532191000
916365,TSCO,2025-03-29,531240000
916365,TSCO,2025-06-28,529990000
916365,TSCO,2025-09-27,529042000
916365,TSCO,2025-12-27,527017000
916365,TSCO,2026-03-28,525513000
916365,TSCO,2026-06-27,521845000
1318605,TSLA,2010-12-31,94908370
1318605,TSLA,2011-06-30,103980989
1318605,TSLA,2011-09-30,104188831
1318605,TSLA,2011-12-31,104530305
1318605,TSLA,2012-03-31,105164770
1318605,TSLA,2012-06-30,105323351
1318605,TSLA,2012-09-30,105772431
1318605,TSLA,2012-12-31,114214274
1318605,TSLA,2013-03-31,115161040
1318605,TSLA,2013-06-30,121429665
1318605,TSLA,2013-09-30,122566098
1318605,TSLA,2013-12-31,123090990
1318605,TSLA,2014-03-31,124040756
1318605,TSLA,2014-06-30,124588213
1318605,TSLA,2014-09-30,125366171
1318605,TSLA,2014-12-31,125688000
1318605,TSLA,2015-03-31,126362303
1318605,TSLA,2015-06-30,127100947
1318605,TSLA,2015-09-30,130901000
1318605,TSLA,2015-12-31,131425000
1318605,TSLA,2016-03-31,133858000
1318605,TSLA,2016-06-30,148015000
1318605,TSLA,2016-09-30,149825000
1318605,TSLA,2016-12-31,161561000
1318605,TSLA,2017-03-31,164164000
1318605,TSLA,2017-06-30,166863000
1318605,TSLA,2017-09-30,168017000
1318605,TSLA,2017-12-31,168797000
1318605,TSLA,2018-03-31,169750000
1318605,TSLA,2018-06-30,170516000
1318605,TSLA,2018-09-30,171578000
1318605,TSLA,2018-12-31,173000000
1318605,TSLA,2019-03-31,173682000
1318605,TSLA,2019-06-30,179118000
1318605,TSLA,2019-09-30,180000000
1318605,TSLA,2019-12-31,905000000
1318605,TSLA,2020-03-31,185000000
1318605,TSLA,2020-06-30,186000000
1318605,TSLA,2020-09-30,948000000
1318605,TSLA,2020-12-31,960000000
1318605,TSLA,2021-03-31,963000000
1318605,TSLA,2021-06-30,984000000
1318605,TSLA,2021-09-30,1004000000
1318605,TSLA,2021-12-30,1033000000
1318605,TSLA,2021-12-31,3100000000
1318605,TSLA,2022-03-31,1036000000
1318605,TSLA,2022-06-30,1041000000
1318605,TSLA,2022-09-30,3158000000
1318605,TSLA,2022-12-31,3164000000
1318605,TSLA,2023-03-31,3169000000
1318605,TSLA,2023-06-30,3174000000
1318605,TSLA,2023-09-30,3179000000
1318605,TSLA,2023-12-31,3185000000
1318605,TSLA,2024-03-31,3189000000
1318605,TSLA,2024-06-30,3194000000
1318605,TSLA,2024-09-30,3207000000
1318605,TSLA,2024-12-31,3216000000
1318605,TSLA,2025-03-31,3220000000
1318605,TSLA,2025-06-30,3224000000
1318605,TSLA,2025-09-30,3324000000
1318605,TSLA,2025-12-31,3751000000
1318605,TSLA,2026-03-31,3755000000
1318605,TSLA,2026-06-30,3949000000
1466258,TT,2008-12-31,370813037
1466258,TT,2009-12-31,320616056
1466258,TT,2010-06-30,322.6
1466258,TT,2010-09-30,323200000
1466258,TT,2010-12-31,328200000
1466258,TT,2011-03-31,330900000
1466258,TT,2011-06-30,331800000
1466258,TT,2011-09-30,316000000
1466258,TT,2022-12-31,253300000
1466258,TT,2023-12-31,251700000
1466258,TT,2024-12-31,249000000
946581,TTWO,2009-10-31,81925000
946581,TTWO,2010-03-31,83977000
946581,TTWO,2010-07-31,84152000
946581,TTWO,2010-12-31,84612
946581,TTWO,2011-03-31,86119000
946581,TTWO,2011-06-30,86360000
946581,TTWO,2011-09-30,86366000
946581,TTWO,2011-12-31,90035000
946581,TTWO,2012-03-31,90215000
946581,TTWO,2012-06-30,91071000
946581,TTWO,2012-09-30,92093000
946581,TTWO,2012-12-31,93659000
946581,TTWO,2013-03-31,93743000
946581,TTWO,2013-06-30,94738000
946581,TTWO,2013-09-30,104611000
946581,TTWO,2013-12-31,88549000
946581,TTWO,2014-03-31,88918000
946581,TTWO,2014-06-30,88433000
946581,TTWO,2014-09-30,88442000
946581,TTWO,2014-12-31,88364000
946581,TTWO,2015-03-31,88356000
946581,TTWO,2015-06-30,88332000
946581,TTWO,2015-09-30,86968000
946581,TTWO,2015-12-31,87181000
946581,TTWO,2016-03-31,86573000
946581,TTWO,2016-06-30,87407000
946581,TTWO,2016-09-30,87366000
946581,TTWO,2016-12-31,100798000
946581,TTWO,2017-03-31,102621000
946581,TTWO,2017-06-30,105835000
946581,TTWO,2017-09-30,113531000
946581,TTWO,2017-12-31,114325000
946581,TTWO,2018-03-31,114038000
946581,TTWO,2018-06-30,113509000
946581,TTWO,2018-09-30,113804000
946581,TTWO,2018-12-31,113094000
946581,TTWO,2019-03-31,112181000
946581,TTWO,2019-06-30,113106000
946581,TTWO,2019-09-30,113195000
946581,TTWO,2019-12-31,113350000
946581,TTWO,2020-03-31,113506000
946581,TTWO,2020-06-30,114268000
946581,TTWO,2020-09-30,114928000
946581,TTWO,2020-12-31,115083000
946581,TTWO,2021-03-31,115163000
946581,TTWO,2021-06-30,116425000
946581,TTWO,2021-09-30,115210000
946581,TTWO,2021-12-31,115326000
946581,TTWO,2022-03-31,115400000
946581,TTWO,2022-06-30,166200000
946581,TTWO,2022-09-30,167500000
946581,TTWO,2022-12-31,168500000
946581,TTWO,2023-03-31,168900000
946581,TTWO,2023-06-30,169800000
946581,TTWO,2023-09-30,170000000
946581,TTWO,2023-12-31,170500000
946581,TTWO,2024-03-31,170800000
946581,TTWO,2024-06-30,175200000
946581,TTWO,2024-09-30,175500000
946581,TTWO,2024-12-31,176400000
946581,TTWO,2025-03-31,177100000
946581,TTWO,2025-06-30,184400000
946581,TTWO,2025-09-30,184700000
946581,TTWO,2025-12-31,185100000
946581,TTWO,2026-03-31,185400000
946581,TTWO,2026-06-30,187000000
217346,TXT,2009-01-03,242041000
217346,TXT,2010-01-02,272272000
217346,TXT,2010-04-03,273230000
217346,TXT,2011-01-01,275739000
217346,TXT,2011-04-02,276520000
217346,TXT,2011-07-02,277224000
217346,TXT,2011-10-01,278037000
217346,TXT,2011-12-31,278873000
217346,TXT,2012-03-31,280165000
217346,TXT,2012-06-30,280828000
217346,TXT,2012-09-29,281732000
217346,TXT,2012-12-29,271263000
217346,TXT,2013-03-30,276081000
217346,TXT,2013-06-29,280390000
217346,TXT,2013-09-28,281071000
217346,TXT,2013-12-28,282059000
217346,TXT,2014-03-29,278888000
217346,TXT,2014-06-28,279748000
217346,TXT,2014-09-27,276195000
217346,TXT,2015-01-03,274228000
217346,TXT,2015-04-04,277497000
217346,TXT,2015-07-04,276342000
217346,TXT,2015-10-03,273862000
217346,TXT,2016-01-02,274228000
217346,TXT,2016-04-02,268721000
217346,TXT,2016-07-02,269344000
217346,TXT,2016-10-01,270134000
217346,TXT,2016-12-31,270287000
217346,TXT,2017-04-01,267717000
217346,TXT,2017-07-01,265113000
217346,TXT,2017-09-30,263410000
217346,TXT,2017-12-30,261471000
217346,TXT,2018-03-31,256375000
217346,TXT,2018-06-30,248910000
217346,TXT,2018-09-29,242892000
217346,TXT,2018-12-29,235621000
217346,TXT,2019-03-30,232699000
217346,TXT,2019-06-29,230058000
217346,TXT,2019-09-28,228235000
217346,TXT,2020-01-04,227956000
217346,TXT,2020-04-04,227379000
217346,TXT,2020-07-04,227953000
217346,TXT,2020-10-03,228790000
217346,TXT,2021-01-02,226444000
217346,TXT,2021-04-03,225898000
217346,TXT,2021-07-03,224402000
217346,TXT,2021-10-02,221031000
217346,TXT,2022-01-01,216935000
217346,TXT,2022-04-02,215751000
217346,TXT,2022-07-02,211825000
217346,TXT,2022-10-01,209067000
217346,TXT,2022-12-31,206161000
217346,TXT,2023-04-01,201980000
217346,TXT,2023-07-01,198230000
217346,TXT,2023-09-30,196191000
217346,TXT,2023-12-30,192898000
217346,TXT,2024-03-30,191101000
217346,TXT,2024-06-29,187499000
217346,TXT,2024-09-28,185505000
217346,TXT,2024-12-28,182964000
217346,TXT,2025-03-29,180578000
217346,TXT,2025-06-28,178156000
217346,TXT,2025-09-27,176139000
217346,TXT,2026-01-03,174310000
217346,TXT,2026-04-04,173859000
217346,TXT,2026-07-04,171937000
860731,TYL,2015-12-31,48147969
860731,TYL,2016-06-30,48147969
860731,TYL,2016-09-30,48147969
860731,TYL,2016-12-31,48147969
860731,TYL,2017-03-31,48147969
860731,TYL,2017-06-30,48147969
860731,TYL,2017-09-30,48147969
860731,TYL,2017-12-31,48147969
860731,TYL,2018-03-31,48147969
860731,TYL,2018-06-30,48147969
860731,TYL,2018-09-30,48147969
860731,TYL,2018-12-31,48147969
860731,TYL,2019-03-31,48147969
860731,TYL,2019-06-30,48147969
860731,TYL,2019-09-30,48147969
860731,TYL,2019-12-31,48147969
860731,TYL,2020-03-31,48147969
860731,TYL,2020-06-30,48147969
860731,TYL,2020-09-30,48147969
860731,TYL,2020-12-31,48147969
860731,TYL,2021-03-31,48147969
860731,TYL,2021-06-30,48147969
860731,TYL,2021-09-30,48147969
860731,TYL,2021-12-31,48147969
860731,TYL,2022-03-31,48147969
860731,TYL,2022-06-30,48147969
860731,TYL,2022-09-30,48147969
860731,TYL,2022-12-31,48147969
860731,TYL,2023-03-31,48147969
860731,TYL,2023-06-30,48147969
860731,TYL,2023-09-30,48147969
860731,TYL,2023-12-31,48147969
860731,TYL,2024-03-31,48147969
860731,TYL,2024-06-30,48147969
860731,TYL,2024-09-30,48147969
860731,TYL,2024-12-31,48147969
860731,TYL,2025-03-31,48147969
860731,TYL,2025-06-30,48147969
860731,TYL,2025-09-30,48147969
860731,TYL,2025-12-31,48147969
860731,TYL,2026-03-31,48147969
860731,TYL,2026-06-30,48147969
100517,UAL,2009-12-31,167610620
100517,UAL,2010-06-30,168361795
100517,UAL,2010-09-30,168510288
100517,UAL,2010-12-31,327922565
100517,UAL,2011-03-31,329887195
100517,UAL,2011-06-30,330766357
100517,UAL,2011-09-30,330849396
100517,UAL,2011-12-31,330906192
100517,UAL,2012-03-31,332043357
100517,UAL,2012-06-30,332348502
100517,UAL,2012-09-30,332439588
100517,UAL,2012-12-31,332472779
100517,UAL,2013-03-31,333851337
100517,UAL,2013-06-30,355889762
100517,UAL,2013-09-30,361871040
100517,UAL,2013-12-31,362283555
100517,UAL,2014-03-31,373502963
100517,UAL,2014-06-30,373569662
100517,UAL,2014-09-30,369728970
100517,UAL,2014-12-31,374525916
100517,UAL,2015-03-31,382490693
100517,UAL,2015-06-30,378838875
100517,UAL,2015-09-30,373729883
100517,UAL,2015-12-31,364609108
100517,UAL,2016-03-31,339304625
100517,UAL,2016-06-30,322932096
100517,UAL,2016-09-30,317905672
100517,UAL,2016-12-31,314612744
100517,UAL,2017-03-31,311130231
100517,UAL,2017-06-30,305010180
100517,UAL,2017-09-30,296252431
100517,UAL,2017-12-31,286973195
100517,UAL,2018-03-31,279410451
100517,UAL,2018-06-30,273017840
100517,UAL,2018-09-30,272464412
100517,UAL,2018-12-31,269914769
100517,UAL,2019-03-31,264271125
100517,UAL,2019-06-30,257729166
100517,UAL,2019-09-30,253624406
100517,UAL,2019-12-31,251216381
100517,UAL,2020-03-31,247256855
100517,UAL,2020-06-30,290982216
100517,UAL,2020-09-30,290990454
100517,UAL,2020-12-31,311845232
100517,UAL,2021-03-31,323577438
100517,UAL,2021-06-30,323610765
100517,UAL,2021-09-30,323806610
100517,UAL,2021-12-31,323810825
100517,UAL,2022-03-31,326728861
100517,UAL,2022-06-30,326744101
100517,UAL,2022-09-30,326926963
100517,UAL,2022-12-31,326930321
100517,UAL,2023-03-31,327968615
100517,UAL,2023-06-30,327979189
100517,UAL,2023-09-30,328013283
100517,UAL,2023-12-31,328018739
100517,UAL,2024-03-31,328803086
100517,UAL,2024-06-30,328832139
100517,UAL,2024-09-30,328846178
100517,UAL,2024-12-31,327899771
100517,UAL,2025-03-31,327494648
100517,UAL,2025-06-30,323801715
100517,UAL,2025-09-30,323743462
100517,UAL,2025-12-31,323470682
100517,UAL,2026-03-31,324603702
100517,UAL,2026-06-30,324583772
1543151,UBER,2018-12-31,457189000
1543151,UBER,2019-03-31,457833000
1543151,UBER,2019-06-30,1697614000
1543151,UBER,2019-09-30,1703630000
1543151,UBER,2019-12-31,1716681000
1543151,UBER,2020-03-31,1729850000
1543151,UBER,2020-06-30,1745957000
1543151,UBER,2020-09-30,1760817000
1543151,UBER,2020-12-31,1849794000
1543151,UBER,2021-03-31,1867369000
1543151,UBER,2021-06-30,1880310000
1543151,UBER,2021-09-30,1918591000
1543151,UBER,2021-12-31,1949316000
1543151,UBER,2022-03-31,1959794000
1543151,UBER,2022-06-30,1976225000
1543151,UBER,2022-09-30,1990396000
1543151,UBER,2022-12-31,2005486000
1543151,UBER,2023-03-31,2019194000
1543151,UBER,2023-06-30,2038892000
1543151,UBER,2023-09-30,2053437000
1543151,UBER,2023-12-31,2071144000
1543151,UBER,2024-03-31,2086247000
1543151,UBER,2024-06-30,2097951000
1543151,UBER,2024-09-30,2104178000
1543151,UBER,2024-12-31,2107953000
1543151,UBER,2025-03-31,2091856000
1543151,UBER,2025-06-30,2086768000
1543151,UBER,2025-09-30,2079769000
1543151,UBER,2025-12-31,2067905000
1543151,UBER,2026-03-31,2036424000
1543151,UBER,2026-06-30,2039994000
74208,UDR,2009-12-31,155465482
74208,UDR,2010-06-30,163040383
74208,UDR,2010-09-30,182128994
74208,UDR,2010-12-31,182496330
74208,UDR,2011-03-31,187273833
74208,UDR,2011-06-30,196660518
74208,UDR,2011-09-30,219038779
74208,UDR,2011-12-31,219650225
74208,UDR,2012-03-31,227967573
74208,UDR,2012-06-30,250205424
74208,UDR,2012-09-30,250136597
74208,UDR,2012-12-31,250139408
74208,UDR,2013-03-31,250741559
74208,UDR,2013-06-30,250742325
74208,UDR,2013-09-30,250743021
74208,UDR,2013-12-31,250749665
74208,UDR,2014-03-31,251430708
74208,UDR,2014-06-30,251492420
74208,UDR,2014-09-30,255215905
74208,UDR,2014-12-31,255114603
74208,UDR,2015-03-31,258988739
74208,UDR,2015-06-30,259091257
74208,UDR,2015-09-30,262015237
74208,UDR,2015-12-31,261844521
74208,UDR,2016-03-31,267137288
74208,UDR,2016-06-30,267058578
74208,UDR,2016-09-30,267222186
74208,UDR,2016-12-31,267259469
74208,UDR,2017-03-31,267398819
74208,UDR,2017-06-30,267557894
74208,UDR,2017-09-30,267599391
74208,UDR,2017-12-31,267822069
74208,UDR,2018-03-31,267583892
74208,UDR,2018-06-30,267667437
74208,UDR,2018-09-30,268390557
74208,UDR,2018-12-31,275545900
74208,UDR,2019-03-31,281791932
74208,UDR,2019-06-30,283104643
74208,UDR,2019-09-30,292948423
74208,UDR,2019-12-31,294588305
74208,UDR,2020-03-31,294881038
74208,UDR,2020-06-30,295067779
74208,UDR,2020-09-30,294479942
74208,UDR,2020-12-31,296611579
74208,UDR,2021-03-31,296822363
74208,UDR,2021-06-30,296848024
74208,UDR,2021-09-30,308287019
74208,UDR,2021-12-31,318149635
74208,UDR,2022-03-31,318401530
74208,UDR,2022-06-30,324900864
74208,UDR,2022-09-30,326352154
74208,UDR,2022-12-31,328993088
74208,UDR,2023-03-31,329173125
74208,UDR,2023-06-30,329478476
74208,UDR,2023-09-30,328904161
74208,UDR,2023-12-31,329014512
74208,UDR,2024-03-31,329327553
74208,UDR,2024-06-30,329539663
74208,UDR,2024-09-30,329926696
74208,UDR,2024-12-31,330858719
74208,UDR,2025-03-31,331174564
74208,UDR,2025-06-30,331291669
74208,UDR,2025-09-30,330766065
74208,UDR,2025-12-31,328273044
74208,UDR,2026-03-31,325894030
1403568,ULTA,2010-05-01,58590000
1403568,ULTA,2010-07-31,58860000
1403568,ULTA,2010-10-30,59337000
1403568,ULTA,2011-01-29,60202000
1403568,ULTA,2011-04-30,61072000
1403568,ULTA,2011-07-30,61188000
1403568,ULTA,2011-10-29,61772000
1403568,ULTA,2012-01-28,62209000
1403568,ULTA,2012-04-28,62883000
1403568,ULTA,2012-07-28,63232000
1403568,ULTA,2012-10-27,63765000
1403568,ULTA,2013-02-02,64009000
1403568,ULTA,2013-05-04,63758000
1403568,ULTA,2013-08-03,63914000
1403568,ULTA,2013-11-02,64231000
1403568,ULTA,2014-02-01,64231000
1403568,ULTA,2014-05-03,64324000
1403568,ULTA,2014-08-02,64375000
1403568,ULTA,2014-11-01,64414000
1403568,ULTA,2015-01-31,64184000
1403568,ULTA,2015-05-02,64185000
1403568,ULTA,2015-08-01,64007000
1403568,ULTA,2015-10-31,63765000
1403568,ULTA,2016-01-30,63540000
1403568,ULTA,2016-04-30,62625000
1403568,ULTA,2016-07-30,62402000
1403568,ULTA,2016-10-29,62316000
1403568,ULTA,2017-01-28,62129000
1403568,ULTA,2017-04-29,62075000
1403568,ULTA,2017-07-29,61645000
1403568,ULTA,2017-10-28,61074000
1403568,ULTA,2018-02-03,60822000
1403568,ULTA,2018-05-05,60356000
1403568,ULTA,2018-08-04,59872000
1403568,ULTA,2018-11-03,59461000
1403568,ULTA,2019-02-02,58584000
1403568,ULTA,2019-05-04,58587000
1403568,ULTA,2019-08-03,57810000
1403568,ULTA,2019-11-02,57283000
1403568,ULTA,2020-02-01,56609000
1403568,ULTA,2020-05-02,56312000
1403568,ULTA,2020-08-01,56323000
1403568,ULTA,2020-10-31,56332000
1403568,ULTA,2021-01-30,56260000
1403568,ULTA,2021-05-01,55090000
1403568,ULTA,2021-07-31,54446000
1403568,ULTA,2021-10-30,54170000
1403568,ULTA,2022-01-29,52311000
1403568,ULTA,2022-04-30,52038000
1403568,ULTA,2022-07-30,51332000
1403568,ULTA,2022-10-29,51029000
1403568,ULTA,2023-01-28,50364000
1403568,ULTA,2023-04-29,49932000
1403568,ULTA,2023-07-29,49341000
1403568,ULTA,2023-10-28,48659000
1403568,ULTA,2024-02-03,48324000
1403568,ULTA,2024-05-04,47845000
1403568,ULTA,2024-08-03,47300000
1403568,ULTA,2024-11-02,46569000
1403568,ULTA,2025-02-01,45965000
1403568,ULTA,2025-05-03,45042000
1403568,ULTA,2025-08-02,44875000
1403568,ULTA,2025-11-01,44502000
1403568,ULTA,2026-01-31,44166000
1403568,ULTA,2026-05-02,43247000
1403568,ULTA,2026-08-01,42805000
731766,UNH,2008-12-31,1201000000
731766,UNH,2009-06-30,1151000000
731766,UNH,2009-09-30,1153000000
731766,UNH,2009-12-31,1147000000
731766,UNH,2010-03-31,1133000000
731766,UNH,2010-06-30,1115000000
731766,UNH,2010-09-30,1099000000
731766,UNH,2010-12-31,1086000000
731766,UNH,2011-03-31,1077000000
731766,UNH,2011-06-30,1069000000
731766,UNH,2011-09-30,1054000000
731766,UNH,2011-12-31,1039000000
731766,UNH,2012-03-31,1033000000
731766,UNH,2012-06-30,1024000000
731766,UNH,2012-09-30,1012000000
731766,UNH,2012-12-31,1019000000
731766,UNH,2013-03-31,1013000000
731766,UNH,2013-06-30,1006000000
731766,UNH,2013-09-30,998000000
731766,UNH,2013-12-31,988000000
731766,UNH,2014-03-31,984000000
731766,UNH,2014-06-30,973000000
731766,UNH,2014-09-30,962000000
731766,UNH,2014-12-31,954000000
731766,UNH,2015-03-31,952000000
731766,UNH,2015-06-30,952000000
731766,UNH,2015-09-30,953000000
731766,UNH,2015-12-31,953000000
731766,UNH,2016-03-31,954000000
731766,UNH,2016-06-30,951000000
731766,UNH,2016-09-30,952000000
731766,UNH,2016-12-31,952000000
731766,UNH,2017-03-31,965000000
731766,UNH,2017-06-30,965000000
731766,UNH,2017-09-30,969000000
731766,UNH,2017-12-31,969000000
731766,UNH,2018-03-31,962000000
731766,UNH,2018-06-30,962000000
731766,UNH,2018-09-30,962000000
731766,UNH,2018-12-31,960000000
731766,UNH,2019-03-31,953000000
731766,UNH,2019-06-30,948000000
731766,UNH,2019-09-30,947000000
731766,UNH,2019-12-31,948000000
731766,UNH,2020-03-31,947000000
731766,UNH,2020-06-30,950000000
731766,UNH,2020-09-30,949000000
731766,UNH,2020-12-31,946000000
731766,UNH,2021-03-31,944000000
731766,UNH,2021-06-30,943000000
731766,UNH,2021-09-30,942000000
731766,UNH,2021-12-31,941000000
731766,UNH,2022-03-31,939000000
731766,UNH,2022-06-30,935000000
731766,UNH,2022-09-30,935000000
731766,UNH,2022-12-31,934000000
731766,UNH,2023-03-31,932000000
731766,UNH,2023-06-30,927000000
731766,UNH,2023-09-30,925000000
731766,UNH,2023-12-31,924000000
731766,UNH,2024-03-31,920000000
731766,UNH,2024-06-30,921000000
731766,UNH,2024-09-30,923000000
731766,UNH,2024-12-31,915000000
731766,UNH,2025-03-31,910000000
731766,UNH,2025-06-30,905000000
731766,UNH,2025-09-30,906000000
731766,UNH,2025-12-31,906000000
731766,UNH,2026-03-31,908000000
731766,UNH,2026-06-30,905000000
100885,UNP,2008-12-31,503225705
100885,UNP,2009-06-30,504274996
100885,UNP,2009-09-30,504534252
100885,UNP,2009-12-31,505039952
100885,UNP,2010-03-31,506104823
100885,UNP,2010-06-30,499794656
100885,UNP,2010-09-30,493053819
100885,UNP,2010-12-31,491565880
100885,UNP,2011-03-31,490574164
100885,UNP,2011-06-30,487935652
100885,UNP,2011-09-30,483366930
100885,UNP,2011-12-31,479929530
100885,UNP,2012-03-31,476914329
100885,UNP,2012-06-30,473569397
100885,UNP,2012-09-30,471131047
100885,UNP,2012-12-31,469465273
100885,UNP,2013-03-31,467137922
100885,UNP,2013-06-30,464363763
100885,UNP,2013-09-30,460791613
100885,UNP,2013-12-31,912001996
100885,UNP,2014-03-31,453006906
100885,UNP,2014-06-30,899019384
100885,UNP,2014-09-30,890883634
100885,UNP,2014-12-31,883366476
100885,UNP,2015-03-31,877373800
100885,UNP,2015-06-30,869482511
100885,UNP,2015-09-30,855717446
100885,UNP,2015-12-31,849211436
100885,UNP,2016-03-31,840938941
100885,UNP,2016-06-30,834070465
100885,UNP,2016-09-30,825198874
100885,UNP,2016-12-31,815824413
100885,UNP,2017-03-31,809169124
100885,UNP,2017-06-30,801484015
100885,UNP,2017-09-30,789834578
100885,UNP,2017-12-31,780917756
100885,UNP,2018-03-31,772517399
100885,UNP,2018-06-30,739460041
100885,UNP,2018-09-30,737518106
100885,UNP,2018-12-31,725056690
100885,UNP,2019-03-31,708456092
100885,UNP,2019-06-30,704942478
100885,UNP,2019-09-30,695495657
100885,UNP,2019-12-31,692100651
100885,UNP,2020-03-31,678558571
100885,UNP,2020-06-30,678710739
100885,UNP,2020-09-30,675033254
100885,UNP,2020-12-31,671351360
100885,UNP,2021-03-31,665134519
100885,UNP,2021-06-30,652954892
100885,UNP,2021-09-30,644407285
100885,UNP,2021-12-31,638841656
100885,UNP,2022-03-31,628202430
100885,UNP,2022-06-30,625168003
100885,UNP,2022-09-30,615789169
100885,UNP,2022-12-31,612393321
100885,UNP,2023-03-31,609884944
100885,UNP,2023-06-30,609398738
100885,UNP,2023-12-31,609703814
100885,UNP,2024-03-31,610088307
100885,UNP,2024-06-30,609727377
100885,UNP,2024-09-30,606908876
100885,UNP,2024-12-31,604241260
100885,UNP,2025-03-31,598992024
100885,UNP,2025-06-30,593009409
100885,UNP,2025-09-30,593127096
100885,UNP,2025-12-31,593245884
100885,UNP,2026-03-31,593675922
100885,UNP,2026-06-30,593957035
1067701,URI,2010-12-31,60621338
1067701,URI,2011-06-30,62607743
1067701,URI,2011-09-30,62648356
1067701,URI,2011-12-31,62877530
1067701,URI,2012-03-31,63771860
1067701,URI,2012-06-30,92675165
1067701,URI,2012-09-30,92589656
1067701,URI,2012-12-31,92984016
1067701,URI,2013-03-31,94232796
1067701,URI,2013-06-30,93454763
1067701,URI,2013-09-30,93231395
1067701,URI,2013-12-31,93288936
1067701,URI,2014-03-31,97527696
1067701,URI,2014-06-30,96133712
1067701,URI,2014-09-30,99864348
1067701,URI,2014-12-31,97877580
1067701,URI,2015-03-31,96928055
1067701,URI,2015-06-30,95368939
1067701,URI,2015-09-30,92827300
1067701,URI,2015-12-31,91776436
1067701,URI,2016-03-31,89376656
1067701,URI,2016-06-30,86725103
1067701,URI,2016-09-30,84687234
1067701,URI,2016-12-31,84222042
1067701,URI,2017-03-31,84507242
1067701,URI,2017-06-30,84538835
1067701,URI,2017-09-30,84571724
1067701,URI,2017-12-31,84463662
1067701,URI,2018-03-31,83919748
1067701,URI,2018-06-30,82895244
1067701,URI,2018-09-30,81537040
1067701,URI,2018-12-31,79872956
1067701,URI,2019-03-31,78812644
1067701,URI,2019-06-30,77431831
1067701,URI,2019-09-30,75750691
1067701,URI,2019-12-31,74362195
1067701,URI,2020-03-31,72048137
1067701,URI,2020-06-30,72078661
1067701,URI,2020-09-30,72132246
1067701,URI,2020-12-31,72196648
1067701,URI,2021-03-31,72375351
1067701,URI,2021-06-30,72386879
1067701,URI,2021-09-30,72392992
1067701,URI,2021-12-31,72420566
1067701,URI,2022-03-31,71867762
1067701,URI,2022-06-30,70112526
1067701,URI,2022-09-30,69308052
1067701,URI,2022-12-31,69356981
1067701,URI,2023-03-31,68934902
1067701,URI,2023-06-30,68280874
1067701,URI,2023-09-30,67733679
1067701,URI,2023-12-31,67269577
1067701,URI,2024-03-31,66796805
1067701,URI,2024-06-30,66235191
1067701,URI,2024-09-30,65702533
1067701,URI,2024-12-31,65305731
1067701,URI,2025-03-31,64997902
1067701,URI,2025-06-30,64450115
1067701,URI,2025-09-30,63766498
1067701,URI,2025-12-31,63095970
1067701,URI,2026-03-31,62730346
36104,USB,2009-12-31,1900000000
36104,USB,2010-12-31,1900000000
36104,USB,2011-12-31,1900000000
36104,USB,2012-12-31,1900000000
36104,USB,2013-12-31,1800000000
36104,USB,2014-12-31,1800000000
36104,USB,2015-12-31,1700000000
36104,USB,2016-12-31,1700000000
36104,USB,2017-12-31,1700000000
36104,USB,2018-12-31,1600000000
36104,USB,2019-12-31,1500000000
36104,USB,2020-12-31,1500000000
36104,USB,2021-12-31,1500000000
36104,USB,2022-12-31,1500000000
36104,USB,2023-12-31,1600000000
36104,USB,2024-12-31,1600000000
36104,USB,2025-12-31,1600000000
1393052,VEEV,2013-01-31,24843851
1393052,VEEV,2013-10-31,0
1393052,VEEV,2014-01-31,0
1393052,VEEV,2023-10-31,160965687
1393052,VEEV,2024-01-31,161260172
1393052,VEEV,2024-04-30,161624611
1393052,VEEV,2024-07-31,161830287
1393052,VEEV,2024-10-31,162158468
1393052,VEEV,2025-01-31,162583789
1393052,VEEV,2025-04-30,162975081
1393052,VEEV,2025-07-31,163877694
1393052,VEEV,2025-10-31,164342871
1393052,VEEV,2026-01-31,163778271
1393052,VEEV,2026-04-30,162942747
1393052,VEEV,2026-07-31,161834760
1705696,VICI,2016-12-31,1000
1705696,VICI,2017-09-30,1000
1705696,VICI,2017-12-31,300278938
1705696,VICI,2018-03-31,370128832
1705696,VICI,2018-06-30,370149921
1705696,VICI,2018-09-30,370228468
1705696,VICI,2018-12-31,404729616
1705696,VICI,2019-03-31,410970554
1705696,VICI,2019-06-30,461004546
1705696,VICI,2019-09-30,461005745
1705696,VICI,2019-12-31,461004742
1705696,VICI,2020-03-31,468616540
1705696,VICI,2020-06-30,533667755
1705696,VICI,2020-09-30,536668779
1705696,VICI,2020-12-31,536669722
1705696,VICI,2021-03-31,537015753
1705696,VICI,2021-06-30,537043817
1705696,VICI,2021-09-30,628944887
1705696,VICI,2021-12-31,628942092
1705696,VICI,2022-03-31,748413311
1705696,VICI,2022-06-30,963090985
1705696,VICI,2022-09-30,963093424
1705696,VICI,2022-12-31,963096563
1705696,VICI,2023-03-31,1004204918
1705696,VICI,2023-06-30,1007426510
1705696,VICI,2023-09-30,1016827883
1705696,VICI,2023-12-31,1042702763
1705696,VICI,2024-03-31,1043137031
1705696,VICI,2024-06-30,1043171743
1705696,VICI,2024-09-30,1047172481
1705696,VICI,2024-12-31,1056366685
1705696,VICI,2025-03-31,1056668054
1705696,VICI,2025-06-30,1056705763
1705696,VICI,2025-09-30,1068808694
1705696,VICI,2025-12-31,1068811371
1705696,VICI,2026-03-31,1068988999
1705696,VICI,2026-06-30,1101074906
1967680,VLTO,2022-09-30,0
1967680,VLTO,2022-10-25,0
1967680,VLTO,2022-10-26,246300000
1967680,VLTO,2022-12-31,100
1967680,VLTO,2023-09-29,246300000
1967680,VLTO,2023-12-31,246300000
1967680,VLTO,2024-03-29,246800000
1967680,VLTO,2024-06-28,247100000
1967680,VLTO,2024-09-27,247200000
1967680,VLTO,2024-12-31,247400000
1967680,VLTO,2025-04-04,247800000
1967680,VLTO,2025-07-04,248100000
1967680,VLTO,2025-10-03,248300000
1967680,VLTO,2025-12-31,248400000
1967680,VLTO,2026-04-03,245600000
1396009,VMC,2014-09-30,131703000
1396009,VMC,2014-12-31,131907000
1396009,VMC,2015-03-31,132660000
1396009,VMC,2015-06-30,132984000
1396009,VMC,2015-09-30,133315000
1396009,VMC,2015-12-31,133172000
1396009,VMC,2016-03-31,133348000
1396009,VMC,2016-06-30,133027000
1396009,VMC,2016-09-30,132309000
1396009,VMC,2016-12-31,132339000
1396009,VMC,2017-03-31,132222000
1396009,VMC,2017-06-30,132181000
1396009,VMC,2017-09-30,132281000
1396009,VMC,2017-12-31,132324000
1396009,VMC,2018-03-31,132290000
1396009,VMC,2018-06-30,132268000
1396009,VMC,2018-09-30,132045000
1396009,VMC,2018-12-31,131762000
1396009,VMC,2019-03-31,132069000
1396009,VMC,2019-06-30,132231000
1396009,VMC,2019-09-30,132350000
1396009,VMC,2019-12-31,132371000
1396009,VMC,2020-03-31,132433000
1396009,VMC,2020-06-30,132446000
1396009,VMC,2020-09-30,132454000
1396009,VMC,2020-12-31,132500000
1396009,VMC,2021-03-31,132700000
1396009,VMC,2021-06-30,132700000
1396009,VMC,2021-09-30,132700000
1396009,VMC,2021-12-31,132700000
1396009,VMC,2022-03-31,132900000
1396009,VMC,2022-06-30,132900000
1396009,VMC,2022-09-30,132900000
1396009,VMC,2022-12-31,132900000
1396009,VMC,2023-03-31,133100000
1396009,VMC,2023-06-30,132900000
1396009,VMC,2023-09-30,132900000
1396009,VMC,2023-12-31,132100000
1396009,VMC,2024-03-31,132300000
1396009,VMC,2024-06-30,132100000
1396009,VMC,2024-09-30,132100000
1396009,VMC,2024-12-31,132100000
1396009,VMC,2025-03-31,132100000
1396009,VMC,2025-06-30,132000000
1396009,VMC,2025-09-30,132000000
1396009,VMC,2025-12-31,130600000
1396009,VMC,2026-03-31,130300000
906107,VMRK,2007-12-31,269554661
906107,VMRK,2008-12-31,272786760
906107,VMRK,2009-06-30,273975692
906107,VMRK,2009-09-30,276147420
906107,VMRK,2009-12-31,279959048
906107,VMRK,2010-03-31,282404498
906107,VMRK,2010-06-30,283442674
906107,VMRK,2010-09-30,283971112
906107,VMRK,2010-12-31,290197242
906107,VMRK,2011-03-31,294522273
906107,VMRK,2011-06-30,296280085
906107,VMRK,2011-09-30,296620833
906107,VMRK,2011-12-31,297508185
906107,VMRK,2012-03-31,300522169
906107,VMRK,2012-06-30,300961645
906107,VMRK,2012-09-30,302674716
906107,VMRK,2012-12-31,325054654
906107,VMRK,2013-03-31,360063675
906107,VMRK,2013-06-30,360312049
906107,VMRK,2013-09-30,360395959
906107,VMRK,2013-12-31,360479260
906107,VMRK,2014-03-31,361148189
906107,VMRK,2014-06-30,361562007
906107,VMRK,2014-09-30,362208087
906107,VMRK,2014-12-31,362855454
906107,VMRK,2015-03-31,363968420
906107,VMRK,2015-06-30,364050890
906107,VMRK,2015-09-30,364140040
906107,VMRK,2015-12-31,364755444
906107,VMRK,2016-03-31,365496019
906107,VMRK,2016-06-30,365550636
906107,VMRK,2016-09-30,365657065
906107,VMRK,2016-12-31,365870924
906107,VMRK,2017-03-31,367137757
906107,VMRK,2017-06-30,367298765
906107,VMRK,2017-09-30,367462480
906107,VMRK,2017-12-31,368018082
906107,VMRK,2018-03-31,368211911
906107,VMRK,2018-06-30,368278336
906107,VMRK,2018-09-30,368409586
906107,VMRK,2018-12-31,369405161
906107,VMRK,2019-03-31,370462401
906107,VMRK,2019-06-30,370838810
906107,VMRK,2019-09-30,371327332
906107,VMRK,2019-12-31,371670884
906107,VMRK,2020-03-31,372104054
906107,VMRK,2020-06-30,372209012
906107,VMRK,2020-09-30,372239249
906107,VMRK,2020-12-31,372302000
906107,VMRK,2021-03-31,372917413
906107,VMRK,2021-06-30,374354830
906107,VMRK,2021-09-30,375002588
906107,VMRK,2021-12-31,375527195
906107,VMRK,2022-03-31,375974070
906107,VMRK,2022-06-30,376118433
906107,VMRK,2022-09-30,376169253
906107,VMRK,2022-12-31,378429708
906107,VMRK,2023-03-31,378898221
906107,VMRK,2023-06-30,379032722
906107,VMRK,2023-09-30,379723838
906107,VMRK,2023-12-31,379291417
906107,VMRK,2024-03-31,378939751
906107,VMRK,2024-06-30,379086882
906107,VMRK,2024-09-30,379354738
906107,VMRK,2024-12-31,379475383
906107,VMRK,2025-03-31,379840678
906107,VMRK,2025-06-30,379980440
906107,VMRK,2025-09-30,380546634
906107,VMRK,2025-12-31,377806173
906107,VMRK,2026-03-31,374674719
906107,VMRK,2026-06-30,374893890
1442145,VRSK,2011-12-31,164285227
1442145,VRSK,2012-03-31,165550091
1442145,VRSK,2012-06-30,165721412
1442145,VRSK,2012-09-30,166259163
1442145,VRSK,2014-12-31,157913227
1442145,VRSK,2015-12-31,169424981
1442145,VRSK,2016-12-31,166915772
1442145,VRSK,2017-09-30,164516754
1442145,VRSK,2017-12-31,164878930
1442145,VRSK,2018-03-31,165099769
1442145,VRSK,2018-06-30,164724043
1442145,VRSK,2018-09-30,164810578
1442145,VRSK,2018-12-31,163970410
1442145,VRSK,2019-03-31,163652594
1442145,VRSK,2019-06-30,163874781
1442145,VRSK,2019-09-30,163651530
1442145,VRSK,2019-12-31,163161564
1442145,VRSK,2020-03-31,162498132
1442145,VRSK,2020-06-30,162520246
1442145,VRSK,2020-09-30,162751449
1442145,VRSK,2020-12-31,162817526
1442145,VRSK,2021-03-31,162466592
1442145,VRSK,2021-06-30,161926319
1442145,VRSK,2021-09-30,161415070
1442145,VRSK,2021-12-31,161651639
1442145,VRSK,2022-03-31,158869156
1442145,VRSK,2022-06-30,158257098
1442145,VRSK,2022-09-30,156842018
1442145,VRSK,2022-12-31,154701136
1442145,VRSK,2023-03-31,144551559
1442145,VRSK,2023-06-30,144991302
1442145,VRSK,2023-09-30,144965254
1442145,VRSK,2023-12-31,143308729
1442145,VRSK,2024-03-31,142785185
1442145,VRSK,2024-06-30,142460614
1442145,VRSK,2024-09-30,141396745
1442145,VRSK,2024-12-31,140414637
1442145,VRSK,2025-03-31,139957796
1442145,VRSK,2025-06-30,139700834
1442145,VRSK,2025-09-30,139370402
1442145,VRSK,2025-12-31,138397709
1442145,VRSK,2026-03-31,131016125
1014473,VRSN,2008-12-31,191547795
1014473,VRSN,2009-06-30,192243161
1014473,VRSN,2009-09-30,192271949
1014473,VRSN,2009-12-31,183299463
1014473,VRSN,2010-03-31,182410456
1014473,VRSN,2010-06-30,174907760
1014473,VRSN,2010-09-30,171746536
1014473,VRSN,2010-12-31,172736000
1014473,VRSN,2011-03-31,168413107
1014473,VRSN,2011-06-30,166348000
1014473,VRSN,2011-09-30,159032000
1014473,VRSN,2011-12-31,159422000
1014473,VRSN,2012-03-31,158352000
1014473,VRSN,2012-06-30,156667000
1014473,VRSN,2012-09-30,155541000
1014473,VRSN,2012-12-31,153392000
1014473,VRSN,2013-03-31,151185000
1014473,VRSN,2013-06-30,144121000
1014473,VRSN,2013-09-30,137654000
1014473,VRSN,2013-12-31,133724000
1014473,VRSN,2014-03-31,131994000
1014473,VRSN,2014-06-30,125993000
1014473,VRSN,2014-09-30,122026000
1014473,VRSN,2014-12-31,118452000
1014473,VRSN,2015-03-31,116429000
1014473,VRSN,2015-06-30,114028000
1014473,VRSN,2015-09-30,111891000
1014473,VRSN,2015-12-31,110072000
1014473,VRSN,2016-03-31,108879000
1014473,VRSN,2016-06-30,107180000
1014473,VRSN,2016-09-30,105095000
1014473,VRSN,2016-12-31,103091000
1014473,VRSN,2017-03-31,101843000
1014473,VRSN,2017-06-30,100210000
1014473,VRSN,2017-09-30,98865000
1014473,VRSN,2017-12-31,97591000
1014473,VRSN,2018-03-31,97005000
1014473,VRSN,2018-06-30,122189000
1014473,VRSN,2018-09-30,121158000
1014473,VRSN,2018-12-31,120037000
1014473,VRSN,2019-03-31,119391000
1014473,VRSN,2019-06-30,118548000
1014473,VRSN,2019-09-30,117705000
1014473,VRSN,2019-12-31,116715000
1014473,VRSN,2020-03-31,115701000
1014473,VRSN,2020-06-30,115011000
1014473,VRSN,2020-09-30,114262000
1014473,VRSN,2020-12-31,113470000
1014473,VRSN,2021-03-31,112766000
1014473,VRSN,2021-06-30,112001000
1014473,VRSN,2021-09-30,111283000
1014473,VRSN,2021-12-31,110500000
1014473,VRSN,2022-03-31,109800000
1014473,VRSN,2022-06-30,107800000
1014473,VRSN,2022-09-30,106300000
1014473,VRSN,2022-12-31,105300000
1014473,VRSN,2023-03-31,104300000
1014473,VRSN,2023-06-30,103400000
1014473,VRSN,2023-09-30,102400000
1014473,VRSN,2023-12-31,101300000
1014473,VRSN,2024-03-31,100100000
1014473,VRSN,2024-06-30,98000000
1014473,VRSN,2024-09-30,96400000
1014473,VRSN,2024-12-31,95000000
1014473,VRSN,2025-03-31,94100000
1014473,VRSN,2025-06-30,93600000
1014473,VRSN,2025-09-30,92900000
1014473,VRSN,2025-12-31,91900000
1014473,VRSN,2026-03-31,91100000
1014473,VRSN,2026-06-30,90400000
1674101,VRT,2019-12-31,118261955
1674101,VRT,2020-03-31,328411705
1674101,VRT,2020-06-30,328411705
1674101,VRT,2020-09-30,328411705
1674101,VRT,2020-12-31,342024612
1674101,VRT,2021-03-31,351516790
1674101,VRT,2021-06-30,352331540
1674101,VRT,2021-09-30,352499706
1674101,VRT,2021-12-31,375801857
1674101,VRT,2022-03-31,375991964
1674101,VRT,2022-06-30,376721173
1674101,VRT,2022-09-30,377058727
1674101,VRT,2022-12-31,377368837
1674101,VRT,2023-03-31,379133659
1674101,VRT,2023-06-30,380365639
1674101,VRT,2023-09-30,381349156
1674101,VRT,2023-12-31,381788876
1674101,VRT,2024-03-31,373969346
1674101,VRT,2024-06-30,375113127
1674101,VRT,2024-09-30,375249753
1674101,VRT,2024-12-31,380703974
1674101,VRT,2025-03-31,381001144
1674101,VRT,2025-06-30,381803828
1674101,VRT,2025-09-30,382258808
1674101,VRT,2025-12-31,382553680
1674101,VRT,2026-03-31,383954111
1674101,VRT,2026-06-30,384936985
875320,VRTX,2009-12-31,199955023
875320,VRTX,2010-03-31,202122797
875320,VRTX,2010-06-30,202532925
875320,VRTX,2010-09-30,203100532
875320,VRTX,2010-12-31,203522976
875320,VRTX,2011-03-31,205458006
875320,VRTX,2011-06-30,207473193
875320,VRTX,2011-09-30,208460778
875320,VRTX,2011-12-31,209303995
875320,VRTX,2012-03-31,210863353
875320,VRTX,2012-06-30,215434666
875320,VRTX,2012-09-30,216341505
875320,VRTX,2012-12-31,217286868
875320,VRTX,2013-03-31,218651704
875320,VRTX,2013-09-30,233592201
875320,VRTX,2013-12-31,233788852
875320,VRTX,2014-03-31,236201333
875320,VRTX,2014-06-30,237331086
875320,VRTX,2014-09-30,240238090
875320,VRTX,2014-12-31,241764398
875320,VRTX,2015-03-31,243580032
875320,VRTX,2015-06-30,244341701
875320,VRTX,2015-09-30,245646269
875320,VRTX,2015-12-31,246306818
875320,VRTX,2016-03-31,247286705
875320,VRTX,2016-06-30,247703932
875320,VRTX,2016-09-30,248028962
875320,VRTX,2016-12-31,248300517
875320,VRTX,2017-03-31,248890834
875320,VRTX,2017-06-30,250769906
875320,VRTX,2017-09-30,252683346
875320,VRTX,2017-12-31,253253362
875320,VRTX,2018-03-31,254867865
875320,VRTX,2018-06-30,254882837
875320,VRTX,2018-09-30,255610812
875320,VRTX,2018-12-31,255172000
875320,VRTX,2019-03-31,256351000
875320,VRTX,2019-06-30,256671000
875320,VRTX,2019-09-30,257265000
875320,VRTX,2019-12-31,258993000
875320,VRTX,2020-03-31,259079000
875320,VRTX,2020-06-30,260124000
875320,VRTX,2020-09-30,260174000
875320,VRTX,2020-12-31,259889549
875320,VRTX,2021-03-31,258829000
875320,VRTX,2021-06-30,259114000
875320,VRTX,2021-09-30,256206000
875320,VRTX,2021-12-31,254479046
875320,VRTX,2022-03-31,255574961
875320,VRTX,2022-06-30,256026201
875320,VRTX,2022-09-30,256645737
875320,VRTX,2022-12-31,257011628
875320,VRTX,2023-03-31,257509761
875320,VRTX,2023-06-30,257792648
875320,VRTX,2023-09-30,257828508
875320,VRTX,2023-12-31,257695221
875320,VRTX,2024-03-31,258296249
875320,VRTX,2024-06-30,258015301
875320,VRTX,2024-09-30,257739599
875320,VRTX,2024-12-31,256940382
875320,VRTX,2025-03-31,256967767
875320,VRTX,2025-06-30,256293058
875320,VRTX,2025-09-30,253951475
875320,VRTX,2025-12-31,253991224
875320,VRTX,2026-03-31,254163953
875320,VRTX,2026-06-30,253347555
1692819,VST,2016-10-03,0
1692819,VST,2016-12-31,427580232
1692819,VST,2017-03-31,427587401
1692819,VST,2017-06-30,427587401
1692819,VST,2017-09-30,427597368
1692819,VST,2017-12-31,428398802
1692819,VST,2018-03-31,428506325
1692819,VST,2018-04-09,522932453
1692819,VST,2018-06-30,521214879
1692819,VST,2018-09-30,507391134
1692819,VST,2018-12-31,493215309
1692819,VST,2019-03-31,484235663
1692819,VST,2019-06-30,476166856
1692819,VST,2019-09-30,487783432
1692819,VST,2019-12-31,487698111
1692819,VST,2020-03-31,488448029
1692819,VST,2020-06-30,488772572
1692819,VST,2020-09-30,488874505
1692819,VST,2020-12-31,489305888
1692819,VST,2021-03-31,481468094
1692819,VST,2021-06-30,482468556
1692819,VST,2021-09-30,482551344
1692819,VST,2021-12-31,469072597
1692819,VST,2022-03-31,438694982
1692819,VST,2022-06-30,420839230
1692819,VST,2022-09-30,405444072
1692819,VST,2022-12-31,389754870
1692819,VST,2023-03-31,378648599
1692819,VST,2023-06-30,369625544
1692819,VST,2023-09-30,362113659
1692819,VST,2023-12-31,351457016
1692819,VST,2024-03-31,348733986
1692819,VST,2024-06-30,345293460
1692819,VST,2024-09-30,340717442
1692819,VST,2024-12-31,339754307
1692819,VST,2025-03-31,340048488
1692819,VST,2025-06-30,339121861
1692819,VST,2025-09-30,338679644
1692819,VST,2025-12-31,338059635
1692819,VST,2026-03-31,338079954
1692819,VST,2026-06-30,335961328
740260,VTR,2022-12-31,399707000
740260,VTR,2023-03-31,400055000
740260,VTR,2023-06-30,400620000
740260,VTR,2023-09-30,402381000
740260,VTR,2023-12-31,402380000
740260,VTR,2024-03-31,404433000
740260,VTR,2024-06-30,413154000
740260,VTR,2024-09-30,419267000
740260,VTR,2024-12-31,437085000
740260,VTR,2025-03-31,451211000
740260,VTR,2025-06-30,454249000
740260,VTR,2025-09-30,469449000
740260,VTR,2025-12-31,474926000
740260,VTR,2026-03-31,486097000
740260,VTR,2026-06-30,512946000
1792044,VTRS,2019-12-31,100
1792044,VTRS,2020-03-29,100
1792044,VTRS,2020-06-28,100
1792044,VTRS,2020-09-27,100
943452,WAB,2009-12-31,47688695
943452,WAB,2010-06-30,47964756
943452,WAB,2010-09-30,47940596
943452,WAB,2010-12-31,47954085
943452,WAB,2011-03-31,48172163
943452,WAB,2011-06-30,48245427
943452,WAB,2011-09-30,47965077
943452,WAB,2011-12-31,47946360
943452,WAB,2012-03-31,48167017
943452,WAB,2012-06-30,47885466
943452,WAB,2012-09-30,47887204
943452,WAB,2012-12-31,95407368
943452,WAB,2013-03-31,48093949
943452,WAB,2013-06-30,96270889
943452,WAB,2013-09-30,96304944
943452,WAB,2013-12-31,95909948
943452,WAB,2014-03-31,96448365
943452,WAB,2014-06-30,96309478
943452,WAB,2014-09-30,96254818
943452,WAB,2014-12-31,96274395
943452,WAB,2015-03-31,96610455
943452,WAB,2015-06-30,96666083
943452,WAB,2015-09-30,96478084
943452,WAB,2015-12-31,91836106
943452,WAB,2016-03-31,90104136
943452,WAB,2016-06-30,90119492
943452,WAB,2016-09-30,89065387
943452,WAB,2016-12-31,95425432
943452,WAB,2017-03-31,95896236
943452,WAB,2017-06-30,95984443
943452,WAB,2017-09-30,95999582
943452,WAB,2017-12-31,96034352
943452,WAB,2018-03-31,96227365
943452,WAB,2018-06-30,96386379
943452,WAB,2018-09-30,96606946
943452,WAB,2018-12-31,96614946
943452,WAB,2019-03-31,162817600
943452,WAB,2019-06-30,188183106
943452,WAB,2019-09-30,191676482
943452,WAB,2019-12-31,191700000
943452,WAB,2020-03-31,190277837
943452,WAB,2020-06-30,190300000
943452,WAB,2020-09-30,190300000
943452,WAB,2020-12-31,188900000
943452,WAB,2021-03-31,188900000
943452,WAB,2021-06-30,189000000
943452,WAB,2021-09-30,186800000
943452,WAB,2021-12-31,185800000
943452,WAB,2022-03-31,182900000
943452,WAB,2022-06-30,181900000
943452,WAB,2022-09-30,181900000
943452,WAB,2022-12-31,181200000
943452,WAB,2023-03-31,179800000
943452,WAB,2023-06-30,179100000
943452,WAB,2023-09-30,179100000
943452,WAB,2023-12-31,177800000
943452,WAB,2024-03-31,176800000
943452,WAB,2024-06-30,175600000
943452,WAB,2024-09-30,171900000
943452,WAB,2024-12-31,171300000
943452,WAB,2025-03-31,171100000
943452,WAB,2025-06-30,170900000
943452,WAB,2025-09-30,170900000
943452,WAB,2025-12-31,170600000
943452,WAB,2026-03-31,169900000
943452,WAB,2026-06-30,169100000
1000697,WAT,2008-12-31,97891000
1000697,WAT,2009-07-04,95478000
1000697,WAT,2009-10-03,94666000
1000697,WAT,2009-12-31,94118000
1000697,WAT,2010-04-03,92846000
1000697,WAT,2010-07-03,92022000
1000697,WAT,2010-10-02,91210000
1000697,WAT,2010-12-31,91848000
1000697,WAT,2011-04-02,91532000
1000697,WAT,2011-07-02,91369000
1000697,WAT,2011-10-01,89584000
1000697,WAT,2011-12-31,88996000
1000697,WAT,2012-03-31,88835000
1000697,WAT,2012-06-30,87663000
1000697,WAT,2012-09-29,86926000
1000697,WAT,2012-12-31,86390000
1000697,WAT,2013-03-30,85659000
1000697,WAT,2013-06-29,85197000
1000697,WAT,2013-09-28,84931000
1000697,WAT,2013-12-31,84819000
1000697,WAT,2014-03-29,84778000
1000697,WAT,2014-06-28,83941000
1000697,WAT,2014-09-27,83242000
1000697,WAT,2014-12-31,83147000
1000697,WAT,2015-04-04,82701000
1000697,WAT,2015-07-04,82260000
1000697,WAT,2015-10-03,81654000
1000697,WAT,2015-12-31,81472000
1000697,WAT,2016-04-02,80919000
1000697,WAT,2016-07-02,80537000
1000697,WAT,2016-10-01,80561000
1000697,WAT,2016-12-31,80023000
1000697,WAT,2017-04-01,80001000
1000697,WAT,2017-07-01,79811000
1000697,WAT,2017-09-30,79522000
1000697,WAT,2017-12-31,79337000
1000697,WAT,2018-03-31,78319000
1000697,WAT,2018-06-30,77032000
1000697,WAT,2018-09-29,75730000
1000697,WAT,2018-12-31,73115000
1000697,WAT,2019-03-30,70136000
1000697,WAT,2019-06-29,67620000
1000697,WAT,2019-09-28,65117000
1000697,WAT,2019-12-31,62587000
1000697,WAT,2020-03-28,61896000
1000697,WAT,2020-06-27,61916000
1000697,WAT,2020-09-26,62024000
1000697,WAT,2020-12-31,62309000
1000697,WAT,2021-04-03,61847000
1000697,WAT,2021-07-03,61481000
1000697,WAT,2021-10-02,61167000
1000697,WAT,2021-12-31,60728000
1000697,WAT,2022-04-02,60372000
1000697,WAT,2022-07-02,59988000
1000697,WAT,2022-10-01,59534000
1000697,WAT,2022-12-31,59104000
1000697,WAT,2023-04-01,59020000
1000697,WAT,2023-07-01,59046000
1000697,WAT,2023-09-30,59116000
1000697,WAT,2023-12-31,59176
1000697,WAT,2024-03-30,59310000
1000697,WAT,2024-06-29,59353000
1000697,WAT,2024-09-28,59367000
1000697,WAT,2024-12-31,59388000
1000697,WAT,2025-03-29,59498000
1000697,WAT,2025-06-28,59514000
1000697,WAT,2025-09-27,59525000
1000697,WAT,2025-12-31,59549000
1000697,WAT,2026-04-04,98166000
1000697,WAT,2026-07-04,98225000
1437107,WBD,2021-12-31,169000000
1437107,WBD,2022-12-31,2430000000
1437107,WBD,2023-03-31,2436000000
1437107,WBD,2023-06-30,2437000000
1437107,WBD,2023-09-30,2438000000
1437107,WBD,2023-12-31,2439000000
1437107,WBD,2024-03-31,2449000000
1437107,WBD,2024-06-30,2451000000
1437107,WBD,2024-09-30,2452000000
1437107,WBD,2024-12-31,2454000000
1437107,WBD,2025-03-31,2473000000
1437107,WBD,2025-06-30,2475000000
1437107,WBD,2025-09-30,2477000000
1437107,WBD,2025-12-31,2480000000
1437107,WBD,2026-03-31,2507000000
1437107,WBD,2026-06-30,2508000000
1327811,WDAY,2012-01-31,36000000
1327811,WDAY,2012-10-31,0
106040,WDC,2009-07-03,225000000
106040,WDC,2009-10-02,225000000
106040,WDC,2010-01-01,228000000
106040,WDC,2010-04-02,229000000
106040,WDC,2010-07-02,231000000
106040,WDC,2010-10-01,230000000
106040,WDC,2010-12-31,232000000
106040,WDC,2011-04-01,232000000
106040,WDC,2011-07-01,233000000
106040,WDC,2011-09-30,234000000
106040,WDC,2011-12-30,235000000
106040,WDC,2012-03-30,261000000
106040,WDC,2012-06-29,246000000
106040,WDC,2012-09-28,243000000
106040,WDC,2012-12-28,241000000
106040,WDC,2013-03-29,238000000
106040,WDC,2013-06-28,237000000
106040,WDC,2013-09-27,236000000
106040,WDC,2013-12-27,237000000
106040,WDC,2014-03-28,235000000
106040,WDC,2014-06-27,234000000
106040,WDC,2014-10-03,234000000
106040,WDC,2015-01-02,232000000
106040,WDC,2015-04-03,231000000
106040,WDC,2015-07-03,230000000
106040,WDC,2015-10-02,231000000
106040,WDC,2016-01-01,232000000
106040,WDC,2016-04-01,233000000
106040,WDC,2016-07-01,284000000
106040,WDC,2016-12-30,288000000
106040,WDC,2017-03-31,291000000
106040,WDC,2017-06-30,294000000
106040,WDC,2017-09-29,295000000
106040,WDC,2017-12-29,297000000
106040,WDC,2018-03-30,299000000
106040,WDC,2018-06-29,296000000
106040,WDC,2018-09-28,289000000
106040,WDC,2018-12-28,291000000
106040,WDC,2019-03-29,293000000
106040,WDC,2019-06-28,295000000
106040,WDC,2019-10-04,298000000
106040,WDC,2020-01-03,299000000
106040,WDC,2020-04-03,300000000
106040,WDC,2020-07-03,302000000
106040,WDC,2020-10-02,304000000
106040,WDC,2021-01-01,306000000
106040,WDC,2021-04-02,306000000
106040,WDC,2021-07-02,308000000
106040,WDC,2021-10-01,311000000
106040,WDC,2021-12-31,313000000
106040,WDC,2022-04-01,313000000
106040,WDC,2022-07-01,315000000
106040,WDC,2022-09-30,318000000
106040,WDC,2022-12-30,319000000
106040,WDC,2023-03-31,320000000
106040,WDC,2023-06-30,322000000
106040,WDC,2023-09-29,324000000
106040,WDC,2023-12-29,326000000
106040,WDC,2024-03-29,326000000
106040,WDC,2024-06-28,343000000
106040,WDC,2024-09-27,346000000
106040,WDC,2024-12-27,348000000
106040,WDC,2025-03-28,349000000
106040,WDC,2025-06-27,347000000
106040,WDC,2025-10-03,342000000
106040,WDC,2026-01-02,340000000
106040,WDC,2026-04-03,345000000
106040,WDC,2026-07-03,361000000
783325,WEC,2009-12-31,116908346
783325,WEC,2010-12-31,233771194
783325,WEC,2011-12-31,230486804
783325,WEC,2012-12-31,229039456
783325,WEC,2013-12-31,225962959
783325,WEC,2014-12-31,225517339
783325,WEC,2015-09-30,315684451
783325,WEC,2015-12-31,315683496
783325,WEC,2016-03-31,315647207
783325,WEC,2016-06-30,315619968
783325,WEC,2016-09-30,315617299
783325,WEC,2016-12-31,315614941
783325,WEC,2017-03-31,315579222
783325,WEC,2017-06-30,315576571
783325,WEC,2017-09-30,315575562
783325,WEC,2017-12-31,315574624
783325,WEC,2018-03-31,315538808
783325,WEC,2018-06-30,315533448
783325,WEC,2018-09-30,315526051
783325,WEC,2018-12-31,315523192
783325,WEC,2019-03-31,315438398
783325,WEC,2019-06-30,315435820
783325,WEC,2019-09-30,315435595
783325,WEC,2019-12-31,315434531
783325,WEC,2020-03-31,315434531
783325,WEC,2020-06-30,315434531
783325,WEC,2020-09-30,315434531
783325,WEC,2020-12-31,315434531
783325,WEC,2021-03-31,315434531
783325,WEC,2021-06-30,315434531
783325,WEC,2021-09-30,315434531
783325,WEC,2021-12-31,315434531
783325,WEC,2022-03-31,315434531
783325,WEC,2022-06-30,315434531
783325,WEC,2022-09-30,315434531
783325,WEC,2022-12-31,315434531
783325,WEC,2023-03-31,315434531
783325,WEC,2023-06-30,315434531
783325,WEC,2023-09-30,315434531
783325,WEC,2023-12-31,315434531
783325,WEC,2024-03-31,315822587
783325,WEC,2024-06-30,316079401
783325,WEC,2024-09-30,316354446
783325,WEC,2024-12-31,317680855
783325,WEC,2025-03-31,319133501
783325,WEC,2025-06-30,321866395
783325,WEC,2025-09-30,325294252
783325,WEC,2025-12-31,325461519
783325,WEC,2026-03-31,325725678
783325,WEC,2026-06-30,325849383
766704,WELL,2010-12-31,147097381
766704,WELL,2011-03-31,176619623
766704,WELL,2011-06-30,177327590
766704,WELL,2011-09-30,178779343
766704,WELL,2011-12-31,192275248
766704,WELL,2012-03-31,213682073
766704,WELL,2012-06-30,214690843
766704,WELL,2012-12-31,260373754
766704,WELL,2013-03-31,261432764
766704,WELL,2013-06-30,285232381
766704,WELL,2013-09-30,288360031
766704,WELL,2013-12-31,289563651
766704,WELL,2014-03-31,291084415
766704,WELL,2014-06-30,308329737
766704,WELL,2014-09-30,327429765
766704,WELL,2014-12-31,328790066
766704,WELL,2015-03-31,350471798
766704,WELL,2015-06-30,351573700
766704,WELL,2015-09-30,352998274
766704,WELL,2015-12-31,354777670
766704,WELL,2016-03-31,356772720
766704,WELL,2016-06-30,357689980
766704,WELL,2016-09-30,362424770
766704,WELL,2016-12-31,362602173
766704,WELL,2017-03-31,364563653
766704,WELL,2017-06-30,368878042
766704,WELL,2017-09-30,370341635
766704,WELL,2017-12-31,371731551
766704,WELL,2018-03-31,371970655
766704,WELL,2018-06-30,372029607
766704,WELL,2018-09-30,375576579
766704,WELL,2018-12-31,383674603
766704,WELL,2019-03-31,403740032
766704,WELL,2019-06-30,405254113
766704,WELL,2019-09-30,405757860
766704,WELL,2019-12-31,410256615
766704,WELL,2020-03-31,417390540
766704,WELL,2020-06-30,417302448
766704,WELL,2020-09-30,417305044
766704,WELL,2020-12-31,417400602
766704,WELL,2021-03-31,417520420
766704,WELL,2021-06-30,422561863
766704,WELL,2021-09-30,435273885
766704,WELL,2021-12-31,447239477
766704,WELL,2022-03-31,453948046
766704,WELL,2022-06-30,463369237
766704,WELL,2022-09-30,472516526
766704,WELL,2022-12-31,490508937
766704,WELL,2023-03-31,496294516
766704,WELL,2023-06-30,508159453
766704,WELL,2023-09-30,532268482
766704,WELL,2023-12-31,564241181
766704,WELL,2024-03-31,590934192
766704,WELL,2024-06-30,608150705
766704,WELL,2024-09-30,618395510
766704,WELL,2024-12-31,635289329
766704,WELL,2025-03-31,651889055
766704,WELL,2025-06-30,665119829
766704,WELL,2025-09-30,684108350
766704,WELL,2025-12-31,696507255
766704,WELL,2026-03-31,704686814
72971,WFC,2022-12-31,3833800000
72971,WFC,2023-12-31,3598900000
72971,WFC,2024-03-31,3501700000
72971,WFC,2024-06-30,3402700000
72971,WFC,2024-09-30,3345500000
72971,WFC,2024-12-31,3288900000
72971,WFC,2025-03-31,3261700000
72971,WFC,2025-06-30,3220400000
72971,WFC,2025-09-30,3148900000
72971,WFC,2025-12-31,3092600000
72971,WFC,2026-03-31,3064300000
72971,WFC,2026-06-30,3028500000
823768,WM,2008-12-31,490700000
823768,WM,2009-06-30,492200000
823768,WM,2009-09-30,490600000
823768,WM,2009-12-31,486100000
823768,WM,2010-03-31,483800000
823768,WM,2010-06-30,478900000
823768,WM,2010-09-30,475700000
823768,WM,2010-12-31,475000000
823768,WM,2011-03-31,474700000
823768,WM,2011-06-30,472300000
823768,WM,2011-09-30,461200000
823768,WM,2011-12-31,460500000
823768,WM,2012-03-31,462700000
823768,WM,2012-06-30,463000000
823768,WM,2012-09-30,463900000
823768,WM,2012-12-31,464200000
823768,WM,2013-03-31,466500000
823768,WM,2013-06-30,468100000
823768,WM,2013-09-30,469200000
823768,WM,2013-12-31,464300000
823768,WM,2014-03-31,465300000
823768,WM,2014-06-30,465900000
823768,WM,2014-09-30,457900000
823768,WM,2014-12-31,458500000
823768,WM,2015-03-31,457800000
823768,WM,2015-06-30,451800000
823768,WM,2015-09-30,446500000
823768,WM,2015-12-31,447200000
823768,WM,2016-03-31,444700000
823768,WM,2016-06-30,441700000
823768,WM,2016-09-30,442000000
823768,WM,2016-12-31,439300000
823768,WM,2017-03-31,441900000
823768,WM,2017-06-30,439700000
823768,WM,2017-09-30,434200000
823768,WM,2017-12-31,433300000
823768,WM,2018-03-31,431800000
823768,WM,2018-06-30,428400000
823768,WM,2018-09-30,427100000
823768,WM,2018-12-31,424000000
823768,WM,2019-03-31,424700000
823768,WM,2019-06-30,423800000
823768,WM,2019-09-30,424200000
823768,WM,2019-12-31,424300000
823768,WM,2020-03-31,422000000
823768,WM,2020-06-30,422200000
823768,WM,2020-09-30,422600000
823768,WM,2020-12-31,422800000
823768,WM,2021-03-31,422100000
823768,WM,2021-06-30,420800000
823768,WM,2021-09-30,418300000
823768,WM,2021-12-31,416100000
823768,WM,2022-03-31,415200000
823768,WM,2022-06-30,413300000
823768,WM,2022-09-30,410500000
823768,WM,2022-12-31,407900000
823768,WM,2023-03-31,406800000
823768,WM,2023-06-30,404900000
823768,WM,2023-09-30,402800000
823768,WM,2023-12-31,401500000
823768,WM,2024-03-31,401300000
823768,WM,2024-06-30,401100000
823768,WM,2024-09-30,401400000
823768,WM,2024-12-31,401500000
823768,WM,2025-03-31,402400000
823768,WM,2025-06-30,402600000
823768,WM,2025-09-30,402900000
823768,WM,2025-12-31,402900000
823768,WM,2026-03-31,402300000
823768,WM,2026-06-30,400000000
104169,WMT,2009-01-31,3925000000
104169,WMT,2010-01-31,3786000000
104169,WMT,2011-01-31,3516000000
104169,WMT,2012-01-31,3418000000
11544,WRB,2008-12-31,161467000
11544,WRB,2009-12-31,156552000
11544,WRB,2010-06-30,148421425
11544,WRB,2010-09-30,145203276
11544,WRB,2010-12-31,141009834
11544,WRB,2011-03-31,141009834
11544,WRB,2011-06-30,140911472
11544,WRB,2011-09-30,137082096
11544,WRB,2011-12-31,137520019
11544,WRB,2012-03-31,138274272000
11544,WRB,2012-06-30,137167115000
11544,WRB,2012-09-30,135956622000
11544,WRB,2012-12-31,136017732
11544,WRB,2013-03-31,136028287000
11544,WRB,2013-06-30,135308430
11544,WRB,2013-09-30,135058372
11544,WRB,2013-12-31,132233167
11544,WRB,2014-03-31,127580268
11544,WRB,2014-06-30,127613325
11544,WRB,2014-09-30,127613325
11544,WRB,2014-12-31,126748836
11544,WRB,2015-06-30,127613325
11544,WRB,2015-09-30,127613325
11544,WRB,2015-12-31,123307837
11544,WRB,2016-03-31,0
11544,WRB,2016-06-30,122641527
11544,WRB,2016-09-30,122641527
11544,WRB,2016-12-31,181790399
11544,WRB,2017-03-31,122641527
11544,WRB,2017-06-30,121271028
11544,WRB,2017-09-30,121769109
11544,WRB,2017-12-31,182272278
11544,WRB,2018-03-31,121543951
11544,WRB,2018-06-30,121716402
11544,WRB,2018-09-30,122117763
11544,WRB,2018-12-31,182993640
11544,WRB,2019-03-31,183024006
11544,WRB,2019-06-30,183168398
11544,WRB,2019-09-30,183674147
11544,WRB,2019-12-31,275117861
11544,WRB,2020-03-31,179836714
11544,WRB,2020-06-30,177930502
11544,WRB,2020-09-30,178217537
11544,WRB,2020-12-31,266737725
11544,WRB,2021-03-31,177372943
11544,WRB,2021-06-30,177413970
11544,WRB,2021-09-30,176638884
11544,WRB,2021-12-31,397756323
11544,WRB,2022-03-31,265186251
11544,WRB,2022-06-30,265272980
11544,WRB,2022-09-30,265801717
11544,WRB,2022-12-31,396819150
11544,WRB,2023-03-31,262536530
11544,WRB,2023-06-30,257516572
11544,WRB,2023-09-30,258043531
11544,WRB,2023-12-31,384817136
11544,WRB,2024-03-31,256548669
11544,WRB,2024-06-30,380646644
11544,WRB,2024-09-30,381189906
11544,WRB,2024-12-31,380066070
11544,WRB,2025-03-31,379312871
11544,WRB,2025-06-30,379385332
11544,WRB,2025-09-30,379877184
11544,WRB,2025-12-31,377155799
11544,WRB,2026-03-31,372699681
11544,WRB,2026-06-30,371057782
719955,WSM,2009-08-02,105732000
719955,WSM,2009-11-01,105950000
719955,WSM,2010-01-31,106962000
719955,WSM,2010-05-02,107931000
719955,WSM,2010-08-01,106483000
719955,WSM,2010-10-31,105422000
719955,WSM,2011-01-30,104888000
719955,WSM,2011-05-01,104667000
719955,WSM,2011-07-31,103992000
719955,WSM,2011-10-30,103049000
719955,WSM,2012-01-29,100451000
719955,WSM,2012-04-29,99370000
719955,WSM,2012-07-29,98687000
719955,WSM,2012-10-28,98095000
719955,WSM,2013-02-03,97734000
719955,WSM,2013-05-05,97309000
719955,WSM,2013-08-04,95839000
719955,WSM,2013-11-03,94379000
719955,WSM,2014-02-02,94049000
719955,WSM,2014-05-04,94184000
719955,WSM,2014-08-03,93414000
719955,WSM,2014-11-02,92219000
719955,WSM,2015-02-01,91891000
719955,WSM,2015-05-03,91644000
719955,WSM,2015-08-02,90860000
719955,WSM,2015-11-01,90010000
719955,WSM,2016-01-31,89563000
719955,WSM,2016-05-01,89350000
719955,WSM,2016-07-31,88738000
719955,WSM,2016-10-30,88014000
719955,WSM,2017-01-29,87325000
719955,WSM,2017-04-30,86883000
719955,WSM,2017-07-30,85754000
719955,WSM,2017-10-29,84478000
719955,WSM,2018-01-28,83726000
719955,WSM,2018-04-29,83222000
719955,WSM,2018-07-29,80988000
719955,WSM,2018-10-28,80282000
719955,WSM,2019-02-03,78813
719955,WSM,2019-05-05,78808
719955,WSM,2019-08-04,78203000
719955,WSM,2019-11-03,77612000
719955,WSM,2020-02-02,77137000
719955,WSM,2020-05-03,77759000
719955,WSM,2020-08-02,77796000
719955,WSM,2020-11-01,76697000
719955,WSM,2021-01-31,76340000
719955,WSM,2021-05-02,75235000
719955,WSM,2021-08-01,74426000
719955,WSM,2021-10-31,73326000
719955,WSM,2022-01-30,71982000
719955,WSM,2022-05-01,69219000
719955,WSM,2022-07-31,67057000
719955,WSM,2022-10-30,66556000
719955,WSM,2023-01-29,66226000
719955,WSM,2023-04-30,64222000
719955,WSM,2023-07-30,128289000
719955,WSM,2023-10-29,128270000
719955,WSM,2024-01-28,128301000
719955,WSM,2024-04-28,128675000
719955,WSM,2024-07-28,127788000
719955,WSM,2024-10-27,123876000
719955,WSM,2025-02-02,123125000
719955,WSM,2025-05-04,122994000
719955,WSM,2025-08-03,121790000
719955,WSM,2025-11-02,120399000
719955,WSM,2026-02-01,118770000
719955,WSM,2026-05-03,117743000
719955,WSM,2026-08-02,117779000
105770,WST,2009-12-31,33000000
105770,WST,2010-12-31,33300000
105770,WST,2011-12-31,33700000
105770,WST,2012-12-31,68600000
105770,WST,2013-09-30,69700000
105770,WST,2013-12-31,70200000
105770,WST,2014-03-31,70600000
105770,WST,2014-06-30,70800000
105770,WST,2014-09-30,71100000
105770,WST,2014-12-31,71300000
105770,WST,2015-03-31,71900000
105770,WST,2015-06-30,72000000
105770,WST,2015-09-30,72100000
105770,WST,2015-12-31,72300000
105770,WST,2016-03-31,73100000
105770,WST,2016-06-30,73200000
105770,WST,2016-09-30,73200000
105770,WST,2016-12-31,73100000
105770,WST,2017-03-31,73600000
105770,WST,2017-06-30,74000000
105770,WST,2017-09-30,74300000
105770,WST,2017-12-31,73900000
105770,WST,2018-03-31,73600000
105770,WST,2018-06-30,73500000
105770,WST,2018-09-30,74100000
105770,WST,2018-12-31,74100000
105770,WST,2019-03-31,73500000
105770,WST,2019-06-30,73700000
105770,WST,2019-09-30,74000000
105770,WST,2019-12-31,74100000
105770,WST,2020-03-31,73600000
105770,WST,2020-06-30,73800000
105770,WST,2020-09-30,73900000
105770,WST,2020-12-31,74000000
105770,WST,2021-03-31,73800000
105770,WST,2021-06-30,74000000
105770,WST,2021-09-30,74100000
105770,WST,2021-12-31,74200000
105770,WST,2022-03-31,74100000
105770,WST,2022-06-30,74000000
105770,WST,2022-09-30,74000000
105770,WST,2022-12-31,74100000
105770,WST,2023-03-31,74200000
105770,WST,2023-06-30,73900000
105770,WST,2023-09-30,74000000
105770,WST,2023-12-31,73500000
105770,WST,2024-03-31,73000000
105770,WST,2024-06-30,72600000
105770,WST,2024-09-30,72500000
105770,WST,2024-12-31,72300000
105770,WST,2025-03-31,71800000
105770,WST,2025-06-30,71900000
105770,WST,2025-09-30,71900000
105770,WST,2025-12-31,72000000
105770,WST,2026-03-31,70900000
105770,WST,2026-06-30,70400000
106535,WY,2007-12-31,209546000
106535,WY,2008-12-31,211289000
106535,WY,2009-06-30,211356803
106535,WY,2009-09-30,211357081
106535,WY,2009-12-31,211359000
106535,WY,2010-03-31,211557320
106535,WY,2010-09-30,535935395
106535,WY,2010-12-31,535976000
106535,WY,2011-03-31,538408104
106535,WY,2011-06-30,538639584
106535,WY,2011-09-30,537210159
106535,WY,2011-12-31,536425000
106535,WY,2012-03-31,537408938
106535,WY,2012-06-30,537526343
106535,WY,2012-09-30,540671722
106535,WY,2012-12-31,542393000
106535,WY,2013-03-31,546572906
106535,WY,2013-06-30,577873544
106535,WY,2013-09-30,582577811
106535,WY,2013-12-31,583548000
106535,WY,2014-03-31,584961444
106535,WY,2014-06-30,586697717
106535,WY,2014-09-30,525484841
106535,WY,2014-12-31,524474000
106535,WY,2015-03-31,518735116
106535,WY,2015-06-30,514121330
106535,WY,2015-09-30,511032862
106535,WY,2015-12-31,510483000
106535,WY,2016-03-31,759044221
106535,WY,2016-06-30,733010052
106535,WY,2016-09-30,747932527
106535,WY,2016-12-31,748528000
106535,WY,2017-03-31,751410510
106535,WY,2017-06-30,752711155
106535,WY,2017-09-30,753050533
106535,WY,2017-12-31,755223000
106535,WY,2018-03-31,756699978
106535,WY,2018-06-30,757646433
106535,WY,2018-09-30,749198651
106535,WY,2018-12-31,746391000
106535,WY,2019-03-31,744767014
106535,WY,2019-06-30,744905000
106535,WY,2019-09-30,745071000
106535,WY,2019-12-31,745300000
106535,WY,2020-03-31,746206000
106535,WY,2020-06-30,746251000
106535,WY,2020-09-30,746398000
106535,WY,2020-12-31,747385000
106535,WY,2021-03-31,748751000
106535,WY,2021-06-30,749782000
106535,WY,2021-09-30,749037000
106535,WY,2021-12-31,747301000
106535,WY,2022-03-31,745442000
106535,WY,2022-06-30,741738000
106535,WY,2022-09-30,737547000
106535,WY,2022-12-31,732794000
106535,WY,2023-03-31,732507000
106535,WY,2023-06-30,730850000
106535,WY,2023-09-30,730128000
106535,WY,2023-12-31,729753000
106535,WY,2024-03-31,729141000
106535,WY,2024-06-30,727519000
106535,WY,2024-09-30,726758000
106535,WY,2024-12-31,725845000
106535,WY,2025-03-31,725671000
106535,WY,2025-06-30,721835000
106535,WY,2025-09-30,720861000
106535,WY,2025-12-31,720531000
106535,WY,2026-03-31,721043000
106535,WY,2026-06-30,720692000
1174922,WYNN,2009-12-31,123293456
1174922,WYNN,2010-06-30,123488349
1174922,WYNN,2010-09-30,123944173
1174922,WYNN,2010-12-31,124599508
1174922,WYNN,2011-03-31,124673158
1174922,WYNN,2011-06-30,124942128
1174922,WYNN,2011-09-30,124957158
1174922,WYNN,2011-12-31,125080998
1174922,WYNN,2012-03-31,100512724
1174922,WYNN,2012-06-30,100522798
1174922,WYNN,2012-09-30,100537136
1174922,WYNN,2012-12-31,100866712
1174922,WYNN,2013-03-31,100910137
1174922,WYNN,2013-06-30,101102388
1174922,WYNN,2013-09-30,101137504
1174922,WYNN,2013-12-31,101192408
1174922,WYNN,2014-03-31,101257217
1174922,WYNN,2014-06-30,101348244
1174922,WYNN,2014-09-30,101349797
1174922,WYNN,2014-12-31,101439297
1174922,WYNN,2015-03-31,101524590
1174922,WYNN,2015-06-30,101536779
1174922,WYNN,2015-09-30,101543012
1174922,WYNN,2015-12-31,101571909
1174922,WYNN,2016-03-31,101770439
1174922,WYNN,2016-06-30,101790911
1174922,WYNN,2016-09-30,101740911
1174922,WYNN,2016-12-31,101799471
1174922,WYNN,2017-03-31,102234547
1174922,WYNN,2017-06-30,102563043
1174922,WYNN,2017-09-30,102782543
1174922,WYNN,2017-12-31,103005866
1174922,WYNN,2018-03-31,103202045
1174922,WYNN,2018-06-30,108642371
1174922,WYNN,2018-09-30,108731082
1174922,WYNN,2018-12-31,107232026
1174922,WYNN,2019-03-31,107660449
1174922,WYNN,2019-06-30,107610356
1174922,WYNN,2019-09-30,107362682
1174922,WYNN,2019-12-31,107363943
1174922,WYNN,2020-03-31,107884163
1174922,WYNN,2020-06-30,107869865
1174922,WYNN,2020-09-30,107872298
1174922,WYNN,2020-12-31,107888336
1174922,WYNN,2021-03-31,115647328
1174922,WYNN,2021-06-30,115683983
1174922,WYNN,2021-09-30,115658818
1174922,WYNN,2021-12-31,115714943
1174922,WYNN,2022-03-31,115917961
1174922,WYNN,2022-06-30,113707642
1174922,WYNN,2022-09-30,113373330
1174922,WYNN,2022-12-31,113369439
1174922,WYNN,2023-03-31,113808044
1174922,WYNN,2023-06-30,113942935
1174922,WYNN,2023-09-30,113357215
1174922,WYNN,2023-12-31,111737245
1174922,WYNN,2024-03-31,112071149
1174922,WYNN,2024-06-30,111375062
1174922,WYNN,2024-09-30,109922076
1174922,WYNN,2024-12-31,107821567
1174922,WYNN,2025-03-31,105869624
1174922,WYNN,2025-06-30,103976829
1174922,WYNN,2025-09-30,103977280
1174922,WYNN,2025-12-31,103989787
1174922,WYNN,2026-03-31,103745164
1174922,WYNN,2026-06-30,103405133
72903,XEL,2009-12-31,457509263
72903,XEL,2010-12-31,482333750
72903,XEL,2011-12-31,486493933
72903,XEL,2012-03-31,486935997
72903,XEL,2012-06-30,487285506
72903,XEL,2012-09-30,487612881
72903,XEL,2012-12-31,487959516
72903,XEL,2013-03-31,494755061
72903,XEL,2013-06-30,497295719
72903,XEL,2013-09-30,497625709
72903,XEL,2013-12-31,497971508
72903,XEL,2014-03-31,501151619
72903,XEL,2014-06-30,505105562
72903,XEL,2014-09-30,505424067
72903,XEL,2014-12-31,505733267
72903,XEL,2015-03-31,506663770
72903,XEL,2015-06-30,506959395
72903,XEL,2015-09-30,507267264
72903,XEL,2015-12-31,507535523
72903,XEL,2016-03-31,507952795
72903,XEL,2016-06-30,507952795
72903,XEL,2016-09-30,507952795
72903,XEL,2016-12-31,507222795
72903,XEL,2017-03-31,507762881
72903,XEL,2017-06-30,507952795
72903,XEL,2017-09-30,507762881
72903,XEL,2017-12-31,507762881
72903,XEL,2018-03-31,508661859
72903,XEL,2018-06-29,508898420
72903,XEL,2018-06-30,508898420
72903,XEL,2018-09-30,513298952
72903,XEL,2018-12-31,514036787
72903,XEL,2019-03-31,514667625
72903,XEL,2019-06-30,514865476
72903,XEL,2019-09-30,514865476
72903,XEL,2019-12-31,524539000
72903,XEL,2020-03-31,525033594
72903,XEL,2020-06-30,525204978
72903,XEL,2020-09-30,525452824
72903,XEL,2020-12-31,537438394
72903,XEL,2021-03-31,538076662
72903,XEL,2021-06-30,538305927
72903,XEL,2021-09-30,538458952
72903,XEL,2021-12-31,544025269
72903,XEL,2022-03-31,544530987
72903,XEL,2022-06-30,546807793
72903,XEL,2022-09-30,547006076
72903,XEL,2022-12-31,549578018
72903,XEL,2023-03-31,550222192
72903,XEL,2023-06-30,551375255
72903,XEL,2023-09-30,551662803
72903,XEL,2023-12-31,554941703
72903,XEL,2024-03-31,555470302
72903,XEL,2024-06-30,557337051
72903,XEL,2024-09-30,574101713
72903,XEL,2024-12-31,574365598
72903,XEL,2025-03-31,576547051
72903,XEL,2025-06-30,591201845
72903,XEL,2025-09-30,591432101
72903,XEL,2025-12-31,623600715
72903,XEL,2026-03-31,624162780
72903,XEL,2026-06-30,624405747
2115436,XOM,2024-12-31,4353000000
2115436,XOM,2025-03-31,4310000000
2115436,XOM,2025-06-30,4263000000
2115436,XOM,2025-12-31,4179000000
2115436,XOM,2026-03-31,4145000000
2115436,XOM,2026-06-30,4112000000
1524472,XYL,2010-12-31,0
1524472,XYL,2011-12-31,184641000
1524472,XYL,2012-12-31,185658000
1524472,XYL,2013-12-31,184557000
1524472,XYL,2014-12-31,182300000
1524472,XYL,2015-12-31,178377000
1524472,XYL,2016-12-31,179367000
1524472,XYL,2017-12-31,179862000
1524472,XYL,2018-12-31,179724000
1524472,XYL,2019-12-31,180140000
1524472,XYL,2020-12-31,180354000
1524472,XYL,2021-12-31,180392000
1524472,XYL,2022-12-31,180253000
1524472,XYL,2023-12-31,241504000
1524472,XYL,2024-12-31,242985000
1524472,XYL,2025-12-31,243584000
877212,ZBRA,2009-12-31,58318983
877212,ZBRA,2010-10-02,56519663
877212,ZBRA,2010-12-31,55711325
877212,ZBRA,2011-01-02,55711325
877212,ZBRA,2011-04-02,54730861
877212,ZBRA,2011-07-02,54170138
877212,ZBRA,2011-10-01,52388510
877212,ZBRA,2011-12-31,52095166
877212,ZBRA,2012-03-31,51908374
877212,ZBRA,2012-06-30,51683426
877212,ZBRA,2012-09-29,51252384
877212,ZBRA,2012-12-31,50908267
877212,ZBRA,2013-03-30,51017867
877212,ZBRA,2013-06-29,50782000
877212,ZBRA,2013-09-28,50229576
877212,ZBRA,2013-12-31,50349546
877212,ZBRA,2014-03-29,50472565
877212,ZBRA,2014-06-28,50750084
877212,ZBRA,2014-09-27,50914361
877212,ZBRA,2014-12-31,51654337
1555280,ZTS,2013-06-30,500000000
1555280,ZTS,2013-09-29,500006833
1555280,ZTS,2013-12-31,500007428
1555280,ZTS,2014-03-30,500738620
1555280,ZTS,2014-06-29,501037794
1555280,ZTS,2014-09-28,501195696
1555280,ZTS,2014-12-31,501327524
1555280,ZTS,2015-03-29,500367604
1555280,ZTS,2015-06-28,499339397
1555280,ZTS,2015-09-27,498333086
1555280,ZTS,2015-12-31,497400113
1555280,ZTS,2016-04-03,496416809
1555280,ZTS,2016-07-03,495389702
1555280,ZTS,2016-10-02,494240780
1555280,ZTS,2016-12-31,492855297
1555280,ZTS,2017-04-02,491328479
1555280,ZTS,2017-07-02,489659511
1555280,ZTS,2017-10-01,487832003
1555280,ZTS,2017-12-31,486130461
1555280,ZTS,2018-03-31,484724245
1555280,ZTS,2018-06-30,482290154
1555280,ZTS,2018-09-30,480980372
1555280,ZTS,2018-12-31,479562326
1555280,ZTS,2019-03-31,479026001
1555280,ZTS,2019-06-30,477821280
1555280,ZTS,2019-09-30,476745789
1555280,ZTS,2019-12-31,475528210
1555280,ZTS,2020-03-31,474865353
1555280,ZTS,2020-06-30,474999478
1555280,ZTS,2020-09-30,475242731
1555280,ZTS,2020-12-31,475317751
1555280,ZTS,2021-03-31,474973405
1555280,ZTS,2021-06-30,474210830
1555280,ZTS,2021-09-30,473374057
1555280,ZTS,2021-12-31,472574090
1555280,ZTS,2022-03-31,471208803
1555280,ZTS,2022-06-30,468613448
1555280,ZTS,2022-09-30,466442095
1555280,ZTS,2022-12-31,463808059
1555280,ZTS,2023-03-31,462495343
1555280,ZTS,2023-06-30,460750652
1555280,ZTS,2023-09-30,459524713
1555280,ZTS,2023-12-31,458367358
1555280,ZTS,2024-03-31,456947205
1555280,ZTS,2024-06-30,453812361
1555280,ZTS,2024-09-30,451549789
1555280,ZTS,2024-12-31,448473073
1555280,ZTS,2025-03-31,446040205
1555280,ZTS,2025-06-30,443945593
1555280,ZTS,2025-09-30,441464339
1555280,ZTS,2025-12-31,424927535
1555280,ZTS,2026-03-31,420348495
1555280,ZTS,2026-06-30,414154046
6201,AAL,2013-12-31,526805522
6201,AAL,2014-03-31,649953273
6201,AAL,2014-06-30,720501649
6201,AAL,2014-09-30,717257567
6201,AAL,2014-12-31,697474535
6201,AAL,2015-03-31,693800651
6201,AAL,2015-06-30,678288983
6201,AAL,2015-09-30,640107543
6201,AAL,2015-12-31,624622381
6201,AAL,2016-03-31,585658329
6201,AAL,2016-06-30,537141492
6201,AAL,2016-09-30,519161253
6201,AAL,2016-12-31,507294153
6201,AAL,2017-03-31,495749816
6201,AAL,2017-06-30,487661923
6201,AAL,2017-09-30,479999894
6201,AAL,2017-12-31,475507887
6201,AAL,2018-03-31,467390481
6201,AAL,2018-06-30,460502096
6201,AAL,2018-09-30,460559470
6201,AAL,2018-12-31,460610870
6201,AAL,2019-03-31,444216229
6201,AAL,2019-06-30,445262351
6201,AAL,2019-09-30,438035288
6201,AAL,2019-12-31,428202506
6201,AAL,2020-03-31,422886533
6201,AAL,2020-06-30,508556154
6201,AAL,2020-09-30,508603895
6201,AAL,2020-12-31,621479522
6201,AAL,2021-03-31,641374475
6201,AAL,2021-06-30,647446499
6201,AAL,2021-09-30,647477469
6201,AAL,2021-12-31,647727595
6201,AAL,2022-03-31,649497768
6201,AAL,2022-06-30,649779361
6201,AAL,2022-09-30,649863026
6201,AAL,2022-12-31,650642461
6201,AAL,2023-03-31,652817674
6201,AAL,2023-06-30,653286761
6201,AAL,2023-09-30,653504063
6201,AAL,2023-12-31,654273192
6201,AAL,2024-03-31,656045635
6201,AAL,2024-06-30,656607802
6201,AAL,2024-09-30,657102842
6201,AAL,2024-12-31,657566166
6201,AAL,2025-03-31,659481003
6201,AAL,2025-06-30,659797256
6201,AAL,2025-09-30,660064930
6201,AAL,2025-12-31,660301080
6201,AAL,2026-03-31,661385137
6201,AAL,2026-06-30,661936666
1158449,AAP,2009-10-10,93623
1158449,AAP,2010-01-02,93623
1158449,AAP,2010-04-24,86852
1158449,AAP,2010-07-17,84198
1158449,AAP,2010-10-09,84016
1158449,AAP,2011-01-01,81956
1158449,AAP,2011-12-31,72799000
1158449,AAP,2012-12-29,73383000
1158449,AAP,2013-12-28,72840000
1158449,AAP,2015-01-03,73074000
1158449,AAP,2016-01-02,73314000
1158449,AAP,2016-12-31,73749000
1158449,AAP,2017-12-30,73936000
1158449,AAP,2018-12-29,72460000
1158449,AAP,2019-12-28,69232000
1158449,AAP,2021-01-02,66361000
1158449,AAP,2022-01-01,62009000
1158449,AAP,2022-12-31,59264000
1158449,AAP,2023-12-30,59512000
1158449,AAP,2024-12-28,60000000
1158449,AAP,2025-04-19,60000000
1158449,AAP,2025-07-12,60000000
1158449,AAP,2025-10-04,60000000
1158449,AAP,2026-01-03,60000000
1158449,AAP,2026-04-25,60000000
1158449,AAP,2026-07-18,60000000
1814287,ABX,2022-12-31,50369350
1814287,ABX,2023-06-30,62961688
1814287,ABX,2023-09-30,63349823
1814287,ABX,2023-12-31,63242173
1814287,ABX,2024-03-31,62997292
1814287,ABX,2024-06-30,74436341
1814287,ABX,2024-09-30,74708213
1814287,ABX,2024-12-31,95682968
1814287,ABX,2025-03-31,95804813
1814287,ABX,2025-06-30,91824768
1814287,ABX,2025-09-30,97704800
1814287,ABX,2025-12-31,97473634
1814287,ABX,2026-03-31,95983416
1814287,ABX,2026-06-30,97090784
1771910,ADCT,2022-12-31,80642527
1771910,ADCT,2023-12-31,82293137
1771910,ADCT,2024-03-31,82777226
1771910,ADCT,2024-06-30,96469641
1771910,ADCT,2024-09-30,96687985
1771910,ADCT,2024-12-31,98861402
1771910,ADCT,2025-03-31,99178286
1771910,ADCT,2025-06-30,112499083
1771910,ADCT,2025-09-30,112626731
1771910,ADCT,2025-12-31,125748762
1771910,ADCT,2026-03-31,127165116
1771910,ADCT,2026-06-30,127438173
1703056,ADT,2017-12-31,641118571
1703056,ADT,2018-03-31,766843596
1703056,ADT,2018-06-30,766795086
1703056,ADT,2018-09-30,766772382
1703056,ADT,2018-12-31,766881453
1703056,ADT,2019-03-31,767005399
1703056,ADT,2019-06-30,746360289
1703056,ADT,2019-09-30,750032333
1703056,ADT,2019-12-31,753622044
1703056,ADT,2020-03-31,770147804
1703056,ADT,2020-06-30,770429126
1703056,ADT,2020-12-31,771013638
922864,AIV,2009-12-31,116479791
922864,AIV,2010-09-30,117033718
922864,AIV,2010-12-31,117642872
922864,AIV,2011-03-31,119135455
922864,AIV,2011-06-30,120477521
922864,AIV,2011-09-30,120916144
922864,AIV,2011-12-31,120916294
922864,AIV,2012-03-31,121351204
922864,AIV,2012-06-30,144194200
922864,AIV,2012-09-30,145554888
922864,AIV,2012-12-31,145563903
922864,AIV,2013-03-31,145897813
922864,AIV,2013-06-30,145906799
922864,AIV,2013-09-30,145916439
922864,AIV,2013-12-31,145917387
922864,AIV,2014-03-31,146099689
922864,AIV,2014-06-30,146188496
922864,AIV,2014-09-30,146205371
922864,AIV,2014-12-31,146403274
922864,AIV,2015-03-31,156278378
922864,AIV,2015-06-30,156281519
922864,AIV,2015-09-30,156421276
922864,AIV,2015-12-31,156326416
922864,AIV,2016-03-31,156605152
922864,AIV,2016-06-30,156613451
922864,AIV,2016-09-30,156887997
922864,AIV,2016-12-31,156888381
922864,AIV,2017-03-31,157022248
922864,AIV,2017-06-30,157022720
922864,AIV,2017-09-30,157023314
922864,AIV,2017-12-31,157189447
922864,AIV,2018-03-31,157326117
922864,AIV,2018-06-30,157351428
922864,AIV,2018-09-30,157352109
922864,AIV,2018-12-31,144623034
922864,AIV,2019-03-31,148758031
922864,AIV,2019-06-30,148827363
922864,AIV,2019-09-30,148884686
922864,AIV,2019-12-31,0
922864,AIV,2020-03-31,148700407
922864,AIV,2020-06-30,148865047
922864,AIV,2020-09-30,148865947
922864,AIV,2020-12-31,149036263
922864,AIV,2021-03-31,149208479
922864,AIV,2021-06-30,149036263
922864,AIV,2021-09-30,149036263
922864,AIV,2021-12-31,149818021
922864,AIV,2022-03-31,149689847
922864,AIV,2022-06-30,149096590
922864,AIV,2022-09-30,149124466
922864,AIV,2022-12-31,146524941
922864,AIV,2023-03-31,144718453
922864,AIV,2023-06-30,143733654
922864,AIV,2023-09-30,141994719
922864,AIV,2023-12-31,140576102
922864,AIV,2024-03-31,140210798
922864,AIV,2024-06-30,137167349
922864,AIV,2024-09-30,136914387
922864,AIV,2024-12-31,136351966
922864,AIV,2025-03-31,137161143
922864,AIV,2025-06-30,137376505
922864,AIV,2025-09-30,140158784
922864,AIV,2025-12-31,140158784
922864,AIV,2026-03-31,141200000
766421,ALK,2011-12-31,71000000
766421,ALK,2012-03-31,71400000
766421,ALK,2012-06-30,70700000
766421,ALK,2012-12-31,70376543
766421,ALK,2013-09-30,69650542
766421,ALK,2013-12-31,137491906
766421,ALK,2014-03-31,68788557
766421,ALK,2014-06-30,136738034
766421,ALK,2014-09-30,133468522
766421,ALK,2014-12-31,131481473
766421,ALK,2015-03-31,130444006
766421,ALK,2015-06-30,128024917
766421,ALK,2015-09-30,126701469
766421,ALK,2015-12-31,125175325
766421,ALK,2016-03-31,123913223
766421,ALK,2016-06-30,123079519
766421,ALK,2016-09-30,123266014
766421,ALK,2016-12-31,123328051
766421,ALK,2017-03-31,123729188
766421,ALK,2017-06-30,123520517
766421,ALK,2017-09-30,123387158
766421,ALK,2017-12-31,123060638
766421,ALK,2018-03-31,123350124
766421,ALK,2018-06-30,123203707
766421,ALK,2018-09-30,123360846
766421,ALK,2018-12-31,123194430
766421,ALK,2019-03-31,123504308
766421,ALK,2019-06-30,123338144
766421,ALK,2019-09-30,123277911
766421,ALK,2019-12-31,123000307
766421,ALK,2020-03-31,122585013
766421,ALK,2020-06-30,123639314
766421,ALK,2020-09-30,123661433
766421,ALK,2020-12-31,124217590
766421,ALK,2021-03-31,124442101
766421,ALK,2021-06-30,125229459
766421,ALK,2021-09-30,125305291
766421,ALK,2021-12-31,125905864
766421,ALK,2022-03-31,126087864
766421,ALK,2022-06-30,126759705
766421,ALK,2022-09-30,126834099
766421,ALK,2022-12-31,127533916
766421,ALK,2023-03-31,127243454
766421,ALK,2023-06-30,127348343
766421,ALK,2023-09-30,127120173
766421,ALK,2023-12-31,126090353
766421,ALK,2024-03-31,125705964
766421,ALK,2024-06-30,126475292
766421,ALK,2024-09-30,126125771
766421,ALK,2024-12-31,123119199
766421,ALK,2025-03-31,122884518
766421,ALK,2025-06-30,115276005
766421,ALK,2025-09-30,115232538
766421,ALK,2025-12-31,115530889
766421,ALK,2026-03-31,111359830
766421,ALK,2026-06-30,111566970
1623925,AM,2018-12-31,0
1623925,AM,2019-03-31,506640947
1623925,AM,2019-06-30,506847
1623925,AM,2019-09-30,503378
1623925,AM,2019-12-31,484042000
1623925,AM,2020-03-31,479385000
1623925,AM,2020-06-30,476486000
1623925,AM,2020-09-30,476597000
1623925,AM,2020-12-31,476639000
1623925,AM,2021-03-31,476907000
1623925,AM,2021-06-30,477358000
1623925,AM,2021-09-30,477460000
1623925,AM,2021-12-31,477495000
1623925,AM,2022-03-31,477683000
1623925,AM,2022-06-30,478437000
1623925,AM,2022-09-30,478462000
1623925,AM,2022-12-31,478497000
1623925,AM,2023-03-31,478645000
1623925,AM,2023-06-30,479656000
1623925,AM,2023-09-30,479678000
1623925,AM,2023-12-31,479713000
1623925,AM,2024-03-31,480328000
1623925,AM,2024-06-30,481243000
1623925,AM,2024-09-30,481295000
1623925,AM,2024-12-31,479422000
1623925,AM,2025-03-31,479263000
1623925,AM,2025-06-30,479011000
1623925,AM,2025-09-30,476712000
1623925,AM,2025-12-31,474060000
1623925,AM,2026-03-31,475028000
1623925,AM,2026-06-30,474657000
1004434,AMG,2009-12-31,45795000
1004434,AMG,2010-12-31,53900000
1004434,AMG,2011-12-31,53900000
1004434,AMG,2012-12-31,53900000
1004434,AMG,2013-12-31,53900000
1004434,AMG,2014-03-31,55800000
1004434,AMG,2014-06-30,55800000
1004434,AMG,2014-09-30,55800000
1004434,AMG,2014-12-31,55800000
1004434,AMG,2015-03-31,55800000
1004434,AMG,2015-06-30,55800000
1004434,AMG,2015-09-30,55800000
1004434,AMG,2015-12-31,55800000
1004434,AMG,2016-03-31,55800000
1004434,AMG,2016-12-31,58500000
1004434,AMG,2017-06-30,58500000
1004434,AMG,2017-09-30,58500000
1004434,AMG,2017-12-31,58500000
1004434,AMG,2018-03-31,58500000
1004434,AMG,2018-06-30,58500000
1004434,AMG,2018-09-30,58500000
1004434,AMG,2018-12-31,58500000
1004434,AMG,2019-03-31,58500000
1004434,AMG,2019-06-30,58500000
1004434,AMG,2019-09-30,58500000
1004434,AMG,2019-12-31,58500000
1004434,AMG,2020-03-31,58500000
1004434,AMG,2020-06-30,58500000
1004434,AMG,2020-09-30,58500000
1004434,AMG,2020-12-31,58500000
1004434,AMG,2021-03-31,58500000
1004434,AMG,2021-06-30,58500000
1004434,AMG,2021-09-30,58500000
350698,AN,2008-12-31,176900000
350698,AN,2009-09-30,175600000
350698,AN,2009-12-31,171700000
350698,AN,2010-03-31,169900000
350698,AN,2010-09-30,148000000
350698,AN,2010-12-31,148400000
350698,AN,2011-03-31,148600000
350698,AN,2011-06-30,145700000
350698,AN,2011-09-30,141400000
350698,AN,2011-12-31,135800000
350698,AN,2012-03-31,124300000
350698,AN,2012-06-30,120600000
350698,AN,2012-09-30,121700000
350698,AN,2012-12-31,120900000
350698,AN,2013-03-31,121300000
350698,AN,2013-06-30,121300000
350698,AN,2013-09-30,121800000
350698,AN,2013-12-31,120900000
350698,AN,2014-03-31,119400000
350698,AN,2014-06-30,118500000
350698,AN,2014-09-30,114500000
350698,AN,2014-12-31,113300000
350698,AN,2015-03-31,113900000
350698,AN,2015-06-30,113400000
350698,AN,2015-09-30,111000000
350698,AN,2015-12-31,110800000
350698,AN,2016-03-31,103100000
350698,AN,2016-06-30,102200000
350698,AN,2016-09-30,101200000
350698,AN,2016-12-31,100700000
350698,AN,2017-03-31,101300000
350698,AN,2017-06-30,100400000
350698,AN,2017-09-30,91200000
350698,AN,2017-12-31,91600000
350698,AN,2018-03-31,91300000
350698,AN,2018-06-30,89800000
350698,AN,2018-09-30,89900000
350698,AN,2018-12-31,90000000
350698,AN,2019-03-31,89200000
350698,AN,2019-06-30,89100000
350698,AN,2019-09-30,89200000
350698,AN,2019-12-31,89300000
350698,AN,2020-03-31,87200000
350698,AN,2020-06-30,87200000
350698,AN,2020-09-30,87800000
350698,AN,2020-12-31,83500000
350698,AN,2021-03-31,80500000
350698,AN,2021-06-30,73100000
350698,AN,2021-09-30,65500000
350698,AN,2021-12-31,62600000
350698,AN,2022-03-31,59700000
350698,AN,2022-06-30,56000000
350698,AN,2022-09-30,52300000
350698,AN,2022-12-31,47600000
350698,AN,2023-03-31,45600000
350698,AN,2023-06-30,44000000
350698,AN,2023-09-30,42800000
350698,AN,2023-12-31,41600000
350698,AN,2024-03-31,41600000
350698,AN,2024-06-30,39700000
350698,AN,2024-09-30,39600000
350698,AN,2024-12-31,39000000
350698,AN,2025-03-31,37900000
350698,AN,2025-06-30,37700000
350698,AN,2025-09-30,36900000
350698,AN,2025-12-31,35200000
350698,AN,2026-03-31,33900000
350698,AN,2026-06-30,33100000
2080921,APC,2025-12-31,1000
2080921,APC,2026-03-31,0
2080921,APC,2026-06-30,0
1674862,ASH,2015-09-30,67000000
1674862,ASH,2016-09-30,62000000
1674862,ASH,2017-09-30,62000000
1674862,ASH,2018-09-30,62000000
1674862,ASH,2019-09-30,60000000
1674862,ASH,2020-09-30,61000000
1817358,ASO,2020-10-31,88103975
1817358,ASO,2021-01-30,91114000
1817358,ASO,2021-05-01,93887109
1817358,ASO,2021-07-31,92883540
1817358,ASO,2021-10-30,88164878
1817358,ASO,2022-01-29,87079394
1817358,ASO,2022-04-30,85071234
1817358,ASO,2022-07-30,79725034
1817358,ASO,2022-10-29,77959530
1817358,ASO,2023-01-28,76711720
1817358,ASO,2023-04-29,76439594
1817358,ASO,2023-07-29,74845563
1817358,ASO,2023-10-28,74143759
1817358,ASO,2024-02-03,74349927
1817358,ASO,2024-05-04,72590530
1817358,ASO,2024-08-03,70915916
1817358,ASO,2024-11-02,69932128
1817358,ASO,2025-02-01,68332961
1817358,ASO,2025-05-03,66466377
1817358,ASO,2025-08-02,66625266
1817358,ASO,2025-11-01,66676966
1817358,ASO,2026-01-31,64945953
1817358,ASO,2026-05-02,63507116
1817358,ASO,2026-08-01,62028664
1018963,ATI,2008-12-31,97330969
1018963,ATI,2009-09-30,98077853
1018963,ATI,2009-12-31,98070474
1018963,ATI,2010-03-31,98550032
1018963,ATI,2010-06-30,98573923
1018963,ATI,2010-09-30,98579115
1018963,ATI,2010-12-31,98542291
1018963,ATI,2011-03-31,98943595
1018963,ATI,2011-06-30,106329842
1018963,ATI,2011-09-30,106352754
1018963,ATI,2011-12-31,106354612
1018963,ATI,2012-03-31,107094065
1018963,ATI,2012-06-30,107163790
1018963,ATI,2012-09-30,107223623
1018963,ATI,2012-12-31,107398963
1018963,ATI,2013-03-31,107957803
1018963,ATI,2013-06-30,108000543
1018963,ATI,2013-09-30,108007487
1018963,ATI,2013-12-31,107983360
1018963,ATI,2014-03-31,108567959
1018963,ATI,2014-06-30,108722026
1018963,ATI,2014-09-30,108711001
1018963,ATI,2014-12-31,108710914
1018963,ATI,2015-03-31,109172045
1018963,ATI,2015-06-30,109209730
1018963,ATI,2015-09-30,109208000
1018963,ATI,2015-12-31,109174882
1018963,ATI,2016-03-31,108916743
1018963,ATI,2016-06-30,108933446
1018963,ATI,2016-09-30,108927240
1018963,ATI,2016-12-31,108925254
1018963,ATI,2017-03-31,108824990
1018963,ATI,2017-06-30,108879682
1018963,ATI,2017-09-30,108863099
1018963,ATI,2017-12-31,125857197
1018963,ATI,2018-03-31,125647226
1018963,ATI,2018-06-30,125684396
1018963,ATI,2018-09-30,125684396
1018963,ATI,2018-12-31,125684396
1018963,ATI,2019-03-31,126034880
1018963,ATI,2019-06-30,126079116
1018963,ATI,2019-09-30,126085348
1018963,ATI,2019-12-31,126085348
1018963,ATI,2020-03-31,126626938
1018963,ATI,2020-06-30,126813078
1018963,ATI,2020-09-30,126815756
1018963,ATI,2020-12-31,126817768
1018963,ATI,2021-03-31,127203072
1018963,ATI,2021-06-30,127243908
1018963,ATI,2021-09-30,127248348
1018963,ATI,2021-12-31,127253045
1018963,ATI,2022-03-31,124121350
1018963,ATI,2022-06-30,129902138
1018963,ATI,2022-09-30,129417664
1018963,ATI,2022-12-31,128273042
1018963,ATI,2023-01-01,128273042
1018963,ATI,2023-03-31,128546610
1018963,ATI,2023-06-30,128584727
1018963,ATI,2023-09-30,127576395
1018963,ATI,2023-12-31,126879099
1018963,ATI,2024-03-31,124441401
1018963,ATI,2024-06-30,124463814
1018963,ATI,2024-09-29,142631508
1018963,ATI,2024-12-29,141387049
1018963,ATI,2025-03-30,141067578
1018963,ATI,2025-06-29,137832132
1018963,ATI,2025-09-28,135863661
1018963,ATI,2025-12-28,135934852
1018963,ATI,2026-03-29,136467940
1018963,ATI,2026-06-28,136168724
1144215,AYI,2010-08-31,42116473
1144215,AYI,2010-11-30,42456111
1144215,AYI,2011-02-28,42604732
1144215,AYI,2011-05-31,42650978
1144215,AYI,2011-08-31,41488882
1144215,AYI,2011-11-30,41468881
1144215,AYI,2012-02-29,41715626
1144215,AYI,2012-05-31,41735565
1144215,AYI,2012-08-31,41789103
1144215,AYI,2012-11-30,42242199
1144215,AYI,2013-02-28,42280834
1144215,AYI,2013-05-31,42333821
1144215,AYI,2013-08-31,42486678
1144215,AYI,2013-11-30,42674874
1144215,AYI,2014-02-28,42828988
1144215,AYI,2014-05-31,42846062
1144215,AYI,2014-08-31,42862662
1144215,AYI,2014-11-30,43105422
1144215,AYI,2015-02-28,43184668
1144215,AYI,2015-05-31,43195774
1144215,AYI,2015-08-31,43305029
1144215,AYI,2015-11-30,43510127
1144215,AYI,2016-02-29,43516840
1144215,AYI,2016-05-31,43593459
1144215,AYI,2016-08-31,43786230
1108134,BBT,2010-12-31,14076148
1108134,BBT,2011-06-30,16721075
1108134,BBT,2011-09-30,21133868
1108134,BBT,2011-12-31,21147736
1108134,BBT,2012-03-31,21191594
1108134,BBT,2012-06-30,22169157
1108134,BBT,2012-09-30,22212764
1108134,BBT,2012-12-31,25148522
1108134,BBT,2013-06-30,25095578
1108134,BBT,2013-09-30,24952204
1108134,BBT,2013-12-31,25036169
1108134,BBT,2014-03-31,25105207
1108134,BBT,2014-06-30,25115138
1108134,BBT,2014-09-30,25172565
1108134,BBT,2014-12-31,25182566
1108134,BBT,2015-03-31,25252635
1108134,BBT,2015-06-30,29521482
1108134,BBT,2015-09-30,30949168
1108134,BBT,2015-12-31,30973986
1108134,BBT,2016-03-31,31039017
1108134,BBT,2016-06-30,31156292
1108134,BBT,2016-09-30,31121676
1108134,BBT,2016-12-31,35672817
1108134,BBT,2017-03-31,35728523
1108134,BBT,2017-06-30,40427624
1108134,BBT,2017-09-30,40423777
1108134,BBT,2017-12-31,45290433
1108134,BBT,2018-03-31,45360369
1108134,BBT,2018-06-30,45420276
1108134,BBT,2018-09-30,45420478
1108134,BBT,2018-12-31,45416855
1108134,BBT,2019-03-31,45521962
1108134,BBT,2019-06-30,51045173
1108134,BBT,2019-09-30,50394332
1108134,BBT,2019-12-31,49585143
1108134,BBT,2020-03-31,50199479
1108134,BBT,2020-06-30,50191588
1108134,BBT,2020-09-30,50305952
1108134,BBT,2020-12-31,50833087
1108134,BBT,2021-03-31,50988285
1108134,BBT,2021-06-30,50452740
1108134,BBT,2021-09-30,48656902
1108134,BBT,2021-12-31,48667110
1108134,BBT,2022-03-31,47791829
1108134,BBT,2022-06-30,45787618
1108134,BBT,2022-09-30,45039702
1108134,BBT,2022-12-31,44361222
1108134,BBT,2023-03-31,44411346
1108134,BBT,2023-06-30,44033094
1108134,BBT,2023-09-30,43822473
1108134,BBT,2023-12-31,43500872
1108134,BBT,2024-03-31,43414610
1108134,BBT,2024-06-30,42959249
1108134,BBT,2024-09-30,42981618
1108134,BBT,2024-12-31,46424016
1108134,BBT,2025-03-31,46376672
1108134,BBT,2025-06-30,46302528
1108134,BBT,2025-08-31,84063130
701985,BBWI,2008-08-02,339000000
701985,BBWI,2008-11-01,326000000
701985,BBWI,2009-01-31,321000000
701985,BBWI,2009-05-02,322000000
701985,BBWI,2009-08-01,322000000
701985,BBWI,2009-10-31,322000000
701985,BBWI,2010-01-30,323000000
701985,BBWI,2010-05-01,325000000
701985,BBWI,2010-07-31,323000000
701985,BBWI,2010-10-30,321000000
701985,BBWI,2011-01-29,321000000
701985,BBWI,2011-04-30,321000000
701985,BBWI,2011-07-30,301000000
701985,BBWI,2011-10-29,297000000
701985,BBWI,2012-01-28,295000000
701985,BBWI,2012-04-28,292000000
701985,BBWI,2012-07-28,288000000
701985,BBWI,2012-10-27,288000000
701985,BBWI,2013-02-02,289000000
701985,BBWI,2013-05-04,289000000
701985,BBWI,2013-08-03,290000000
701985,BBWI,2013-11-02,290000000
701985,BBWI,2014-02-01,291000000
701985,BBWI,2014-05-03,292000000
701985,BBWI,2014-08-02,292000000
701985,BBWI,2014-11-01,293000000
701985,BBWI,2015-01-31,292000000
701985,BBWI,2015-05-02,292000000
701985,BBWI,2015-08-01,291000000
701985,BBWI,2015-10-31,291000000
701985,BBWI,2016-01-30,290000000
701985,BBWI,2016-04-30,288000000
701985,BBWI,2016-07-30,286000000
701985,BBWI,2016-10-29,286000000
701985,BBWI,2017-01-28,286000000
701985,BBWI,2017-04-29,286000000
701985,BBWI,2017-07-29,286000000
701985,BBWI,2017-10-28,282000000
701985,BBWI,2018-02-03,280000000
701985,BBWI,2018-05-05,278000000
701985,BBWI,2018-08-04,275000000
701985,BBWI,2018-11-03,275000000
701985,BBWI,2019-02-02,275000000
701985,BBWI,2019-05-04,276000000
701985,BBWI,2019-08-03,276000000
701985,BBWI,2019-11-02,276000000
701985,BBWI,2020-02-01,277000000
701985,BBWI,2020-05-02,278000000
701985,BBWI,2020-08-01,278000000
701985,BBWI,2020-10-31,278000000
701985,BBWI,2021-01-30,278000000
701985,BBWI,2021-05-01,277000000
701985,BBWI,2021-07-31,265000000
701985,BBWI,2021-10-30,260000000
701985,BBWI,2022-01-29,254000000
701985,BBWI,2022-04-30,236000000
701985,BBWI,2022-07-30,228000000
701985,BBWI,2022-10-29,228000000
701985,BBWI,2023-01-28,229000000
701985,BBWI,2023-04-29,229000000
701985,BBWI,2023-07-29,228000000
701985,BBWI,2023-10-28,227000000
701985,BBWI,2024-02-03,225000000
701985,BBWI,2024-05-04,223000000
701985,BBWI,2024-08-03,220000000
701985,BBWI,2024-11-02,217000000
701985,BBWI,2025-02-01,216000000
701985,BBWI,2025-05-03,212000000
701985,BBWI,2025-08-02,208000000
701985,BBWI,2025-11-01,205000000
701985,BBWI,2026-01-31,201000000
701985,BBWI,2026-05-02,201000000
701985,BBWI,2026-08-01,202000000
14930,BC,2013-03-30,90421000
14930,BC,2013-06-29,90506000
14930,BC,2013-09-28,90842000
14930,BC,2013-12-31,92409000
14930,BC,2014-03-29,92716000
14930,BC,2014-06-28,92749000
14930,BC,2014-09-27,92943000
14930,BC,2014-12-31,92694000
14930,BC,2015-04-04,92716000
14930,BC,2015-07-04,91934000
14930,BC,2015-10-03,91168000
14930,BC,2015-12-31,90813000
14930,BC,2016-04-02,90712000
14930,BC,2016-07-02,90315000
14930,BC,2016-10-01,89835000
14930,BC,2016-12-31,89317000
14930,BC,2017-04-01,89365000
14930,BC,2017-07-01,88776000
14930,BC,2017-09-30,87687000
14930,BC,2017-12-31,87537000
14930,BC,2018-03-31,87277000
14930,BC,2018-06-30,86792000
14930,BC,2018-09-29,87063000
14930,BC,2018-12-31,79569000
14930,BC,2019-03-30,87063000
14930,BC,2019-06-29,85687000
14930,BC,2019-09-28,82406000
14930,BC,2019-12-31,79569000
14930,BC,2020-03-28,79114000
14930,BC,2020-06-27,79135000
14930,BC,2020-09-26,78421000
14930,BC,2020-12-31,77875000
14930,BC,2021-04-03,77941000
14930,BC,2021-07-03,77554000
14930,BC,2021-10-02,77134000
14930,BC,2021-12-31,76933000
14930,BC,2022-04-02,76338000
14930,BC,2022-07-02,74472000
14930,BC,2022-10-01,72612000
14930,BC,2022-12-31,71365000
14930,BC,2023-04-01,70891000
14930,BC,2023-07-01,70005000
14930,BC,2023-09-30,68939000
14930,BC,2023-12-31,68227000
14930,BC,2024-03-30,67689000
14930,BC,2024-06-29,66352000
14930,BC,2024-09-28,66101000
14930,BC,2024-12-31,65987000
14930,BC,2025-03-29,65767000
14930,BC,2025-06-28,65477000
14930,BC,2025-09-27,65104000
14930,BC,2025-12-31,64889000
14930,BC,2026-04-04,65014000
14930,BC,2026-07-04,64842000
1745999,BEAM,2019-12-31,7326185
1745999,BEAM,2020-03-31,49077350
1745999,BEAM,2020-06-30,49645737
1745999,BEAM,2020-09-30,50438740
1745999,BEAM,2020-12-31,57254178
1745999,BEAM,2021-03-31,61735119
1745999,BEAM,2021-06-30,64452682
1745999,BEAM,2021-09-30,67734484
1745999,BEAM,2021-12-31,68389425
1745999,BEAM,2022-03-31,69753023
1745999,BEAM,2022-06-30,70312114
1745999,BEAM,2022-09-30,70457676
1745999,BEAM,2022-12-31,71277339
1745999,BEAM,2023-03-31,74435392
1745999,BEAM,2023-06-30,77953502
1745999,BEAM,2023-09-30,79382032
1745999,BEAM,2023-12-31,81632496
1745999,BEAM,2024-03-31,82280827
1745999,BEAM,2024-06-30,82386210
1745999,BEAM,2024-09-30,82558883
1745999,BEAM,2024-12-31,83633069
1745999,BEAM,2025-03-31,100557094
1745999,BEAM,2025-06-30,100758748
1745999,BEAM,2025-09-30,101359765
1745999,BEAM,2025-12-31,101748962
1745999,BEAM,2026-03-31,102741848
1745999,BEAM,2026-06-30,103264636
1685040,BHF,2016-12-31,100000
1685040,BHF,2017-08-04,119773106
1685040,BHF,2017-09-30,119773106
1685040,BHF,2017-12-31,119773106
1685040,BHF,2018-03-31,119773106
1685040,BHF,2018-06-30,119773106
1685040,BHF,2018-09-30,118800611
1685040,BHF,2018-12-31,117532336
1685040,BHF,2019-03-31,116182687
1685040,BHF,2019-06-30,112644952
1685040,BHF,2019-09-30,109264305
1685040,BHF,2019-12-31,106027301
1685040,BHF,2020-03-31,100502488
1685040,BHF,2020-06-30,92979854
1685040,BHF,2020-09-30,91158927
1685040,BHF,2020-12-31,88211618
1685040,BHF,2021-03-31,86841260
1685040,BHF,2021-06-30,84223669
1685040,BHF,2021-09-30,80952682
1685040,BHF,2021-12-31,77870072
1685040,BHF,2022-03-31,75799704
1685040,BHF,2022-06-30,73072766
1685040,BHF,2022-09-30,70060560
1685040,BHF,2022-12-31,68278068
1685040,BHF,2023-03-31,67401618
1685040,BHF,2023-06-30,65956660
1685040,BHF,2023-09-30,64703557
1685040,BHF,2023-12-31,63503355
1685040,BHF,2024-03-31,62595426
1685040,BHF,2024-06-30,61243957
1685040,BHF,2024-09-30,59838034
1685040,BHF,2024-12-31,58629049
1685040,BHF,2025-03-31,57868389
1685040,BHF,2025-06-30,57122494
1685040,BHF,2025-09-30,57153571
1685040,BHF,2025-12-31,57171217
1685040,BHF,2026-03-31,57437709
1685040,BHF,2026-06-30,57508193
908255,BWA,2008-12-31,115532372
908255,BWA,2009-12-31,116837555
908255,BWA,2010-12-31,112316444
908255,BWA,2011-06-30,108674881
908255,BWA,2011-09-30,109720466
908255,BWA,2011-12-31,108514462
908255,BWA,2012-12-31,231145398
908255,BWA,2013-12-31,227932856
908255,BWA,2014-12-31,226430083
908255,BWA,2015-12-31,219324821
908255,BWA,2016-12-31,212262965
908255,BWA,2017-12-31,210812793
908255,BWA,2018-12-31,208214934
908255,BWA,2019-12-31,206407543
908255,BWA,2020-12-31,238930703
908255,BWA,2021-12-31,239776892
908255,BWA,2022-12-31,234122211
908255,BWA,2023-12-31,229783795
908255,BWA,2024-12-31,218669874
908255,BWA,2025-12-31,207057271
1219601,CCK,2008-12-31,159191238
1219601,CCK,2009-12-31,161483074
1219601,CCK,2010-12-31,155256791
1219601,CCK,2011-12-31,148449293
1219601,CCK,2012-12-31,143136473
1219601,CCK,2013-12-31,138207889
1219601,CCK,2014-12-31,139000471
1219601,CCK,2015-12-31,139441298
1219601,CCK,2016-12-31,139840228
1219601,CCK,2017-12-31,134275609
1219601,CCK,2018-12-31,135173948
1219601,CCK,2019-12-31,135577878
1219601,CCK,2020-12-31,134801030
1219601,CCK,2021-12-31,126131799
1219601,CCK,2022-12-31,119945302
1219601,CCK,2023-12-31,120644313
1219601,CCK,2024-12-31,118503631
1219601,CCK,2025-12-31,113421634
1306830,CE,2017-12-31,135769256
1306830,CE,2018-09-30,133731509
1306830,CE,2018-12-31,128095849
1306830,CE,2019-03-31,126612492
1306830,CE,2019-06-30,123740349
1306830,CE,2019-09-30,121333303
1306830,CE,2019-12-31,119555207
1306830,CE,2020-03-31,118228898
1306830,CE,2020-06-30,118288296
1306830,CE,2020-09-30,117229789
1306830,CE,2020-12-31,114168464
1306830,CE,2021-03-31,112632584
1306830,CE,2021-06-30,111115442
1306830,CE,2021-09-30,109180323
1306830,CE,2021-12-31,108023735
1306830,CE,2022-03-31,108307341
1306830,CE,2022-06-30,108346035
1306830,CE,2022-09-30,108386739
1306830,CE,2022-12-31,108473932
1306830,CE,2023-03-31,108786738
1306830,CE,2023-06-30,108847435
1306830,CE,2023-09-30,108854038
1306830,CE,2023-12-31,108906426
1306830,CE,2024-03-31,109210286
1306830,CE,2024-06-30,109262563
1306830,CE,2024-09-30,109266368
1306830,CE,2024-12-31,109327556
1306830,CE,2025-03-31,109403403
1306830,CE,2025-06-30,109501876
1306830,CE,2025-09-30,109504355
1527166,CG,2012-06-30,43221452
1527166,CG,2012-09-30,43221452000000
1527166,CG,2012-12-31,43244180
1527166,CG,2013-03-31,43244180
1527166,CG,2013-06-30,46109886
1527166,CG,2013-09-30,49209545
1527166,CG,2013-12-31,49353406
1527166,CG,2014-03-31,64092165
1527166,CG,2014-06-30,66923224
1527166,CG,2014-09-30,67369854
1527166,CG,2014-12-31,67761012
1527166,CG,2015-03-31,68906237
1527166,CG,2015-06-30,78458491
1527166,CG,2015-09-30,80241015
1527166,CG,2015-12-31,80408702
1527166,CG,2016-03-31,81040289
1527166,CG,2016-06-30,81547568
1527166,CG,2016-09-30,84578736
1527166,CG,2016-12-31,84610951
1527166,CG,2017-03-31,85818358
1527166,CG,2017-06-30,91051380
1527166,CG,2017-09-30,97805907
1527166,CG,2017-12-31,100100650
1527166,CG,2018-03-31,101391063
1527166,CG,2018-06-30,102119818
1527166,CG,2018-09-30,107748095
1527166,CG,2018-12-31,107746443
1527166,CG,2019-03-31,110105553
1527166,CG,2019-06-30,110680002
1527166,CG,2019-09-30,117268088
1527166,CG,2019-12-31,117840651
1527166,CG,2020-03-31,348358623
1527166,CG,2020-06-30,348693884
1527166,CG,2020-09-30,353269793
1527166,CG,2020-12-31,353520576
1527166,CG,2021-03-31,354528701
1527166,CG,2021-06-30,354462149
1527166,CG,2021-09-30,356527526
1527166,CG,2021-12-31,355367876
1527166,CG,2022-03-31,361664727
1527166,CG,2022-06-30,361245965
1527166,CG,2022-09-30,363372564
1527166,CG,2022-12-31,362298650
1527166,CG,2023-03-31,362056444
1527166,CG,2023-06-30,359952112
1527166,CG,2023-09-30,360719374
1527166,CG,2023-12-31,361326172
1527166,CG,2024-03-31,359260138
1527166,CG,2024-06-30,356375196
1527166,CG,2024-09-30,357681261
1527166,CG,2024-12-31,357183632
1527166,CG,2025-03-31,360881683
1527166,CG,2025-06-30,358961915
1527166,CG,2025-09-30,360136508
1527166,CG,2025-12-31,357374023
1527166,CG,2026-03-31,359839214
1527166,CG,2026-06-30,353389038
764065,CLF,2008-12-31,113508990
764065,CLF,2009-06-30,130994855
764065,CLF,2009-09-30,130975041
764065,CLF,2009-12-31,130971470
764065,CLF,2010-06-30,135441226
764065,CLF,2010-09-30,135436999
764065,CLF,2010-12-31,135456999
764065,CLF,2011-03-31,135644830
764065,CLF,2011-06-30,146010183
764065,CLF,2011-09-30,143009708
764065,CLF,2011-12-31,142021718
764065,CLF,2012-03-31,142487477
764065,CLF,2012-06-30,142488633
764065,CLF,2012-09-30,142491645
764065,CLF,2012-12-31,142495902
764065,CLF,2013-03-31,153095702
764065,CLF,2013-06-30,153121032
764065,CLF,2013-09-30,153124449
764065,CLF,2013-12-31,153126291
764065,CLF,2014-03-31,153181056
764065,CLF,2014-06-30,153182592
764065,CLF,2014-09-30,153162348
764065,CLF,2014-12-31,153246754
764065,CLF,2015-03-31,153279552
764065,CLF,2015-06-30,153404804
764065,CLF,2015-09-30,153404664
764065,CLF,2015-12-31,153591930
764065,CLF,2016-03-31,181909771
764065,CLF,2016-06-30,183864626
764065,CLF,2016-09-30,230594581
764065,CLF,2016-12-31,233074091
764065,CLF,2017-03-31,296398149
764065,CLF,2017-06-30,296496321
764065,CLF,2017-09-30,296503284
764065,CLF,2017-12-31,297400968
764065,CLF,2018-03-31,297733061
764065,CLF,2018-06-30,297846632
764065,CLF,2018-09-30,298007453
764065,CLF,2018-12-31,292611569
764065,CLF,2019-03-31,298007453
764065,CLF,2019-06-30,298007453
764065,CLF,2019-09-30,270075445
764065,CLF,2019-12-31,270084005
764065,CLF,2020-03-31,398587083
764065,CLF,2020-06-30,399159988
764065,CLF,2020-09-30,399229917
764065,CLF,2020-12-31,477517372
764065,CLF,2021-03-31,499214434
764065,CLF,2021-06-30,499701762
764065,CLF,2021-09-30,500055941
764065,CLF,2021-12-31,500158955
764065,CLF,2022-03-31,524714208
764065,CLF,2022-06-30,517293151
764065,CLF,2022-09-30,515297720
764065,CLF,2022-12-31,513340779
764065,CLF,2023-03-31,515052745
764065,CLF,2023-06-30,508679179
764065,CLF,2023-09-30,504849719
764065,CLF,2023-12-31,504886773
764065,CLF,2024-03-31,475472486
764065,CLF,2024-06-30,468038839
764065,CLF,2024-09-30,468067482
764065,CLF,2024-12-31,493948905
764065,CLF,2025-03-31,494490795
764065,CLF,2025-06-30,494679326
764065,CLF,2025-09-30,494699774
764065,CLF,2025-12-31,569759243
764065,CLF,2026-03-31,570397492
764065,CLF,2026-06-30,570527556
1070412,CNX,2007-12-31,182291623
1070412,CNX,2008-12-31,180550000
1070412,CNX,2009-06-30,180665103
1070412,CNX,2009-09-30,180771900
1070412,CNX,2009-12-31,181086267
1070412,CNX,2010-03-31,183014426
1070412,CNX,2010-06-30,151000000
1070412,CNX,2010-09-30,225802859
1070412,CNX,2010-12-31,226162133
1070412,CNX,2011-03-31,226590610
1070412,CNX,2011-12-31,227056212
1070412,CNX,2012-12-31,228094712
1070412,CNX,2013-12-31,229145736
1070412,CNX,2014-12-31,230265463
1070412,CNX,2015-12-31,229054236
1070412,CNX,2016-12-31,229443008
1070412,CNX,2017-12-31,223743322
1070412,CNX,2019-12-31,186642962
1070412,CNX,2020-12-31,220440993
1070412,CNX,2021-03-31,220263606
1070412,CNX,2021-06-30,218664158
1070412,CNX,2021-09-30,211982785
1070412,CNX,2021-12-31,203531320
1070412,CNX,2022-03-31,195139160
1070412,CNX,2022-06-30,191400910
1070412,CNX,2022-09-30,183072552
1070412,CNX,2022-12-31,170841164
1070412,CNX,2023-03-31,165936491
1070412,CNX,2023-06-30,162071479
1070412,CNX,2023-09-30,159644764
1070412,CNX,2023-12-31,154382880
1070412,CNX,2024-03-31,153275909
1070412,CNX,2024-06-30,151545126
1070412,CNX,2024-09-30,149256306
1070412,CNX,2024-12-31,148879640
1070412,CNX,2025-03-31,145460928
1070412,CNX,2025-06-30,141906101
1070412,CNX,2025-09-30,135887339
1070412,CNX,2025-12-31,142590509
1070412,CNX,2026-03-31,141942305
1070412,CNX,2026-06-30,149036879
1024305,COTY,2013-05-31,382800000
1024305,COTY,2017-06-30,747900000
1024305,COTY,2017-09-30,749400000
1024305,COTY,2017-12-31,749800000
1024305,COTY,2018-03-31,750500000
1024305,COTY,2018-06-30,750700000
1024305,COTY,2018-09-30,750800000
1024305,COTY,2018-12-31,751200000
1024305,COTY,2019-03-31,751400000
1024305,COTY,2019-06-30,754200000
1024305,COTY,2019-09-30,757000000
1024305,COTY,2019-12-31,760500000
1024305,COTY,2020-03-31,763100000
1024305,COTY,2020-06-30,765100000
1024305,COTY,2020-09-30,765700000
1024305,COTY,2020-12-31,766100000
1024305,COTY,2021-03-31,766100000
1024305,COTY,2021-06-30,766000000
1024305,COTY,2021-09-30,817000000
1024305,COTY,2021-12-31,838700000
1024305,COTY,2022-03-31,839200000
1024305,COTY,2022-06-30,839200000
1024305,COTY,2022-09-30,849300000
1024305,COTY,2022-12-31,852500000
1024305,COTY,2023-03-31,852700000
1024305,COTY,2023-06-30,852800000
1024305,COTY,2023-09-30,888000000
1024305,COTY,2023-12-31,895100000
1024305,COTY,2024-03-31,867900000
1024305,COTY,2024-06-30,867800000
1024305,COTY,2024-09-30,867800000
1024305,COTY,2024-12-31,872000000
1024305,COTY,2025-03-31,872300000
1024305,COTY,2025-06-30,872300000
1024305,COTY,2025-09-30,873900000
1024305,COTY,2025-12-31,877600000
1024305,COTY,2026-03-31,880000000
1024305,COTY,2026-06-30,880500000
1530721,CPRI,2011-06-30,4351
1530721,CPRI,2011-07-31,147134033
1530721,CPRI,2012-03-31,192731390
1530721,CPRI,2013-03-30,201454408
1530721,CPRI,2013-06-29,202811756
1530721,CPRI,2013-09-28,203846931
1530721,CPRI,2013-12-28,203882679
1530721,CPRI,2014-03-29,204261580
1530721,CPRI,2014-06-28,205248311
1530721,CPRI,2014-09-27,205797551
1530721,CPRI,2014-12-27,201029249
1530721,CPRI,2015-03-28,199656833
1530721,CPRI,2015-06-27,193372032
1530721,CPRI,2015-09-26,184048990
1530721,CPRI,2015-12-26,179406768
1530721,CPRI,2016-04-02,176441891
1530721,CPRI,2016-07-02,168997105
1530721,CPRI,2016-10-01,164233915
1530721,CPRI,2016-12-31,162435864
1530721,CPRI,2017-04-01,155833304
1530721,CPRI,2017-07-01,151593388
1530721,CPRI,2017-09-30,152066668
1530721,CPRI,2017-12-30,152167403
1530721,CPRI,2018-03-31,149698407
1530721,CPRI,2018-06-30,149168595
1530721,CPRI,2018-09-29,150150297
1530721,CPRI,2018-12-29,148313496
1530721,CPRI,2019-03-30,150932306
1530721,CPRI,2019-06-29,151565342
1530721,CPRI,2019-09-28,151633281
1530721,CPRI,2019-12-28,149012245
1530721,CPRI,2020-03-28,149425612
1530721,CPRI,2020-06-27,150340192
1530721,CPRI,2020-09-26,150621274
1530721,CPRI,2020-12-26,150682036
1530721,CPRI,2021-03-27,151280011
1530721,CPRI,2021-06-26,151942484
1530721,CPRI,2021-09-25,150447462
1530721,CPRI,2021-12-25,147252018
1530721,CPRI,2022-04-02,142806269
1530721,CPRI,2022-07-02,137956977
1530721,CPRI,2022-10-01,131088991
1530721,CPRI,2022-12-31,125398217
1530721,CPRI,2023-04-01,117347045
1530721,CPRI,2023-07-01,116064396
1530721,CPRI,2023-09-30,116140358
1530721,CPRI,2023-12-30,116262663
1530721,CPRI,2024-03-30,116629634
1530721,CPRI,2024-06-29,117781894
1530721,CPRI,2024-09-28,117824265
1530721,CPRI,2024-12-28,117908474
1530721,CPRI,2025-03-29,117913201
1530721,CPRI,2025-06-28,119040814
1530721,CPRI,2025-09-27,119072572
1530721,CPRI,2025-12-27,119148040
1530721,CPRI,2026-03-28,115175268
1530721,CPRI,2026-06-27,113609022
827099,CPWR,2011-12-31,23031863
827099,CPWR,2012-03-31,23031863
827099,CPWR,2012-09-30,23031863
827099,CPWR,2012-12-31,23031863
827099,CPWR,2013-03-31,24031863
827099,CPWR,2013-06-30,24031863
827099,CPWR,2013-09-30,24031863
827099,CPWR,2013-12-31,24031863
827099,CPWR,2014-03-31,24031863
827099,CPWR,2014-06-30,24031863
827099,CPWR,2014-09-30,24031863
827099,CPWR,2014-12-31,24031863
827099,CPWR,2015-03-31,53404140
827099,CPWR,2015-06-30,53404140
827099,CPWR,2015-09-30,53404140
827099,CPWR,2015-12-31,213616
827099,CPWR,2016-03-31,53404140
827099,CPWR,2016-06-30,60404140
827099,CPWR,2016-09-30,60404140
827099,CPWR,2016-12-31,94343776
827099,CPWR,2017-03-31,247178
827099,CPWR,2017-06-30,112625870
827099,CPWR,2017-09-30,118190179
827099,CPWR,2017-12-31,122642247
827099,CPWR,2018-03-31,122762904
827099,CPWR,2018-06-30,123306904
827099,CPWR,2018-09-30,125654592
827099,CPWR,2018-12-31,131038944
827099,CPWR,2019-03-31,132838944
827099,CPWR,2019-06-30,133838944
827099,CPWR,2019-09-30,134277252
827099,CPWR,2019-12-31,134775136
827099,CPWR,2020-03-31,134775136
827099,CPWR,2020-06-30,134775136
827099,CPWR,2020-09-30,134775136
827099,CPWR,2020-12-31,137847005
827099,CPWR,2021-03-31,146870469
827099,CPWR,2021-06-30,159370469
827099,CPWR,2021-09-30,169370469
827099,CPWR,2021-12-31,174370469
827099,CPWR,2022-03-31,174370469
827099,CPWR,2022-06-30,179370469
827099,CPWR,2022-09-30,184370469
827099,CPWR,2022-12-31,184370469
827099,CPWR,2023-03-31,184370469
827099,CPWR,2023-06-30,184370469
827099,CPWR,2023-09-30,184370469
827099,CPWR,2023-12-31,184370469
827099,CPWR,2024-03-31,190012124
827099,CPWR,2024-06-30,190012124
827099,CPWR,2024-09-30,190012124
827099,CPWR,2024-12-31,190012124
827099,CPWR,2025-03-31,190995457
827099,CPWR,2025-06-30,190012124
827099,CPWR,2025-09-30,190012124
827099,CPWR,2025-12-31,190012124
827099,CPWR,2026-03-31,190012124
827099,CPWR,2026-06-30,190012124
1944013,CR,2022-12-31,56325382
1944013,CR,2023-06-30,56754781
1944013,CR,2023-09-30,56798744
1944013,CR,2023-12-31,56919443
1944013,CR,2024-03-31,57111810
1944013,CR,2024-06-30,57186163
1944013,CR,2024-09-30,57226069
1944013,CR,2024-12-31,57290198
1944013,CR,2025-03-31,57497701
1944013,CR,2025-06-30,57536061
1944013,CR,2025-09-30,57593476
1944013,CR,2025-12-31,57607816
1944013,CR,2026-03-31,57743867
1944013,CR,2026-06-30,57798435
798359,CSR,2011-04-30,80523265
798359,CSR,2011-07-31,81258846
798359,CSR,2011-10-31,83681912
798359,CSR,2012-01-31,85743308
798359,CSR,2012-04-30,89473838
798359,CSR,2012-07-31,91811928
798359,CSR,2012-10-31,93161087000
798359,CSR,2013-01-31,94386198
798359,CSR,2013-04-30,101487976
798359,CSR,2013-07-31,104226469
798359,CSR,2013-10-31,105553856
798359,CSR,2014-01-31,106937304
798359,CSR,2014-04-30,109019341
798359,CSR,2014-07-31,114762774
798359,CSR,2014-10-31,119808974
798359,CSR,2015-01-31,122134143
798359,CSR,2015-04-30,124455624
798359,CSR,2015-07-31,125519557
798359,CSR,2015-10-31,122797516
798359,CSR,2016-01-31,121033647
798359,CSR,2016-04-30,121091249
798359,CSR,2016-07-31,121527837
798359,CSR,2016-10-31,121701433
798359,CSR,2017-01-31,121889299
798359,CSR,2017-04-30,121199299
798359,CSR,2017-07-31,120587000
798359,CSR,2017-10-31,120189000
798359,CSR,2018-01-31,120035000
798359,CSR,2018-04-30,11952598
798359,CSR,2018-07-31,119507000
798359,CSR,2018-10-31,119727000
798359,CSR,2018-12-31,12098000
798359,CSR,2019-03-31,11768000
798359,CSR,2019-06-30,11656000
798359,CSR,2019-09-30,11625000
798359,CSR,2019-12-31,12098379
798359,CSR,2020-03-31,12163000
798359,CSR,2020-06-30,12827000
798359,CSR,2020-09-30,12976000
798359,CSR,2020-12-31,13027000
798359,CSR,2021-03-31,13220000
798359,CSR,2021-06-30,14045000
798359,CSR,2021-09-30,14281000
798359,CSR,2021-12-31,15016000
798359,CSR,2022-03-31,15366000
798359,CSR,2022-06-30,15373000
798359,CSR,2022-09-30,15376000
798359,CSR,2022-12-31,15020000
798359,CSR,2023-03-31,15032000
798359,CSR,2023-06-30,14949000
798359,CSR,2023-09-30,15052000
798359,CSR,2023-12-31,14963000
798359,CSR,2024-03-31,14912000
798359,CSR,2024-06-30,15057000
798359,CSR,2024-09-30,16568000
798359,CSR,2024-12-31,16719000
798359,CSR,2025-03-31,16735000
798359,CSR,2025-06-30,16757000
798359,CSR,2025-09-30,16703000
798359,CSR,2025-12-31,16761000
798359,CSR,2026-03-31,16803000
798359,CSR,2026-06-30,16792000
1590895,CZR,2013-12-31,46447432
1590895,CZR,2014-09-30,46447432
1590895,CZR,2014-12-31,46426714
1590895,CZR,2015-03-31,46426714
1590895,CZR,2015-06-30,46444694
1590895,CZR,2015-09-30,46444694
1590895,CZR,2015-12-31,46817829
1590895,CZR,2016-03-31,46942735
1590895,CZR,2016-06-30,47075635
1590895,CZR,2016-09-30,47105744
1590895,CZR,2016-12-31,47105744
1590895,CZR,2017-03-31,47163284
1590895,CZR,2017-06-30,76625525
1590895,CZR,2017-09-30,76804618
1590895,CZR,2017-12-31,76825966
1590895,CZR,2018-03-31,77241115
1590895,CZR,2018-06-30,77326124
1590895,CZR,2018-09-30,77391244
1590895,CZR,2018-12-31,77215066
1590895,CZR,2019-03-31,77439165
1590895,CZR,2019-06-30,77543101
1590895,CZR,2019-09-30,77545678
1590895,CZR,2019-12-31,77569117
1590895,CZR,2020-03-31,77802894
1590895,CZR,2020-06-30,98565678
1590895,CZR,2020-12-31,208049417
1590895,CZR,2021-12-31,213779848
1590895,CZR,2022-12-31,214671754
1590895,CZR,2023-12-31,215800650
1590895,CZR,2024-12-31,211325086
1590895,CZR,2025-12-31,202629159
27996,DLX,2009-12-31,51189000
27996,DLX,2010-06-30,51376000
27996,DLX,2010-09-30,51302000
27996,DLX,2010-12-31,51338000
27996,DLX,2011-03-31,51395
27996,DLX,2011-06-30,51026
27996,DLX,2011-09-30,50817000
27996,DLX,2011-12-31,50826000
27996,DLX,2012-03-31,50991000
27996,DLX,2012-06-30,50541000
27996,DLX,2012-09-30,50900000
27996,DLX,2012-12-31,50614000
27996,DLX,2013-03-31,50669000
27996,DLX,2013-06-30,50385000
27996,DLX,2013-09-30,50482000
27996,DLX,2013-12-31,50344000
27996,DLX,2014-03-31,50043000
27996,DLX,2014-06-30,49759000
27996,DLX,2014-09-30,49670000
27996,DLX,2014-12-31,49742000
27996,DLX,2015-03-31,49929000
27996,DLX,2015-06-30,49960000
27996,DLX,2015-09-30,49219000
27996,DLX,2015-12-31,49019000
27996,DLX,2016-03-31,48910000
27996,DLX,2016-06-30,48760000
27996,DLX,2016-09-30,48586000
27996,DLX,2016-12-31,48546000
27996,DLX,2017-03-31,48502000
27996,DLX,2017-06-30,48351000
27996,DLX,2017-09-30,48120000
27996,DLX,2017-12-31,47953000
27996,DLX,2018-03-31,47841000
27996,DLX,2018-06-30,47623000
27996,DLX,2018-09-30,46305000
27996,DLX,2018-12-31,44647000
27996,DLX,2019-03-31,43638000
27996,DLX,2019-06-30,42928000
27996,DLX,2019-09-30,42099000
27996,DLX,2019-12-31,42126000
27996,DLX,2020-03-31,41691000
27996,DLX,2020-06-30,41855000
27996,DLX,2020-09-30,41893000
27996,DLX,2020-12-31,41973000
27996,DLX,2021-03-31,42104000
27996,DLX,2021-06-30,42537000
27996,DLX,2021-09-30,42601000
27996,DLX,2021-12-31,42679000
27996,DLX,2022-03-31,42923000
27996,DLX,2022-06-30,43080000
27996,DLX,2022-09-30,43136000
27996,DLX,2022-12-31,43200000
27996,DLX,2023-03-31,43421000
27996,DLX,2023-06-30,43613000
27996,DLX,2023-09-30,43691000
27996,DLX,2023-12-31,43700000
27996,DLX,2024-03-31,44046000
27996,DLX,2024-06-30,44210000
27996,DLX,2024-09-30,44272000
27996,DLX,2024-12-31,44300000
27996,DLX,2025-03-31,44700000
27996,DLX,2025-06-30,44900000
27996,DLX,2025-09-30,44965000
27996,DLX,2025-12-31,45000000
27996,DLX,2026-03-31,45700000
27996,DLX,2026-06-30,45800000
1818794,DYN,2019-12-31,2586535
1818794,DYN,2020-09-30,45004247
1818794,DYN,2020-12-31,45076574
1818794,DYN,2021-03-31,51158276
1818794,DYN,2021-06-30,51232341
1818794,DYN,2021-09-30,51483643
1818794,DYN,2021-12-31,51569381
1818794,DYN,2022-03-31,51649423
1818794,DYN,2022-06-30,51734361
1818794,DYN,2022-09-30,51906773
1818794,DYN,2022-12-31,55636505
1818794,DYN,2023-03-31,58305480
1818794,DYN,2023-06-30,61013986
1818794,DYN,2023-09-30,61322283
1818794,DYN,2023-12-31,61468743
1818794,DYN,2024-03-31,87089649
1818794,DYN,2024-06-30,100119518
1818794,DYN,2024-09-30,101753378
1818794,DYN,2024-12-31,102318629
1818794,DYN,2025-03-31,113633782
1818794,DYN,2025-06-30,114338610
1818794,DYN,2025-09-30,142613248
1818794,DYN,2025-12-31,164950540
1818794,DYN,2026-03-31,165201329
1818794,DYN,2026-06-30,165670880
915389,EMN,2008-12-31,188991720
915389,EMN,2009-12-31,189550128
915389,EMN,2010-12-31,193688890
915389,EMN,2011-12-31,196455131
915389,EMN,2012-12-31,213406523
915389,EMN,2013-12-31,215131237
915389,EMN,2014-12-31,216256971
915389,EMN,2015-12-31,216899964
915389,EMN,2016-12-31,217707600
915389,EMN,2017-12-31,218369992
915389,EMN,2018-12-31,219140523
915389,EMN,2019-12-31,219638646
915389,EMN,2020-12-31,220641506
915389,EMN,2021-12-31,221809309
915389,EMN,2022-12-31,222348557
915389,EMN,2023-12-31,222762317
915389,EMN,2024-12-31,223588347
915389,EMN,2025-12-31,223938047
1463101,ENPH,2011-12-31,1698000
1463101,ENPH,2012-03-31,1713000
1463101,ENPH,2012-06-30,40753000
1463101,ENPH,2012-09-30,40757000
1463101,ENPH,2012-12-31,40856000
1463101,ENPH,2013-03-31,41393000
1463101,ENPH,2013-06-30,41739000
1463101,ENPH,2013-09-30,41813000
1463101,ENPH,2013-12-31,42123000
1463101,ENPH,2014-03-31,42354000
1463101,ENPH,2014-06-30,42835000
1463101,ENPH,2014-09-30,43378000
1463101,ENPH,2014-12-31,43756000
1463101,ENPH,2015-03-31,44117000
1463101,ENPH,2015-06-30,44427000
1463101,ENPH,2015-09-30,45004000
1463101,ENPH,2015-12-31,45821000
1463101,ENPH,2016-03-31,46365000
1463101,ENPH,2016-06-30,46744000
1463101,ENPH,2016-09-30,59958000
1463101,ENPH,2016-12-31,62269000
1463101,ENPH,2017-03-31,84276000
1463101,ENPH,2017-06-30,84581000
1463101,ENPH,2017-09-30,85217000
1463101,ENPH,2017-12-31,85914000
1463101,ENPH,2018-03-31,96765000
1463101,ENPH,2018-06-30,98082000
1463101,ENPH,2018-09-30,106322000
1463101,ENPH,2018-12-31,107035000
1463101,ENPH,2019-03-31,110211000
1463101,ENPH,2019-06-30,121950000
1463101,ENPH,2019-09-30,122306000
1463101,ENPH,2019-12-31,123109000
1463101,ENPH,2020-03-31,125072000
1463101,ENPH,2020-06-30,125979000
1463101,ENPH,2020-09-30,126270000
1463101,ENPH,2020-12-31,128962000
1463101,ENPH,2021-03-31,135691000
1463101,ENPH,2021-06-30,134571000
1463101,ENPH,2021-09-30,134848000
1463101,ENPH,2021-12-31,133894000
1463101,ENPH,2022-03-31,134959000
1463101,ENPH,2022-06-30,135426000
1463101,ENPH,2022-09-30,135857000
1463101,ENPH,2022-12-31,136441000
1463101,ENPH,2023-03-31,137002000
1463101,ENPH,2023-06-30,136006000
1463101,ENPH,2023-09-30,136512000
1463101,ENPH,2023-12-31,135722000
1463101,ENPH,2024-03-31,135989000
1463101,ENPH,2024-06-30,135396000
1463101,ENPH,2024-09-30,135084000
1463101,ENPH,2024-12-31,132448000
1463101,ENPH,2025-03-31,131186000
1463101,ENPH,2025-06-30,130736000
1463101,ENPH,2025-09-30,130849000
1463101,ENPH,2025-12-31,131080000
1463101,ENPH,2026-03-31,131784000
887396,EP,2011-12-31,85564
887396,EP,2012-06-30,85564
887396,EP,2012-12-31,7630374
887396,EP,2013-09-30,7630374
887396,EP,2013-12-31,7630609
887396,EP,2014-12-31,7630609
887396,EP,2015-03-31,8710609
887396,EP,2015-06-30,8710609
887396,EP,2015-09-30,8710609
887396,EP,2015-12-31,8710609
887396,EP,2016-03-31,8710609
887396,EP,2016-06-30,8710609
887396,EP,2016-09-30,8710609
887396,EP,2016-12-31,8710609
887396,EP,2017-03-31,8710609
887396,EP,2017-06-30,8710609
887396,EP,2017-09-30,8803942
887396,EP,2017-12-31,8803942
887396,EP,2018-03-31,9993942
887396,EP,2018-06-30,11328942
887396,EP,2018-09-30,17345609
887396,EP,2018-12-31,17345609
887396,EP,2019-03-31,18792277
887396,EP,2019-06-30,19867277
887396,EP,2019-09-30,19867277
887396,EP,2019-12-31,20367277
887396,EP,2020-03-31,21392277
887396,EP,2020-06-30,21392277
887396,EP,2020-09-30,24892277
887396,EP,2020-12-31,6223069
887396,EP,2021-03-31,57515920
887396,EP,2021-06-30,65661634
887396,EP,2021-09-30,74323764
887396,EP,2021-12-31,19840648
887396,EP,2022-03-31,19889398
887396,EP,2022-06-30,21443293
887396,EP,2022-09-30,21882565
887396,EP,2022-12-31,22093503
887396,EP,2023-03-31,22104592
887396,EP,2023-06-30,22124592
887396,EP,2023-09-30,22093503
887396,EP,2023-12-31,25503530
887396,EP,2024-03-31,25623674
887396,EP,2024-06-30,31375375
887396,EP,2024-09-30,31656934
887396,EP,2024-12-31,33667132
887396,EP,2025-03-31,33710727
887396,EP,2025-06-30,33756595
887396,EP,2025-09-30,34266208
887396,EP,2025-12-31,34855815
887396,EP,2026-03-31,39776304
887396,EP,2026-06-30,41556741
1352010,EPAM,2011-12-31,17158904
1352010,EPAM,2012-03-31,42260623
1352010,EPAM,2012-06-30,42767545
1352010,EPAM,2012-09-30,43395364
1352010,EPAM,2012-12-31,44442494
1352010,EPAM,2013-03-31,45223981
1352010,EPAM,2013-06-30,45958829
1352010,EPAM,2013-09-30,46375152
1352010,EPAM,2013-12-31,46614916
1352010,EPAM,2014-03-31,46940797
1352010,EPAM,2014-06-30,47514892
1352010,EPAM,2014-09-30,47691502
1352010,EPAM,2014-12-31,48303811
1352010,EPAM,2015-03-31,48692313
1352010,EPAM,2015-06-30,49623617
1352010,EPAM,2015-09-30,49848259
1352010,EPAM,2015-12-31,50166537
1352010,EPAM,2016-03-31,50543630
1352010,EPAM,2016-06-30,50866612
1352010,EPAM,2016-09-30,51016500
1352010,EPAM,2016-12-31,51097687
1352010,EPAM,2017-03-31,51663765
1352010,EPAM,2017-06-30,52456936
1352010,EPAM,2017-09-30,52728271
1352010,EPAM,2017-12-31,52983685
1352010,EPAM,2018-03-31,53306998
1352010,EPAM,2018-06-30,53685267
1352010,EPAM,2018-09-30,53991844
1352010,EPAM,2018-12-31,54080192
1352010,EPAM,2019-03-31,54564508
1352010,EPAM,2019-06-30,54779289
1352010,EPAM,2019-09-30,54949098
1352010,EPAM,2019-12-31,55188000
1352010,EPAM,2020-03-31,55589100
1352010,EPAM,2020-06-30,55825951
1352010,EPAM,2020-09-30,55981535
1352010,EPAM,2020-12-31,56108000
1352010,EPAM,2021-03-31,56381000
1352010,EPAM,2021-06-30,56613000
1352010,EPAM,2021-09-30,56708000
1352010,EPAM,2021-12-31,56849000
1352010,EPAM,2022-03-31,57133000
1352010,EPAM,2022-06-30,57353000
1352010,EPAM,2022-09-30,57502000
1352010,EPAM,2022-12-31,57655000
1352010,EPAM,2023-03-31,57848000
1352010,EPAM,2023-06-30,57955000
1352010,EPAM,2023-09-30,57693000
1352010,EPAM,2023-12-31,57787000
1352010,EPAM,2024-03-31,57933000
1352010,EPAM,2024-06-30,56932000
1352010,EPAM,2024-09-30,56708000
1352010,EPAM,2024-12-31,56869000
1352010,EPAM,2025-03-31,56626000
1352010,EPAM,2025-06-30,55696000
1352010,EPAM,2025-09-30,55214000
1352010,EPAM,2025-12-31,54274000
1352010,EPAM,2026-03-31,52757000
1352010,EPAM,2026-06-30,51585000
1746466,EQ,2017-12-31,10708074
1746466,EQ,2018-09-30,11130446
1746466,EQ,2018-12-31,17376236
1746466,EQ,2019-03-31,17376236
1746466,EQ,2019-06-30,17376236
1746466,EQ,2019-09-30,17376236
1746466,EQ,2019-12-31,17425654
1746466,EQ,2020-03-31,17683965
1746466,EQ,2020-06-30,17723850
1746466,EQ,2020-09-30,24724544
1746466,EQ,2020-12-31,24753102
1746466,EQ,2021-03-31,29040270
1746466,EQ,2021-06-30,29382806
1746466,EQ,2021-09-30,29382806
1746466,EQ,2021-12-31,29455668
1746466,EQ,2022-03-31,34414149
1746466,EQ,2022-06-30,34352084
1746466,EQ,2022-09-30,34352084
1746466,EQ,2022-12-31,34414149
1746466,EQ,2023-03-31,34414149
1746466,EQ,2023-06-30,34568500
1746466,EQ,2023-09-30,35119248
1746466,EQ,2023-12-31,35254752
1746466,EQ,2024-03-31,35254752
1746466,EQ,2024-06-30,35424388
1746466,EQ,2024-09-30,35424388
1746466,EQ,2024-12-31,35557563
1746466,EQ,2025-03-31,35719317
1746466,EQ,2025-06-30,35719317
1746466,EQ,2025-09-30,60676837
1746466,EQ,2025-12-31,61464368
1746466,EQ,2026-03-31,63226556
1746466,EQ,2026-06-30,63408082
2053641,ETS,2024-11-30,12916672
2053641,ETS,2025-08-31,16716672
2053641,ETS,2025-11-30,16716672
2053641,ETS,2026-02-28,16716672
2053641,ETS,2026-05-31,16716672
1370637,ETSY,2013-12-31,33082948
1370637,ETSY,2014-12-31,44180393
1370637,ETSY,2015-03-31,44834221
1370637,ETSY,2015-06-30,111892093
1370637,ETSY,2015-09-30,111992315
1370637,ETSY,2015-12-31,112563354
1370637,ETSY,2016-03-31,113011624
1370637,ETSY,2016-06-30,113672931
1370637,ETSY,2016-09-30,115340742
1370637,ETSY,2016-12-31,115973039
1370637,ETSY,2017-03-31,116268470
1370637,ETSY,2017-06-30,117849400
1370637,ETSY,2017-09-30,121067352
1370637,ETSY,2017-12-31,121769238
1370637,ETSY,2018-03-31,119954600
1370637,ETSY,2018-06-30,119545384
1370637,ETSY,2018-09-30,120244674
1370637,ETSY,2018-12-31,119771702
1370637,ETSY,2019-03-31,119933386
1370637,ETSY,2019-06-30,120335524
1370637,ETSY,2019-09-30,118449657
1370637,ETSY,2019-12-31,118342772
1370637,ETSY,2020-03-31,118376782
1370637,ETSY,2020-06-30,119140637
1370637,ETSY,2020-09-30,118342772
1370637,ETSY,2020-12-31,125835931
1370637,ETSY,2021-03-31,125835931
1370637,ETSY,2021-06-30,125835931
1370637,ETSY,2021-09-30,126503754
1370637,ETSY,2021-12-31,127022118
1370637,ETSY,2022-03-31,126969418
1370637,ETSY,2022-06-30,126741612
1370637,ETSY,2022-09-30,125661777
1370637,ETSY,2022-12-31,125054278
1370637,ETSY,2023-03-31,122953145
1370637,ETSY,2023-06-30,123249136
1370637,ETSY,2023-09-30,119662608
1370637,ETSY,2023-12-31,119069000
1370637,ETSY,2024-03-31,117064000
1370637,ETSY,2024-06-30,115315000
1370637,ETSY,2024-09-30,112848000
1370637,ETSY,2024-12-31,108540000
1370637,ETSY,2025-03-31,105126000
1370637,ETSY,2025-06-30,99608000
1370637,ETSY,2025-09-30,98528000
1370637,ETSY,2025-12-31,97031000
1370637,ETSY,2026-03-31,94887000
1370637,ETSY,2026-06-30,92370000
1650132,FCPT,2014-12-31,0
1650132,FCPT,2015-12-31,42741995
1650132,FCPT,2016-01-07,42700000
1650132,FCPT,2016-03-31,59881270
1650132,FCPT,2016-06-30,59885881
1650132,FCPT,2016-09-30,59888447
1650132,FCPT,2016-12-31,59923557
1650132,FCPT,2017-03-31,60022912
1650132,FCPT,2017-06-30,61193753
1650132,FCPT,2017-09-30,61196087
1650132,FCPT,2017-12-31,61329489
1650132,FCPT,2018-03-31,61391187
1650132,FCPT,2018-06-30,62930370
1650132,FCPT,2018-09-30,67441692
1650132,FCPT,2018-12-31,68204045
1650132,FCPT,2019-03-31,68368264
1650132,FCPT,2019-06-30,68418243
1650132,FCPT,2019-09-30,68417182
1650132,FCPT,2019-12-31,70020660
1650132,FCPT,2020-03-31,70323828
1650132,FCPT,2020-06-30,70333387
1650132,FCPT,2020-09-30,72769345
1650132,FCPT,2020-12-31,75874966
1650132,FCPT,2021-03-31,76171261
1650132,FCPT,2021-06-30,76202401
1650132,FCPT,2021-09-30,77245726
1650132,FCPT,2021-12-31,80279217
1650132,FCPT,2022-03-31,80363738
1650132,FCPT,2022-06-30,80543986
1650132,FCPT,2022-09-30,82822584
1650132,FCPT,2022-12-31,85637293
1650132,FCPT,2023-03-31,86088900
1650132,FCPT,2023-06-30,90565846
1650132,FCPT,2023-09-30,90565195
1650132,FCPT,2023-12-31,91617477
1650132,FCPT,2024-03-31,91989203
1650132,FCPT,2024-06-30,92102202
1650132,FCPT,2024-09-30,96510405
1650132,FCPT,2024-12-31,99825119
1650132,FCPT,2025-03-31,99972006
1650132,FCPT,2025-06-30,102230784
1650132,FCPT,2025-09-30,104464113
1650132,FCPT,2025-12-31,108188605
1650132,FCPT,2026-03-31,109749197
1650132,FCPT,2026-06-30,109756406
36966,FHN,2010-12-31,778500
36966,FHN,2011-12-31,257468000
36966,FHN,2012-12-31,243598000
36966,FHN,2013-12-31,236370000
36966,FHN,2014-12-31,234220000
36966,FHN,2015-12-31,238587000
36966,FHN,2016-12-31,233624000
1124198,FLR,2008-12-31,181555921
1124198,FLR,2009-03-31,179851258
1124198,FLR,2009-06-30,179855245
1124198,FLR,2009-09-30,178941284
1124198,FLR,2009-12-31,178824617
1124198,FLR,2010-03-31,178729811
1124198,FLR,2010-06-30,178769561
1124198,FLR,2010-09-30,178776372
1124198,FLR,2010-12-31,176425158
1124198,FLR,2011-03-31,174413358
1124198,FLR,2011-06-30,173803722
1124198,FLR,2011-09-30,169652179
1124198,FLR,2011-12-31,168979199
1124198,FLR,2012-03-31,168892114
1124198,FLR,2012-06-30,166962018
1124198,FLR,2012-09-30,166508134
1124198,FLR,2012-12-31,162359906
1124198,FLR,2013-03-31,162861327
1124198,FLR,2013-06-30,163032682
1124198,FLR,2013-09-30,163261653
1124198,FLR,2013-12-31,161287818
1124198,FLR,2014-03-31,159303927
1124198,FLR,2014-06-30,157599815
1124198,FLR,2014-09-30,156527652
1124198,FLR,2014-12-31,148633640
1124198,FLR,2015-03-31,146976144
1124198,FLR,2015-06-30,145384573
1124198,FLR,2015-09-30,142219163
1124198,FLR,2015-12-31,139018309
1124198,FLR,2016-03-31,139222687
1124198,FLR,2016-06-30,139243680
1124198,FLR,2016-09-30,139250204
1124198,FLR,2016-12-31,139258483
1124198,FLR,2017-03-31,139781114
1124198,FLR,2017-06-30,139876865
1124198,FLR,2017-09-30,139902454
1124198,FLR,2017-12-31,139918324
1124198,FLR,2018-03-31,140597739
1124198,FLR,2018-06-30,140699850
1124198,FLR,2018-09-30,140749228
1124198,FLR,2018-12-31,139653824
1124198,FLR,2019-03-31,140108765
1124198,FLR,2019-06-30,140174400
1124198,FLR,2019-09-30,140174400
1124198,FLR,2019-12-31,140174400
1124198,FLR,2020-03-31,140533363
1124198,FLR,2020-06-30,140565020
1124198,FLR,2020-09-30,140609216
1124198,FLR,2020-12-31,140715205
1124198,FLR,2021-03-31,141339543
1124198,FLR,2021-06-30,141416214
1124198,FLR,2021-09-30,141411916
1124198,FLR,2021-12-31,141434771
1124198,FLR,2022-03-31,142008804
1124198,FLR,2022-06-30,142082682
1124198,FLR,2022-09-30,142082682
1124198,FLR,2022-12-31,142322247
1124198,FLR,2023-03-31,143237347
1124198,FLR,2023-06-30,143368344
1124198,FLR,2023-09-30,170373444
1124198,FLR,2023-12-31,170405512
1124198,FLR,2024-03-31,171209311
1124198,FLR,2024-06-30,171281080
1124198,FLR,2024-09-30,171326177
1124198,FLR,2024-12-31,169228759
1124198,FLR,2025-03-31,166159352
1124198,FLR,2025-06-30,162423864
1124198,FLR,2025-09-30,161169582
1124198,FLR,2025-12-31,152047739
1124198,FLR,2026-03-31,141559940
1124198,FLR,2026-06-30,135564463
1026214,FMCC,2010-12-31,649179789
1026214,FMCC,2011-06-30,649706712
1026214,FMCC,2011-09-30,649718089
1026214,FMCC,2011-12-31,649725302
1026214,FMCC,2012-03-31,650033623
1026214,FMCC,2012-06-30,650033623
1026214,FMCC,2012-09-30,650033623
1026214,FMCC,2012-12-31,650033623
1026214,FMCC,2013-03-31,650039533
1026214,FMCC,2013-06-30,650039533
1026214,FMCC,2013-09-30,650039533
1026214,FMCC,2013-12-31,650039533
1026214,FMCC,2014-03-31,650040391
1026214,FMCC,2014-06-30,650040391
1026214,FMCC,2014-09-30,650040391
1026214,FMCC,2014-12-31,650043899
1026214,FMCC,2015-03-31,650044758
1026214,FMCC,2015-06-30,650044758
1026214,FMCC,2015-09-30,650045962
1026214,FMCC,2015-12-31,650045962
1026214,FMCC,2016-03-31,650046828
1026214,FMCC,2016-06-30,650046828
1026214,FMCC,2016-09-30,650046828
1026214,FMCC,2016-12-31,650046828
1026214,FMCC,2017-03-31,650054731
1026214,FMCC,2017-06-30,650054731
1026214,FMCC,2017-09-30,650054731
1026214,FMCC,2017-12-31,650054731
1026214,FMCC,2018-03-31,650054986
1026214,FMCC,2018-06-30,650058775
1026214,FMCC,2018-09-30,650058775
1026214,FMCC,2018-12-31,650058775
1026214,FMCC,2019-03-31,650059033
1026214,FMCC,2019-06-30,650059033
1026214,FMCC,2019-09-30,650059033
1026214,FMCC,2019-12-31,650059033
1026214,FMCC,2020-03-31,650059033
1026214,FMCC,2020-06-30,650059292
1026214,FMCC,2020-09-30,650059292
1026214,FMCC,2020-12-31,650059292
1026214,FMCC,2021-03-31,650059553
1026214,FMCC,2021-06-30,650059553
1026214,FMCC,2021-09-30,650059553
1026214,FMCC,2021-12-31,650059553
1026214,FMCC,2022-03-31,650059553
1026214,FMCC,2022-06-30,650059553
1026214,FMCC,2022-09-30,650059553
1026214,FMCC,2022-12-31,650059553
1026214,FMCC,2023-03-31,650059553
1026214,FMCC,2023-06-30,650059553
1026214,FMCC,2023-09-30,650059553
1026214,FMCC,2023-12-31,650059553
1026214,FMCC,2024-03-31,650059553
1026214,FMCC,2024-06-30,650059553
1026214,FMCC,2024-09-30,650059553
1026214,FMCC,2024-12-31,650059553
1026214,FMCC,2025-03-31,650059553
1026214,FMCC,2025-06-30,650059553
1026214,FMCC,2025-09-30,650059553
1026214,FMCC,2025-12-31,650059553
1026214,FMCC,2026-06-30,650059553
310522,FNMA,2008-12-31,1085424213
310522,FNMA,2009-06-30,1109063047
310522,FNMA,2009-09-30,1109987342
310522,FNMA,2009-12-31,1113358051
310522,FNMA,2010-03-31,1115813353
310522,FNMA,2010-06-30,1116149329
310522,FNMA,2010-09-30,1117978432
310522,FNMA,2010-12-31,1118504194
310522,FNMA,2011-03-31,1119073956
310522,FNMA,2011-06-30,1157750434
310522,FNMA,2011-09-30,1157757042
310522,FNMA,2011-12-31,1157767400
310522,FNMA,2012-03-31,1158069699
310522,FNMA,2012-06-30,1158069699
310522,FNMA,2012-09-30,1158077970
310522,FNMA,2012-12-31,1158077970
310522,FNMA,2013-03-31,1158077970
310522,FNMA,2013-06-30,1158077970
310522,FNMA,2013-09-30,1158080657
310522,FNMA,2013-12-31,1158080657
310522,FNMA,2014-03-31,1158080657
310522,FNMA,2014-06-30,1158080657
310522,FNMA,2014-09-30,1158082750
310522,FNMA,2014-12-31,1158082750
310522,FNMA,2015-03-31,1158082750
310522,FNMA,2015-06-30,1158082750
310522,FNMA,2015-09-30,1158082750
310522,FNMA,2015-12-31,1158082750
310522,FNMA,2016-03-31,1158082750
310522,FNMA,2016-06-30,1158082750
310522,FNMA,2016-09-30,1158082750
310522,FNMA,2016-12-31,1158082750
310522,FNMA,2017-03-31,1158087567
310522,FNMA,2017-06-30,1158087567
310522,FNMA,2017-09-30,1158087567
310522,FNMA,2017-12-31,1158087567
310522,FNMA,2018-03-31,1158087567
310522,FNMA,2018-06-30,1158087567
310522,FNMA,2018-09-30,1158087567
310522,FNMA,2018-12-31,1158087567
310522,FNMA,2019-03-31,1158087567
310522,FNMA,2019-06-30,1158087567
310522,FNMA,2019-09-30,1158087567
310522,FNMA,2019-12-31,1158087567
310522,FNMA,2020-03-31,1158087567
310522,FNMA,2020-06-30,1158087567
310522,FNMA,2020-09-30,1158087567
310522,FNMA,2020-12-31,1158087567
310522,FNMA,2021-03-31,1158087567
310522,FNMA,2021-06-30,1158087567
310522,FNMA,2021-09-30,1158087567
310522,FNMA,2021-12-31,1158087567
310522,FNMA,2022-03-31,1158087567
310522,FNMA,2022-06-30,1158087567
310522,FNMA,2022-09-30,1158087567
310522,FNMA,2022-12-31,1158087567
310522,FNMA,2023-03-31,1158087567
310522,FNMA,2023-06-30,1158087567
310522,FNMA,2023-09-30,1158087567
310522,FNMA,2023-12-31,1158087567
310522,FNMA,2024-03-31,1158087567
310522,FNMA,2024-06-30,1158087567
310522,FNMA,2024-09-30,1158087567
310522,FNMA,2024-12-31,1158087567
310522,FNMA,2025-03-31,1158087567
310522,FNMA,2025-06-30,1158087567
310522,FNMA,2025-09-30,1158087567
310522,FNMA,2025-12-31,1158087567
310522,FNMA,2026-03-31,1158087567
883569,FOSL,2013-12-28,54708000
883569,FOSL,2014-07-05,53193000
883569,FOSL,2014-10-04,51878000
883569,FOSL,2015-01-03,50771000
883569,FOSL,2015-04-04,49527000
883569,FOSL,2015-07-04,48291000
883569,FOSL,2015-10-03,48117000
883569,FOSL,2016-01-02,48125000
883569,FOSL,2016-04-02,48127000
883569,FOSL,2016-07-02,48127000
883569,FOSL,2016-10-01,48131000
883569,FOSL,2016-12-31,48269000
883569,FOSL,2017-04-01,48460000
883569,FOSL,2017-07-01,48511000
883569,FOSL,2017-09-30,48524000
883569,FOSL,2017-12-30,49518000
883569,FOSL,2018-03-31,48900000
883569,FOSL,2018-06-30,49339000
883569,FOSL,2018-09-29,49393000
883569,FOSL,2018-12-29,49517817
883569,FOSL,2019-03-30,49772000
883569,FOSL,2019-06-29,50453351
883569,FOSL,2019-09-28,50473848
883569,FOSL,2019-12-28,50516477
883569,FOSL,2020-04-04,50583045
883569,FOSL,2020-07-04,51292617
883569,FOSL,2020-10-03,51299222
883569,FOSL,2021-01-02,51474034
883569,FOSL,2021-04-03,51525632
883569,FOSL,2021-07-03,52126740
883569,FOSL,2021-10-02,52143431
883569,FOSL,2022-01-01,52145738
883569,FOSL,2022-04-02,51156552
883569,FOSL,2022-07-02,51806845
883569,FOSL,2022-10-01,51827267
883569,FOSL,2022-12-31,51836456
883569,FOSL,2023-04-01,51841146
883569,FOSL,2023-07-01,52446107
883569,FOSL,2023-09-30,52472039
883569,FOSL,2023-12-30,52487020
883569,FOSL,2024-03-30,52491710
883569,FOSL,2024-06-29,53099052
883569,FOSL,2024-09-28,53154308
883569,FOSL,2024-12-28,53253974
883569,FOSL,2025-04-05,53270521
883569,FOSL,2025-07-05,53785063
883569,FOSL,2025-10-04,53847092
883569,FOSL,2026-01-03,58354014
883569,FOSL,2026-04-04,58404013
883569,FOSL,2026-07-04,59106531
1681459,FTI,2015-12-31,1
1681459,FTI,2016-12-31,118900000
1681459,FTI,2017-03-31,466600000
1681459,FTI,2017-06-30,467200000
1681459,FTI,2017-09-30,467000000
1681459,FTI,2017-12-31,465100000
1681459,FTI,2018-03-31,462200000
1681459,FTI,2018-06-30,457500000
1681459,FTI,2018-09-30,452900000
1681459,FTI,2018-12-31,450500000
1681459,FTI,2019-03-31,448300000
1681459,FTI,2019-06-30,446500000
1681459,FTI,2019-09-30,447100000
1681459,FTI,2019-12-31,447100000
1681459,FTI,2020-03-31,448300000
1681459,FTI,2020-06-30,449300000
1681459,FTI,2020-09-30,449400000
1681459,FTI,2020-12-31,449500000
1681459,FTI,2021-03-31,449800000
1681459,FTI,2021-06-30,450600000
1681459,FTI,2021-09-30,450600000
1681459,FTI,2021-12-31,450700000
1681459,FTI,2022-03-31,452200000
1681459,FTI,2022-06-30,452200000
1681459,FTI,2022-09-30,446400000
1681459,FTI,2022-12-31,442200000
1681459,FTI,2023-03-31,441600000
1681459,FTI,2023-06-30,438100000
1681459,FTI,2023-09-30,435500000
1681459,FTI,2023-12-31,432900000
1681459,FTI,2024-03-31,430900000
1681459,FTI,2024-06-30,428500000
1681459,FTI,2024-09-30,425400000
1681459,FTI,2024-12-31,423000000
1681459,FTI,2025-03-31,419000000
1681459,FTI,2025-06-30,411000000
1681459,FTI,2025-09-30,404500000
1681459,FTI,2025-12-31,400700000
1681459,FTI,2026-03-31,398700000
1681459,FTI,2026-06-30,392800000
1398659,G,2009-12-31,217433091
1398659,G,2010-06-30,219321229
1398659,G,2010-09-30,220298649
1398659,G,2010-12-31,220916960
1398659,G,2011-03-31,221066519
1398659,G,2011-06-30,221557465
1398659,G,2011-09-30,221995792
1398659,G,2011-12-31,222347968
1398659,G,2012-03-31,222691633
1398659,G,2012-06-30,222997072
1398659,G,2012-09-30,224116751
1398659,G,2012-12-31,225480172
1398659,G,2013-03-31,228028597
1398659,G,2013-06-30,229513754
1398659,G,2013-09-30,230147557
1398659,G,2013-12-31,231262576
1398659,G,2014-03-31,233347651
1398659,G,2014-06-30,216314379
1398659,G,2014-09-30,216580092
1398659,G,2014-12-31,218684205
1398659,G,2015-03-31,219697679
1398659,G,2015-06-30,216832795
1398659,G,2015-09-30,213612787
1398659,G,2015-12-31,211472312
1398659,G,2016-03-31,210490107
1398659,G,2016-06-30,208953289
1398659,G,2016-09-30,202738869
1398659,G,2016-12-31,198794052
1398659,G,2017-03-31,192727001
1398659,G,2017-06-30,192868427
1398659,G,2017-09-30,193033898
1398659,G,2017-12-31,192825207
1398659,G,2018-03-31,190613135
1398659,G,2018-06-30,189876061
1398659,G,2018-09-30,190053249
1398659,G,2018-12-31,189346101
1398659,G,2019-03-31,189659709
1398659,G,2019-06-30,190486041
1398659,G,2019-09-30,190113448
1398659,G,2019-12-31,190118181
1398659,G,2020-03-31,190201079
1398659,G,2020-06-30,190721373
1398659,G,2020-09-30,190403947
1398659,G,2020-12-31,189045661
1398659,G,2021-03-31,187176339
1398659,G,2021-09-30,188056571
1398659,G,2021-12-31,185336357
1398659,G,2022-03-31,185072415
1398659,G,2022-06-30,183483736
1398659,G,2022-09-30,183008135
1398659,G,2022-12-31,182924416
1398659,G,2023-03-31,183729110
1398659,G,2023-06-30,181318104
1398659,G,2023-09-30,181412399
1398659,G,2023-12-31,179494132
1398659,G,2024-03-31,179979368
1398659,G,2024-06-30,178177581
1398659,G,2024-09-30,176347167
1398659,G,2024-12-31,174661943
1398659,G,2025-03-31,174870928
1398659,G,2025-06-30,174264642
1398659,G,2025-09-30,172409091
1398659,G,2025-12-31,170341479
1398659,G,2026-06-30,168028805
1326380,GME,2008-08-02,163653000
1326380,GME,2008-11-01,163776000
1326380,GME,2009-01-31,163843000
1326380,GME,2009-05-02,164622000
1326380,GME,2009-08-01,164661000
1326380,GME,2009-10-31,164752000
1326380,GME,2010-01-30,158700000
1326380,GME,2010-05-01,152900000
1326380,GME,2010-07-31,150352000
1326380,GME,2010-10-30,151400000
1326380,GME,2011-01-29,146000000
1326380,GME,2011-04-30,141300000
1326380,GME,2011-07-30,140200000
1326380,GME,2011-10-29,138400000
1326380,GME,2012-01-28,136800000
1326380,GME,2012-04-28,132000000
1326380,GME,2012-07-28,124500000
1326380,GME,2012-10-27,120900000
1326380,GME,2013-02-02,118200000
1326380,GME,2013-05-04,119000000
1326380,GME,2013-08-03,117100000
1326380,GME,2013-11-02,116200000
1326380,GME,2014-02-01,115300000
1326380,GME,2014-05-03,114500000
1326380,GME,2014-08-02,112800000
1326380,GME,2014-11-01,109300000
1326380,GME,2015-01-31,107700000
1326380,GME,2015-05-02,107100000
1326380,GME,2015-08-01,105900000
1326380,GME,2015-10-31,104900000
1326380,GME,2016-01-30,103300000
1326380,GME,2016-04-30,104000000
1326380,GME,2016-07-30,104000000
1326380,GME,2016-10-29,101000000
1326380,GME,2017-01-28,101000000
1326380,GME,2017-04-29,101300000
1326380,GME,2017-07-29,101300000
1326380,GME,2017-10-28,101300000
1326380,GME,2018-02-03,101300000
1326380,GME,2018-05-05,101900000
1326380,GME,2018-08-04,102000000
1326380,GME,2018-11-03,102000000
1326380,GME,2019-02-02,102000000
1326380,GME,2019-05-04,102300000
1326380,GME,2019-08-03,90500000
1326380,GME,2019-11-02,67900000
1326380,GME,2020-02-01,64300000
1326380,GME,2020-05-02,64600000
1326380,GME,2020-08-01,65200000
1326380,GME,2020-10-31,65200000
1326380,GME,2021-01-30,65300000
1326380,GME,2021-05-01,69300000
1326380,GME,2021-07-31,303600000
1326380,GME,2021-10-30,303600000
1326380,GME,2022-01-29,303600000
1326380,GME,2022-04-30,303600000
1326380,GME,2022-07-30,304000000
1326380,GME,2022-10-29,304300000
1326380,GME,2023-01-28,304600000
1326380,GME,2023-04-29,304700000
1326380,GME,2023-07-29,305200000
1326380,GME,2023-10-28,305500000
1326380,GME,2024-02-03,305700000
1326380,GME,2024-05-04,306200000
1326380,GME,2024-08-03,426500000
1326380,GME,2024-11-02,446800000
1326380,GME,2025-02-01,447000000
1326380,GME,2025-05-03,447300000
1326380,GME,2025-08-02,447600000
1326380,GME,2025-11-01,447900000
1326380,GME,2026-01-31,448300000
1326380,GME,2026-05-02,448700000
1326380,GME,2026-08-01,449100000
1276520,GNW,2008-12-31,433000000
1276520,GNW,2009-06-30,433000000
1276520,GNW,2009-09-30,489000000
1276520,GNW,2009-12-31,489000000
1276520,GNW,2010-03-31,489000000
1276520,GNW,2010-06-30,489000000
1276520,GNW,2010-09-30,490000000
1276520,GNW,2010-12-31,490000000
1276520,GNW,2011-03-31,491000000
1276520,GNW,2011-06-30,491000000
1276520,GNW,2011-09-30,491000000
1276520,GNW,2011-12-31,491000000
1276520,GNW,2012-03-31,491000000
1276520,GNW,2012-06-30,492000000
1276520,GNW,2012-09-30,492000000
1276520,GNW,2012-12-31,492000000
1276520,GNW,2013-03-31,493000000
1276520,GNW,2013-06-30,494000000
1276520,GNW,2013-09-30,494000000
1276520,GNW,2013-12-31,495000000
1276520,GNW,2014-03-31,496000000
1276520,GNW,2014-06-30,497000000
1276520,GNW,2014-09-30,497000000
1276520,GNW,2014-12-31,497000000
1276520,GNW,2015-03-31,497000000
1276520,GNW,2015-06-30,497000000
1276520,GNW,2015-09-30,497000000
1276520,GNW,2015-12-31,498000000
1276520,GNW,2016-03-31,498000000
1276520,GNW,2016-06-30,498000000
1276520,GNW,2016-09-30,498000000
1276520,GNW,2016-12-31,498000000
1276520,GNW,2017-03-31,499000000
1276520,GNW,2017-06-30,499000000
1276520,GNW,2017-09-30,499000000
1276520,GNW,2017-12-31,499000000
1276520,GNW,2018-03-31,501000000
1276520,GNW,2018-06-30,501000000
1276520,GNW,2018-09-30,501000000
1276520,GNW,2018-12-31,501000000
1276520,GNW,2019-03-31,503000000
1276520,GNW,2019-06-30,504000000
1276520,GNW,2019-09-30,504000000
1276520,GNW,2019-12-31,504000000
1276520,GNW,2020-03-31,505000000
1276520,GNW,2020-06-30,506000000
1276520,GNW,2020-09-30,506000000
1276520,GNW,2020-12-31,506000000
1276520,GNW,2021-03-31,507000000
1276520,GNW,2021-06-30,508000000
1276520,GNW,2021-09-30,508000000
1276520,GNW,2021-12-31,508000000
1276520,GNW,2022-03-31,510000000
1276520,GNW,2022-06-30,508000000
1276520,GNW,2022-09-30,503000000
1276520,GNW,2022-12-31,495446960
1276520,GNW,2023-03-31,487000000
1276520,GNW,2023-06-30,467000000
1276520,GNW,2023-09-30,452722552
1276520,GNW,2023-12-31,446823204
1276520,GNW,2024-03-31,439599677
1276520,GNW,2024-06-30,434010505
1276520,GNW,2024-09-30,428434170
1276520,GNW,2024-12-31,421419484
1276520,GNW,2025-03-31,415879361
1276520,GNW,2025-06-30,411692847
1276520,GNW,2025-09-30,402682970
1276520,GNW,2025-12-31,391836579
1276520,GNW,2026-03-31,385207174
1276520,GNW,2026-06-30,378357289
42582,GT,2009-12-31,242202419
42582,GT,2010-06-30,243000000
42582,GT,2010-09-30,243000000
42582,GT,2010-12-31,242938949
42582,GT,2011-03-31,244000000
42582,GT,2011-06-30,244000000
42582,GT,2011-09-30,244000000
42582,GT,2011-12-31,245000000
42582,GT,2012-03-31,245000000
42582,GT,2012-06-30,245000000
42582,GT,2012-09-30,245000000
42582,GT,2012-12-31,245000000
42582,GT,2013-03-31,246000000
42582,GT,2013-06-30,246000000
42582,GT,2013-09-30,247000000
42582,GT,2013-12-31,248000000
42582,GT,2014-03-31,248000000
42582,GT,2014-06-30,275000000
42582,GT,2014-09-30,275000000
42582,GT,2014-12-31,269000000
42582,GT,2015-03-31,270000000
42582,GT,2015-06-30,269000000
42582,GT,2015-09-30,269000000
42582,GT,2015-12-31,267000000
42582,GT,2016-03-31,266000000
42582,GT,2016-06-30,262000000
42582,GT,2016-09-30,261000000
42582,GT,2016-12-31,252000000
42582,GT,2017-03-31,252000000
42582,GT,2017-06-30,252000000
42582,GT,2017-09-30,246000000
42582,GT,2017-12-31,240000000
42582,GT,2018-03-31,240000000
42582,GT,2018-06-30,237000000
42582,GT,2018-09-30,233000000
42582,GT,2018-12-31,232000000
42582,GT,2019-03-31,232000000
42582,GT,2019-06-30,233000000
42582,GT,2019-09-30,233000000
42582,GT,2019-12-31,233000000
42582,GT,2020-03-31,233000000
42582,GT,2020-06-30,233000000
42582,GT,2020-09-30,233000000
42582,GT,2020-12-31,233000000
42582,GT,2021-03-31,235000000
42582,GT,2021-06-30,281000000
42582,GT,2021-09-30,281000000
42582,GT,2021-12-31,282000000
42582,GT,2022-03-31,282000000
42582,GT,2022-06-30,282000000
42582,GT,2022-09-30,283000000
42582,GT,2022-12-31,283000000
42582,GT,2023-03-31,283000000
42582,GT,2023-06-30,283000000
42582,GT,2023-09-30,284000000
42582,GT,2023-12-31,284000000
42582,GT,2024-03-31,285000000
42582,GT,2024-06-30,285000000
42582,GT,2024-09-30,285000000
42582,GT,2024-12-31,285000000
42582,GT,2025-03-31,286000000
42582,GT,2025-06-30,286000000
42582,GT,2025-09-30,286000000
42582,GT,2025-12-31,286000000
42582,GT,2026-03-31,287000000
42582,GT,2026-06-30,288000000
1273441,GTE,2009-12-31,219459361
1273441,GTE,2010-06-30,234612808
1273441,GTE,2010-09-30,238161748
1273441,GTE,2010-12-31,240440830
1273441,GTE,2011-03-31,260053351
1273441,GTE,2011-06-30,260977461
1273441,GTE,2011-09-30,261053809
1273441,GTE,2011-12-31,262304249
1273441,GTE,2012-03-31,264256159
1273441,GTE,2012-06-30,267819245
1273441,GTE,2012-09-30,268178818
1273441,GTE,2012-12-31,268482445
1273441,GTE,2013-03-31,269518147
1273441,GTE,2013-06-30,271747587
1273441,GTE,2013-09-30,271872896
1273441,GTE,2013-12-31,268482445
1273441,GTE,2014-03-31,272792843
1273441,GTE,2014-06-30,274821285
1273441,GTE,2014-09-30,276018597
1273441,GTE,2014-12-31,276072351
1273441,GTE,2015-03-31,277210589
1273441,GTE,2015-06-30,277728335
1273441,GTE,2015-09-30,274814539
1273441,GTE,2015-12-31,273442799
1273441,GTE,2016-03-31,287657518
1273441,GTE,2016-06-30,289322888
1273441,GTE,2016-09-30,347291709
1273441,GTE,2016-12-31,390807194
1273441,GTE,2017-03-31,390815190
1273441,GTE,2017-06-30,386741630
1273441,GTE,2017-09-30,386872530
1273441,GTE,2017-12-31,385191042
1273441,GTE,2018-03-31,384959730
1273441,GTE,2018-06-30,390017518
1273441,GTE,2018-09-30,391339489
1273441,GTE,2018-12-31,387079027
1273441,GTE,2019-03-31,384492732
1273441,GTE,2019-06-30,376636307
1273441,GTE,2019-09-30,366981556
1273441,GTE,2019-12-31,366981556
1273441,GTE,2020-03-31,366981556
1273441,GTE,2020-06-30,366981556
1273441,GTE,2020-09-30,366981556
1273441,GTE,2020-12-31,366981556
1273441,GTE,2021-03-31,366981556
1273441,GTE,2021-06-30,366991788
1273441,GTE,2021-09-30,367038454
1273441,GTE,2021-12-31,367144500
1273441,GTE,2022-03-31,368421033
1273441,GTE,2022-06-30,368871685
1273441,GTE,2022-09-30,358149185
1273441,GTE,2022-12-31,34615116
1273441,GTE,2023-03-31,333069042
1273441,GTE,2023-06-30,33287055
1273441,GTE,2023-09-30,33288305
1273441,GTE,2023-12-31,32246501
1273441,GTE,2024-03-31,31401214
1273441,GTE,2024-06-30,31022346
1273441,GTE,2024-09-30,30651216
1273441,GTE,2024-12-31,35972193
1273441,GTE,2025-03-31,35523941
1273441,GTE,2025-06-30,35288985
1273441,GTE,2025-09-30,35295753
1273441,GTE,2025-12-31,35298774
1273441,GTE,2026-03-31,35346466
1273441,GTE,2026-06-30,35380429
793952,HOG,2009-12-31,234300000
793952,HOG,2010-12-31,235500000
793952,HOG,2011-12-31,230500000
793952,HOG,2012-12-31,226100000
793952,HOG,2013-12-31,219960000
793952,HOG,2014-12-31,211877000
793952,HOG,2015-12-31,184700000
793952,HOG,2016-12-31,175900000
793952,HOG,2017-12-31,168100000
793952,HOG,2018-12-31,159657947
793952,HOG,2019-12-31,152468442
793952,HOG,2020-12-31,152930740
793952,HOG,2021-12-31,153569061
793952,HOG,2022-12-31,145862632
793952,HOG,2023-12-31,136312009
793952,HOG,2024-12-31,124278925
793952,HOG,2025-12-31,111659337
46765,HP,2008-09-30,105222421
46765,HP,2009-09-30,105486218
46765,HP,2009-12-31,105673378
46765,HP,2010-03-31,105716278
46765,HP,2010-06-30,105811476
46765,HP,2010-09-30,105819161
46765,HP,2010-12-31,106251673
46765,HP,2011-03-31,106860855
46765,HP,2011-06-30,106986909
46765,HP,2011-09-30,107086324
46765,HP,2011-12-31,107337767
46765,HP,2012-03-31,107411279
46765,HP,2012-06-30,105685943
46765,HP,2012-09-30,105697693
46765,HP,2012-12-31,106240916
46765,HP,2013-03-31,106404277
46765,HP,2013-06-30,106455102
46765,HP,2013-09-30,106716970
46765,HP,2013-12-31,107445835
46765,HP,2014-03-31,108065638
46765,HP,2014-06-30,108199941
46765,HP,2014-09-30,108232284
46765,HP,2014-12-31,107635334
46765,HP,2015-03-31,107654499
46765,HP,2015-06-30,107656628
46765,HP,2015-09-30,107767915
46765,HP,2015-12-31,108010599
46765,HP,2016-03-31,108039174
46765,HP,2016-06-30,108063579
46765,HP,2016-09-30,108077916
46765,HP,2016-12-31,108562523
46765,HP,2017-03-31,108566124
46765,HP,2017-06-30,108581547
46765,HP,2017-09-30,108604047
46765,HP,2017-12-31,108845327
46765,HP,2018-03-31,108876808
46765,HP,2018-06-30,108943554
46765,HP,2018-09-30,108993718
46765,HP,2018-12-31,109404890
46765,HP,2019-03-31,109412425
46765,HP,2019-06-30,109433198
46765,HP,2019-09-30,108437904
46765,HP,2019-12-31,108877209
46765,HP,2020-03-31,107418296
46765,HP,2020-06-30,107471295
46765,HP,2020-09-30,107488242
46765,HP,2020-12-31,107854368
46765,HP,2021-03-31,107893998
46765,HP,2021-06-30,107898782
46765,HP,2021-09-30,107898859
46765,HP,2021-12-31,105731795
46765,HP,2022-03-31,105285460
46765,HP,2022-06-30,105290017
46765,HP,2022-09-30,105293662
46765,HP,2022-12-31,104898566
46765,HP,2023-03-31,102584517
46765,HP,2023-06-30,99426526
46765,HP,2023-09-30,99426526
46765,HP,2023-12-31,98623747
46765,HP,2024-03-31,98752018
46765,HP,2024-06-30,98755412
46765,HP,2024-09-30,98755412
46765,HP,2024-12-31,99186843
46765,HP,2025-03-31,99415281
46765,HP,2025-06-30,99434289
46765,HP,2025-09-30,99446577
46765,HP,2025-12-31,99849488
46765,HP,2026-03-31,99917504
46765,HP,2026-06-30,99935617
1111928,IPGP,2010-12-31,46988566
1111928,IPGP,2011-06-30,47437688
1111928,IPGP,2011-09-30,47526216
1111928,IPGP,2011-12-31,47616115
1111928,IPGP,2012-03-31,50967452
1111928,IPGP,2012-06-30,51065627
1111928,IPGP,2012-09-30,51270197
1111928,IPGP,2012-12-31,51359247
1111928,IPGP,2013-03-31,51432894
1111928,IPGP,2013-06-30,51518051
1111928,IPGP,2013-09-30,51604568
1111928,IPGP,2013-12-31,51930978
1111928,IPGP,2014-03-31,52020421
1111928,IPGP,2014-06-30,52121222
1111928,IPGP,2014-09-30,52168371
1111928,IPGP,2014-12-31,52369688
1111928,IPGP,2015-03-31,52620428
1111928,IPGP,2015-06-30,52721014
1111928,IPGP,2015-09-30,52780224
1111928,IPGP,2015-12-31,52883902
1111928,IPGP,2016-03-31,52966460
1111928,IPGP,2016-06-30,53147812
1111928,IPGP,2016-09-30,53129315
1111928,IPGP,2016-12-31,53251805
1111928,IPGP,2017-03-31,53425945
1111928,IPGP,2017-06-30,53492316
1111928,IPGP,2017-09-30,53599374
1111928,IPGP,2017-12-31,53629439
1111928,IPGP,2018-03-31,53742849
1111928,IPGP,2018-06-30,53724445
1111928,IPGP,2018-09-30,53398504
1111928,IPGP,2018-12-31,52941607
1111928,IPGP,2019-03-31,53108213
1111928,IPGP,2019-06-30,53182910
1111928,IPGP,2019-09-30,53035843
1111928,IPGP,2019-12-31,53010875
1111928,IPGP,2020-03-31,53127181
1111928,IPGP,2020-06-30,53182148
1111928,IPGP,2020-09-30,53244416
1111928,IPGP,2020-12-31,53427234
1111928,IPGP,2021-03-31,53623865
1111928,IPGP,2021-06-30,53491889
1111928,IPGP,2021-09-30,53305485
1111928,IPGP,2021-12-31,53010265
1111928,IPGP,2022-03-31,52542466
1111928,IPGP,2022-06-30,50206255
1111928,IPGP,2022-09-30,49393642
1111928,IPGP,2022-12-31,48138257
1111928,IPGP,2023-03-31,47305551
1111928,IPGP,2023-06-30,47364320
1111928,IPGP,2023-09-30,46921754
1111928,IPGP,2023-12-31,46320671
1111928,IPGP,2024-03-31,45566746
1111928,IPGP,2024-06-30,44225282
1111928,IPGP,2024-09-30,43248080
1111928,IPGP,2024-12-31,42548561
1111928,IPGP,2025-03-31,42729426
1111928,IPGP,2025-06-30,42329918
1111928,IPGP,2025-09-30,42119624
1111928,IPGP,2025-12-31,42127067
1111928,IPGP,2026-03-31,42443381
1111928,IPGP,2026-06-30,42533767
216228,ITT,2008-12-31,181700000
216228,ITT,2009-06-30,182400000
216228,ITT,2009-09-30,182500000
216228,ITT,2009-12-31,182900000
216228,ITT,2010-03-31,183400000
216228,ITT,2010-06-30,183700000
216228,ITT,2010-09-30,183600000
216228,ITT,2010-12-31,92600000
216228,ITT,2011-03-31,184800000
216228,ITT,2011-06-30,185200000
216228,ITT,2011-09-30,185400000
216228,ITT,2011-12-31,93500000
216228,ITT,2012-03-31,94000000
216228,ITT,2012-06-30,92400000
216228,ITT,2012-09-30,92700000
216228,ITT,2012-12-31,92100000
216228,ITT,2013-03-31,91200000
216228,ITT,2013-06-30,90300000
216228,ITT,2013-09-30,90600000
216228,ITT,2013-12-31,91000000
216228,ITT,2014-03-31,91700000
216228,ITT,2014-06-30,91600000
216228,ITT,2014-09-30,91600000
216228,ITT,2014-12-31,91000000
216228,ITT,2015-03-31,89200000
216228,ITT,2015-06-30,89400000
216228,ITT,2015-09-30,89500000
216228,ITT,2015-12-31,89500000
216228,ITT,2016-03-31,90000000
216228,ITT,2016-06-30,89600000
216228,ITT,2016-09-30,88300000
216228,ITT,2016-12-31,89500000
216228,ITT,2017-03-31,88700000
216228,ITT,2017-06-30,88000000
216228,ITT,2017-09-30,88000000
216228,ITT,2017-12-31,88200000
216228,ITT,2018-03-31,87400000
216228,ITT,2018-06-30,87600000
216228,ITT,2018-09-30,87600000
216228,ITT,2018-12-31,87600000
216228,ITT,2019-03-31,87800000
216228,ITT,2019-06-30,87900000
216228,ITT,2019-09-30,87600000
216228,ITT,2019-12-31,87800000
216228,ITT,2020-03-31,86300000
216228,ITT,2020-06-30,86300000
216228,ITT,2020-09-30,86400000
216228,ITT,2020-12-31,86500000
216228,ITT,2021-03-31,86100000
216228,ITT,2021-07-03,86100000
216228,ITT,2021-10-02,85600000
216228,ITT,2021-12-31,85500000
216228,ITT,2022-07-02,82700000
216228,ITT,2022-10-01,82700000
216228,ITT,2022-12-31,82700000
216228,ITT,2023-04-01,82400000
216228,ITT,2023-07-01,82100000
216228,ITT,2023-09-30,82100000
216228,ITT,2023-12-31,82100000
216228,ITT,2024-03-30,82300000
216228,ITT,2024-06-29,81700000
216228,ITT,2024-09-28,81500000
216228,ITT,2024-12-31,81500000
216228,ITT,2025-03-29,85900000
216228,ITT,2025-06-28,85900000
216228,ITT,2025-09-27,78000000
216228,ITT,2026-04-04,89400000
216228,ITT,2026-07-04,89400000
96223,JEF,2008-12-31,238498598
96223,JEF,2009-06-30,243695655
96223,JEF,2009-09-30,243130170
96223,JEF,2009-12-31,243288154
96223,JEF,2010-03-31,243300154
96223,JEF,2010-06-30,243317407
96223,JEF,2010-09-30,243317407
96223,JEF,2010-12-31,243808147
96223,JEF,2011-03-31,244379732
96223,JEF,2011-06-30,244572588
96223,JEF,2011-09-30,244582588
96223,JEF,2011-12-31,244582588
96223,JEF,2012-03-31,244582588
96223,JEF,2012-06-30,244582588
96223,JEF,2012-09-30,244582588
96223,JEF,2012-12-31,244582588
96223,JEF,2013-03-31,363940993
96223,JEF,2013-06-30,364377512
96223,JEF,2013-09-30,364566638
96223,JEF,2013-12-31,364541333
96223,JEF,2014-03-31,363964952
96223,JEF,2014-06-30,368536178
96223,JEF,2014-09-30,368464112
96223,JEF,2014-12-31,367498615
96223,JEF,2015-03-31,366721455
96223,JEF,2015-06-30,366615987
96223,JEF,2015-09-30,362286341
96223,JEF,2015-12-31,362617423
96223,JEF,2016-03-31,362329220
96223,JEF,2016-06-30,360404901
96223,JEF,2016-09-30,359671338
96223,JEF,2016-12-31,359425061
96223,JEF,2017-03-31,359815689
96223,JEF,2017-06-30,358644711
96223,JEF,2017-09-30,356189758
96223,JEF,2017-12-31,356227038
96223,JEF,2018-03-31,357215901
96223,JEF,2018-06-30,333310944
96223,JEF,2018-09-30,331415732
96223,JEF,2018-11-30,307515472
96223,JEF,2019-02-28,298312821
96223,JEF,2019-05-31,290686834
96223,JEF,2019-08-31,299867942
96223,JEF,2019-11-30,291644153
96223,JEF,2020-02-29,277109287
96223,JEF,2020-05-31,267111111
96223,JEF,2020-08-31,259245885
96223,JEF,2020-11-30,249750542
96223,JEF,2021-02-28,246703277
96223,JEF,2021-05-31,247031705
96223,JEF,2021-08-31,245557193
96223,JEF,2021-11-30,243541431
96223,JEF,2022-02-28,240168818
96223,JEF,2022-05-31,232321354
96223,JEF,2022-08-31,228807229
96223,JEF,2022-11-30,226129626
96223,JEF,2023-02-28,233527703
96223,JEF,2023-05-31,231410945
96223,JEF,2023-08-31,210427746
96223,JEF,2023-11-30,210626642
96223,JEF,2024-02-29,212000515
96223,JEF,2024-05-31,212053183
96223,JEF,2024-08-31,205495338
96223,JEF,2025-11-30,206296167
96223,JEF,2026-05-31,203392570
2055116,KG,2023-12-31,2749996
2055116,KG,2024-12-31,2749996
2055116,KG,2025-06-30,7741943
2055116,KG,2025-09-30,7741943
2055116,KG,2025-12-31,7741943
2055116,KG,2026-03-31,7824030
2055116,KG,2026-06-30,7824030
1170010,KMX,2010-02-28,223065542
1170010,KMX,2010-08-31,223817644
1170010,KMX,2010-11-30,225504353
1170010,KMX,2011-02-28,225885693
1170010,KMX,2011-05-31,226036665
1170010,KMX,2011-08-31,226426007
1170010,KMX,2011-11-30,226473420
1170010,KMX,2012-02-29,227118666
1170010,KMX,2012-05-31,228305488
1170010,KMX,2012-08-31,228444532
1170010,KMX,2012-11-30,228216842
1170010,KMX,2013-02-28,225906108
1170010,KMX,2013-05-31,224145439
1170010,KMX,2013-08-31,223329344
1170010,KMX,2013-11-30,223228360
1170010,KMX,2014-02-28,221685984
1170010,KMX,2014-05-31,218483173
1170010,KMX,2014-08-31,216704250
1170010,KMX,2014-11-30,210918281
1170010,KMX,2015-02-28,208869688
1170010,KMX,2015-05-31,208682123
1170010,KMX,2015-08-31,204930606
1170010,KMX,2015-11-30,197563192
1170010,KMX,2016-02-29,194712234
1170010,KMX,2016-05-31,192495265
1170010,KMX,2016-08-31,191079104
1170010,KMX,2016-11-30,187351060
1170010,KMX,2017-02-28,186548602
1170010,KMX,2017-05-31,183872908
1170010,KMX,2017-08-31,181903784
1170010,KMX,2017-11-30,181489439
1170010,KMX,2018-02-28,179747894
1170010,KMX,2018-05-31,176719782
1170010,KMX,2018-08-31,175289632
1170010,KMX,2018-11-30,171785396
1170010,KMX,2019-02-28,167478924
1170010,KMX,2019-05-31,165395165
1170010,KMX,2019-08-31,164885648
1170010,KMX,2019-11-30,163795082
1170010,KMX,2020-02-29,163081376
1170010,KMX,2020-05-31,162755339
1170010,KMX,2020-08-31,164162253
1170010,KMX,2020-11-30,163033971
1170010,KMX,2021-02-28,163172333
1170010,KMX,2021-05-31,162802762
1170010,KMX,2021-08-31,162470173
1170010,KMX,2021-11-30,161871923
1170010,KMX,2022-02-28,161053983
1170010,KMX,2022-05-31,159613680
1170010,KMX,2022-08-31,158043981
1170010,KMX,2022-11-30,158019398
1170010,KMX,2023-02-28,158079033
1170010,KMX,2023-05-31,158208623
1170010,KMX,2023-08-31,158655733
1170010,KMX,2023-11-30,158021407
1170010,KMX,2024-02-29,157611939
1170010,KMX,2024-05-31,156352956
1170010,KMX,2024-08-31,155332046
1170010,KMX,2024-11-30,153908030
1170010,KMX,2025-02-28,153319678
1170010,KMX,2025-05-31,150582152
1170010,KMX,2025-08-31,147673338
1170010,KMX,2025-11-30,143062439
1170010,KMX,2026-02-28,141799070
1170010,KMX,2026-05-31,141909099
1995807,LB,2024-12-31,23255419
1788451,LIFE,2024-12-31,16032000
1788451,LIFE,2025-12-31,16647000
1788451,LIFE,2026-03-31,0
1788451,LIFE,2026-06-30,0
1065696,LKQ,2009-12-31,142004797
1065696,LKQ,2010-06-30,143128064
1065696,LKQ,2010-09-30,143788606
1065696,LKQ,2010-12-31,145466575
1065696,LKQ,2011-03-31,145879504
1065696,LKQ,2011-06-30,146170800
1065696,LKQ,2011-09-30,146528723
1065696,LKQ,2011-12-31,293897216
1065696,LKQ,2012-03-31,147404921
1065696,LKQ,2012-06-30,147973454
1065696,LKQ,2012-09-30,297016666
1065696,LKQ,2012-12-31,297810896
1065696,LKQ,2013-03-31,298477692
1065696,LKQ,2013-06-30,299798228
1065696,LKQ,2013-09-30,300548111
1065696,LKQ,2013-12-31,300805276
1065696,LKQ,2014-03-31,301811389
1065696,LKQ,2014-06-30,302189513
1065696,LKQ,2014-09-30,303031358
1065696,LKQ,2014-12-31,303452655
1065696,LKQ,2015-03-31,304164218
1065696,LKQ,2015-06-30,304435529
1065696,LKQ,2015-09-30,305473459
1065696,LKQ,2015-12-31,305574384
1065696,LKQ,2016-03-31,306521927
1065696,LKQ,2016-06-30,306785582
1065696,LKQ,2016-09-30,307487198
1065696,LKQ,2016-12-31,307544759
1065696,LKQ,2017-03-31,308283752
1065696,LKQ,2017-06-30,308620187
1065696,LKQ,2017-09-30,309018211
1065696,LKQ,2017-12-31,309126386
1065696,LKQ,2018-03-31,309630976
1065696,LKQ,2018-06-30,317820824
1065696,LKQ,2018-09-30,318197309
1065696,LKQ,2018-12-31,316146114
1065696,LKQ,2019-03-31,313973538
1065696,LKQ,2019-06-30,309695052
1065696,LKQ,2019-09-30,306402419
1065696,LKQ,2019-12-31,306731328
1065696,LKQ,2020-03-31,303943144
1065696,LKQ,2020-06-30,304034241
1065696,LKQ,2020-09-30,304334136
1065696,LKQ,2020-12-31,303553000
1065696,LKQ,2021-03-31,302370072
1065696,LKQ,2021-06-30,296287913
1065696,LKQ,2021-09-30,292243742
1065696,LKQ,2021-12-31,287000000
1065696,LKQ,2022-03-31,284700000
1065696,LKQ,2022-06-30,276600000
1065696,LKQ,2022-09-30,270100000
1065696,LKQ,2022-12-31,267300000
1065696,LKQ,2023-03-31,267600000
1065696,LKQ,2023-06-30,267700000
1065696,LKQ,2023-09-30,267900000
1065696,LKQ,2023-12-31,267200000
1065696,LKQ,2024-03-31,267000000
1065696,LKQ,2024-06-30,264200000
1065696,LKQ,2024-09-30,261200000
1065696,LKQ,2024-12-31,259100000
1065696,LKQ,2025-03-31,258300000
1065696,LKQ,2025-06-30,257300000
1065696,LKQ,2025-09-30,256300000
1065696,LKQ,2025-12-31,255000000
1065696,LKQ,2026-03-31,255200000
1065696,LKQ,2026-06-30,253400000
59558,LNC,2010-12-31,315718554
59558,LNC,2011-03-31,313456824
59558,LNC,2011-06-30,308339163
59558,LNC,2011-09-30,301659175
59558,LNC,2011-12-31,291319222
59558,LNC,2012-03-31,285412303
59558,LNC,2012-06-30,279168971
59558,LNC,2012-09-30,275073618
59558,LNC,2012-12-31,271402586
59558,LNC,2013-03-31,268457558
59558,LNC,2013-06-30,264316340
59558,LNC,2013-09-30,262342363
59558,LNC,2013-12-31,262896701
59558,LNC,2014-03-31,263682162
59558,LNC,2014-06-30,260831708
59558,LNC,2014-09-30,259786446
59558,LNC,2014-12-31,256551440
59558,LNC,2015-03-31,252928502
59558,LNC,2015-06-30,250918893
59558,LNC,2015-09-30,247464931
59558,LNC,2015-12-31,243835893
59558,LNC,2016-03-31,239005252
59558,LNC,2016-06-30,239069774
59558,LNC,2016-09-30,228529287
59558,LNC,2016-12-31,226335105
59558,LNC,2017-03-31,224888259
59558,LNC,2017-06-30,222237262
59558,LNC,2017-09-30,219544618
59558,LNC,2017-12-31,218090114
59558,LNC,2018-03-31,218695476
59558,LNC,2018-06-30,217294051
59558,LNC,2018-09-30,214776806
59558,LNC,2018-12-31,205862760
59558,LNC,2019-03-31,202987229
59558,LNC,2019-06-30,200775731
59558,LNC,2019-09-30,198327250
59558,LNC,2019-12-31,196668532
59558,LNC,2020-03-31,193208244
59558,LNC,2020-06-30,193247103
59558,LNC,2020-09-30,193254948
59558,LNC,2020-12-31,192329691
59558,LNC,2021-03-31,191149192
59558,LNC,2021-06-30,189089948
59558,LNC,2021-09-30,186089222
59558,LNC,2021-12-31,177193515
59558,LNC,2022-03-31,171890974
59558,LNC,2022-06-30,170224116
59558,LNC,2022-09-30,169214493
59558,LNC,2022-12-31,169220511
59558,LNC,2023-03-31,169537759
59558,LNC,2023-06-30,169630880
59558,LNC,2023-09-30,169658271
59558,LNC,2023-12-31,169666137
59558,LNC,2024-03-31,170016887
59558,LNC,2024-06-30,170188487
59558,LNC,2024-09-30,170341467
59558,LNC,2024-12-31,170380646
59558,LNC,2025-03-31,170695166
59558,LNC,2025-06-30,189570904
59558,LNC,2025-09-30,189920627
59558,LNC,2025-12-31,190051477
59558,LNC,2026-03-31,191209768
59558,LNC,2026-06-30,191425371
60519,LPX,2016-12-31,143169626
60519,LPX,2017-12-31,143169626
60519,LPX,2018-12-31,136933191
60519,LPX,2019-12-31,111945021
60519,LPX,2020-03-31,112170565
60519,LPX,2020-06-30,112170565
60519,LPX,2020-09-30,112170565
60519,LPX,2020-12-31,106240030
60519,LPX,2021-03-31,104234125
60519,LPX,2021-06-30,96973031
60519,LPX,2021-09-30,90222524
60519,LPX,2021-12-31,85636154
60519,LPX,2022-03-31,84496113
60519,LPX,2022-06-30,77241859
60519,LPX,2022-09-30,71690061
60519,LPX,2022-12-31,71748200
60519,LPX,2023-03-31,72031465
60519,LPX,2023-06-30,72103762
60519,LPX,2023-09-30,72114051
60519,LPX,2023-12-31,72000000
60519,LPX,2024-03-31,72000000
60519,LPX,2024-06-30,71000000
60519,LPX,2024-09-30,70000000
60519,LPX,2024-12-31,70000000
60519,LPX,2025-03-31,70000000
60519,LPX,2025-06-30,70000000
60519,LPX,2025-09-30,70000000
60519,LPX,2025-12-31,70000000
60519,LPX,2026-03-31,70000000
60519,LPX,2026-06-30,70000000
18926,LUMN,2009-12-31,299189279
18926,LUMN,2010-06-30,301265872
18926,LUMN,2010-12-31,304948000
18926,LUMN,2011-03-31,305778317
18926,LUMN,2011-06-30,601906000
18926,LUMN,2011-09-30,617427000
18926,LUMN,2011-12-31,618514000
18926,LUMN,2012-03-31,621276000
18926,LUMN,2012-06-30,622327000
18926,LUMN,2012-09-30,623144000
18926,LUMN,2012-12-31,625658000
18926,LUMN,2013-03-31,615564000
18926,LUMN,2013-06-30,604209000
18926,LUMN,2013-09-30,593497000
18926,LUMN,2013-12-31,583637000
18926,LUMN,2014-03-31,575113000
18926,LUMN,2014-06-30,571344000
18926,LUMN,2014-09-30,570678000
18926,LUMN,2014-12-31,568517000
18926,LUMN,2015-03-31,565530000
18926,LUMN,2015-06-30,562999000
18926,LUMN,2015-09-30,554090000
18926,LUMN,2015-12-31,543800000
18926,LUMN,2016-03-31,546164000
18926,LUMN,2016-06-30,545924000
18926,LUMN,2016-09-30,546690000
18926,LUMN,2016-12-31,546545000
18926,LUMN,2017-03-31,548845000
18926,LUMN,2017-06-30,549743000
18926,LUMN,2017-09-30,549654000
18926,LUMN,2017-12-31,1069169000
18926,LUMN,2018-03-31,1078632000
18926,LUMN,2018-06-30,1078705000
18926,LUMN,2018-09-30,1080573000
18926,LUMN,2018-12-31,1080167000
18926,LUMN,2019-03-31,1090445000
18926,LUMN,2019-06-30,1090137000
18926,LUMN,2019-09-30,1090326000
18926,LUMN,2019-12-31,1090058000
18926,LUMN,2020-03-31,1097711000
18926,LUMN,2020-06-30,1097114000
18926,LUMN,2020-09-30,1097237000
18926,LUMN,2020-12-31,1096921000
18926,LUMN,2021-03-31,1105533000
18926,LUMN,2021-06-30,1105186000
18926,LUMN,2021-09-30,1031060000
18926,LUMN,2021-12-31,1023512000
18926,LUMN,2022-03-31,1032909000
18926,LUMN,2022-06-30,1032418000
18926,LUMN,2022-09-30,1034758000
18926,LUMN,2022-12-31,1001688000
18926,LUMN,2023-03-31,1004870000
18926,LUMN,2023-06-30,1008084000
18926,LUMN,2023-09-30,1008933000
18926,LUMN,2023-12-31,1008486000
18926,LUMN,2024-03-31,1015967000
18926,LUMN,2024-06-30,1016190000
18926,LUMN,2024-09-30,1014850000
18926,LUMN,2024-12-31,1014768000
18926,LUMN,2025-03-31,1024989000
18926,LUMN,2025-06-30,1026860000
18926,LUMN,2025-09-30,1025654000
18926,LUMN,2025-12-31,1025446000
18926,LUMN,2026-03-31,1029980000
18926,LUMN,2026-06-30,1030122000
1679273,LW,2016-11-27,146046395
1679273,LW,2017-02-26,146068558
1679273,LW,2017-05-28,146080901
1679273,LW,2017-08-27,146244550
1679273,LW,2018-02-25,146282248
1679273,LW,2018-05-27,146395866
1679273,LW,2019-05-26,146069033
1679273,LW,2020-05-31,146038893
1679273,LW,2021-05-30,146191864
1679273,LW,2022-05-29,144071428
1679273,LW,2023-05-28,145665683
794367,M,2008-02-02,419745000
794367,M,2009-01-31,420083800
794367,M,2010-01-30,420843200
794367,M,2011-01-29,423341300
794367,M,2012-01-28,414181000
794367,M,2013-02-02,387701100
794367,M,2014-02-01,364935000
794367,M,2015-01-31,340574000
794367,M,2016-01-30,310256000
794367,M,2017-01-28,304063000
794367,M,2018-02-03,304765000
794367,M,2019-02-02,307520000
794367,M,2020-02-01,309031000
794367,M,2021-01-30,310500000
794367,M,2022-01-29,292359000
794367,M,2023-01-28,271350000
794367,M,2024-02-03,274227000
794367,M,2025-02-01,277690000
794367,M,2026-01-31,263000000
912242,MAC,2009-12-31,96667689
912242,MAC,2010-06-30,130204445
912242,MAC,2010-09-30,130217772
912242,MAC,2010-12-31,130452032
912242,MAC,2011-03-31,131049731
912242,MAC,2011-06-30,132074432
912242,MAC,2011-09-30,132111519
912242,MAC,2011-12-31,132153444
912242,MAC,2012-03-31,132726357
912242,MAC,2012-06-30,133283744
912242,MAC,2012-09-30,136275092
912242,MAC,2012-12-31,137507010
912242,MAC,2013-03-31,137628403
912242,MAC,2013-06-30,140709202
912242,MAC,2013-09-30,140716198
912242,MAC,2013-12-31,140733683
912242,MAC,2014-03-31,140879384
912242,MAC,2014-06-30,140907420
912242,MAC,2014-09-30,140920484
912242,MAC,2014-12-31,158201996
912242,MAC,2015-03-31,158492995
912242,MAC,2015-06-30,158512821
912242,MAC,2015-09-30,158518091
912242,MAC,2015-12-31,154404986
912242,MAC,2016-03-31,149455915
912242,MAC,2016-06-30,144678083
912242,MAC,2016-09-30,143853637
912242,MAC,2016-12-31,143958036
912242,MAC,2017-03-31,141912477
912242,MAC,2017-06-30,141556410
912242,MAC,2017-09-30,140918189
912242,MAC,2017-12-31,140993985
912242,MAC,2018-03-31,141104587
912242,MAC,2018-06-30,141184335
912242,MAC,2018-09-30,141199860
912242,MAC,2018-12-31,141221712
912242,MAC,2019-03-31,141332786
912242,MAC,2019-06-30,141364568
912242,MAC,2019-09-30,141370725
912242,MAC,2019-12-31,141407650
912242,MAC,2020-03-31,141572289
912242,MAC,2020-06-30,149601164
912242,MAC,2020-09-30,149638280
912242,MAC,2020-12-31,149770575
912242,MAC,2021-03-31,197036176
912242,MAC,2021-06-30,211169654
912242,MAC,2021-09-30,213307990
912242,MAC,2021-12-31,214797057
912242,MAC,2022-03-31,214901377
912242,MAC,2022-06-30,215113342
912242,MAC,2022-09-30,215146141
912242,MAC,2022-12-31,215241129
912242,MAC,2023-03-31,215361920
912242,MAC,2023-06-30,215617797
912242,MAC,2023-09-30,215655497
912242,MAC,2023-12-31,215976614
912242,MAC,2024-03-31,216091693
912242,MAC,2024-06-30,216403221
912242,MAC,2024-09-30,225947306
912242,MAC,2024-12-31,252925496
912242,MAC,2025-03-31,253030425
912242,MAC,2025-06-30,253199243
912242,MAC,2025-09-30,256296193
912242,MAC,2025-12-31,256990913
912242,MAC,2026-03-31,260632896
912242,MAC,2026-06-30,284076260
851968,MHK,2020-12-31,77624000
851968,MHK,2021-12-31,72952000
851968,MHK,2022-04-02,70880000
851968,MHK,2022-07-02,70878000
851968,MHK,2022-10-01,70875000
851968,MHK,2022-12-31,70875000
851968,MHK,2023-04-01,71017000
851968,MHK,2023-07-01,71018000
851968,MHK,2023-09-30,71020000
851968,MHK,2023-12-31,71000000
851968,MHK,2024-03-30,71200000
851968,MHK,2024-06-29,70400000
1809987,MIR,2021-12-31,18750000
1809987,MIR,2022-03-31,18750000
1809987,MIR,2022-06-30,18750000
1809987,MIR,2022-09-30,18750000
1809987,MIR,2023-03-31,18750000
1809987,MIR,2023-06-30,18750000
1809987,MIR,2023-09-30,18750000
1809987,MIR,2023-12-31,18750000
1809987,MIR,2024-03-31,18750000
1809987,MIR,2024-06-30,18750000
1809987,MIR,2024-09-30,18750000
1809987,MIR,2025-03-31,18750000
1809987,MIR,2025-06-30,18750000
1809987,MIR,2025-09-30,18750000
1278021,MKTX,2013-12-31,37728857
1278021,MKTX,2014-03-31,37771683
1278021,MKTX,2014-06-30,37569035
1278021,MKTX,2014-09-30,37429415
1278021,MKTX,2014-12-31,37318722
1278021,MKTX,2015-03-31,37339484
1278021,MKTX,2015-06-30,37308457
1278021,MKTX,2015-09-30,37307916
1278021,MKTX,2015-12-31,37409274
1278021,MKTX,2016-03-31,37571415
1278021,MKTX,2016-06-30,37636794
1278021,MKTX,2016-09-30,37594196
1278021,MKTX,2016-12-31,37543775
1278021,MKTX,2017-03-31,37543170
1278021,MKTX,2017-06-30,37554123
1278021,MKTX,2017-09-30,37547951
1278021,MKTX,2017-12-31,37620736
1278021,MKTX,2018-03-31,37614420
1278021,MKTX,2018-06-30,37578970
1278021,MKTX,2018-09-30,37596566
1278021,MKTX,2018-12-31,37639917
1278021,MKTX,2019-03-31,37700164
1278021,MKTX,2019-06-30,37753481
1278021,MKTX,2019-09-30,37780778
1278021,MKTX,2019-12-31,37935984
1278021,MKTX,2020-03-31,37914922
1278021,MKTX,2020-06-30,37937960
1278021,MKTX,2020-09-30,37964882
1278021,MKTX,2020-12-31,38005330
1278021,MKTX,2021-03-31,37985818
1278021,MKTX,2021-06-30,38008484
1278021,MKTX,2021-09-30,38026483
1278021,MKTX,2021-12-31,37918956
1278021,MKTX,2022-03-31,37816250
1278021,MKTX,2022-06-30,37640008
1278021,MKTX,2022-09-30,37636921
1278021,MKTX,2022-12-31,37648148
1278021,MKTX,2023-03-31,37669360
1278021,MKTX,2023-06-30,37677426
1278021,MKTX,2023-09-30,37680665
1278021,MKTX,2023-12-31,37899688
1278021,MKTX,2024-03-31,37938337
1278021,MKTX,2024-06-30,37783610
1278021,MKTX,2024-09-30,37724684
1278021,MKTX,2024-12-31,37646374
1278021,MKTX,2025-03-31,37571221
1278021,MKTX,2025-06-30,37416106
1278021,MKTX,2025-09-30,37149529
1278021,MKTX,2025-12-31,35776886
1278021,MKTX,2026-03-31,35542208
1278021,MKTX,2026-06-30,35191353
1578732,MMI,2012-12-31,0
1578732,MMI,2013-09-30,234489
1578732,MMI,2013-12-31,36600897
1578732,MMI,2014-03-31,36600897
1578732,MMI,2014-06-30,36623781
1578732,MMI,2014-09-30,36623781
1578732,MMI,2014-12-31,36918442
1578732,MMI,2015-03-31,37072155
1578732,MMI,2015-06-30,37107516
1578732,MMI,2015-09-30,37117674
1578732,MMI,2015-12-31,37396456
1578732,MMI,2016-03-31,37568389
1578732,MMI,2016-06-30,37607636
1578732,MMI,2016-09-30,37616243
1578732,MMI,2016-12-31,37882266
1578732,MMI,2017-03-31,38071798
1578732,MMI,2017-06-30,38117290
1578732,MMI,2017-09-30,38140801
1578732,MMI,2017-12-31,38374011
1578732,MMI,2018-03-31,38578834
1578732,MMI,2018-06-30,38621712
1578732,MMI,2018-09-30,38651360
1578732,MMI,2018-12-31,38814464
1578732,MMI,2019-03-31,39042434
1578732,MMI,2019-06-30,39090861
1578732,MMI,2019-09-30,39132236
1578732,MMI,2019-12-31,39153195
1578732,MMI,2020-03-31,39272429
1578732,MMI,2020-06-30,39328017
1578732,MMI,2020-09-30,39376477
1578732,MMI,2020-12-31,39401976
1578732,MMI,2021-03-31,39500966
1578732,MMI,2021-06-30,39578360
1578732,MMI,2021-09-30,39666785
1578732,MMI,2021-12-31,39692373
1578732,MMI,2022-03-31,39795399
1578732,MMI,2022-06-30,39964292
1578732,MMI,2022-09-30,39797423
1578732,MMI,2022-12-31,39255838
1578732,MMI,2023-03-31,38876354
1578732,MMI,2023-06-30,38460595
1578732,MMI,2023-09-30,38546059
1578732,MMI,2023-12-31,38412484
1578732,MMI,2024-03-31,38633603
1578732,MMI,2024-06-30,38729323
1578732,MMI,2024-09-30,38823704
1578732,MMI,2024-12-31,38856790
1578732,MMI,2025-03-31,39138040
1578732,MMI,2025-06-30,38996974
1578732,MMI,2025-09-30,39061075
1578732,MMI,2025-12-31,38422993
1578732,MMI,2026-03-31,37821936
1578732,MMI,2026-06-30,37871003
1179929,MOH,2010-12-31,45463000
1179929,MOH,2011-06-30,46062
1179929,MOH,2011-09-30,45690000
1179929,MOH,2011-12-31,45815000
1179929,MOH,2012-03-31,46347000
1179929,MOH,2012-06-30,46527000
1179929,MOH,2012-09-30,46571000
1179929,MOH,2012-12-31,46762000
1179929,MOH,2013-03-31,45415000
1179929,MOH,2013-06-30,45683000
1179929,MOH,2013-09-30,45757000
1179929,MOH,2013-12-31,45871000
1179929,MOH,2014-03-31,46263000
1179929,MOH,2014-06-30,46494000
1179929,MOH,2014-09-30,48279000
1179929,MOH,2014-12-31,50000000
1179929,MOH,2015-03-31,49908000
1179929,MOH,2015-06-30,56050000
1179929,MOH,2015-09-30,56075000
1179929,MOH,2015-12-31,56000000
1179929,MOH,2016-03-31,57000000
1179929,MOH,2016-06-30,57000000
1179929,MOH,2016-09-30,57000000
1179929,MOH,2016-12-31,57000000
1179929,MOH,2017-03-31,57000000
1179929,MOH,2017-06-30,57000000
1179929,MOH,2017-09-30,57000000
1179929,MOH,2017-12-31,60000000
1179929,MOH,2018-03-31,62000000
1179929,MOH,2018-06-30,62000000
1179929,MOH,2018-09-30,62000000
1179929,MOH,2018-12-31,62000000
1179929,MOH,2019-03-31,63000000
1179929,MOH,2019-06-30,63000000
1179929,MOH,2019-09-30,63000000
1179929,MOH,2019-12-31,62000000
1179929,MOH,2020-03-31,59000000
1179929,MOH,2020-06-30,59000000
1179929,MOH,2020-09-30,59000000
1179929,MOH,2020-12-31,59000000
1179929,MOH,2021-03-31,58000000
1179929,MOH,2021-06-30,58000000
1179929,MOH,2021-09-30,58000000
1179929,MOH,2021-12-31,58000000
1179929,MOH,2022-03-31,59000000
1179929,MOH,2022-06-30,58000000
1179929,MOH,2022-09-30,58000000
1179929,MOH,2022-12-31,58000000
1179929,MOH,2023-03-31,58000000
1179929,MOH,2023-06-30,58000000
1179929,MOH,2023-09-30,58000000
1179929,MOH,2023-12-31,58000000
1179929,MOH,2024-03-31,59000000
1179929,MOH,2024-06-30,59000000
1179929,MOH,2024-09-30,57000000
1179929,MOH,2024-12-31,56000000
1179929,MOH,2025-03-31,54000000
1179929,MOH,2025-06-30,54000000
1179929,MOH,2025-09-30,51000000
1179929,MOH,2025-12-31,51000000
1179929,MOH,2026-03-31,52000000
1179929,MOH,2026-06-30,52000000
891103,MTCH,2020-12-31,267329284
891103,MTCH,2021-03-31,270082027
891103,MTCH,2021-06-30,276652519
891103,MTCH,2021-09-30,277279133
891103,MTCH,2021-12-31,283470334
891103,MTCH,2022-03-31,285505836
891103,MTCH,2022-06-30,283161791
891103,MTCH,2022-09-30,279277239
891103,MTCH,2022-12-31,279625364
891103,MTCH,2023-03-31,278398408
891103,MTCH,2023-06-30,277849197
891103,MTCH,2023-09-30,271745947
891103,MTCH,2023-12-31,268890470
891103,MTCH,2024-03-31,265536852
891103,MTCH,2024-06-30,260249674
891103,MTCH,2024-09-30,253956092
891103,MTCH,2024-12-31,251460397
891103,MTCH,2025-03-31,248606457
891103,MTCH,2025-06-30,241781011
891103,MTCH,2025-09-30,239010555
891103,MTCH,2025-12-31,232530646
891103,MTCH,2026-03-31,233898313
891103,MTCH,2026-06-30,229905859
876437,MTG,2009-12-31,125101057
876437,MTG,2010-06-30,200449588
876437,MTG,2010-09-30,200449588
876437,MTG,2010-12-31,200450000
876437,MTG,2011-03-31,201142536
876437,MTG,2011-06-30,201146648
876437,MTG,2011-09-30,201171528
876437,MTG,2011-12-31,201172000
876437,MTG,2012-03-31,202030000
876437,MTG,2012-06-30,202032000
876437,MTG,2012-09-30,202032000
876437,MTG,2012-12-31,202032000
876437,MTG,2013-03-31,337758000
876437,MTG,2013-06-30,337758000
876437,MTG,2013-09-30,337758000
876437,MTG,2013-12-31,337758000
876437,MTG,2014-03-31,338516000
876437,MTG,2014-06-30,338560000
876437,MTG,2014-09-30,338560000
876437,MTG,2014-12-31,338560000
876437,MTG,2015-03-31,339639000
876437,MTG,2015-06-30,339639000
876437,MTG,2015-09-30,339651000
876437,MTG,2015-12-31,339657000
876437,MTG,2016-03-31,340636000
876437,MTG,2016-06-30,340636000
876437,MTG,2016-09-30,345474000
876437,MTG,2016-12-31,340663000
876437,MTG,2017-03-31,341434000
876437,MTG,2017-06-30,370557000
876437,MTG,2017-09-30,370562000
876437,MTG,2017-12-31,370567000
876437,MTG,2018-03-31,371348000
876437,MTG,2018-06-30,362150000
876437,MTG,2018-09-30,362155000
876437,MTG,2018-12-31,355371000
876437,MTG,2019-03-31,355986000
876437,MTG,2019-06-30,354177000
876437,MTG,2019-09-30,348709000
876437,MTG,2019-12-31,347308000
876437,MTG,2020-03-31,338567000
876437,MTG,2020-06-30,338567000
876437,MTG,2020-09-30,338567000
876437,MTG,2020-12-31,338573000
876437,MTG,2021-03-31,339316000
876437,MTG,2021-06-30,339316000
876437,MTG,2021-09-30,329335000
876437,MTG,2021-12-31,320336000
876437,MTG,2022-03-31,312581000
876437,MTG,2022-06-30,305436000
876437,MTG,2022-09-30,299478000
876437,MTG,2022-12-31,293433000
876437,MTG,2023-03-31,288366000
876437,MTG,2023-06-30,283416000
876437,MTG,2023-09-30,279475000
876437,MTG,2023-12-31,272494000
876437,MTG,2024-03-31,268990000
876437,MTG,2024-06-30,261390000
876437,MTG,2024-09-30,256216000
876437,MTG,2024-12-31,248449000
876437,MTG,2025-03-31,240194000
876437,MTG,2025-06-30,233138000
876437,MTG,2025-09-30,226155000
876437,MTG,2025-12-31,219367000
876437,MTG,2026-03-31,213200000
876437,MTG,2026-06-30,206603000
61986,MTW,2009-12-31,130708124
61986,MTW,2010-06-30,131304522
61986,MTW,2010-09-30,131350472
61986,MTW,2010-12-31,131388472
61986,MTW,2011-03-31,131788197
61986,MTW,2011-06-30,131902200
61986,MTW,2011-09-30,131905430
61986,MTW,2011-12-31,131884765
61986,MTW,2012-03-31,132226732
61986,MTW,2012-06-30,132304552
61986,MTW,2012-09-30,132473053
61986,MTW,2012-12-31,132769478
61986,MTW,2013-03-31,133501949
61986,MTW,2013-06-30,133535508
61986,MTW,2013-09-30,133628937
61986,MTW,2013-12-31,133717057
61986,MTW,2014-03-31,135163135
61986,MTW,2014-06-30,135298313
61986,MTW,2014-09-30,135522965
61986,MTW,2014-12-31,135543869
61986,MTW,2015-03-31,136147381
61986,MTW,2015-06-30,136585837
61986,MTW,2015-09-30,136589611
61986,MTW,2015-12-31,136617161
61986,MTW,2016-03-31,137016712
61986,MTW,2016-06-30,137576641
61986,MTW,2016-09-30,138772087
61986,MTW,2016-12-31,34960304
61986,MTW,2017-03-31,140538649
61986,MTW,2017-06-30,140734391
61986,MTW,2017-12-31,35273864
61986,MTW,2018-03-31,35519082
61986,MTW,2018-06-30,35536412
61986,MTW,2018-09-30,35585949
61986,MTW,2018-12-31,35588833
61986,MTW,2019-03-31,35788047
61986,MTW,2019-06-30,35347546
61986,MTW,2019-09-30,35349046
61986,MTW,2019-12-31,35374537
61986,MTW,2020-03-31,34508504
61986,MTW,2020-06-30,34521063
61986,MTW,2020-09-30,34558608
61986,MTW,2020-12-31,34580638
61986,MTW,2021-03-31,34734972
61986,MTW,2021-06-30,35005241
61986,MTW,2021-09-30,35041379
61986,MTW,2021-12-31,35056252
61986,MTW,2022-03-31,35319205
61986,MTW,2022-06-30,35178217
61986,MTW,2022-09-30,35184553
61986,MTW,2022-12-31,35085008
61986,MTW,2023-03-31,35142881
61986,MTW,2023-06-30,35045446
61986,MTW,2023-09-30,35085030
61986,MTW,2023-12-31,35094993
61986,MTW,2024-03-31,35540950
61986,MTW,2024-06-30,35116857
61986,MTW,2024-09-30,35126894
61986,MTW,2024-12-31,35134245
61986,MTW,2025-03-31,35443463
61986,MTW,2025-06-30,35459107
61986,MTW,2025-09-30,35470942
61986,MTW,2025-12-31,35473418
61986,MTW,2026-03-31,35909584
61986,MTW,2026-06-30,36061969
717423,MUR,2007-12-31,189714149
717423,MUR,2008-12-31,190713806
717423,MUR,2009-12-31,191115378
717423,MUR,2010-12-31,192836008
717423,MUR,2011-12-31,193723208
717423,MUR,2012-12-31,190641317
717423,MUR,2013-12-31,183406513
717423,MUR,2014-12-31,177499513
717423,MUR,2015-12-31,172034711
717423,MUR,2016-12-31,172202177
717423,MUR,2017-12-31,172572873
717423,MUR,2018-12-31,173058829
717423,MUR,2019-12-31,152935361
717423,MUR,2020-12-31,153598625
717423,MUR,2021-12-31,154463050
717423,MUR,2022-09-30,155455283
717423,MUR,2022-12-31,155467319
717423,MUR,2023-03-31,156098075
717423,MUR,2023-06-30,156155006
717423,MUR,2023-09-30,154473141
717423,MUR,2023-12-31,152748642
717423,MUR,2024-03-31,152576156
717423,MUR,2024-06-30,151216548
717423,MUR,2024-09-30,145843359
717423,MUR,2024-12-31,145845124
717423,MUR,2025-03-31,142716062
717423,MUR,2025-06-30,142725745
717423,MUR,2025-09-30,142731820
717423,MUR,2025-12-31,142785152
717423,MUR,2026-03-31,143348713
717423,MUR,2026-06-30,143355832
1895262,NE,2021-12-31,60200000
1895262,NE,2022-09-30,70400000
1895262,NE,2022-12-31,134680941
1895262,NE,2023-03-31,138623000
1895262,NE,2023-06-30,137084000
1895262,NE,2023-09-30,141046102
1895262,NE,2023-12-31,140773750
1895262,NE,2024-03-31,142816359
1895262,NE,2024-06-30,142903508
1895262,NE,2024-09-30,160341619
1895262,NE,2024-12-31,158946711
1895262,NE,2025-03-31,158774661
1895262,NE,2025-06-30,158822749
1895262,NE,2025-09-30,158846431
1895262,NE,2025-12-31,158853799
1895262,NE,2026-03-31,159473464
1895262,NE,2026-06-30,159641226
906709,NKTR,2010-12-31,94517000
906709,NKTR,2011-03-31,114023000
906709,NKTR,2011-06-30,114305000
906709,NKTR,2011-09-30,114426000
906709,NKTR,2011-12-31,114485000
906709,NKTR,2012-03-31,114591000
906709,NKTR,2012-06-30,114780000
906709,NKTR,2012-09-30,115073000
906709,NKTR,2012-12-31,115259000
906709,NKTR,2013-03-31,115461000
906709,NKTR,2013-06-30,115683000
906709,NKTR,2013-09-30,115990000
906709,NKTR,2013-12-31,116494000
906709,NKTR,2014-03-31,126936000
906709,NKTR,2014-06-30,127286000
906709,NKTR,2014-09-30,128248000
906709,NKTR,2014-12-31,131216000
906709,NKTR,2015-03-31,131451000
906709,NKTR,2015-06-30,132185000
906709,NKTR,2015-09-30,133217000
906709,NKTR,2015-12-31,135289000
906709,NKTR,2016-03-31,136151000
906709,NKTR,2016-06-30,136602000
906709,NKTR,2016-09-30,137796000
906709,NKTR,2016-12-31,153212000
906709,NKTR,2017-03-31,154731000
906709,NKTR,2017-06-30,155861000
906709,NKTR,2017-09-30,156953000
906709,NKTR,2017-12-31,159524000
906709,NKTR,2018-03-31,162379000
906709,NKTR,2018-06-30,172415000
906709,NKTR,2018-09-30,173057000
906709,NKTR,2018-12-31,173530000
906709,NKTR,2019-03-31,174228000
906709,NKTR,2019-06-30,174966000
906709,NKTR,2019-09-30,175786000
906709,NKTR,2019-12-31,176505000
906709,NKTR,2020-03-31,177863000
906709,NKTR,2020-06-30,178810000
906709,NKTR,2020-09-30,179394000
906709,NKTR,2020-12-31,180091000
906709,NKTR,2021-03-31,182290000
906709,NKTR,2021-06-30,183773000
906709,NKTR,2021-09-30,184554000
906709,NKTR,2021-12-31,185468000
906709,NKTR,2022-03-31,186274000
906709,NKTR,2022-06-30,187405000
906709,NKTR,2022-09-30,187954000
906709,NKTR,2022-12-31,188560000
906709,NKTR,2023-03-31,189235000
906709,NKTR,2023-06-30,190119000
906709,NKTR,2023-09-30,190771000
906709,NKTR,2023-12-31,191384000
906709,NKTR,2024-03-31,183624000
906709,NKTR,2024-06-30,184061000
906709,NKTR,2024-09-30,184458000
906709,NKTR,2024-12-31,12385001
906709,NKTR,2025-03-31,186103000
906709,NKTR,2025-06-30,12457252
906709,NKTR,2025-09-30,19652513
906709,NKTR,2025-12-31,20378832
906709,NKTR,2026-03-31,20378832
906709,NKTR,2026-06-30,20378832
1021860,NOV,2008-12-31,417350924
1021860,NOV,2009-06-30,418192372
1021860,NOV,2009-09-30,418281455
1021860,NOV,2009-12-31,418451731
1021860,NOV,2010-03-31,418938789
1021860,NOV,2010-06-30,419054572
1021860,NOV,2010-09-30,419167762
1021860,NOV,2010-12-31,421141751
1021860,NOV,2011-03-31,422957697
1021860,NOV,2011-06-30,423228599
1021860,NOV,2011-09-30,423817646
1021860,NOV,2011-12-31,423900601
1021860,NOV,2012-03-31,426184373
1021860,NOV,2012-06-30,426371654
1021860,NOV,2012-09-30,426879173
1021860,NOV,2012-12-31,426928322
1021860,NOV,2013-03-31,427216689
1021860,NOV,2013-06-30,427402817
1021860,NOV,2013-09-30,427719063
1021860,NOV,2013-12-31,428433703
1021860,NOV,2014-03-31,428852227
1021860,NOV,2014-06-30,429458195
1021860,NOV,2014-09-30,430569502
1021860,NOV,2014-12-31,418977608
1021860,NOV,2015-03-31,395062247
1021860,NOV,2015-06-30,386542334
1021860,NOV,2015-09-30,375735085
1021860,NOV,2015-12-31,375764794
1021860,NOV,2016-03-31,377066012
1021860,NOV,2016-06-30,377085852
1021860,NOV,2016-09-30,377674480
1021860,NOV,2016-12-31,378637403
1021860,NOV,2017-03-31,380060041
1021860,NOV,2017-06-30,380052282
1021860,NOV,2017-09-30,380053721
1021860,NOV,2017-12-31,380104970
1021860,NOV,2018-03-31,381900610
1021860,NOV,2018-06-30,382529590
1021860,NOV,2018-09-30,383345734
1021860,NOV,2018-12-31,383426654
1021860,NOV,2019-03-31,385932098
1021860,NOV,2019-06-30,385904225
1021860,NOV,2019-09-30,385850007
1021860,NOV,2019-12-31,385886682
1021860,NOV,2020-03-31,388222777
1021860,NOV,2020-06-30,388265636
1021860,NOV,2020-09-30,388268680
1021860,NOV,2020-12-31,388255374
1021860,NOV,2021-03-31,390653325
1021860,NOV,2021-06-30,388255374
1021860,NOV,2021-09-30,388255374
1021860,NOV,2021-12-31,392673077
1021860,NOV,2022-03-31,392820252
1021860,NOV,2022-06-30,392801775
1021860,NOV,2022-09-30,392805244
1021860,NOV,2022-12-31,392832752
1021860,NOV,2023-03-31,393727525
1021860,NOV,2023-06-30,393776806
1021860,NOV,2023-09-30,393926996
1021860,NOV,2023-12-31,393945659
1021860,NOV,2024-03-31,395503573
1021860,NOV,2024-06-30,393706882
1021860,NOV,2024-09-30,389084160
1021860,NOV,2024-12-31,381549541
1021860,NOV,2025-03-31,378080553
1021860,NOV,2025-06-30,372736059
1021860,NOV,2025-09-30,366505774
1021860,NOV,2025-12-31,360803354
1021860,NOV,2026-03-31,360255938
1821825,OGN,2021-06-30,253516000
1821825,OGN,2021-09-30,253545051
1821825,OGN,2021-12-31,253550000
1821825,OGN,2022-03-31,253637179
1821825,OGN,2022-06-30,254321000
1821825,OGN,2022-09-30,254364000
1821825,OGN,2022-12-31,254370000
1821825,OGN,2023-03-31,254432000
1821825,OGN,2023-06-30,255568000
1821825,OGN,2023-09-30,255606000
1821825,OGN,2023-12-31,255626000
1821825,OGN,2024-03-31,255847000
1821825,OGN,2024-06-30,257473000
1821825,OGN,2024-09-30,257539000
1821825,OGN,2024-12-31,257799000
1821825,OGN,2025-03-31,257950000
1821825,OGN,2025-06-30,259965000
1821825,OGN,2025-09-30,259983000
1821825,OGN,2025-12-31,260316000
1821825,OGN,2026-03-31,262649000
1821825,OGN,2026-06-30,262609000
812074,OI,2008-06-30,178588385
812074,OI,2008-09-30,178623719
812074,OI,2008-12-31,178705817
812074,OI,2009-03-31,179754178
812074,OI,2009-06-30,179791262
812074,OI,2009-09-30,179877088
812074,OI,2009-12-31,179923309
812074,OI,2010-03-31,180584042
1826011,PARA,2020-12-31,5750000
1826011,PARA,2021-12-31,5750000
1826011,PARA,2022-12-31,6445599
1826011,PARA,2023-12-31,2585297
1826011,PARA,2024-03-31,20221589
1826011,PARA,2024-06-30,36944935
1826011,PARA,2024-09-30,4303443
1826011,PARA,2024-12-31,819516
1826011,PARA,2025-03-31,14686775
1826011,PARA,2025-06-30,2478587
1826011,PARA,2025-09-30,5205098
1826011,PARA,2025-12-31,527317
1826011,PARA,2026-03-31,867355
1826011,PARA,2026-06-30,2690579
1590955,PAYC,2013-12-31,45708573
1590955,PAYC,2014-06-30,51041157
1590955,PAYC,2014-09-30,51056462
1590955,PAYC,2014-12-31,53832782
1590955,PAYC,2015-03-31,56563541
1590955,PAYC,2015-06-30,57050684
1590955,PAYC,2015-09-30,57050684
1590955,PAYC,2015-12-31,57119873
1590955,PAYC,2016-03-31,57138157
1590955,PAYC,2016-06-30,57539034
1590955,PAYC,2016-09-30,57898505
1590955,PAYC,2016-12-31,57331022
1590955,PAYC,2017-03-31,57349302
1590955,PAYC,2017-06-30,57938217
1590955,PAYC,2017-09-30,58131606
1590955,PAYC,2017-12-31,57788573
1590955,PAYC,2018-03-31,57916718
1590955,PAYC,2018-06-30,57701124
1590955,PAYC,2018-09-30,57730356
1590955,PAYC,2018-12-31,57277000
1590955,PAYC,2019-03-31,57447346
1590955,PAYC,2019-06-30,57629000
1590955,PAYC,2019-09-30,57657000
1590955,PAYC,2019-12-31,57660000
1590955,PAYC,2020-03-31,57622000
1590955,PAYC,2020-06-30,57588000
1590955,PAYC,2020-09-30,57605000
1590955,PAYC,2020-12-31,57739000
1590955,PAYC,2021-03-31,57741000
1590955,PAYC,2021-06-30,57918000
1590955,PAYC,2021-09-30,57997000
1590955,PAYC,2021-12-31,58012000
1590955,PAYC,2022-03-31,58015000
1590955,PAYC,2022-06-30,57864000
1590955,PAYC,2022-09-30,57867000
1590955,PAYC,2022-12-31,57867000
1590955,PAYC,2023-03-31,57872000
1590955,PAYC,2023-06-30,57949000
1590955,PAYC,2023-09-30,57700000
1590955,PAYC,2023-12-31,56500000
1590955,PAYC,2024-03-31,56557000
1590955,PAYC,2024-06-30,56151000
1590955,PAYC,2024-09-30,55885000
1590955,PAYC,2024-12-31,55900000
1590955,PAYC,2025-03-31,56000000
1590955,PAYC,2025-06-30,56200000
1590955,PAYC,2025-09-30,55300000
1590955,PAYC,2025-12-31,54800000
1590955,PAYC,2026-03-31,46600000
1590955,PAYC,2026-06-30,44300000
78814,PBI,2007-12-31,214514959
78814,PBI,2008-12-31,206181193
78814,PBI,2009-12-31,207197828
78814,PBI,2010-12-31,203431002
78814,PBI,2011-12-31,199751070
1568100,PD,2019-01-31,23189921
1568100,PD,2020-01-31,77793540
1568100,PD,2021-01-31,82882424
1568100,PD,2022-01-31,86758380
1568100,PD,2023-01-31,91178671
1568100,PD,2023-10-31,91888642
1568100,PD,2024-01-31,92737185
1568100,PD,2025-01-31,91082604
1568100,PD,2026-01-31,84616214
921738,PENN,2014-12-31,79161817
921738,PENN,2015-06-30,80115538
921738,PENN,2015-09-30,80515081
921738,PENN,2015-12-31,80889275
921738,PENN,2016-03-31,81284181
921738,PENN,2016-06-30,82796758
921738,PENN,2016-09-30,83441835
921738,PENN,2016-12-31,91122308
921738,PENN,2017-03-31,90958766
921738,PENN,2017-06-30,91339667
921738,PENN,2017-09-30,90886508
921738,PENN,2017-12-31,91225242
921738,PENN,2018-03-31,91655290
921738,PENN,2018-06-30,92196285
921738,PENN,2018-09-30,92427626
921738,PENN,2018-12-31,116687808
921738,PENN,2019-03-31,117140551
921738,PENN,2019-06-30,115869769
921738,PENN,2019-09-30,115877265
921738,PENN,2019-12-31,115958259
921738,PENN,2020-03-31,116793722
921738,PENN,2020-06-30,137435090
921738,PENN,2020-09-30,155253918
921738,PENN,2020-12-31,155700834
921738,PENN,2021-03-31,156330141
921738,PENN,2021-06-30,156786873
921738,PENN,2021-09-30,157045294
945841,POOL,2009-06-30,48650531
945841,POOL,2009-12-31,48991729
945841,POOL,2010-03-31,49439423
945841,POOL,2010-06-30,49548424
945841,POOL,2010-09-30,49687475
945841,POOL,2010-12-31,49278578
945841,POOL,2011-03-31,48298621
945841,POOL,2011-06-30,48253576
945841,POOL,2011-09-30,47594628
945841,POOL,2011-12-31,47366997
945841,POOL,2012-03-31,47616144
945841,POOL,2012-06-30,46653782
945841,POOL,2012-09-30,46596813
945841,POOL,2012-12-31,46303728
945841,POOL,2013-03-31,46518040
945841,POOL,2013-06-30,46667820
945841,POOL,2013-09-30,46068927
945841,POOL,2013-12-31,45378785
945841,POOL,2014-03-31,45123118
945841,POOL,2014-06-30,44133304
945841,POOL,2014-09-30,43352818
945841,POOL,2014-12-31,43511093
945841,POOL,2015-03-31,43650023
945841,POOL,2015-06-30,42930905
945841,POOL,2015-09-30,42620194
945841,POOL,2015-12-31,42711016
945841,POOL,2016-03-31,42059318
945841,POOL,2016-06-30,41942593
945841,POOL,2016-09-30,41711888
945841,POOL,2016-12-31,41089720
945841,POOL,2017-03-31,41328565
945841,POOL,2017-06-30,41340281
945841,POOL,2017-09-30,40122935
945841,POOL,2017-12-31,40212477
945841,POOL,2018-03-31,40568775
945841,POOL,2018-06-30,40371424
945841,POOL,2018-09-30,40479584
945841,POOL,2018-12-31,39506067
945841,POOL,2019-03-31,39679157
945841,POOL,2019-06-30,39897898
945841,POOL,2019-09-30,40020216
945841,POOL,2019-12-31,40074160
945841,POOL,2020-03-31,39930962
945841,POOL,2020-06-30,40041683
945841,POOL,2020-09-30,40153287
945841,POOL,2020-12-31,40232210
945841,POOL,2021-03-31,40086256
945841,POOL,2021-06-30,40131570
945841,POOL,2021-09-30,40079584
945841,POOL,2021-12-31,40192901
945841,POOL,2022-03-31,40110126
945841,POOL,2022-06-30,39588231
945841,POOL,2022-09-30,39054302
945841,POOL,2022-12-31,39069419
945841,POOL,2023-03-31,39032631
945841,POOL,2023-06-30,39048604
945841,POOL,2023-09-30,38676960
945841,POOL,2023-12-31,38354829
945841,POOL,2024-03-31,38462331
945841,POOL,2024-06-30,38289105
945841,POOL,2024-09-30,38083401
945841,POOL,2024-12-31,37691942
945841,POOL,2025-03-31,37659549
945841,POOL,2025-06-30,37314231
945841,POOL,2025-09-30,37315849
945841,POOL,2025-12-31,36577686
945841,POOL,2026-03-31,36442991
1585364,PRGO,2013-06-29,94100000
1585364,PRGO,2013-09-28,2000
1585364,PRGO,2013-12-28,133700000
1585364,PRGO,2014-03-29,133800000
1585364,PRGO,2014-06-28,133800000
1585364,PRGO,2014-09-27,133900000
1585364,PRGO,2014-12-27,140800000
1585364,PRGO,2015-03-28,0
1585364,PRGO,2015-06-27,146300000
1585364,PRGO,2015-09-26,146400000
1585364,PRGO,2015-12-31,143100000
1585364,PRGO,2016-04-02,143200000
1585364,PRGO,2016-07-02,143200000
1585364,PRGO,2016-10-01,143300000
1585364,PRGO,2016-12-31,143400000
1585364,PRGO,2017-07-01,142600000
1585364,PRGO,2017-09-30,140800000
1585364,PRGO,2017-12-31,140800000
1585364,PRGO,2018-03-31,139700000
1585364,PRGO,2018-06-30,137600000
1585364,PRGO,2022-12-31,134700000
1585364,PRGO,2023-12-31,135500000
1585364,PRGO,2024-03-30,136300000
1585364,PRGO,2024-06-29,136400000
1585364,PRGO,2024-09-28,136500000
1585364,PRGO,2024-12-31,136500000
1585364,PRGO,2025-03-29,137200000
1585364,PRGO,2025-06-28,137600000
1585364,PRGO,2025-09-27,137600000
1585364,PRGO,2025-12-31,137600000
1585364,PRGO,2026-03-28,138100000
1585364,PRGO,2026-06-27,138700000
1604778,QRVO,2013-03-30,70040000
1604778,QRVO,2014-03-29,71215000
1604778,QRVO,2014-06-28,1000
1604778,QRVO,2014-09-27,1000
1604778,QRVO,2014-12-27,72811000
1604778,QRVO,2015-03-28,149059000
1604778,QRVO,2015-06-27,149431000
1604778,QRVO,2015-10-03,140976000
1604778,QRVO,2016-01-02,137051000
1604778,QRVO,2016-04-02,127386000
1604778,QRVO,2016-07-02,127817000
1604778,QRVO,2016-10-01,126995000
1604778,QRVO,2016-12-31,126331000
1604778,QRVO,2017-04-01,126464000
1604778,QRVO,2017-07-01,127225000
1604778,QRVO,2017-09-30,127137000
1604778,QRVO,2017-12-30,127137000
1604778,QRVO,2018-03-31,126322000
1604778,QRVO,2018-06-30,125598000
1604778,QRVO,2018-09-29,125046000
1604778,QRVO,2018-12-29,123001000
1604778,QRVO,2019-03-30,119063000
1604778,QRVO,2019-06-29,117943000
1604778,QRVO,2019-09-28,116294000
1604778,QRVO,2019-12-28,115738000
1604778,QRVO,2020-03-28,114625000
1604778,QRVO,2020-06-27,114354000
1604778,QRVO,2020-10-03,114111000
1604778,QRVO,2021-01-02,113299000
1604778,QRVO,2021-04-03,112557000
1604778,QRVO,2021-07-03,111210000
1604778,QRVO,2021-10-02,110461000
1604778,QRVO,2022-01-01,108668000
1604778,QRVO,2022-04-02,106303000
1604778,QRVO,2022-07-02,103340000
1604778,QRVO,2022-10-01,102061000
1604778,QRVO,2022-12-31,100021000
1604778,QRVO,2023-04-01,98649000
1604778,QRVO,2023-07-01,98048000
1604778,QRVO,2023-09-30,97506000
1604778,QRVO,2023-12-30,96680000
1604778,QRVO,2024-03-30,95798000
1604778,QRVO,2024-06-29,94962000
1604778,QRVO,2024-09-28,94664000
1604778,QRVO,2024-12-28,93559000
1604778,QRVO,2025-03-29,92920000
1604778,QRVO,2025-06-28,92798000
1604778,QRVO,2025-09-27,92575000
1604778,QRVO,2025-12-27,92653000
1604778,QRVO,2026-03-28,87741000
85961,R,2009-12-31,53419721
85961,R,2010-06-30,52417216
85961,R,2010-09-30,51737643
85961,R,2010-12-31,51174757
85961,R,2011-03-31,51343469
85961,R,2011-06-30,51132027
85961,R,2011-09-30,51125400
85961,R,2011-12-31,51143946
85961,R,2012-03-31,51273569
85961,R,2012-06-30,51123202
85961,R,2012-09-30,51112478
85961,R,2012-12-31,51371696
85961,R,2013-03-31,51922227
85961,R,2013-06-30,52326720
85961,R,2013-09-30,53593266
85961,R,2013-12-31,53335386
85961,R,2014-03-31,53184496
85961,R,2014-06-30,53067722
85961,R,2014-09-30,53039595
85961,R,2014-12-31,53039688
85961,R,2015-03-31,53309221
85961,R,2015-06-30,53374025
85961,R,2015-09-30,53425097
85961,R,2015-12-31,53490603
85961,R,2016-03-31,53703407
85961,R,2016-06-30,53478452
85961,R,2016-09-30,53468413
85961,R,2016-12-31,53463118
85961,R,2017-03-31,53560199
85961,R,2017-06-30,52983373
85961,R,2017-09-30,52947715
85961,R,2017-12-31,52955314
85961,R,2018-03-31,53094898
85961,R,2018-06-30,53094736
85961,R,2018-09-30,53088113
85961,R,2018-12-31,53116485
85961,R,2019-03-31,53300205
85961,R,2019-06-30,53334512
85961,R,2019-09-30,53292045
85961,R,2019-12-31,53278316
85961,R,2020-03-31,53735964
85961,R,2020-06-30,53818841
85961,R,2020-09-30,53889123
85961,R,2020-12-31,53732033
85961,R,2021-03-31,53870387
85961,R,2021-06-30,53773599
85961,R,2021-09-30,53693263
85961,R,2021-12-31,53789036
85961,R,2022-03-31,51136680
85961,R,2022-06-30,51194660
85961,R,2022-09-30,50251092
85961,R,2022-12-31,46286664
85961,R,2023-03-31,46492233
85961,R,2023-06-30,45527262
85961,R,2023-09-30,44322243
85961,R,2023-12-31,43902065
85961,R,2024-03-31,43828793
85961,R,2024-06-30,43283183
85961,R,2024-09-30,42290213
85961,R,2024-12-31,42080039
85961,R,2025-03-31,41340792
85961,R,2025-06-30,40790636
85961,R,2025-09-30,40376534
85961,R,2025-12-31,39417224
85961,R,2026-03-31,38691018
85961,R,2026-06-30,38346868
2041385,RAL,2024-12-31,100
2041385,RAL,2025-06-27,112700000
2041385,RAL,2025-09-26,112800000
2041385,RAL,2025-12-31,112900000
2041385,RAL,2026-04-03,111900000
2041385,RAL,2026-07-03,110600000
315213,RHI,2009-12-31,148645335
315213,RHI,2010-06-30,147575541
315213,RHI,2010-09-30,147133724
315213,RHI,2010-12-31,146182564
315213,RHI,2011-03-31,146784950
315213,RHI,2011-06-30,144880976
315213,RHI,2011-09-30,142858389
315213,RHI,2011-12-31,142085533
315213,RHI,2012-03-31,142302507
315213,RHI,2012-06-30,141685589
315213,RHI,2012-09-30,140810908
315213,RHI,2012-12-31,139438603
315213,RHI,2013-03-31,139525784
315213,RHI,2013-06-30,138854444
315213,RHI,2013-09-30,138285804
315213,RHI,2013-12-31,137466421
315213,RHI,2014-03-31,137472756
315213,RHI,2014-06-30,137101168
315213,RHI,2014-09-30,135923034
315213,RHI,2014-12-31,135134064
315213,RHI,2015-03-31,135072349
315213,RHI,2015-06-30,134199907
315213,RHI,2015-09-30,132652266
315213,RHI,2015-12-31,131156064
315213,RHI,2016-03-31,131318173
315213,RHI,2016-06-30,130137843
315213,RHI,2016-09-30,128886333
315213,RHI,2016-12-31,127796558
315213,RHI,2017-03-31,127179468
315213,RHI,2017-06-30,126184290
315213,RHI,2017-09-30,125346963
315213,RHI,2017-12-31,124261458
315213,RHI,2018-03-31,123562571
315213,RHI,2018-06-30,122445185
315213,RHI,2018-09-30,121375014
315213,RHI,2018-12-31,119078491
315213,RHI,2019-03-31,118320896
315213,RHI,2019-06-30,117561005
315213,RHI,2019-09-30,116096604
315213,RHI,2019-12-31,115120404
315213,RHI,2020-03-31,114602243
315213,RHI,2020-06-30,114635134
315213,RHI,2020-09-30,114180036
315213,RHI,2020-12-31,113127501
315213,RHI,2021-03-31,112681758
315213,RHI,2021-06-30,111970042
315213,RHI,2021-09-30,111228929
315213,RHI,2021-12-31,110685989
315213,RHI,2022-03-31,110746970
315213,RHI,2022-06-30,109606600
315213,RHI,2022-09-30,108498147
315213,RHI,2022-12-31,107698498
315213,RHI,2023-03-31,107762831
315213,RHI,2023-06-30,107132280
315213,RHI,2023-09-30,105894956
315213,RHI,2023-12-31,105208817
315213,RHI,2024-03-31,104932482
315213,RHI,2024-06-30,104055679
315213,RHI,2024-09-30,103246830
315213,RHI,2024-12-31,102199470
315213,RHI,2025-03-31,102163763
315213,RHI,2025-06-30,101738661
315213,RHI,2025-09-30,101161069
315213,RHI,2025-12-31,101140684
315213,RHI,2026-03-31,102293590
315213,RHI,2026-06-30,102361829
1451505,RIG,2008-12-31,319262113
1451505,RIG,2009-09-30,321139451
1451505,RIG,2009-12-31,321223882
1451505,RIG,2010-03-31,320950624
1451505,RIG,2010-06-30,318916207
1451505,RIG,2010-09-30,319017904
1451505,RIG,2010-12-31,319080678
1451505,RIG,2011-03-31,319538901
1451505,RIG,2011-06-30,319639362
1451505,RIG,2011-09-30,319853371
1451505,RIG,2011-12-31,349805793
1451505,RIG,2012-03-31,350500518
1451505,RIG,2012-06-30,359284907
1451505,RIG,2012-09-30,359418883
1451505,RIG,2012-12-31,359505251
1451505,RIG,2013-03-31,360340164
1451505,RIG,2013-06-30,360384335
1451505,RIG,2013-09-30,360559090
1451505,RIG,2013-12-31,360764100
1451505,RIG,2014-03-31,361984609
1451505,RIG,2014-06-30,362144405
1451505,RIG,2014-09-30,362234868
1451505,RIG,2014-12-31,362279530
1451505,RIG,2015-03-31,363346369
1451505,RIG,2015-06-30,363548290
1451505,RIG,2015-09-30,363719800
1451505,RIG,2015-12-31,364035397
1451505,RIG,2016-03-31,365081912
1451505,RIG,2016-06-30,365389695
1451505,RIG,2016-09-30,365461629
1451505,RIG,2016-12-31,389366241
1451505,RIG,2017-03-31,390930439
1451505,RIG,2017-06-30,391181430
1451505,RIG,2017-09-30,391211739
1451505,RIG,2017-12-31,391237308
1451505,RIG,2018-03-31,461628198
1451505,RIG,2018-06-30,461862248
1451505,RIG,2018-09-30,461903386
1451505,RIG,2018-12-31,609649291
1451505,RIG,2019-03-31,611614353
1451505,RIG,2019-06-30,611741184
1451505,RIG,2019-09-30,611849468
1451505,RIG,2019-12-31,611871374
1451505,RIG,2020-03-31,614545303
1451505,RIG,2020-06-30,614612545
1451505,RIG,2020-09-30,614861972
1451505,RIG,2020-12-31,615140276
1451505,RIG,2021-03-31,617288705
1451505,RIG,2021-06-30,634629502
1451505,RIG,2021-09-30,651155650
1451505,RIG,2021-12-31,655505335
1451505,RIG,2022-03-31,681055270
1451505,RIG,2022-06-30,705711203
1451505,RIG,2022-09-30,721888427
1451505,RIG,2022-12-31,721888427
1451505,RIG,2023-03-31,731847899
1451505,RIG,2023-06-30,766655180
1451505,RIG,2023-09-30,782540300
1451505,RIG,2023-12-31,809030846
1451505,RIG,2024-03-31,819579665
1451505,RIG,2024-06-30,875456314
1451505,RIG,2024-09-30,875803595
1451505,RIG,2024-12-31,875830772
1451505,RIG,2025-03-31,883261456
1451505,RIG,2025-06-30,902249348
1451505,RIG,2025-09-30,1100992035
1451505,RIG,2025-12-31,1102000000
1451505,RIG,2026-03-31,1107000000
1451505,RIG,2026-06-30,1117000000
315852,RRC,2008-12-31,155375487
315852,RRC,2009-12-31,158118937
315852,RRC,2010-06-30,159796456
315852,RRC,2010-09-30,159851779
315852,RRC,2010-12-31,159909052
315852,RRC,2011-06-30,160822707
315852,RRC,2011-12-31,161131547
315852,RRC,2012-03-31,162010333
315852,RRC,2012-09-30,162461040
315852,RRC,2012-12-31,162514098
315852,RRC,2013-03-31,162966793
315852,RRC,2013-06-30,163294095
315852,RRC,2013-09-30,163317144
315852,RRC,2013-12-31,163342894
315852,RRC,2014-03-31,163669915
315852,RRC,2014-06-30,168610608
315852,RRC,2014-09-30,168617068
315852,RRC,2014-12-31,168628177
315852,RRC,2015-03-31,168922563
315852,RRC,2015-06-30,169293504
315852,RRC,2015-09-30,169309520
315852,RRC,2015-12-31,169316460
315852,RRC,2016-03-31,169696655
315852,RRC,2016-06-30,170035895
315852,RRC,2016-09-30,247100456
315852,RRC,2016-12-31,247144356
315852,RRC,2017-03-31,247536777
315852,RRC,2017-06-30,248115570
315852,RRC,2017-09-30,248123291
315852,RRC,2017-12-31,248129430
315852,RRC,2018-03-31,249222320
315852,RRC,2018-06-30,249427206
315852,RRC,2018-09-30,249494057
315852,RRC,2018-12-31,249510022
315852,RRC,2019-03-31,251138134
315852,RRC,2019-06-30,251343970
315852,RRC,2019-09-30,251417304
315852,RRC,2019-12-31,249630803
315852,RRC,2020-03-31,245877502
315852,RRC,2020-06-30,246072806
315852,RRC,2020-09-30,246226215
315852,RRC,2020-12-31,246348092
315852,RRC,2021-06-30,249773811
315852,RRC,2021-09-30,249784358
315852,RRC,2021-12-31,249792908
315852,RRC,2022-03-31,252176071
315852,RRC,2022-06-30,248284578
315852,RRC,2022-09-30,242283655
315852,RRC,2022-12-31,238885730
315852,RRC,2023-03-31,241362730
315852,RRC,2023-06-30,241350512
315852,RRC,2023-09-30,241354882
315852,RRC,2023-12-31,241040304
315852,RRC,2024-03-31,242593988
315852,RRC,2024-06-30,242398258
315852,RRC,2024-09-30,241307844
315852,RRC,2024-12-31,240669354
315852,RRC,2025-12-31,235458212
897723,SANM,2010-10-02,79722000
897723,SANM,2011-10-01,80734000
897723,SANM,2012-09-29,81635000
897723,SANM,2013-09-28,84153000
897723,SANM,2014-09-27,82157000
897723,SANM,2015-10-03,78058000
897723,SANM,2016-10-01,73031000
897723,SANM,2017-09-30,71664000
897723,SANM,2018-09-29,67777000
897723,SANM,2019-09-28,69720000
897723,SANM,2020-10-03,64999000
897723,SANM,2021-10-02,64307000
897723,SANM,2022-10-01,57394000
897723,SANM,2023-09-30,56833000
897723,SANM,2024-09-28,53921000
897723,SANM,2025-09-27,53404000
89089,SCI,2009-12-31,254017384
89089,SCI,2010-06-30,248707810
89089,SCI,2010-09-30,244642892
89089,SCI,2010-12-31,241035250
89089,SCI,2011-03-31,238865095
89089,SCI,2011-06-30,237207886
89089,SCI,2011-09-30,227998397
89089,SCI,2011-12-31,222955853
89089,SCI,2012-03-31,217097274
89089,SCI,2012-06-30,214771352
89089,SCI,2012-09-30,213973997
89089,SCI,2012-12-31,211046501
89089,SCI,2013-03-31,211663639
89089,SCI,2013-06-30,211941935
89089,SCI,2013-09-30,211960401
89089,SCI,2013-12-31,212316642
89089,SCI,2014-03-31,213531666
89089,SCI,2014-06-30,211175401
89089,SCI,2014-09-30,209230875
89089,SCI,2014-12-31,204866770
89089,SCI,2015-03-31,202910352
89089,SCI,2015-06-30,201751035
89089,SCI,2015-09-30,197125709
89089,SCI,2015-12-31,195772876
89089,SCI,2016-03-31,194147675
89089,SCI,2016-06-30,193669014
89089,SCI,2016-09-30,190489048
89089,SCI,2016-12-31,189405244
89089,SCI,2017-03-31,187949951
89089,SCI,2017-06-30,187315112
89089,SCI,2017-09-30,187746443
89089,SCI,2017-12-31,186614747
89089,SCI,2018-03-31,184011668
89089,SCI,2018-06-30,184011668
89089,SCI,2018-09-30,184011668
89089,SCI,2018-12-31,181470582
89089,SCI,2019-03-31,182250721
89089,SCI,2019-06-30,182468970
89089,SCI,2019-09-30,182468970
89089,SCI,2019-12-31,181184963
89089,SCI,2020-03-31,179241180
89089,SCI,2020-06-30,177011040
89089,SCI,2020-09-30,174235023
89089,SCI,2020-12-31,170717236
89089,SCI,2021-03-31,168837094
89089,SCI,2021-06-30,167969163
89089,SCI,2021-09-30,166080826
89089,SCI,2021-12-31,163114202
89089,SCI,2022-03-31,159164117
89089,SCI,2022-06-30,158219257
89089,SCI,2022-09-30,154737723
89089,SCI,2022-12-31,153940365
89089,SCI,2023-03-31,151939138
89089,SCI,2023-06-30,150934682
89089,SCI,2023-09-30,149555188
89089,SCI,2023-12-31,146323340
89089,SCI,2024-03-31,146299031
89089,SCI,2024-06-30,144537780
89089,SCI,2024-09-30,144979108
89089,SCI,2024-12-31,144694887
89089,SCI,2025-03-31,143273999
89089,SCI,2025-06-30,140806347
89089,SCI,2025-09-30,140246179
89089,SCI,2025-12-31,139678199
89089,SCI,2026-03-31,138147494
89089,SCI,2026-06-30,136619474
1419612,SEDG,2014-06-30,2809950
1419612,SEDG,2015-03-31,39128071
1419612,SEDG,2015-06-30,39297539
1419612,SEDG,2015-09-30,39303892
1419612,SEDG,2015-12-31,40092668
1419612,SEDG,2016-03-31,40684496
1419612,SEDG,2016-06-30,40889922
1419612,SEDG,2016-09-30,41056801
1419612,SEDG,2016-12-31,41259391
1419612,SEDG,2017-03-31,41532545
1419612,SEDG,2017-06-30,42022735
1419612,SEDG,2017-09-30,42862712
1419612,SEDG,2017-12-31,43812601
1419612,SEDG,2018-03-31,44897108
1419612,SEDG,2018-06-30,45498414
1419612,SEDG,2018-09-30,45750400
1419612,SEDG,2018-12-31,46052802
1419612,SEDG,2019-03-31,47501363
1419612,SEDG,2019-06-30,47967425
1419612,SEDG,2019-09-30,48576288
1419612,SEDG,2019-12-31,48898062
1419612,SEDG,2020-03-31,49599493
1419612,SEDG,2020-06-30,50075751
1419612,SEDG,2020-09-30,51207310
1419612,SEDG,2020-12-31,51560936
1419612,SEDG,2021-03-31,51966175
1419612,SEDG,2021-06-30,52263976
1419612,SEDG,2021-09-30,52519490
1419612,SEDG,2021-12-31,52815395
1419612,SEDG,2022-03-31,55386146
1419612,SEDG,2022-06-30,55633090
1419612,SEDG,2022-09-30,55894106
1419612,SEDG,2022-12-31,56133404
1419612,SEDG,2023-03-31,56343164
1419612,SEDG,2023-06-30,56556340
1419612,SEDG,2023-09-30,56810559
1419612,SEDG,2023-12-31,57123437
1419612,SEDG,2024-03-31,56792795
1419612,SEDG,2024-06-30,56952022
1419612,SEDG,2024-09-30,57182072
1419612,SEDG,2024-12-31,58027126
1419612,SEDG,2025-03-31,58290453
1419612,SEDG,2025-06-30,59134050
1419612,SEDG,2025-09-30,59559546
1419612,SEDG,2025-12-31,60360154
1419612,SEDG,2026-03-31,60817930
1419612,SEDG,2026-06-30,61512619
2009684,SEG,2023-12-31,0
2009684,SEG,2024-07-31,5521884
2009684,SEG,2024-09-30,5704000
2009684,SEG,2024-12-31,12708000
2009684,SEG,2025-03-31,12699000
2009684,SEG,2025-06-30,12698000
2009684,SEG,2025-09-30,12735000
2009684,SEG,2025-12-31,12777000
2009684,SEG,2026-03-31,12806000
2009684,SEG,2026-06-30,12805000
1778922,SGP,2024-12-31,2196423
1778922,SGP,2025-12-31,2203620
1778922,SGP,2026-03-31,33432555
1778922,SGP,2026-06-30,33446315
832988,SIG,2009-08-01,85500000
832988,SIG,2009-10-31,85500000
832988,SIG,2010-01-30,85500000
832988,SIG,2010-05-01,85500000
832988,SIG,2010-07-31,85700000
832988,SIG,2010-10-30,85700000
832988,SIG,2011-01-29,86200000
832988,SIG,2011-04-30,86800000
832988,SIG,2011-07-30,86900000
832988,SIG,2011-10-29,86900000
832988,SIG,2012-01-28,86900000
832988,SIG,2012-04-28,85400000
832988,SIG,2012-07-28,80900000
832988,SIG,2012-10-27,81000000
832988,SIG,2013-02-02,81400000
832988,SIG,2013-05-04,80900000
832988,SIG,2013-08-03,80500000
832988,SIG,2013-11-02,80300000
832988,SIG,2014-02-01,80200000
832988,SIG,2014-05-03,80200000
832988,SIG,2014-08-02,80200000
832988,SIG,2014-11-01,80200000
832988,SIG,2015-01-31,80300000
832988,SIG,2015-05-02,80200000
832988,SIG,2015-08-01,79700000
832988,SIG,2015-10-31,79500000
832988,SIG,2016-01-30,79400000
832988,SIG,2016-04-30,78400000
832988,SIG,2016-07-30,78400000
832988,SIG,2016-10-29,68300000
832988,SIG,2017-01-28,68300000
832988,SIG,2017-04-29,68400000
832988,SIG,2017-07-29,60300000
832988,SIG,2017-10-28,60400000
832988,SIG,2018-02-03,60500000
832988,SIG,2018-05-05,59200000
832988,SIG,2018-08-04,51900000
832988,SIG,2018-11-03,51900000
832988,SIG,2019-02-02,51900000
832988,SIG,2019-05-04,52200000
832988,SIG,2019-08-03,52300000
832988,SIG,2019-11-02,52300000
832988,SIG,2020-02-01,52300000
832988,SIG,2020-05-02,52300000
832988,SIG,2020-08-01,52300000
832988,SIG,2020-10-31,52300000
832988,SIG,2021-01-30,52300000
832988,SIG,2021-05-01,52700000
832988,SIG,2021-07-31,53000000
832988,SIG,2021-10-30,52600000
832988,SIG,2022-01-29,49900000
832988,SIG,2022-04-30,46500000
832988,SIG,2022-07-30,46200000
832988,SIG,2022-10-29,45900000
832988,SIG,2023-01-28,44900000
832988,SIG,2023-04-29,45400000
832988,SIG,2023-07-29,44800000
832988,SIG,2023-10-28,44400000
832988,SIG,2024-02-03,44200000
832988,SIG,2024-05-04,44700000
832988,SIG,2024-08-03,44300000
832988,SIG,2024-11-02,43500000
832988,SIG,2025-02-01,43200000
832988,SIG,2025-05-03,41400000
832988,SIG,2025-08-02,41000000
832988,SIG,2025-11-01,40700000
832988,SIG,2026-01-31,40400000
832988,SIG,2026-05-02,39700000
832988,SIG,2026-08-01,38700000
1040971,SLG,2009-12-31,80875000
1040971,SLG,2010-06-30,81570000
1040971,SLG,2010-09-30,81621000
1040971,SLG,2010-12-31,81675000
1040971,SLG,2011-03-31,84336000
1040971,SLG,2011-06-30,87723000
1040971,SLG,2011-09-30,85705974
1040971,SLG,2011-12-31,89210000
1040971,SLG,2012-03-31,92460000
1040971,SLG,2012-06-30,93543000
1040971,SLG,2012-09-30,93970000
1040971,SLG,2012-12-31,94896000
1040971,SLG,2013-03-31,95201000
1040971,SLG,2013-06-30,95376000
1040971,SLG,2013-09-30,95780000
1040971,SLG,2013-12-31,98563000
1040971,SLG,2014-03-31,98919000
1040971,SLG,2014-06-30,99188000
1040971,SLG,2014-09-30,99547000
1040971,SLG,2014-12-31,97325000
1040971,SLG,2015-03-31,103176000
1040971,SLG,2015-06-30,103233000
1040971,SLG,2015-09-30,103383000
1040971,SLG,2015-12-31,100063000
1040971,SLG,2016-03-31,100168000
1040971,SLG,2016-06-30,100164000
1040971,SLG,2016-09-30,100319000
1040971,SLG,2016-12-31,101617000
1040971,SLG,2017-03-31,101831000
1040971,SLG,2017-06-30,99422000
1040971,SLG,2017-09-30,98501000
1040971,SLG,2017-12-31,93858000
1040971,SLG,2018-03-31,90190000
1040971,SLG,2018-06-30,86780000
1040971,SLG,2018-09-30,86649000
1040971,SLG,2018-12-31,84739000
1040971,SLG,2019-03-31,84328000
1040971,SLG,2019-06-30,83465000
1040971,SLG,2019-09-30,82570000
1040971,SLG,2019-12-31,77981000
1040971,SLG,2020-03-31,77591000
1040971,SLG,2020-06-30,74730000
1040971,SLG,2020-09-30,74095000
1040971,SLG,2020-12-31,67470000
1040971,SLG,2021-03-31,70380000
1040971,SLG,2021-06-30,68906000
1040971,SLG,2021-09-30,67926000
1040971,SLG,2021-12-31,65132000
1040971,SLG,2022-03-31,65184000
1040971,SLG,2022-06-30,65362000
1040971,SLG,2022-09-30,65376000
1040971,SLG,2022-12-31,65440000
1040971,SLG,2023-03-31,65433000
1040971,SLG,2023-06-30,65447000
1040971,SLG,2023-09-30,65458000
1040971,SLG,2023-12-31,65786000
1040971,SLG,2024-03-31,65866000
1040971,SLG,2024-06-30,65874000
1040971,SLG,2024-09-30,66295000
1040971,SLG,2024-12-31,71097000
1040971,SLG,2025-03-31,71016000
1040971,SLG,2025-06-30,71025000
1040971,SLG,2025-09-30,71028000
1040971,SLG,2025-12-31,71159000
1040971,SLG,2026-03-31,71124000
1032033,SLM,2010-12-31,526900000
1032033,SLM,2011-12-31,509000000
1032033,SLM,2012-12-31,453000000
1032033,SLM,2013-12-31,429000000
1032033,SLM,2014-06-30,423000000
1032033,SLM,2014-09-30,423000000
1032033,SLM,2014-12-31,423000000
1032033,SLM,2015-12-31,426000000
1032033,SLM,2016-12-31,429000000
1032033,SLM,2017-12-31,432000000
1032033,SLM,2018-12-31,436000000
1032033,SLM,2019-12-31,421000000
1881551,STI,2023-06-30,3087500
1881551,STI,2023-12-31,69800000
1881551,STI,2024-03-31,86900398
1881551,STI,2024-06-30,87100341
1881551,STI,2024-09-30,117340914
1881551,STI,2024-12-31,2633956
1881551,STI,2025-03-31,2716706
1881551,STI,2025-06-30,2716794
1881551,STI,2025-09-30,2874326
1881551,STI,2025-12-31,7465283
1881551,STI,2026-03-31,7745683
1881551,STI,2026-06-30,8512771
816761,TDC,2017-12-31,121900000
816761,TDC,2018-12-31,116800000
816761,TDC,2019-12-31,110900000
816761,TDC,2020-12-31,108800000
816761,TDC,2021-12-31,107200000
816761,TDC,2022-12-31,101100000
816761,TDC,2023-12-31,97900000
816761,TDC,2024-12-31,95100000
816761,TDC,2025-12-31,92500000
1992243,TE,2021-07-09,116440191
1992243,TE,2022-12-31,139705000
1992243,TE,2023-12-31,139705000
1992243,TE,2024-03-31,139705000
1992243,TE,2024-06-30,140490000
1992243,TE,2024-09-30,140490000
1992243,TE,2024-12-31,155928000
1992243,TE,2025-03-31,155938000
1992243,TE,2025-06-30,155938000
1992243,TE,2025-09-30,168626000
1992243,TE,2025-12-31,266267000
1992243,TE,2026-03-31,279037000
1992243,TE,2026-06-30,280604000
1798562,TMC,2021-09-09,224385324
1798562,TMC,2021-09-30,224385324
1798562,TMC,2021-12-31,224385324
1798562,TMC,2022-12-31,266812131
1798562,TMC,2023-12-31,306558710
1798562,TMC,2024-12-31,340708460
1798562,TMC,2025-12-31,422966333
1526520,TRIP,2010-12-31,0
1526520,TRIP,2011-09-30,1000
1526520,TRIP,2011-12-31,120661808
1526520,TRIP,2012-03-31,121395744
1526520,TRIP,2012-12-31,130060138
1526520,TRIP,2013-12-31,129417089
1526520,TRIP,2014-03-31,129851304
1526520,TRIP,2014-06-30,129970644
1526520,TRIP,2014-09-30,130112967
1526520,TRIP,2014-12-31,130121292
1526520,TRIP,2015-03-31,130704192
1526520,TRIP,2015-06-30,131278178
1526520,TRIP,2015-09-30,131368128
1526520,TRIP,2015-12-31,132443111
1526520,TRIP,2016-03-31,132878188
1526520,TRIP,2016-06-30,132829000
1526520,TRIP,2016-09-30,132822184
1526520,TRIP,2016-12-31,131310980
1526520,TRIP,2017-03-31,128393005
1526520,TRIP,2017-06-30,125935508
1526520,TRIP,2017-09-30,126036505
1526520,TRIP,2017-12-31,126142773
1526520,TRIP,2018-03-31,126669732
1526520,TRIP,2018-06-30,124721344
1526520,TRIP,2018-09-30,124813195
1526520,TRIP,2018-12-31,125101322
1526520,TRIP,2019-03-31,126199942
1526520,TRIP,2019-06-30,126468470
1526520,TRIP,2019-09-30,126559160
1526520,TRIP,2019-12-31,124581773
1526520,TRIP,2020-03-31,121285697
1526520,TRIP,2020-06-30,121567637
1526520,TRIP,2020-09-30,121671205
1526520,TRIP,2020-12-31,121930607
1526520,TRIP,2021-03-31,124070237
1526520,TRIP,2021-06-30,124573393
1526520,TRIP,2021-09-30,125333035
1526520,TRIP,2021-12-31,125812035
1526520,TRIP,2022-03-31,126792086
1526520,TRIP,2022-06-30,127003107
1526520,TRIP,2022-09-30,127746773
1526520,TRIP,2022-12-31,128046924
1526520,TRIP,2023-03-31,129246219
1526520,TRIP,2023-06-30,125073302
1526520,TRIP,2023-09-30,125611858
1526520,TRIP,2023-12-31,124881494
1526520,TRIP,2024-03-31,126343634
1526520,TRIP,2024-06-30,125767176
1526520,TRIP,2024-09-30,126415455
1526520,TRIP,2024-12-31,127394786
1526520,TRIP,2025-03-31,129006678
1526520,TRIP,2025-06-30,116050247
1526520,TRIP,2025-09-30,116802970
1526520,TRIP,2025-12-31,114472043
1526520,TRIP,2026-03-31,116294499
1526520,TRIP,2026-06-30,117108481
912615,URBN,2009-07-31,168200288
912615,URBN,2009-10-31,168397488
912615,URBN,2010-01-31,168558371
912615,URBN,2010-04-30,169376345
912615,URBN,2010-07-31,168100495
912615,URBN,2010-10-31,163914628
912615,URBN,2011-01-31,164413427
912615,URBN,2011-04-30,159667925
912615,URBN,2011-07-31,157524395
912615,URBN,2011-10-31,144201664
912615,URBN,2012-01-31,144633007
912615,URBN,2012-04-30,144808807
912615,URBN,2012-07-31,144869307
912615,URBN,2012-10-31,145869067
912615,URBN,2013-01-31,146015767
912615,URBN,2013-04-30,146813217
912615,URBN,2013-07-31,147318292
912615,URBN,2013-10-31,147277047
912615,URBN,2014-01-31,147309575
912615,URBN,2014-04-30,137651372
912615,URBN,2014-07-31,134057393
912615,URBN,2014-10-31,134268445
912615,URBN,2015-01-31,130502864
912615,URBN,2015-04-30,131543388
912615,URBN,2015-07-31,125126008
912615,URBN,2015-10-31,121545740
912615,URBN,2016-01-31,117321120
912615,URBN,2016-04-30,117116520
912615,URBN,2016-07-31,117136520
912615,URBN,2016-10-31,116233584
912615,URBN,2017-01-31,116233781
912615,URBN,2017-04-30,116290358
912615,URBN,2017-07-31,111280653
912615,URBN,2017-10-31,108248471
912615,URBN,2018-01-31,108248568
912615,URBN,2018-04-30,108670688
912615,URBN,2018-07-31,108951308
912615,URBN,2018-10-31,107638846
912615,URBN,2019-01-31,105642283
912615,URBN,2019-04-30,103599364
912615,URBN,2019-07-31,97965012
912615,URBN,2019-10-31,97975343
912615,URBN,2020-01-31,97976815
912615,URBN,2020-04-30,97777322
912615,URBN,2020-07-31,97779586
912615,URBN,2020-10-31,97786381
912615,URBN,2021-01-31,97815985
912615,URBN,2021-04-30,98235127
912615,URBN,2021-07-31,98357090
912615,URBN,2021-10-31,97863862
912615,URBN,2022-01-31,96431044
912615,URBN,2022-04-30,94434621
912615,URBN,2022-07-31,92173342
912615,URBN,2022-10-31,92174487
912615,URBN,2023-01-31,92180709
912615,URBN,2023-04-30,92677835
912615,URBN,2023-07-31,92773249
912615,URBN,2023-10-31,92784344
912615,URBN,2024-01-31,92787522
912615,URBN,2024-04-30,93379211
912615,URBN,2024-07-31,92260283
912615,URBN,2024-10-31,92275849
912615,URBN,2025-01-31,92281748
912615,URBN,2025-04-30,89614734
912615,URBN,2025-07-31,89696293
912615,URBN,2025-10-31,89712460
912615,URBN,2026-01-31,89698222
912615,URBN,2026-04-30,85601280
912615,URBN,2026-07-31,85650390
103379,VFC,2008-06-28,108790793
103379,VFC,2008-09-27,109827052
103379,VFC,2009-01-03,109847563
103379,VFC,2009-04-04,110276129
103379,VFC,2009-07-04,110350276
103379,VFC,2009-10-03,110813811
103379,VFC,2010-01-02,110285132
103379,VFC,2010-04-03,109980912
103379,VFC,2010-07-03,107897386
103379,VFC,2010-10-02,108144163
103379,VFC,2011-01-01,107938105
103379,VFC,2011-04-02,109013967
103379,VFC,2011-06-30,109597701
103379,VFC,2011-07-02,109597701
103379,VFC,2011-10-01,110081241
103379,VFC,2011-12-31,110556981
103379,VFC,2012-03-31,109296385
103379,VFC,2012-06-30,109438153
103379,VFC,2012-09-29,109937451
103379,VFC,2012-12-29,440818936
103379,VFC,2013-03-30,437029768
103379,VFC,2013-06-29,438838624
103379,VFC,2013-09-28,439220044
103379,VFC,2013-12-28,440310370
103379,VFC,2014-03-29,433166874
103379,VFC,2014-06-28,430890659
103379,VFC,2014-09-27,431649948
103379,VFC,2015-01-03,432859891
103379,VFC,2015-04-04,424964672
103379,VFC,2015-07-04,425240838
103379,VFC,2015-10-03,426250097
103379,VFC,2016-01-02,426614274
103379,VFC,2016-04-02,417005209
103379,VFC,2016-07-02,415352893
103379,VFC,2016-10-01,413682259
103379,VFC,2016-12-31,414012954
103379,VFC,2017-04-01,406964289
103379,VFC,2017-07-01,393308684
103379,VFC,2017-09-30,394502698
103379,VFC,2017-12-30,395821781
103379,VFC,2018-03-31,394313070
103379,VFC,2018-06-30,395509138
103379,VFC,2018-09-29,397161808
103379,VFC,2018-12-29,395472173
103379,VFC,2019-03-30,396824662
103379,VFC,2019-06-29,397922120
103379,VFC,2019-09-28,398865790
103379,VFC,2019-12-28,394528067
103379,VFC,2020-03-28,388812158
103379,VFC,2020-06-27,389641245
103379,VFC,2020-09-26,389964718
103379,VFC,2020-12-26,390985837
103379,VFC,2021-04-03,391941477
103379,VFC,2021-07-03,392621561
103379,VFC,2021-10-02,392758016
103379,VFC,2022-01-01,388885032
103379,VFC,2022-04-02,388298375
103379,VFC,2022-07-02,388490713
103379,VFC,2022-10-01,388569062
103379,VFC,2022-12-31,388660385
103379,VFC,2023-04-01,388665531
103379,VFC,2023-07-01,388836545
103379,VFC,2023-09-30,388883825
103379,VFC,2023-12-30,388819204
103379,VFC,2024-03-30,388836219
103379,VFC,2024-06-29,389181642
103379,VFC,2024-09-28,389283419
103379,VFC,2024-12-28,389541568
103379,VFC,2025-03-29,389695199
103379,VFC,2025-06-28,390555382
103379,VFC,2025-09-27,390712620
103379,VFC,2025-12-27,391080149
103379,VFC,2026-03-28,391515399
912093,VIAV,2010-07-03,221000000
912093,VIAV,2010-10-02,222594669
912093,VIAV,2011-01-01,223000000
912093,VIAV,2011-04-02,227000000
912093,VIAV,2011-07-02,228000000
912093,VIAV,2011-10-01,229000000
912093,VIAV,2011-12-31,230000000
912093,VIAV,2012-03-31,231000000
912093,VIAV,2012-06-30,232000000
912093,VIAV,2012-09-29,234000000
912093,VIAV,2012-12-29,234000000
912093,VIAV,2013-03-30,237000000
912093,VIAV,2013-06-29,237000000
912093,VIAV,2013-09-28,233000000
912093,VIAV,2013-12-28,233000000
912093,VIAV,2014-03-29,235000000
912093,VIAV,2014-06-28,230000000
912093,VIAV,2014-09-27,232000000
912093,VIAV,2014-12-27,233000000
912093,VIAV,2015-03-28,234000000
912093,VIAV,2015-06-27,235000000
912093,VIAV,2015-10-03,237000000
912093,VIAV,2016-01-02,233000000
912093,VIAV,2016-04-02,232000000
912093,VIAV,2016-07-02,232000000
912093,VIAV,2016-10-01,231000000
912093,VIAV,2016-12-31,231000000
912093,VIAV,2017-04-01,227000000
912093,VIAV,2017-07-01,228000000
912093,VIAV,2017-09-30,228000000
912093,VIAV,2017-12-30,227000000
912093,VIAV,2018-03-31,226000000
912093,VIAV,2018-06-30,227000000
912093,VIAV,2018-09-29,228000000
912093,VIAV,2018-12-29,228000000
912093,VIAV,2019-03-30,229000000
912093,VIAV,2019-06-29,229000000
912093,VIAV,2019-09-28,230000000
912093,VIAV,2019-12-28,230000000
912093,VIAV,2020-03-28,228000000
912093,VIAV,2020-06-27,228000000
912093,VIAV,2020-10-03,229000000
912093,VIAV,2021-01-02,229000000
912093,VIAV,2021-04-03,229000000
912093,VIAV,2021-07-03,228000000
912093,VIAV,2021-10-02,240000000
912093,VIAV,2022-01-01,233000000
912093,VIAV,2022-04-02,228000000
912093,VIAV,2022-07-02,226000000
912093,VIAV,2022-10-01,227000000
912093,VIAV,2022-12-31,225000000
912093,VIAV,2023-04-01,222000000
912093,VIAV,2023-07-01,222000000
912093,VIAV,2023-09-30,222000000
912093,VIAV,2023-12-30,223000000
912093,VIAV,2024-03-30,223000000
912093,VIAV,2024-06-29,222000000
912093,VIAV,2024-09-28,222000000
912093,VIAV,2024-12-28,222000000
912093,VIAV,2025-03-29,223000000
912093,VIAV,2025-06-28,223000000
912093,VIAV,2025-09-27,223000000
912093,VIAV,2025-12-27,231000000
912093,VIAV,2026-03-28,234000000
912093,VIAV,2026-06-27,247000000
899689,VNO,2008-12-31,155285903
899689,VNO,2009-09-30,179523984
899689,VNO,2009-12-31,181214161
899689,VNO,2010-03-31,181913554
899689,VNO,2010-09-30,182670995
899689,VNO,2010-12-31,183661875
899689,VNO,2011-03-31,184239623
899689,VNO,2011-06-30,184427825
899689,VNO,2011-09-30,184496038
899689,VNO,2011-12-31,185080020
899689,VNO,2012-03-31,185642051
899689,VNO,2012-06-30,185814787
899689,VNO,2012-09-30,186143105
899689,VNO,2012-12-31,186734711
899689,VNO,2013-03-31,186935027
899689,VNO,2013-06-30,186991076
899689,VNO,2013-09-30,187048110
899689,VNO,2013-12-31,187284688
899689,VNO,2014-03-31,187411596
899689,VNO,2014-06-30,187664768
899689,VNO,2014-09-30,187735229
899689,VNO,2014-12-31,187887498
899689,VNO,2015-03-31,188272702
899689,VNO,2015-06-30,188496525
899689,VNO,2015-09-30,188540876
899689,VNO,2015-12-31,188576853
899689,VNO,2016-03-31,188771002
899689,VNO,2016-06-30,188825520
899689,VNO,2016-09-30,188994234
899689,VNO,2016-12-31,189100876
899689,VNO,2017-03-31,189343482
899689,VNO,2017-06-30,189465023
899689,VNO,2017-09-30,189877859
899689,VNO,2017-12-31,189983858
899689,VNO,2018-03-31,190169168
899689,VNO,2018-06-30,190237957
899689,VNO,2018-09-30,190285799
899689,VNO,2018-12-31,190535499
899689,VNO,2019-03-31,190761498
899689,VNO,2019-06-30,190813470
899689,VNO,2019-09-30,190850321
899689,VNO,2019-12-31,190985677
899689,VNO,2020-03-31,191115726
899689,VNO,2020-06-30,191151142
899689,VNO,2020-09-30,191260981
899689,VNO,2020-12-31,191354679
899689,VNO,2021-03-31,191464658
899689,VNO,2021-06-30,191560756
899689,VNO,2021-09-30,191680984
899689,VNO,2021-12-31,191723608
899689,VNO,2022-03-31,191743490
899689,VNO,2022-06-30,191775059
899689,VNO,2022-09-30,191816684
899689,VNO,2022-12-31,191866880
899689,VNO,2023-03-31,191880615
899689,VNO,2023-06-30,190543866
899689,VNO,2023-09-30,190321756
899689,VNO,2023-12-31,190390703
899689,VNO,2024-03-31,190483416
899689,VNO,2024-06-30,190505371
899689,VNO,2024-09-30,190649061
899689,VNO,2024-12-31,190846580
899689,VNO,2025-03-31,191949153
899689,VNO,2025-06-30,192040522
899689,VNO,2025-09-30,192054832
899689,VNO,2025-12-31,190666367
899689,VNO,2026-03-31,188097756
899689,VNO,2026-06-30,186720531
1786842,VNT,2019-12-31,1000
1786842,VNT,2020-09-25,1000
1786842,VNT,2020-12-31,168497098
1786842,VNT,2021-04-02,168762403
1786842,VNT,2021-07-02,168906097
1786842,VNT,2021-10-01,169046880
1786842,VNT,2021-12-31,169200000
1786842,VNT,2022-04-01,161002143
1786842,VNT,2022-07-01,158673975
1786842,VNT,2022-09-30,157993435
1786842,VNT,2022-12-31,156000000
1786842,VNT,2023-03-31,155600000
1786842,VNT,2023-06-30,154600000
1786842,VNT,2023-09-29,154400000
1786842,VNT,2023-12-31,154300000
1786842,VNT,2024-03-29,154600000
1786842,VNT,2024-06-28,153800000
1786842,VNT,2024-09-27,150800000
1786842,VNT,2024-12-31,149300000
1786842,VNT,2025-03-28,148300000
1786842,VNT,2025-06-27,147000000
1786842,VNT,2025-09-26,145500000
1786842,VNT,2025-12-31,142200000
1786842,VNT,2026-04-03,140900000
1786842,VNT,2026-07-03,136500000
883237,VRTS,2010-12-31,6251821
883237,VRTS,2011-06-30,6210251
883237,VRTS,2011-09-30,6171584
883237,VRTS,2011-12-31,6188295
883237,VRTS,2012-03-31,7604105
883237,VRTS,2012-06-30,7829564
883237,VRTS,2012-09-30,7837412
883237,VRTS,2012-12-31,7826674
883237,VRTS,2013-03-31,7820139
883237,VRTS,2013-06-30,7820833
883237,VRTS,2013-09-30,9100798
883237,VRTS,2013-12-31,9105521
883237,VRTS,2014-03-31,9163140
883237,VRTS,2014-06-30,9119000
883237,VRTS,2014-09-30,9059378
883237,VRTS,2014-12-31,8975833
883237,VRTS,2015-03-31,8911866
883237,VRTS,2015-06-30,8818629
883237,VRTS,2015-09-30,8667666
883237,VRTS,2015-12-31,8398944
883237,VRTS,2016-03-31,8259831
883237,VRTS,2016-06-30,7718063
883237,VRTS,2016-09-30,7609753
883237,VRTS,2016-12-31,5889013
883237,VRTS,2017-03-31,6989144
883237,VRTS,2017-06-30,7217908
883237,VRTS,2017-09-30,7158015
883237,VRTS,2017-12-31,7159645
883237,VRTS,2018-03-31,7217443
883237,VRTS,2018-06-30,7166139
883237,VRTS,2018-09-30,7146602
883237,VRTS,2018-12-31,6997382
883237,VRTS,2019-03-31,6978925
883237,VRTS,2019-06-30,6944892
883237,VRTS,2019-09-30,6877596
883237,VRTS,2019-12-31,6809280
883237,VRTS,2020-03-31,7695413
883237,VRTS,2020-06-30,7664272
883237,VRTS,2020-09-30,7613154
883237,VRTS,2020-12-31,7583466
883237,VRTS,2021-03-31,7649679
883237,VRTS,2021-06-30,7651606
883237,VRTS,2021-09-30,7587757
883237,VRTS,2021-12-31,7506151
883237,VRTS,2022-03-31,7472829
883237,VRTS,2022-06-30,7275337
883237,VRTS,2022-09-30,7231973
883237,VRTS,2022-12-31,7181554
883237,VRTS,2023-03-31,7288394
883237,VRTS,2023-06-30,7254786
883237,VRTS,2023-09-30,7182763
883237,VRTS,2023-12-31,7087728
883237,VRTS,2024-03-31,7127881
883237,VRTS,2024-06-30,7082071
883237,VRTS,2024-09-30,7016433
883237,VRTS,2024-12-31,6967147
883237,VRTS,2025-03-31,6911016
883237,VRTS,2025-06-30,6748088
883237,VRTS,2025-09-30,6753444
883237,VRTS,2025-12-31,6695181
883237,VRTS,2026-03-31,6682055
883237,VRTS,2026-06-30,6622622
30697,WEN,2016-01-03,272315000
30697,WEN,2017-01-01,246574000
30697,WEN,2017-04-02,246202000
30697,WEN,2017-07-02,244313000
30697,WEN,2017-10-01,242565000
30697,WEN,2017-12-31,240512000
30697,WEN,2018-04-01,240199000
30697,WEN,2018-07-01,238083000
30697,WEN,2018-09-30,238318000
30697,WEN,2018-12-30,231233000
30697,WEN,2019-03-31,230944000
30697,WEN,2019-06-30,231092000
30697,WEN,2019-09-29,230371000
30697,WEN,2019-12-29,224889000
30697,WEN,2020-03-29,222571000
30697,WEN,2020-06-28,223749000
30697,WEN,2020-09-27,224081000
30697,WEN,2021-01-03,224268000
30697,WEN,2021-04-04,221784000
30697,WEN,2021-07-04,222960000
30697,WEN,2021-10-03,221301000
30697,WEN,2022-01-02,215849000
30697,WEN,2022-04-03,215375000
30697,WEN,2022-07-03,212781000
30697,WEN,2022-10-02,212945000
30697,WEN,2023-01-01,213101000
30697,WEN,2023-04-02,211701000
30697,WEN,2023-07-02,209969000
30697,WEN,2023-10-01,207468000
30697,WEN,2023-12-31,205397000
30697,WEN,2024-03-31,205325000
30697,WEN,2024-06-30,204149000
30697,WEN,2024-09-29,203089000
30697,WEN,2024-12-29,203834000
30697,WEN,2025-03-30,195846000
30697,WEN,2025-06-29,191345000
30697,WEN,2025-09-28,190311000
30697,WEN,2025-12-28,190324000
30697,WEN,2026-03-29,190450000
30697,WEN,2026-06-28,190639000
106640,WHR,2009-12-31,75000000
106640,WHR,2010-06-30,76000000
106640,WHR,2010-09-30,76000000
106640,WHR,2010-12-31,76000000
106640,WHR,2011-03-31,76000000
106640,WHR,2011-06-30,76000000
106640,WHR,2011-09-30,76000000
106640,WHR,2011-12-31,76000000
106640,WHR,2012-03-31,77000000
106640,WHR,2012-06-30,77000000
106640,WHR,2012-09-30,78000000
106640,WHR,2012-12-31,79000000
106640,WHR,2013-03-31,79000000
106640,WHR,2013-06-30,79000000
106640,WHR,2013-09-30,79000000
106640,WHR,2013-12-31,77000000
106640,WHR,2014-03-31,77000000
106640,WHR,2014-06-30,78000000
106640,WHR,2014-09-30,78000000
106640,WHR,2014-12-31,78000000
106640,WHR,2015-03-31,78000000
106640,WHR,2015-06-30,78000000
106640,WHR,2015-09-30,78000000
106640,WHR,2015-12-31,77000000
106640,WHR,2016-03-31,76000000
106640,WHR,2016-06-30,75000000
106640,WHR,2016-09-30,75000000
106640,WHR,2016-12-31,74000000
106640,WHR,2017-03-31,74000000
106640,WHR,2017-06-30,73000000
106640,WHR,2017-09-30,72000000
106640,WHR,2017-12-31,71000000
106640,WHR,2018-03-31,71000000
106640,WHR,2018-06-30,65000000
106640,WHR,2018-09-30,64000000
106640,WHR,2018-12-31,64000000
106640,WHR,2019-03-31,63000000
106640,WHR,2019-06-30,63000000
106640,WHR,2019-09-30,63000000
106640,WHR,2019-12-31,63000000
106640,WHR,2020-03-31,62000000
106640,WHR,2020-06-30,62000000
106640,WHR,2020-09-30,62000000
106640,WHR,2020-12-31,63000000
106640,WHR,2021-03-31,63000000
106640,WHR,2021-06-30,63000000
106640,WHR,2021-09-30,61000000
106640,WHR,2021-12-31,59000000
106640,WHR,2022-03-31,57000000
106640,WHR,2022-06-30,55000000
106640,WHR,2022-09-30,54000000
106640,WHR,2022-12-31,54000000
106640,WHR,2023-03-31,55000000
106640,WHR,2023-06-30,55000000
106640,WHR,2023-09-30,55000000
106640,WHR,2023-12-31,55000000
106640,WHR,2024-03-31,55000000
106640,WHR,2024-06-30,55000000
106640,WHR,2024-09-30,55000000
106640,WHR,2024-12-31,55000000
106640,WHR,2025-03-31,55000000
106640,WHR,2025-06-30,55000000
106640,WHR,2025-09-30,56000000
106640,WHR,2025-12-31,56000000
106640,WHR,2026-03-31,65000000
106640,WHR,2026-06-30,65000000
108516,WOR,2009-08-31,79074000
108516,WOR,2009-11-30,79105000
108516,WOR,2010-02-28,79175000
108516,WOR,2010-05-31,79217421
108516,WOR,2010-08-31,74494000
108516,WOR,2010-11-30,74108000
108516,WOR,2011-02-28,74195000
108516,WOR,2011-05-31,71683876
108516,WOR,2011-08-31,70042000
108516,WOR,2011-11-30,68937000
108516,WOR,2012-02-29,69014000
108516,WOR,2012-05-31,67906369
108516,WOR,2012-08-31,68679000
108516,WOR,2012-11-30,69060000
108516,WOR,2013-02-28,70168000
108516,WOR,2013-05-31,69752411
108516,WOR,2014-05-31,67408484
108516,WOR,2015-05-31,64141478
108516,WOR,2016-05-31,61533668
108516,WOR,2017-05-31,62802456
108516,WOR,2018-05-31,58876921
108516,WOR,2018-11-30,56957000
108516,WOR,2019-02-28,56181000
108516,WOR,2019-05-31,55467525
108516,WOR,2019-08-31,54871000
108516,WOR,2019-11-30,55094000
108516,WOR,2020-02-29,54598000
108516,WOR,2020-05-31,54616485
108516,WOR,2020-08-31,53362000
108516,WOR,2020-11-30,52754000
108516,WOR,2021-02-28,51813000
108516,WOR,2021-05-31,51330347
108516,WOR,2021-08-31,50438000
108516,WOR,2021-11-30,50334000
108516,WOR,2022-02-28,49364000
108516,WOR,2022-05-31,48380112
108516,WOR,2022-08-31,48526000
108516,WOR,2022-11-30,48572000
108516,WOR,2023-02-28,48619000
108516,WOR,2023-05-31,48659323
108516,WOR,2023-08-31,48951000
108516,WOR,2023-11-30,49287000
108516,WOR,2024-05-31,49512937
108516,WOR,2025-05-31,49236449
108516,WOR,2026-05-31,48684701
1365135,WU,2008-12-31,709600000
1365135,WU,2009-03-31,701200000
1365135,WU,2009-06-30,701400000
1365135,WU,2009-09-30,694900000
1365135,WU,2009-12-31,686500000
1365135,WU,2010-03-31,674700000
1365135,WU,2010-06-30,661600000
1365135,WU,2010-09-30,656200000
1365135,WU,2010-12-31,654000000
1365135,WU,2011-03-31,633200000
1365135,WU,2011-06-30,627500000
1365135,WU,2011-09-30,619100000
1365135,WU,2011-12-31,619400000
1365135,WU,2012-03-31,613900000
1365135,WU,2012-06-30,604500000
1365135,WU,2012-09-30,598600000
1365135,WU,2012-12-31,572100000
1365135,WU,2013-03-31,559400000
1365135,WU,2013-06-30,551800000
1365135,WU,2013-09-30,551800000
1365135,WU,2013-12-31,548800000
1365135,WU,2014-03-31,538900000
1365135,WU,2014-06-30,530300000
1365135,WU,2014-09-30,523600000
1365135,WU,2014-12-31,521500000
1365135,WU,2015-03-31,517000000
1365135,WU,2015-06-30,512100000
1365135,WU,2015-09-30,506000000
1365135,WU,2015-12-31,502400000
1365135,WU,2016-03-31,491700000
1365135,WU,2016-06-30,488000000
1365135,WU,2016-09-30,485200000
1365135,WU,2016-12-31,481500000
1365135,WU,2017-03-31,472000000
1365135,WU,2017-06-30,464300000
1365135,WU,2017-09-30,459300000
1365135,WU,2017-12-31,459000000
1365135,WU,2018-03-31,460600000
1365135,WU,2018-06-30,448700000
1365135,WU,2018-09-30,443700000
1365135,WU,2018-12-31,441200000
1365135,WU,2019-03-31,432900000
1365135,WU,2019-06-30,425900000
1365135,WU,2019-09-30,419900000
1365135,WU,2019-12-31,418000000
1365135,WU,2020-03-31,410900000
1365135,WU,2020-06-30,411000000
1365135,WU,2020-09-30,411000000
1365135,WU,2020-12-31,411200000
1365135,WU,2021-03-31,409800000
1365135,WU,2021-06-30,407000000
1365135,WU,2021-09-30,403600000
1365135,WU,2021-12-31,393800000
1365135,WU,2022-03-31,387100000
1365135,WU,2022-06-30,386100000
1365135,WU,2022-09-30,385900000
1365135,WU,2022-12-31,373500000
1365135,WU,2023-03-31,374400000
1365135,WU,2023-06-30,374500000
1365135,WU,2023-09-30,366800000
1365135,WU,2023-12-31,350500000
1365135,WU,2024-03-31,339600000
1365135,WU,2024-06-30,337800000
1365135,WU,2024-09-30,337800000
1365135,WU,2024-12-31,337900000
1365135,WU,2025-03-31,332100000
1365135,WU,2025-06-30,324300000
1365135,WU,2025-09-30,318500000
1365135,WU,2025-12-31,315700000
1365135,WU,2026-03-31,312700000
1365135,WU,2026-06-30,311800000
818479,XRAY,2007-12-31,150822000
818479,XRAY,2008-12-31,148528000
818479,XRAY,2009-12-31,146961000
818479,XRAY,2010-12-31,141735000
818479,XRAY,2011-12-31,141632000
818479,XRAY,2012-12-31,142322000
818479,XRAY,2013-12-31,142241000
818479,XRAY,2014-12-31,140900000
818479,XRAY,2015-12-31,140100000
818479,XRAY,2016-02-29,242200000
818479,XRAY,2016-03-31,234200000
818479,XRAY,2016-06-30,233000000
818479,XRAY,2016-09-30,231600000
818479,XRAY,2016-12-31,230100000
818479,XRAY,2017-03-31,229900000
818479,XRAY,2017-06-30,229300000
818479,XRAY,2017-09-30,229600000
818479,XRAY,2017-12-31,226800000
818479,XRAY,2018-03-31,227400000
818479,XRAY,2018-06-30,222200000
818479,XRAY,2018-09-30,222500000
818479,XRAY,2018-12-31,223000000
818479,XRAY,2019-03-31,223800000
818479,XRAY,2019-06-30,224100000
818479,XRAY,2019-09-30,222300000
818479,XRAY,2019-12-31,221300000
818479,XRAY,2020-03-31,219100000
818479,XRAY,2020-06-30,218400000
818479,XRAY,2020-09-30,218500000
818479,XRAY,2020-12-31,218700000
818479,XRAY,2021-03-31,218200000
818479,XRAY,2021-06-30,218500000
818479,XRAY,2021-09-30,218600000
818479,XRAY,2021-12-31,217400000
818479,XRAY,2022-03-31,215500000
818479,XRAY,2022-06-30,214800000
818479,XRAY,2022-09-30,214900000
818479,XRAY,2022-12-31,215200000
818479,XRAY,2023-03-31,212500000
818479,XRAY,2023-06-30,211700000
818479,XRAY,2023-09-30,211800000
818479,XRAY,2023-12-31,207200000
818479,XRAY,2024-03-31,207600000
818479,XRAY,2024-06-30,202600000
818479,XRAY,2024-09-30,198800000
818479,XRAY,2024-12-31,198800000
818479,XRAY,2025-03-31,199300000
818479,XRAY,2025-06-30,199300000
818479,XRAY,2025-09-30,199500000
818479,XRAY,2025-12-31,199600000
818479,XRAY,2026-03-31,200300000
818479,XRAY,2026-06-30,199200000
1770450,XRX,2018-12-31,229623000
1770450,XRX,2019-09-30,218963000
1770450,XRX,2019-12-31,212590000
1770450,XRX,2020-03-31,212831000
1770450,XRX,2020-06-30,213014000
1770450,XRX,2020-09-30,205957000
1770450,XRX,2020-12-31,198386000
1770450,XRX,2021-03-31,191947000
1770450,XRX,2021-06-30,182176000
1770450,XRX,2021-09-30,178486000
1770450,XRX,2021-12-31,159394000
1770450,XRX,2022-03-31,154850000
1770450,XRX,2022-06-30,154966000
1770450,XRX,2022-09-30,155570000
1770450,XRX,2022-12-31,155781000
1770450,XRX,2023-03-31,156958000
1770450,XRX,2023-06-30,157105000
1770450,XRX,2023-09-30,122906000
1770450,XRX,2023-12-31,123144000
1770450,XRX,2024-03-31,124185000
1770450,XRX,2024-06-30,124319000
1770450,XRX,2024-09-30,124363000
1770450,XRX,2024-12-31,124435000
1770450,XRX,2025-03-31,125780000
1770450,XRX,2025-06-30,125806000
1770450,XRX,2025-09-30,128018000
1770450,XRX,2025-12-31,128044000
1770450,XRX,2026-03-31,130776000
1770450,XRX,2026-06-30,131243000
109380,ZION,2009-06-30,125095328
109380,ZION,2009-09-30,136398089
109380,ZION,2009-12-31,150425070
109380,ZION,2010-03-31,160300162
109380,ZION,2010-06-30,173331281
109380,ZION,2010-09-30,177202340
109380,ZION,2010-12-31,182784086
109380,ZION,2011-03-31,183854486
109380,ZION,2011-06-30,184311290
109380,ZION,2011-09-30,184294782
109380,ZION,2011-12-31,184135388
109380,ZION,2012-03-31,184228178
109380,ZION,2012-06-30,184117522
109380,ZION,2012-09-30,184156402
109380,ZION,2012-12-31,184199198
109380,ZION,2013-03-31,184246471
109380,ZION,2013-06-30,184436656
109380,ZION,2013-09-30,184600005
109380,ZION,2013-12-31,184677696
109380,ZION,2014-03-31,184895182
109380,ZION,2014-06-30,185112965
109380,ZION,2014-09-30,202898491
109380,ZION,2014-12-31,203014903
109380,ZION,2015-03-31,203192991
109380,ZION,2015-06-30,203192991
109380,ZION,2015-09-30,204278594
109380,ZION,2015-12-31,204417093
109380,ZION,2016-03-31,204543707
109380,ZION,2016-06-30,205103566
109380,ZION,2016-09-30,203850072
109380,ZION,2016-12-31,203085000
109380,ZION,2017-03-31,202595000
109380,ZION,2017-06-30,202131000
109380,ZION,2017-09-30,199712000
109380,ZION,2017-12-31,197532000
109380,ZION,2018-03-31,197050000
109380,ZION,2018-06-30,195392000
109380,ZION,2018-09-30,192169000
109380,ZION,2018-12-31,187554000
109380,ZION,2019-03-31,182513000
109380,ZION,2019-06-30,176935000
109380,ZION,2019-09-30,187554000
109380,ZION,2019-12-31,165057000
109380,ZION,2020-03-31,163852000
109380,ZION,2020-06-30,163978000
109380,ZION,2020-09-30,164009000
109380,ZION,2020-12-31,164090000
109380,ZION,2021-03-31,163800000
109380,ZION,2021-06-30,162248000
109380,ZION,2021-09-30,156530000
109380,ZION,2021-12-31,151625000
109380,ZION,2022-03-31,151348000
109380,ZION,2022-06-30,150471000
109380,ZION,2022-09-30,149611000
109380,ZION,2022-12-31,148664000
109380,ZION,2023-03-31,148100000
109380,ZION,2023-06-30,148144000
109380,ZION,2023-09-30,148146000
109380,ZION,2023-12-31,148153000
109380,ZION,2024-03-31,147653000
109380,ZION,2024-06-30,147684000
109380,ZION,2024-09-30,147699000
109380,ZION,2024-12-31,147871000
109380,ZION,2025-03-31,147567000
109380,ZION,2025-06-30,147603000
109380,ZION,2025-09-30,147640000
109380,ZION,2025-12-31,147653000
109380,ZION,2026-03-31,147077000
109380,ZION,2026-06-30,145939000
