row_id,condition,cond_row_id,matrix,base_idx,param_j,eta,f_cl_i,f_cl_v,E_m_i,E_m_v,E_m_h,L_hat,i_mobile,v_mobile,gamma_s,E_b_v2,lambda,B_111,E_b_i2,E_b_hV_1,Z_i,Z_i_loop,E_a0_conv,dH2_conv,phi_max_junc,dH2_abs_conv
0,N2,0,A,0,-1,0.34799080811083904,0.18713280558586121,0.64467932032421227,0.35411620526831172,0.7313554385490334,0.064716537942105995,15.284174588861873,38,4,1.9224787643156673,0.31867636428431678,0.66648613507075782,0.46117736540919052,0.75481072385824155,2.0400484081079724,1.077523641679436,1.1348809508606792,1.5689671943589314,0.44343204841332345,0.42613284680992369,0.37421435536816716
1,N2,1,B,0,-1,0.3201368724450393,0.057776418514549732,0.62183329723775382,0.32639105083238029,0.62597704027119039,0.060924860814008476,27.29455946088396,51,2,2.0621917599963697,0.20735051755265252,0.64908465401457383,0.56973566630688532,0.97935731788382985,2.5272654110397883,1.0481399941723795,1.0653593102004379,1.6829094640775635,0.39230628145802543,0.25026876265183096,0.24790218938142061
2,N2,2,AB,0,0,0.3201368724450393,0.18713280558586121,0.64467932032421227,0.35411620526831172,0.7313554385490334,0.064716537942105995,15.284174588861873,38,4,1.9224787643156673,0.31867636428431678,0.66648613507075782,0.46117736540919052,0.75481072385824155,2.0400484081079724,1.077523641679436,1.1348809508606792,1.5689671943589314,0.44343204841332345,0.42613284680992369,0.37421435536816716
3,N2,3,AB,0,1,0.34799080811083904,0.057776418514549732,0.64467932032421227,0.35411620526831172,0.7313554385490334,0.064716537942105995,15.284174588861873,38,4,1.9224787643156673,0.31867636428431678,0.66648613507075782,0.46117736540919052,0.75481072385824155,2.0400484081079724,1.077523641679436,1.1348809508606792,1.5689671943589314,0.44343204841332345,0.42613284680992369,0.37421435536816716
4,N2,4,AB,0,2,0.34799080811083904,0.18713280558586121,0.62183329723775382,0.35411620526831172,0.7313554385490334,0.064716537942105995,15.284174588861873,38,4,1.9224787643156673,0.31867636428431678,0.66648613507075782,0.46117736540919052,0.75481072385824155,2.0400484081079724,1.077523641679436,1.1348809508606792,1.5689671943589314,0.44343204841332345,0.42613284680992369,0.37421435536816716
5,N2,5,AB,0,3,0.34799080811083904,0.18713280558586121,0.64467932032421227,0.32639105083238029,0.7313554385490334,0.064716537942105995,15.284174588861873,38,4,1.9224787643156673,0.31867636428431678,0.66648613507075782,0.46117736540919052,0.75481072385824155,2.0400484081079724,1.077523641679436,1.1348809508606792,1.5689671943589314,0.44343204841332345,0.42613284680992369,0.37421435536816716
6,N2,6,AB,0,4,0.34799080811083904,0.18713280558586121,0.64467932032421227,0.35411620526831172,0.62597704027119039,0.064716537942105995,15.284174588861873,38,4,1.9224787643156673,0.31867636428431678,0.66648613507075782,0.46117736540919052,0.75481072385824155,2.0400484081079724,1.077523641679436,1.1348809508606792,1.5689671943589314,0.44343204841332345,0.42613284680992369,0.37421435536816716
7,N2,7,AB,0,5,0.34799080811083904,0.18713280558586121,0.64467932032421227,0.35411620526831172,0.7313554385490334,0.060924860814008476,15.284174588861873,38,4,1.9224787643156673,0.31867636428431678,0.66648613507075782,0.46117736540919052,0.75481072385824155,2.0400484081079724,1.077523641679436,1.1348809508606792,1.5689671943589314,0.44343204841332345,0.42613284680992369,0.37421435536816716
8,N2,8,AB,0,6,0.34799080811083904,0.18713280558586121,0.64467932032421227,0.35411620526831172,0.7313554385490334,0.064716537942105995,27.29455946088396,38,4,1.9224787643156673,0.31867636428431678,0.66648613507075782,0.46117736540919052,0.75481072385824155,2.0400484081079724,1.077523641679436,1.1348809508606792,1.5689671943589314,0.44343204841332345,0.42613284680992369,0.37421435536816716
9,N2,9,AB,0,7,0.34799080811083904,0.18713280558586121,0.64467932032421227,0.35411620526831172,0.7313554385490334,0.064716537942105995,15.284174588861873,51,4,1.9224787643156673,0.31867636428431678,0.66648613507075782,0.46117736540919052,0.75481072385824155,2.0400484081079724,1.077523641679436,1.1348809508606792,1.5689671943589314,0.44343204841332345,0.42613284680992369,0.37421435536816716
10,N2,10,AB,0,8,0.34799080811083904,0.18713280558586121,0.64467932032421227,0.35411620526831172,0.7313554385490334,0.064716537942105995,15.284174588861873,38,2,1.9224787643156673,0.31867636428431678,0.66648613507075782,0.46117736540919052,0.75481072385824155,2.0400484081079724,1.077523641679436,1.1348809508606792,1.5689671943589314,0.44343204841332345,0.42613284680992369,0.37421435536816716
11,N2,11,AB,0,9,0.34799080811083904,0.18713280558586121,0.64467932032421227,0.35411620526831172,0.7313554385490334,0.064716537942105995,15.284174588861873,38,4,2.0621917599963697,0.31867636428431678,0.66648613507075782,0.46117736540919052,0.75481072385824155,2.0400484081079724,1.077523641679436,1.1348809508606792,1.5689671943589314,0.44343204841332345,0.42613284680992369,0.37421435536816716
12,N2,12,AB,0,10,0.34799080811083904,0.18713280558586121,0.64467932032421227,0.35411620526831172,0.7313554385490334,0.064716537942105995,15.284174588861873,38,4,1.9224787643156673,0.20735051755265252,0.66648613507075782,0.46117736540919052,0.75481072385824155,2.0400484081079724,1.077523641679436,1.1348809508606792,1.5689671943589314,0.44343204841332345,0.42613284680992369,0.37421435536816716
13,N2,13,AB,0,11,0.34799080811083904,0.18713280558586121,0.64467932032421227,0.35411620526831172,0.7313554385490334,0.064716537942105995,15.284174588861873,38,4,1.9224787643156673,0.31867636428431678,0.64908465401457383,0.46117736540919052,0.75481072385824155,2.0400484081079724,1.077523641679436,1.1348809508606792,1.5689671943589314,0.44343204841332345,0.42613284680992369,0.37421435536816716
14,N2,14,AB,0,12,0.34799080811083904,0.18713280558586121,0.64467932032421227,0.35411620526831172,0.7313554385490334,0.064716537942105995,15.284174588861873,38,4,1.9224787643156673,0.31867636428431678,0.66648613507075782,0.56973566630688532,0.75481072385824155,2.0400484081079724,1.077523641679436,1.1348809508606792,1.5689671943589314,0.44343204841332345,0.42613284680992369,0.37421435536816716
15,N2,15,AB,0,13,0.34799080811083904,0.18713280558586121,0.64467932032421227,0.35411620526831172,0.7313554385490334,0.064716537942105995,15.284174588861873,38,4,1.9224787643156673,0.31867636428431678,0.66648613507075782,0.46117736540919052,0.97935731788382985,2.0400484081079724,1.077523641679436,1.1348809508606792,1.5689671943589314,0.44343204841332345,0.42613284680992369,0.37421435536816716
16,N2,16,AB,0,14,0.34799080811083904,0.18713280558586121,0.64467932032421227,0.35411620526831172,0.7313554385490334,0.064716537942105995,15.284174588861873,38,4,1.9224787643156673,0.31867636428431678,0.66648613507075782,0.46117736540919052,0.75481072385824155,2.5272654110397883,1.077523641679436,1.1348809508606792,1.5689671943589314,0.44343204841332345,0.42613284680992369,0.37421435536816716
17,N2,17,AB,0,15,0.34799080811083904,0.18713280558586121,0.64467932032421227,0.35411620526831172,0.7313554385490334,0.064716537942105995,15.284174588861873,38,4,1.9224787643156673,0.31867636428431678,0.66648613507075782,0.46117736540919052,0.75481072385824155,2.0400484081079724,1.0481399941723795,1.1348809508606792,1.5689671943589314,0.44343204841332345,0.42613284680992369,0.37421435536816716
18,N2,18,AB,0,16,0.34799080811083904,0.18713280558586121,0.64467932032421227,0.35411620526831172,0.7313554385490334,0.064716537942105995,15.284174588861873,38,4,1.9224787643156673,0.31867636428431678,0.66648613507075782,0.46117736540919052,0.75481072385824155,2.0400484081079724,1.077523641679436,1.0653593102004379,1.5689671943589314,0.44343204841332345,0.42613284680992369,0.37421435536816716
19,N2,19,AB,0,17,0.34799080811083904,0.18713280558586121,0.64467932032421227,0.35411620526831172,0.7313554385490334,0.064716537942105995,15.284174588861873,38,4,1.9224787643156673,0.31867636428431678,0.66648613507075782,0.46117736540919052,0.75481072385824155,2.0400484081079724,1.077523641679436,1.1348809508606792,1.6829094640775635,0.44343204841332345,0.42613284680992369,0.37421435536816716
20,N2,20,AB,0,18,0.34799080811083904,0.18713280558586121,0.64467932032421227,0.35411620526831172,0.7313554385490334,0.064716537942105995,15.284174588861873,38,4,1.9224787643156673,0.31867636428431678,0.66648613507075782,0.46117736540919052,0.75481072385824155,2.0400484081079724,1.077523641679436,1.1348809508606792,1.5689671943589314,0.39230628145802543,0.42613284680992369,0.37421435536816716
21,N2,21,AB,0,19,0.34799080811083904,0.18713280558586121,0.64467932032421227,0.35411620526831172,0.7313554385490334,0.064716537942105995,15.284174588861873,38,4,1.9224787643156673,0.31867636428431678,0.66648613507075782,0.46117736540919052,0.75481072385824155,2.0400484081079724,1.077523641679436,1.1348809508606792,1.5689671943589314,0.44343204841332345,0.25026876265183096,0.37421435536816716
22,N2,22,AB,0,20,0.34799080811083904,0.18713280558586121,0.64467932032421227,0.35411620526831172,0.7313554385490334,0.064716537942105995,15.284174588861873,38,4,1.9224787643156673,0.31867636428431678,0.66648613507075782,0.46117736540919052,0.75481072385824155,2.0400484081079724,1.077523641679436,1.1348809508606792,1.5689671943589314,0.44343204841332345,0.42613284680992369,0.24790218938142061
23,N2,23,A,1,-1,0.28234222417011029,0.096984460391104227,0.25038017639890314,0.42169463906424598,0.51646093507024049,0.066965150143742672,3320.0823087473295,85,3,2.0506753515514387,0.20602021152086025,0.45697467812872145,0.37636278018971214,0.90511488299913923,2.3238469923652505,1.1336088729836047,1.2399448642507196,1.6096201682729228,0.36941210916459893,0.55820199651643632,0.28045278796926143
24,N2,24,B,1,-1,0.25945127353460073,0.15699421558529139,0.41853885427117343,0.63221742154672533,0.72544032907353695,0.067322922718446948,691.94522642803804,18,4,1.9122620141292803,0.25105779644344128,0.49580200516726519,0.3828306907117634,0.76532764124581565,2.052384034239322,1.1209436606615781,1.1929483180399985,1.6032233232549322,0.41228301324731503,0.61082436414435504,0.47395153529942036
25,N2,25,AB,1,0,0.25945127353460073,0.096984460391104227,0.25038017639890314,0.42169463906424598,0.51646093507024049,0.066965150143742672,3320.0823087473295,85,3,2.0506753515514387,0.20602021152086025,0.45697467812872145,0.37636278018971214,0.90511488299913923,2.3238469923652505,1.1336088729836047,1.2399448642507196,1.6096201682729228,0.36941210916459893,0.55820199651643632,0.28045278796926143
26,N2,26,AB,1,1,0.28234222417011029,0.15699421558529139,0.25038017639890314,0.42169463906424598,0.51646093507024049,0.066965150143742672,3320.0823087473295,85,3,2.0506753515514387,0.20602021152086025,0.45697467812872145,0.37636278018971214,0.90511488299913923,2.3238469923652505,1.1336088729836047,1.2399448642507196,1.6096201682729228,0.36941210916459893,0.55820199651643632,0.28045278796926143
27,N2,27,AB,1,2,0.28234222417011029,0.096984460391104227,0.41853885427117343,0.42169463906424598,0.51646093507024049,0.066965150143742672,3320.0823087473295,85,3,2.0506753515514387,0.20602021152086025,0.45697467812872145,0.37636278018971214,0.90511488299913923,2.3238469923652505,1.1336088729836047,1.2399448642507196,1.6096201682729228,0.36941210916459893,0.55820199651643632,0.28045278796926143
28,N2,28,AB,1,3,0.28234222417011029,0.096984460391104227,0.25038017639890314,0.63221742154672533,0.51646093507024049,0.066965150143742672,3320.0823087473295,85,3,2.0506753515514387,0.20602021152086025,0.45697467812872145,0.37636278018971214,0.90511488299913923,2.3238469923652505,1.1336088729836047,1.2399448642507196,1.6096201682729228,0.36941210916459893,0.55820199651643632,0.28045278796926143
29,N2,29,AB,1,4,0.28234222417011029,0.096984460391104227,0.25038017639890314,0.42169463906424598,0.72544032907353695,0.066965150143742672,3320.0823087473295,85,3,2.0506753515514387,0.20602021152086025,0.45697467812872145,0.37636278018971214,0.90511488299913923,2.3238469923652505,1.1336088729836047,1.2399448642507196,1.6096201682729228,0.36941210916459893,0.55820199651643632,0.28045278796926143
30,N2,30,AB,1,5,0.28234222417011029,0.096984460391104227,0.25038017639890314,0.42169463906424598,0.51646093507024049,0.067322922718446948,3320.0823087473295,85,3,2.0506753515514387,0.20602021152086025,0.45697467812872145,0.37636278018971214,0.90511488299913923,2.3238469923652505,1.1336088729836047,1.2399448642507196,1.6096201682729228,0.36941210916459893,0.55820199651643632,0.28045278796926143
31,N2,31,AB,1,6,0.28234222417011029,0.096984460391104227,0.25038017639890314,0.42169463906424598,0.51646093507024049,0.066965150143742672,691.94522642803804,85,3,2.0506753515514387,0.20602021152086025,0.45697467812872145,0.37636278018971214,0.90511488299913923,2.3238469923652505,1.1336088729836047,1.2399448642507196,1.6096201682729228,0.36941210916459893,0.55820199651643632,0.28045278796926143
32,N2,32,AB,1,7,0.28234222417011029,0.096984460391104227,0.25038017639890314,0.42169463906424598,0.51646093507024049,0.066965150143742672,3320.0823087473295,18,3,2.0506753515514387,0.20602021152086025,0.45697467812872145,0.37636278018971214,0.90511488299913923,2.3238469923652505,1.1336088729836047,1.2399448642507196,1.6096201682729228,0.36941210916459893,0.55820199651643632,0.28045278796926143
33,N2,33,AB,1,8,0.28234222417011029,0.096984460391104227,0.25038017639890314,0.42169463906424598,0.51646093507024049,0.066965150143742672,3320.0823087473295,85,4,2.0506753515514387,0.20602021152086025,0.45697467812872145,0.37636278018971214,0.90511488299913923,2.3238469923652505,1.1336088729836047,1.2399448642507196,1.6096201682729228,0.36941210916459893,0.55820199651643632,0.28045278796926143
34,N2,34,AB,1,9,0.28234222417011029,0.096984460391104227,0.25038017639890314,0.42169463906424598,0.51646093507024049,0.066965150143742672,3320.0823087473295,85,3,1.9122620141292803,0.20602021152086025,0.45697467812872145,0.37636278018971214,0.90511488299913923,2.3238469923652505,1.1336088729836047,1.2399448642507196,1.6096201682729228,0.36941210916459893,0.55820199651643632,0.28045278796926143
35,N2,35,AB,1,10,0.28234222417011029,0.096984460391104227,0.25038017639890314,0.42169463906424598,0.51646093507024049,0.066965150143742672,3320.0823087473295,85,3,2.0506753515514387,0.25105779644344128,0.45697467812872145,0.37636278018971214,0.90511488299913923,2.3238469923652505,1.1336088729836047,1.2399448642507196,1.6096201682729228,0.36941210916459893,0.55820199651643632,0.28045278796926143
36,N2,36,AB,1,11,0.28234222417011029,0.096984460391104227,0.25038017639890314,0.42169463906424598,0.51646093507024049,0.066965150143742672,3320.0823087473295,85,3,2.0506753515514387,0.20602021152086025,0.49580200516726519,0.37636278018971214,0.90511488299913923,2.3238469923652505,1.1336088729836047,1.2399448642507196,1.6096201682729228,0.36941210916459893,0.55820199651643632,0.28045278796926143
37,N2,37,AB,1,12,0.28234222417011029,0.096984460391104227,0.25038017639890314,0.42169463906424598,0.51646093507024049,0.066965150143742672,3320.0823087473295,85,3,2.0506753515514387,0.20602021152086025,0.45697467812872145,0.3828306907117634,0.90511488299913923,2.3238469923652505,1.1336088729836047,1.2399448642507196,1.6096201682729228,0.36941210916459893,0.55820199651643632,0.28045278796926143
38,N2,38,AB,1,13,0.28234222417011029,0.096984460391104227,0.25038017639890314,0.42169463906424598,0.51646093507024049,0.066965150143742672,3320.0823087473295,85,3,2.0506753515514387,0.20602021152086025,0.45697467812872145,0.37636278018971214,0.76532764124581565,2.3238469923652505,1.1336088729836047,1.2399448642507196,1.6096201682729228,0.36941210916459893,0.55820199651643632,0.28045278796926143
39,N2,39,AB,1,14,0.28234222417011029,0.096984460391104227,0.25038017639890314,0.42169463906424598,0.51646093507024049,0.066965150143742672,3320.0823087473295,85,3,2.0506753515514387,0.20602021152086025,0.45697467812872145,0.37636278018971214,0.90511488299913923,2.052384034239322,1.1336088729836047,1.2399448642507196,1.6096201682729228,0.36941210916459893,0.55820199651643632,0.28045278796926143
40,N2,40,AB,1,15,0.28234222417011029,0.096984460391104227,0.25038017639890314,0.42169463906424598,0.51646093507024049,0.066965150143742672,3320.0823087473295,85,3,2.0506753515514387,0.20602021152086025,0.45697467812872145,0.37636278018971214,0.90511488299913923,2.3238469923652505,1.1209436606615781,1.2399448642507196,1.6096201682729228,0.36941210916459893,0.55820199651643632,0.28045278796926143
41,N2,41,AB,1,16,0.28234222417011029,0.096984460391104227,0.25038017639890314,0.42169463906424598,0.51646093507024049,0.066965150143742672,3320.0823087473295,85,3,2.0506753515514387,0.20602021152086025,0.45697467812872145,0.37636278018971214,0.90511488299913923,2.3238469923652505,1.1336088729836047,1.1929483180399985,1.6096201682729228,0.36941210916459893,0.55820199651643632,0.28045278796926143
42,N2,42,AB,1,17,0.28234222417011029,0.096984460391104227,0.25038017639890314,0.42169463906424598,0.51646093507024049,0.066965150143742672,3320.0823087473295,85,3,2.0506753515514387,0.20602021152086025,0.45697467812872145,0.37636278018971214,0.90511488299913923,2.3238469923652505,1.1336088729836047,1.2399448642507196,1.6032233232549322,0.36941210916459893,0.55820199651643632,0.28045278796926143
43,N2,43,AB,1,18,0.28234222417011029,0.096984460391104227,0.25038017639890314,0.42169463906424598,0.51646093507024049,0.066965150143742672,3320.0823087473295,85,3,2.0506753515514387,0.20602021152086025,0.45697467812872145,0.37636278018971214,0.90511488299913923,2.3238469923652505,1.1336088729836047,1.2399448642507196,1.6096201682729228,0.41228301324731503,0.55820199651643632,0.28045278796926143
44,N2,44,AB,1,19,0.28234222417011029,0.096984460391104227,0.25038017639890314,0.42169463906424598,0.51646093507024049,0.066965150143742672,3320.0823087473295,85,3,2.0506753515514387,0.20602021152086025,0.45697467812872145,0.37636278018971214,0.90511488299913923,2.3238469923652505,1.1336088729836047,1.2399448642507196,1.6096201682729228,0.36941210916459893,0.61082436414435504,0.28045278796926143
45,N2,45,AB,1,20,0.28234222417011029,0.096984460391104227,0.25038017639890314,0.42169463906424598,0.51646093507024049,0.066965150143742672,3320.0823087473295,85,3,2.0506753515514387,0.20602021152086025,0.45697467812872145,0.37636278018971214,0.90511488299913923,2.3238469923652505,1.1336088729836047,1.2399448642507196,1.6096201682729228,0.36941210916459893,0.55820199651643632,0.47395153529942036
46,N2,46,A,2,-1,0.2629936153089773,0.24607084989547728,0.45503633031621571,0.33635165518185128,0.64780102196986156,0.077351894092144338,27.160891154276253,75,1,2.187576701447826,0.17127284259988532,0.53091764837973099,0.49336679551131751,0.80929221527246908,2.9000855275591775,1.0344674958009272,1.2248961738776416,1.5292819043969417,0.39038666191337817,0.15044154813513161,0.45128250890411437
47,N2,47,B,2,-1,0.27529790483053485,0.13656734284013511,0.52892799051478501,0.37843242898127594,0.84129803372142342,0.062412416738939713,350.21406734180368,88,4,2.1508046086815504,0.17898944923245874,0.63281913369242404,0.32090290267997434,0.80743507092345035,2.1005919924855405,1.0776456978078932,1.148266618559137,1.6694080305817121,0.37362476876154443,0.48806648626923566,0.34200672353617845
48,N2,48,AB,2,0,0.27529790483053485,0.24607084989547728,0.45503633031621571,0.33635165518185128,0.64780102196986156,0.077351894092144338,27.160891154276253,75,1,2.187576701447826,0.17127284259988532,0.53091764837973099,0.49336679551131751,0.80929221527246908,2.9000855275591775,1.0344674958009272,1.2248961738776416,1.5292819043969417,0.39038666191337817,0.15044154813513161,0.45128250890411437
49,N2,49,AB,2,1,0.2629936153089773,0.13656734284013511,0.45503633031621571,0.33635165518185128,0.64780102196986156,0.077351894092144338,27.160891154276253,75,1,2.187576701447826,0.17127284259988532,0.53091764837973099,0.49336679551131751,0.80929221527246908,2.9000855275591775,1.0344674958009272,1.2248961738776416,1.5292819043969417,0.39038666191337817,0.15044154813513161,0.45128250890411437
50,N2,50,AB,2,2,0.2629936153089773,0.24607084989547728,0.52892799051478501,0.33635165518185128,0.64780102196986156,0.077351894092144338,27.160891154276253,75,1,2.187576701447826,0.17127284259988532,0.53091764837973099,0.49336679551131751,0.80929221527246908,2.9000855275591775,1.0344674958009272,1.2248961738776416,1.5292819043969417,0.39038666191337817,0.15044154813513161,0.45128250890411437
51,N2,51,AB,2,3,0.2629936153089773,0.24607084989547728,0.45503633031621571,0.37843242898127594,0.64780102196986156,0.077351894092144338,27.160891154276253,75,1,2.187576701447826,0.17127284259988532,0.53091764837973099,0.49336679551131751,0.80929221527246908,2.9000855275591775,1.0344674958009272,1.2248961738776416,1.5292819043969417,0.39038666191337817,0.15044154813513161,0.45128250890411437
52,N2,52,AB,2,4,0.2629936153089773,0.24607084989547728,0.45503633031621571,0.33635165518185128,0.84129803372142342,0.077351894092144338,27.160891154276253,75,1,2.187576701447826,0.17127284259988532,0.53091764837973099,0.49336679551131751,0.80929221527246908,2.9000855275591775,1.0344674958009272,1.2248961738776416,1.5292819043969417,0.39038666191337817,0.15044154813513161,0.45128250890411437
53,N2,53,AB,2,5,0.2629936153089773,0.24607084989547728,0.45503633031621571,0.33635165518185128,0.64780102196986156,0.062412416738939713,27.160891154276253,75,1,2.187576701447826,0.17127284259988532,0.53091764837973099,0.49336679551131751,0.80929221527246908,2.9000855275591775,1.0344674958009272,1.2248961738776416,1.5292819043969417,0.39038666191337817,0.15044154813513161,0.45128250890411437
54,N2,54,AB,2,6,0.2629936153089773,0.24607084989547728,0.45503633031621571,0.33635165518185128,0.64780102196986156,0.077351894092144338,350.21406734180368,75,1,2.187576701447826,0.17127284259988532,0.53091764837973099,0.49336679551131751,0.80929221527246908,2.9000855275591775,1.0344674958009272,1.2248961738776416,1.5292819043969417,0.39038666191337817,0.15044154813513161,0.45128250890411437
55,N2,55,AB,2,7,0.2629936153089773,0.24607084989547728,0.45503633031621571,0.33635165518185128,0.64780102196986156,0.077351894092144338,27.160891154276253,88,1,2.187576701447826,0.17127284259988532,0.53091764837973099,0.49336679551131751,0.80929221527246908,2.9000855275591775,1.0344674958009272,1.2248961738776416,1.5292819043969417,0.39038666191337817,0.15044154813513161,0.45128250890411437
56,N2,56,AB,2,8,0.2629936153089773,0.24607084989547728,0.45503633031621571,0.33635165518185128,0.64780102196986156,0.077351894092144338,27.160891154276253,75,4,2.187576701447826,0.17127284259988532,0.53091764837973099,0.49336679551131751,0.80929221527246908,2.9000855275591775,1.0344674958009272,1.2248961738776416,1.5292819043969417,0.39038666191337817,0.15044154813513161,0.45128250890411437
57,N2,57,AB,2,9,0.2629936153089773,0.24607084989547728,0.45503633031621571,0.33635165518185128,0.64780102196986156,0.077351894092144338,27.160891154276253,75,1,2.1508046086815504,0.17127284259988532,0.53091764837973099,0.49336679551131751,0.80929221527246908,2.9000855275591775,1.0344674958009272,1.2248961738776416,1.5292819043969417,0.39038666191337817,0.15044154813513161,0.45128250890411437
58,N2,58,AB,2,10,0.2629936153089773,0.24607084989547728,0.45503633031621571,0.33635165518185128,0.64780102196986156,0.077351894092144338,27.160891154276253,75,1,2.187576701447826,0.17898944923245874,0.53091764837973099,0.49336679551131751,0.80929221527246908,2.9000855275591775,1.0344674958009272,1.2248961738776416,1.5292819043969417,0.39038666191337817,0.15044154813513161,0.45128250890411437
59,N2,59,AB,2,11,0.2629936153089773,0.24607084989547728,0.45503633031621571,0.33635165518185128,0.64780102196986156,0.077351894092144338,27.160891154276253,75,1,2.187576701447826,0.17127284259988532,0.63281913369242404,0.49336679551131751,0.80929221527246908,2.9000855275591775,1.0344674958009272,1.2248961738776416,1.5292819043969417,0.39038666191337817,0.15044154813513161,0.45128250890411437
60,N2,60,AB,2,12,0.2629936153089773,0.24607084989547728,0.45503633031621571,0.33635165518185128,0.64780102196986156,0.077351894092144338,27.160891154276253,75,1,2.187576701447826,0.17127284259988532,0.53091764837973099,0.32090290267997434,0.80929221527246908,2.9000855275591775,1.0344674958009272,1.2248961738776416,1.5292819043969417,0.39038666191337817,0.15044154813513161,0.45128250890411437
61,N2,61,AB,2,13,0.2629936153089773,0.24607084989547728,0.45503633031621571,0.33635165518185128,0.64780102196986156,0.077351894092144338,27.160891154276253,75,1,2.187576701447826,0.17127284259988532,0.53091764837973099,0.49336679551131751,0.80743507092345035,2.9000855275591775,1.0344674958009272,1.2248961738776416,1.5292819043969417,0.39038666191337817,0.15044154813513161,0.45128250890411437
62,N2,62,AB,2,14,0.2629936153089773,0.24607084989547728,0.45503633031621571,0.33635165518185128,0.64780102196986156,0.077351894092144338,27.160891154276253,75,1,2.187576701447826,0.17127284259988532,0.53091764837973099,0.49336679551131751,0.80929221527246908,2.1005919924855405,1.0344674958009272,1.2248961738776416,1.5292819043969417,0.39038666191337817,0.15044154813513161,0.45128250890411437
63,N2,63,AB,2,15,0.2629936153089773,0.24607084989547728,0.45503633031621571,0.33635165518185128,0.64780102196986156,0.077351894092144338,27.160891154276253,75,1,2.187576701447826,0.17127284259988532,0.53091764837973099,0.49336679551131751,0.80929221527246908,2.9000855275591775,1.0776456978078932,1.2248961738776416,1.5292819043969417,0.39038666191337817,0.15044154813513161,0.45128250890411437
64,N2,64,AB,2,16,0.2629936153089773,0.24607084989547728,0.45503633031621571,0.33635165518185128,0.64780102196986156,0.077351894092144338,27.160891154276253,75,1,2.187576701447826,0.17127284259988532,0.53091764837973099,0.49336679551131751,0.80929221527246908,2.9000855275591775,1.0344674958009272,1.148266618559137,1.5292819043969417,0.39038666191337817,0.15044154813513161,0.45128250890411437
65,N2,65,AB,2,17,0.2629936153089773,0.24607084989547728,0.45503633031621571,0.33635165518185128,0.64780102196986156,0.077351894092144338,27.160891154276253,75,1,2.187576701447826,0.17127284259988532,0.53091764837973099,0.49336679551131751,0.80929221527246908,2.9000855275591775,1.0344674958009272,1.2248961738776416,1.6694080305817121,0.39038666191337817,0.15044154813513161,0.45128250890411437
66,N2,66,AB,2,18,0.2629936153089773,0.24607084989547728,0.45503633031621571,0.33635165518185128,0.64780102196986156,0.077351894092144338,27.160891154276253,75,1,2.187576701447826,0.17127284259988532,0.53091764837973099,0.49336679551131751,0.80929221527246908,2.9000855275591775,1.0344674958009272,1.2248961738776416,1.5292819043969417,0.37362476876154443,0.15044154813513161,0.45128250890411437
67,N2,67,AB,2,19,0.2629936153089773,0.24607084989547728,0.45503633031621571,0.33635165518185128,0.64780102196986156,0.077351894092144338,27.160891154276253,75,1,2.187576701447826,0.17127284259988532,0.53091764837973099,0.49336679551131751,0.80929221527246908,2.9000855275591775,1.0344674958009272,1.2248961738776416,1.5292819043969417,0.39038666191337817,0.48806648626923566,0.45128250890411437
68,N2,68,AB,2,20,0.2629936153089773,0.24607084989547728,0.45503633031621571,0.33635165518185128,0.64780102196986156,0.077351894092144338,27.160891154276253,75,1,2.187576701447826,0.17127284259988532,0.53091764837973099,0.49336679551131751,0.80929221527246908,2.9000855275591775,1.0344674958009272,1.2248961738776416,1.5292819043969417,0.39038666191337817,0.15044154813513161,0.34200672353617845
69,N2,69,A,3,-1,0.29880916211116582,0.13231216315180064,0.43622474120929833,0.65487282989050777,0.78583742473337437,0.061454761158731649,120.87683509083976,4,5,1.715331265497162,0.2406830922857858,0.58887211599702571,0.3484390793081355,1.0771500887290242,2.10435423019086,1.1106509937066584,1.0885593723040075,1.7812133142233701,0.41880477688844753,0.83399734478443865,0.19481976688839495
70,N2,70,B,3,-1,0.30904153878145785,0.23733390700072049,0.23216470638290049,0.45811451260478114,0.50036173526947425,0.074501630345791256,9.5656742456641961,32,2,1.8828500950296454,0.2947463227976207,0.54560544182968496,0.46495162400531298,1.0524203582816531,2.5808850655369993,1.0850764055922628,1.2936345184687525,1.4790133675036787,0.44534433377635979,0.85081978254020219,0.20345460302196441
71,N2,71,AB,3,0,0.30904153878145785,0.13231216315180064,0.43622474120929833,0.65487282989050777,0.78583742473337437,0.061454761158731649,120.87683509083976,4,5,1.715331265497162,0.2406830922857858,0.58887211599702571,0.3484390793081355,1.0771500887290242,2.10435423019086,1.1106509937066584,1.0885593723040075,1.7812133142233701,0.41880477688844753,0.83399734478443865,0.19481976688839495
72,N2,72,AB,3,1,0.29880916211116582,0.23733390700072049,0.43622474120929833,0.65487282989050777,0.78583742473337437,0.061454761158731649,120.87683509083976,4,5,1.715331265497162,0.2406830922857858,0.58887211599702571,0.3484390793081355,1.0771500887290242,2.10435423019086,1.1106509937066584,1.0885593723040075,1.7812133142233701,0.41880477688844753,0.83399734478443865,0.19481976688839495
73,N2,73,AB,3,2,0.29880916211116582,0.13231216315180064,0.23216470638290049,0.65487282989050777,0.78583742473337437,0.061454761158731649,120.87683509083976,4,5,1.715331265497162,0.2406830922857858,0.58887211599702571,0.3484390793081355,1.0771500887290242,2.10435423019086,1.1106509937066584,1.0885593723040075,1.7812133142233701,0.41880477688844753,0.83399734478443865,0.19481976688839495
74,N2,74,AB,3,3,0.29880916211116582,0.13231216315180064,0.43622474120929833,0.45811451260478114,0.78583742473337437,0.061454761158731649,120.87683509083976,4,5,1.715331265497162,0.2406830922857858,0.58887211599702571,0.3484390793081355,1.0771500887290242,2.10435423019086,1.1106509937066584,1.0885593723040075,1.7812133142233701,0.41880477688844753,0.83399734478443865,0.19481976688839495
75,N2,75,AB,3,4,0.29880916211116582,0.13231216315180064,0.43622474120929833,0.65487282989050777,0.50036173526947425,0.061454761158731649,120.87683509083976,4,5,1.715331265497162,0.2406830922857858,0.58887211599702571,0.3484390793081355,1.0771500887290242,2.10435423019086,1.1106509937066584,1.0885593723040075,1.7812133142233701,0.41880477688844753,0.83399734478443865,0.19481976688839495
76,N2,76,AB,3,5,0.29880916211116582,0.13231216315180064,0.43622474120929833,0.65487282989050777,0.78583742473337437,0.074501630345791256,120.87683509083976,4,5,1.715331265497162,0.2406830922857858,0.58887211599702571,0.3484390793081355,1.0771500887290242,2.10435423019086,1.1106509937066584,1.0885593723040075,1.7812133142233701,0.41880477688844753,0.83399734478443865,0.19481976688839495
77,N2,77,AB,3,6,0.29880916211116582,0.13231216315180064,0.43622474120929833,0.65487282989050777,0.78583742473337437,0.061454761158731649,9.5656742456641961,4,5,1.715331265497162,0.2406830922857858,0.58887211599702571,0.3484390793081355,1.0771500887290242,2.10435423019086,1.1106509937066584,1.0885593723040075,1.7812133142233701,0.41880477688844753,0.83399734478443865,0.19481976688839495
78,N2,78,AB,3,7,0.29880916211116582,0.13231216315180064,0.43622474120929833,0.65487282989050777,0.78583742473337437,0.061454761158731649,120.87683509083976,32,5,1.715331265497162,0.2406830922857858,0.58887211599702571,0.3484390793081355,1.0771500887290242,2.10435423019086,1.1106509937066584,1.0885593723040075,1.7812133142233701,0.41880477688844753,0.83399734478443865,0.19481976688839495
79,N2,79,AB,3,8,0.29880916211116582,0.13231216315180064,0.43622474120929833,0.65487282989050777,0.78583742473337437,0.061454761158731649,120.87683509083976,4,2,1.715331265497162,0.2406830922857858,0.58887211599702571,0.3484390793081355,1.0771500887290242,2.10435423019086,1.1106509937066584,1.0885593723040075,1.7812133142233701,0.41880477688844753,0.83399734478443865,0.19481976688839495
80,N2,80,AB,3,9,0.29880916211116582,0.13231216315180064,0.43622474120929833,0.65487282989050777,0.78583742473337437,0.061454761158731649,120.87683509083976,4,5,1.8828500950296454,0.2406830922857858,0.58887211599702571,0.3484390793081355,1.0771500887290242,2.10435423019086,1.1106509937066584,1.0885593723040075,1.7812133142233701,0.41880477688844753,0.83399734478443865,0.19481976688839495
81,N2,81,AB,3,10,0.29880916211116582,0.13231216315180064,0.43622474120929833,0.65487282989050777,0.78583742473337437,0.061454761158731649,120.87683509083976,4,5,1.715331265497162,0.2947463227976207,0.58887211599702571,0.3484390793081355,1.0771500887290242,2.10435423019086,1.1106509937066584,1.0885593723040075,1.7812133142233701,0.41880477688844753,0.83399734478443865,0.19481976688839495
82,N2,82,AB,3,11,0.29880916211116582,0.13231216315180064,0.43622474120929833,0.65487282989050777,0.78583742473337437,0.061454761158731649,120.87683509083976,4,5,1.715331265497162,0.2406830922857858,0.54560544182968496,0.3484390793081355,1.0771500887290242,2.10435423019086,1.1106509937066584,1.0885593723040075,1.7812133142233701,0.41880477688844753,0.83399734478443865,0.19481976688839495
83,N2,83,AB,3,12,0.29880916211116582,0.13231216315180064,0.43622474120929833,0.65487282989050777,0.78583742473337437,0.061454761158731649,120.87683509083976,4,5,1.715331265497162,0.2406830922857858,0.58887211599702571,0.46495162400531298,1.0771500887290242,2.10435423019086,1.1106509937066584,1.0885593723040075,1.7812133142233701,0.41880477688844753,0.83399734478443865,0.19481976688839495
84,N2,84,AB,3,13,0.29880916211116582,0.13231216315180064,0.43622474120929833,0.65487282989050777,0.78583742473337437,0.061454761158731649,120.87683509083976,4,5,1.715331265497162,0.2406830922857858,0.58887211599702571,0.3484390793081355,1.0524203582816531,2.10435423019086,1.1106509937066584,1.0885593723040075,1.7812133142233701,0.41880477688844753,0.83399734478443865,0.19481976688839495
85,N2,85,AB,3,14,0.29880916211116582,0.13231216315180064,0.43622474120929833,0.65487282989050777,0.78583742473337437,0.061454761158731649,120.87683509083976,4,5,1.715331265497162,0.2406830922857858,0.58887211599702571,0.3484390793081355,1.0771500887290242,2.5808850655369993,1.1106509937066584,1.0885593723040075,1.7812133142233701,0.41880477688844753,0.83399734478443865,0.19481976688839495
86,N2,86,AB,3,15,0.29880916211116582,0.13231216315180064,0.43622474120929833,0.65487282989050777,0.78583742473337437,0.061454761158731649,120.87683509083976,4,5,1.715331265497162,0.2406830922857858,0.58887211599702571,0.3484390793081355,1.0771500887290242,2.10435423019086,1.0850764055922628,1.0885593723040075,1.7812133142233701,0.41880477688844753,0.83399734478443865,0.19481976688839495
87,N2,87,AB,3,16,0.29880916211116582,0.13231216315180064,0.43622474120929833,0.65487282989050777,0.78583742473337437,0.061454761158731649,120.87683509083976,4,5,1.715331265497162,0.2406830922857858,0.58887211599702571,0.3484390793081355,1.0771500887290242,2.10435423019086,1.1106509937066584,1.2936345184687525,1.7812133142233701,0.41880477688844753,0.83399734478443865,0.19481976688839495
88,N2,88,AB,3,17,0.29880916211116582,0.13231216315180064,0.43622474120929833,0.65487282989050777,0.78583742473337437,0.061454761158731649,120.87683509083976,4,5,1.715331265497162,0.2406830922857858,0.58887211599702571,0.3484390793081355,1.0771500887290242,2.10435423019086,1.1106509937066584,1.0885593723040075,1.4790133675036787,0.41880477688844753,0.83399734478443865,0.19481976688839495
89,N2,89,AB,3,18,0.29880916211116582,0.13231216315180064,0.43622474120929833,0.65487282989050777,0.78583742473337437,0.061454761158731649,120.87683509083976,4,5,1.715331265497162,0.2406830922857858,0.58887211599702571,0.3484390793081355,1.0771500887290242,2.10435423019086,1.1106509937066584,1.0885593723040075,1.7812133142233701,0.44534433377635979,0.83399734478443865,0.19481976688839495
90,N2,90,AB,3,19,0.29880916211116582,0.13231216315180064,0.43622474120929833,0.65487282989050777,0.78583742473337437,0.061454761158731649,120.87683509083976,4,5,1.715331265497162,0.2406830922857858,0.58887211599702571,0.3484390793081355,1.0771500887290242,2.10435423019086,1.1106509937066584,1.0885593723040075,1.7812133142233701,0.41880477688844753,0.85081978254020219,0.19481976688839495
91,N2,91,AB,3,20,0.29880916211116582,0.13231216315180064,0.43622474120929833,0.65487282989050777,0.78583742473337437,0.061454761158731649,120.87683509083976,4,5,1.715331265497162,0.2406830922857858,0.58887211599702571,0.3484390793081355,1.0771500887290242,2.10435423019086,1.1106509937066584,1.0885593723040075,1.7812133142233701,0.41880477688844753,0.83399734478443865,0.20345460302196441
92,N2,92,A,4,-1,0.31323026677598192,0.22406289577484134,0.32131929537281395,0.49893299109577049,0.86101040105473092,0.06269128152348323,110.67861515958424,62,1,2.0397504424671635,0.14129956638590901,0.62428465270127576,0.51968933911584969,0.97770211026865184,2.2084119727190639,1.0941218720469623,1.080851929448545,1.7135007626005365,0.39621561323468907,0.47250191401690245,0.34187548174522819
93,N2,93,B,4,-1,0.33631400781895726,0.11731848269701005,0.31058050813153387,0.40527126449777434,0.81416464218903994,0.06370652753488501,2190.6619346089601,70,1,2.2027864411101445,0.20140339865566312,0.57112797979825702,0.3494719646407769,0.71046633407019655,1.8447975428281032,1.1486486782412975,1.249939894489944,1.6122881899799688,0.44091979605508441,0.94079410424456,0.43190843807533386
94,N2,94,AB,4,0,0.33631400781895726,0.22406289577484134,0.32131929537281395,0.49893299109577049,0.86101040105473092,0.06269128152348323,110.67861515958424,62,1,2.0397504424671635,0.14129956638590901,0.62428465270127576,0.51968933911584969,0.97770211026865184,2.2084119727190639,1.0941218720469623,1.080851929448545,1.7135007626005365,0.39621561323468907,0.47250191401690245,0.34187548174522819
95,N2,95,AB,4,1,0.31323026677598192,0.11731848269701005,0.32131929537281395,0.49893299109577049,0.86101040105473092,0.06269128152348323,110.67861515958424,62,1,2.0397504424671635,0.14129956638590901,0.62428465270127576,0.51968933911584969,0.97770211026865184,2.2084119727190639,1.0941218720469623,1.080851929448545,1.7135007626005365,0.39621561323468907,0.47250191401690245,0.34187548174522819
96,N2,96,AB,4,2,0.31323026677598192,0.22406289577484134,0.31058050813153387,0.49893299109577049,0.86101040105473092,0.06269128152348323,110.67861515958424,62,1,2.0397504424671635,0.14129956638590901,0.62428465270127576,0.51968933911584969,0.97770211026865184,2.2084119727190639,1.0941218720469623,1.080851929448545,1.7135007626005365,0.39621561323468907,0.47250191401690245,0.34187548174522819
97,N2,97,AB,4,3,0.31323026677598192,0.22406289577484134,0.32131929537281395,0.40527126449777434,0.86101040105473092,0.06269128152348323,110.67861515958424,62,1,2.0397504424671635,0.14129956638590901,0.62428465270127576,0.51968933911584969,0.97770211026865184,2.2084119727190639,1.0941218720469623,1.080851929448545,1.7135007626005365,0.39621561323468907,0.47250191401690245,0.34187548174522819
98,N2,98,AB,4,4,0.31323026677598192,0.22406289577484134,0.32131929537281395,0.49893299109577049,0.81416464218903994,0.06269128152348323,110.67861515958424,62,1,2.0397504424671635,0.14129956638590901,0.62428465270127576,0.51968933911584969,0.97770211026865184,2.2084119727190639,1.0941218720469623,1.080851929448545,1.7135007626005365,0.39621561323468907,0.47250191401690245,0.34187548174522819
99,N2,99,AB,4,5,0.31323026677598192,0.22406289577484134,0.32131929537281395,0.49893299109577049,0.86101040105473092,0.06370652753488501,110.67861515958424,62,1,2.0397504424671635,0.14129956638590901,0.62428465270127576,0.51968933911584969,0.97770211026865184,2.2084119727190639,1.0941218720469623,1.080851929448545,1.7135007626005365,0.39621561323468907,0.47250191401690245,0.34187548174522819
100,N2,100,AB,4,6,0.31323026677598192,0.22406289577484134,0.32131929537281395,0.49893299109577049,0.86101040105473092,0.06269128152348323,2190.6619346089601,62,1,2.0397504424671635,0.14129956638590901,0.62428465270127576,0.51968933911584969,0.97770211026865184,2.2084119727190639,1.0941218720469623,1.080851929448545,1.7135007626005365,0.39621561323468907,0.47250191401690245,0.34187548174522819
101,N2,101,AB,4,7,0.31323026677598192,0.22406289577484134,0.32131929537281395,0.49893299109577049,0.86101040105473092,0.06269128152348323,110.67861515958424,70,1,2.0397504424671635,0.14129956638590901,0.62428465270127576,0.51968933911584969,0.97770211026865184,2.2084119727190639,1.0941218720469623,1.080851929448545,1.7135007626005365,0.39621561323468907,0.47250191401690245,0.34187548174522819
102,N2,102,AB,4,8,0.31323026677598192,0.22406289577484134,0.32131929537281395,0.49893299109577049,0.86101040105473092,0.06269128152348323,110.67861515958424,62,1,2.0397504424671635,0.14129956638590901,0.62428465270127576,0.51968933911584969,0.97770211026865184,2.2084119727190639,1.0941218720469623,1.080851929448545,1.7135007626005365,0.39621561323468907,0.47250191401690245,0.34187548174522819
103,N2,103,AB,4,9,0.31323026677598192,0.22406289577484134,0.32131929537281395,0.49893299109577049,0.86101040105473092,0.06269128152348323,110.67861515958424,62,1,2.2027864411101445,0.14129956638590901,0.62428465270127576,0.51968933911584969,0.97770211026865184,2.2084119727190639,1.0941218720469623,1.080851929448545,1.7135007626005365,0.39621561323468907,0.47250191401690245,0.34187548174522819
104,N2,104,AB,4,10,0.31323026677598192,0.22406289577484134,0.32131929537281395,0.49893299109577049,0.86101040105473092,0.06269128152348323,110.67861515958424,62,1,2.0397504424671635,0.20140339865566312,0.62428465270127576,0.51968933911584969,0.97770211026865184,2.2084119727190639,1.0941218720469623,1.080851929448545,1.7135007626005365,0.39621561323468907,0.47250191401690245,0.34187548174522819
105,N2,105,AB,4,11,0.31323026677598192,0.22406289577484134,0.32131929537281395,0.49893299109577049,0.86101040105473092,0.06269128152348323,110.67861515958424,62,1,2.0397504424671635,0.14129956638590901,0.57112797979825702,0.51968933911584969,0.97770211026865184,2.2084119727190639,1.0941218720469623,1.080851929448545,1.7135007626005365,0.39621561323468907,0.47250191401690245,0.34187548174522819
106,N2,106,AB,4,12,0.31323026677598192,0.22406289577484134,0.32131929537281395,0.49893299109577049,0.86101040105473092,0.06269128152348323,110.67861515958424,62,1,2.0397504424671635,0.14129956638590901,0.62428465270127576,0.3494719646407769,0.97770211026865184,2.2084119727190639,1.0941218720469623,1.080851929448545,1.7135007626005365,0.39621561323468907,0.47250191401690245,0.34187548174522819
107,N2,107,AB,4,13,0.31323026677598192,0.22406289577484134,0.32131929537281395,0.49893299109577049,0.86101040105473092,0.06269128152348323,110.67861515958424,62,1,2.0397504424671635,0.14129956638590901,0.62428465270127576,0.51968933911584969,0.71046633407019655,2.2084119727190639,1.0941218720469623,1.080851929448545,1.7135007626005365,0.39621561323468907,0.47250191401690245,0.34187548174522819
108,N2,108,AB,4,14,0.31323026677598192,0.22406289577484134,0.32131929537281395,0.49893299109577049,0.86101040105473092,0.06269128152348323,110.67861515958424,62,1,2.0397504424671635,0.14129956638590901,0.62428465270127576,0.51968933911584969,0.97770211026865184,1.8447975428281032,1.0941218720469623,1.080851929448545,1.7135007626005365,0.39621561323468907,0.47250191401690245,0.34187548174522819
109,N2,109,AB,4,15,0.31323026677598192,0.22406289577484134,0.32131929537281395,0.49893299109577049,0.86101040105473092,0.06269128152348323,110.67861515958424,62,1,2.0397504424671635,0.14129956638590901,0.62428465270127576,0.51968933911584969,0.97770211026865184,2.2084119727190639,1.1486486782412975,1.080851929448545,1.7135007626005365,0.39621561323468907,0.47250191401690245,0.34187548174522819
110,N2,110,AB,4,16,0.31323026677598192,0.22406289577484134,0.32131929537281395,0.49893299109577049,0.86101040105473092,0.06269128152348323,110.67861515958424,62,1,2.0397504424671635,0.14129956638590901,0.62428465270127576,0.51968933911584969,0.97770211026865184,2.2084119727190639,1.0941218720469623,1.249939894489944,1.7135007626005365,0.39621561323468907,0.47250191401690245,0.34187548174522819
111,N2,111,AB,4,17,0.31323026677598192,0.22406289577484134,0.32131929537281395,0.49893299109577049,0.86101040105473092,0.06269128152348323,110.67861515958424,62,1,2.0397504424671635,0.14129956638590901,0.62428465270127576,0.51968933911584969,0.97770211026865184,2.2084119727190639,1.0941218720469623,1.080851929448545,1.6122881899799688,0.39621561323468907,0.47250191401690245,0.34187548174522819
112,N2,112,AB,4,18,0.31323026677598192,0.22406289577484134,0.32131929537281395,0.49893299109577049,0.86101040105473092,0.06269128152348323,110.67861515958424,62,1,2.0397504424671635,0.14129956638590901,0.62428465270127576,0.51968933911584969,0.97770211026865184,2.2084119727190639,1.0941218720469623,1.080851929448545,1.7135007626005365,0.44091979605508441,0.47250191401690245,0.34187548174522819
113,N2,113,AB,4,19,0.31323026677598192,0.22406289577484134,0.32131929537281395,0.49893299109577049,0.86101040105473092,0.06269128152348323,110.67861515958424,62,1,2.0397504424671635,0.14129956638590901,0.62428465270127576,0.51968933911584969,0.97770211026865184,2.2084119727190639,1.0941218720469623,1.080851929448545,1.7135007626005365,0.39621561323468907,0.94079410424456,0.34187548174522819
114,N2,114,AB,4,20,0.31323026677598192,0.22406289577484134,0.32131929537281395,0.49893299109577049,0.86101040105473092,0.06269128152348323,110.67861515958424,62,1,2.0397504424671635,0.14129956638590901,0.62428465270127576,0.51968933911584969,0.97770211026865184,2.2084119727190639,1.0941218720469623,1.080851929448545,1.7135007626005365,0.39621561323468907,0.47250191401690245,0.43190843807533386
115,N2,115,A,5,-1,0.24873240112334463,0.11047551278024913,0.58375843269750471,0.30429816864050785,0.60999893194132726,0.066337888784715277,492.56397123776077,17,4,1.9837567447450823,0.22429770670060384,0.55813639298666584,0.30174869585435993,0.69252809703120377,2.6762896028140348,1.0520094190631062,1.1867045314982534,1.4727581887038066,0.41184214161295535,0.74475703975185747,0.30416258326731621
116,N2,116,B,5,-1,0.23535196247116319,0.21810640916228297,0.45098305055871601,0.36934106131246525,0.59815809061646008,0.07006611216857829,48.357823833383868,12,3,1.7153256172619171,0.22524465447240669,0.60713190925877658,0.43357405064967097,0.91251606937392005,2.3816149453319504,1.0265792939811944,1.1294919999316335,1.538111979943807,0.3616083080470785,0.3983323748223484,0.28857424622401595
117,N2,117,AB,5,0,0.23535196247116319,0.11047551278024913,0.58375843269750471,0.30429816864050785,0.60999893194132726,0.066337888784715277,492.56397123776077,17,4,1.9837567447450823,0.22429770670060384,0.55813639298666584,0.30174869585435993,0.69252809703120377,2.6762896028140348,1.0520094190631062,1.1867045314982534,1.4727581887038066,0.41184214161295535,0.74475703975185747,0.30416258326731621
118,N2,118,AB,5,1,0.24873240112334463,0.21810640916228297,0.58375843269750471,0.30429816864050785,0.60999893194132726,0.066337888784715277,492.56397123776077,17,4,1.9837567447450823,0.22429770670060384,0.55813639298666584,0.30174869585435993,0.69252809703120377,2.6762896028140348,1.0520094190631062,1.1867045314982534,1.4727581887038066,0.41184214161295535,0.74475703975185747,0.30416258326731621
119,N2,119,AB,5,2,0.24873240112334463,0.11047551278024913,0.45098305055871601,0.30429816864050785,0.60999893194132726,0.066337888784715277,492.56397123776077,17,4,1.9837567447450823,0.22429770670060384,0.55813639298666584,0.30174869585435993,0.69252809703120377,2.6762896028140348,1.0520094190631062,1.1867045314982534,1.4727581887038066,0.41184214161295535,0.74475703975185747,0.30416258326731621
120,N2,120,AB,5,3,0.24873240112334463,0.11047551278024913,0.58375843269750471,0.36934106131246525,0.60999893194132726,0.066337888784715277,492.56397123776077,17,4,1.9837567447450823,0.22429770670060384,0.55813639298666584,0.30174869585435993,0.69252809703120377,2.6762896028140348,1.0520094190631062,1.1867045314982534,1.4727581887038066,0.41184214161295535,0.74475703975185747,0.30416258326731621
121,N2,121,AB,5,4,0.24873240112334463,0.11047551278024913,0.58375843269750471,0.30429816864050785,0.59815809061646008,0.066337888784715277,492.56397123776077,17,4,1.9837567447450823,0.22429770670060384,0.55813639298666584,0.30174869585435993,0.69252809703120377,2.6762896028140348,1.0520094190631062,1.1867045314982534,1.4727581887038066,0.41184214161295535,0.74475703975185747,0.30416258326731621
122,N2,122,AB,5,5,0.24873240112334463,0.11047551278024913,0.58375843269750471,0.30429816864050785,0.60999893194132726,0.07006611216857829,492.56397123776077,17,4,1.9837567447450823,0.22429770670060384,0.55813639298666584,0.30174869585435993,0.69252809703120377,2.6762896028140348,1.0520094190631062,1.1867045314982534,1.4727581887038066,0.41184214161295535,0.74475703975185747,0.30416258326731621
123,N2,123,AB,5,6,0.24873240112334463,0.11047551278024913,0.58375843269750471,0.30429816864050785,0.60999893194132726,0.066337888784715277,48.357823833383868,17,4,1.9837567447450823,0.22429770670060384,0.55813639298666584,0.30174869585435993,0.69252809703120377,2.6762896028140348,1.0520094190631062,1.1867045314982534,1.4727581887038066,0.41184214161295535,0.74475703975185747,0.30416258326731621
124,N2,124,AB,5,7,0.24873240112334463,0.11047551278024913,0.58375843269750471,0.30429816864050785,0.60999893194132726,0.066337888784715277,492.56397123776077,12,4,1.9837567447450823,0.22429770670060384,0.55813639298666584,0.30174869585435993,0.69252809703120377,2.6762896028140348,1.0520094190631062,1.1867045314982534,1.4727581887038066,0.41184214161295535,0.74475703975185747,0.30416258326731621
125,N2,125,AB,5,8,0.24873240112334463,0.11047551278024913,0.58375843269750471,0.30429816864050785,0.60999893194132726,0.066337888784715277,492.56397123776077,17,3,1.9837567447450823,0.22429770670060384,0.55813639298666584,0.30174869585435993,0.69252809703120377,2.6762896028140348,1.0520094190631062,1.1867045314982534,1.4727581887038066,0.41184214161295535,0.74475703975185747,0.30416258326731621
126,N2,126,AB,5,9,0.24873240112334463,0.11047551278024913,0.58375843269750471,0.30429816864050785,0.60999893194132726,0.066337888784715277,492.56397123776077,17,4,1.7153256172619171,0.22429770670060384,0.55813639298666584,0.30174869585435993,0.69252809703120377,2.6762896028140348,1.0520094190631062,1.1867045314982534,1.4727581887038066,0.41184214161295535,0.74475703975185747,0.30416258326731621
127,N2,127,AB,5,10,0.24873240112334463,0.11047551278024913,0.58375843269750471,0.30429816864050785,0.60999893194132726,0.066337888784715277,492.56397123776077,17,4,1.9837567447450823,0.22524465447240669,0.55813639298666584,0.30174869585435993,0.69252809703120377,2.6762896028140348,1.0520094190631062,1.1867045314982534,1.4727581887038066,0.41184214161295535,0.74475703975185747,0.30416258326731621
128,N2,128,AB,5,11,0.24873240112334463,0.11047551278024913,0.58375843269750471,0.30429816864050785,0.60999893194132726,0.066337888784715277,492.56397123776077,17,4,1.9837567447450823,0.22429770670060384,0.60713190925877658,0.30174869585435993,0.69252809703120377,2.6762896028140348,1.0520094190631062,1.1867045314982534,1.4727581887038066,0.41184214161295535,0.74475703975185747,0.30416258326731621
129,N2,129,AB,5,12,0.24873240112334463,0.11047551278024913,0.58375843269750471,0.30429816864050785,0.60999893194132726,0.066337888784715277,492.56397123776077,17,4,1.9837567447450823,0.22429770670060384,0.55813639298666584,0.43357405064967097,0.69252809703120377,2.6762896028140348,1.0520094190631062,1.1867045314982534,1.4727581887038066,0.41184214161295535,0.74475703975185747,0.30416258326731621
130,N2,130,AB,5,13,0.24873240112334463,0.11047551278024913,0.58375843269750471,0.30429816864050785,0.60999893194132726,0.066337888784715277,492.56397123776077,17,4,1.9837567447450823,0.22429770670060384,0.55813639298666584,0.30174869585435993,0.91251606937392005,2.6762896028140348,1.0520094190631062,1.1867045314982534,1.4727581887038066,0.41184214161295535,0.74475703975185747,0.30416258326731621
131,N2,131,AB,5,14,0.24873240112334463,0.11047551278024913,0.58375843269750471,0.30429816864050785,0.60999893194132726,0.066337888784715277,492.56397123776077,17,4,1.9837567447450823,0.22429770670060384,0.55813639298666584,0.30174869585435993,0.69252809703120377,2.3816149453319504,1.0520094190631062,1.1867045314982534,1.4727581887038066,0.41184214161295535,0.74475703975185747,0.30416258326731621
132,N2,132,AB,5,15,0.24873240112334463,0.11047551278024913,0.58375843269750471,0.30429816864050785,0.60999893194132726,0.066337888784715277,492.56397123776077,17,4,1.9837567447450823,0.22429770670060384,0.55813639298666584,0.30174869585435993,0.69252809703120377,2.6762896028140348,1.0265792939811944,1.1867045314982534,1.4727581887038066,0.41184214161295535,0.74475703975185747,0.30416258326731621
133,N2,133,AB,5,16,0.24873240112334463,0.11047551278024913,0.58375843269750471,0.30429816864050785,0.60999893194132726,0.066337888784715277,492.56397123776077,17,4,1.9837567447450823,0.22429770670060384,0.55813639298666584,0.30174869585435993,0.69252809703120377,2.6762896028140348,1.0520094190631062,1.1294919999316335,1.4727581887038066,0.41184214161295535,0.74475703975185747,0.30416258326731621
134,N2,134,AB,5,17,0.24873240112334463,0.11047551278024913,0.58375843269750471,0.30429816864050785,0.60999893194132726,0.066337888784715277,492.56397123776077,17,4,1.9837567447450823,0.22429770670060384,0.55813639298666584,0.30174869585435993,0.69252809703120377,2.6762896028140348,1.0520094190631062,1.1867045314982534,1.538111979943807,0.41184214161295535,0.74475703975185747,0.30416258326731621
135,N2,135,AB,5,18,0.24873240112334463,0.11047551278024913,0.58375843269750471,0.30429816864050785,0.60999893194132726,0.066337888784715277,492.56397123776077,17,4,1.9837567447450823,0.22429770670060384,0.55813639298666584,0.30174869585435993,0.69252809703120377,2.6762896028140348,1.0520094190631062,1.1867045314982534,1.4727581887038066,0.3616083080470785,0.74475703975185747,0.30416258326731621
136,N2,136,AB,5,19,0.24873240112334463,0.11047551278024913,0.58375843269750471,0.30429816864050785,0.60999893194132726,0.066337888784715277,492.56397123776077,17,4,1.9837567447450823,0.22429770670060384,0.55813639298666584,0.30174869585435993,0.69252809703120377,2.6762896028140348,1.0520094190631062,1.1867045314982534,1.4727581887038066,0.41184214161295535,0.3983323748223484,0.30416258326731621
137,N2,137,AB,5,20,0.24873240112334463,0.11047551278024913,0.58375843269750471,0.30429816864050785,0.60999893194132726,0.066337888784715277,492.56397123776077,17,4,1.9837567447450823,0.22429770670060384,0.55813639298666584,0.30174869585435993,0.69252809703120377,2.6762896028140348,1.0520094190631062,1.1867045314982534,1.4727581887038066,0.41184214161295535,0.74475703975185747,0.28857424622401595
138,N2,138,A,6,-1,0.28576335482454851,0.15914073586463928,0.38582574231550093,0.46265015059738185,0.57498958343547391,0.068992940148985424,3.7634729865716188,27,4,1.902174747477462,0.27503859004501646,0.49903960641691475,0.41715038498204643,1.0264749892583149,2.4536954477112713,1.1483755446784198,1.2945500835310668,1.6418377105845943,0.44561894409501202,0.30887137008830906,0.4835358798503876
139,N2,139,B,6,-1,0.28892677995198573,0.088332055881619465,0.33877646438777442,0.4680686144225561,0.67694190639790419,0.062132030291871636,4.3491862326731168,82,5,2.0434001853957606,0.12778071554475523,0.42056172951685317,0.49801279155340111,1.0668518680450825,2.7801604981272137,1.115326482122764,1.2137242403812707,1.7605598430201654,0.41989963040479583,0.70453458558768034,0.1579977171961218
140,N2,140,AB,6,0,0.28892677995198573,0.15914073586463928,0.38582574231550093,0.46265015059738185,0.57498958343547391,0.068992940148985424,3.7634729865716188,27,4,1.902174747477462,0.27503859004501646,0.49903960641691475,0.41715038498204643,1.0264749892583149,2.4536954477112713,1.1483755446784198,1.2945500835310668,1.6418377105845943,0.44561894409501202,0.30887137008830906,0.4835358798503876
141,N2,141,AB,6,1,0.28576335482454851,0.088332055881619465,0.38582574231550093,0.46265015059738185,0.57498958343547391,0.068992940148985424,3.7634729865716188,27,4,1.902174747477462,0.27503859004501646,0.49903960641691475,0.41715038498204643,1.0264749892583149,2.4536954477112713,1.1483755446784198,1.2945500835310668,1.6418377105845943,0.44561894409501202,0.30887137008830906,0.4835358798503876
142,N2,142,AB,6,2,0.28576335482454851,0.15914073586463928,0.33877646438777442,0.46265015059738185,0.57498958343547391,0.068992940148985424,3.7634729865716188,27,4,1.902174747477462,0.27503859004501646,0.49903960641691475,0.41715038498204643,1.0264749892583149,2.4536954477112713,1.1483755446784198,1.2945500835310668,1.6418377105845943,0.44561894409501202,0.30887137008830906,0.4835358798503876
143,N2,143,AB,6,3,0.28576335482454851,0.15914073586463928,0.38582574231550093,0.4680686144225561,0.57498958343547391,0.068992940148985424,3.7634729865716188,27,4,1.902174747477462,0.27503859004501646,0.49903960641691475,0.41715038498204643,1.0264749892583149,2.4536954477112713,1.1483755446784198,1.2945500835310668,1.6418377105845943,0.44561894409501202,0.30887137008830906,0.4835358798503876
144,N2,144,AB,6,4,0.28576335482454851,0.15914073586463928,0.38582574231550093,0.46265015059738185,0.67694190639790419,0.068992940148985424,3.7634729865716188,27,4,1.902174747477462,0.27503859004501646,0.49903960641691475,0.41715038498204643,1.0264749892583149,2.4536954477112713,1.1483755446784198,1.2945500835310668,1.6418377105845943,0.44561894409501202,0.30887137008830906,0.4835358798503876
145,N2,145,AB,6,5,0.28576335482454851,0.15914073586463928,0.38582574231550093,0.46265015059738185,0.57498958343547391,0.062132030291871636,3.7634729865716188,27,4,1.902174747477462,0.27503859004501646,0.49903960641691475,0.41715038498204643,1.0264749892583149,2.4536954477112713,1.1483755446784198,1.2945500835310668,1.6418377105845943,0.44561894409501202,0.30887137008830906,0.4835358798503876
146,N2,146,AB,6,6,0.28576335482454851,0.15914073586463928,0.38582574231550093,0.46265015059738185,0.57498958343547391,0.068992940148985424,4.3491862326731168,27,4,1.902174747477462,0.27503859004501646,0.49903960641691475,0.41715038498204643,1.0264749892583149,2.4536954477112713,1.1483755446784198,1.2945500835310668,1.6418377105845943,0.44561894409501202,0.30887137008830906,0.4835358798503876
147,N2,147,AB,6,7,0.28576335482454851,0.15914073586463928,0.38582574231550093,0.46265015059738185,0.57498958343547391,0.068992940148985424,3.7634729865716188,82,4,1.902174747477462,0.27503859004501646,0.49903960641691475,0.41715038498204643,1.0264749892583149,2.4536954477112713,1.1483755446784198,1.2945500835310668,1.6418377105845943,0.44561894409501202,0.30887137008830906,0.4835358798503876
148,N2,148,AB,6,8,0.28576335482454851,0.15914073586463928,0.38582574231550093,0.46265015059738185,0.57498958343547391,0.068992940148985424,3.7634729865716188,27,5,1.902174747477462,0.27503859004501646,0.49903960641691475,0.41715038498204643,1.0264749892583149,2.4536954477112713,1.1483755446784198,1.2945500835310668,1.6418377105845943,0.44561894409501202,0.30887137008830906,0.4835358798503876
149,N2,149,AB,6,9,0.28576335482454851,0.15914073586463928,0.38582574231550093,0.46265015059738185,0.57498958343547391,0.068992940148985424,3.7634729865716188,27,4,2.0434001853957606,0.27503859004501646,0.49903960641691475,0.41715038498204643,1.0264749892583149,2.4536954477112713,1.1483755446784198,1.2945500835310668,1.6418377105845943,0.44561894409501202,0.30887137008830906,0.4835358798503876
150,N2,150,AB,6,10,0.28576335482454851,0.15914073586463928,0.38582574231550093,0.46265015059738185,0.57498958343547391,0.068992940148985424,3.7634729865716188,27,4,1.902174747477462,0.12778071554475523,0.49903960641691475,0.41715038498204643,1.0264749892583149,2.4536954477112713,1.1483755446784198,1.2945500835310668,1.6418377105845943,0.44561894409501202,0.30887137008830906,0.4835358798503876
151,N2,151,AB,6,11,0.28576335482454851,0.15914073586463928,0.38582574231550093,0.46265015059738185,0.57498958343547391,0.068992940148985424,3.7634729865716188,27,4,1.902174747477462,0.27503859004501646,0.42056172951685317,0.41715038498204643,1.0264749892583149,2.4536954477112713,1.1483755446784198,1.2945500835310668,1.6418377105845943,0.44561894409501202,0.30887137008830906,0.4835358798503876
152,N2,152,AB,6,12,0.28576335482454851,0.15914073586463928,0.38582574231550093,0.46265015059738185,0.57498958343547391,0.068992940148985424,3.7634729865716188,27,4,1.902174747477462,0.27503859004501646,0.49903960641691475,0.49801279155340111,1.0264749892583149,2.4536954477112713,1.1483755446784198,1.2945500835310668,1.6418377105845943,0.44561894409501202,0.30887137008830906,0.4835358798503876
153,N2,153,AB,6,13,0.28576335482454851,0.15914073586463928,0.38582574231550093,0.46265015059738185,0.57498958343547391,0.068992940148985424,3.7634729865716188,27,4,1.902174747477462,0.27503859004501646,0.49903960641691475,0.41715038498204643,1.0668518680450825,2.4536954477112713,1.1483755446784198,1.2945500835310668,1.6418377105845943,0.44561894409501202,0.30887137008830906,0.4835358798503876
154,N2,154,AB,6,14,0.28576335482454851,0.15914073586463928,0.38582574231550093,0.46265015059738185,0.57498958343547391,0.068992940148985424,3.7634729865716188,27,4,1.902174747477462,0.27503859004501646,0.49903960641691475,0.41715038498204643,1.0264749892583149,2.7801604981272137,1.1483755446784198,1.2945500835310668,1.6418377105845943,0.44561894409501202,0.30887137008830906,0.4835358798503876
155,N2,155,AB,6,15,0.28576335482454851,0.15914073586463928,0.38582574231550093,0.46265015059738185,0.57498958343547391,0.068992940148985424,3.7634729865716188,27,4,1.902174747477462,0.27503859004501646,0.49903960641691475,0.41715038498204643,1.0264749892583149,2.4536954477112713,1.115326482122764,1.2945500835310668,1.6418377105845943,0.44561894409501202,0.30887137008830906,0.4835358798503876
156,N2,156,AB,6,16,0.28576335482454851,0.15914073586463928,0.38582574231550093,0.46265015059738185,0.57498958343547391,0.068992940148985424,3.7634729865716188,27,4,1.902174747477462,0.27503859004501646,0.49903960641691475,0.41715038498204643,1.0264749892583149,2.4536954477112713,1.1483755446784198,1.2137242403812707,1.6418377105845943,0.44561894409501202,0.30887137008830906,0.4835358798503876
157,N2,157,AB,6,17,0.28576335482454851,0.15914073586463928,0.38582574231550093,0.46265015059738185,0.57498958343547391,0.068992940148985424,3.7634729865716188,27,4,1.902174747477462,0.27503859004501646,0.49903960641691475,0.41715038498204643,1.0264749892583149,2.4536954477112713,1.1483755446784198,1.2945500835310668,1.7605598430201654,0.44561894409501202,0.30887137008830906,0.4835358798503876
158,N2,158,AB,6,18,0.28576335482454851,0.15914073586463928,0.38582574231550093,0.46265015059738185,0.57498958343547391,0.068992940148985424,3.7634729865716188,27,4,1.902174747477462,0.27503859004501646,0.49903960641691475,0.41715038498204643,1.0264749892583149,2.4536954477112713,1.1483755446784198,1.2945500835310668,1.6418377105845943,0.41989963040479583,0.30887137008830906,0.4835358798503876
159,N2,159,AB,6,19,0.28576335482454851,0.15914073586463928,0.38582574231550093,0.46265015059738185,0.57498958343547391,0.068992940148985424,3.7634729865716188,27,4,1.902174747477462,0.27503859004501646,0.49903960641691475,0.41715038498204643,1.0264749892583149,2.4536954477112713,1.1483755446784198,1.2945500835310668,1.6418377105845943,0.44561894409501202,0.70453458558768034,0.4835358798503876
160,N2,160,AB,6,20,0.28576335482454851,0.15914073586463928,0.38582574231550093,0.46265015059738185,0.57498958343547391,0.068992940148985424,3.7634729865716188,27,4,1.902174747477462,0.27503859004501646,0.49903960641691475,0.41715038498204643,1.0264749892583149,2.4536954477112713,1.1483755446784198,1.2945500835310668,1.6418377105845943,0.44561894409501202,0.30887137008830906,0.1579977171961218
161,N2,161,A,7,-1,0.32044296932355054,0.068821134604513653,0.52277587195858355,0.38590106994016832,0.69345067815257377,0.060914539080136998,817.51461227247512,96,2,2.1391913727750453,0.18129112040768194,0.74095830125318263,0.38934108657366245,0.88547067777127231,1.8417572142457599,1.0617422176711262,1.1574245932977647,1.5963845566343278,0.3688302580480593,0.90849119070917372,0.17102448977530002
162,N2,162,B,7,-1,0.29983606224210541,0.18757121525704862,0.69819513782858844,0.32219044659064233,0.70519136140119287,0.06561292650152302,137.31966615774883,50,3,1.9793968402737363,0.27640784906994087,0.72177242888673387,0.40863290464739682,0.89872508877356605,2.2287909596599933,1.0576302406564355,1.1071136646904052,1.5475842170431318,0.3959639224194772,0.15635953638702632,0.38883464192040262
163,N2,163,AB,7,0,0.29983606224210541,0.068821134604513653,0.52277587195858355,0.38590106994016832,0.69345067815257377,0.060914539080136998,817.51461227247512,96,2,2.1391913727750453,0.18129112040768194,0.74095830125318263,0.38934108657366245,0.88547067777127231,1.8417572142457599,1.0617422176711262,1.1574245932977647,1.5963845566343278,0.3688302580480593,0.90849119070917372,0.17102448977530002
164,N2,164,AB,7,1,0.32044296932355054,0.18757121525704862,0.52277587195858355,0.38590106994016832,0.69345067815257377,0.060914539080136998,817.51461227247512,96,2,2.1391913727750453,0.18129112040768194,0.74095830125318263,0.38934108657366245,0.88547067777127231,1.8417572142457599,1.0617422176711262,1.1574245932977647,1.5963845566343278,0.3688302580480593,0.90849119070917372,0.17102448977530002
165,N2,165,AB,7,2,0.32044296932355054,0.068821134604513653,0.69819513782858844,0.38590106994016832,0.69345067815257377,0.060914539080136998,817.51461227247512,96,2,2.1391913727750453,0.18129112040768194,0.74095830125318263,0.38934108657366245,0.88547067777127231,1.8417572142457599,1.0617422176711262,1.1574245932977647,1.5963845566343278,0.3688302580480593,0.90849119070917372,0.17102448977530002
166,N2,166,AB,7,3,0.32044296932355054,0.068821134604513653,0.52277587195858355,0.32219044659064233,0.69345067815257377,0.060914539080136998,817.51461227247512,96,2,2.1391913727750453,0.18129112040768194,0.74095830125318263,0.38934108657366245,0.88547067777127231,1.8417572142457599,1.0617422176711262,1.1574245932977647,1.5963845566343278,0.3688302580480593,0.90849119070917372,0.17102448977530002
167,N2,167,AB,7,4,0.32044296932355054,0.068821134604513653,0.52277587195858355,0.38590106994016832,0.70519136140119287,0.060914539080136998,817.51461227247512,96,2,2.1391913727750453,0.18129112040768194,0.74095830125318263,0.38934108657366245,0.88547067777127231,1.8417572142457599,1.0617422176711262,1.1574245932977647,1.5963845566343278,0.3688302580480593,0.90849119070917372,0.17102448977530002
168,N2,168,AB,7,5,0.32044296932355054,0.068821134604513653,0.52277587195858355,0.38590106994016832,0.69345067815257377,0.06561292650152302,817.51461227247512,96,2,2.1391913727750453,0.18129112040768194,0.74095830125318263,0.38934108657366245,0.88547067777127231,1.8417572142457599,1.0617422176711262,1.1574245932977647,1.5963845566343278,0.3688302580480593,0.90849119070917372,0.17102448977530002
169,N2,169,AB,7,6,0.32044296932355054,0.068821134604513653,0.52277587195858355,0.38590106994016832,0.69345067815257377,0.060914539080136998,137.31966615774883,96,2,2.1391913727750453,0.18129112040768194,0.74095830125318263,0.38934108657366245,0.88547067777127231,1.8417572142457599,1.0617422176711262,1.1574245932977647,1.5963845566343278,0.3688302580480593,0.90849119070917372,0.17102448977530002
170,N2,170,AB,7,7,0.32044296932355054,0.068821134604513653,0.52277587195858355,0.38590106994016832,0.69345067815257377,0.060914539080136998,817.51461227247512,50,2,2.1391913727750453,0.18129112040768194,0.74095830125318263,0.38934108657366245,0.88547067777127231,1.8417572142457599,1.0617422176711262,1.1574245932977647,1.5963845566343278,0.3688302580480593,0.90849119070917372,0.17102448977530002
171,N2,171,AB,7,8,0.32044296932355054,0.068821134604513653,0.52277587195858355,0.38590106994016832,0.69345067815257377,0.060914539080136998,817.51461227247512,96,3,2.1391913727750453,0.18129112040768194,0.74095830125318263,0.38934108657366245,0.88547067777127231,1.8417572142457599,1.0617422176711262,1.1574245932977647,1.5963845566343278,0.3688302580480593,0.90849119070917372,0.17102448977530002
172,N2,172,AB,7,9,0.32044296932355054,0.068821134604513653,0.52277587195858355,0.38590106994016832,0.69345067815257377,0.060914539080136998,817.51461227247512,96,2,1.9793968402737363,0.18129112040768194,0.74095830125318263,0.38934108657366245,0.88547067777127231,1.8417572142457599,1.0617422176711262,1.1574245932977647,1.5963845566343278,0.3688302580480593,0.90849119070917372,0.17102448977530002
173,N2,173,AB,7,10,0.32044296932355054,0.068821134604513653,0.52277587195858355,0.38590106994016832,0.69345067815257377,0.060914539080136998,817.51461227247512,96,2,2.1391913727750453,0.27640784906994087,0.74095830125318263,0.38934108657366245,0.88547067777127231,1.8417572142457599,1.0617422176711262,1.1574245932977647,1.5963845566343278,0.3688302580480593,0.90849119070917372,0.17102448977530002
174,N2,174,AB,7,11,0.32044296932355054,0.068821134604513653,0.52277587195858355,0.38590106994016832,0.69345067815257377,0.060914539080136998,817.51461227247512,96,2,2.1391913727750453,0.18129112040768194,0.72177242888673387,0.38934108657366245,0.88547067777127231,1.8417572142457599,1.0617422176711262,1.1574245932977647,1.5963845566343278,0.3688302580480593,0.90849119070917372,0.17102448977530002
175,N2,175,AB,7,12,0.32044296932355054,0.068821134604513653,0.52277587195858355,0.38590106994016832,0.69345067815257377,0.060914539080136998,817.51461227247512,96,2,2.1391913727750453,0.18129112040768194,0.74095830125318263,0.40863290464739682,0.88547067777127231,1.8417572142457599,1.0617422176711262,1.1574245932977647,1.5963845566343278,0.3688302580480593,0.90849119070917372,0.17102448977530002
176,N2,176,AB,7,13,0.32044296932355054,0.068821134604513653,0.52277587195858355,0.38590106994016832,0.69345067815257377,0.060914539080136998,817.51461227247512,96,2,2.1391913727750453,0.18129112040768194,0.74095830125318263,0.38934108657366245,0.89872508877356605,1.8417572142457599,1.0617422176711262,1.1574245932977647,1.5963845566343278,0.3688302580480593,0.90849119070917372,0.17102448977530002
177,N2,177,AB,7,14,0.32044296932355054,0.068821134604513653,0.52277587195858355,0.38590106994016832,0.69345067815257377,0.060914539080136998,817.51461227247512,96,2,2.1391913727750453,0.18129112040768194,0.74095830125318263,0.38934108657366245,0.88547067777127231,2.2287909596599933,1.0617422176711262,1.1574245932977647,1.5963845566343278,0.3688302580480593,0.90849119070917372,0.17102448977530002
178,N2,178,AB,7,15,0.32044296932355054,0.068821134604513653,0.52277587195858355,0.38590106994016832,0.69345067815257377,0.060914539080136998,817.51461227247512,96,2,2.1391913727750453,0.18129112040768194,0.74095830125318263,0.38934108657366245,0.88547067777127231,1.8417572142457599,1.0576302406564355,1.1574245932977647,1.5963845566343278,0.3688302580480593,0.90849119070917372,0.17102448977530002
179,N2,179,AB,7,16,0.32044296932355054,0.068821134604513653,0.52277587195858355,0.38590106994016832,0.69345067815257377,0.060914539080136998,817.51461227247512,96,2,2.1391913727750453,0.18129112040768194,0.74095830125318263,0.38934108657366245,0.88547067777127231,1.8417572142457599,1.0617422176711262,1.1071136646904052,1.5963845566343278,0.3688302580480593,0.90849119070917372,0.17102448977530002
180,N2,180,AB,7,17,0.32044296932355054,0.068821134604513653,0.52277587195858355,0.38590106994016832,0.69345067815257377,0.060914539080136998,817.51461227247512,96,2,2.1391913727750453,0.18129112040768194,0.74095830125318263,0.38934108657366245,0.88547067777127231,1.8417572142457599,1.0617422176711262,1.1574245932977647,1.5475842170431318,0.3688302580480593,0.90849119070917372,0.17102448977530002
181,N2,181,AB,7,18,0.32044296932355054,0.068821134604513653,0.52277587195858355,0.38590106994016832,0.69345067815257377,0.060914539080136998,817.51461227247512,96,2,2.1391913727750453,0.18129112040768194,0.74095830125318263,0.38934108657366245,0.88547067777127231,1.8417572142457599,1.0617422176711262,1.1574245932977647,1.5963845566343278,0.3959639224194772,0.90849119070917372,0.17102448977530002
182,N2,182,AB,7,19,0.32044296932355054,0.068821134604513653,0.52277587195858355,0.38590106994016832,0.69345067815257377,0.060914539080136998,817.51461227247512,96,2,2.1391913727750453,0.18129112040768194,0.74095830125318263,0.38934108657366245,0.88547067777127231,1.8417572142457599,1.0617422176711262,1.1574245932977647,1.5963845566343278,0.3688302580480593,0.15635953638702632,0.17102448977530002
183,N2,183,AB,7,20,0.32044296932355054,0.068821134604513653,0.52277587195858355,0.38590106994016832,0.69345067815257377,0.060914539080136998,817.51461227247512,96,2,2.1391913727750453,0.18129112040768194,0.74095830125318263,0.38934108657366245,0.88547067777127231,1.8417572142457599,1.0617422176711262,1.1574245932977647,1.5963845566343278,0.3688302580480593,0.90849119070917372,0.38883464192040262
184,N2,184,A,8,-1,0.32801120499467884,0.22502622716128828,0.34953345060348506,0.3136114214878698,0.5625138282736557,0.062107298273957723,67.180251589119948,51,1,1.7949496009189541,0.19983274877079873,0.65407870842896809,0.33065739258562976,1.0073215518037817,2.770579599394503,1.0901642064191401,1.2137503220699728,1.7189328723191482,0.40410656344221291,0.17450519502162934,0.36057157842442389
185,N2,185,B,8,-1,0.24934481478718684,0.085479742661118518,0.26390450196340681,0.35094671606196781,0.6387239083462164,0.068198536386748332,90.432395002808278,4,5,2.2215128247660707,0.34002226604951746,0.6821022200723863,0.34111336060239844,0.78170025094763862,2.9071514375929892,1.0297443601302803,1.2779868952464313,1.6375714422684848,0.40433605759543545,0.56076372573152189,0.26241053831763561
186,N2,186,AB,8,0,0.24934481478718684,0.22502622716128828,0.34953345060348506,0.3136114214878698,0.5625138282736557,0.062107298273957723,67.180251589119948,51,1,1.7949496009189541,0.19983274877079873,0.65407870842896809,0.33065739258562976,1.0073215518037817,2.770579599394503,1.0901642064191401,1.2137503220699728,1.7189328723191482,0.40410656344221291,0.17450519502162934,0.36057157842442389
187,N2,187,AB,8,1,0.32801120499467884,0.085479742661118518,0.34953345060348506,0.3136114214878698,0.5625138282736557,0.062107298273957723,67.180251589119948,51,1,1.7949496009189541,0.19983274877079873,0.65407870842896809,0.33065739258562976,1.0073215518037817,2.770579599394503,1.0901642064191401,1.2137503220699728,1.7189328723191482,0.40410656344221291,0.17450519502162934,0.36057157842442389
188,N2,188,AB,8,2,0.32801120499467884,0.22502622716128828,0.26390450196340681,0.3136114214878698,0.5625138282736557,0.062107298273957723,67.180251589119948,51,1,1.7949496009189541,0.19983274877079873,0.65407870842896809,0.33065739258562976,1.0073215518037817,2.770579599394503,1.0901642064191401,1.2137503220699728,1.7189328723191482,0.40410656344221291,0.17450519502162934,0.36057157842442389
189,N2,189,AB,8,3,0.32801120499467884,0.22502622716128828,0.34953345060348506,0.35094671606196781,0.5625138282736557,0.062107298273957723,67.180251589119948,51,1,1.7949496009189541,0.19983274877079873,0.65407870842896809,0.33065739258562976,1.0073215518037817,2.770579599394503,1.0901642064191401,1.2137503220699728,1.7189328723191482,0.40410656344221291,0.17450519502162934,0.36057157842442389
190,N2,190,AB,8,4,0.32801120499467884,0.22502622716128828,0.34953345060348506,0.3136114214878698,0.6387239083462164,0.062107298273957723,67.180251589119948,51,1,1.7949496009189541,0.19983274877079873,0.65407870842896809,0.33065739258562976,1.0073215518037817,2.770579599394503,1.0901642064191401,1.2137503220699728,1.7189328723191482,0.40410656344221291,0.17450519502162934,0.36057157842442389
191,N2,191,AB,8,5,0.32801120499467884,0.22502622716128828,0.34953345060348506,0.3136114214878698,0.5625138282736557,0.068198536386748332,67.180251589119948,51,1,1.7949496009189541,0.19983274877079873,0.65407870842896809,0.33065739258562976,1.0073215518037817,2.770579599394503,1.0901642064191401,1.2137503220699728,1.7189328723191482,0.40410656344221291,0.17450519502162934,0.36057157842442389
192,N2,192,AB,8,6,0.32801120499467884,0.22502622716128828,0.34953345060348506,0.3136114214878698,0.5625138282736557,0.062107298273957723,90.432395002808278,51,1,1.7949496009189541,0.19983274877079873,0.65407870842896809,0.33065739258562976,1.0073215518037817,2.770579599394503,1.0901642064191401,1.2137503220699728,1.7189328723191482,0.40410656344221291,0.17450519502162934,0.36057157842442389
193,N2,193,AB,8,7,0.32801120499467884,0.22502622716128828,0.34953345060348506,0.3136114214878698,0.5625138282736557,0.062107298273957723,67.180251589119948,4,1,1.7949496009189541,0.19983274877079873,0.65407870842896809,0.33065739258562976,1.0073215518037817,2.770579599394503,1.0901642064191401,1.2137503220699728,1.7189328723191482,0.40410656344221291,0.17450519502162934,0.36057157842442389
194,N2,194,AB,8,8,0.32801120499467884,0.22502622716128828,0.34953345060348506,0.3136114214878698,0.5625138282736557,0.062107298273957723,67.180251589119948,51,5,1.7949496009189541,0.19983274877079873,0.65407870842896809,0.33065739258562976,1.0073215518037817,2.770579599394503,1.0901642064191401,1.2137503220699728,1.7189328723191482,0.40410656344221291,0.17450519502162934,0.36057157842442389
195,N2,195,AB,8,9,0.32801120499467884,0.22502622716128828,0.34953345060348506,0.3136114214878698,0.5625138282736557,0.062107298273957723,67.180251589119948,51,1,2.2215128247660707,0.19983274877079873,0.65407870842896809,0.33065739258562976,1.0073215518037817,2.770579599394503,1.0901642064191401,1.2137503220699728,1.7189328723191482,0.40410656344221291,0.17450519502162934,0.36057157842442389
196,N2,196,AB,8,10,0.32801120499467884,0.22502622716128828,0.34953345060348506,0.3136114214878698,0.5625138282736557,0.062107298273957723,67.180251589119948,51,1,1.7949496009189541,0.34002226604951746,0.65407870842896809,0.33065739258562976,1.0073215518037817,2.770579599394503,1.0901642064191401,1.2137503220699728,1.7189328723191482,0.40410656344221291,0.17450519502162934,0.36057157842442389
197,N2,197,AB,8,11,0.32801120499467884,0.22502622716128828,0.34953345060348506,0.3136114214878698,0.5625138282736557,0.062107298273957723,67.180251589119948,51,1,1.7949496009189541,0.19983274877079873,0.6821022200723863,0.33065739258562976,1.0073215518037817,2.770579599394503,1.0901642064191401,1.2137503220699728,1.7189328723191482,0.40410656344221291,0.17450519502162934,0.36057157842442389
198,N2,198,AB,8,12,0.32801120499467884,0.22502622716128828,0.34953345060348506,0.3136114214878698,0.5625138282736557,0.062107298273957723,67.180251589119948,51,1,1.7949496009189541,0.19983274877079873,0.65407870842896809,0.34111336060239844,1.0073215518037817,2.770579599394503,1.0901642064191401,1.2137503220699728,1.7189328723191482,0.40410656344221291,0.17450519502162934,0.36057157842442389
199,N2,199,AB,8,13,0.32801120499467884,0.22502622716128828,0.34953345060348506,0.3136114214878698,0.5625138282736557,0.062107298273957723,67.180251589119948,51,1,1.7949496009189541,0.19983274877079873,0.65407870842896809,0.33065739258562976,0.78170025094763862,2.770579599394503,1.0901642064191401,1.2137503220699728,1.7189328723191482,0.40410656344221291,0.17450519502162934,0.36057157842442389
200,N2,200,AB,8,14,0.32801120499467884,0.22502622716128828,0.34953345060348506,0.3136114214878698,0.5625138282736557,0.062107298273957723,67.180251589119948,51,1,1.7949496009189541,0.19983274877079873,0.65407870842896809,0.33065739258562976,1.0073215518037817,2.9071514375929892,1.0901642064191401,1.2137503220699728,1.7189328723191482,0.40410656344221291,0.17450519502162934,0.36057157842442389
201,N2,201,AB,8,15,0.32801120499467884,0.22502622716128828,0.34953345060348506,0.3136114214878698,0.5625138282736557,0.062107298273957723,67.180251589119948,51,1,1.7949496009189541,0.19983274877079873,0.65407870842896809,0.33065739258562976,1.0073215518037817,2.770579599394503,1.0297443601302803,1.2137503220699728,1.7189328723191482,0.40410656344221291,0.17450519502162934,0.36057157842442389
202,N2,202,AB,8,16,0.32801120499467884,0.22502622716128828,0.34953345060348506,0.3136114214878698,0.5625138282736557,0.062107298273957723,67.180251589119948,51,1,1.7949496009189541,0.19983274877079873,0.65407870842896809,0.33065739258562976,1.0073215518037817,2.770579599394503,1.0901642064191401,1.2779868952464313,1.7189328723191482,0.40410656344221291,0.17450519502162934,0.36057157842442389
203,N2,203,AB,8,17,0.32801120499467884,0.22502622716128828,0.34953345060348506,0.3136114214878698,0.5625138282736557,0.062107298273957723,67.180251589119948,51,1,1.7949496009189541,0.19983274877079873,0.65407870842896809,0.33065739258562976,1.0073215518037817,2.770579599394503,1.0901642064191401,1.2137503220699728,1.6375714422684848,0.40410656344221291,0.17450519502162934,0.36057157842442389
204,N2,204,AB,8,18,0.32801120499467884,0.22502622716128828,0.34953345060348506,0.3136114214878698,0.5625138282736557,0.062107298273957723,67.180251589119948,51,1,1.7949496009189541,0.19983274877079873,0.65407870842896809,0.33065739258562976,1.0073215518037817,2.770579599394503,1.0901642064191401,1.2137503220699728,1.7189328723191482,0.40433605759543545,0.17450519502162934,0.36057157842442389
205,N2,205,AB,8,19,0.32801120499467884,0.22502622716128828,0.34953345060348506,0.3136114214878698,0.5625138282736557,0.062107298273957723,67.180251589119948,51,1,1.7949496009189541,0.19983274877079873,0.65407870842896809,0.33065739258562976,1.0073215518037817,2.770579599394503,1.0901642064191401,1.2137503220699728,1.7189328723191482,0.40410656344221291,0.56076372573152189,0.36057157842442389
206,N2,206,AB,8,20,0.32801120499467884,0.22502622716128828,0.34953345060348506,0.3136114214878698,0.5625138282736557,0.062107298273957723,67.180251589119948,51,1,1.7949496009189541,0.19983274877079873,0.65407870842896809,0.33065739258562976,1.0073215518037817,2.770579599394503,1.0901642064191401,1.2137503220699728,1.7189328723191482,0.40410656344221291,0.17450519502162934,0.26241053831763561
207,N2,207,A,9,-1,0.29491948855248495,0.14037146177142859,0.55725242458283897,0.46883144022095957,0.7415903643473617,0.072207302101410881,307.18859206188961,21,5,2.2457161461176889,0.27177170257395744,0.44599264792425342,0.64544576738036952,0.85926330571825127,2.1559939438333915,1.0387042717076838,1.1005591961555183,1.5370122390582008,0.40446809321896388,0.81587306419387462,0.29022860964760183
208,N2,208,B,9,-1,0.34396098617503734,0.18471050970256331,0.49814758384600277,0.42661519803254266,0.74180342864761606,0.060412373419983526,2778.5316790179677,66,3,1.8304825562109619,0.15925204029870765,0.50582822046302889,0.4115056344851406,0.96799363298778274,2.2756037730324521,1.1350559265632181,1.1639458331745118,1.4895456206811675,0.38653421309687097,0.30034851180389521,0.49086324782110746
209,N2,209,AB,9,0,0.34396098617503734,0.14037146177142859,0.55725242458283897,0.46883144022095957,0.7415903643473617,0.072207302101410881,307.18859206188961,21,5,2.2457161461176889,0.27177170257395744,0.44599264792425342,0.64544576738036952,0.85926330571825127,2.1559939438333915,1.0387042717076838,1.1005591961555183,1.5370122390582008,0.40446809321896388,0.81587306419387462,0.29022860964760183
210,N2,210,AB,9,1,0.29491948855248495,0.18471050970256331,0.55725242458283897,0.46883144022095957,0.7415903643473617,0.072207302101410881,307.18859206188961,21,5,2.2457161461176889,0.27177170257395744,0.44599264792425342,0.64544576738036952,0.85926330571825127,2.1559939438333915,1.0387042717076838,1.1005591961555183,1.5370122390582008,0.40446809321896388,0.81587306419387462,0.29022860964760183
211,N2,211,AB,9,2,0.29491948855248495,0.14037146177142859,0.49814758384600277,0.46883144022095957,0.7415903643473617,0.072207302101410881,307.18859206188961,21,5,2.2457161461176889,0.27177170257395744,0.44599264792425342,0.64544576738036952,0.85926330571825127,2.1559939438333915,1.0387042717076838,1.1005591961555183,1.5370122390582008,0.40446809321896388,0.81587306419387462,0.29022860964760183
212,N2,212,AB,9,3,0.29491948855248495,0.14037146177142859,0.55725242458283897,0.42661519803254266,0.7415903643473617,0.072207302101410881,307.18859206188961,21,5,2.2457161461176889,0.27177170257395744,0.44599264792425342,0.64544576738036952,0.85926330571825127,2.1559939438333915,1.0387042717076838,1.1005591961555183,1.5370122390582008,0.40446809321896388,0.81587306419387462,0.29022860964760183
213,N2,213,AB,9,4,0.29491948855248495,0.14037146177142859,0.55725242458283897,0.46883144022095957,0.74180342864761606,0.072207302101410881,307.18859206188961,21,5,2.2457161461176889,0.27177170257395744,0.44599264792425342,0.64544576738036952,0.85926330571825127,2.1559939438333915,1.0387042717076838,1.1005591961555183,1.5370122390582008,0.40446809321896388,0.81587306419387462,0.29022860964760183
214,N2,214,AB,9,5,0.29491948855248495,0.14037146177142859,0.55725242458283897,0.46883144022095957,0.7415903643473617,0.060412373419983526,307.18859206188961,21,5,2.2457161461176889,0.27177170257395744,0.44599264792425342,0.64544576738036952,0.85926330571825127,2.1559939438333915,1.0387042717076838,1.1005591961555183,1.5370122390582008,0.40446809321896388,0.81587306419387462,0.29022860964760183
215,N2,215,AB,9,6,0.29491948855248495,0.14037146177142859,0.55725242458283897,0.46883144022095957,0.7415903643473617,0.072207302101410881,2778.5316790179677,21,5,2.2457161461176889,0.27177170257395744,0.44599264792425342,0.64544576738036952,0.85926330571825127,2.1559939438333915,1.0387042717076838,1.1005591961555183,1.5370122390582008,0.40446809321896388,0.81587306419387462,0.29022860964760183
216,N2,216,AB,9,7,0.29491948855248495,0.14037146177142859,0.55725242458283897,0.46883144022095957,0.7415903643473617,0.072207302101410881,307.18859206188961,66,5,2.2457161461176889,0.27177170257395744,0.44599264792425342,0.64544576738036952,0.85926330571825127,2.1559939438333915,1.0387042717076838,1.1005591961555183,1.5370122390582008,0.40446809321896388,0.81587306419387462,0.29022860964760183
217,N2,217,AB,9,8,0.29491948855248495,0.14037146177142859,0.55725242458283897,0.46883144022095957,0.7415903643473617,0.072207302101410881,307.18859206188961,21,3,2.2457161461176889,0.27177170257395744,0.44599264792425342,0.64544576738036952,0.85926330571825127,2.1559939438333915,1.0387042717076838,1.1005591961555183,1.5370122390582008,0.40446809321896388,0.81587306419387462,0.29022860964760183
218,N2,218,AB,9,9,0.29491948855248495,0.14037146177142859,0.55725242458283897,0.46883144022095957,0.7415903643473617,0.072207302101410881,307.18859206188961,21,5,1.8304825562109619,0.27177170257395744,0.44599264792425342,0.64544576738036952,0.85926330571825127,2.1559939438333915,1.0387042717076838,1.1005591961555183,1.5370122390582008,0.40446809321896388,0.81587306419387462,0.29022860964760183
219,N2,219,AB,9,10,0.29491948855248495,0.14037146177142859,0.55725242458283897,0.46883144022095957,0.7415903643473617,0.072207302101410881,307.18859206188961,21,5,2.2457161461176889,0.15925204029870765,0.44599264792425342,0.64544576738036952,0.85926330571825127,2.1559939438333915,1.0387042717076838,1.1005591961555183,1.5370122390582008,0.40446809321896388,0.81587306419387462,0.29022860964760183
220,N2,220,AB,9,11,0.29491948855248495,0.14037146177142859,0.55725242458283897,0.46883144022095957,0.7415903643473617,0.072207302101410881,307.18859206188961,21,5,2.2457161461176889,0.27177170257395744,0.50582822046302889,0.64544576738036952,0.85926330571825127,2.1559939438333915,1.0387042717076838,1.1005591961555183,1.5370122390582008,0.40446809321896388,0.81587306419387462,0.29022860964760183
221,N2,221,AB,9,12,0.29491948855248495,0.14037146177142859,0.55725242458283897,0.46883144022095957,0.7415903643473617,0.072207302101410881,307.18859206188961,21,5,2.2457161461176889,0.27177170257395744,0.44599264792425342,0.4115056344851406,0.85926330571825127,2.1559939438333915,1.0387042717076838,1.1005591961555183,1.5370122390582008,0.40446809321896388,0.81587306419387462,0.29022860964760183
222,N2,222,AB,9,13,0.29491948855248495,0.14037146177142859,0.55725242458283897,0.46883144022095957,0.7415903643473617,0.072207302101410881,307.18859206188961,21,5,2.2457161461176889,0.27177170257395744,0.44599264792425342,0.64544576738036952,0.96799363298778274,2.1559939438333915,1.0387042717076838,1.1005591961555183,1.5370122390582008,0.40446809321896388,0.81587306419387462,0.29022860964760183
223,N2,223,AB,9,14,0.29491948855248495,0.14037146177142859,0.55725242458283897,0.46883144022095957,0.7415903643473617,0.072207302101410881,307.18859206188961,21,5,2.2457161461176889,0.27177170257395744,0.44599264792425342,0.64544576738036952,0.85926330571825127,2.2756037730324521,1.0387042717076838,1.1005591961555183,1.5370122390582008,0.40446809321896388,0.81587306419387462,0.29022860964760183
224,N2,224,AB,9,15,0.29491948855248495,0.14037146177142859,0.55725242458283897,0.46883144022095957,0.7415903643473617,0.072207302101410881,307.18859206188961,21,5,2.2457161461176889,0.27177170257395744,0.44599264792425342,0.64544576738036952,0.85926330571825127,2.1559939438333915,1.1350559265632181,1.1005591961555183,1.5370122390582008,0.40446809321896388,0.81587306419387462,0.29022860964760183
225,N2,225,AB,9,16,0.29491948855248495,0.14037146177142859,0.55725242458283897,0.46883144022095957,0.7415903643473617,0.072207302101410881,307.18859206188961,21,5,2.2457161461176889,0.27177170257395744,0.44599264792425342,0.64544576738036952,0.85926330571825127,2.1559939438333915,1.0387042717076838,1.1639458331745118,1.5370122390582008,0.40446809321896388,0.81587306419387462,0.29022860964760183
226,N2,226,AB,9,17,0.29491948855248495,0.14037146177142859,0.55725242458283897,0.46883144022095957,0.7415903643473617,0.072207302101410881,307.18859206188961,21,5,2.2457161461176889,0.27177170257395744,0.44599264792425342,0.64544576738036952,0.85926330571825127,2.1559939438333915,1.0387042717076838,1.1005591961555183,1.4895456206811675,0.40446809321896388,0.81587306419387462,0.29022860964760183
227,N2,227,AB,9,18,0.29491948855248495,0.14037146177142859,0.55725242458283897,0.46883144022095957,0.7415903643473617,0.072207302101410881,307.18859206188961,21,5,2.2457161461176889,0.27177170257395744,0.44599264792425342,0.64544576738036952,0.85926330571825127,2.1559939438333915,1.0387042717076838,1.1005591961555183,1.5370122390582008,0.38653421309687097,0.81587306419387462,0.29022860964760183
228,N2,228,AB,9,19,0.29491948855248495,0.14037146177142859,0.55725242458283897,0.46883144022095957,0.7415903643473617,0.072207302101410881,307.18859206188961,21,5,2.2457161461176889,0.27177170257395744,0.44599264792425342,0.64544576738036952,0.85926330571825127,2.1559939438333915,1.0387042717076838,1.1005591961555183,1.5370122390582008,0.40446809321896388,0.30034851180389521,0.29022860964760183
229,N2,229,AB,9,20,0.29491948855248495,0.14037146177142859,0.55725242458283897,0.46883144022095957,0.7415903643473617,0.072207302101410881,307.18859206188961,21,5,2.2457161461176889,0.27177170257395744,0.44599264792425342,0.64544576738036952,0.85926330571825127,2.1559939438333915,1.0387042717076838,1.1005591961555183,1.5370122390582008,0.40446809321896388,0.81587306419387462,0.49086324782110746
230,N2,230,A,10,-1,0.23188208461896587,0.19177029840648174,0.28928475342690946,0.39624447440750532,0.80028829513300259,0.068240058389458361,5.4171740853323733,37,4,2.0731746113076088,0.2362345373095569,0.5406924593200011,0.40513125697031727,0.95131049629005959,1.9385585409534629,1.1373383901733904,1.1147691732738167,1.6330573150238128,0.46733342242884124,0.35197164760902522,0.46397428256459528
231,N2,231,B,10,-1,0.30348029202902732,0.10805757939815522,0.38587970919907089,0.30382607176362203,0.93318045385520998,0.071563616157250071,249.86821306169705,42,1,2.0051194667455112,0.24572287087488812,0.62418525296952088,0.48949824740933906,1.0035694481805624,1.7478853646570658,1.0636061099357903,1.1773774721194059,1.7031041829969391,0.46653731843063195,0.80251844525337224,0.36031072987243529
232,N2,232,AB,10,0,0.30348029202902732,0.19177029840648174,0.28928475342690946,0.39624447440750532,0.80028829513300259,0.068240058389458361,5.4171740853323733,37,4,2.0731746113076088,0.2362345373095569,0.5406924593200011,0.40513125697031727,0.95131049629005959,1.9385585409534629,1.1373383901733904,1.1147691732738167,1.6330573150238128,0.46733342242884124,0.35197164760902522,0.46397428256459528
233,N2,233,AB,10,1,0.23188208461896587,0.10805757939815522,0.28928475342690946,0.39624447440750532,0.80028829513300259,0.068240058389458361,5.4171740853323733,37,4,2.0731746113076088,0.2362345373095569,0.5406924593200011,0.40513125697031727,0.95131049629005959,1.9385585409534629,1.1373383901733904,1.1147691732738167,1.6330573150238128,0.46733342242884124,0.35197164760902522,0.46397428256459528
234,N2,234,AB,10,2,0.23188208461896587,0.19177029840648174,0.38587970919907089,0.39624447440750532,0.80028829513300259,0.068240058389458361,5.4171740853323733,37,4,2.0731746113076088,0.2362345373095569,0.5406924593200011,0.40513125697031727,0.95131049629005959,1.9385585409534629,1.1373383901733904,1.1147691732738167,1.6330573150238128,0.46733342242884124,0.35197164760902522,0.46397428256459528
235,N2,235,AB,10,3,0.23188208461896587,0.19177029840648174,0.28928475342690946,0.30382607176362203,0.80028829513300259,0.068240058389458361,5.4171740853323733,37,4,2.0731746113076088,0.2362345373095569,0.5406924593200011,0.40513125697031727,0.95131049629005959,1.9385585409534629,1.1373383901733904,1.1147691732738167,1.6330573150238128,0.46733342242884124,0.35197164760902522,0.46397428256459528
236,N2,236,AB,10,4,0.23188208461896587,0.19177029840648174,0.28928475342690946,0.39624447440750532,0.93318045385520998,0.068240058389458361,5.4171740853323733,37,4,2.0731746113076088,0.2362345373095569,0.5406924593200011,0.40513125697031727,0.95131049629005959,1.9385585409534629,1.1373383901733904,1.1147691732738167,1.6330573150238128,0.46733342242884124,0.35197164760902522,0.46397428256459528
237,N2,237,AB,10,5,0.23188208461896587,0.19177029840648174,0.28928475342690946,0.39624447440750532,0.80028829513300259,0.071563616157250071,5.4171740853323733,37,4,2.0731746113076088,0.2362345373095569,0.5406924593200011,0.40513125697031727,0.95131049629005959,1.9385585409534629,1.1373383901733904,1.1147691732738167,1.6330573150238128,0.46733342242884124,0.35197164760902522,0.46397428256459528
238,N2,238,AB,10,6,0.23188208461896587,0.19177029840648174,0.28928475342690946,0.39624447440750532,0.80028829513300259,0.068240058389458361,249.86821306169705,37,4,2.0731746113076088,0.2362345373095569,0.5406924593200011,0.40513125697031727,0.95131049629005959,1.9385585409534629,1.1373383901733904,1.1147691732738167,1.6330573150238128,0.46733342242884124,0.35197164760902522,0.46397428256459528
239,N2,239,AB,10,7,0.23188208461896587,0.19177029840648174,0.28928475342690946,0.39624447440750532,0.80028829513300259,0.068240058389458361,5.4171740853323733,42,4,2.0731746113076088,0.2362345373095569,0.5406924593200011,0.40513125697031727,0.95131049629005959,1.9385585409534629,1.1373383901733904,1.1147691732738167,1.6330573150238128,0.46733342242884124,0.35197164760902522,0.46397428256459528
240,N2,240,AB,10,8,0.23188208461896587,0.19177029840648174,0.28928475342690946,0.39624447440750532,0.80028829513300259,0.068240058389458361,5.4171740853323733,37,1,2.0731746113076088,0.2362345373095569,0.5406924593200011,0.40513125697031727,0.95131049629005959,1.9385585409534629,1.1373383901733904,1.1147691732738167,1.6330573150238128,0.46733342242884124,0.35197164760902522,0.46397428256459528
241,N2,241,AB,10,9,0.23188208461896587,0.19177029840648174,0.28928475342690946,0.39624447440750532,0.80028829513300259,0.068240058389458361,5.4171740853323733,37,4,2.0051194667455112,0.2362345373095569,0.5406924593200011,0.40513125697031727,0.95131049629005959,1.9385585409534629,1.1373383901733904,1.1147691732738167,1.6330573150238128,0.46733342242884124,0.35197164760902522,0.46397428256459528
242,N2,242,AB,10,10,0.23188208461896587,0.19177029840648174,0.28928475342690946,0.39624447440750532,0.80028829513300259,0.068240058389458361,5.4171740853323733,37,4,2.0731746113076088,0.24572287087488812,0.5406924593200011,0.40513125697031727,0.95131049629005959,1.9385585409534629,1.1373383901733904,1.1147691732738167,1.6330573150238128,0.46733342242884124,0.35197164760902522,0.46397428256459528
243,N2,243,AB,10,11,0.23188208461896587,0.19177029840648174,0.28928475342690946,0.39624447440750532,0.80028829513300259,0.068240058389458361,5.4171740853323733,37,4,2.0731746113076088,0.2362345373095569,0.62418525296952088,0.40513125697031727,0.95131049629005959,1.9385585409534629,1.1373383901733904,1.1147691732738167,1.6330573150238128,0.46733342242884124,0.35197164760902522,0.46397428256459528
244,N2,244,AB,10,12,0.23188208461896587,0.19177029840648174,0.28928475342690946,0.39624447440750532,0.80028829513300259,0.068240058389458361,5.4171740853323733,37,4,2.0731746113076088,0.2362345373095569,0.5406924593200011,0.48949824740933906,0.95131049629005959,1.9385585409534629,1.1373383901733904,1.1147691732738167,1.6330573150238128,0.46733342242884124,0.35197164760902522,0.46397428256459528
245,N2,245,AB,10,13,0.23188208461896587,0.19177029840648174,0.28928475342690946,0.39624447440750532,0.80028829513300259,0.068240058389458361,5.4171740853323733,37,4,2.0731746113076088,0.2362345373095569,0.5406924593200011,0.40513125697031727,1.0035694481805624,1.9385585409534629,1.1373383901733904,1.1147691732738167,1.6330573150238128,0.46733342242884124,0.35197164760902522,0.46397428256459528
246,N2,246,AB,10,14,0.23188208461896587,0.19177029840648174,0.28928475342690946,0.39624447440750532,0.80028829513300259,0.068240058389458361,5.4171740853323733,37,4,2.0731746113076088,0.2362345373095569,0.5406924593200011,0.40513125697031727,0.95131049629005959,1.7478853646570658,1.1373383901733904,1.1147691732738167,1.6330573150238128,0.46733342242884124,0.35197164760902522,0.46397428256459528
247,N2,247,AB,10,15,0.23188208461896587,0.19177029840648174,0.28928475342690946,0.39624447440750532,0.80028829513300259,0.068240058389458361,5.4171740853323733,37,4,2.0731746113076088,0.2362345373095569,0.5406924593200011,0.40513125697031727,0.95131049629005959,1.9385585409534629,1.0636061099357903,1.1147691732738167,1.6330573150238128,0.46733342242884124,0.35197164760902522,0.46397428256459528
248,N2,248,AB,10,16,0.23188208461896587,0.19177029840648174,0.28928475342690946,0.39624447440750532,0.80028829513300259,0.068240058389458361,5.4171740853323733,37,4,2.0731746113076088,0.2362345373095569,0.5406924593200011,0.40513125697031727,0.95131049629005959,1.9385585409534629,1.1373383901733904,1.1773774721194059,1.6330573150238128,0.46733342242884124,0.35197164760902522,0.46397428256459528
249,N2,249,AB,10,17,0.23188208461896587,0.19177029840648174,0.28928475342690946,0.39624447440750532,0.80028829513300259,0.068240058389458361,5.4171740853323733,37,4,2.0731746113076088,0.2362345373095569,0.5406924593200011,0.40513125697031727,0.95131049629005959,1.9385585409534629,1.1373383901733904,1.1147691732738167,1.7031041829969391,0.46733342242884124,0.35197164760902522,0.46397428256459528
250,N2,250,AB,10,18,0.23188208461896587,0.19177029840648174,0.28928475342690946,0.39624447440750532,0.80028829513300259,0.068240058389458361,5.4171740853323733,37,4,2.0731746113076088,0.2362345373095569,0.5406924593200011,0.40513125697031727,0.95131049629005959,1.9385585409534629,1.1373383901733904,1.1147691732738167,1.6330573150238128,0.46653731843063195,0.35197164760902522,0.46397428256459528
251,N2,251,AB,10,19,0.23188208461896587,0.19177029840648174,0.28928475342690946,0.39624447440750532,0.80028829513300259,0.068240058389458361,5.4171740853323733,37,4,2.0731746113076088,0.2362345373095569,0.5406924593200011,0.40513125697031727,0.95131049629005959,1.9385585409534629,1.1373383901733904,1.1147691732738167,1.6330573150238128,0.46733342242884124,0.80251844525337224,0.46397428256459528
252,N2,252,AB,10,20,0.23188208461896587,0.19177029840648174,0.28928475342690946,0.39624447440750532,0.80028829513300259,0.068240058389458361,5.4171740853323733,37,4,2.0731746113076088,0.2362345373095569,0.5406924593200011,0.40513125697031727,0.95131049629005959,1.9385585409534629,1.1373383901733904,1.1147691732738167,1.6330573150238128,0.46733342242884124,0.35197164760902522,0.36031072987243529
253,N2,253,A,11,-1,0.31092191779179912,0.080332102440297606,0.62151519656181331,0.43997211629779642,0.67461360983848129,0.06398955212044978,1209.0493977615406,92,2,1.9460926564636802,0.12318533971748984,0.59412286070892983,0.43450455330776905,0.65061683232214607,2.3972559484690787,1.0575441048759966,1.25920266979374,1.5599555604918192,0.35594250587920373,0.63872872479259968,0.18445611153729258
254,N2,254,B,11,-1,0.29271102391590398,0.20886152759194376,0.65157991349697109,0.50435420552171639,0.5468389402249656,0.063118878636090725,5.6692682576651352,77,3,1.972464130011234,0.2119339599558929,0.52169092440327203,0.39138363859592518,0.84423187102396968,2.343439488358773,1.1035289182607084,1.0809617456514389,1.5833443533397269,0.38107595202149708,0.5363899115473032,0.21935545438900589
255,N2,255,AB,11,0,0.29271102391590398,0.080332102440297606,0.62151519656181331,0.43997211629779642,0.67461360983848129,0.06398955212044978,1209.0493977615406,92,2,1.9460926564636802,0.12318533971748984,0.59412286070892983,0.43450455330776905,0.65061683232214607,2.3972559484690787,1.0575441048759966,1.25920266979374,1.5599555604918192,0.35594250587920373,0.63872872479259968,0.18445611153729258
256,N2,256,AB,11,1,0.31092191779179912,0.20886152759194376,0.62151519656181331,0.43997211629779642,0.67461360983848129,0.06398955212044978,1209.0493977615406,92,2,1.9460926564636802,0.12318533971748984,0.59412286070892983,0.43450455330776905,0.65061683232214607,2.3972559484690787,1.0575441048759966,1.25920266979374,1.5599555604918192,0.35594250587920373,0.63872872479259968,0.18445611153729258
257,N2,257,AB,11,2,0.31092191779179912,0.080332102440297606,0.65157991349697109,0.43997211629779642,0.67461360983848129,0.06398955212044978,1209.0493977615406,92,2,1.9460926564636802,0.12318533971748984,0.59412286070892983,0.43450455330776905,0.65061683232214607,2.3972559484690787,1.0575441048759966,1.25920266979374,1.5599555604918192,0.35594250587920373,0.63872872479259968,0.18445611153729258
258,N2,258,AB,11,3,0.31092191779179912,0.080332102440297606,0.62151519656181331,0.50435420552171639,0.67461360983848129,0.06398955212044978,1209.0493977615406,92,2,1.9460926564636802,0.12318533971748984,0.59412286070892983,0.43450455330776905,0.65061683232214607,2.3972559484690787,1.0575441048759966,1.25920266979374,1.5599555604918192,0.35594250587920373,0.63872872479259968,0.18445611153729258
259,N2,259,AB,11,4,0.31092191779179912,0.080332102440297606,0.62151519656181331,0.43997211629779642,0.5468389402249656,0.06398955212044978,1209.0493977615406,92,2,1.9460926564636802,0.12318533971748984,0.59412286070892983,0.43450455330776905,0.65061683232214607,2.3972559484690787,1.0575441048759966,1.25920266979374,1.5599555604918192,0.35594250587920373,0.63872872479259968,0.18445611153729258
260,N2,260,AB,11,5,0.31092191779179912,0.080332102440297606,0.62151519656181331,0.43997211629779642,0.67461360983848129,0.063118878636090725,1209.0493977615406,92,2,1.9460926564636802,0.12318533971748984,0.59412286070892983,0.43450455330776905,0.65061683232214607,2.3972559484690787,1.0575441048759966,1.25920266979374,1.5599555604918192,0.35594250587920373,0.63872872479259968,0.18445611153729258
261,N2,261,AB,11,6,0.31092191779179912,0.080332102440297606,0.62151519656181331,0.43997211629779642,0.67461360983848129,0.06398955212044978,5.6692682576651352,92,2,1.9460926564636802,0.12318533971748984,0.59412286070892983,0.43450455330776905,0.65061683232214607,2.3972559484690787,1.0575441048759966,1.25920266979374,1.5599555604918192,0.35594250587920373,0.63872872479259968,0.18445611153729258
262,N2,262,AB,11,7,0.31092191779179912,0.080332102440297606,0.62151519656181331,0.43997211629779642,0.67461360983848129,0.06398955212044978,1209.0493977615406,77,2,1.9460926564636802,0.12318533971748984,0.59412286070892983,0.43450455330776905,0.65061683232214607,2.3972559484690787,1.0575441048759966,1.25920266979374,1.5599555604918192,0.35594250587920373,0.63872872479259968,0.18445611153729258
263,N2,263,AB,11,8,0.31092191779179912,0.080332102440297606,0.62151519656181331,0.43997211629779642,0.67461360983848129,0.06398955212044978,1209.0493977615406,92,3,1.9460926564636802,0.12318533971748984,0.59412286070892983,0.43450455330776905,0.65061683232214607,2.3972559484690787,1.0575441048759966,1.25920266979374,1.5599555604918192,0.35594250587920373,0.63872872479259968,0.18445611153729258
264,N2,264,AB,11,9,0.31092191779179912,0.080332102440297606,0.62151519656181331,0.43997211629779642,0.67461360983848129,0.06398955212044978,1209.0493977615406,92,2,1.972464130011234,0.12318533971748984,0.59412286070892983,0.43450455330776905,0.65061683232214607,2.3972559484690787,1.0575441048759966,1.25920266979374,1.5599555604918192,0.35594250587920373,0.63872872479259968,0.18445611153729258
265,N2,265,AB,11,10,0.31092191779179912,0.080332102440297606,0.62151519656181331,0.43997211629779642,0.67461360983848129,0.06398955212044978,1209.0493977615406,92,2,1.9460926564636802,0.2119339599558929,0.59412286070892983,0.43450455330776905,0.65061683232214607,2.3972559484690787,1.0575441048759966,1.25920266979374,1.5599555604918192,0.35594250587920373,0.63872872479259968,0.18445611153729258
266,N2,266,AB,11,11,0.31092191779179912,0.080332102440297606,0.62151519656181331,0.43997211629779642,0.67461360983848129,0.06398955212044978,1209.0493977615406,92,2,1.9460926564636802,0.12318533971748984,0.52169092440327203,0.43450455330776905,0.65061683232214607,2.3972559484690787,1.0575441048759966,1.25920266979374,1.5599555604918192,0.35594250587920373,0.63872872479259968,0.18445611153729258
267,N2,267,AB,11,12,0.31092191779179912,0.080332102440297606,0.62151519656181331,0.43997211629779642,0.67461360983848129,0.06398955212044978,1209.0493977615406,92,2,1.9460926564636802,0.12318533971748984,0.59412286070892983,0.39138363859592518,0.65061683232214607,2.3972559484690787,1.0575441048759966,1.25920266979374,1.5599555604918192,0.35594250587920373,0.63872872479259968,0.18445611153729258
268,N2,268,AB,11,13,0.31092191779179912,0.080332102440297606,0.62151519656181331,0.43997211629779642,0.67461360983848129,0.06398955212044978,1209.0493977615406,92,2,1.9460926564636802,0.12318533971748984,0.59412286070892983,0.43450455330776905,0.84423187102396968,2.3972559484690787,1.0575441048759966,1.25920266979374,1.5599555604918192,0.35594250587920373,0.63872872479259968,0.18445611153729258
269,N2,269,AB,11,14,0.31092191779179912,0.080332102440297606,0.62151519656181331,0.43997211629779642,0.67461360983848129,0.06398955212044978,1209.0493977615406,92,2,1.9460926564636802,0.12318533971748984,0.59412286070892983,0.43450455330776905,0.65061683232214607,2.343439488358773,1.0575441048759966,1.25920266979374,1.5599555604918192,0.35594250587920373,0.63872872479259968,0.18445611153729258
270,N2,270,AB,11,15,0.31092191779179912,0.080332102440297606,0.62151519656181331,0.43997211629779642,0.67461360983848129,0.06398955212044978,1209.0493977615406,92,2,1.9460926564636802,0.12318533971748984,0.59412286070892983,0.43450455330776905,0.65061683232214607,2.3972559484690787,1.1035289182607084,1.25920266979374,1.5599555604918192,0.35594250587920373,0.63872872479259968,0.18445611153729258
271,N2,271,AB,11,16,0.31092191779179912,0.080332102440297606,0.62151519656181331,0.43997211629779642,0.67461360983848129,0.06398955212044978,1209.0493977615406,92,2,1.9460926564636802,0.12318533971748984,0.59412286070892983,0.43450455330776905,0.65061683232214607,2.3972559484690787,1.0575441048759966,1.0809617456514389,1.5599555604918192,0.35594250587920373,0.63872872479259968,0.18445611153729258
272,N2,272,AB,11,17,0.31092191779179912,0.080332102440297606,0.62151519656181331,0.43997211629779642,0.67461360983848129,0.06398955212044978,1209.0493977615406,92,2,1.9460926564636802,0.12318533971748984,0.59412286070892983,0.43450455330776905,0.65061683232214607,2.3972559484690787,1.0575441048759966,1.25920266979374,1.5833443533397269,0.35594250587920373,0.63872872479259968,0.18445611153729258
273,N2,273,AB,11,18,0.31092191779179912,0.080332102440297606,0.62151519656181331,0.43997211629779642,0.67461360983848129,0.06398955212044978,1209.0493977615406,92,2,1.9460926564636802,0.12318533971748984,0.59412286070892983,0.43450455330776905,0.65061683232214607,2.3972559484690787,1.0575441048759966,1.25920266979374,1.5599555604918192,0.38107595202149708,0.63872872479259968,0.18445611153729258
274,N2,274,AB,11,19,0.31092191779179912,0.080332102440297606,0.62151519656181331,0.43997211629779642,0.67461360983848129,0.06398955212044978,1209.0493977615406,92,2,1.9460926564636802,0.12318533971748984,0.59412286070892983,0.43450455330776905,0.65061683232214607,2.3972559484690787,1.0575441048759966,1.25920266979374,1.5599555604918192,0.35594250587920373,0.5363899115473032,0.18445611153729258
275,N2,275,AB,11,20,0.31092191779179912,0.080332102440297606,0.62151519656181331,0.43997211629779642,0.67461360983848129,0.06398955212044978,1209.0493977615406,92,2,1.9460926564636802,0.12318533971748984,0.59412286070892983,0.43450455330776905,0.65061683232214607,2.3972559484690787,1.0575441048759966,1.25920266979374,1.5599555604918192,0.35594250587920373,0.63872872479259968,0.21935545438900589
276,N2,276,A,12,-1,0.30366470171647136,0.16348833553493025,0.48368532750755544,0.40319466764733009,0.63860414545969202,0.060261487265391385,9.2774242096670214,50,3,2.1100569510948897,0.25914777603815531,0.63029554952312317,0.36702491837747153,0.83936092793474093,2.5018949572332954,1.0741357161197811,1.2832249856553972,1.5884797648045517,0.43206650622232723,0.21252465285360814,0.39838122497312722
277,N2,277,B,12,-1,0.2702864942226838,0.139614181779325,0.60598004497587676,0.52797151787998731,0.77900113309958474,0.068632596203929488,1263.7737449030471,22,5,2.0795480956381751,0.2695065466903328,0.564066494593498,0.54774788466137703,0.92266934602476591,2.1672975561022381,1.1302203102223574,1.0914513256400824,1.7431869294144022,0.35458663176291594,0.34819771414622669,0.45019116490148003
278,N2,278,AB,12,0,0.2702864942226838,0.16348833553493025,0.48368532750755544,0.40319466764733009,0.63860414545969202,0.060261487265391385,9.2774242096670214,50,3,2.1100569510948897,0.25914777603815531,0.63029554952312317,0.36702491837747153,0.83936092793474093,2.5018949572332954,1.0741357161197811,1.2832249856553972,1.5884797648045517,0.43206650622232723,0.21252465285360814,0.39838122497312722
279,N2,279,AB,12,1,0.30366470171647136,0.139614181779325,0.48368532750755544,0.40319466764733009,0.63860414545969202,0.060261487265391385,9.2774242096670214,50,3,2.1100569510948897,0.25914777603815531,0.63029554952312317,0.36702491837747153,0.83936092793474093,2.5018949572332954,1.0741357161197811,1.2832249856553972,1.5884797648045517,0.43206650622232723,0.21252465285360814,0.39838122497312722
280,N2,280,AB,12,2,0.30366470171647136,0.16348833553493025,0.60598004497587676,0.40319466764733009,0.63860414545969202,0.060261487265391385,9.2774242096670214,50,3,2.1100569510948897,0.25914777603815531,0.63029554952312317,0.36702491837747153,0.83936092793474093,2.5018949572332954,1.0741357161197811,1.2832249856553972,1.5884797648045517,0.43206650622232723,0.21252465285360814,0.39838122497312722
281,N2,281,AB,12,3,0.30366470171647136,0.16348833553493025,0.48368532750755544,0.52797151787998731,0.63860414545969202,0.060261487265391385,9.2774242096670214,50,3,2.1100569510948897,0.25914777603815531,0.63029554952312317,0.36702491837747153,0.83936092793474093,2.5018949572332954,1.0741357161197811,1.2832249856553972,1.5884797648045517,0.43206650622232723,0.21252465285360814,0.39838122497312722
282,N2,282,AB,12,4,0.30366470171647136,0.16348833553493025,0.48368532750755544,0.40319466764733009,0.77900113309958474,0.060261487265391385,9.2774242096670214,50,3,2.1100569510948897,0.25914777603815531,0.63029554952312317,0.36702491837747153,0.83936092793474093,2.5018949572332954,1.0741357161197811,1.2832249856553972,1.5884797648045517,0.43206650622232723,0.21252465285360814,0.39838122497312722
283,N2,283,AB,12,5,0.30366470171647136,0.16348833553493025,0.48368532750755544,0.40319466764733009,0.63860414545969202,0.068632596203929488,9.2774242096670214,50,3,2.1100569510948897,0.25914777603815531,0.63029554952312317,0.36702491837747153,0.83936092793474093,2.5018949572332954,1.0741357161197811,1.2832249856553972,1.5884797648045517,0.43206650622232723,0.21252465285360814,0.39838122497312722
284,N2,284,AB,12,6,0.30366470171647136,0.16348833553493025,0.48368532750755544,0.40319466764733009,0.63860414545969202,0.060261487265391385,1263.7737449030471,50,3,2.1100569510948897,0.25914777603815531,0.63029554952312317,0.36702491837747153,0.83936092793474093,2.5018949572332954,1.0741357161197811,1.2832249856553972,1.5884797648045517,0.43206650622232723,0.21252465285360814,0.39838122497312722
285,N2,285,AB,12,7,0.30366470171647136,0.16348833553493025,0.48368532750755544,0.40319466764733009,0.63860414545969202,0.060261487265391385,9.2774242096670214,22,3,2.1100569510948897,0.25914777603815531,0.63029554952312317,0.36702491837747153,0.83936092793474093,2.5018949572332954,1.0741357161197811,1.2832249856553972,1.5884797648045517,0.43206650622232723,0.21252465285360814,0.39838122497312722
286,N2,286,AB,12,8,0.30366470171647136,0.16348833553493025,0.48368532750755544,0.40319466764733009,0.63860414545969202,0.060261487265391385,9.2774242096670214,50,5,2.1100569510948897,0.25914777603815531,0.63029554952312317,0.36702491837747153,0.83936092793474093,2.5018949572332954,1.0741357161197811,1.2832249856553972,1.5884797648045517,0.43206650622232723,0.21252465285360814,0.39838122497312722
287,N2,287,AB,12,9,0.30366470171647136,0.16348833553493025,0.48368532750755544,0.40319466764733009,0.63860414545969202,0.060261487265391385,9.2774242096670214,50,3,2.0795480956381751,0.25914777603815531,0.63029554952312317,0.36702491837747153,0.83936092793474093,2.5018949572332954,1.0741357161197811,1.2832249856553972,1.5884797648045517,0.43206650622232723,0.21252465285360814,0.39838122497312722
288,N2,288,AB,12,10,0.30366470171647136,0.16348833553493025,0.48368532750755544,0.40319466764733009,0.63860414545969202,0.060261487265391385,9.2774242096670214,50,3,2.1100569510948897,0.2695065466903328,0.63029554952312317,0.36702491837747153,0.83936092793474093,2.5018949572332954,1.0741357161197811,1.2832249856553972,1.5884797648045517,0.43206650622232723,0.21252465285360814,0.39838122497312722
289,N2,289,AB,12,11,0.30366470171647136,0.16348833553493025,0.48368532750755544,0.40319466764733009,0.63860414545969202,0.060261487265391385,9.2774242096670214,50,3,2.1100569510948897,0.25914777603815531,0.564066494593498,0.36702491837747153,0.83936092793474093,2.5018949572332954,1.0741357161197811,1.2832249856553972,1.5884797648045517,0.43206650622232723,0.21252465285360814,0.39838122497312722
290,N2,290,AB,12,12,0.30366470171647136,0.16348833553493025,0.48368532750755544,0.40319466764733009,0.63860414545969202,0.060261487265391385,9.2774242096670214,50,3,2.1100569510948897,0.25914777603815531,0.63029554952312317,0.54774788466137703,0.83936092793474093,2.5018949572332954,1.0741357161197811,1.2832249856553972,1.5884797648045517,0.43206650622232723,0.21252465285360814,0.39838122497312722
291,N2,291,AB,12,13,0.30366470171647136,0.16348833553493025,0.48368532750755544,0.40319466764733009,0.63860414545969202,0.060261487265391385,9.2774242096670214,50,3,2.1100569510948897,0.25914777603815531,0.63029554952312317,0.36702491837747153,0.92266934602476591,2.5018949572332954,1.0741357161197811,1.2832249856553972,1.5884797648045517,0.43206650622232723,0.21252465285360814,0.39838122497312722
292,N2,292,AB,12,14,0.30366470171647136,0.16348833553493025,0.48368532750755544,0.40319466764733009,0.63860414545969202,0.060261487265391385,9.2774242096670214,50,3,2.1100569510948897,0.25914777603815531,0.63029554952312317,0.36702491837747153,0.83936092793474093,2.1672975561022381,1.0741357161197811,1.2832249856553972,1.5884797648045517,0.43206650622232723,0.21252465285360814,0.39838122497312722
293,N2,293,AB,12,15,0.30366470171647136,0.16348833553493025,0.48368532750755544,0.40319466764733009,0.63860414545969202,0.060261487265391385,9.2774242096670214,50,3,2.1100569510948897,0.25914777603815531,0.63029554952312317,0.36702491837747153,0.83936092793474093,2.5018949572332954,1.1302203102223574,1.2832249856553972,1.5884797648045517,0.43206650622232723,0.21252465285360814,0.39838122497312722
294,N2,294,AB,12,16,0.30366470171647136,0.16348833553493025,0.48368532750755544,0.40319466764733009,0.63860414545969202,0.060261487265391385,9.2774242096670214,50,3,2.1100569510948897,0.25914777603815531,0.63029554952312317,0.36702491837747153,0.83936092793474093,2.5018949572332954,1.0741357161197811,1.0914513256400824,1.5884797648045517,0.43206650622232723,0.21252465285360814,0.39838122497312722
295,N2,295,AB,12,17,0.30366470171647136,0.16348833553493025,0.48368532750755544,0.40319466764733009,0.63860414545969202,0.060261487265391385,9.2774242096670214,50,3,2.1100569510948897,0.25914777603815531,0.63029554952312317,0.36702491837747153,0.83936092793474093,2.5018949572332954,1.0741357161197811,1.2832249856553972,1.7431869294144022,0.43206650622232723,0.21252465285360814,0.39838122497312722
296,N2,296,AB,12,18,0.30366470171647136,0.16348833553493025,0.48368532750755544,0.40319466764733009,0.63860414545969202,0.060261487265391385,9.2774242096670214,50,3,2.1100569510948897,0.25914777603815531,0.63029554952312317,0.36702491837747153,0.83936092793474093,2.5018949572332954,1.0741357161197811,1.2832249856553972,1.5884797648045517,0.35458663176291594,0.21252465285360814,0.39838122497312722
297,N2,297,AB,12,19,0.30366470171647136,0.16348833553493025,0.48368532750755544,0.40319466764733009,0.63860414545969202,0.060261487265391385,9.2774242096670214,50,3,2.1100569510948897,0.25914777603815531,0.63029554952312317,0.36702491837747153,0.83936092793474093,2.5018949572332954,1.0741357161197811,1.2832249856553972,1.5884797648045517,0.43206650622232723,0.34819771414622669,0.39838122497312722
298,N2,298,AB,12,20,0.30366470171647136,0.16348833553493025,0.48368532750755544,0.40319466764733009,0.63860414545969202,0.060261487265391385,9.2774242096670214,50,3,2.1100569510948897,0.25914777603815531,0.63029554952312317,0.36702491837747153,0.83936092793474093,2.5018949572332954,1.0741357161197811,1.2832249856553972,1.5884797648045517,0.43206650622232723,0.21252465285360814,0.45019116490148003
299,N2,299,A,13,-1,0.26634371859904515,0.05226946081966162,0.40966602023690935,0.3633423286250213,0.89671174461455838,0.070918217610048045,2070.6123333380588,79,3,1.8738651161752471,0.1683696037221605,0.56705532362014466,0.44906655128118123,1.1113966645767506,1.7309130580119971,1.1197320033703,1.1698478932492435,1.6680857206013653,0.37892381800654551,0.9949574043042958,0.25011321040801704
300,N2,300,B,13,-1,0.32877224117882631,0.24039066415280103,0.43390407115221019,0.34456496280914206,0.56846251796687342,0.064469411895965292,35.445761322059575,60,2,1.9453712199934592,0.13952554030268755,0.58431094013859641,0.36531801612100034,0.68155201264220566,2.6659805953275657,1.0406588336545974,1.2293571338057518,1.5766345447488788,0.43396997420522376,0.99090968100354071,0.30445365118794143
301,N2,301,AB,13,0,0.32877224117882631,0.05226946081966162,0.40966602023690935,0.3633423286250213,0.89671174461455838,0.070918217610048045,2070.6123333380588,79,3,1.8738651161752471,0.1683696037221605,0.56705532362014466,0.44906655128118123,1.1113966645767506,1.7309130580119971,1.1197320033703,1.1698478932492435,1.6680857206013653,0.37892381800654551,0.9949574043042958,0.25011321040801704
302,N2,302,AB,13,1,0.26634371859904515,0.24039066415280103,0.40966602023690935,0.3633423286250213,0.89671174461455838,0.070918217610048045,2070.6123333380588,79,3,1.8738651161752471,0.1683696037221605,0.56705532362014466,0.44906655128118123,1.1113966645767506,1.7309130580119971,1.1197320033703,1.1698478932492435,1.6680857206013653,0.37892381800654551,0.9949574043042958,0.25011321040801704
303,N2,303,AB,13,2,0.26634371859904515,0.05226946081966162,0.43390407115221019,0.3633423286250213,0.89671174461455838,0.070918217610048045,2070.6123333380588,79,3,1.8738651161752471,0.1683696037221605,0.56705532362014466,0.44906655128118123,1.1113966645767506,1.7309130580119971,1.1197320033703,1.1698478932492435,1.6680857206013653,0.37892381800654551,0.9949574043042958,0.25011321040801704
304,N2,304,AB,13,3,0.26634371859904515,0.05226946081966162,0.40966602023690935,0.34456496280914206,0.89671174461455838,0.070918217610048045,2070.6123333380588,79,3,1.8738651161752471,0.1683696037221605,0.56705532362014466,0.44906655128118123,1.1113966645767506,1.7309130580119971,1.1197320033703,1.1698478932492435,1.6680857206013653,0.37892381800654551,0.9949574043042958,0.25011321040801704
305,N2,305,AB,13,4,0.26634371859904515,0.05226946081966162,0.40966602023690935,0.3633423286250213,0.56846251796687342,0.070918217610048045,2070.6123333380588,79,3,1.8738651161752471,0.1683696037221605,0.56705532362014466,0.44906655128118123,1.1113966645767506,1.7309130580119971,1.1197320033703,1.1698478932492435,1.6680857206013653,0.37892381800654551,0.9949574043042958,0.25011321040801704
306,N2,306,AB,13,5,0.26634371859904515,0.05226946081966162,0.40966602023690935,0.3633423286250213,0.89671174461455838,0.064469411895965292,2070.6123333380588,79,3,1.8738651161752471,0.1683696037221605,0.56705532362014466,0.44906655128118123,1.1113966645767506,1.7309130580119971,1.1197320033703,1.1698478932492435,1.6680857206013653,0.37892381800654551,0.9949574043042958,0.25011321040801704
307,N2,307,AB,13,6,0.26634371859904515,0.05226946081966162,0.40966602023690935,0.3633423286250213,0.89671174461455838,0.070918217610048045,35.445761322059575,79,3,1.8738651161752471,0.1683696037221605,0.56705532362014466,0.44906655128118123,1.1113966645767506,1.7309130580119971,1.1197320033703,1.1698478932492435,1.6680857206013653,0.37892381800654551,0.9949574043042958,0.25011321040801704
308,N2,308,AB,13,7,0.26634371859904515,0.05226946081966162,0.40966602023690935,0.3633423286250213,0.89671174461455838,0.070918217610048045,2070.6123333380588,60,3,1.8738651161752471,0.1683696037221605,0.56705532362014466,0.44906655128118123,1.1113966645767506,1.7309130580119971,1.1197320033703,1.1698478932492435,1.6680857206013653,0.37892381800654551,0.9949574043042958,0.25011321040801704
309,N2,309,AB,13,8,0.26634371859904515,0.05226946081966162,0.40966602023690935,0.3633423286250213,0.89671174461455838,0.070918217610048045,2070.6123333380588,79,2,1.8738651161752471,0.1683696037221605,0.56705532362014466,0.44906655128118123,1.1113966645767506,1.7309130580119971,1.1197320033703,1.1698478932492435,1.6680857206013653,0.37892381800654551,0.9949574043042958,0.25011321040801704
310,N2,310,AB,13,9,0.26634371859904515,0.05226946081966162,0.40966602023690935,0.3633423286250213,0.89671174461455838,0.070918217610048045,2070.6123333380588,79,3,1.9453712199934592,0.1683696037221605,0.56705532362014466,0.44906655128118123,1.1113966645767506,1.7309130580119971,1.1197320033703,1.1698478932492435,1.6680857206013653,0.37892381800654551,0.9949574043042958,0.25011321040801704
311,N2,311,AB,13,10,0.26634371859904515,0.05226946081966162,0.40966602023690935,0.3633423286250213,0.89671174461455838,0.070918217610048045,2070.6123333380588,79,3,1.8738651161752471,0.13952554030268755,0.56705532362014466,0.44906655128118123,1.1113966645767506,1.7309130580119971,1.1197320033703,1.1698478932492435,1.6680857206013653,0.37892381800654551,0.9949574043042958,0.25011321040801704
312,N2,312,AB,13,11,0.26634371859904515,0.05226946081966162,0.40966602023690935,0.3633423286250213,0.89671174461455838,0.070918217610048045,2070.6123333380588,79,3,1.8738651161752471,0.1683696037221605,0.58431094013859641,0.44906655128118123,1.1113966645767506,1.7309130580119971,1.1197320033703,1.1698478932492435,1.6680857206013653,0.37892381800654551,0.9949574043042958,0.25011321040801704
313,N2,313,AB,13,12,0.26634371859904515,0.05226946081966162,0.40966602023690935,0.3633423286250213,0.89671174461455838,0.070918217610048045,2070.6123333380588,79,3,1.8738651161752471,0.1683696037221605,0.56705532362014466,0.36531801612100034,1.1113966645767506,1.7309130580119971,1.1197320033703,1.1698478932492435,1.6680857206013653,0.37892381800654551,0.9949574043042958,0.25011321040801704
314,N2,314,AB,13,13,0.26634371859904515,0.05226946081966162,0.40966602023690935,0.3633423286250213,0.89671174461455838,0.070918217610048045,2070.6123333380588,79,3,1.8738651161752471,0.1683696037221605,0.56705532362014466,0.44906655128118123,0.68155201264220566,1.7309130580119971,1.1197320033703,1.1698478932492435,1.6680857206013653,0.37892381800654551,0.9949574043042958,0.25011321040801704
315,N2,315,AB,13,14,0.26634371859904515,0.05226946081966162,0.40966602023690935,0.3633423286250213,0.89671174461455838,0.070918217610048045,2070.6123333380588,79,3,1.8738651161752471,0.1683696037221605,0.56705532362014466,0.44906655128118123,1.1113966645767506,2.6659805953275657,1.1197320033703,1.1698478932492435,1.6680857206013653,0.37892381800654551,0.9949574043042958,0.25011321040801704
316,N2,316,AB,13,15,0.26634371859904515,0.05226946081966162,0.40966602023690935,0.3633423286250213,0.89671174461455838,0.070918217610048045,2070.6123333380588,79,3,1.8738651161752471,0.1683696037221605,0.56705532362014466,0.44906655128118123,1.1113966645767506,1.7309130580119971,1.0406588336545974,1.1698478932492435,1.6680857206013653,0.37892381800654551,0.9949574043042958,0.25011321040801704
317,N2,317,AB,13,16,0.26634371859904515,0.05226946081966162,0.40966602023690935,0.3633423286250213,0.89671174461455838,0.070918217610048045,2070.6123333380588,79,3,1.8738651161752471,0.1683696037221605,0.56705532362014466,0.44906655128118123,1.1113966645767506,1.7309130580119971,1.1197320033703,1.2293571338057518,1.6680857206013653,0.37892381800654551,0.9949574043042958,0.25011321040801704
318,N2,318,AB,13,17,0.26634371859904515,0.05226946081966162,0.40966602023690935,0.3633423286250213,0.89671174461455838,0.070918217610048045,2070.6123333380588,79,3,1.8738651161752471,0.1683696037221605,0.56705532362014466,0.44906655128118123,1.1113966645767506,1.7309130580119971,1.1197320033703,1.1698478932492435,1.5766345447488788,0.37892381800654551,0.9949574043042958,0.25011321040801704
319,N2,319,AB,13,18,0.26634371859904515,0.05226946081966162,0.40966602023690935,0.3633423286250213,0.89671174461455838,0.070918217610048045,2070.6123333380588,79,3,1.8738651161752471,0.1683696037221605,0.56705532362014466,0.44906655128118123,1.1113966645767506,1.7309130580119971,1.1197320033703,1.1698478932492435,1.6680857206013653,0.43396997420522376,0.9949574043042958,0.25011321040801704
320,N2,320,AB,13,19,0.26634371859904515,0.05226946081966162,0.40966602023690935,0.3633423286250213,0.89671174461455838,0.070918217610048045,2070.6123333380588,79,3,1.8738651161752471,0.1683696037221605,0.56705532362014466,0.44906655128118123,1.1113966645767506,1.7309130580119971,1.1197320033703,1.1698478932492435,1.6680857206013653,0.37892381800654551,0.99090968100354071,0.25011321040801704
321,N2,321,AB,13,20,0.26634371859904515,0.05226946081966162,0.40966602023690935,0.3633423286250213,0.89671174461455838,0.070918217610048045,2070.6123333380588,79,3,1.8738651161752471,0.1683696037221605,0.56705532362014466,0.44906655128118123,1.1113966645767506,1.7309130580119971,1.1197320033703,1.1698478932492435,1.6680857206013653,0.37892381800654551,0.9949574043042958,0.30445365118794143
322,N2,322,A,14,-1,0.27507506438011736,0.20330821387469772,0.66879700478166337,0.54060773630198966,0.70258827893990572,0.065332463830915691,39.095192930941032,63,1,1.9619521653959233,0.21802286162029241,0.49230239879012816,0.34487375264500653,0.77565001114253562,2.2851812523086297,1.0238731287233531,1.0609193979296834,1.4862413043281391,0.38246310051321253,0.50293076643720269,0.42625013608485463
323,N2,323,B,14,-1,0.31569825751733982,0.066841222532093528,0.54435398923233147,0.43199436789917423,0.66462028437961373,0.06631369920908152,17.942038139826696,36,1,2.1078620445709531,0.2394134432048336,0.47203069342232218,0.31083300094996702,0.86592237777545422,2.4374846149232381,1.1011906914599239,1.113874953892082,1.632973093797347,0.39907289236828519,0.10798117276281119,0.17252750992774962
324,N2,324,AB,14,0,0.31569825751733982,0.20330821387469772,0.66879700478166337,0.54060773630198966,0.70258827893990572,0.065332463830915691,39.095192930941032,63,1,1.9619521653959233,0.21802286162029241,0.49230239879012816,0.34487375264500653,0.77565001114253562,2.2851812523086297,1.0238731287233531,1.0609193979296834,1.4862413043281391,0.38246310051321253,0.50293076643720269,0.42625013608485463
325,N2,325,AB,14,1,0.27507506438011736,0.066841222532093528,0.66879700478166337,0.54060773630198966,0.70258827893990572,0.065332463830915691,39.095192930941032,63,1,1.9619521653959233,0.21802286162029241,0.49230239879012816,0.34487375264500653,0.77565001114253562,2.2851812523086297,1.0238731287233531,1.0609193979296834,1.4862413043281391,0.38246310051321253,0.50293076643720269,0.42625013608485463
326,N2,326,AB,14,2,0.27507506438011736,0.20330821387469772,0.54435398923233147,0.54060773630198966,0.70258827893990572,0.065332463830915691,39.095192930941032,63,1,1.9619521653959233,0.21802286162029241,0.49230239879012816,0.34487375264500653,0.77565001114253562,2.2851812523086297,1.0238731287233531,1.0609193979296834,1.4862413043281391,0.38246310051321253,0.50293076643720269,0.42625013608485463
327,N2,327,AB,14,3,0.27507506438011736,0.20330821387469772,0.66879700478166337,0.43199436789917423,0.70258827893990572,0.065332463830915691,39.095192930941032,63,1,1.9619521653959233,0.21802286162029241,0.49230239879012816,0.34487375264500653,0.77565001114253562,2.2851812523086297,1.0238731287233531,1.0609193979296834,1.4862413043281391,0.38246310051321253,0.50293076643720269,0.42625013608485463
328,N2,328,AB,14,4,0.27507506438011736,0.20330821387469772,0.66879700478166337,0.54060773630198966,0.66462028437961373,0.065332463830915691,39.095192930941032,63,1,1.9619521653959233,0.21802286162029241,0.49230239879012816,0.34487375264500653,0.77565001114253562,2.2851812523086297,1.0238731287233531,1.0609193979296834,1.4862413043281391,0.38246310051321253,0.50293076643720269,0.42625013608485463
329,N2,329,AB,14,5,0.27507506438011736,0.20330821387469772,0.66879700478166337,0.54060773630198966,0.70258827893990572,0.06631369920908152,39.095192930941032,63,1,1.9619521653959233,0.21802286162029241,0.49230239879012816,0.34487375264500653,0.77565001114253562,2.2851812523086297,1.0238731287233531,1.0609193979296834,1.4862413043281391,0.38246310051321253,0.50293076643720269,0.42625013608485463
330,N2,330,AB,14,6,0.27507506438011736,0.20330821387469772,0.66879700478166337,0.54060773630198966,0.70258827893990572,0.065332463830915691,17.942038139826696,63,1,1.9619521653959233,0.21802286162029241,0.49230239879012816,0.34487375264500653,0.77565001114253562,2.2851812523086297,1.0238731287233531,1.0609193979296834,1.4862413043281391,0.38246310051321253,0.50293076643720269,0.42625013608485463
331,N2,331,AB,14,7,0.27507506438011736,0.20330821387469772,0.66879700478166337,0.54060773630198966,0.70258827893990572,0.065332463830915691,39.095192930941032,36,1,1.9619521653959233,0.21802286162029241,0.49230239879012816,0.34487375264500653,0.77565001114253562,2.2851812523086297,1.0238731287233531,1.0609193979296834,1.4862413043281391,0.38246310051321253,0.50293076643720269,0.42625013608485463
332,N2,332,AB,14,8,0.27507506438011736,0.20330821387469772,0.66879700478166337,0.54060773630198966,0.70258827893990572,0.065332463830915691,39.095192930941032,63,1,1.9619521653959233,0.21802286162029241,0.49230239879012816,0.34487375264500653,0.77565001114253562,2.2851812523086297,1.0238731287233531,1.0609193979296834,1.4862413043281391,0.38246310051321253,0.50293076643720269,0.42625013608485463
333,N2,333,AB,14,9,0.27507506438011736,0.20330821387469772,0.66879700478166337,0.54060773630198966,0.70258827893990572,0.065332463830915691,39.095192930941032,63,1,2.1078620445709531,0.21802286162029241,0.49230239879012816,0.34487375264500653,0.77565001114253562,2.2851812523086297,1.0238731287233531,1.0609193979296834,1.4862413043281391,0.38246310051321253,0.50293076643720269,0.42625013608485463
334,N2,334,AB,14,10,0.27507506438011736,0.20330821387469772,0.66879700478166337,0.54060773630198966,0.70258827893990572,0.065332463830915691,39.095192930941032,63,1,1.9619521653959233,0.2394134432048336,0.49230239879012816,0.34487375264500653,0.77565001114253562,2.2851812523086297,1.0238731287233531,1.0609193979296834,1.4862413043281391,0.38246310051321253,0.50293076643720269,0.42625013608485463
335,N2,335,AB,14,11,0.27507506438011736,0.20330821387469772,0.66879700478166337,0.54060773630198966,0.70258827893990572,0.065332463830915691,39.095192930941032,63,1,1.9619521653959233,0.21802286162029241,0.47203069342232218,0.34487375264500653,0.77565001114253562,2.2851812523086297,1.0238731287233531,1.0609193979296834,1.4862413043281391,0.38246310051321253,0.50293076643720269,0.42625013608485463
336,N2,336,AB,14,12,0.27507506438011736,0.20330821387469772,0.66879700478166337,0.54060773630198966,0.70258827893990572,0.065332463830915691,39.095192930941032,63,1,1.9619521653959233,0.21802286162029241,0.49230239879012816,0.31083300094996702,0.77565001114253562,2.2851812523086297,1.0238731287233531,1.0609193979296834,1.4862413043281391,0.38246310051321253,0.50293076643720269,0.42625013608485463
337,N2,337,AB,14,13,0.27507506438011736,0.20330821387469772,0.66879700478166337,0.54060773630198966,0.70258827893990572,0.065332463830915691,39.095192930941032,63,1,1.9619521653959233,0.21802286162029241,0.49230239879012816,0.34487375264500653,0.86592237777545422,2.2851812523086297,1.0238731287233531,1.0609193979296834,1.4862413043281391,0.38246310051321253,0.50293076643720269,0.42625013608485463
338,N2,338,AB,14,14,0.27507506438011736,0.20330821387469772,0.66879700478166337,0.54060773630198966,0.70258827893990572,0.065332463830915691,39.095192930941032,63,1,1.9619521653959233,0.21802286162029241,0.49230239879012816,0.34487375264500653,0.77565001114253562,2.4374846149232381,1.0238731287233531,1.0609193979296834,1.4862413043281391,0.38246310051321253,0.50293076643720269,0.42625013608485463
339,N2,339,AB,14,15,0.27507506438011736,0.20330821387469772,0.66879700478166337,0.54060773630198966,0.70258827893990572,0.065332463830915691,39.095192930941032,63,1,1.9619521653959233,0.21802286162029241,0.49230239879012816,0.34487375264500653,0.77565001114253562,2.2851812523086297,1.1011906914599239,1.0609193979296834,1.4862413043281391,0.38246310051321253,0.50293076643720269,0.42625013608485463
340,N2,340,AB,14,16,0.27507506438011736,0.20330821387469772,0.66879700478166337,0.54060773630198966,0.70258827893990572,0.065332463830915691,39.095192930941032,63,1,1.9619521653959233,0.21802286162029241,0.49230239879012816,0.34487375264500653,0.77565001114253562,2.2851812523086297,1.0238731287233531,1.113874953892082,1.4862413043281391,0.38246310051321253,0.50293076643720269,0.42625013608485463
341,N2,341,AB,14,17,0.27507506438011736,0.20330821387469772,0.66879700478166337,0.54060773630198966,0.70258827893990572,0.065332463830915691,39.095192930941032,63,1,1.9619521653959233,0.21802286162029241,0.49230239879012816,0.34487375264500653,0.77565001114253562,2.2851812523086297,1.0238731287233531,1.0609193979296834,1.632973093797347,0.38246310051321253,0.50293076643720269,0.42625013608485463
342,N2,342,AB,14,18,0.27507506438011736,0.20330821387469772,0.66879700478166337,0.54060773630198966,0.70258827893990572,0.065332463830915691,39.095192930941032,63,1,1.9619521653959233,0.21802286162029241,0.49230239879012816,0.34487375264500653,0.77565001114253562,2.2851812523086297,1.0238731287233531,1.0609193979296834,1.4862413043281391,0.39907289236828519,0.50293076643720269,0.42625013608485463
343,N2,343,AB,14,19,0.27507506438011736,0.20330821387469772,0.66879700478166337,0.54060773630198966,0.70258827893990572,0.065332463830915691,39.095192930941032,63,1,1.9619521653959233,0.21802286162029241,0.49230239879012816,0.34487375264500653,0.77565001114253562,2.2851812523086297,1.0238731287233531,1.0609193979296834,1.4862413043281391,0.38246310051321253,0.10798117276281119,0.42625013608485463
344,N2,344,AB,14,20,0.27507506438011736,0.20330821387469772,0.66879700478166337,0.54060773630198966,0.70258827893990572,0.065332463830915691,39.095192930941032,63,1,1.9619521653959233,0.21802286162029241,0.49230239879012816,0.34487375264500653,0.77565001114253562,2.2851812523086297,1.0238731287233531,1.0609193979296834,1.4862413043281391,0.38246310051321253,0.50293076643720269,0.17252750992774962
345,N2,345,A,15,-1,0.3323884906154988,0.11843407955020667,0.22026572916656734,0.34576835245125698,0.60758507005270013,0.06333923848940641,178.76683315127278,9,5,2.0186933290974785,0.2995562514629288,0.71348794331002419,0.48842285239527766,0.93003728182991374,2.5672269001732162,1.1060081122629344,1.2055388609413058,1.6797498228455801,0.42696437090418354,0.70487296134233479,0.22465698998421429
346,N2,346,B,15,-1,0.28271028400957732,0.16604452375322581,0.21625016564503313,0.39775717258612969,0.69031497513320339,0.061602692140857195,442.85670969014814,97,4,1.8603952554044059,0.18589448832971056,0.74673531554540873,0.43919418198975946,1.1578665645461337,1.9391180873580591,1.0759865427855402,1.2655274967662991,1.5223898582693043,0.42578441704403835,0.75289083439856763,0.40576763134449723
347,N2,347,AB,15,0,0.28271028400957732,0.11843407955020667,0.22026572916656734,0.34576835245125698,0.60758507005270013,0.06333923848940641,178.76683315127278,9,5,2.0186933290974785,0.2995562514629288,0.71348794331002419,0.48842285239527766,0.93003728182991374,2.5672269001732162,1.1060081122629344,1.2055388609413058,1.6797498228455801,0.42696437090418354,0.70487296134233479,0.22465698998421429
348,N2,348,AB,15,1,0.3323884906154988,0.16604452375322581,0.22026572916656734,0.34576835245125698,0.60758507005270013,0.06333923848940641,178.76683315127278,9,5,2.0186933290974785,0.2995562514629288,0.71348794331002419,0.48842285239527766,0.93003728182991374,2.5672269001732162,1.1060081122629344,1.2055388609413058,1.6797498228455801,0.42696437090418354,0.70487296134233479,0.22465698998421429
349,N2,349,AB,15,2,0.3323884906154988,0.11843407955020667,0.21625016564503313,0.34576835245125698,0.60758507005270013,0.06333923848940641,178.76683315127278,9,5,2.0186933290974785,0.2995562514629288,0.71348794331002419,0.48842285239527766,0.93003728182991374,2.5672269001732162,1.1060081122629344,1.2055388609413058,1.6797498228455801,0.42696437090418354,0.70487296134233479,0.22465698998421429
350,N2,350,AB,15,3,0.3323884906154988,0.11843407955020667,0.22026572916656734,0.39775717258612969,0.60758507005270013,0.06333923848940641,178.76683315127278,9,5,2.0186933290974785,0.2995562514629288,0.71348794331002419,0.48842285239527766,0.93003728182991374,2.5672269001732162,1.1060081122629344,1.2055388609413058,1.6797498228455801,0.42696437090418354,0.70487296134233479,0.22465698998421429
351,N2,351,AB,15,4,0.3323884906154988,0.11843407955020667,0.22026572916656734,0.34576835245125698,0.69031497513320339,0.06333923848940641,178.76683315127278,9,5,2.0186933290974785,0.2995562514629288,0.71348794331002419,0.48842285239527766,0.93003728182991374,2.5672269001732162,1.1060081122629344,1.2055388609413058,1.6797498228455801,0.42696437090418354,0.70487296134233479,0.22465698998421429
352,N2,352,AB,15,5,0.3323884906154988,0.11843407955020667,0.22026572916656734,0.34576835245125698,0.60758507005270013,0.061602692140857195,178.76683315127278,9,5,2.0186933290974785,0.2995562514629288,0.71348794331002419,0.48842285239527766,0.93003728182991374,2.5672269001732162,1.1060081122629344,1.2055388609413058,1.6797498228455801,0.42696437090418354,0.70487296134233479,0.22465698998421429
353,N2,353,AB,15,6,0.3323884906154988,0.11843407955020667,0.22026572916656734,0.34576835245125698,0.60758507005270013,0.06333923848940641,442.85670969014814,9,5,2.0186933290974785,0.2995562514629288,0.71348794331002419,0.48842285239527766,0.93003728182991374,2.5672269001732162,1.1060081122629344,1.2055388609413058,1.6797498228455801,0.42696437090418354,0.70487296134233479,0.22465698998421429
354,N2,354,AB,15,7,0.3323884906154988,0.11843407955020667,0.22026572916656734,0.34576835245125698,0.60758507005270013,0.06333923848940641,178.76683315127278,97,5,2.0186933290974785,0.2995562514629288,0.71348794331002419,0.48842285239527766,0.93003728182991374,2.5672269001732162,1.1060081122629344,1.2055388609413058,1.6797498228455801,0.42696437090418354,0.70487296134233479,0.22465698998421429
355,N2,355,AB,15,8,0.3323884906154988,0.11843407955020667,0.22026572916656734,0.34576835245125698,0.60758507005270013,0.06333923848940641,178.76683315127278,9,4,2.0186933290974785,0.2995562514629288,0.71348794331002419,0.48842285239527766,0.93003728182991374,2.5672269001732162,1.1060081122629344,1.2055388609413058,1.6797498228455801,0.42696437090418354,0.70487296134233479,0.22465698998421429
356,N2,356,AB,15,9,0.3323884906154988,0.11843407955020667,0.22026572916656734,0.34576835245125698,0.60758507005270013,0.06333923848940641,178.76683315127278,9,5,1.8603952554044059,0.2995562514629288,0.71348794331002419,0.48842285239527766,0.93003728182991374,2.5672269001732162,1.1060081122629344,1.2055388609413058,1.6797498228455801,0.42696437090418354,0.70487296134233479,0.22465698998421429
357,N2,357,AB,15,10,0.3323884906154988,0.11843407955020667,0.22026572916656734,0.34576835245125698,0.60758507005270013,0.06333923848940641,178.76683315127278,9,5,2.0186933290974785,0.18589448832971056,0.71348794331002419,0.48842285239527766,0.93003728182991374,2.5672269001732162,1.1060081122629344,1.2055388609413058,1.6797498228455801,0.42696437090418354,0.70487296134233479,0.22465698998421429
358,N2,358,AB,15,11,0.3323884906154988,0.11843407955020667,0.22026572916656734,0.34576835245125698,0.60758507005270013,0.06333923848940641,178.76683315127278,9,5,2.0186933290974785,0.2995562514629288,0.74673531554540873,0.48842285239527766,0.93003728182991374,2.5672269001732162,1.1060081122629344,1.2055388609413058,1.6797498228455801,0.42696437090418354,0.70487296134233479,0.22465698998421429
359,N2,359,AB,15,12,0.3323884906154988,0.11843407955020667,0.22026572916656734,0.34576835245125698,0.60758507005270013,0.06333923848940641,178.76683315127278,9,5,2.0186933290974785,0.2995562514629288,0.71348794331002419,0.43919418198975946,0.93003728182991374,2.5672269001732162,1.1060081122629344,1.2055388609413058,1.6797498228455801,0.42696437090418354,0.70487296134233479,0.22465698998421429
360,N2,360,AB,15,13,0.3323884906154988,0.11843407955020667,0.22026572916656734,0.34576835245125698,0.60758507005270013,0.06333923848940641,178.76683315127278,9,5,2.0186933290974785,0.2995562514629288,0.71348794331002419,0.48842285239527766,1.1578665645461337,2.5672269001732162,1.1060081122629344,1.2055388609413058,1.6797498228455801,0.42696437090418354,0.70487296134233479,0.22465698998421429
361,N2,361,AB,15,14,0.3323884906154988,0.11843407955020667,0.22026572916656734,0.34576835245125698,0.60758507005270013,0.06333923848940641,178.76683315127278,9,5,2.0186933290974785,0.2995562514629288,0.71348794331002419,0.48842285239527766,0.93003728182991374,1.9391180873580591,1.1060081122629344,1.2055388609413058,1.6797498228455801,0.42696437090418354,0.70487296134233479,0.22465698998421429
362,N2,362,AB,15,15,0.3323884906154988,0.11843407955020667,0.22026572916656734,0.34576835245125698,0.60758507005270013,0.06333923848940641,178.76683315127278,9,5,2.0186933290974785,0.2995562514629288,0.71348794331002419,0.48842285239527766,0.93003728182991374,2.5672269001732162,1.0759865427855402,1.2055388609413058,1.6797498228455801,0.42696437090418354,0.70487296134233479,0.22465698998421429
363,N2,363,AB,15,16,0.3323884906154988,0.11843407955020667,0.22026572916656734,0.34576835245125698,0.60758507005270013,0.06333923848940641,178.76683315127278,9,5,2.0186933290974785,0.2995562514629288,0.71348794331002419,0.48842285239527766,0.93003728182991374,2.5672269001732162,1.1060081122629344,1.2655274967662991,1.6797498228455801,0.42696437090418354,0.70487296134233479,0.22465698998421429
364,N2,364,AB,15,17,0.3323884906154988,0.11843407955020667,0.22026572916656734,0.34576835245125698,0.60758507005270013,0.06333923848940641,178.76683315127278,9,5,2.0186933290974785,0.2995562514629288,0.71348794331002419,0.48842285239527766,0.93003728182991374,2.5672269001732162,1.1060081122629344,1.2055388609413058,1.5223898582693043,0.42696437090418354,0.70487296134233479,0.22465698998421429
365,N2,365,AB,15,18,0.3323884906154988,0.11843407955020667,0.22026572916656734,0.34576835245125698,0.60758507005270013,0.06333923848940641,178.76683315127278,9,5,2.0186933290974785,0.2995562514629288,0.71348794331002419,0.48842285239527766,0.93003728182991374,2.5672269001732162,1.1060081122629344,1.2055388609413058,1.6797498228455801,0.42578441704403835,0.70487296134233479,0.22465698998421429
366,N2,366,AB,15,19,0.3323884906154988,0.11843407955020667,0.22026572916656734,0.34576835245125698,0.60758507005270013,0.06333923848940641,178.76683315127278,9,5,2.0186933290974785,0.2995562514629288,0.71348794331002419,0.48842285239527766,0.93003728182991374,2.5672269001732162,1.1060081122629344,1.2055388609413058,1.6797498228455801,0.42696437090418354,0.75289083439856763,0.22465698998421429
367,N2,367,AB,15,20,0.3323884906154988,0.11843407955020667,0.22026572916656734,0.34576835245125698,0.60758507005270013,0.06333923848940641,178.76683315127278,9,5,2.0186933290974785,0.2995562514629288,0.71348794331002419,0.48842285239527766,0.93003728182991374,2.5672269001732162,1.1060081122629344,1.2055388609413058,1.6797498228455801,0.42696437090418354,0.70487296134233479,0.40576763134449723
368,N5,0,A,0,-1,0.34799080811083904,0.18713280558586121,0.64467932032421227,0.35411620526831172,0.7313554385490334,0.064716537942105995,15.284174588861873,38,4,1.9224787643156673,0.31867636428431678,0.66648613507075782,0.46117736540919052,0.75481072385824155,2.0400484081079724,1.077523641679436,1.1348809508606792,1.5689671943589314,0.44343204841332345,0.42613284680992369,0.37421435536816716
369,N5,1,B,0,-1,0.3201368724450393,0.057776418514549732,0.62183329723775382,0.32639105083238029,0.62597704027119039,0.060924860814008476,27.29455946088396,51,2,2.0621917599963697,0.20735051755265252,0.64908465401457383,0.56973566630688532,0.97935731788382985,2.5272654110397883,1.0481399941723795,1.0653593102004379,1.6829094640775635,0.39230628145802543,0.25026876265183096,0.24790218938142061
370,N5,2,AB,0,0,0.3201368724450393,0.18713280558586121,0.64467932032421227,0.35411620526831172,0.7313554385490334,0.064716537942105995,15.284174588861873,38,4,1.9224787643156673,0.31867636428431678,0.66648613507075782,0.46117736540919052,0.75481072385824155,2.0400484081079724,1.077523641679436,1.1348809508606792,1.5689671943589314,0.44343204841332345,0.42613284680992369,0.37421435536816716
371,N5,3,AB,0,1,0.34799080811083904,0.057776418514549732,0.64467932032421227,0.35411620526831172,0.7313554385490334,0.064716537942105995,15.284174588861873,38,4,1.9224787643156673,0.31867636428431678,0.66648613507075782,0.46117736540919052,0.75481072385824155,2.0400484081079724,1.077523641679436,1.1348809508606792,1.5689671943589314,0.44343204841332345,0.42613284680992369,0.37421435536816716
372,N5,4,AB,0,2,0.34799080811083904,0.18713280558586121,0.62183329723775382,0.35411620526831172,0.7313554385490334,0.064716537942105995,15.284174588861873,38,4,1.9224787643156673,0.31867636428431678,0.66648613507075782,0.46117736540919052,0.75481072385824155,2.0400484081079724,1.077523641679436,1.1348809508606792,1.5689671943589314,0.44343204841332345,0.42613284680992369,0.37421435536816716
373,N5,5,AB,0,3,0.34799080811083904,0.18713280558586121,0.64467932032421227,0.32639105083238029,0.7313554385490334,0.064716537942105995,15.284174588861873,38,4,1.9224787643156673,0.31867636428431678,0.66648613507075782,0.46117736540919052,0.75481072385824155,2.0400484081079724,1.077523641679436,1.1348809508606792,1.5689671943589314,0.44343204841332345,0.42613284680992369,0.37421435536816716
374,N5,6,AB,0,4,0.34799080811083904,0.18713280558586121,0.64467932032421227,0.35411620526831172,0.62597704027119039,0.064716537942105995,15.284174588861873,38,4,1.9224787643156673,0.31867636428431678,0.66648613507075782,0.46117736540919052,0.75481072385824155,2.0400484081079724,1.077523641679436,1.1348809508606792,1.5689671943589314,0.44343204841332345,0.42613284680992369,0.37421435536816716
375,N5,7,AB,0,5,0.34799080811083904,0.18713280558586121,0.64467932032421227,0.35411620526831172,0.7313554385490334,0.060924860814008476,15.284174588861873,38,4,1.9224787643156673,0.31867636428431678,0.66648613507075782,0.46117736540919052,0.75481072385824155,2.0400484081079724,1.077523641679436,1.1348809508606792,1.5689671943589314,0.44343204841332345,0.42613284680992369,0.37421435536816716
376,N5,8,AB,0,6,0.34799080811083904,0.18713280558586121,0.64467932032421227,0.35411620526831172,0.7313554385490334,0.064716537942105995,27.29455946088396,38,4,1.9224787643156673,0.31867636428431678,0.66648613507075782,0.46117736540919052,0.75481072385824155,2.0400484081079724,1.077523641679436,1.1348809508606792,1.5689671943589314,0.44343204841332345,0.42613284680992369,0.37421435536816716
377,N5,9,AB,0,7,0.34799080811083904,0.18713280558586121,0.64467932032421227,0.35411620526831172,0.7313554385490334,0.064716537942105995,15.284174588861873,51,4,1.9224787643156673,0.31867636428431678,0.66648613507075782,0.46117736540919052,0.75481072385824155,2.0400484081079724,1.077523641679436,1.1348809508606792,1.5689671943589314,0.44343204841332345,0.42613284680992369,0.37421435536816716
378,N5,10,AB,0,8,0.34799080811083904,0.18713280558586121,0.64467932032421227,0.35411620526831172,0.7313554385490334,0.064716537942105995,15.284174588861873,38,2,1.9224787643156673,0.31867636428431678,0.66648613507075782,0.46117736540919052,0.75481072385824155,2.0400484081079724,1.077523641679436,1.1348809508606792,1.5689671943589314,0.44343204841332345,0.42613284680992369,0.37421435536816716
379,N5,11,AB,0,9,0.34799080811083904,0.18713280558586121,0.64467932032421227,0.35411620526831172,0.7313554385490334,0.064716537942105995,15.284174588861873,38,4,2.0621917599963697,0.31867636428431678,0.66648613507075782,0.46117736540919052,0.75481072385824155,2.0400484081079724,1.077523641679436,1.1348809508606792,1.5689671943589314,0.44343204841332345,0.42613284680992369,0.37421435536816716
380,N5,12,AB,0,10,0.34799080811083904,0.18713280558586121,0.64467932032421227,0.35411620526831172,0.7313554385490334,0.064716537942105995,15.284174588861873,38,4,1.9224787643156673,0.20735051755265252,0.66648613507075782,0.46117736540919052,0.75481072385824155,2.0400484081079724,1.077523641679436,1.1348809508606792,1.5689671943589314,0.44343204841332345,0.42613284680992369,0.37421435536816716
381,N5,13,AB,0,11,0.34799080811083904,0.18713280558586121,0.64467932032421227,0.35411620526831172,0.7313554385490334,0.064716537942105995,15.284174588861873,38,4,1.9224787643156673,0.31867636428431678,0.64908465401457383,0.46117736540919052,0.75481072385824155,2.0400484081079724,1.077523641679436,1.1348809508606792,1.5689671943589314,0.44343204841332345,0.42613284680992369,0.37421435536816716
382,N5,14,AB,0,12,0.34799080811083904,0.18713280558586121,0.64467932032421227,0.35411620526831172,0.7313554385490334,0.064716537942105995,15.284174588861873,38,4,1.9224787643156673,0.31867636428431678,0.66648613507075782,0.56973566630688532,0.75481072385824155,2.0400484081079724,1.077523641679436,1.1348809508606792,1.5689671943589314,0.44343204841332345,0.42613284680992369,0.37421435536816716
383,N5,15,AB,0,13,0.34799080811083904,0.18713280558586121,0.64467932032421227,0.35411620526831172,0.7313554385490334,0.064716537942105995,15.284174588861873,38,4,1.9224787643156673,0.31867636428431678,0.66648613507075782,0.46117736540919052,0.97935731788382985,2.0400484081079724,1.077523641679436,1.1348809508606792,1.5689671943589314,0.44343204841332345,0.42613284680992369,0.37421435536816716
384,N5,16,AB,0,14,0.34799080811083904,0.18713280558586121,0.64467932032421227,0.35411620526831172,0.7313554385490334,0.064716537942105995,15.284174588861873,38,4,1.9224787643156673,0.31867636428431678,0.66648613507075782,0.46117736540919052,0.75481072385824155,2.5272654110397883,1.077523641679436,1.1348809508606792,1.5689671943589314,0.44343204841332345,0.42613284680992369,0.37421435536816716
385,N5,17,AB,0,15,0.34799080811083904,0.18713280558586121,0.64467932032421227,0.35411620526831172,0.7313554385490334,0.064716537942105995,15.284174588861873,38,4,1.9224787643156673,0.31867636428431678,0.66648613507075782,0.46117736540919052,0.75481072385824155,2.0400484081079724,1.0481399941723795,1.1348809508606792,1.5689671943589314,0.44343204841332345,0.42613284680992369,0.37421435536816716
386,N5,18,AB,0,16,0.34799080811083904,0.18713280558586121,0.64467932032421227,0.35411620526831172,0.7313554385490334,0.064716537942105995,15.284174588861873,38,4,1.9224787643156673,0.31867636428431678,0.66648613507075782,0.46117736540919052,0.75481072385824155,2.0400484081079724,1.077523641679436,1.0653593102004379,1.5689671943589314,0.44343204841332345,0.42613284680992369,0.37421435536816716
387,N5,19,AB,0,17,0.34799080811083904,0.18713280558586121,0.64467932032421227,0.35411620526831172,0.7313554385490334,0.064716537942105995,15.284174588861873,38,4,1.9224787643156673,0.31867636428431678,0.66648613507075782,0.46117736540919052,0.75481072385824155,2.0400484081079724,1.077523641679436,1.1348809508606792,1.6829094640775635,0.44343204841332345,0.42613284680992369,0.37421435536816716
388,N5,20,AB,0,18,0.34799080811083904,0.18713280558586121,0.64467932032421227,0.35411620526831172,0.7313554385490334,0.064716537942105995,15.284174588861873,38,4,1.9224787643156673,0.31867636428431678,0.66648613507075782,0.46117736540919052,0.75481072385824155,2.0400484081079724,1.077523641679436,1.1348809508606792,1.5689671943589314,0.39230628145802543,0.42613284680992369,0.37421435536816716
389,N5,21,AB,0,19,0.34799080811083904,0.18713280558586121,0.64467932032421227,0.35411620526831172,0.7313554385490334,0.064716537942105995,15.284174588861873,38,4,1.9224787643156673,0.31867636428431678,0.66648613507075782,0.46117736540919052,0.75481072385824155,2.0400484081079724,1.077523641679436,1.1348809508606792,1.5689671943589314,0.44343204841332345,0.25026876265183096,0.37421435536816716
390,N5,22,AB,0,20,0.34799080811083904,0.18713280558586121,0.64467932032421227,0.35411620526831172,0.7313554385490334,0.064716537942105995,15.284174588861873,38,4,1.9224787643156673,0.31867636428431678,0.66648613507075782,0.46117736540919052,0.75481072385824155,2.0400484081079724,1.077523641679436,1.1348809508606792,1.5689671943589314,0.44343204841332345,0.42613284680992369,0.24790218938142061
391,N5,23,A,1,-1,0.28234222417011029,0.096984460391104227,0.25038017639890314,0.42169463906424598,0.51646093507024049,0.066965150143742672,3320.0823087473295,85,3,2.0506753515514387,0.20602021152086025,0.45697467812872145,0.37636278018971214,0.90511488299913923,2.3238469923652505,1.1336088729836047,1.2399448642507196,1.6096201682729228,0.36941210916459893,0.55820199651643632,0.28045278796926143
392,N5,24,B,1,-1,0.25945127353460073,0.15699421558529139,0.41853885427117343,0.63221742154672533,0.72544032907353695,0.067322922718446948,691.94522642803804,18,4,1.9122620141292803,0.25105779644344128,0.49580200516726519,0.3828306907117634,0.76532764124581565,2.052384034239322,1.1209436606615781,1.1929483180399985,1.6032233232549322,0.41228301324731503,0.61082436414435504,0.47395153529942036
393,N5,25,AB,1,0,0.25945127353460073,0.096984460391104227,0.25038017639890314,0.42169463906424598,0.51646093507024049,0.066965150143742672,3320.0823087473295,85,3,2.0506753515514387,0.20602021152086025,0.45697467812872145,0.37636278018971214,0.90511488299913923,2.3238469923652505,1.1336088729836047,1.2399448642507196,1.6096201682729228,0.36941210916459893,0.55820199651643632,0.28045278796926143
394,N5,26,AB,1,1,0.28234222417011029,0.15699421558529139,0.25038017639890314,0.42169463906424598,0.51646093507024049,0.066965150143742672,3320.0823087473295,85,3,2.0506753515514387,0.20602021152086025,0.45697467812872145,0.37636278018971214,0.90511488299913923,2.3238469923652505,1.1336088729836047,1.2399448642507196,1.6096201682729228,0.36941210916459893,0.55820199651643632,0.28045278796926143
395,N5,27,AB,1,2,0.28234222417011029,0.096984460391104227,0.41853885427117343,0.42169463906424598,0.51646093507024049,0.066965150143742672,3320.0823087473295,85,3,2.0506753515514387,0.20602021152086025,0.45697467812872145,0.37636278018971214,0.90511488299913923,2.3238469923652505,1.1336088729836047,1.2399448642507196,1.6096201682729228,0.36941210916459893,0.55820199651643632,0.28045278796926143
396,N5,28,AB,1,3,0.28234222417011029,0.096984460391104227,0.25038017639890314,0.63221742154672533,0.51646093507024049,0.066965150143742672,3320.0823087473295,85,3,2.0506753515514387,0.20602021152086025,0.45697467812872145,0.37636278018971214,0.90511488299913923,2.3238469923652505,1.1336088729836047,1.2399448642507196,1.6096201682729228,0.36941210916459893,0.55820199651643632,0.28045278796926143
397,N5,29,AB,1,4,0.28234222417011029,0.096984460391104227,0.25038017639890314,0.42169463906424598,0.72544032907353695,0.066965150143742672,3320.0823087473295,85,3,2.0506753515514387,0.20602021152086025,0.45697467812872145,0.37636278018971214,0.90511488299913923,2.3238469923652505,1.1336088729836047,1.2399448642507196,1.6096201682729228,0.36941210916459893,0.55820199651643632,0.28045278796926143
398,N5,30,AB,1,5,0.28234222417011029,0.096984460391104227,0.25038017639890314,0.42169463906424598,0.51646093507024049,0.067322922718446948,3320.0823087473295,85,3,2.0506753515514387,0.20602021152086025,0.45697467812872145,0.37636278018971214,0.90511488299913923,2.3238469923652505,1.1336088729836047,1.2399448642507196,1.6096201682729228,0.36941210916459893,0.55820199651643632,0.28045278796926143
399,N5,31,AB,1,6,0.28234222417011029,0.096984460391104227,0.25038017639890314,0.42169463906424598,0.51646093507024049,0.066965150143742672,691.94522642803804,85,3,2.0506753515514387,0.20602021152086025,0.45697467812872145,0.37636278018971214,0.90511488299913923,2.3238469923652505,1.1336088729836047,1.2399448642507196,1.6096201682729228,0.36941210916459893,0.55820199651643632,0.28045278796926143
400,N5,32,AB,1,7,0.28234222417011029,0.096984460391104227,0.25038017639890314,0.42169463906424598,0.51646093507024049,0.066965150143742672,3320.0823087473295,18,3,2.0506753515514387,0.20602021152086025,0.45697467812872145,0.37636278018971214,0.90511488299913923,2.3238469923652505,1.1336088729836047,1.2399448642507196,1.6096201682729228,0.36941210916459893,0.55820199651643632,0.28045278796926143
401,N5,33,AB,1,8,0.28234222417011029,0.096984460391104227,0.25038017639890314,0.42169463906424598,0.51646093507024049,0.066965150143742672,3320.0823087473295,85,4,2.0506753515514387,0.20602021152086025,0.45697467812872145,0.37636278018971214,0.90511488299913923,2.3238469923652505,1.1336088729836047,1.2399448642507196,1.6096201682729228,0.36941210916459893,0.55820199651643632,0.28045278796926143
402,N5,34,AB,1,9,0.28234222417011029,0.096984460391104227,0.25038017639890314,0.42169463906424598,0.51646093507024049,0.066965150143742672,3320.0823087473295,85,3,1.9122620141292803,0.20602021152086025,0.45697467812872145,0.37636278018971214,0.90511488299913923,2.3238469923652505,1.1336088729836047,1.2399448642507196,1.6096201682729228,0.36941210916459893,0.55820199651643632,0.28045278796926143
403,N5,35,AB,1,10,0.28234222417011029,0.096984460391104227,0.25038017639890314,0.42169463906424598,0.51646093507024049,0.066965150143742672,3320.0823087473295,85,3,2.0506753515514387,0.25105779644344128,0.45697467812872145,0.37636278018971214,0.90511488299913923,2.3238469923652505,1.1336088729836047,1.2399448642507196,1.6096201682729228,0.36941210916459893,0.55820199651643632,0.28045278796926143
404,N5,36,AB,1,11,0.28234222417011029,0.096984460391104227,0.25038017639890314,0.42169463906424598,0.51646093507024049,0.066965150143742672,3320.0823087473295,85,3,2.0506753515514387,0.20602021152086025,0.49580200516726519,0.37636278018971214,0.90511488299913923,2.3238469923652505,1.1336088729836047,1.2399448642507196,1.6096201682729228,0.36941210916459893,0.55820199651643632,0.28045278796926143
405,N5,37,AB,1,12,0.28234222417011029,0.096984460391104227,0.25038017639890314,0.42169463906424598,0.51646093507024049,0.066965150143742672,3320.0823087473295,85,3,2.0506753515514387,0.20602021152086025,0.45697467812872145,0.3828306907117634,0.90511488299913923,2.3238469923652505,1.1336088729836047,1.2399448642507196,1.6096201682729228,0.36941210916459893,0.55820199651643632,0.28045278796926143
406,N5,38,AB,1,13,0.28234222417011029,0.096984460391104227,0.25038017639890314,0.42169463906424598,0.51646093507024049,0.066965150143742672,3320.0823087473295,85,3,2.0506753515514387,0.20602021152086025,0.45697467812872145,0.37636278018971214,0.76532764124581565,2.3238469923652505,1.1336088729836047,1.2399448642507196,1.6096201682729228,0.36941210916459893,0.55820199651643632,0.28045278796926143
407,N5,39,AB,1,14,0.28234222417011029,0.096984460391104227,0.25038017639890314,0.42169463906424598,0.51646093507024049,0.066965150143742672,3320.0823087473295,85,3,2.0506753515514387,0.20602021152086025,0.45697467812872145,0.37636278018971214,0.90511488299913923,2.052384034239322,1.1336088729836047,1.2399448642507196,1.6096201682729228,0.36941210916459893,0.55820199651643632,0.28045278796926143
408,N5,40,AB,1,15,0.28234222417011029,0.096984460391104227,0.25038017639890314,0.42169463906424598,0.51646093507024049,0.066965150143742672,3320.0823087473295,85,3,2.0506753515514387,0.20602021152086025,0.45697467812872145,0.37636278018971214,0.90511488299913923,2.3238469923652505,1.1209436606615781,1.2399448642507196,1.6096201682729228,0.36941210916459893,0.55820199651643632,0.28045278796926143
409,N5,41,AB,1,16,0.28234222417011029,0.096984460391104227,0.25038017639890314,0.42169463906424598,0.51646093507024049,0.066965150143742672,3320.0823087473295,85,3,2.0506753515514387,0.20602021152086025,0.45697467812872145,0.37636278018971214,0.90511488299913923,2.3238469923652505,1.1336088729836047,1.1929483180399985,1.6096201682729228,0.36941210916459893,0.55820199651643632,0.28045278796926143
410,N5,42,AB,1,17,0.28234222417011029,0.096984460391104227,0.25038017639890314,0.42169463906424598,0.51646093507024049,0.066965150143742672,3320.0823087473295,85,3,2.0506753515514387,0.20602021152086025,0.45697467812872145,0.37636278018971214,0.90511488299913923,2.3238469923652505,1.1336088729836047,1.2399448642507196,1.6032233232549322,0.36941210916459893,0.55820199651643632,0.28045278796926143
411,N5,43,AB,1,18,0.28234222417011029,0.096984460391104227,0.25038017639890314,0.42169463906424598,0.51646093507024049,0.066965150143742672,3320.0823087473295,85,3,2.0506753515514387,0.20602021152086025,0.45697467812872145,0.37636278018971214,0.90511488299913923,2.3238469923652505,1.1336088729836047,1.2399448642507196,1.6096201682729228,0.41228301324731503,0.55820199651643632,0.28045278796926143
412,N5,44,AB,1,19,0.28234222417011029,0.096984460391104227,0.25038017639890314,0.42169463906424598,0.51646093507024049,0.066965150143742672,3320.0823087473295,85,3,2.0506753515514387,0.20602021152086025,0.45697467812872145,0.37636278018971214,0.90511488299913923,2.3238469923652505,1.1336088729836047,1.2399448642507196,1.6096201682729228,0.36941210916459893,0.61082436414435504,0.28045278796926143
413,N5,45,AB,1,20,0.28234222417011029,0.096984460391104227,0.25038017639890314,0.42169463906424598,0.51646093507024049,0.066965150143742672,3320.0823087473295,85,3,2.0506753515514387,0.20602021152086025,0.45697467812872145,0.37636278018971214,0.90511488299913923,2.3238469923652505,1.1336088729836047,1.2399448642507196,1.6096201682729228,0.36941210916459893,0.55820199651643632,0.47395153529942036
414,N5,46,A,2,-1,0.2629936153089773,0.24607084989547728,0.45503633031621571,0.33635165518185128,0.64780102196986156,0.077351894092144338,27.160891154276253,75,1,2.187576701447826,0.17127284259988532,0.53091764837973099,0.49336679551131751,0.80929221527246908,2.9000855275591775,1.0344674958009272,1.2248961738776416,1.5292819043969417,0.39038666191337817,0.15044154813513161,0.45128250890411437
415,N5,47,B,2,-1,0.27529790483053485,0.13656734284013511,0.52892799051478501,0.37843242898127594,0.84129803372142342,0.062412416738939713,350.21406734180368,88,4,2.1508046086815504,0.17898944923245874,0.63281913369242404,0.32090290267997434,0.80743507092345035,2.1005919924855405,1.0776456978078932,1.148266618559137,1.6694080305817121,0.37362476876154443,0.48806648626923566,0.34200672353617845
416,N5,48,AB,2,0,0.27529790483053485,0.24607084989547728,0.45503633031621571,0.33635165518185128,0.64780102196986156,0.077351894092144338,27.160891154276253,75,1,2.187576701447826,0.17127284259988532,0.53091764837973099,0.49336679551131751,0.80929221527246908,2.9000855275591775,1.0344674958009272,1.2248961738776416,1.5292819043969417,0.39038666191337817,0.15044154813513161,0.45128250890411437
417,N5,49,AB,2,1,0.2629936153089773,0.13656734284013511,0.45503633031621571,0.33635165518185128,0.64780102196986156,0.077351894092144338,27.160891154276253,75,1,2.187576701447826,0.17127284259988532,0.53091764837973099,0.49336679551131751,0.80929221527246908,2.9000855275591775,1.0344674958009272,1.2248961738776416,1.5292819043969417,0.39038666191337817,0.15044154813513161,0.45128250890411437
418,N5,50,AB,2,2,0.2629936153089773,0.24607084989547728,0.52892799051478501,0.33635165518185128,0.64780102196986156,0.077351894092144338,27.160891154276253,75,1,2.187576701447826,0.17127284259988532,0.53091764837973099,0.49336679551131751,0.80929221527246908,2.9000855275591775,1.0344674958009272,1.2248961738776416,1.5292819043969417,0.39038666191337817,0.15044154813513161,0.45128250890411437
419,N5,51,AB,2,3,0.2629936153089773,0.24607084989547728,0.45503633031621571,0.37843242898127594,0.64780102196986156,0.077351894092144338,27.160891154276253,75,1,2.187576701447826,0.17127284259988532,0.53091764837973099,0.49336679551131751,0.80929221527246908,2.9000855275591775,1.0344674958009272,1.2248961738776416,1.5292819043969417,0.39038666191337817,0.15044154813513161,0.45128250890411437
420,N5,52,AB,2,4,0.2629936153089773,0.24607084989547728,0.45503633031621571,0.33635165518185128,0.84129803372142342,0.077351894092144338,27.160891154276253,75,1,2.187576701447826,0.17127284259988532,0.53091764837973099,0.49336679551131751,0.80929221527246908,2.9000855275591775,1.0344674958009272,1.2248961738776416,1.5292819043969417,0.39038666191337817,0.15044154813513161,0.45128250890411437
421,N5,53,AB,2,5,0.2629936153089773,0.24607084989547728,0.45503633031621571,0.33635165518185128,0.64780102196986156,0.062412416738939713,27.160891154276253,75,1,2.187576701447826,0.17127284259988532,0.53091764837973099,0.49336679551131751,0.80929221527246908,2.9000855275591775,1.0344674958009272,1.2248961738776416,1.5292819043969417,0.39038666191337817,0.15044154813513161,0.45128250890411437
422,N5,54,AB,2,6,0.2629936153089773,0.24607084989547728,0.45503633031621571,0.33635165518185128,0.64780102196986156,0.077351894092144338,350.21406734180368,75,1,2.187576701447826,0.17127284259988532,0.53091764837973099,0.49336679551131751,0.80929221527246908,2.9000855275591775,1.0344674958009272,1.2248961738776416,1.5292819043969417,0.39038666191337817,0.15044154813513161,0.45128250890411437
423,N5,55,AB,2,7,0.2629936153089773,0.24607084989547728,0.45503633031621571,0.33635165518185128,0.64780102196986156,0.077351894092144338,27.160891154276253,88,1,2.187576701447826,0.17127284259988532,0.53091764837973099,0.49336679551131751,0.80929221527246908,2.9000855275591775,1.0344674958009272,1.2248961738776416,1.5292819043969417,0.39038666191337817,0.15044154813513161,0.45128250890411437
424,N5,56,AB,2,8,0.2629936153089773,0.24607084989547728,0.45503633031621571,0.33635165518185128,0.64780102196986156,0.077351894092144338,27.160891154276253,75,4,2.187576701447826,0.17127284259988532,0.53091764837973099,0.49336679551131751,0.80929221527246908,2.9000855275591775,1.0344674958009272,1.2248961738776416,1.5292819043969417,0.39038666191337817,0.15044154813513161,0.45128250890411437
425,N5,57,AB,2,9,0.2629936153089773,0.24607084989547728,0.45503633031621571,0.33635165518185128,0.64780102196986156,0.077351894092144338,27.160891154276253,75,1,2.1508046086815504,0.17127284259988532,0.53091764837973099,0.49336679551131751,0.80929221527246908,2.9000855275591775,1.0344674958009272,1.2248961738776416,1.5292819043969417,0.39038666191337817,0.15044154813513161,0.45128250890411437
426,N5,58,AB,2,10,0.2629936153089773,0.24607084989547728,0.45503633031621571,0.33635165518185128,0.64780102196986156,0.077351894092144338,27.160891154276253,75,1,2.187576701447826,0.17898944923245874,0.53091764837973099,0.49336679551131751,0.80929221527246908,2.9000855275591775,1.0344674958009272,1.2248961738776416,1.5292819043969417,0.39038666191337817,0.15044154813513161,0.45128250890411437
427,N5,59,AB,2,11,0.2629936153089773,0.24607084989547728,0.45503633031621571,0.33635165518185128,0.64780102196986156,0.077351894092144338,27.160891154276253,75,1,2.187576701447826,0.17127284259988532,0.63281913369242404,0.49336679551131751,0.80929221527246908,2.9000855275591775,1.0344674958009272,1.2248961738776416,1.5292819043969417,0.39038666191337817,0.15044154813513161,0.45128250890411437
428,N5,60,AB,2,12,0.2629936153089773,0.24607084989547728,0.45503633031621571,0.33635165518185128,0.64780102196986156,0.077351894092144338,27.160891154276253,75,1,2.187576701447826,0.17127284259988532,0.53091764837973099,0.32090290267997434,0.80929221527246908,2.9000855275591775,1.0344674958009272,1.2248961738776416,1.5292819043969417,0.39038666191337817,0.15044154813513161,0.45128250890411437
429,N5,61,AB,2,13,0.2629936153089773,0.24607084989547728,0.45503633031621571,0.33635165518185128,0.64780102196986156,0.077351894092144338,27.160891154276253,75,1,2.187576701447826,0.17127284259988532,0.53091764837973099,0.49336679551131751,0.80743507092345035,2.9000855275591775,1.0344674958009272,1.2248961738776416,1.5292819043969417,0.39038666191337817,0.15044154813513161,0.45128250890411437
430,N5,62,AB,2,14,0.2629936153089773,0.24607084989547728,0.45503633031621571,0.33635165518185128,0.64780102196986156,0.077351894092144338,27.160891154276253,75,1,2.187576701447826,0.17127284259988532,0.53091764837973099,0.49336679551131751,0.80929221527246908,2.1005919924855405,1.0344674958009272,1.2248961738776416,1.5292819043969417,0.39038666191337817,0.15044154813513161,0.45128250890411437
431,N5,63,AB,2,15,0.2629936153089773,0.24607084989547728,0.45503633031621571,0.33635165518185128,0.64780102196986156,0.077351894092144338,27.160891154276253,75,1,2.187576701447826,0.17127284259988532,0.53091764837973099,0.49336679551131751,0.80929221527246908,2.9000855275591775,1.0776456978078932,1.2248961738776416,1.5292819043969417,0.39038666191337817,0.15044154813513161,0.45128250890411437
432,N5,64,AB,2,16,0.2629936153089773,0.24607084989547728,0.45503633031621571,0.33635165518185128,0.64780102196986156,0.077351894092144338,27.160891154276253,75,1,2.187576701447826,0.17127284259988532,0.53091764837973099,0.49336679551131751,0.80929221527246908,2.9000855275591775,1.0344674958009272,1.148266618559137,1.5292819043969417,0.39038666191337817,0.15044154813513161,0.45128250890411437
433,N5,65,AB,2,17,0.2629936153089773,0.24607084989547728,0.45503633031621571,0.33635165518185128,0.64780102196986156,0.077351894092144338,27.160891154276253,75,1,2.187576701447826,0.17127284259988532,0.53091764837973099,0.49336679551131751,0.80929221527246908,2.9000855275591775,1.0344674958009272,1.2248961738776416,1.6694080305817121,0.39038666191337817,0.15044154813513161,0.45128250890411437
434,N5,66,AB,2,18,0.2629936153089773,0.24607084989547728,0.45503633031621571,0.33635165518185128,0.64780102196986156,0.077351894092144338,27.160891154276253,75,1,2.187576701447826,0.17127284259988532,0.53091764837973099,0.49336679551131751,0.80929221527246908,2.9000855275591775,1.0344674958009272,1.2248961738776416,1.5292819043969417,0.37362476876154443,0.15044154813513161,0.45128250890411437
435,N5,67,AB,2,19,0.2629936153089773,0.24607084989547728,0.45503633031621571,0.33635165518185128,0.64780102196986156,0.077351894092144338,27.160891154276253,75,1,2.187576701447826,0.17127284259988532,0.53091764837973099,0.49336679551131751,0.80929221527246908,2.9000855275591775,1.0344674958009272,1.2248961738776416,1.5292819043969417,0.39038666191337817,0.48806648626923566,0.45128250890411437
436,N5,68,AB,2,20,0.2629936153089773,0.24607084989547728,0.45503633031621571,0.33635165518185128,0.64780102196986156,0.077351894092144338,27.160891154276253,75,1,2.187576701447826,0.17127284259988532,0.53091764837973099,0.49336679551131751,0.80929221527246908,2.9000855275591775,1.0344674958009272,1.2248961738776416,1.5292819043969417,0.39038666191337817,0.15044154813513161,0.34200672353617845
437,N5,69,A,3,-1,0.29880916211116582,0.13231216315180064,0.43622474120929833,0.65487282989050777,0.78583742473337437,0.061454761158731649,120.87683509083976,4,5,1.715331265497162,0.2406830922857858,0.58887211599702571,0.3484390793081355,1.0771500887290242,2.10435423019086,1.1106509937066584,1.0885593723040075,1.7812133142233701,0.41880477688844753,0.83399734478443865,0.19481976688839495
438,N5,70,B,3,-1,0.30904153878145785,0.23733390700072049,0.23216470638290049,0.45811451260478114,0.50036173526947425,0.074501630345791256,9.5656742456641961,32,2,1.8828500950296454,0.2947463227976207,0.54560544182968496,0.46495162400531298,1.0524203582816531,2.5808850655369993,1.0850764055922628,1.2936345184687525,1.4790133675036787,0.44534433377635979,0.85081978254020219,0.20345460302196441
439,N5,71,AB,3,0,0.30904153878145785,0.13231216315180064,0.43622474120929833,0.65487282989050777,0.78583742473337437,0.061454761158731649,120.87683509083976,4,5,1.715331265497162,0.2406830922857858,0.58887211599702571,0.3484390793081355,1.0771500887290242,2.10435423019086,1.1106509937066584,1.0885593723040075,1.7812133142233701,0.41880477688844753,0.83399734478443865,0.19481976688839495
440,N5,72,AB,3,1,0.29880916211116582,0.23733390700072049,0.43622474120929833,0.65487282989050777,0.78583742473337437,0.061454761158731649,120.87683509083976,4,5,1.715331265497162,0.2406830922857858,0.58887211599702571,0.3484390793081355,1.0771500887290242,2.10435423019086,1.1106509937066584,1.0885593723040075,1.7812133142233701,0.41880477688844753,0.83399734478443865,0.19481976688839495
441,N5,73,AB,3,2,0.29880916211116582,0.13231216315180064,0.23216470638290049,0.65487282989050777,0.78583742473337437,0.061454761158731649,120.87683509083976,4,5,1.715331265497162,0.2406830922857858,0.58887211599702571,0.3484390793081355,1.0771500887290242,2.10435423019086,1.1106509937066584,1.0885593723040075,1.7812133142233701,0.41880477688844753,0.83399734478443865,0.19481976688839495
442,N5,74,AB,3,3,0.29880916211116582,0.13231216315180064,0.43622474120929833,0.45811451260478114,0.78583742473337437,0.061454761158731649,120.87683509083976,4,5,1.715331265497162,0.2406830922857858,0.58887211599702571,0.3484390793081355,1.0771500887290242,2.10435423019086,1.1106509937066584,1.0885593723040075,1.7812133142233701,0.41880477688844753,0.83399734478443865,0.19481976688839495
443,N5,75,AB,3,4,0.29880916211116582,0.13231216315180064,0.43622474120929833,0.65487282989050777,0.50036173526947425,0.061454761158731649,120.87683509083976,4,5,1.715331265497162,0.2406830922857858,0.58887211599702571,0.3484390793081355,1.0771500887290242,2.10435423019086,1.1106509937066584,1.0885593723040075,1.7812133142233701,0.41880477688844753,0.83399734478443865,0.19481976688839495
444,N5,76,AB,3,5,0.29880916211116582,0.13231216315180064,0.43622474120929833,0.65487282989050777,0.78583742473337437,0.074501630345791256,120.87683509083976,4,5,1.715331265497162,0.2406830922857858,0.58887211599702571,0.3484390793081355,1.0771500887290242,2.10435423019086,1.1106509937066584,1.0885593723040075,1.7812133142233701,0.41880477688844753,0.83399734478443865,0.19481976688839495
445,N5,77,AB,3,6,0.29880916211116582,0.13231216315180064,0.43622474120929833,0.65487282989050777,0.78583742473337437,0.061454761158731649,9.5656742456641961,4,5,1.715331265497162,0.2406830922857858,0.58887211599702571,0.3484390793081355,1.0771500887290242,2.10435423019086,1.1106509937066584,1.0885593723040075,1.7812133142233701,0.41880477688844753,0.83399734478443865,0.19481976688839495
446,N5,78,AB,3,7,0.29880916211116582,0.13231216315180064,0.43622474120929833,0.65487282989050777,0.78583742473337437,0.061454761158731649,120.87683509083976,32,5,1.715331265497162,0.2406830922857858,0.58887211599702571,0.3484390793081355,1.0771500887290242,2.10435423019086,1.1106509937066584,1.0885593723040075,1.7812133142233701,0.41880477688844753,0.83399734478443865,0.19481976688839495
447,N5,79,AB,3,8,0.29880916211116582,0.13231216315180064,0.43622474120929833,0.65487282989050777,0.78583742473337437,0.061454761158731649,120.87683509083976,4,2,1.715331265497162,0.2406830922857858,0.58887211599702571,0.3484390793081355,1.0771500887290242,2.10435423019086,1.1106509937066584,1.0885593723040075,1.7812133142233701,0.41880477688844753,0.83399734478443865,0.19481976688839495
448,N5,80,AB,3,9,0.29880916211116582,0.13231216315180064,0.43622474120929833,0.65487282989050777,0.78583742473337437,0.061454761158731649,120.87683509083976,4,5,1.8828500950296454,0.2406830922857858,0.58887211599702571,0.3484390793081355,1.0771500887290242,2.10435423019086,1.1106509937066584,1.0885593723040075,1.7812133142233701,0.41880477688844753,0.83399734478443865,0.19481976688839495
449,N5,81,AB,3,10,0.29880916211116582,0.13231216315180064,0.43622474120929833,0.65487282989050777,0.78583742473337437,0.061454761158731649,120.87683509083976,4,5,1.715331265497162,0.2947463227976207,0.58887211599702571,0.3484390793081355,1.0771500887290242,2.10435423019086,1.1106509937066584,1.0885593723040075,1.7812133142233701,0.41880477688844753,0.83399734478443865,0.19481976688839495
450,N5,82,AB,3,11,0.29880916211116582,0.13231216315180064,0.43622474120929833,0.65487282989050777,0.78583742473337437,0.061454761158731649,120.87683509083976,4,5,1.715331265497162,0.2406830922857858,0.54560544182968496,0.3484390793081355,1.0771500887290242,2.10435423019086,1.1106509937066584,1.0885593723040075,1.7812133142233701,0.41880477688844753,0.83399734478443865,0.19481976688839495
451,N5,83,AB,3,12,0.29880916211116582,0.13231216315180064,0.43622474120929833,0.65487282989050777,0.78583742473337437,0.061454761158731649,120.87683509083976,4,5,1.715331265497162,0.2406830922857858,0.58887211599702571,0.46495162400531298,1.0771500887290242,2.10435423019086,1.1106509937066584,1.0885593723040075,1.7812133142233701,0.41880477688844753,0.83399734478443865,0.19481976688839495
452,N5,84,AB,3,13,0.29880916211116582,0.13231216315180064,0.43622474120929833,0.65487282989050777,0.78583742473337437,0.061454761158731649,120.87683509083976,4,5,1.715331265497162,0.2406830922857858,0.58887211599702571,0.3484390793081355,1.0524203582816531,2.10435423019086,1.1106509937066584,1.0885593723040075,1.7812133142233701,0.41880477688844753,0.83399734478443865,0.19481976688839495
453,N5,85,AB,3,14,0.29880916211116582,0.13231216315180064,0.43622474120929833,0.65487282989050777,0.78583742473337437,0.061454761158731649,120.87683509083976,4,5,1.715331265497162,0.2406830922857858,0.58887211599702571,0.3484390793081355,1.0771500887290242,2.5808850655369993,1.1106509937066584,1.0885593723040075,1.7812133142233701,0.41880477688844753,0.83399734478443865,0.19481976688839495
454,N5,86,AB,3,15,0.29880916211116582,0.13231216315180064,0.43622474120929833,0.65487282989050777,0.78583742473337437,0.061454761158731649,120.87683509083976,4,5,1.715331265497162,0.2406830922857858,0.58887211599702571,0.3484390793081355,1.0771500887290242,2.10435423019086,1.0850764055922628,1.0885593723040075,1.7812133142233701,0.41880477688844753,0.83399734478443865,0.19481976688839495
455,N5,87,AB,3,16,0.29880916211116582,0.13231216315180064,0.43622474120929833,0.65487282989050777,0.78583742473337437,0.061454761158731649,120.87683509083976,4,5,1.715331265497162,0.2406830922857858,0.58887211599702571,0.3484390793081355,1.0771500887290242,2.10435423019086,1.1106509937066584,1.2936345184687525,1.7812133142233701,0.41880477688844753,0.83399734478443865,0.19481976688839495
456,N5,88,AB,3,17,0.29880916211116582,0.13231216315180064,0.43622474120929833,0.65487282989050777,0.78583742473337437,0.061454761158731649,120.87683509083976,4,5,1.715331265497162,0.2406830922857858,0.58887211599702571,0.3484390793081355,1.0771500887290242,2.10435423019086,1.1106509937066584,1.0885593723040075,1.4790133675036787,0.41880477688844753,0.83399734478443865,0.19481976688839495
457,N5,89,AB,3,18,0.29880916211116582,0.13231216315180064,0.43622474120929833,0.65487282989050777,0.78583742473337437,0.061454761158731649,120.87683509083976,4,5,1.715331265497162,0.2406830922857858,0.58887211599702571,0.3484390793081355,1.0771500887290242,2.10435423019086,1.1106509937066584,1.0885593723040075,1.7812133142233701,0.44534433377635979,0.83399734478443865,0.19481976688839495
458,N5,90,AB,3,19,0.29880916211116582,0.13231216315180064,0.43622474120929833,0.65487282989050777,0.78583742473337437,0.061454761158731649,120.87683509083976,4,5,1.715331265497162,0.2406830922857858,0.58887211599702571,0.3484390793081355,1.0771500887290242,2.10435423019086,1.1106509937066584,1.0885593723040075,1.7812133142233701,0.41880477688844753,0.85081978254020219,0.19481976688839495
459,N5,91,AB,3,20,0.29880916211116582,0.13231216315180064,0.43622474120929833,0.65487282989050777,0.78583742473337437,0.061454761158731649,120.87683509083976,4,5,1.715331265497162,0.2406830922857858,0.58887211599702571,0.3484390793081355,1.0771500887290242,2.10435423019086,1.1106509937066584,1.0885593723040075,1.7812133142233701,0.41880477688844753,0.83399734478443865,0.20345460302196441
460,N5,92,A,4,-1,0.31323026677598192,0.22406289577484134,0.32131929537281395,0.49893299109577049,0.86101040105473092,0.06269128152348323,110.67861515958424,62,1,2.0397504424671635,0.14129956638590901,0.62428465270127576,0.51968933911584969,0.97770211026865184,2.2084119727190639,1.0941218720469623,1.080851929448545,1.7135007626005365,0.39621561323468907,0.47250191401690245,0.34187548174522819
461,N5,93,B,4,-1,0.33631400781895726,0.11731848269701005,0.31058050813153387,0.40527126449777434,0.81416464218903994,0.06370652753488501,2190.6619346089601,70,1,2.2027864411101445,0.20140339865566312,0.57112797979825702,0.3494719646407769,0.71046633407019655,1.8447975428281032,1.1486486782412975,1.249939894489944,1.6122881899799688,0.44091979605508441,0.94079410424456,0.43190843807533386
462,N5,94,AB,4,0,0.33631400781895726,0.22406289577484134,0.32131929537281395,0.49893299109577049,0.86101040105473092,0.06269128152348323,110.67861515958424,62,1,2.0397504424671635,0.14129956638590901,0.62428465270127576,0.51968933911584969,0.97770211026865184,2.2084119727190639,1.0941218720469623,1.080851929448545,1.7135007626005365,0.39621561323468907,0.47250191401690245,0.34187548174522819
463,N5,95,AB,4,1,0.31323026677598192,0.11731848269701005,0.32131929537281395,0.49893299109577049,0.86101040105473092,0.06269128152348323,110.67861515958424,62,1,2.0397504424671635,0.14129956638590901,0.62428465270127576,0.51968933911584969,0.97770211026865184,2.2084119727190639,1.0941218720469623,1.080851929448545,1.7135007626005365,0.39621561323468907,0.47250191401690245,0.34187548174522819
464,N5,96,AB,4,2,0.31323026677598192,0.22406289577484134,0.31058050813153387,0.49893299109577049,0.86101040105473092,0.06269128152348323,110.67861515958424,62,1,2.0397504424671635,0.14129956638590901,0.62428465270127576,0.51968933911584969,0.97770211026865184,2.2084119727190639,1.0941218720469623,1.080851929448545,1.7135007626005365,0.39621561323468907,0.47250191401690245,0.34187548174522819
465,N5,97,AB,4,3,0.31323026677598192,0.22406289577484134,0.32131929537281395,0.40527126449777434,0.86101040105473092,0.06269128152348323,110.67861515958424,62,1,2.0397504424671635,0.14129956638590901,0.62428465270127576,0.51968933911584969,0.97770211026865184,2.2084119727190639,1.0941218720469623,1.080851929448545,1.7135007626005365,0.39621561323468907,0.47250191401690245,0.34187548174522819
466,N5,98,AB,4,4,0.31323026677598192,0.22406289577484134,0.32131929537281395,0.49893299109577049,0.81416464218903994,0.06269128152348323,110.67861515958424,62,1,2.0397504424671635,0.14129956638590901,0.62428465270127576,0.51968933911584969,0.97770211026865184,2.2084119727190639,1.0941218720469623,1.080851929448545,1.7135007626005365,0.39621561323468907,0.47250191401690245,0.34187548174522819
467,N5,99,AB,4,5,0.31323026677598192,0.22406289577484134,0.32131929537281395,0.49893299109577049,0.86101040105473092,0.06370652753488501,110.67861515958424,62,1,2.0397504424671635,0.14129956638590901,0.62428465270127576,0.51968933911584969,0.97770211026865184,2.2084119727190639,1.0941218720469623,1.080851929448545,1.7135007626005365,0.39621561323468907,0.47250191401690245,0.34187548174522819
468,N5,100,AB,4,6,0.31323026677598192,0.22406289577484134,0.32131929537281395,0.49893299109577049,0.86101040105473092,0.06269128152348323,2190.6619346089601,62,1,2.0397504424671635,0.14129956638590901,0.62428465270127576,0.51968933911584969,0.97770211026865184,2.2084119727190639,1.0941218720469623,1.080851929448545,1.7135007626005365,0.39621561323468907,0.47250191401690245,0.34187548174522819
469,N5,101,AB,4,7,0.31323026677598192,0.22406289577484134,0.32131929537281395,0.49893299109577049,0.86101040105473092,0.06269128152348323,110.67861515958424,70,1,2.0397504424671635,0.14129956638590901,0.62428465270127576,0.51968933911584969,0.97770211026865184,2.2084119727190639,1.0941218720469623,1.080851929448545,1.7135007626005365,0.39621561323468907,0.47250191401690245,0.34187548174522819
470,N5,102,AB,4,8,0.31323026677598192,0.22406289577484134,0.32131929537281395,0.49893299109577049,0.86101040105473092,0.06269128152348323,110.67861515958424,62,1,2.0397504424671635,0.14129956638590901,0.62428465270127576,0.51968933911584969,0.97770211026865184,2.2084119727190639,1.0941218720469623,1.080851929448545,1.7135007626005365,0.39621561323468907,0.47250191401690245,0.34187548174522819
471,N5,103,AB,4,9,0.31323026677598192,0.22406289577484134,0.32131929537281395,0.49893299109577049,0.86101040105473092,0.06269128152348323,110.67861515958424,62,1,2.2027864411101445,0.14129956638590901,0.62428465270127576,0.51968933911584969,0.97770211026865184,2.2084119727190639,1.0941218720469623,1.080851929448545,1.7135007626005365,0.39621561323468907,0.47250191401690245,0.34187548174522819
472,N5,104,AB,4,10,0.31323026677598192,0.22406289577484134,0.32131929537281395,0.49893299109577049,0.86101040105473092,0.06269128152348323,110.67861515958424,62,1,2.0397504424671635,0.20140339865566312,0.62428465270127576,0.51968933911584969,0.97770211026865184,2.2084119727190639,1.0941218720469623,1.080851929448545,1.7135007626005365,0.39621561323468907,0.47250191401690245,0.34187548174522819
473,N5,105,AB,4,11,0.31323026677598192,0.22406289577484134,0.32131929537281395,0.49893299109577049,0.86101040105473092,0.06269128152348323,110.67861515958424,62,1,2.0397504424671635,0.14129956638590901,0.57112797979825702,0.51968933911584969,0.97770211026865184,2.2084119727190639,1.0941218720469623,1.080851929448545,1.7135007626005365,0.39621561323468907,0.47250191401690245,0.34187548174522819
474,N5,106,AB,4,12,0.31323026677598192,0.22406289577484134,0.32131929537281395,0.49893299109577049,0.86101040105473092,0.06269128152348323,110.67861515958424,62,1,2.0397504424671635,0.14129956638590901,0.62428465270127576,0.3494719646407769,0.97770211026865184,2.2084119727190639,1.0941218720469623,1.080851929448545,1.7135007626005365,0.39621561323468907,0.47250191401690245,0.34187548174522819
475,N5,107,AB,4,13,0.31323026677598192,0.22406289577484134,0.32131929537281395,0.49893299109577049,0.86101040105473092,0.06269128152348323,110.67861515958424,62,1,2.0397504424671635,0.14129956638590901,0.62428465270127576,0.51968933911584969,0.71046633407019655,2.2084119727190639,1.0941218720469623,1.080851929448545,1.7135007626005365,0.39621561323468907,0.47250191401690245,0.34187548174522819
476,N5,108,AB,4,14,0.31323026677598192,0.22406289577484134,0.32131929537281395,0.49893299109577049,0.86101040105473092,0.06269128152348323,110.67861515958424,62,1,2.0397504424671635,0.14129956638590901,0.62428465270127576,0.51968933911584969,0.97770211026865184,1.8447975428281032,1.0941218720469623,1.080851929448545,1.7135007626005365,0.39621561323468907,0.47250191401690245,0.34187548174522819
477,N5,109,AB,4,15,0.31323026677598192,0.22406289577484134,0.32131929537281395,0.49893299109577049,0.86101040105473092,0.06269128152348323,110.67861515958424,62,1,2.0397504424671635,0.14129956638590901,0.62428465270127576,0.51968933911584969,0.97770211026865184,2.2084119727190639,1.1486486782412975,1.080851929448545,1.7135007626005365,0.39621561323468907,0.47250191401690245,0.34187548174522819
478,N5,110,AB,4,16,0.31323026677598192,0.22406289577484134,0.32131929537281395,0.49893299109577049,0.86101040105473092,0.06269128152348323,110.67861515958424,62,1,2.0397504424671635,0.14129956638590901,0.62428465270127576,0.51968933911584969,0.97770211026865184,2.2084119727190639,1.0941218720469623,1.249939894489944,1.7135007626005365,0.39621561323468907,0.47250191401690245,0.34187548174522819
479,N5,111,AB,4,17,0.31323026677598192,0.22406289577484134,0.32131929537281395,0.49893299109577049,0.86101040105473092,0.06269128152348323,110.67861515958424,62,1,2.0397504424671635,0.14129956638590901,0.62428465270127576,0.51968933911584969,0.97770211026865184,2.2084119727190639,1.0941218720469623,1.080851929448545,1.6122881899799688,0.39621561323468907,0.47250191401690245,0.34187548174522819
480,N5,112,AB,4,18,0.31323026677598192,0.22406289577484134,0.32131929537281395,0.49893299109577049,0.86101040105473092,0.06269128152348323,110.67861515958424,62,1,2.0397504424671635,0.14129956638590901,0.62428465270127576,0.51968933911584969,0.97770211026865184,2.2084119727190639,1.0941218720469623,1.080851929448545,1.7135007626005365,0.44091979605508441,0.47250191401690245,0.34187548174522819
481,N5,113,AB,4,19,0.31323026677598192,0.22406289577484134,0.32131929537281395,0.49893299109577049,0.86101040105473092,0.06269128152348323,110.67861515958424,62,1,2.0397504424671635,0.14129956638590901,0.62428465270127576,0.51968933911584969,0.97770211026865184,2.2084119727190639,1.0941218720469623,1.080851929448545,1.7135007626005365,0.39621561323468907,0.94079410424456,0.34187548174522819
482,N5,114,AB,4,20,0.31323026677598192,0.22406289577484134,0.32131929537281395,0.49893299109577049,0.86101040105473092,0.06269128152348323,110.67861515958424,62,1,2.0397504424671635,0.14129956638590901,0.62428465270127576,0.51968933911584969,0.97770211026865184,2.2084119727190639,1.0941218720469623,1.080851929448545,1.7135007626005365,0.39621561323468907,0.47250191401690245,0.43190843807533386
483,N5,115,A,5,-1,0.24873240112334463,0.11047551278024913,0.58375843269750471,0.30429816864050785,0.60999893194132726,0.066337888784715277,492.56397123776077,17,4,1.9837567447450823,0.22429770670060384,0.55813639298666584,0.30174869585435993,0.69252809703120377,2.6762896028140348,1.0520094190631062,1.1867045314982534,1.4727581887038066,0.41184214161295535,0.74475703975185747,0.30416258326731621
484,N5,116,B,5,-1,0.23535196247116319,0.21810640916228297,0.45098305055871601,0.36934106131246525,0.59815809061646008,0.07006611216857829,48.357823833383868,12,3,1.7153256172619171,0.22524465447240669,0.60713190925877658,0.43357405064967097,0.91251606937392005,2.3816149453319504,1.0265792939811944,1.1294919999316335,1.538111979943807,0.3616083080470785,0.3983323748223484,0.28857424622401595
485,N5,117,AB,5,0,0.23535196247116319,0.11047551278024913,0.58375843269750471,0.30429816864050785,0.60999893194132726,0.066337888784715277,492.56397123776077,17,4,1.9837567447450823,0.22429770670060384,0.55813639298666584,0.30174869585435993,0.69252809703120377,2.6762896028140348,1.0520094190631062,1.1867045314982534,1.4727581887038066,0.41184214161295535,0.74475703975185747,0.30416258326731621
486,N5,118,AB,5,1,0.24873240112334463,0.21810640916228297,0.58375843269750471,0.30429816864050785,0.60999893194132726,0.066337888784715277,492.56397123776077,17,4,1.9837567447450823,0.22429770670060384,0.55813639298666584,0.30174869585435993,0.69252809703120377,2.6762896028140348,1.0520094190631062,1.1867045314982534,1.4727581887038066,0.41184214161295535,0.74475703975185747,0.30416258326731621
487,N5,119,AB,5,2,0.24873240112334463,0.11047551278024913,0.45098305055871601,0.30429816864050785,0.60999893194132726,0.066337888784715277,492.56397123776077,17,4,1.9837567447450823,0.22429770670060384,0.55813639298666584,0.30174869585435993,0.69252809703120377,2.6762896028140348,1.0520094190631062,1.1867045314982534,1.4727581887038066,0.41184214161295535,0.74475703975185747,0.30416258326731621
488,N5,120,AB,5,3,0.24873240112334463,0.11047551278024913,0.58375843269750471,0.36934106131246525,0.60999893194132726,0.066337888784715277,492.56397123776077,17,4,1.9837567447450823,0.22429770670060384,0.55813639298666584,0.30174869585435993,0.69252809703120377,2.6762896028140348,1.0520094190631062,1.1867045314982534,1.4727581887038066,0.41184214161295535,0.74475703975185747,0.30416258326731621
489,N5,121,AB,5,4,0.24873240112334463,0.11047551278024913,0.58375843269750471,0.30429816864050785,0.59815809061646008,0.066337888784715277,492.56397123776077,17,4,1.9837567447450823,0.22429770670060384,0.55813639298666584,0.30174869585435993,0.69252809703120377,2.6762896028140348,1.0520094190631062,1.1867045314982534,1.4727581887038066,0.41184214161295535,0.74475703975185747,0.30416258326731621
490,N5,122,AB,5,5,0.24873240112334463,0.11047551278024913,0.58375843269750471,0.30429816864050785,0.60999893194132726,0.07006611216857829,492.56397123776077,17,4,1.9837567447450823,0.22429770670060384,0.55813639298666584,0.30174869585435993,0.69252809703120377,2.6762896028140348,1.0520094190631062,1.1867045314982534,1.4727581887038066,0.41184214161295535,0.74475703975185747,0.30416258326731621
491,N5,123,AB,5,6,0.24873240112334463,0.11047551278024913,0.58375843269750471,0.30429816864050785,0.60999893194132726,0.066337888784715277,48.357823833383868,17,4,1.9837567447450823,0.22429770670060384,0.55813639298666584,0.30174869585435993,0.69252809703120377,2.6762896028140348,1.0520094190631062,1.1867045314982534,1.4727581887038066,0.41184214161295535,0.74475703975185747,0.30416258326731621
492,N5,124,AB,5,7,0.24873240112334463,0.11047551278024913,0.58375843269750471,0.30429816864050785,0.60999893194132726,0.066337888784715277,492.56397123776077,12,4,1.9837567447450823,0.22429770670060384,0.55813639298666584,0.30174869585435993,0.69252809703120377,2.6762896028140348,1.0520094190631062,1.1867045314982534,1.4727581887038066,0.41184214161295535,0.74475703975185747,0.30416258326731621
493,N5,125,AB,5,8,0.24873240112334463,0.11047551278024913,0.58375843269750471,0.30429816864050785,0.60999893194132726,0.066337888784715277,492.56397123776077,17,3,1.9837567447450823,0.22429770670060384,0.55813639298666584,0.30174869585435993,0.69252809703120377,2.6762896028140348,1.0520094190631062,1.1867045314982534,1.4727581887038066,0.41184214161295535,0.74475703975185747,0.30416258326731621
494,N5,126,AB,5,9,0.24873240112334463,0.11047551278024913,0.58375843269750471,0.30429816864050785,0.60999893194132726,0.066337888784715277,492.56397123776077,17,4,1.7153256172619171,0.22429770670060384,0.55813639298666584,0.30174869585435993,0.69252809703120377,2.6762896028140348,1.0520094190631062,1.1867045314982534,1.4727581887038066,0.41184214161295535,0.74475703975185747,0.30416258326731621
495,N5,127,AB,5,10,0.24873240112334463,0.11047551278024913,0.58375843269750471,0.30429816864050785,0.60999893194132726,0.066337888784715277,492.56397123776077,17,4,1.9837567447450823,0.22524465447240669,0.55813639298666584,0.30174869585435993,0.69252809703120377,2.6762896028140348,1.0520094190631062,1.1867045314982534,1.4727581887038066,0.41184214161295535,0.74475703975185747,0.30416258326731621
496,N5,128,AB,5,11,0.24873240112334463,0.11047551278024913,0.58375843269750471,0.30429816864050785,0.60999893194132726,0.066337888784715277,492.56397123776077,17,4,1.9837567447450823,0.22429770670060384,0.60713190925877658,0.30174869585435993,0.69252809703120377,2.6762896028140348,1.0520094190631062,1.1867045314982534,1.4727581887038066,0.41184214161295535,0.74475703975185747,0.30416258326731621
497,N5,129,AB,5,12,0.24873240112334463,0.11047551278024913,0.58375843269750471,0.30429816864050785,0.60999893194132726,0.066337888784715277,492.56397123776077,17,4,1.9837567447450823,0.22429770670060384,0.55813639298666584,0.43357405064967097,0.69252809703120377,2.6762896028140348,1.0520094190631062,1.1867045314982534,1.4727581887038066,0.41184214161295535,0.74475703975185747,0.30416258326731621
498,N5,130,AB,5,13,0.24873240112334463,0.11047551278024913,0.58375843269750471,0.30429816864050785,0.60999893194132726,0.066337888784715277,492.56397123776077,17,4,1.9837567447450823,0.22429770670060384,0.55813639298666584,0.30174869585435993,0.91251606937392005,2.6762896028140348,1.0520094190631062,1.1867045314982534,1.4727581887038066,0.41184214161295535,0.74475703975185747,0.30416258326731621
499,N5,131,AB,5,14,0.24873240112334463,0.11047551278024913,0.58375843269750471,0.30429816864050785,0.60999893194132726,0.066337888784715277,492.56397123776077,17,4,1.9837567447450823,0.22429770670060384,0.55813639298666584,0.30174869585435993,0.69252809703120377,2.3816149453319504,1.0520094190631062,1.1867045314982534,1.4727581887038066,0.41184214161295535,0.74475703975185747,0.30416258326731621
500,N5,132,AB,5,15,0.24873240112334463,0.11047551278024913,0.58375843269750471,0.30429816864050785,0.60999893194132726,0.066337888784715277,492.56397123776077,17,4,1.9837567447450823,0.22429770670060384,0.55813639298666584,0.30174869585435993,0.69252809703120377,2.6762896028140348,1.0265792939811944,1.1867045314982534,1.4727581887038066,0.41184214161295535,0.74475703975185747,0.30416258326731621
501,N5,133,AB,5,16,0.24873240112334463,0.11047551278024913,0.58375843269750471,0.30429816864050785,0.60999893194132726,0.066337888784715277,492.56397123776077,17,4,1.9837567447450823,0.22429770670060384,0.55813639298666584,0.30174869585435993,0.69252809703120377,2.6762896028140348,1.0520094190631062,1.1294919999316335,1.4727581887038066,0.41184214161295535,0.74475703975185747,0.30416258326731621
502,N5,134,AB,5,17,0.24873240112334463,0.11047551278024913,0.58375843269750471,0.30429816864050785,0.60999893194132726,0.066337888784715277,492.56397123776077,17,4,1.9837567447450823,0.22429770670060384,0.55813639298666584,0.30174869585435993,0.69252809703120377,2.6762896028140348,1.0520094190631062,1.1867045314982534,1.538111979943807,0.41184214161295535,0.74475703975185747,0.30416258326731621
503,N5,135,AB,5,18,0.24873240112334463,0.11047551278024913,0.58375843269750471,0.30429816864050785,0.60999893194132726,0.066337888784715277,492.56397123776077,17,4,1.9837567447450823,0.22429770670060384,0.55813639298666584,0.30174869585435993,0.69252809703120377,2.6762896028140348,1.0520094190631062,1.1867045314982534,1.4727581887038066,0.3616083080470785,0.74475703975185747,0.30416258326731621
504,N5,136,AB,5,19,0.24873240112334463,0.11047551278024913,0.58375843269750471,0.30429816864050785,0.60999893194132726,0.066337888784715277,492.56397123776077,17,4,1.9837567447450823,0.22429770670060384,0.55813639298666584,0.30174869585435993,0.69252809703120377,2.6762896028140348,1.0520094190631062,1.1867045314982534,1.4727581887038066,0.41184214161295535,0.3983323748223484,0.30416258326731621
505,N5,137,AB,5,20,0.24873240112334463,0.11047551278024913,0.58375843269750471,0.30429816864050785,0.60999893194132726,0.066337888784715277,492.56397123776077,17,4,1.9837567447450823,0.22429770670060384,0.55813639298666584,0.30174869585435993,0.69252809703120377,2.6762896028140348,1.0520094190631062,1.1867045314982534,1.4727581887038066,0.41184214161295535,0.74475703975185747,0.28857424622401595
506,N5,138,A,6,-1,0.28576335482454851,0.15914073586463928,0.38582574231550093,0.46265015059738185,0.57498958343547391,0.068992940148985424,3.7634729865716188,27,4,1.902174747477462,0.27503859004501646,0.49903960641691475,0.41715038498204643,1.0264749892583149,2.4536954477112713,1.1483755446784198,1.2945500835310668,1.6418377105845943,0.44561894409501202,0.30887137008830906,0.4835358798503876
507,N5,139,B,6,-1,0.28892677995198573,0.088332055881619465,0.33877646438777442,0.4680686144225561,0.67694190639790419,0.062132030291871636,4.3491862326731168,82,5,2.0434001853957606,0.12778071554475523,0.42056172951685317,0.49801279155340111,1.0668518680450825,2.7801604981272137,1.115326482122764,1.2137242403812707,1.7605598430201654,0.41989963040479583,0.70453458558768034,0.1579977171961218
508,N5,140,AB,6,0,0.28892677995198573,0.15914073586463928,0.38582574231550093,0.46265015059738185,0.57498958343547391,0.068992940148985424,3.7634729865716188,27,4,1.902174747477462,0.27503859004501646,0.49903960641691475,0.41715038498204643,1.0264749892583149,2.4536954477112713,1.1483755446784198,1.2945500835310668,1.6418377105845943,0.44561894409501202,0.30887137008830906,0.4835358798503876
509,N5,141,AB,6,1,0.28576335482454851,0.088332055881619465,0.38582574231550093,0.46265015059738185,0.57498958343547391,0.068992940148985424,3.7634729865716188,27,4,1.902174747477462,0.27503859004501646,0.49903960641691475,0.41715038498204643,1.0264749892583149,2.4536954477112713,1.1483755446784198,1.2945500835310668,1.6418377105845943,0.44561894409501202,0.30887137008830906,0.4835358798503876
510,N5,142,AB,6,2,0.28576335482454851,0.15914073586463928,0.33877646438777442,0.46265015059738185,0.57498958343547391,0.068992940148985424,3.7634729865716188,27,4,1.902174747477462,0.27503859004501646,0.49903960641691475,0.41715038498204643,1.0264749892583149,2.4536954477112713,1.1483755446784198,1.2945500835310668,1.6418377105845943,0.44561894409501202,0.30887137008830906,0.4835358798503876
511,N5,143,AB,6,3,0.28576335482454851,0.15914073586463928,0.38582574231550093,0.4680686144225561,0.57498958343547391,0.068992940148985424,3.7634729865716188,27,4,1.902174747477462,0.27503859004501646,0.49903960641691475,0.41715038498204643,1.0264749892583149,2.4536954477112713,1.1483755446784198,1.2945500835310668,1.6418377105845943,0.44561894409501202,0.30887137008830906,0.4835358798503876
512,N5,144,AB,6,4,0.28576335482454851,0.15914073586463928,0.38582574231550093,0.46265015059738185,0.67694190639790419,0.068992940148985424,3.7634729865716188,27,4,1.902174747477462,0.27503859004501646,0.49903960641691475,0.41715038498204643,1.0264749892583149,2.4536954477112713,1.1483755446784198,1.2945500835310668,1.6418377105845943,0.44561894409501202,0.30887137008830906,0.4835358798503876
513,N5,145,AB,6,5,0.28576335482454851,0.15914073586463928,0.38582574231550093,0.46265015059738185,0.57498958343547391,0.062132030291871636,3.7634729865716188,27,4,1.902174747477462,0.27503859004501646,0.49903960641691475,0.41715038498204643,1.0264749892583149,2.4536954477112713,1.1483755446784198,1.2945500835310668,1.6418377105845943,0.44561894409501202,0.30887137008830906,0.4835358798503876
514,N5,146,AB,6,6,0.28576335482454851,0.15914073586463928,0.38582574231550093,0.46265015059738185,0.57498958343547391,0.068992940148985424,4.3491862326731168,27,4,1.902174747477462,0.27503859004501646,0.49903960641691475,0.41715038498204643,1.0264749892583149,2.4536954477112713,1.1483755446784198,1.2945500835310668,1.6418377105845943,0.44561894409501202,0.30887137008830906,0.4835358798503876
515,N5,147,AB,6,7,0.28576335482454851,0.15914073586463928,0.38582574231550093,0.46265015059738185,0.57498958343547391,0.068992940148985424,3.7634729865716188,82,4,1.902174747477462,0.27503859004501646,0.49903960641691475,0.41715038498204643,1.0264749892583149,2.4536954477112713,1.1483755446784198,1.2945500835310668,1.6418377105845943,0.44561894409501202,0.30887137008830906,0.4835358798503876
516,N5,148,AB,6,8,0.28576335482454851,0.15914073586463928,0.38582574231550093,0.46265015059738185,0.57498958343547391,0.068992940148985424,3.7634729865716188,27,5,1.902174747477462,0.27503859004501646,0.49903960641691475,0.41715038498204643,1.0264749892583149,2.4536954477112713,1.1483755446784198,1.2945500835310668,1.6418377105845943,0.44561894409501202,0.30887137008830906,0.4835358798503876
517,N5,149,AB,6,9,0.28576335482454851,0.15914073586463928,0.38582574231550093,0.46265015059738185,0.57498958343547391,0.068992940148985424,3.7634729865716188,27,4,2.0434001853957606,0.27503859004501646,0.49903960641691475,0.41715038498204643,1.0264749892583149,2.4536954477112713,1.1483755446784198,1.2945500835310668,1.6418377105845943,0.44561894409501202,0.30887137008830906,0.4835358798503876
518,N5,150,AB,6,10,0.28576335482454851,0.15914073586463928,0.38582574231550093,0.46265015059738185,0.57498958343547391,0.068992940148985424,3.7634729865716188,27,4,1.902174747477462,0.12778071554475523,0.49903960641691475,0.41715038498204643,1.0264749892583149,2.4536954477112713,1.1483755446784198,1.2945500835310668,1.6418377105845943,0.44561894409501202,0.30887137008830906,0.4835358798503876
519,N5,151,AB,6,11,0.28576335482454851,0.15914073586463928,0.38582574231550093,0.46265015059738185,0.57498958343547391,0.068992940148985424,3.7634729865716188,27,4,1.902174747477462,0.27503859004501646,0.42056172951685317,0.41715038498204643,1.0264749892583149,2.4536954477112713,1.1483755446784198,1.2945500835310668,1.6418377105845943,0.44561894409501202,0.30887137008830906,0.4835358798503876
520,N5,152,AB,6,12,0.28576335482454851,0.15914073586463928,0.38582574231550093,0.46265015059738185,0.57498958343547391,0.068992940148985424,3.7634729865716188,27,4,1.902174747477462,0.27503859004501646,0.49903960641691475,0.49801279155340111,1.0264749892583149,2.4536954477112713,1.1483755446784198,1.2945500835310668,1.6418377105845943,0.44561894409501202,0.30887137008830906,0.4835358798503876
521,N5,153,AB,6,13,0.28576335482454851,0.15914073586463928,0.38582574231550093,0.46265015059738185,0.57498958343547391,0.068992940148985424,3.7634729865716188,27,4,1.902174747477462,0.27503859004501646,0.49903960641691475,0.41715038498204643,1.0668518680450825,2.4536954477112713,1.1483755446784198,1.2945500835310668,1.6418377105845943,0.44561894409501202,0.30887137008830906,0.4835358798503876
522,N5,154,AB,6,14,0.28576335482454851,0.15914073586463928,0.38582574231550093,0.46265015059738185,0.57498958343547391,0.068992940148985424,3.7634729865716188,27,4,1.902174747477462,0.27503859004501646,0.49903960641691475,0.41715038498204643,1.0264749892583149,2.7801604981272137,1.1483755446784198,1.2945500835310668,1.6418377105845943,0.44561894409501202,0.30887137008830906,0.4835358798503876
523,N5,155,AB,6,15,0.28576335482454851,0.15914073586463928,0.38582574231550093,0.46265015059738185,0.57498958343547391,0.068992940148985424,3.7634729865716188,27,4,1.902174747477462,0.27503859004501646,0.49903960641691475,0.41715038498204643,1.0264749892583149,2.4536954477112713,1.115326482122764,1.2945500835310668,1.6418377105845943,0.44561894409501202,0.30887137008830906,0.4835358798503876
524,N5,156,AB,6,16,0.28576335482454851,0.15914073586463928,0.38582574231550093,0.46265015059738185,0.57498958343547391,0.068992940148985424,3.7634729865716188,27,4,1.902174747477462,0.27503859004501646,0.49903960641691475,0.41715038498204643,1.0264749892583149,2.4536954477112713,1.1483755446784198,1.2137242403812707,1.6418377105845943,0.44561894409501202,0.30887137008830906,0.4835358798503876
525,N5,157,AB,6,17,0.28576335482454851,0.15914073586463928,0.38582574231550093,0.46265015059738185,0.57498958343547391,0.068992940148985424,3.7634729865716188,27,4,1.902174747477462,0.27503859004501646,0.49903960641691475,0.41715038498204643,1.0264749892583149,2.4536954477112713,1.1483755446784198,1.2945500835310668,1.7605598430201654,0.44561894409501202,0.30887137008830906,0.4835358798503876
526,N5,158,AB,6,18,0.28576335482454851,0.15914073586463928,0.38582574231550093,0.46265015059738185,0.57498958343547391,0.068992940148985424,3.7634729865716188,27,4,1.902174747477462,0.27503859004501646,0.49903960641691475,0.41715038498204643,1.0264749892583149,2.4536954477112713,1.1483755446784198,1.2945500835310668,1.6418377105845943,0.41989963040479583,0.30887137008830906,0.4835358798503876
527,N5,159,AB,6,19,0.28576335482454851,0.15914073586463928,0.38582574231550093,0.46265015059738185,0.57498958343547391,0.068992940148985424,3.7634729865716188,27,4,1.902174747477462,0.27503859004501646,0.49903960641691475,0.41715038498204643,1.0264749892583149,2.4536954477112713,1.1483755446784198,1.2945500835310668,1.6418377105845943,0.44561894409501202,0.70453458558768034,0.4835358798503876
528,N5,160,AB,6,20,0.28576335482454851,0.15914073586463928,0.38582574231550093,0.46265015059738185,0.57498958343547391,0.068992940148985424,3.7634729865716188,27,4,1.902174747477462,0.27503859004501646,0.49903960641691475,0.41715038498204643,1.0264749892583149,2.4536954477112713,1.1483755446784198,1.2945500835310668,1.6418377105845943,0.44561894409501202,0.30887137008830906,0.1579977171961218
529,N5,161,A,7,-1,0.32044296932355054,0.068821134604513653,0.52277587195858355,0.38590106994016832,0.69345067815257377,0.060914539080136998,817.51461227247512,96,2,2.1391913727750453,0.18129112040768194,0.74095830125318263,0.38934108657366245,0.88547067777127231,1.8417572142457599,1.0617422176711262,1.1574245932977647,1.5963845566343278,0.3688302580480593,0.90849119070917372,0.17102448977530002
530,N5,162,B,7,-1,0.29983606224210541,0.18757121525704862,0.69819513782858844,0.32219044659064233,0.70519136140119287,0.06561292650152302,137.31966615774883,50,3,1.9793968402737363,0.27640784906994087,0.72177242888673387,0.40863290464739682,0.89872508877356605,2.2287909596599933,1.0576302406564355,1.1071136646904052,1.5475842170431318,0.3959639224194772,0.15635953638702632,0.38883464192040262
531,N5,163,AB,7,0,0.29983606224210541,0.068821134604513653,0.52277587195858355,0.38590106994016832,0.69345067815257377,0.060914539080136998,817.51461227247512,96,2,2.1391913727750453,0.18129112040768194,0.74095830125318263,0.38934108657366245,0.88547067777127231,1.8417572142457599,1.0617422176711262,1.1574245932977647,1.5963845566343278,0.3688302580480593,0.90849119070917372,0.17102448977530002
532,N5,164,AB,7,1,0.32044296932355054,0.18757121525704862,0.52277587195858355,0.38590106994016832,0.69345067815257377,0.060914539080136998,817.51461227247512,96,2,2.1391913727750453,0.18129112040768194,0.74095830125318263,0.38934108657366245,0.88547067777127231,1.8417572142457599,1.0617422176711262,1.1574245932977647,1.5963845566343278,0.3688302580480593,0.90849119070917372,0.17102448977530002
533,N5,165,AB,7,2,0.32044296932355054,0.068821134604513653,0.69819513782858844,0.38590106994016832,0.69345067815257377,0.060914539080136998,817.51461227247512,96,2,2.1391913727750453,0.18129112040768194,0.74095830125318263,0.38934108657366245,0.88547067777127231,1.8417572142457599,1.0617422176711262,1.1574245932977647,1.5963845566343278,0.3688302580480593,0.90849119070917372,0.17102448977530002
534,N5,166,AB,7,3,0.32044296932355054,0.068821134604513653,0.52277587195858355,0.32219044659064233,0.69345067815257377,0.060914539080136998,817.51461227247512,96,2,2.1391913727750453,0.18129112040768194,0.74095830125318263,0.38934108657366245,0.88547067777127231,1.8417572142457599,1.0617422176711262,1.1574245932977647,1.5963845566343278,0.3688302580480593,0.90849119070917372,0.17102448977530002
535,N5,167,AB,7,4,0.32044296932355054,0.068821134604513653,0.52277587195858355,0.38590106994016832,0.70519136140119287,0.060914539080136998,817.51461227247512,96,2,2.1391913727750453,0.18129112040768194,0.74095830125318263,0.38934108657366245,0.88547067777127231,1.8417572142457599,1.0617422176711262,1.1574245932977647,1.5963845566343278,0.3688302580480593,0.90849119070917372,0.17102448977530002
536,N5,168,AB,7,5,0.32044296932355054,0.068821134604513653,0.52277587195858355,0.38590106994016832,0.69345067815257377,0.06561292650152302,817.51461227247512,96,2,2.1391913727750453,0.18129112040768194,0.74095830125318263,0.38934108657366245,0.88547067777127231,1.8417572142457599,1.0617422176711262,1.1574245932977647,1.5963845566343278,0.3688302580480593,0.90849119070917372,0.17102448977530002
537,N5,169,AB,7,6,0.32044296932355054,0.068821134604513653,0.52277587195858355,0.38590106994016832,0.69345067815257377,0.060914539080136998,137.31966615774883,96,2,2.1391913727750453,0.18129112040768194,0.74095830125318263,0.38934108657366245,0.88547067777127231,1.8417572142457599,1.0617422176711262,1.1574245932977647,1.5963845566343278,0.3688302580480593,0.90849119070917372,0.17102448977530002
538,N5,170,AB,7,7,0.32044296932355054,0.068821134604513653,0.52277587195858355,0.38590106994016832,0.69345067815257377,0.060914539080136998,817.51461227247512,50,2,2.1391913727750453,0.18129112040768194,0.74095830125318263,0.38934108657366245,0.88547067777127231,1.8417572142457599,1.0617422176711262,1.1574245932977647,1.5963845566343278,0.3688302580480593,0.90849119070917372,0.17102448977530002
539,N5,171,AB,7,8,0.32044296932355054,0.068821134604513653,0.52277587195858355,0.38590106994016832,0.69345067815257377,0.060914539080136998,817.51461227247512,96,3,2.1391913727750453,0.18129112040768194,0.74095830125318263,0.38934108657366245,0.88547067777127231,1.8417572142457599,1.0617422176711262,1.1574245932977647,1.5963845566343278,0.3688302580480593,0.90849119070917372,0.17102448977530002
540,N5,172,AB,7,9,0.32044296932355054,0.068821134604513653,0.52277587195858355,0.38590106994016832,0.69345067815257377,0.060914539080136998,817.51461227247512,96,2,1.9793968402737363,0.18129112040768194,0.74095830125318263,0.38934108657366245,0.88547067777127231,1.8417572142457599,1.0617422176711262,1.1574245932977647,1.5963845566343278,0.3688302580480593,0.90849119070917372,0.17102448977530002
541,N5,173,AB,7,10,0.32044296932355054,0.068821134604513653,0.52277587195858355,0.38590106994016832,0.69345067815257377,0.060914539080136998,817.51461227247512,96,2,2.1391913727750453,0.27640784906994087,0.74095830125318263,0.38934108657366245,0.88547067777127231,1.8417572142457599,1.0617422176711262,1.1574245932977647,1.5963845566343278,0.3688302580480593,0.90849119070917372,0.17102448977530002
542,N5,174,AB,7,11,0.32044296932355054,0.068821134604513653,0.52277587195858355,0.38590106994016832,0.69345067815257377,0.060914539080136998,817.51461227247512,96,2,2.1391913727750453,0.18129112040768194,0.72177242888673387,0.38934108657366245,0.88547067777127231,1.8417572142457599,1.0617422176711262,1.1574245932977647,1.5963845566343278,0.3688302580480593,0.90849119070917372,0.17102448977530002
543,N5,175,AB,7,12,0.32044296932355054,0.068821134604513653,0.52277587195858355,0.38590106994016832,0.69345067815257377,0.060914539080136998,817.51461227247512,96,2,2.1391913727750453,0.18129112040768194,0.74095830125318263,0.40863290464739682,0.88547067777127231,1.8417572142457599,1.0617422176711262,1.1574245932977647,1.5963845566343278,0.3688302580480593,0.90849119070917372,0.17102448977530002
544,N5,176,AB,7,13,0.32044296932355054,0.068821134604513653,0.52277587195858355,0.38590106994016832,0.69345067815257377,0.060914539080136998,817.51461227247512,96,2,2.1391913727750453,0.18129112040768194,0.74095830125318263,0.38934108657366245,0.89872508877356605,1.8417572142457599,1.0617422176711262,1.1574245932977647,1.5963845566343278,0.3688302580480593,0.90849119070917372,0.17102448977530002
545,N5,177,AB,7,14,0.32044296932355054,0.068821134604513653,0.52277587195858355,0.38590106994016832,0.69345067815257377,0.060914539080136998,817.51461227247512,96,2,2.1391913727750453,0.18129112040768194,0.74095830125318263,0.38934108657366245,0.88547067777127231,2.2287909596599933,1.0617422176711262,1.1574245932977647,1.5963845566343278,0.3688302580480593,0.90849119070917372,0.17102448977530002
546,N5,178,AB,7,15,0.32044296932355054,0.068821134604513653,0.52277587195858355,0.38590106994016832,0.69345067815257377,0.060914539080136998,817.51461227247512,96,2,2.1391913727750453,0.18129112040768194,0.74095830125318263,0.38934108657366245,0.88547067777127231,1.8417572142457599,1.0576302406564355,1.1574245932977647,1.5963845566343278,0.3688302580480593,0.90849119070917372,0.17102448977530002
547,N5,179,AB,7,16,0.32044296932355054,0.068821134604513653,0.52277587195858355,0.38590106994016832,0.69345067815257377,0.060914539080136998,817.51461227247512,96,2,2.1391913727750453,0.18129112040768194,0.74095830125318263,0.38934108657366245,0.88547067777127231,1.8417572142457599,1.0617422176711262,1.1071136646904052,1.5963845566343278,0.3688302580480593,0.90849119070917372,0.17102448977530002
548,N5,180,AB,7,17,0.32044296932355054,0.068821134604513653,0.52277587195858355,0.38590106994016832,0.69345067815257377,0.060914539080136998,817.51461227247512,96,2,2.1391913727750453,0.18129112040768194,0.74095830125318263,0.38934108657366245,0.88547067777127231,1.8417572142457599,1.0617422176711262,1.1574245932977647,1.5475842170431318,0.3688302580480593,0.90849119070917372,0.17102448977530002
549,N5,181,AB,7,18,0.32044296932355054,0.068821134604513653,0.52277587195858355,0.38590106994016832,0.69345067815257377,0.060914539080136998,817.51461227247512,96,2,2.1391913727750453,0.18129112040768194,0.74095830125318263,0.38934108657366245,0.88547067777127231,1.8417572142457599,1.0617422176711262,1.1574245932977647,1.5963845566343278,0.3959639224194772,0.90849119070917372,0.17102448977530002
550,N5,182,AB,7,19,0.32044296932355054,0.068821134604513653,0.52277587195858355,0.38590106994016832,0.69345067815257377,0.060914539080136998,817.51461227247512,96,2,2.1391913727750453,0.18129112040768194,0.74095830125318263,0.38934108657366245,0.88547067777127231,1.8417572142457599,1.0617422176711262,1.1574245932977647,1.5963845566343278,0.3688302580480593,0.15635953638702632,0.17102448977530002
551,N5,183,AB,7,20,0.32044296932355054,0.068821134604513653,0.52277587195858355,0.38590106994016832,0.69345067815257377,0.060914539080136998,817.51461227247512,96,2,2.1391913727750453,0.18129112040768194,0.74095830125318263,0.38934108657366245,0.88547067777127231,1.8417572142457599,1.0617422176711262,1.1574245932977647,1.5963845566343278,0.3688302580480593,0.90849119070917372,0.38883464192040262
552,N5,184,A,8,-1,0.32801120499467884,0.22502622716128828,0.34953345060348506,0.3136114214878698,0.5625138282736557,0.062107298273957723,67.180251589119948,51,1,1.7949496009189541,0.19983274877079873,0.65407870842896809,0.33065739258562976,1.0073215518037817,2.770579599394503,1.0901642064191401,1.2137503220699728,1.7189328723191482,0.40410656344221291,0.17450519502162934,0.36057157842442389
553,N5,185,B,8,-1,0.24934481478718684,0.085479742661118518,0.26390450196340681,0.35094671606196781,0.6387239083462164,0.068198536386748332,90.432395002808278,4,5,2.2215128247660707,0.34002226604951746,0.6821022200723863,0.34111336060239844,0.78170025094763862,2.9071514375929892,1.0297443601302803,1.2779868952464313,1.6375714422684848,0.40433605759543545,0.56076372573152189,0.26241053831763561
554,N5,186,AB,8,0,0.24934481478718684,0.22502622716128828,0.34953345060348506,0.3136114214878698,0.5625138282736557,0.062107298273957723,67.180251589119948,51,1,1.7949496009189541,0.19983274877079873,0.65407870842896809,0.33065739258562976,1.0073215518037817,2.770579599394503,1.0901642064191401,1.2137503220699728,1.7189328723191482,0.40410656344221291,0.17450519502162934,0.36057157842442389
555,N5,187,AB,8,1,0.32801120499467884,0.085479742661118518,0.34953345060348506,0.3136114214878698,0.5625138282736557,0.062107298273957723,67.180251589119948,51,1,1.7949496009189541,0.19983274877079873,0.65407870842896809,0.33065739258562976,1.0073215518037817,2.770579599394503,1.0901642064191401,1.2137503220699728,1.7189328723191482,0.40410656344221291,0.17450519502162934,0.36057157842442389
556,N5,188,AB,8,2,0.32801120499467884,0.22502622716128828,0.26390450196340681,0.3136114214878698,0.5625138282736557,0.062107298273957723,67.180251589119948,51,1,1.7949496009189541,0.19983274877079873,0.65407870842896809,0.33065739258562976,1.0073215518037817,2.770579599394503,1.0901642064191401,1.2137503220699728,1.7189328723191482,0.40410656344221291,0.17450519502162934,0.36057157842442389
557,N5,189,AB,8,3,0.32801120499467884,0.22502622716128828,0.34953345060348506,0.35094671606196781,0.5625138282736557,0.062107298273957723,67.180251589119948,51,1,1.7949496009189541,0.19983274877079873,0.65407870842896809,0.33065739258562976,1.0073215518037817,2.770579599394503,1.0901642064191401,1.2137503220699728,1.7189328723191482,0.40410656344221291,0.17450519502162934,0.36057157842442389
558,N5,190,AB,8,4,0.32801120499467884,0.22502622716128828,0.34953345060348506,0.3136114214878698,0.6387239083462164,0.062107298273957723,67.180251589119948,51,1,1.7949496009189541,0.19983274877079873,0.65407870842896809,0.33065739258562976,1.0073215518037817,2.770579599394503,1.0901642064191401,1.2137503220699728,1.7189328723191482,0.40410656344221291,0.17450519502162934,0.36057157842442389
559,N5,191,AB,8,5,0.32801120499467884,0.22502622716128828,0.34953345060348506,0.3136114214878698,0.5625138282736557,0.068198536386748332,67.180251589119948,51,1,1.7949496009189541,0.19983274877079873,0.65407870842896809,0.33065739258562976,1.0073215518037817,2.770579599394503,1.0901642064191401,1.2137503220699728,1.7189328723191482,0.40410656344221291,0.17450519502162934,0.36057157842442389
560,N5,192,AB,8,6,0.32801120499467884,0.22502622716128828,0.34953345060348506,0.3136114214878698,0.5625138282736557,0.062107298273957723,90.432395002808278,51,1,1.7949496009189541,0.19983274877079873,0.65407870842896809,0.33065739258562976,1.0073215518037817,2.770579599394503,1.0901642064191401,1.2137503220699728,1.7189328723191482,0.40410656344221291,0.17450519502162934,0.36057157842442389
561,N5,193,AB,8,7,0.32801120499467884,0.22502622716128828,0.34953345060348506,0.3136114214878698,0.5625138282736557,0.062107298273957723,67.180251589119948,4,1,1.7949496009189541,0.19983274877079873,0.65407870842896809,0.33065739258562976,1.0073215518037817,2.770579599394503,1.0901642064191401,1.2137503220699728,1.7189328723191482,0.40410656344221291,0.17450519502162934,0.36057157842442389
562,N5,194,AB,8,8,0.32801120499467884,0.22502622716128828,0.34953345060348506,0.3136114214878698,0.5625138282736557,0.062107298273957723,67.180251589119948,51,5,1.7949496009189541,0.19983274877079873,0.65407870842896809,0.33065739258562976,1.0073215518037817,2.770579599394503,1.0901642064191401,1.2137503220699728,1.7189328723191482,0.40410656344221291,0.17450519502162934,0.36057157842442389
563,N5,195,AB,8,9,0.32801120499467884,0.22502622716128828,0.34953345060348506,0.3136114214878698,0.5625138282736557,0.062107298273957723,67.180251589119948,51,1,2.2215128247660707,0.19983274877079873,0.65407870842896809,0.33065739258562976,1.0073215518037817,2.770579599394503,1.0901642064191401,1.2137503220699728,1.7189328723191482,0.40410656344221291,0.17450519502162934,0.36057157842442389
564,N5,196,AB,8,10,0.32801120499467884,0.22502622716128828,0.34953345060348506,0.3136114214878698,0.5625138282736557,0.062107298273957723,67.180251589119948,51,1,1.7949496009189541,0.34002226604951746,0.65407870842896809,0.33065739258562976,1.0073215518037817,2.770579599394503,1.0901642064191401,1.2137503220699728,1.7189328723191482,0.40410656344221291,0.17450519502162934,0.36057157842442389
565,N5,197,AB,8,11,0.32801120499467884,0.22502622716128828,0.34953345060348506,0.3136114214878698,0.5625138282736557,0.062107298273957723,67.180251589119948,51,1,1.7949496009189541,0.19983274877079873,0.6821022200723863,0.33065739258562976,1.0073215518037817,2.770579599394503,1.0901642064191401,1.2137503220699728,1.7189328723191482,0.40410656344221291,0.17450519502162934,0.36057157842442389
566,N5,198,AB,8,12,0.32801120499467884,0.22502622716128828,0.34953345060348506,0.3136114214878698,0.5625138282736557,0.062107298273957723,67.180251589119948,51,1,1.7949496009189541,0.19983274877079873,0.65407870842896809,0.34111336060239844,1.0073215518037817,2.770579599394503,1.0901642064191401,1.2137503220699728,1.7189328723191482,0.40410656344221291,0.17450519502162934,0.36057157842442389
567,N5,199,AB,8,13,0.32801120499467884,0.22502622716128828,0.34953345060348506,0.3136114214878698,0.5625138282736557,0.062107298273957723,67.180251589119948,51,1,1.7949496009189541,0.19983274877079873,0.65407870842896809,0.33065739258562976,0.78170025094763862,2.770579599394503,1.0901642064191401,1.2137503220699728,1.7189328723191482,0.40410656344221291,0.17450519502162934,0.36057157842442389
568,N5,200,AB,8,14,0.32801120499467884,0.22502622716128828,0.34953345060348506,0.3136114214878698,0.5625138282736557,0.062107298273957723,67.180251589119948,51,1,1.7949496009189541,0.19983274877079873,0.65407870842896809,0.33065739258562976,1.0073215518037817,2.9071514375929892,1.0901642064191401,1.2137503220699728,1.7189328723191482,0.40410656344221291,0.17450519502162934,0.36057157842442389
569,N5,201,AB,8,15,0.32801120499467884,0.22502622716128828,0.34953345060348506,0.3136114214878698,0.5625138282736557,0.062107298273957723,67.180251589119948,51,1,1.7949496009189541,0.19983274877079873,0.65407870842896809,0.33065739258562976,1.0073215518037817,2.770579599394503,1.0297443601302803,1.2137503220699728,1.7189328723191482,0.40410656344221291,0.17450519502162934,0.36057157842442389
570,N5,202,AB,8,16,0.32801120499467884,0.22502622716128828,0.34953345060348506,0.3136114214878698,0.5625138282736557,0.062107298273957723,67.180251589119948,51,1,1.7949496009189541,0.19983274877079873,0.65407870842896809,0.33065739258562976,1.0073215518037817,2.770579599394503,1.0901642064191401,1.2779868952464313,1.7189328723191482,0.40410656344221291,0.17450519502162934,0.36057157842442389
571,N5,203,AB,8,17,0.32801120499467884,0.22502622716128828,0.34953345060348506,0.3136114214878698,0.5625138282736557,0.062107298273957723,67.180251589119948,51,1,1.7949496009189541,0.19983274877079873,0.65407870842896809,0.33065739258562976,1.0073215518037817,2.770579599394503,1.0901642064191401,1.2137503220699728,1.6375714422684848,0.40410656344221291,0.17450519502162934,0.36057157842442389
572,N5,204,AB,8,18,0.32801120499467884,0.22502622716128828,0.34953345060348506,0.3136114214878698,0.5625138282736557,0.062107298273957723,67.180251589119948,51,1,1.7949496009189541,0.19983274877079873,0.65407870842896809,0.33065739258562976,1.0073215518037817,2.770579599394503,1.0901642064191401,1.2137503220699728,1.7189328723191482,0.40433605759543545,0.17450519502162934,0.36057157842442389
573,N5,205,AB,8,19,0.32801120499467884,0.22502622716128828,0.34953345060348506,0.3136114214878698,0.5625138282736557,0.062107298273957723,67.180251589119948,51,1,1.7949496009189541,0.19983274877079873,0.65407870842896809,0.33065739258562976,1.0073215518037817,2.770579599394503,1.0901642064191401,1.2137503220699728,1.7189328723191482,0.40410656344221291,0.56076372573152189,0.36057157842442389
574,N5,206,AB,8,20,0.32801120499467884,0.22502622716128828,0.34953345060348506,0.3136114214878698,0.5625138282736557,0.062107298273957723,67.180251589119948,51,1,1.7949496009189541,0.19983274877079873,0.65407870842896809,0.33065739258562976,1.0073215518037817,2.770579599394503,1.0901642064191401,1.2137503220699728,1.7189328723191482,0.40410656344221291,0.17450519502162934,0.26241053831763561
575,N5,207,A,9,-1,0.29491948855248495,0.14037146177142859,0.55725242458283897,0.46883144022095957,0.7415903643473617,0.072207302101410881,307.18859206188961,21,5,2.2457161461176889,0.27177170257395744,0.44599264792425342,0.64544576738036952,0.85926330571825127,2.1559939438333915,1.0387042717076838,1.1005591961555183,1.5370122390582008,0.40446809321896388,0.81587306419387462,0.29022860964760183
576,N5,208,B,9,-1,0.34396098617503734,0.18471050970256331,0.49814758384600277,0.42661519803254266,0.74180342864761606,0.060412373419983526,2778.5316790179677,66,3,1.8304825562109619,0.15925204029870765,0.50582822046302889,0.4115056344851406,0.96799363298778274,2.2756037730324521,1.1350559265632181,1.1639458331745118,1.4895456206811675,0.38653421309687097,0.30034851180389521,0.49086324782110746
577,N5,209,AB,9,0,0.34396098617503734,0.14037146177142859,0.55725242458283897,0.46883144022095957,0.7415903643473617,0.072207302101410881,307.18859206188961,21,5,2.2457161461176889,0.27177170257395744,0.44599264792425342,0.64544576738036952,0.85926330571825127,2.1559939438333915,1.0387042717076838,1.1005591961555183,1.5370122390582008,0.40446809321896388,0.81587306419387462,0.29022860964760183
578,N5,210,AB,9,1,0.29491948855248495,0.18471050970256331,0.55725242458283897,0.46883144022095957,0.7415903643473617,0.072207302101410881,307.18859206188961,21,5,2.2457161461176889,0.27177170257395744,0.44599264792425342,0.64544576738036952,0.85926330571825127,2.1559939438333915,1.0387042717076838,1.1005591961555183,1.5370122390582008,0.40446809321896388,0.81587306419387462,0.29022860964760183
579,N5,211,AB,9,2,0.29491948855248495,0.14037146177142859,0.49814758384600277,0.46883144022095957,0.7415903643473617,0.072207302101410881,307.18859206188961,21,5,2.2457161461176889,0.27177170257395744,0.44599264792425342,0.64544576738036952,0.85926330571825127,2.1559939438333915,1.0387042717076838,1.1005591961555183,1.5370122390582008,0.40446809321896388,0.81587306419387462,0.29022860964760183
580,N5,212,AB,9,3,0.29491948855248495,0.14037146177142859,0.55725242458283897,0.42661519803254266,0.7415903643473617,0.072207302101410881,307.18859206188961,21,5,2.2457161461176889,0.27177170257395744,0.44599264792425342,0.64544576738036952,0.85926330571825127,2.1559939438333915,1.0387042717076838,1.1005591961555183,1.5370122390582008,0.40446809321896388,0.81587306419387462,0.29022860964760183
581,N5,213,AB,9,4,0.29491948855248495,0.14037146177142859,0.55725242458283897,0.46883144022095957,0.74180342864761606,0.072207302101410881,307.18859206188961,21,5,2.2457161461176889,0.27177170257395744,0.44599264792425342,0.64544576738036952,0.85926330571825127,2.1559939438333915,1.0387042717076838,1.1005591961555183,1.5370122390582008,0.40446809321896388,0.81587306419387462,0.29022860964760183
582,N5,214,AB,9,5,0.29491948855248495,0.14037146177142859,0.55725242458283897,0.46883144022095957,0.7415903643473617,0.060412373419983526,307.18859206188961,21,5,2.2457161461176889,0.27177170257395744,0.44599264792425342,0.64544576738036952,0.85926330571825127,2.1559939438333915,1.0387042717076838,1.1005591961555183,1.5370122390582008,0.40446809321896388,0.81587306419387462,0.29022860964760183
583,N5,215,AB,9,6,0.29491948855248495,0.14037146177142859,0.55725242458283897,0.46883144022095957,0.7415903643473617,0.072207302101410881,2778.5316790179677,21,5,2.2457161461176889,0.27177170257395744,0.44599264792425342,0.64544576738036952,0.85926330571825127,2.1559939438333915,1.0387042717076838,1.1005591961555183,1.5370122390582008,0.40446809321896388,0.81587306419387462,0.29022860964760183
584,N5,216,AB,9,7,0.29491948855248495,0.14037146177142859,0.55725242458283897,0.46883144022095957,0.7415903643473617,0.072207302101410881,307.18859206188961,66,5,2.2457161461176889,0.27177170257395744,0.44599264792425342,0.64544576738036952,0.85926330571825127,2.1559939438333915,1.0387042717076838,1.1005591961555183,1.5370122390582008,0.40446809321896388,0.81587306419387462,0.29022860964760183
585,N5,217,AB,9,8,0.29491948855248495,0.14037146177142859,0.55725242458283897,0.46883144022095957,0.7415903643473617,0.072207302101410881,307.18859206188961,21,3,2.2457161461176889,0.27177170257395744,0.44599264792425342,0.64544576738036952,0.85926330571825127,2.1559939438333915,1.0387042717076838,1.1005591961555183,1.5370122390582008,0.40446809321896388,0.81587306419387462,0.29022860964760183
586,N5,218,AB,9,9,0.29491948855248495,0.14037146177142859,0.55725242458283897,0.46883144022095957,0.7415903643473617,0.072207302101410881,307.18859206188961,21,5,1.8304825562109619,0.27177170257395744,0.44599264792425342,0.64544576738036952,0.85926330571825127,2.1559939438333915,1.0387042717076838,1.1005591961555183,1.5370122390582008,0.40446809321896388,0.81587306419387462,0.29022860964760183
587,N5,219,AB,9,10,0.29491948855248495,0.14037146177142859,0.55725242458283897,0.46883144022095957,0.7415903643473617,0.072207302101410881,307.18859206188961,21,5,2.2457161461176889,0.15925204029870765,0.44599264792425342,0.64544576738036952,0.85926330571825127,2.1559939438333915,1.0387042717076838,1.1005591961555183,1.5370122390582008,0.40446809321896388,0.81587306419387462,0.29022860964760183
588,N5,220,AB,9,11,0.29491948855248495,0.14037146177142859,0.55725242458283897,0.46883144022095957,0.7415903643473617,0.072207302101410881,307.18859206188961,21,5,2.2457161461176889,0.27177170257395744,0.50582822046302889,0.64544576738036952,0.85926330571825127,2.1559939438333915,1.0387042717076838,1.1005591961555183,1.5370122390582008,0.40446809321896388,0.81587306419387462,0.29022860964760183
589,N5,221,AB,9,12,0.29491948855248495,0.14037146177142859,0.55725242458283897,0.46883144022095957,0.7415903643473617,0.072207302101410881,307.18859206188961,21,5,2.2457161461176889,0.27177170257395744,0.44599264792425342,0.4115056344851406,0.85926330571825127,2.1559939438333915,1.0387042717076838,1.1005591961555183,1.5370122390582008,0.40446809321896388,0.81587306419387462,0.29022860964760183
590,N5,222,AB,9,13,0.29491948855248495,0.14037146177142859,0.55725242458283897,0.46883144022095957,0.7415903643473617,0.072207302101410881,307.18859206188961,21,5,2.2457161461176889,0.27177170257395744,0.44599264792425342,0.64544576738036952,0.96799363298778274,2.1559939438333915,1.0387042717076838,1.1005591961555183,1.5370122390582008,0.40446809321896388,0.81587306419387462,0.29022860964760183
591,N5,223,AB,9,14,0.29491948855248495,0.14037146177142859,0.55725242458283897,0.46883144022095957,0.7415903643473617,0.072207302101410881,307.18859206188961,21,5,2.2457161461176889,0.27177170257395744,0.44599264792425342,0.64544576738036952,0.85926330571825127,2.2756037730324521,1.0387042717076838,1.1005591961555183,1.5370122390582008,0.40446809321896388,0.81587306419387462,0.29022860964760183
592,N5,224,AB,9,15,0.29491948855248495,0.14037146177142859,0.55725242458283897,0.46883144022095957,0.7415903643473617,0.072207302101410881,307.18859206188961,21,5,2.2457161461176889,0.27177170257395744,0.44599264792425342,0.64544576738036952,0.85926330571825127,2.1559939438333915,1.1350559265632181,1.1005591961555183,1.5370122390582008,0.40446809321896388,0.81587306419387462,0.29022860964760183
593,N5,225,AB,9,16,0.29491948855248495,0.14037146177142859,0.55725242458283897,0.46883144022095957,0.7415903643473617,0.072207302101410881,307.18859206188961,21,5,2.2457161461176889,0.27177170257395744,0.44599264792425342,0.64544576738036952,0.85926330571825127,2.1559939438333915,1.0387042717076838,1.1639458331745118,1.5370122390582008,0.40446809321896388,0.81587306419387462,0.29022860964760183
594,N5,226,AB,9,17,0.29491948855248495,0.14037146177142859,0.55725242458283897,0.46883144022095957,0.7415903643473617,0.072207302101410881,307.18859206188961,21,5,2.2457161461176889,0.27177170257395744,0.44599264792425342,0.64544576738036952,0.85926330571825127,2.1559939438333915,1.0387042717076838,1.1005591961555183,1.4895456206811675,0.40446809321896388,0.81587306419387462,0.29022860964760183
595,N5,227,AB,9,18,0.29491948855248495,0.14037146177142859,0.55725242458283897,0.46883144022095957,0.7415903643473617,0.072207302101410881,307.18859206188961,21,5,2.2457161461176889,0.27177170257395744,0.44599264792425342,0.64544576738036952,0.85926330571825127,2.1559939438333915,1.0387042717076838,1.1005591961555183,1.5370122390582008,0.38653421309687097,0.81587306419387462,0.29022860964760183
596,N5,228,AB,9,19,0.29491948855248495,0.14037146177142859,0.55725242458283897,0.46883144022095957,0.7415903643473617,0.072207302101410881,307.18859206188961,21,5,2.2457161461176889,0.27177170257395744,0.44599264792425342,0.64544576738036952,0.85926330571825127,2.1559939438333915,1.0387042717076838,1.1005591961555183,1.5370122390582008,0.40446809321896388,0.30034851180389521,0.29022860964760183
597,N5,229,AB,9,20,0.29491948855248495,0.14037146177142859,0.55725242458283897,0.46883144022095957,0.7415903643473617,0.072207302101410881,307.18859206188961,21,5,2.2457161461176889,0.27177170257395744,0.44599264792425342,0.64544576738036952,0.85926330571825127,2.1559939438333915,1.0387042717076838,1.1005591961555183,1.5370122390582008,0.40446809321896388,0.81587306419387462,0.49086324782110746
598,N5,230,A,10,-1,0.23188208461896587,0.19177029840648174,0.28928475342690946,0.39624447440750532,0.80028829513300259,0.068240058389458361,5.4171740853323733,37,4,2.0731746113076088,0.2362345373095569,0.5406924593200011,0.40513125697031727,0.95131049629005959,1.9385585409534629,1.1373383901733904,1.1147691732738167,1.6330573150238128,0.46733342242884124,0.35197164760902522,0.46397428256459528
599,N5,231,B,10,-1,0.30348029202902732,0.10805757939815522,0.38587970919907089,0.30382607176362203,0.93318045385520998,0.071563616157250071,249.86821306169705,42,1,2.0051194667455112,0.24572287087488812,0.62418525296952088,0.48949824740933906,1.0035694481805624,1.7478853646570658,1.0636061099357903,1.1773774721194059,1.7031041829969391,0.46653731843063195,0.80251844525337224,0.36031072987243529
600,N5,232,AB,10,0,0.30348029202902732,0.19177029840648174,0.28928475342690946,0.39624447440750532,0.80028829513300259,0.068240058389458361,5.4171740853323733,37,4,2.0731746113076088,0.2362345373095569,0.5406924593200011,0.40513125697031727,0.95131049629005959,1.9385585409534629,1.1373383901733904,1.1147691732738167,1.6330573150238128,0.46733342242884124,0.35197164760902522,0.46397428256459528
601,N5,233,AB,10,1,0.23188208461896587,0.10805757939815522,0.28928475342690946,0.39624447440750532,0.80028829513300259,0.068240058389458361,5.4171740853323733,37,4,2.0731746113076088,0.2362345373095569,0.5406924593200011,0.40513125697031727,0.95131049629005959,1.9385585409534629,1.1373383901733904,1.1147691732738167,1.6330573150238128,0.46733342242884124,0.35197164760902522,0.46397428256459528
602,N5,234,AB,10,2,0.23188208461896587,0.19177029840648174,0.38587970919907089,0.39624447440750532,0.80028829513300259,0.068240058389458361,5.4171740853323733,37,4,2.0731746113076088,0.2362345373095569,0.5406924593200011,0.40513125697031727,0.95131049629005959,1.9385585409534629,1.1373383901733904,1.1147691732738167,1.6330573150238128,0.46733342242884124,0.35197164760902522,0.46397428256459528
603,N5,235,AB,10,3,0.23188208461896587,0.19177029840648174,0.28928475342690946,0.30382607176362203,0.80028829513300259,0.068240058389458361,5.4171740853323733,37,4,2.0731746113076088,0.2362345373095569,0.5406924593200011,0.40513125697031727,0.95131049629005959,1.9385585409534629,1.1373383901733904,1.1147691732738167,1.6330573150238128,0.46733342242884124,0.35197164760902522,0.46397428256459528
604,N5,236,AB,10,4,0.23188208461896587,0.19177029840648174,0.28928475342690946,0.39624447440750532,0.93318045385520998,0.068240058389458361,5.4171740853323733,37,4,2.0731746113076088,0.2362345373095569,0.5406924593200011,0.40513125697031727,0.95131049629005959,1.9385585409534629,1.1373383901733904,1.1147691732738167,1.6330573150238128,0.46733342242884124,0.35197164760902522,0.46397428256459528
605,N5,237,AB,10,5,0.23188208461896587,0.19177029840648174,0.28928475342690946,0.39624447440750532,0.80028829513300259,0.071563616157250071,5.4171740853323733,37,4,2.0731746113076088,0.2362345373095569,0.5406924593200011,0.40513125697031727,0.95131049629005959,1.9385585409534629,1.1373383901733904,1.1147691732738167,1.6330573150238128,0.46733342242884124,0.35197164760902522,0.46397428256459528
606,N5,238,AB,10,6,0.23188208461896587,0.19177029840648174,0.28928475342690946,0.39624447440750532,0.80028829513300259,0.068240058389458361,249.86821306169705,37,4,2.0731746113076088,0.2362345373095569,0.5406924593200011,0.40513125697031727,0.95131049629005959,1.9385585409534629,1.1373383901733904,1.1147691732738167,1.6330573150238128,0.46733342242884124,0.35197164760902522,0.46397428256459528
607,N5,239,AB,10,7,0.23188208461896587,0.19177029840648174,0.28928475342690946,0.39624447440750532,0.80028829513300259,0.068240058389458361,5.4171740853323733,42,4,2.0731746113076088,0.2362345373095569,0.5406924593200011,0.40513125697031727,0.95131049629005959,1.9385585409534629,1.1373383901733904,1.1147691732738167,1.6330573150238128,0.46733342242884124,0.35197164760902522,0.46397428256459528
608,N5,240,AB,10,8,0.23188208461896587,0.19177029840648174,0.28928475342690946,0.39624447440750532,0.80028829513300259,0.068240058389458361,5.4171740853323733,37,1,2.0731746113076088,0.2362345373095569,0.5406924593200011,0.40513125697031727,0.95131049629005959,1.9385585409534629,1.1373383901733904,1.1147691732738167,1.6330573150238128,0.46733342242884124,0.35197164760902522,0.46397428256459528
609,N5,241,AB,10,9,0.23188208461896587,0.19177029840648174,0.28928475342690946,0.39624447440750532,0.80028829513300259,0.068240058389458361,5.4171740853323733,37,4,2.0051194667455112,0.2362345373095569,0.5406924593200011,0.40513125697031727,0.95131049629005959,1.9385585409534629,1.1373383901733904,1.1147691732738167,1.6330573150238128,0.46733342242884124,0.35197164760902522,0.46397428256459528
610,N5,242,AB,10,10,0.23188208461896587,0.19177029840648174,0.28928475342690946,0.39624447440750532,0.80028829513300259,0.068240058389458361,5.4171740853323733,37,4,2.0731746113076088,0.24572287087488812,0.5406924593200011,0.40513125697031727,0.95131049629005959,1.9385585409534629,1.1373383901733904,1.1147691732738167,1.6330573150238128,0.46733342242884124,0.35197164760902522,0.46397428256459528
611,N5,243,AB,10,11,0.23188208461896587,0.19177029840648174,0.28928475342690946,0.39624447440750532,0.80028829513300259,0.068240058389458361,5.4171740853323733,37,4,2.0731746113076088,0.2362345373095569,0.62418525296952088,0.40513125697031727,0.95131049629005959,1.9385585409534629,1.1373383901733904,1.1147691732738167,1.6330573150238128,0.46733342242884124,0.35197164760902522,0.46397428256459528
612,N5,244,AB,10,12,0.23188208461896587,0.19177029840648174,0.28928475342690946,0.39624447440750532,0.80028829513300259,0.068240058389458361,5.4171740853323733,37,4,2.0731746113076088,0.2362345373095569,0.5406924593200011,0.48949824740933906,0.95131049629005959,1.9385585409534629,1.1373383901733904,1.1147691732738167,1.6330573150238128,0.46733342242884124,0.35197164760902522,0.46397428256459528
613,N5,245,AB,10,13,0.23188208461896587,0.19177029840648174,0.28928475342690946,0.39624447440750532,0.80028829513300259,0.068240058389458361,5.4171740853323733,37,4,2.0731746113076088,0.2362345373095569,0.5406924593200011,0.40513125697031727,1.0035694481805624,1.9385585409534629,1.1373383901733904,1.1147691732738167,1.6330573150238128,0.46733342242884124,0.35197164760902522,0.46397428256459528
614,N5,246,AB,10,14,0.23188208461896587,0.19177029840648174,0.28928475342690946,0.39624447440750532,0.80028829513300259,0.068240058389458361,5.4171740853323733,37,4,2.0731746113076088,0.2362345373095569,0.5406924593200011,0.40513125697031727,0.95131049629005959,1.7478853646570658,1.1373383901733904,1.1147691732738167,1.6330573150238128,0.46733342242884124,0.35197164760902522,0.46397428256459528
615,N5,247,AB,10,15,0.23188208461896587,0.19177029840648174,0.28928475342690946,0.39624447440750532,0.80028829513300259,0.068240058389458361,5.4171740853323733,37,4,2.0731746113076088,0.2362345373095569,0.5406924593200011,0.40513125697031727,0.95131049629005959,1.9385585409534629,1.0636061099357903,1.1147691732738167,1.6330573150238128,0.46733342242884124,0.35197164760902522,0.46397428256459528
616,N5,248,AB,10,16,0.23188208461896587,0.19177029840648174,0.28928475342690946,0.39624447440750532,0.80028829513300259,0.068240058389458361,5.4171740853323733,37,4,2.0731746113076088,0.2362345373095569,0.5406924593200011,0.40513125697031727,0.95131049629005959,1.9385585409534629,1.1373383901733904,1.1773774721194059,1.6330573150238128,0.46733342242884124,0.35197164760902522,0.46397428256459528
617,N5,249,AB,10,17,0.23188208461896587,0.19177029840648174,0.28928475342690946,0.39624447440750532,0.80028829513300259,0.068240058389458361,5.4171740853323733,37,4,2.0731746113076088,0.2362345373095569,0.5406924593200011,0.40513125697031727,0.95131049629005959,1.9385585409534629,1.1373383901733904,1.1147691732738167,1.7031041829969391,0.46733342242884124,0.35197164760902522,0.46397428256459528
618,N5,250,AB,10,18,0.23188208461896587,0.19177029840648174,0.28928475342690946,0.39624447440750532,0.80028829513300259,0.068240058389458361,5.4171740853323733,37,4,2.0731746113076088,0.2362345373095569,0.5406924593200011,0.40513125697031727,0.95131049629005959,1.9385585409534629,1.1373383901733904,1.1147691732738167,1.6330573150238128,0.46653731843063195,0.35197164760902522,0.46397428256459528
619,N5,251,AB,10,19,0.23188208461896587,0.19177029840648174,0.28928475342690946,0.39624447440750532,0.80028829513300259,0.068240058389458361,5.4171740853323733,37,4,2.0731746113076088,0.2362345373095569,0.5406924593200011,0.40513125697031727,0.95131049629005959,1.9385585409534629,1.1373383901733904,1.1147691732738167,1.6330573150238128,0.46733342242884124,0.80251844525337224,0.46397428256459528
620,N5,252,AB,10,20,0.23188208461896587,0.19177029840648174,0.28928475342690946,0.39624447440750532,0.80028829513300259,0.068240058389458361,5.4171740853323733,37,4,2.0731746113076088,0.2362345373095569,0.5406924593200011,0.40513125697031727,0.95131049629005959,1.9385585409534629,1.1373383901733904,1.1147691732738167,1.6330573150238128,0.46733342242884124,0.35197164760902522,0.36031072987243529
621,N5,253,A,11,-1,0.31092191779179912,0.080332102440297606,0.62151519656181331,0.43997211629779642,0.67461360983848129,0.06398955212044978,1209.0493977615406,92,2,1.9460926564636802,0.12318533971748984,0.59412286070892983,0.43450455330776905,0.65061683232214607,2.3972559484690787,1.0575441048759966,1.25920266979374,1.5599555604918192,0.35594250587920373,0.63872872479259968,0.18445611153729258
622,N5,254,B,11,-1,0.29271102391590398,0.20886152759194376,0.65157991349697109,0.50435420552171639,0.5468389402249656,0.063118878636090725,5.6692682576651352,77,3,1.972464130011234,0.2119339599558929,0.52169092440327203,0.39138363859592518,0.84423187102396968,2.343439488358773,1.1035289182607084,1.0809617456514389,1.5833443533397269,0.38107595202149708,0.5363899115473032,0.21935545438900589
623,N5,255,AB,11,0,0.29271102391590398,0.080332102440297606,0.62151519656181331,0.43997211629779642,0.67461360983848129,0.06398955212044978,1209.0493977615406,92,2,1.9460926564636802,0.12318533971748984,0.59412286070892983,0.43450455330776905,0.65061683232214607,2.3972559484690787,1.0575441048759966,1.25920266979374,1.5599555604918192,0.35594250587920373,0.63872872479259968,0.18445611153729258
624,N5,256,AB,11,1,0.31092191779179912,0.20886152759194376,0.62151519656181331,0.43997211629779642,0.67461360983848129,0.06398955212044978,1209.0493977615406,92,2,1.9460926564636802,0.12318533971748984,0.59412286070892983,0.43450455330776905,0.65061683232214607,2.3972559484690787,1.0575441048759966,1.25920266979374,1.5599555604918192,0.35594250587920373,0.63872872479259968,0.18445611153729258
625,N5,257,AB,11,2,0.31092191779179912,0.080332102440297606,0.65157991349697109,0.43997211629779642,0.67461360983848129,0.06398955212044978,1209.0493977615406,92,2,1.9460926564636802,0.12318533971748984,0.59412286070892983,0.43450455330776905,0.65061683232214607,2.3972559484690787,1.0575441048759966,1.25920266979374,1.5599555604918192,0.35594250587920373,0.63872872479259968,0.18445611153729258
626,N5,258,AB,11,3,0.31092191779179912,0.080332102440297606,0.62151519656181331,0.50435420552171639,0.67461360983848129,0.06398955212044978,1209.0493977615406,92,2,1.9460926564636802,0.12318533971748984,0.59412286070892983,0.43450455330776905,0.65061683232214607,2.3972559484690787,1.0575441048759966,1.25920266979374,1.5599555604918192,0.35594250587920373,0.63872872479259968,0.18445611153729258
627,N5,259,AB,11,4,0.31092191779179912,0.080332102440297606,0.62151519656181331,0.43997211629779642,0.5468389402249656,0.06398955212044978,1209.0493977615406,92,2,1.9460926564636802,0.12318533971748984,0.59412286070892983,0.43450455330776905,0.65061683232214607,2.3972559484690787,1.0575441048759966,1.25920266979374,1.5599555604918192,0.35594250587920373,0.63872872479259968,0.18445611153729258
628,N5,260,AB,11,5,0.31092191779179912,0.080332102440297606,0.62151519656181331,0.43997211629779642,0.67461360983848129,0.063118878636090725,1209.0493977615406,92,2,1.9460926564636802,0.12318533971748984,0.59412286070892983,0.43450455330776905,0.65061683232214607,2.3972559484690787,1.0575441048759966,1.25920266979374,1.5599555604918192,0.35594250587920373,0.63872872479259968,0.18445611153729258
629,N5,261,AB,11,6,0.31092191779179912,0.080332102440297606,0.62151519656181331,0.43997211629779642,0.67461360983848129,0.06398955212044978,5.6692682576651352,92,2,1.9460926564636802,0.12318533971748984,0.59412286070892983,0.43450455330776905,0.65061683232214607,2.3972559484690787,1.0575441048759966,1.25920266979374,1.5599555604918192,0.35594250587920373,0.63872872479259968,0.18445611153729258
630,N5,262,AB,11,7,0.31092191779179912,0.080332102440297606,0.62151519656181331,0.43997211629779642,0.67461360983848129,0.06398955212044978,1209.0493977615406,77,2,1.9460926564636802,0.12318533971748984,0.59412286070892983,0.43450455330776905,0.65061683232214607,2.3972559484690787,1.0575441048759966,1.25920266979374,1.5599555604918192,0.35594250587920373,0.63872872479259968,0.18445611153729258
631,N5,263,AB,11,8,0.31092191779179912,0.080332102440297606,0.62151519656181331,0.43997211629779642,0.67461360983848129,0.06398955212044978,1209.0493977615406,92,3,1.9460926564636802,0.12318533971748984,0.59412286070892983,0.43450455330776905,0.65061683232214607,2.3972559484690787,1.0575441048759966,1.25920266979374,1.5599555604918192,0.35594250587920373,0.63872872479259968,0.18445611153729258
632,N5,264,AB,11,9,0.31092191779179912,0.080332102440297606,0.62151519656181331,0.43997211629779642,0.67461360983848129,0.06398955212044978,1209.0493977615406,92,2,1.972464130011234,0.12318533971748984,0.59412286070892983,0.43450455330776905,0.65061683232214607,2.3972559484690787,1.0575441048759966,1.25920266979374,1.5599555604918192,0.35594250587920373,0.63872872479259968,0.18445611153729258
633,N5,265,AB,11,10,0.31092191779179912,0.080332102440297606,0.62151519656181331,0.43997211629779642,0.67461360983848129,0.06398955212044978,1209.0493977615406,92,2,1.9460926564636802,0.2119339599558929,0.59412286070892983,0.43450455330776905,0.65061683232214607,2.3972559484690787,1.0575441048759966,1.25920266979374,1.5599555604918192,0.35594250587920373,0.63872872479259968,0.18445611153729258
634,N5,266,AB,11,11,0.31092191779179912,0.080332102440297606,0.62151519656181331,0.43997211629779642,0.67461360983848129,0.06398955212044978,1209.0493977615406,92,2,1.9460926564636802,0.12318533971748984,0.52169092440327203,0.43450455330776905,0.65061683232214607,2.3972559484690787,1.0575441048759966,1.25920266979374,1.5599555604918192,0.35594250587920373,0.63872872479259968,0.18445611153729258
635,N5,267,AB,11,12,0.31092191779179912,0.080332102440297606,0.62151519656181331,0.43997211629779642,0.67461360983848129,0.06398955212044978,1209.0493977615406,92,2,1.9460926564636802,0.12318533971748984,0.59412286070892983,0.39138363859592518,0.65061683232214607,2.3972559484690787,1.0575441048759966,1.25920266979374,1.5599555604918192,0.35594250587920373,0.63872872479259968,0.18445611153729258
636,N5,268,AB,11,13,0.31092191779179912,0.080332102440297606,0.62151519656181331,0.43997211629779642,0.67461360983848129,0.06398955212044978,1209.0493977615406,92,2,1.9460926564636802,0.12318533971748984,0.59412286070892983,0.43450455330776905,0.84423187102396968,2.3972559484690787,1.0575441048759966,1.25920266979374,1.5599555604918192,0.35594250587920373,0.63872872479259968,0.18445611153729258
637,N5,269,AB,11,14,0.31092191779179912,0.080332102440297606,0.62151519656181331,0.43997211629779642,0.67461360983848129,0.06398955212044978,1209.0493977615406,92,2,1.9460926564636802,0.12318533971748984,0.59412286070892983,0.43450455330776905,0.65061683232214607,2.343439488358773,1.0575441048759966,1.25920266979374,1.5599555604918192,0.35594250587920373,0.63872872479259968,0.18445611153729258
638,N5,270,AB,11,15,0.31092191779179912,0.080332102440297606,0.62151519656181331,0.43997211629779642,0.67461360983848129,0.06398955212044978,1209.0493977615406,92,2,1.9460926564636802,0.12318533971748984,0.59412286070892983,0.43450455330776905,0.65061683232214607,2.3972559484690787,1.1035289182607084,1.25920266979374,1.5599555604918192,0.35594250587920373,0.63872872479259968,0.18445611153729258
639,N5,271,AB,11,16,0.31092191779179912,0.080332102440297606,0.62151519656181331,0.43997211629779642,0.67461360983848129,0.06398955212044978,1209.0493977615406,92,2,1.9460926564636802,0.12318533971748984,0.59412286070892983,0.43450455330776905,0.65061683232214607,2.3972559484690787,1.0575441048759966,1.0809617456514389,1.5599555604918192,0.35594250587920373,0.63872872479259968,0.18445611153729258
640,N5,272,AB,11,17,0.31092191779179912,0.080332102440297606,0.62151519656181331,0.43997211629779642,0.67461360983848129,0.06398955212044978,1209.0493977615406,92,2,1.9460926564636802,0.12318533971748984,0.59412286070892983,0.43450455330776905,0.65061683232214607,2.3972559484690787,1.0575441048759966,1.25920266979374,1.5833443533397269,0.35594250587920373,0.63872872479259968,0.18445611153729258
641,N5,273,AB,11,18,0.31092191779179912,0.080332102440297606,0.62151519656181331,0.43997211629779642,0.67461360983848129,0.06398955212044978,1209.0493977615406,92,2,1.9460926564636802,0.12318533971748984,0.59412286070892983,0.43450455330776905,0.65061683232214607,2.3972559484690787,1.0575441048759966,1.25920266979374,1.5599555604918192,0.38107595202149708,0.63872872479259968,0.18445611153729258
642,N5,274,AB,11,19,0.31092191779179912,0.080332102440297606,0.62151519656181331,0.43997211629779642,0.67461360983848129,0.06398955212044978,1209.0493977615406,92,2,1.9460926564636802,0.12318533971748984,0.59412286070892983,0.43450455330776905,0.65061683232214607,2.3972559484690787,1.0575441048759966,1.25920266979374,1.5599555604918192,0.35594250587920373,0.5363899115473032,0.18445611153729258
643,N5,275,AB,11,20,0.31092191779179912,0.080332102440297606,0.62151519656181331,0.43997211629779642,0.67461360983848129,0.06398955212044978,1209.0493977615406,92,2,1.9460926564636802,0.12318533971748984,0.59412286070892983,0.43450455330776905,0.65061683232214607,2.3972559484690787,1.0575441048759966,1.25920266979374,1.5599555604918192,0.35594250587920373,0.63872872479259968,0.21935545438900589
644,N5,276,A,12,-1,0.30366470171647136,0.16348833553493025,0.48368532750755544,0.40319466764733009,0.63860414545969202,0.060261487265391385,9.2774242096670214,50,3,2.1100569510948897,0.25914777603815531,0.63029554952312317,0.36702491837747153,0.83936092793474093,2.5018949572332954,1.0741357161197811,1.2832249856553972,1.5884797648045517,0.43206650622232723,0.21252465285360814,0.39838122497312722
645,N5,277,B,12,-1,0.2702864942226838,0.139614181779325,0.60598004497587676,0.52797151787998731,0.77900113309958474,0.068632596203929488,1263.7737449030471,22,5,2.0795480956381751,0.2695065466903328,0.564066494593498,0.54774788466137703,0.92266934602476591,2.1672975561022381,1.1302203102223574,1.0914513256400824,1.7431869294144022,0.35458663176291594,0.34819771414622669,0.45019116490148003
646,N5,278,AB,12,0,0.2702864942226838,0.16348833553493025,0.48368532750755544,0.40319466764733009,0.63860414545969202,0.060261487265391385,9.2774242096670214,50,3,2.1100569510948897,0.25914777603815531,0.63029554952312317,0.36702491837747153,0.83936092793474093,2.5018949572332954,1.0741357161197811,1.2832249856553972,1.5884797648045517,0.43206650622232723,0.21252465285360814,0.39838122497312722
647,N5,279,AB,12,1,0.30366470171647136,0.139614181779325,0.48368532750755544,0.40319466764733009,0.63860414545969202,0.060261487265391385,9.2774242096670214,50,3,2.1100569510948897,0.25914777603815531,0.63029554952312317,0.36702491837747153,0.83936092793474093,2.5018949572332954,1.0741357161197811,1.2832249856553972,1.5884797648045517,0.43206650622232723,0.21252465285360814,0.39838122497312722
648,N5,280,AB,12,2,0.30366470171647136,0.16348833553493025,0.60598004497587676,0.40319466764733009,0.63860414545969202,0.060261487265391385,9.2774242096670214,50,3,2.1100569510948897,0.25914777603815531,0.63029554952312317,0.36702491837747153,0.83936092793474093,2.5018949572332954,1.0741357161197811,1.2832249856553972,1.5884797648045517,0.43206650622232723,0.21252465285360814,0.39838122497312722
649,N5,281,AB,12,3,0.30366470171647136,0.16348833553493025,0.48368532750755544,0.52797151787998731,0.63860414545969202,0.060261487265391385,9.2774242096670214,50,3,2.1100569510948897,0.25914777603815531,0.63029554952312317,0.36702491837747153,0.83936092793474093,2.5018949572332954,1.0741357161197811,1.2832249856553972,1.5884797648045517,0.43206650622232723,0.21252465285360814,0.39838122497312722
650,N5,282,AB,12,4,0.30366470171647136,0.16348833553493025,0.48368532750755544,0.40319466764733009,0.77900113309958474,0.060261487265391385,9.2774242096670214,50,3,2.1100569510948897,0.25914777603815531,0.63029554952312317,0.36702491837747153,0.83936092793474093,2.5018949572332954,1.0741357161197811,1.2832249856553972,1.5884797648045517,0.43206650622232723,0.21252465285360814,0.39838122497312722
651,N5,283,AB,12,5,0.30366470171647136,0.16348833553493025,0.48368532750755544,0.40319466764733009,0.63860414545969202,0.068632596203929488,9.2774242096670214,50,3,2.1100569510948897,0.25914777603815531,0.63029554952312317,0.36702491837747153,0.83936092793474093,2.5018949572332954,1.0741357161197811,1.2832249856553972,1.5884797648045517,0.43206650622232723,0.21252465285360814,0.39838122497312722
652,N5,284,AB,12,6,0.30366470171647136,0.16348833553493025,0.48368532750755544,0.40319466764733009,0.63860414545969202,0.060261487265391385,1263.7737449030471,50,3,2.1100569510948897,0.25914777603815531,0.63029554952312317,0.36702491837747153,0.83936092793474093,2.5018949572332954,1.0741357161197811,1.2832249856553972,1.5884797648045517,0.43206650622232723,0.21252465285360814,0.39838122497312722
653,N5,285,AB,12,7,0.30366470171647136,0.16348833553493025,0.48368532750755544,0.40319466764733009,0.63860414545969202,0.060261487265391385,9.2774242096670214,22,3,2.1100569510948897,0.25914777603815531,0.63029554952312317,0.36702491837747153,0.83936092793474093,2.5018949572332954,1.0741357161197811,1.2832249856553972,1.5884797648045517,0.43206650622232723,0.21252465285360814,0.39838122497312722
654,N5,286,AB,12,8,0.30366470171647136,0.16348833553493025,0.48368532750755544,0.40319466764733009,0.63860414545969202,0.060261487265391385,9.2774242096670214,50,5,2.1100569510948897,0.25914777603815531,0.63029554952312317,0.36702491837747153,0.83936092793474093,2.5018949572332954,1.0741357161197811,1.2832249856553972,1.5884797648045517,0.43206650622232723,0.21252465285360814,0.39838122497312722
655,N5,287,AB,12,9,0.30366470171647136,0.16348833553493025,0.48368532750755544,0.40319466764733009,0.63860414545969202,0.060261487265391385,9.2774242096670214,50,3,2.0795480956381751,0.25914777603815531,0.63029554952312317,0.36702491837747153,0.83936092793474093,2.5018949572332954,1.0741357161197811,1.2832249856553972,1.5884797648045517,0.43206650622232723,0.21252465285360814,0.39838122497312722
656,N5,288,AB,12,10,0.30366470171647136,0.16348833553493025,0.48368532750755544,0.40319466764733009,0.63860414545969202,0.060261487265391385,9.2774242096670214,50,3,2.1100569510948897,0.2695065466903328,0.63029554952312317,0.36702491837747153,0.83936092793474093,2.5018949572332954,1.0741357161197811,1.2832249856553972,1.5884797648045517,0.43206650622232723,0.21252465285360814,0.39838122497312722
657,N5,289,AB,12,11,0.30366470171647136,0.16348833553493025,0.48368532750755544,0.40319466764733009,0.63860414545969202,0.060261487265391385,9.2774242096670214,50,3,2.1100569510948897,0.25914777603815531,0.564066494593498,0.36702491837747153,0.83936092793474093,2.5018949572332954,1.0741357161197811,1.2832249856553972,1.5884797648045517,0.43206650622232723,0.21252465285360814,0.39838122497312722
658,N5,290,AB,12,12,0.30366470171647136,0.16348833553493025,0.48368532750755544,0.40319466764733009,0.63860414545969202,0.060261487265391385,9.2774242096670214,50,3,2.1100569510948897,0.25914777603815531,0.63029554952312317,0.54774788466137703,0.83936092793474093,2.5018949572332954,1.0741357161197811,1.2832249856553972,1.5884797648045517,0.43206650622232723,0.21252465285360814,0.39838122497312722
659,N5,291,AB,12,13,0.30366470171647136,0.16348833553493025,0.48368532750755544,0.40319466764733009,0.63860414545969202,0.060261487265391385,9.2774242096670214,50,3,2.1100569510948897,0.25914777603815531,0.63029554952312317,0.36702491837747153,0.92266934602476591,2.5018949572332954,1.0741357161197811,1.2832249856553972,1.5884797648045517,0.43206650622232723,0.21252465285360814,0.39838122497312722
660,N5,292,AB,12,14,0.30366470171647136,0.16348833553493025,0.48368532750755544,0.40319466764733009,0.63860414545969202,0.060261487265391385,9.2774242096670214,50,3,2.1100569510948897,0.25914777603815531,0.63029554952312317,0.36702491837747153,0.83936092793474093,2.1672975561022381,1.0741357161197811,1.2832249856553972,1.5884797648045517,0.43206650622232723,0.21252465285360814,0.39838122497312722
661,N5,293,AB,12,15,0.30366470171647136,0.16348833553493025,0.48368532750755544,0.40319466764733009,0.63860414545969202,0.060261487265391385,9.2774242096670214,50,3,2.1100569510948897,0.25914777603815531,0.63029554952312317,0.36702491837747153,0.83936092793474093,2.5018949572332954,1.1302203102223574,1.2832249856553972,1.5884797648045517,0.43206650622232723,0.21252465285360814,0.39838122497312722
662,N5,294,AB,12,16,0.30366470171647136,0.16348833553493025,0.48368532750755544,0.40319466764733009,0.63860414545969202,0.060261487265391385,9.2774242096670214,50,3,2.1100569510948897,0.25914777603815531,0.63029554952312317,0.36702491837747153,0.83936092793474093,2.5018949572332954,1.0741357161197811,1.0914513256400824,1.5884797648045517,0.43206650622232723,0.21252465285360814,0.39838122497312722
663,N5,295,AB,12,17,0.30366470171647136,0.16348833553493025,0.48368532750755544,0.40319466764733009,0.63860414545969202,0.060261487265391385,9.2774242096670214,50,3,2.1100569510948897,0.25914777603815531,0.63029554952312317,0.36702491837747153,0.83936092793474093,2.5018949572332954,1.0741357161197811,1.2832249856553972,1.7431869294144022,0.43206650622232723,0.21252465285360814,0.39838122497312722
664,N5,296,AB,12,18,0.30366470171647136,0.16348833553493025,0.48368532750755544,0.40319466764733009,0.63860414545969202,0.060261487265391385,9.2774242096670214,50,3,2.1100569510948897,0.25914777603815531,0.63029554952312317,0.36702491837747153,0.83936092793474093,2.5018949572332954,1.0741357161197811,1.2832249856553972,1.5884797648045517,0.35458663176291594,0.21252465285360814,0.39838122497312722
665,N5,297,AB,12,19,0.30366470171647136,0.16348833553493025,0.48368532750755544,0.40319466764733009,0.63860414545969202,0.060261487265391385,9.2774242096670214,50,3,2.1100569510948897,0.25914777603815531,0.63029554952312317,0.36702491837747153,0.83936092793474093,2.5018949572332954,1.0741357161197811,1.2832249856553972,1.5884797648045517,0.43206650622232723,0.34819771414622669,0.39838122497312722
666,N5,298,AB,12,20,0.30366470171647136,0.16348833553493025,0.48368532750755544,0.40319466764733009,0.63860414545969202,0.060261487265391385,9.2774242096670214,50,3,2.1100569510948897,0.25914777603815531,0.63029554952312317,0.36702491837747153,0.83936092793474093,2.5018949572332954,1.0741357161197811,1.2832249856553972,1.5884797648045517,0.43206650622232723,0.21252465285360814,0.45019116490148003
667,N5,299,A,13,-1,0.26634371859904515,0.05226946081966162,0.40966602023690935,0.3633423286250213,0.89671174461455838,0.070918217610048045,2070.6123333380588,79,3,1.8738651161752471,0.1683696037221605,0.56705532362014466,0.44906655128118123,1.1113966645767506,1.7309130580119971,1.1197320033703,1.1698478932492435,1.6680857206013653,0.37892381800654551,0.9949574043042958,0.25011321040801704
668,N5,300,B,13,-1,0.32877224117882631,0.24039066415280103,0.43390407115221019,0.34456496280914206,0.56846251796687342,0.064469411895965292,35.445761322059575,60,2,1.9453712199934592,0.13952554030268755,0.58431094013859641,0.36531801612100034,0.68155201264220566,2.6659805953275657,1.0406588336545974,1.2293571338057518,1.5766345447488788,0.43396997420522376,0.99090968100354071,0.30445365118794143
669,N5,301,AB,13,0,0.32877224117882631,0.05226946081966162,0.40966602023690935,0.3633423286250213,0.89671174461455838,0.070918217610048045,2070.6123333380588,79,3,1.8738651161752471,0.1683696037221605,0.56705532362014466,0.44906655128118123,1.1113966645767506,1.7309130580119971,1.1197320033703,1.1698478932492435,1.6680857206013653,0.37892381800654551,0.9949574043042958,0.25011321040801704
670,N5,302,AB,13,1,0.26634371859904515,0.24039066415280103,0.40966602023690935,0.3633423286250213,0.89671174461455838,0.070918217610048045,2070.6123333380588,79,3,1.8738651161752471,0.1683696037221605,0.56705532362014466,0.44906655128118123,1.1113966645767506,1.7309130580119971,1.1197320033703,1.1698478932492435,1.6680857206013653,0.37892381800654551,0.9949574043042958,0.25011321040801704
671,N5,303,AB,13,2,0.26634371859904515,0.05226946081966162,0.43390407115221019,0.3633423286250213,0.89671174461455838,0.070918217610048045,2070.6123333380588,79,3,1.8738651161752471,0.1683696037221605,0.56705532362014466,0.44906655128118123,1.1113966645767506,1.7309130580119971,1.1197320033703,1.1698478932492435,1.6680857206013653,0.37892381800654551,0.9949574043042958,0.25011321040801704
672,N5,304,AB,13,3,0.26634371859904515,0.05226946081966162,0.40966602023690935,0.34456496280914206,0.89671174461455838,0.070918217610048045,2070.6123333380588,79,3,1.8738651161752471,0.1683696037221605,0.56705532362014466,0.44906655128118123,1.1113966645767506,1.7309130580119971,1.1197320033703,1.1698478932492435,1.6680857206013653,0.37892381800654551,0.9949574043042958,0.25011321040801704
673,N5,305,AB,13,4,0.26634371859904515,0.05226946081966162,0.40966602023690935,0.3633423286250213,0.56846251796687342,0.070918217610048045,2070.6123333380588,79,3,1.8738651161752471,0.1683696037221605,0.56705532362014466,0.44906655128118123,1.1113966645767506,1.7309130580119971,1.1197320033703,1.1698478932492435,1.6680857206013653,0.37892381800654551,0.9949574043042958,0.25011321040801704
674,N5,306,AB,13,5,0.26634371859904515,0.05226946081966162,0.40966602023690935,0.3633423286250213,0.89671174461455838,0.064469411895965292,2070.6123333380588,79,3,1.8738651161752471,0.1683696037221605,0.56705532362014466,0.44906655128118123,1.1113966645767506,1.7309130580119971,1.1197320033703,1.1698478932492435,1.6680857206013653,0.37892381800654551,0.9949574043042958,0.25011321040801704
675,N5,307,AB,13,6,0.26634371859904515,0.05226946081966162,0.40966602023690935,0.3633423286250213,0.89671174461455838,0.070918217610048045,35.445761322059575,79,3,1.8738651161752471,0.1683696037221605,0.56705532362014466,0.44906655128118123,1.1113966645767506,1.7309130580119971,1.1197320033703,1.1698478932492435,1.6680857206013653,0.37892381800654551,0.9949574043042958,0.25011321040801704
676,N5,308,AB,13,7,0.26634371859904515,0.05226946081966162,0.40966602023690935,0.3633423286250213,0.89671174461455838,0.070918217610048045,2070.6123333380588,60,3,1.8738651161752471,0.1683696037221605,0.56705532362014466,0.44906655128118123,1.1113966645767506,1.7309130580119971,1.1197320033703,1.1698478932492435,1.6680857206013653,0.37892381800654551,0.9949574043042958,0.25011321040801704
677,N5,309,AB,13,8,0.26634371859904515,0.05226946081966162,0.40966602023690935,0.3633423286250213,0.89671174461455838,0.070918217610048045,2070.6123333380588,79,2,1.8738651161752471,0.1683696037221605,0.56705532362014466,0.44906655128118123,1.1113966645767506,1.7309130580119971,1.1197320033703,1.1698478932492435,1.6680857206013653,0.37892381800654551,0.9949574043042958,0.25011321040801704
678,N5,310,AB,13,9,0.26634371859904515,0.05226946081966162,0.40966602023690935,0.3633423286250213,0.89671174461455838,0.070918217610048045,2070.6123333380588,79,3,1.9453712199934592,0.1683696037221605,0.56705532362014466,0.44906655128118123,1.1113966645767506,1.7309130580119971,1.1197320033703,1.1698478932492435,1.6680857206013653,0.37892381800654551,0.9949574043042958,0.25011321040801704
679,N5,311,AB,13,10,0.26634371859904515,0.05226946081966162,0.40966602023690935,0.3633423286250213,0.89671174461455838,0.070918217610048045,2070.6123333380588,79,3,1.8738651161752471,0.13952554030268755,0.56705532362014466,0.44906655128118123,1.1113966645767506,1.7309130580119971,1.1197320033703,1.1698478932492435,1.6680857206013653,0.37892381800654551,0.9949574043042958,0.25011321040801704
680,N5,312,AB,13,11,0.26634371859904515,0.05226946081966162,0.40966602023690935,0.3633423286250213,0.89671174461455838,0.070918217610048045,2070.6123333380588,79,3,1.8738651161752471,0.1683696037221605,0.58431094013859641,0.44906655128118123,1.1113966645767506,1.7309130580119971,1.1197320033703,1.1698478932492435,1.6680857206013653,0.37892381800654551,0.9949574043042958,0.25011321040801704
681,N5,313,AB,13,12,0.26634371859904515,0.05226946081966162,0.40966602023690935,0.3633423286250213,0.89671174461455838,0.070918217610048045,2070.6123333380588,79,3,1.8738651161752471,0.1683696037221605,0.56705532362014466,0.36531801612100034,1.1113966645767506,1.7309130580119971,1.1197320033703,1.1698478932492435,1.6680857206013653,0.37892381800654551,0.9949574043042958,0.25011321040801704
682,N5,314,AB,13,13,0.26634371859904515,0.05226946081966162,0.40966602023690935,0.3633423286250213,0.89671174461455838,0.070918217610048045,2070.6123333380588,79,3,1.8738651161752471,0.1683696037221605,0.56705532362014466,0.44906655128118123,0.68155201264220566,1.7309130580119971,1.1197320033703,1.1698478932492435,1.6680857206013653,0.37892381800654551,0.9949574043042958,0.25011321040801704
683,N5,315,AB,13,14,0.26634371859904515,0.05226946081966162,0.40966602023690935,0.3633423286250213,0.89671174461455838,0.070918217610048045,2070.6123333380588,79,3,1.8738651161752471,0.1683696037221605,0.56705532362014466,0.44906655128118123,1.1113966645767506,2.6659805953275657,1.1197320033703,1.1698478932492435,1.6680857206013653,0.37892381800654551,0.9949574043042958,0.25011321040801704
684,N5,316,AB,13,15,0.26634371859904515,0.05226946081966162,0.40966602023690935,0.3633423286250213,0.89671174461455838,0.070918217610048045,2070.6123333380588,79,3,1.8738651161752471,0.1683696037221605,0.56705532362014466,0.44906655128118123,1.1113966645767506,1.7309130580119971,1.0406588336545974,1.1698478932492435,1.6680857206013653,0.37892381800654551,0.9949574043042958,0.25011321040801704
685,N5,317,AB,13,16,0.26634371859904515,0.05226946081966162,0.40966602023690935,0.3633423286250213,0.89671174461455838,0.070918217610048045,2070.6123333380588,79,3,1.8738651161752471,0.1683696037221605,0.56705532362014466,0.44906655128118123,1.1113966645767506,1.7309130580119971,1.1197320033703,1.2293571338057518,1.6680857206013653,0.37892381800654551,0.9949574043042958,0.25011321040801704
686,N5,318,AB,13,17,0.26634371859904515,0.05226946081966162,0.40966602023690935,0.3633423286250213,0.89671174461455838,0.070918217610048045,2070.6123333380588,79,3,1.8738651161752471,0.1683696037221605,0.56705532362014466,0.44906655128118123,1.1113966645767506,1.7309130580119971,1.1197320033703,1.1698478932492435,1.5766345447488788,0.37892381800654551,0.9949574043042958,0.25011321040801704
687,N5,319,AB,13,18,0.26634371859904515,0.05226946081966162,0.40966602023690935,0.3633423286250213,0.89671174461455838,0.070918217610048045,2070.6123333380588,79,3,1.8738651161752471,0.1683696037221605,0.56705532362014466,0.44906655128118123,1.1113966645767506,1.7309130580119971,1.1197320033703,1.1698478932492435,1.6680857206013653,0.43396997420522376,0.9949574043042958,0.25011321040801704
688,N5,320,AB,13,19,0.26634371859904515,0.05226946081966162,0.40966602023690935,0.3633423286250213,0.89671174461455838,0.070918217610048045,2070.6123333380588,79,3,1.8738651161752471,0.1683696037221605,0.56705532362014466,0.44906655128118123,1.1113966645767506,1.7309130580119971,1.1197320033703,1.1698478932492435,1.6680857206013653,0.37892381800654551,0.99090968100354071,0.25011321040801704
689,N5,321,AB,13,20,0.26634371859904515,0.05226946081966162,0.40966602023690935,0.3633423286250213,0.89671174461455838,0.070918217610048045,2070.6123333380588,79,3,1.8738651161752471,0.1683696037221605,0.56705532362014466,0.44906655128118123,1.1113966645767506,1.7309130580119971,1.1197320033703,1.1698478932492435,1.6680857206013653,0.37892381800654551,0.9949574043042958,0.30445365118794143
690,N5,322,A,14,-1,0.27507506438011736,0.20330821387469772,0.66879700478166337,0.54060773630198966,0.70258827893990572,0.065332463830915691,39.095192930941032,63,1,1.9619521653959233,0.21802286162029241,0.49230239879012816,0.34487375264500653,0.77565001114253562,2.2851812523086297,1.0238731287233531,1.0609193979296834,1.4862413043281391,0.38246310051321253,0.50293076643720269,0.42625013608485463
691,N5,323,B,14,-1,0.31569825751733982,0.066841222532093528,0.54435398923233147,0.43199436789917423,0.66462028437961373,0.06631369920908152,17.942038139826696,36,1,2.1078620445709531,0.2394134432048336,0.47203069342232218,0.31083300094996702,0.86592237777545422,2.4374846149232381,1.1011906914599239,1.113874953892082,1.632973093797347,0.39907289236828519,0.10798117276281119,0.17252750992774962
692,N5,324,AB,14,0,0.31569825751733982,0.20330821387469772,0.66879700478166337,0.54060773630198966,0.70258827893990572,0.065332463830915691,39.095192930941032,63,1,1.9619521653959233,0.21802286162029241,0.49230239879012816,0.34487375264500653,0.77565001114253562,2.2851812523086297,1.0238731287233531,1.0609193979296834,1.4862413043281391,0.38246310051321253,0.50293076643720269,0.42625013608485463
693,N5,325,AB,14,1,0.27507506438011736,0.066841222532093528,0.66879700478166337,0.54060773630198966,0.70258827893990572,0.065332463830915691,39.095192930941032,63,1,1.9619521653959233,0.21802286162029241,0.49230239879012816,0.34487375264500653,0.77565001114253562,2.2851812523086297,1.0238731287233531,1.0609193979296834,1.4862413043281391,0.38246310051321253,0.50293076643720269,0.42625013608485463
694,N5,326,AB,14,2,0.27507506438011736,0.20330821387469772,0.54435398923233147,0.54060773630198966,0.70258827893990572,0.065332463830915691,39.095192930941032,63,1,1.9619521653959233,0.21802286162029241,0.49230239879012816,0.34487375264500653,0.77565001114253562,2.2851812523086297,1.0238731287233531,1.0609193979296834,1.4862413043281391,0.38246310051321253,0.50293076643720269,0.42625013608485463
695,N5,327,AB,14,3,0.27507506438011736,0.20330821387469772,0.66879700478166337,0.43199436789917423,0.70258827893990572,0.065332463830915691,39.095192930941032,63,1,1.9619521653959233,0.21802286162029241,0.49230239879012816,0.34487375264500653,0.77565001114253562,2.2851812523086297,1.0238731287233531,1.0609193979296834,1.4862413043281391,0.38246310051321253,0.50293076643720269,0.42625013608485463
696,N5,328,AB,14,4,0.27507506438011736,0.20330821387469772,0.66879700478166337,0.54060773630198966,0.66462028437961373,0.065332463830915691,39.095192930941032,63,1,1.9619521653959233,0.21802286162029241,0.49230239879012816,0.34487375264500653,0.77565001114253562,2.2851812523086297,1.0238731287233531,1.0609193979296834,1.4862413043281391,0.38246310051321253,0.50293076643720269,0.42625013608485463
697,N5,329,AB,14,5,0.27507506438011736,0.20330821387469772,0.66879700478166337,0.54060773630198966,0.70258827893990572,0.06631369920908152,39.095192930941032,63,1,1.9619521653959233,0.21802286162029241,0.49230239879012816,0.34487375264500653,0.77565001114253562,2.2851812523086297,1.0238731287233531,1.0609193979296834,1.4862413043281391,0.38246310051321253,0.50293076643720269,0.42625013608485463
698,N5,330,AB,14,6,0.27507506438011736,0.20330821387469772,0.66879700478166337,0.54060773630198966,0.70258827893990572,0.065332463830915691,17.942038139826696,63,1,1.9619521653959233,0.21802286162029241,0.49230239879012816,0.34487375264500653,0.77565001114253562,2.2851812523086297,1.0238731287233531,1.0609193979296834,1.4862413043281391,0.38246310051321253,0.50293076643720269,0.42625013608485463
699,N5,331,AB,14,7,0.27507506438011736,0.20330821387469772,0.66879700478166337,0.54060773630198966,0.70258827893990572,0.065332463830915691,39.095192930941032,36,1,1.9619521653959233,0.21802286162029241,0.49230239879012816,0.34487375264500653,0.77565001114253562,2.2851812523086297,1.0238731287233531,1.0609193979296834,1.4862413043281391,0.38246310051321253,0.50293076643720269,0.42625013608485463
700,N5,332,AB,14,8,0.27507506438011736,0.20330821387469772,0.66879700478166337,0.54060773630198966,0.70258827893990572,0.065332463830915691,39.095192930941032,63,1,1.9619521653959233,0.21802286162029241,0.49230239879012816,0.34487375264500653,0.77565001114253562,2.2851812523086297,1.0238731287233531,1.0609193979296834,1.4862413043281391,0.38246310051321253,0.50293076643720269,0.42625013608485463
701,N5,333,AB,14,9,0.27507506438011736,0.20330821387469772,0.66879700478166337,0.54060773630198966,0.70258827893990572,0.065332463830915691,39.095192930941032,63,1,2.1078620445709531,0.21802286162029241,0.49230239879012816,0.34487375264500653,0.77565001114253562,2.2851812523086297,1.0238731287233531,1.0609193979296834,1.4862413043281391,0.38246310051321253,0.50293076643720269,0.42625013608485463
702,N5,334,AB,14,10,0.27507506438011736,0.20330821387469772,0.66879700478166337,0.54060773630198966,0.70258827893990572,0.065332463830915691,39.095192930941032,63,1,1.9619521653959233,0.2394134432048336,0.49230239879012816,0.34487375264500653,0.77565001114253562,2.2851812523086297,1.0238731287233531,1.0609193979296834,1.4862413043281391,0.38246310051321253,0.50293076643720269,0.42625013608485463
703,N5,335,AB,14,11,0.27507506438011736,0.20330821387469772,0.66879700478166337,0.54060773630198966,0.70258827893990572,0.065332463830915691,39.095192930941032,63,1,1.9619521653959233,0.21802286162029241,0.47203069342232218,0.34487375264500653,0.77565001114253562,2.2851812523086297,1.0238731287233531,1.0609193979296834,1.4862413043281391,0.38246310051321253,0.50293076643720269,0.42625013608485463
704,N5,336,AB,14,12,0.27507506438011736,0.20330821387469772,0.66879700478166337,0.54060773630198966,0.70258827893990572,0.065332463830915691,39.095192930941032,63,1,1.9619521653959233,0.21802286162029241,0.49230239879012816,0.31083300094996702,0.77565001114253562,2.2851812523086297,1.0238731287233531,1.0609193979296834,1.4862413043281391,0.38246310051321253,0.50293076643720269,0.42625013608485463
705,N5,337,AB,14,13,0.27507506438011736,0.20330821387469772,0.66879700478166337,0.54060773630198966,0.70258827893990572,0.065332463830915691,39.095192930941032,63,1,1.9619521653959233,0.21802286162029241,0.49230239879012816,0.34487375264500653,0.86592237777545422,2.2851812523086297,1.0238731287233531,1.0609193979296834,1.4862413043281391,0.38246310051321253,0.50293076643720269,0.42625013608485463
706,N5,338,AB,14,14,0.27507506438011736,0.20330821387469772,0.66879700478166337,0.54060773630198966,0.70258827893990572,0.065332463830915691,39.095192930941032,63,1,1.9619521653959233,0.21802286162029241,0.49230239879012816,0.34487375264500653,0.77565001114253562,2.4374846149232381,1.0238731287233531,1.0609193979296834,1.4862413043281391,0.38246310051321253,0.50293076643720269,0.42625013608485463
707,N5,339,AB,14,15,0.27507506438011736,0.20330821387469772,0.66879700478166337,0.54060773630198966,0.70258827893990572,0.065332463830915691,39.095192930941032,63,1,1.9619521653959233,0.21802286162029241,0.49230239879012816,0.34487375264500653,0.77565001114253562,2.2851812523086297,1.1011906914599239,1.0609193979296834,1.4862413043281391,0.38246310051321253,0.50293076643720269,0.42625013608485463
708,N5,340,AB,14,16,0.27507506438011736,0.20330821387469772,0.66879700478166337,0.54060773630198966,0.70258827893990572,0.065332463830915691,39.095192930941032,63,1,1.9619521653959233,0.21802286162029241,0.49230239879012816,0.34487375264500653,0.77565001114253562,2.2851812523086297,1.0238731287233531,1.113874953892082,1.4862413043281391,0.38246310051321253,0.50293076643720269,0.42625013608485463
709,N5,341,AB,14,17,0.27507506438011736,0.20330821387469772,0.66879700478166337,0.54060773630198966,0.70258827893990572,0.065332463830915691,39.095192930941032,63,1,1.9619521653959233,0.21802286162029241,0.49230239879012816,0.34487375264500653,0.77565001114253562,2.2851812523086297,1.0238731287233531,1.0609193979296834,1.632973093797347,0.38246310051321253,0.50293076643720269,0.42625013608485463
710,N5,342,AB,14,18,0.27507506438011736,0.20330821387469772,0.66879700478166337,0.54060773630198966,0.70258827893990572,0.065332463830915691,39.095192930941032,63,1,1.9619521653959233,0.21802286162029241,0.49230239879012816,0.34487375264500653,0.77565001114253562,2.2851812523086297,1.0238731287233531,1.0609193979296834,1.4862413043281391,0.39907289236828519,0.50293076643720269,0.42625013608485463
711,N5,343,AB,14,19,0.27507506438011736,0.20330821387469772,0.66879700478166337,0.54060773630198966,0.70258827893990572,0.065332463830915691,39.095192930941032,63,1,1.9619521653959233,0.21802286162029241,0.49230239879012816,0.34487375264500653,0.77565001114253562,2.2851812523086297,1.0238731287233531,1.0609193979296834,1.4862413043281391,0.38246310051321253,0.10798117276281119,0.42625013608485463
712,N5,344,AB,14,20,0.27507506438011736,0.20330821387469772,0.66879700478166337,0.54060773630198966,0.70258827893990572,0.065332463830915691,39.095192930941032,63,1,1.9619521653959233,0.21802286162029241,0.49230239879012816,0.34487375264500653,0.77565001114253562,2.2851812523086297,1.0238731287233531,1.0609193979296834,1.4862413043281391,0.38246310051321253,0.50293076643720269,0.17252750992774962
713,N5,345,A,15,-1,0.3323884906154988,0.11843407955020667,0.22026572916656734,0.34576835245125698,0.60758507005270013,0.06333923848940641,178.76683315127278,9,5,2.0186933290974785,0.2995562514629288,0.71348794331002419,0.48842285239527766,0.93003728182991374,2.5672269001732162,1.1060081122629344,1.2055388609413058,1.6797498228455801,0.42696437090418354,0.70487296134233479,0.22465698998421429
714,N5,346,B,15,-1,0.28271028400957732,0.16604452375322581,0.21625016564503313,0.39775717258612969,0.69031497513320339,0.061602692140857195,442.85670969014814,97,4,1.8603952554044059,0.18589448832971056,0.74673531554540873,0.43919418198975946,1.1578665645461337,1.9391180873580591,1.0759865427855402,1.2655274967662991,1.5223898582693043,0.42578441704403835,0.75289083439856763,0.40576763134449723
715,N5,347,AB,15,0,0.28271028400957732,0.11843407955020667,0.22026572916656734,0.34576835245125698,0.60758507005270013,0.06333923848940641,178.76683315127278,9,5,2.0186933290974785,0.2995562514629288,0.71348794331002419,0.48842285239527766,0.93003728182991374,2.5672269001732162,1.1060081122629344,1.2055388609413058,1.6797498228455801,0.42696437090418354,0.70487296134233479,0.22465698998421429
716,N5,348,AB,15,1,0.3323884906154988,0.16604452375322581,0.22026572916656734,0.34576835245125698,0.60758507005270013,0.06333923848940641,178.76683315127278,9,5,2.0186933290974785,0.2995562514629288,0.71348794331002419,0.48842285239527766,0.93003728182991374,2.5672269001732162,1.1060081122629344,1.2055388609413058,1.6797498228455801,0.42696437090418354,0.70487296134233479,0.22465698998421429
717,N5,349,AB,15,2,0.3323884906154988,0.11843407955020667,0.21625016564503313,0.34576835245125698,0.60758507005270013,0.06333923848940641,178.76683315127278,9,5,2.0186933290974785,0.2995562514629288,0.71348794331002419,0.48842285239527766,0.93003728182991374,2.5672269001732162,1.1060081122629344,1.2055388609413058,1.6797498228455801,0.42696437090418354,0.70487296134233479,0.22465698998421429
718,N5,350,AB,15,3,0.3323884906154988,0.11843407955020667,0.22026572916656734,0.39775717258612969,0.60758507005270013,0.06333923848940641,178.76683315127278,9,5,2.0186933290974785,0.2995562514629288,0.71348794331002419,0.48842285239527766,0.93003728182991374,2.5672269001732162,1.1060081122629344,1.2055388609413058,1.6797498228455801,0.42696437090418354,0.70487296134233479,0.22465698998421429
719,N5,351,AB,15,4,0.3323884906154988,0.11843407955020667,0.22026572916656734,0.34576835245125698,0.69031497513320339,0.06333923848940641,178.76683315127278,9,5,2.0186933290974785,0.2995562514629288,0.71348794331002419,0.48842285239527766,0.93003728182991374,2.5672269001732162,1.1060081122629344,1.2055388609413058,1.6797498228455801,0.42696437090418354,0.70487296134233479,0.22465698998421429
720,N5,352,AB,15,5,0.3323884906154988,0.11843407955020667,0.22026572916656734,0.34576835245125698,0.60758507005270013,0.061602692140857195,178.76683315127278,9,5,2.0186933290974785,0.2995562514629288,0.71348794331002419,0.48842285239527766,0.93003728182991374,2.5672269001732162,1.1060081122629344,1.2055388609413058,1.6797498228455801,0.42696437090418354,0.70487296134233479,0.22465698998421429
721,N5,353,AB,15,6,0.3323884906154988,0.11843407955020667,0.22026572916656734,0.34576835245125698,0.60758507005270013,0.06333923848940641,442.85670969014814,9,5,2.0186933290974785,0.2995562514629288,0.71348794331002419,0.48842285239527766,0.93003728182991374,2.5672269001732162,1.1060081122629344,1.2055388609413058,1.6797498228455801,0.42696437090418354,0.70487296134233479,0.22465698998421429
722,N5,354,AB,15,7,0.3323884906154988,0.11843407955020667,0.22026572916656734,0.34576835245125698,0.60758507005270013,0.06333923848940641,178.76683315127278,97,5,2.0186933290974785,0.2995562514629288,0.71348794331002419,0.48842285239527766,0.93003728182991374,2.5672269001732162,1.1060081122629344,1.2055388609413058,1.6797498228455801,0.42696437090418354,0.70487296134233479,0.22465698998421429
723,N5,355,AB,15,8,0.3323884906154988,0.11843407955020667,0.22026572916656734,0.34576835245125698,0.60758507005270013,0.06333923848940641,178.76683315127278,9,4,2.0186933290974785,0.2995562514629288,0.71348794331002419,0.48842285239527766,0.93003728182991374,2.5672269001732162,1.1060081122629344,1.2055388609413058,1.6797498228455801,0.42696437090418354,0.70487296134233479,0.22465698998421429
724,N5,356,AB,15,9,0.3323884906154988,0.11843407955020667,0.22026572916656734,0.34576835245125698,0.60758507005270013,0.06333923848940641,178.76683315127278,9,5,1.8603952554044059,0.2995562514629288,0.71348794331002419,0.48842285239527766,0.93003728182991374,2.5672269001732162,1.1060081122629344,1.2055388609413058,1.6797498228455801,0.42696437090418354,0.70487296134233479,0.22465698998421429
725,N5,357,AB,15,10,0.3323884906154988,0.11843407955020667,0.22026572916656734,0.34576835245125698,0.60758507005270013,0.06333923848940641,178.76683315127278,9,5,2.0186933290974785,0.18589448832971056,0.71348794331002419,0.48842285239527766,0.93003728182991374,2.5672269001732162,1.1060081122629344,1.2055388609413058,1.6797498228455801,0.42696437090418354,0.70487296134233479,0.22465698998421429
726,N5,358,AB,15,11,0.3323884906154988,0.11843407955020667,0.22026572916656734,0.34576835245125698,0.60758507005270013,0.06333923848940641,178.76683315127278,9,5,2.0186933290974785,0.2995562514629288,0.74673531554540873,0.48842285239527766,0.93003728182991374,2.5672269001732162,1.1060081122629344,1.2055388609413058,1.6797498228455801,0.42696437090418354,0.70487296134233479,0.22465698998421429
727,N5,359,AB,15,12,0.3323884906154988,0.11843407955020667,0.22026572916656734,0.34576835245125698,0.60758507005270013,0.06333923848940641,178.76683315127278,9,5,2.0186933290974785,0.2995562514629288,0.71348794331002419,0.43919418198975946,0.93003728182991374,2.5672269001732162,1.1060081122629344,1.2055388609413058,1.6797498228455801,0.42696437090418354,0.70487296134233479,0.22465698998421429
728,N5,360,AB,15,13,0.3323884906154988,0.11843407955020667,0.22026572916656734,0.34576835245125698,0.60758507005270013,0.06333923848940641,178.76683315127278,9,5,2.0186933290974785,0.2995562514629288,0.71348794331002419,0.48842285239527766,1.1578665645461337,2.5672269001732162,1.1060081122629344,1.2055388609413058,1.6797498228455801,0.42696437090418354,0.70487296134233479,0.22465698998421429
729,N5,361,AB,15,14,0.3323884906154988,0.11843407955020667,0.22026572916656734,0.34576835245125698,0.60758507005270013,0.06333923848940641,178.76683315127278,9,5,2.0186933290974785,0.2995562514629288,0.71348794331002419,0.48842285239527766,0.93003728182991374,1.9391180873580591,1.1060081122629344,1.2055388609413058,1.6797498228455801,0.42696437090418354,0.70487296134233479,0.22465698998421429
730,N5,362,AB,15,15,0.3323884906154988,0.11843407955020667,0.22026572916656734,0.34576835245125698,0.60758507005270013,0.06333923848940641,178.76683315127278,9,5,2.0186933290974785,0.2995562514629288,0.71348794331002419,0.48842285239527766,0.93003728182991374,2.5672269001732162,1.0759865427855402,1.2055388609413058,1.6797498228455801,0.42696437090418354,0.70487296134233479,0.22465698998421429
731,N5,363,AB,15,16,0.3323884906154988,0.11843407955020667,0.22026572916656734,0.34576835245125698,0.60758507005270013,0.06333923848940641,178.76683315127278,9,5,2.0186933290974785,0.2995562514629288,0.71348794331002419,0.48842285239527766,0.93003728182991374,2.5672269001732162,1.1060081122629344,1.2655274967662991,1.6797498228455801,0.42696437090418354,0.70487296134233479,0.22465698998421429
732,N5,364,AB,15,17,0.3323884906154988,0.11843407955020667,0.22026572916656734,0.34576835245125698,0.60758507005270013,0.06333923848940641,178.76683315127278,9,5,2.0186933290974785,0.2995562514629288,0.71348794331002419,0.48842285239527766,0.93003728182991374,2.5672269001732162,1.1060081122629344,1.2055388609413058,1.5223898582693043,0.42696437090418354,0.70487296134233479,0.22465698998421429
733,N5,365,AB,15,18,0.3323884906154988,0.11843407955020667,0.22026572916656734,0.34576835245125698,0.60758507005270013,0.06333923848940641,178.76683315127278,9,5,2.0186933290974785,0.2995562514629288,0.71348794331002419,0.48842285239527766,0.93003728182991374,2.5672269001732162,1.1060081122629344,1.2055388609413058,1.6797498228455801,0.42578441704403835,0.70487296134233479,0.22465698998421429
734,N5,366,AB,15,19,0.3323884906154988,0.11843407955020667,0.22026572916656734,0.34576835245125698,0.60758507005270013,0.06333923848940641,178.76683315127278,9,5,2.0186933290974785,0.2995562514629288,0.71348794331002419,0.48842285239527766,0.93003728182991374,2.5672269001732162,1.1060081122629344,1.2055388609413058,1.6797498228455801,0.42696437090418354,0.75289083439856763,0.22465698998421429
735,N5,367,AB,15,20,0.3323884906154988,0.11843407955020667,0.22026572916656734,0.34576835245125698,0.60758507005270013,0.06333923848940641,178.76683315127278,9,5,2.0186933290974785,0.2995562514629288,0.71348794331002419,0.48842285239527766,0.93003728182991374,2.5672269001732162,1.1060081122629344,1.2055388609413058,1.6797498228455801,0.42696437090418354,0.70487296134233479,0.40576763134449723
736,I1,0,A,0,-1,0.34799080811083904,0.18713280558586121,0.64467932032421227,0.35411620526831172,0.7313554385490334,0.064716537942105995,15.284174588861873,38,4,1.9224787643156673,0.31867636428431678,0.66648613507075782,0.46117736540919052,0.75481072385824155,2.0400484081079724,1.077523641679436,1.1348809508606792,1.5689671943589314,0.44343204841332345,0.42613284680992369,0.37421435536816716
737,I1,1,B,0,-1,0.3201368724450393,0.057776418514549732,0.62183329723775382,0.32639105083238029,0.62597704027119039,0.060924860814008476,27.29455946088396,51,2,2.0621917599963697,0.20735051755265252,0.64908465401457383,0.56973566630688532,0.97935731788382985,2.5272654110397883,1.0481399941723795,1.0653593102004379,1.6829094640775635,0.39230628145802543,0.25026876265183096,0.24790218938142061
738,I1,2,AB,0,0,0.3201368724450393,0.18713280558586121,0.64467932032421227,0.35411620526831172,0.7313554385490334,0.064716537942105995,15.284174588861873,38,4,1.9224787643156673,0.31867636428431678,0.66648613507075782,0.46117736540919052,0.75481072385824155,2.0400484081079724,1.077523641679436,1.1348809508606792,1.5689671943589314,0.44343204841332345,0.42613284680992369,0.37421435536816716
739,I1,3,AB,0,1,0.34799080811083904,0.057776418514549732,0.64467932032421227,0.35411620526831172,0.7313554385490334,0.064716537942105995,15.284174588861873,38,4,1.9224787643156673,0.31867636428431678,0.66648613507075782,0.46117736540919052,0.75481072385824155,2.0400484081079724,1.077523641679436,1.1348809508606792,1.5689671943589314,0.44343204841332345,0.42613284680992369,0.37421435536816716
740,I1,4,AB,0,2,0.34799080811083904,0.18713280558586121,0.62183329723775382,0.35411620526831172,0.7313554385490334,0.064716537942105995,15.284174588861873,38,4,1.9224787643156673,0.31867636428431678,0.66648613507075782,0.46117736540919052,0.75481072385824155,2.0400484081079724,1.077523641679436,1.1348809508606792,1.5689671943589314,0.44343204841332345,0.42613284680992369,0.37421435536816716
741,I1,5,AB,0,3,0.34799080811083904,0.18713280558586121,0.64467932032421227,0.32639105083238029,0.7313554385490334,0.064716537942105995,15.284174588861873,38,4,1.9224787643156673,0.31867636428431678,0.66648613507075782,0.46117736540919052,0.75481072385824155,2.0400484081079724,1.077523641679436,1.1348809508606792,1.5689671943589314,0.44343204841332345,0.42613284680992369,0.37421435536816716
742,I1,6,AB,0,4,0.34799080811083904,0.18713280558586121,0.64467932032421227,0.35411620526831172,0.62597704027119039,0.064716537942105995,15.284174588861873,38,4,1.9224787643156673,0.31867636428431678,0.66648613507075782,0.46117736540919052,0.75481072385824155,2.0400484081079724,1.077523641679436,1.1348809508606792,1.5689671943589314,0.44343204841332345,0.42613284680992369,0.37421435536816716
743,I1,7,AB,0,5,0.34799080811083904,0.18713280558586121,0.64467932032421227,0.35411620526831172,0.7313554385490334,0.060924860814008476,15.284174588861873,38,4,1.9224787643156673,0.31867636428431678,0.66648613507075782,0.46117736540919052,0.75481072385824155,2.0400484081079724,1.077523641679436,1.1348809508606792,1.5689671943589314,0.44343204841332345,0.42613284680992369,0.37421435536816716
744,I1,8,AB,0,6,0.34799080811083904,0.18713280558586121,0.64467932032421227,0.35411620526831172,0.7313554385490334,0.064716537942105995,27.29455946088396,38,4,1.9224787643156673,0.31867636428431678,0.66648613507075782,0.46117736540919052,0.75481072385824155,2.0400484081079724,1.077523641679436,1.1348809508606792,1.5689671943589314,0.44343204841332345,0.42613284680992369,0.37421435536816716
745,I1,9,AB,0,7,0.34799080811083904,0.18713280558586121,0.64467932032421227,0.35411620526831172,0.7313554385490334,0.064716537942105995,15.284174588861873,51,4,1.9224787643156673,0.31867636428431678,0.66648613507075782,0.46117736540919052,0.75481072385824155,2.0400484081079724,1.077523641679436,1.1348809508606792,1.5689671943589314,0.44343204841332345,0.42613284680992369,0.37421435536816716
746,I1,10,AB,0,8,0.34799080811083904,0.18713280558586121,0.64467932032421227,0.35411620526831172,0.7313554385490334,0.064716537942105995,15.284174588861873,38,2,1.9224787643156673,0.31867636428431678,0.66648613507075782,0.46117736540919052,0.75481072385824155,2.0400484081079724,1.077523641679436,1.1348809508606792,1.5689671943589314,0.44343204841332345,0.42613284680992369,0.37421435536816716
747,I1,11,AB,0,9,0.34799080811083904,0.18713280558586121,0.64467932032421227,0.35411620526831172,0.7313554385490334,0.064716537942105995,15.284174588861873,38,4,2.0621917599963697,0.31867636428431678,0.66648613507075782,0.46117736540919052,0.75481072385824155,2.0400484081079724,1.077523641679436,1.1348809508606792,1.5689671943589314,0.44343204841332345,0.42613284680992369,0.37421435536816716
748,I1,12,AB,0,10,0.34799080811083904,0.18713280558586121,0.64467932032421227,0.35411620526831172,0.7313554385490334,0.064716537942105995,15.284174588861873,38,4,1.9224787643156673,0.20735051755265252,0.66648613507075782,0.46117736540919052,0.75481072385824155,2.0400484081079724,1.077523641679436,1.1348809508606792,1.5689671943589314,0.44343204841332345,0.42613284680992369,0.37421435536816716
749,I1,13,AB,0,11,0.34799080811083904,0.18713280558586121,0.64467932032421227,0.35411620526831172,0.7313554385490334,0.064716537942105995,15.284174588861873,38,4,1.9224787643156673,0.31867636428431678,0.64908465401457383,0.46117736540919052,0.75481072385824155,2.0400484081079724,1.077523641679436,1.1348809508606792,1.5689671943589314,0.44343204841332345,0.42613284680992369,0.37421435536816716
750,I1,14,AB,0,12,0.34799080811083904,0.18713280558586121,0.64467932032421227,0.35411620526831172,0.7313554385490334,0.064716537942105995,15.284174588861873,38,4,1.9224787643156673,0.31867636428431678,0.66648613507075782,0.56973566630688532,0.75481072385824155,2.0400484081079724,1.077523641679436,1.1348809508606792,1.5689671943589314,0.44343204841332345,0.42613284680992369,0.37421435536816716
751,I1,15,AB,0,13,0.34799080811083904,0.18713280558586121,0.64467932032421227,0.35411620526831172,0.7313554385490334,0.064716537942105995,15.284174588861873,38,4,1.9224787643156673,0.31867636428431678,0.66648613507075782,0.46117736540919052,0.97935731788382985,2.0400484081079724,1.077523641679436,1.1348809508606792,1.5689671943589314,0.44343204841332345,0.42613284680992369,0.37421435536816716
752,I1,16,AB,0,14,0.34799080811083904,0.18713280558586121,0.64467932032421227,0.35411620526831172,0.7313554385490334,0.064716537942105995,15.284174588861873,38,4,1.9224787643156673,0.31867636428431678,0.66648613507075782,0.46117736540919052,0.75481072385824155,2.5272654110397883,1.077523641679436,1.1348809508606792,1.5689671943589314,0.44343204841332345,0.42613284680992369,0.37421435536816716
753,I1,17,AB,0,15,0.34799080811083904,0.18713280558586121,0.64467932032421227,0.35411620526831172,0.7313554385490334,0.064716537942105995,15.284174588861873,38,4,1.9224787643156673,0.31867636428431678,0.66648613507075782,0.46117736540919052,0.75481072385824155,2.0400484081079724,1.0481399941723795,1.1348809508606792,1.5689671943589314,0.44343204841332345,0.42613284680992369,0.37421435536816716
754,I1,18,AB,0,16,0.34799080811083904,0.18713280558586121,0.64467932032421227,0.35411620526831172,0.7313554385490334,0.064716537942105995,15.284174588861873,38,4,1.9224787643156673,0.31867636428431678,0.66648613507075782,0.46117736540919052,0.75481072385824155,2.0400484081079724,1.077523641679436,1.0653593102004379,1.5689671943589314,0.44343204841332345,0.42613284680992369,0.37421435536816716
755,I1,19,AB,0,17,0.34799080811083904,0.18713280558586121,0.64467932032421227,0.35411620526831172,0.7313554385490334,0.064716537942105995,15.284174588861873,38,4,1.9224787643156673,0.31867636428431678,0.66648613507075782,0.46117736540919052,0.75481072385824155,2.0400484081079724,1.077523641679436,1.1348809508606792,1.6829094640775635,0.44343204841332345,0.42613284680992369,0.37421435536816716
756,I1,20,AB,0,18,0.34799080811083904,0.18713280558586121,0.64467932032421227,0.35411620526831172,0.7313554385490334,0.064716537942105995,15.284174588861873,38,4,1.9224787643156673,0.31867636428431678,0.66648613507075782,0.46117736540919052,0.75481072385824155,2.0400484081079724,1.077523641679436,1.1348809508606792,1.5689671943589314,0.39230628145802543,0.42613284680992369,0.37421435536816716
757,I1,21,AB,0,19,0.34799080811083904,0.18713280558586121,0.64467932032421227,0.35411620526831172,0.7313554385490334,0.064716537942105995,15.284174588861873,38,4,1.9224787643156673,0.31867636428431678,0.66648613507075782,0.46117736540919052,0.75481072385824155,2.0400484081079724,1.077523641679436,1.1348809508606792,1.5689671943589314,0.44343204841332345,0.25026876265183096,0.37421435536816716
758,I1,22,AB,0,20,0.34799080811083904,0.18713280558586121,0.64467932032421227,0.35411620526831172,0.7313554385490334,0.064716537942105995,15.284174588861873,38,4,1.9224787643156673,0.31867636428431678,0.66648613507075782,0.46117736540919052,0.75481072385824155,2.0400484081079724,1.077523641679436,1.1348809508606792,1.5689671943589314,0.44343204841332345,0.42613284680992369,0.24790218938142061
759,I1,23,A,1,-1,0.28234222417011029,0.096984460391104227,0.25038017639890314,0.42169463906424598,0.51646093507024049,0.066965150143742672,3320.0823087473295,85,3,2.0506753515514387,0.20602021152086025,0.45697467812872145,0.37636278018971214,0.90511488299913923,2.3238469923652505,1.1336088729836047,1.2399448642507196,1.6096201682729228,0.36941210916459893,0.55820199651643632,0.28045278796926143
760,I1,24,B,1,-1,0.25945127353460073,0.15699421558529139,0.41853885427117343,0.63221742154672533,0.72544032907353695,0.067322922718446948,691.94522642803804,18,4,1.9122620141292803,0.25105779644344128,0.49580200516726519,0.3828306907117634,0.76532764124581565,2.052384034239322,1.1209436606615781,1.1929483180399985,1.6032233232549322,0.41228301324731503,0.61082436414435504,0.47395153529942036
761,I1,25,AB,1,0,0.25945127353460073,0.096984460391104227,0.25038017639890314,0.42169463906424598,0.51646093507024049,0.066965150143742672,3320.0823087473295,85,3,2.0506753515514387,0.20602021152086025,0.45697467812872145,0.37636278018971214,0.90511488299913923,2.3238469923652505,1.1336088729836047,1.2399448642507196,1.6096201682729228,0.36941210916459893,0.55820199651643632,0.28045278796926143
762,I1,26,AB,1,1,0.28234222417011029,0.15699421558529139,0.25038017639890314,0.42169463906424598,0.51646093507024049,0.066965150143742672,3320.0823087473295,85,3,2.0506753515514387,0.20602021152086025,0.45697467812872145,0.37636278018971214,0.90511488299913923,2.3238469923652505,1.1336088729836047,1.2399448642507196,1.6096201682729228,0.36941210916459893,0.55820199651643632,0.28045278796926143
763,I1,27,AB,1,2,0.28234222417011029,0.096984460391104227,0.41853885427117343,0.42169463906424598,0.51646093507024049,0.066965150143742672,3320.0823087473295,85,3,2.0506753515514387,0.20602021152086025,0.45697467812872145,0.37636278018971214,0.90511488299913923,2.3238469923652505,1.1336088729836047,1.2399448642507196,1.6096201682729228,0.36941210916459893,0.55820199651643632,0.28045278796926143
764,I1,28,AB,1,3,0.28234222417011029,0.096984460391104227,0.25038017639890314,0.63221742154672533,0.51646093507024049,0.066965150143742672,3320.0823087473295,85,3,2.0506753515514387,0.20602021152086025,0.45697467812872145,0.37636278018971214,0.90511488299913923,2.3238469923652505,1.1336088729836047,1.2399448642507196,1.6096201682729228,0.36941210916459893,0.55820199651643632,0.28045278796926143
765,I1,29,AB,1,4,0.28234222417011029,0.096984460391104227,0.25038017639890314,0.42169463906424598,0.72544032907353695,0.066965150143742672,3320.0823087473295,85,3,2.0506753515514387,0.20602021152086025,0.45697467812872145,0.37636278018971214,0.90511488299913923,2.3238469923652505,1.1336088729836047,1.2399448642507196,1.6096201682729228,0.36941210916459893,0.55820199651643632,0.28045278796926143
766,I1,30,AB,1,5,0.28234222417011029,0.096984460391104227,0.25038017639890314,0.42169463906424598,0.51646093507024049,0.067322922718446948,3320.0823087473295,85,3,2.0506753515514387,0.20602021152086025,0.45697467812872145,0.37636278018971214,0.90511488299913923,2.3238469923652505,1.1336088729836047,1.2399448642507196,1.6096201682729228,0.36941210916459893,0.55820199651643632,0.28045278796926143
767,I1,31,AB,1,6,0.28234222417011029,0.096984460391104227,0.25038017639890314,0.42169463906424598,0.51646093507024049,0.066965150143742672,691.94522642803804,85,3,2.0506753515514387,0.20602021152086025,0.45697467812872145,0.37636278018971214,0.90511488299913923,2.3238469923652505,1.1336088729836047,1.2399448642507196,1.6096201682729228,0.36941210916459893,0.55820199651643632,0.28045278796926143
768,I1,32,AB,1,7,0.28234222417011029,0.096984460391104227,0.25038017639890314,0.42169463906424598,0.51646093507024049,0.066965150143742672,3320.0823087473295,18,3,2.0506753515514387,0.20602021152086025,0.45697467812872145,0.37636278018971214,0.90511488299913923,2.3238469923652505,1.1336088729836047,1.2399448642507196,1.6096201682729228,0.36941210916459893,0.55820199651643632,0.28045278796926143
769,I1,33,AB,1,8,0.28234222417011029,0.096984460391104227,0.25038017639890314,0.42169463906424598,0.51646093507024049,0.066965150143742672,3320.0823087473295,85,4,2.0506753515514387,0.20602021152086025,0.45697467812872145,0.37636278018971214,0.90511488299913923,2.3238469923652505,1.1336088729836047,1.2399448642507196,1.6096201682729228,0.36941210916459893,0.55820199651643632,0.28045278796926143
770,I1,34,AB,1,9,0.28234222417011029,0.096984460391104227,0.25038017639890314,0.42169463906424598,0.51646093507024049,0.066965150143742672,3320.0823087473295,85,3,1.9122620141292803,0.20602021152086025,0.45697467812872145,0.37636278018971214,0.90511488299913923,2.3238469923652505,1.1336088729836047,1.2399448642507196,1.6096201682729228,0.36941210916459893,0.55820199651643632,0.28045278796926143
771,I1,35,AB,1,10,0.28234222417011029,0.096984460391104227,0.25038017639890314,0.42169463906424598,0.51646093507024049,0.066965150143742672,3320.0823087473295,85,3,2.0506753515514387,0.25105779644344128,0.45697467812872145,0.37636278018971214,0.90511488299913923,2.3238469923652505,1.1336088729836047,1.2399448642507196,1.6096201682729228,0.36941210916459893,0.55820199651643632,0.28045278796926143
772,I1,36,AB,1,11,0.28234222417011029,0.096984460391104227,0.25038017639890314,0.42169463906424598,0.51646093507024049,0.066965150143742672,3320.0823087473295,85,3,2.0506753515514387,0.20602021152086025,0.49580200516726519,0.37636278018971214,0.90511488299913923,2.3238469923652505,1.1336088729836047,1.2399448642507196,1.6096201682729228,0.36941210916459893,0.55820199651643632,0.28045278796926143
773,I1,37,AB,1,12,0.28234222417011029,0.096984460391104227,0.25038017639890314,0.42169463906424598,0.51646093507024049,0.066965150143742672,3320.0823087473295,85,3,2.0506753515514387,0.20602021152086025,0.45697467812872145,0.3828306907117634,0.90511488299913923,2.3238469923652505,1.1336088729836047,1.2399448642507196,1.6096201682729228,0.36941210916459893,0.55820199651643632,0.28045278796926143
774,I1,38,AB,1,13,0.28234222417011029,0.096984460391104227,0.25038017639890314,0.42169463906424598,0.51646093507024049,0.066965150143742672,3320.0823087473295,85,3,2.0506753515514387,0.20602021152086025,0.45697467812872145,0.37636278018971214,0.76532764124581565,2.3238469923652505,1.1336088729836047,1.2399448642507196,1.6096201682729228,0.36941210916459893,0.55820199651643632,0.28045278796926143
775,I1,39,AB,1,14,0.28234222417011029,0.096984460391104227,0.25038017639890314,0.42169463906424598,0.51646093507024049,0.066965150143742672,3320.0823087473295,85,3,2.0506753515514387,0.20602021152086025,0.45697467812872145,0.37636278018971214,0.90511488299913923,2.052384034239322,1.1336088729836047,1.2399448642507196,1.6096201682729228,0.36941210916459893,0.55820199651643632,0.28045278796926143
776,I1,40,AB,1,15,0.28234222417011029,0.096984460391104227,0.25038017639890314,0.42169463906424598,0.51646093507024049,0.066965150143742672,3320.0823087473295,85,3,2.0506753515514387,0.20602021152086025,0.45697467812872145,0.37636278018971214,0.90511488299913923,2.3238469923652505,1.1209436606615781,1.2399448642507196,1.6096201682729228,0.36941210916459893,0.55820199651643632,0.28045278796926143
777,I1,41,AB,1,16,0.28234222417011029,0.096984460391104227,0.25038017639890314,0.42169463906424598,0.51646093507024049,0.066965150143742672,3320.0823087473295,85,3,2.0506753515514387,0.20602021152086025,0.45697467812872145,0.37636278018971214,0.90511488299913923,2.3238469923652505,1.1336088729836047,1.1929483180399985,1.6096201682729228,0.36941210916459893,0.55820199651643632,0.28045278796926143
778,I1,42,AB,1,17,0.28234222417011029,0.096984460391104227,0.25038017639890314,0.42169463906424598,0.51646093507024049,0.066965150143742672,3320.0823087473295,85,3,2.0506753515514387,0.20602021152086025,0.45697467812872145,0.37636278018971214,0.90511488299913923,2.3238469923652505,1.1336088729836047,1.2399448642507196,1.6032233232549322,0.36941210916459893,0.55820199651643632,0.28045278796926143
779,I1,43,AB,1,18,0.28234222417011029,0.096984460391104227,0.25038017639890314,0.42169463906424598,0.51646093507024049,0.066965150143742672,3320.0823087473295,85,3,2.0506753515514387,0.20602021152086025,0.45697467812872145,0.37636278018971214,0.90511488299913923,2.3238469923652505,1.1336088729836047,1.2399448642507196,1.6096201682729228,0.41228301324731503,0.55820199651643632,0.28045278796926143
780,I1,44,AB,1,19,0.28234222417011029,0.096984460391104227,0.25038017639890314,0.42169463906424598,0.51646093507024049,0.066965150143742672,3320.0823087473295,85,3,2.0506753515514387,0.20602021152086025,0.45697467812872145,0.37636278018971214,0.90511488299913923,2.3238469923652505,1.1336088729836047,1.2399448642507196,1.6096201682729228,0.36941210916459893,0.61082436414435504,0.28045278796926143
781,I1,45,AB,1,20,0.28234222417011029,0.096984460391104227,0.25038017639890314,0.42169463906424598,0.51646093507024049,0.066965150143742672,3320.0823087473295,85,3,2.0506753515514387,0.20602021152086025,0.45697467812872145,0.37636278018971214,0.90511488299913923,2.3238469923652505,1.1336088729836047,1.2399448642507196,1.6096201682729228,0.36941210916459893,0.55820199651643632,0.47395153529942036
782,I1,46,A,2,-1,0.2629936153089773,0.24607084989547728,0.45503633031621571,0.33635165518185128,0.64780102196986156,0.077351894092144338,27.160891154276253,75,1,2.187576701447826,0.17127284259988532,0.53091764837973099,0.49336679551131751,0.80929221527246908,2.9000855275591775,1.0344674958009272,1.2248961738776416,1.5292819043969417,0.39038666191337817,0.15044154813513161,0.45128250890411437
783,I1,47,B,2,-1,0.27529790483053485,0.13656734284013511,0.52892799051478501,0.37843242898127594,0.84129803372142342,0.062412416738939713,350.21406734180368,88,4,2.1508046086815504,0.17898944923245874,0.63281913369242404,0.32090290267997434,0.80743507092345035,2.1005919924855405,1.0776456978078932,1.148266618559137,1.6694080305817121,0.37362476876154443,0.48806648626923566,0.34200672353617845
784,I1,48,AB,2,0,0.27529790483053485,0.24607084989547728,0.45503633031621571,0.33635165518185128,0.64780102196986156,0.077351894092144338,27.160891154276253,75,1,2.187576701447826,0.17127284259988532,0.53091764837973099,0.49336679551131751,0.80929221527246908,2.9000855275591775,1.0344674958009272,1.2248961738776416,1.5292819043969417,0.39038666191337817,0.15044154813513161,0.45128250890411437
785,I1,49,AB,2,1,0.2629936153089773,0.13656734284013511,0.45503633031621571,0.33635165518185128,0.64780102196986156,0.077351894092144338,27.160891154276253,75,1,2.187576701447826,0.17127284259988532,0.53091764837973099,0.49336679551131751,0.80929221527246908,2.9000855275591775,1.0344674958009272,1.2248961738776416,1.5292819043969417,0.39038666191337817,0.15044154813513161,0.45128250890411437
786,I1,50,AB,2,2,0.2629936153089773,0.24607084989547728,0.52892799051478501,0.33635165518185128,0.64780102196986156,0.077351894092144338,27.160891154276253,75,1,2.187576701447826,0.17127284259988532,0.53091764837973099,0.49336679551131751,0.80929221527246908,2.9000855275591775,1.0344674958009272,1.2248961738776416,1.5292819043969417,0.39038666191337817,0.15044154813513161,0.45128250890411437
787,I1,51,AB,2,3,0.2629936153089773,0.24607084989547728,0.45503633031621571,0.37843242898127594,0.64780102196986156,0.077351894092144338,27.160891154276253,75,1,2.187576701447826,0.17127284259988532,0.53091764837973099,0.49336679551131751,0.80929221527246908,2.9000855275591775,1.0344674958009272,1.2248961738776416,1.5292819043969417,0.39038666191337817,0.15044154813513161,0.45128250890411437
788,I1,52,AB,2,4,0.2629936153089773,0.24607084989547728,0.45503633031621571,0.33635165518185128,0.84129803372142342,0.077351894092144338,27.160891154276253,75,1,2.187576701447826,0.17127284259988532,0.53091764837973099,0.49336679551131751,0.80929221527246908,2.9000855275591775,1.0344674958009272,1.2248961738776416,1.5292819043969417,0.39038666191337817,0.15044154813513161,0.45128250890411437
789,I1,53,AB,2,5,0.2629936153089773,0.24607084989547728,0.45503633031621571,0.33635165518185128,0.64780102196986156,0.062412416738939713,27.160891154276253,75,1,2.187576701447826,0.17127284259988532,0.53091764837973099,0.49336679551131751,0.80929221527246908,2.9000855275591775,1.0344674958009272,1.2248961738776416,1.5292819043969417,0.39038666191337817,0.15044154813513161,0.45128250890411437
790,I1,54,AB,2,6,0.2629936153089773,0.24607084989547728,0.45503633031621571,0.33635165518185128,0.64780102196986156,0.077351894092144338,350.21406734180368,75,1,2.187576701447826,0.17127284259988532,0.53091764837973099,0.49336679551131751,0.80929221527246908,2.9000855275591775,1.0344674958009272,1.2248961738776416,1.5292819043969417,0.39038666191337817,0.15044154813513161,0.45128250890411437
791,I1,55,AB,2,7,0.2629936153089773,0.24607084989547728,0.45503633031621571,0.33635165518185128,0.64780102196986156,0.077351894092144338,27.160891154276253,88,1,2.187576701447826,0.17127284259988532,0.53091764837973099,0.49336679551131751,0.80929221527246908,2.9000855275591775,1.0344674958009272,1.2248961738776416,1.5292819043969417,0.39038666191337817,0.15044154813513161,0.45128250890411437
792,I1,56,AB,2,8,0.2629936153089773,0.24607084989547728,0.45503633031621571,0.33635165518185128,0.64780102196986156,0.077351894092144338,27.160891154276253,75,4,2.187576701447826,0.17127284259988532,0.53091764837973099,0.49336679551131751,0.80929221527246908,2.9000855275591775,1.0344674958009272,1.2248961738776416,1.5292819043969417,0.39038666191337817,0.15044154813513161,0.45128250890411437
793,I1,57,AB,2,9,0.2629936153089773,0.24607084989547728,0.45503633031621571,0.33635165518185128,0.64780102196986156,0.077351894092144338,27.160891154276253,75,1,2.1508046086815504,0.17127284259988532,0.53091764837973099,0.49336679551131751,0.80929221527246908,2.9000855275591775,1.0344674958009272,1.2248961738776416,1.5292819043969417,0.39038666191337817,0.15044154813513161,0.45128250890411437
794,I1,58,AB,2,10,0.2629936153089773,0.24607084989547728,0.45503633031621571,0.33635165518185128,0.64780102196986156,0.077351894092144338,27.160891154276253,75,1,2.187576701447826,0.17898944923245874,0.53091764837973099,0.49336679551131751,0.80929221527246908,2.9000855275591775,1.0344674958009272,1.2248961738776416,1.5292819043969417,0.39038666191337817,0.15044154813513161,0.45128250890411437
795,I1,59,AB,2,11,0.2629936153089773,0.24607084989547728,0.45503633031621571,0.33635165518185128,0.64780102196986156,0.077351894092144338,27.160891154276253,75,1,2.187576701447826,0.17127284259988532,0.63281913369242404,0.49336679551131751,0.80929221527246908,2.9000855275591775,1.0344674958009272,1.2248961738776416,1.5292819043969417,0.39038666191337817,0.15044154813513161,0.45128250890411437
796,I1,60,AB,2,12,0.2629936153089773,0.24607084989547728,0.45503633031621571,0.33635165518185128,0.64780102196986156,0.077351894092144338,27.160891154276253,75,1,2.187576701447826,0.17127284259988532,0.53091764837973099,0.32090290267997434,0.80929221527246908,2.9000855275591775,1.0344674958009272,1.2248961738776416,1.5292819043969417,0.39038666191337817,0.15044154813513161,0.45128250890411437
797,I1,61,AB,2,13,0.2629936153089773,0.24607084989547728,0.45503633031621571,0.33635165518185128,0.64780102196986156,0.077351894092144338,27.160891154276253,75,1,2.187576701447826,0.17127284259988532,0.53091764837973099,0.49336679551131751,0.80743507092345035,2.9000855275591775,1.0344674958009272,1.2248961738776416,1.5292819043969417,0.39038666191337817,0.15044154813513161,0.45128250890411437
798,I1,62,AB,2,14,0.2629936153089773,0.24607084989547728,0.45503633031621571,0.33635165518185128,0.64780102196986156,0.077351894092144338,27.160891154276253,75,1,2.187576701447826,0.17127284259988532,0.53091764837973099,0.49336679551131751,0.80929221527246908,2.1005919924855405,1.0344674958009272,1.2248961738776416,1.5292819043969417,0.39038666191337817,0.15044154813513161,0.45128250890411437
799,I1,63,AB,2,15,0.2629936153089773,0.24607084989547728,0.45503633031621571,0.33635165518185128,0.64780102196986156,0.077351894092144338,27.160891154276253,75,1,2.187576701447826,0.17127284259988532,0.53091764837973099,0.49336679551131751,0.80929221527246908,2.9000855275591775,1.0776456978078932,1.2248961738776416,1.5292819043969417,0.39038666191337817,0.15044154813513161,0.45128250890411437
800,I1,64,AB,2,16,0.2629936153089773,0.24607084989547728,0.45503633031621571,0.33635165518185128,0.64780102196986156,0.077351894092144338,27.160891154276253,75,1,2.187576701447826,0.17127284259988532,0.53091764837973099,0.49336679551131751,0.80929221527246908,2.9000855275591775,1.0344674958009272,1.148266618559137,1.5292819043969417,0.39038666191337817,0.15044154813513161,0.45128250890411437
801,I1,65,AB,2,17,0.2629936153089773,0.24607084989547728,0.45503633031621571,0.33635165518185128,0.64780102196986156,0.077351894092144338,27.160891154276253,75,1,2.187576701447826,0.17127284259988532,0.53091764837973099,0.49336679551131751,0.80929221527246908,2.9000855275591775,1.0344674958009272,1.2248961738776416,1.6694080305817121,0.39038666191337817,0.15044154813513161,0.45128250890411437
802,I1,66,AB,2,18,0.2629936153089773,0.24607084989547728,0.45503633031621571,0.33635165518185128,0.64780102196986156,0.077351894092144338,27.160891154276253,75,1,2.187576701447826,0.17127284259988532,0.53091764837973099,0.49336679551131751,0.80929221527246908,2.9000855275591775,1.0344674958009272,1.2248961738776416,1.5292819043969417,0.37362476876154443,0.15044154813513161,0.45128250890411437
803,I1,67,AB,2,19,0.2629936153089773,0.24607084989547728,0.45503633031621571,0.33635165518185128,0.64780102196986156,0.077351894092144338,27.160891154276253,75,1,2.187576701447826,0.17127284259988532,0.53091764837973099,0.49336679551131751,0.80929221527246908,2.9000855275591775,1.0344674958009272,1.2248961738776416,1.5292819043969417,0.39038666191337817,0.48806648626923566,0.45128250890411437
804,I1,68,AB,2,20,0.2629936153089773,0.24607084989547728,0.45503633031621571,0.33635165518185128,0.64780102196986156,0.077351894092144338,27.160891154276253,75,1,2.187576701447826,0.17127284259988532,0.53091764837973099,0.49336679551131751,0.80929221527246908,2.9000855275591775,1.0344674958009272,1.2248961738776416,1.5292819043969417,0.39038666191337817,0.15044154813513161,0.34200672353617845
805,I1,69,A,3,-1,0.29880916211116582,0.13231216315180064,0.43622474120929833,0.65487282989050777,0.78583742473337437,0.061454761158731649,120.87683509083976,4,5,1.715331265497162,0.2406830922857858,0.58887211599702571,0.3484390793081355,1.0771500887290242,2.10435423019086,1.1106509937066584,1.0885593723040075,1.7812133142233701,0.41880477688844753,0.83399734478443865,0.19481976688839495
806,I1,70,B,3,-1,0.30904153878145785,0.23733390700072049,0.23216470638290049,0.45811451260478114,0.50036173526947425,0.074501630345791256,9.5656742456641961,32,2,1.8828500950296454,0.2947463227976207,0.54560544182968496,0.46495162400531298,1.0524203582816531,2.5808850655369993,1.0850764055922628,1.2936345184687525,1.4790133675036787,0.44534433377635979,0.85081978254020219,0.20345460302196441
807,I1,71,AB,3,0,0.30904153878145785,0.13231216315180064,0.43622474120929833,0.65487282989050777,0.78583742473337437,0.061454761158731649,120.87683509083976,4,5,1.715331265497162,0.2406830922857858,0.58887211599702571,0.3484390793081355,1.0771500887290242,2.10435423019086,1.1106509937066584,1.0885593723040075,1.7812133142233701,0.41880477688844753,0.83399734478443865,0.19481976688839495
808,I1,72,AB,3,1,0.29880916211116582,0.23733390700072049,0.43622474120929833,0.65487282989050777,0.78583742473337437,0.061454761158731649,120.87683509083976,4,5,1.715331265497162,0.2406830922857858,0.58887211599702571,0.3484390793081355,1.0771500887290242,2.10435423019086,1.1106509937066584,1.0885593723040075,1.7812133142233701,0.41880477688844753,0.83399734478443865,0.19481976688839495
809,I1,73,AB,3,2,0.29880916211116582,0.13231216315180064,0.23216470638290049,0.65487282989050777,0.78583742473337437,0.061454761158731649,120.87683509083976,4,5,1.715331265497162,0.2406830922857858,0.58887211599702571,0.3484390793081355,1.0771500887290242,2.10435423019086,1.1106509937066584,1.0885593723040075,1.7812133142233701,0.41880477688844753,0.83399734478443865,0.19481976688839495
810,I1,74,AB,3,3,0.29880916211116582,0.13231216315180064,0.43622474120929833,0.45811451260478114,0.78583742473337437,0.061454761158731649,120.87683509083976,4,5,1.715331265497162,0.2406830922857858,0.58887211599702571,0.3484390793081355,1.0771500887290242,2.10435423019086,1.1106509937066584,1.0885593723040075,1.7812133142233701,0.41880477688844753,0.83399734478443865,0.19481976688839495
811,I1,75,AB,3,4,0.29880916211116582,0.13231216315180064,0.43622474120929833,0.65487282989050777,0.50036173526947425,0.061454761158731649,120.87683509083976,4,5,1.715331265497162,0.2406830922857858,0.58887211599702571,0.3484390793081355,1.0771500887290242,2.10435423019086,1.1106509937066584,1.0885593723040075,1.7812133142233701,0.41880477688844753,0.83399734478443865,0.19481976688839495
812,I1,76,AB,3,5,0.29880916211116582,0.13231216315180064,0.43622474120929833,0.65487282989050777,0.78583742473337437,0.074501630345791256,120.87683509083976,4,5,1.715331265497162,0.2406830922857858,0.58887211599702571,0.3484390793081355,1.0771500887290242,2.10435423019086,1.1106509937066584,1.0885593723040075,1.7812133142233701,0.41880477688844753,0.83399734478443865,0.19481976688839495
813,I1,77,AB,3,6,0.29880916211116582,0.13231216315180064,0.43622474120929833,0.65487282989050777,0.78583742473337437,0.061454761158731649,9.5656742456641961,4,5,1.715331265497162,0.2406830922857858,0.58887211599702571,0.3484390793081355,1.0771500887290242,2.10435423019086,1.1106509937066584,1.0885593723040075,1.7812133142233701,0.41880477688844753,0.83399734478443865,0.19481976688839495
814,I1,78,AB,3,7,0.29880916211116582,0.13231216315180064,0.43622474120929833,0.65487282989050777,0.78583742473337437,0.061454761158731649,120.87683509083976,32,5,1.715331265497162,0.2406830922857858,0.58887211599702571,0.3484390793081355,1.0771500887290242,2.10435423019086,1.1106509937066584,1.0885593723040075,1.7812133142233701,0.41880477688844753,0.83399734478443865,0.19481976688839495
815,I1,79,AB,3,8,0.29880916211116582,0.13231216315180064,0.43622474120929833,0.65487282989050777,0.78583742473337437,0.061454761158731649,120.87683509083976,4,2,1.715331265497162,0.2406830922857858,0.58887211599702571,0.3484390793081355,1.0771500887290242,2.10435423019086,1.1106509937066584,1.0885593723040075,1.7812133142233701,0.41880477688844753,0.83399734478443865,0.19481976688839495
816,I1,80,AB,3,9,0.29880916211116582,0.13231216315180064,0.43622474120929833,0.65487282989050777,0.78583742473337437,0.061454761158731649,120.87683509083976,4,5,1.8828500950296454,0.2406830922857858,0.58887211599702571,0.3484390793081355,1.0771500887290242,2.10435423019086,1.1106509937066584,1.0885593723040075,1.7812133142233701,0.41880477688844753,0.83399734478443865,0.19481976688839495
817,I1,81,AB,3,10,0.29880916211116582,0.13231216315180064,0.43622474120929833,0.65487282989050777,0.78583742473337437,0.061454761158731649,120.87683509083976,4,5,1.715331265497162,0.2947463227976207,0.58887211599702571,0.3484390793081355,1.0771500887290242,2.10435423019086,1.1106509937066584,1.0885593723040075,1.7812133142233701,0.41880477688844753,0.83399734478443865,0.19481976688839495
818,I1,82,AB,3,11,0.29880916211116582,0.13231216315180064,0.43622474120929833,0.65487282989050777,0.78583742473337437,0.061454761158731649,120.87683509083976,4,5,1.715331265497162,0.2406830922857858,0.54560544182968496,0.3484390793081355,1.0771500887290242,2.10435423019086,1.1106509937066584,1.0885593723040075,1.7812133142233701,0.41880477688844753,0.83399734478443865,0.19481976688839495
819,I1,83,AB,3,12,0.29880916211116582,0.13231216315180064,0.43622474120929833,0.65487282989050777,0.78583742473337437,0.061454761158731649,120.87683509083976,4,5,1.715331265497162,0.2406830922857858,0.58887211599702571,0.46495162400531298,1.0771500887290242,2.10435423019086,1.1106509937066584,1.0885593723040075,1.7812133142233701,0.41880477688844753,0.83399734478443865,0.19481976688839495
820,I1,84,AB,3,13,0.29880916211116582,0.13231216315180064,0.43622474120929833,0.65487282989050777,0.78583742473337437,0.061454761158731649,120.87683509083976,4,5,1.715331265497162,0.2406830922857858,0.58887211599702571,0.3484390793081355,1.0524203582816531,2.10435423019086,1.1106509937066584,1.0885593723040075,1.7812133142233701,0.41880477688844753,0.83399734478443865,0.19481976688839495
821,I1,85,AB,3,14,0.29880916211116582,0.13231216315180064,0.43622474120929833,0.65487282989050777,0.78583742473337437,0.061454761158731649,120.87683509083976,4,5,1.715331265497162,0.2406830922857858,0.58887211599702571,0.3484390793081355,1.0771500887290242,2.5808850655369993,1.1106509937066584,1.0885593723040075,1.7812133142233701,0.41880477688844753,0.83399734478443865,0.19481976688839495
822,I1,86,AB,3,15,0.29880916211116582,0.13231216315180064,0.43622474120929833,0.65487282989050777,0.78583742473337437,0.061454761158731649,120.87683509083976,4,5,1.715331265497162,0.2406830922857858,0.58887211599702571,0.3484390793081355,1.0771500887290242,2.10435423019086,1.0850764055922628,1.0885593723040075,1.7812133142233701,0.41880477688844753,0.83399734478443865,0.19481976688839495
823,I1,87,AB,3,16,0.29880916211116582,0.13231216315180064,0.43622474120929833,0.65487282989050777,0.78583742473337437,0.061454761158731649,120.87683509083976,4,5,1.715331265497162,0.2406830922857858,0.58887211599702571,0.3484390793081355,1.0771500887290242,2.10435423019086,1.1106509937066584,1.2936345184687525,1.7812133142233701,0.41880477688844753,0.83399734478443865,0.19481976688839495
824,I1,88,AB,3,17,0.29880916211116582,0.13231216315180064,0.43622474120929833,0.65487282989050777,0.78583742473337437,0.061454761158731649,120.87683509083976,4,5,1.715331265497162,0.2406830922857858,0.58887211599702571,0.3484390793081355,1.0771500887290242,2.10435423019086,1.1106509937066584,1.0885593723040075,1.4790133675036787,0.41880477688844753,0.83399734478443865,0.19481976688839495
825,I1,89,AB,3,18,0.29880916211116582,0.13231216315180064,0.43622474120929833,0.65487282989050777,0.78583742473337437,0.061454761158731649,120.87683509083976,4,5,1.715331265497162,0.2406830922857858,0.58887211599702571,0.3484390793081355,1.0771500887290242,2.10435423019086,1.1106509937066584,1.0885593723040075,1.7812133142233701,0.44534433377635979,0.83399734478443865,0.19481976688839495
826,I1,90,AB,3,19,0.29880916211116582,0.13231216315180064,0.43622474120929833,0.65487282989050777,0.78583742473337437,0.061454761158731649,120.87683509083976,4,5,1.715331265497162,0.2406830922857858,0.58887211599702571,0.3484390793081355,1.0771500887290242,2.10435423019086,1.1106509937066584,1.0885593723040075,1.7812133142233701,0.41880477688844753,0.85081978254020219,0.19481976688839495
827,I1,91,AB,3,20,0.29880916211116582,0.13231216315180064,0.43622474120929833,0.65487282989050777,0.78583742473337437,0.061454761158731649,120.87683509083976,4,5,1.715331265497162,0.2406830922857858,0.58887211599702571,0.3484390793081355,1.0771500887290242,2.10435423019086,1.1106509937066584,1.0885593723040075,1.7812133142233701,0.41880477688844753,0.83399734478443865,0.20345460302196441
828,I1,92,A,4,-1,0.31323026677598192,0.22406289577484134,0.32131929537281395,0.49893299109577049,0.86101040105473092,0.06269128152348323,110.67861515958424,62,1,2.0397504424671635,0.14129956638590901,0.62428465270127576,0.51968933911584969,0.97770211026865184,2.2084119727190639,1.0941218720469623,1.080851929448545,1.7135007626005365,0.39621561323468907,0.47250191401690245,0.34187548174522819
829,I1,93,B,4,-1,0.33631400781895726,0.11731848269701005,0.31058050813153387,0.40527126449777434,0.81416464218903994,0.06370652753488501,2190.6619346089601,70,1,2.2027864411101445,0.20140339865566312,0.57112797979825702,0.3494719646407769,0.71046633407019655,1.8447975428281032,1.1486486782412975,1.249939894489944,1.6122881899799688,0.44091979605508441,0.94079410424456,0.43190843807533386
830,I1,94,AB,4,0,0.33631400781895726,0.22406289577484134,0.32131929537281395,0.49893299109577049,0.86101040105473092,0.06269128152348323,110.67861515958424,62,1,2.0397504424671635,0.14129956638590901,0.62428465270127576,0.51968933911584969,0.97770211026865184,2.2084119727190639,1.0941218720469623,1.080851929448545,1.7135007626005365,0.39621561323468907,0.47250191401690245,0.34187548174522819
831,I1,95,AB,4,1,0.31323026677598192,0.11731848269701005,0.32131929537281395,0.49893299109577049,0.86101040105473092,0.06269128152348323,110.67861515958424,62,1,2.0397504424671635,0.14129956638590901,0.62428465270127576,0.51968933911584969,0.97770211026865184,2.2084119727190639,1.0941218720469623,1.080851929448545,1.7135007626005365,0.39621561323468907,0.47250191401690245,0.34187548174522819
832,I1,96,AB,4,2,0.31323026677598192,0.22406289577484134,0.31058050813153387,0.49893299109577049,0.86101040105473092,0.06269128152348323,110.67861515958424,62,1,2.0397504424671635,0.14129956638590901,0.62428465270127576,0.51968933911584969,0.97770211026865184,2.2084119727190639,1.0941218720469623,1.080851929448545,1.7135007626005365,0.39621561323468907,0.47250191401690245,0.34187548174522819
833,I1,97,AB,4,3,0.31323026677598192,0.22406289577484134,0.32131929537281395,0.40527126449777434,0.86101040105473092,0.06269128152348323,110.67861515958424,62,1,2.0397504424671635,0.14129956638590901,0.62428465270127576,0.51968933911584969,0.97770211026865184,2.2084119727190639,1.0941218720469623,1.080851929448545,1.7135007626005365,0.39621561323468907,0.47250191401690245,0.34187548174522819
834,I1,98,AB,4,4,0.31323026677598192,0.22406289577484134,0.32131929537281395,0.49893299109577049,0.81416464218903994,0.06269128152348323,110.67861515958424,62,1,2.0397504424671635,0.14129956638590901,0.62428465270127576,0.51968933911584969,0.97770211026865184,2.2084119727190639,1.0941218720469623,1.080851929448545,1.7135007626005365,0.39621561323468907,0.47250191401690245,0.34187548174522819
835,I1,99,AB,4,5,0.31323026677598192,0.22406289577484134,0.32131929537281395,0.49893299109577049,0.86101040105473092,0.06370652753488501,110.67861515958424,62,1,2.0397504424671635,0.14129956638590901,0.62428465270127576,0.51968933911584969,0.97770211026865184,2.2084119727190639,1.0941218720469623,1.080851929448545,1.7135007626005365,0.39621561323468907,0.47250191401690245,0.34187548174522819
836,I1,100,AB,4,6,0.31323026677598192,0.22406289577484134,0.32131929537281395,0.49893299109577049,0.86101040105473092,0.06269128152348323,2190.6619346089601,62,1,2.0397504424671635,0.14129956638590901,0.62428465270127576,0.51968933911584969,0.97770211026865184,2.2084119727190639,1.0941218720469623,1.080851929448545,1.7135007626005365,0.39621561323468907,0.47250191401690245,0.34187548174522819
837,I1,101,AB,4,7,0.31323026677598192,0.22406289577484134,0.32131929537281395,0.49893299109577049,0.86101040105473092,0.06269128152348323,110.67861515958424,70,1,2.0397504424671635,0.14129956638590901,0.62428465270127576,0.51968933911584969,0.97770211026865184,2.2084119727190639,1.0941218720469623,1.080851929448545,1.7135007626005365,0.39621561323468907,0.47250191401690245,0.34187548174522819
838,I1,102,AB,4,8,0.31323026677598192,0.22406289577484134,0.32131929537281395,0.49893299109577049,0.86101040105473092,0.06269128152348323,110.67861515958424,62,1,2.0397504424671635,0.14129956638590901,0.62428465270127576,0.51968933911584969,0.97770211026865184,2.2084119727190639,1.0941218720469623,1.080851929448545,1.7135007626005365,0.39621561323468907,0.47250191401690245,0.34187548174522819
839,I1,103,AB,4,9,0.31323026677598192,0.22406289577484134,0.32131929537281395,0.49893299109577049,0.86101040105473092,0.06269128152348323,110.67861515958424,62,1,2.2027864411101445,0.14129956638590901,0.62428465270127576,0.51968933911584969,0.97770211026865184,2.2084119727190639,1.0941218720469623,1.080851929448545,1.7135007626005365,0.39621561323468907,0.47250191401690245,0.34187548174522819
840,I1,104,AB,4,10,0.31323026677598192,0.22406289577484134,0.32131929537281395,0.49893299109577049,0.86101040105473092,0.06269128152348323,110.67861515958424,62,1,2.0397504424671635,0.20140339865566312,0.62428465270127576,0.51968933911584969,0.97770211026865184,2.2084119727190639,1.0941218720469623,1.080851929448545,1.7135007626005365,0.39621561323468907,0.47250191401690245,0.34187548174522819
841,I1,105,AB,4,11,0.31323026677598192,0.22406289577484134,0.32131929537281395,0.49893299109577049,0.86101040105473092,0.06269128152348323,110.67861515958424,62,1,2.0397504424671635,0.14129956638590901,0.57112797979825702,0.51968933911584969,0.97770211026865184,2.2084119727190639,1.0941218720469623,1.080851929448545,1.7135007626005365,0.39621561323468907,0.47250191401690245,0.34187548174522819
842,I1,106,AB,4,12,0.31323026677598192,0.22406289577484134,0.32131929537281395,0.49893299109577049,0.86101040105473092,0.06269128152348323,110.67861515958424,62,1,2.0397504424671635,0.14129956638590901,0.62428465270127576,0.3494719646407769,0.97770211026865184,2.2084119727190639,1.0941218720469623,1.080851929448545,1.7135007626005365,0.39621561323468907,0.47250191401690245,0.34187548174522819
843,I1,107,AB,4,13,0.31323026677598192,0.22406289577484134,0.32131929537281395,0.49893299109577049,0.86101040105473092,0.06269128152348323,110.67861515958424,62,1,2.0397504424671635,0.14129956638590901,0.62428465270127576,0.51968933911584969,0.71046633407019655,2.2084119727190639,1.0941218720469623,1.080851929448545,1.7135007626005365,0.39621561323468907,0.47250191401690245,0.34187548174522819
844,I1,108,AB,4,14,0.31323026677598192,0.22406289577484134,0.32131929537281395,0.49893299109577049,0.86101040105473092,0.06269128152348323,110.67861515958424,62,1,2.0397504424671635,0.14129956638590901,0.62428465270127576,0.51968933911584969,0.97770211026865184,1.8447975428281032,1.0941218720469623,1.080851929448545,1.7135007626005365,0.39621561323468907,0.47250191401690245,0.34187548174522819
845,I1,109,AB,4,15,0.31323026677598192,0.22406289577484134,0.32131929537281395,0.49893299109577049,0.86101040105473092,0.06269128152348323,110.67861515958424,62,1,2.0397504424671635,0.14129956638590901,0.62428465270127576,0.51968933911584969,0.97770211026865184,2.2084119727190639,1.1486486782412975,1.080851929448545,1.7135007626005365,0.39621561323468907,0.47250191401690245,0.34187548174522819
846,I1,110,AB,4,16,0.31323026677598192,0.22406289577484134,0.32131929537281395,0.49893299109577049,0.86101040105473092,0.06269128152348323,110.67861515958424,62,1,2.0397504424671635,0.14129956638590901,0.62428465270127576,0.51968933911584969,0.97770211026865184,2.2084119727190639,1.0941218720469623,1.249939894489944,1.7135007626005365,0.39621561323468907,0.47250191401690245,0.34187548174522819
847,I1,111,AB,4,17,0.31323026677598192,0.22406289577484134,0.32131929537281395,0.49893299109577049,0.86101040105473092,0.06269128152348323,110.67861515958424,62,1,2.0397504424671635,0.14129956638590901,0.62428465270127576,0.51968933911584969,0.97770211026865184,2.2084119727190639,1.0941218720469623,1.080851929448545,1.6122881899799688,0.39621561323468907,0.47250191401690245,0.34187548174522819
848,I1,112,AB,4,18,0.31323026677598192,0.22406289577484134,0.32131929537281395,0.49893299109577049,0.86101040105473092,0.06269128152348323,110.67861515958424,62,1,2.0397504424671635,0.14129956638590901,0.62428465270127576,0.51968933911584969,0.97770211026865184,2.2084119727190639,1.0941218720469623,1.080851929448545,1.7135007626005365,0.44091979605508441,0.47250191401690245,0.34187548174522819
849,I1,113,AB,4,19,0.31323026677598192,0.22406289577484134,0.32131929537281395,0.49893299109577049,0.86101040105473092,0.06269128152348323,110.67861515958424,62,1,2.0397504424671635,0.14129956638590901,0.62428465270127576,0.51968933911584969,0.97770211026865184,2.2084119727190639,1.0941218720469623,1.080851929448545,1.7135007626005365,0.39621561323468907,0.94079410424456,0.34187548174522819
850,I1,114,AB,4,20,0.31323026677598192,0.22406289577484134,0.32131929537281395,0.49893299109577049,0.86101040105473092,0.06269128152348323,110.67861515958424,62,1,2.0397504424671635,0.14129956638590901,0.62428465270127576,0.51968933911584969,0.97770211026865184,2.2084119727190639,1.0941218720469623,1.080851929448545,1.7135007626005365,0.39621561323468907,0.47250191401690245,0.43190843807533386
851,I1,115,A,5,-1,0.24873240112334463,0.11047551278024913,0.58375843269750471,0.30429816864050785,0.60999893194132726,0.066337888784715277,492.56397123776077,17,4,1.9837567447450823,0.22429770670060384,0.55813639298666584,0.30174869585435993,0.69252809703120377,2.6762896028140348,1.0520094190631062,1.1867045314982534,1.4727581887038066,0.41184214161295535,0.74475703975185747,0.30416258326731621
852,I1,116,B,5,-1,0.23535196247116319,0.21810640916228297,0.45098305055871601,0.36934106131246525,0.59815809061646008,0.07006611216857829,48.357823833383868,12,3,1.7153256172619171,0.22524465447240669,0.60713190925877658,0.43357405064967097,0.91251606937392005,2.3816149453319504,1.0265792939811944,1.1294919999316335,1.538111979943807,0.3616083080470785,0.3983323748223484,0.28857424622401595
853,I1,117,AB,5,0,0.23535196247116319,0.11047551278024913,0.58375843269750471,0.30429816864050785,0.60999893194132726,0.066337888784715277,492.56397123776077,17,4,1.9837567447450823,0.22429770670060384,0.55813639298666584,0.30174869585435993,0.69252809703120377,2.6762896028140348,1.0520094190631062,1.1867045314982534,1.4727581887038066,0.41184214161295535,0.74475703975185747,0.30416258326731621
854,I1,118,AB,5,1,0.24873240112334463,0.21810640916228297,0.58375843269750471,0.30429816864050785,0.60999893194132726,0.066337888784715277,492.56397123776077,17,4,1.9837567447450823,0.22429770670060384,0.55813639298666584,0.30174869585435993,0.69252809703120377,2.6762896028140348,1.0520094190631062,1.1867045314982534,1.4727581887038066,0.41184214161295535,0.74475703975185747,0.30416258326731621
855,I1,119,AB,5,2,0.24873240112334463,0.11047551278024913,0.45098305055871601,0.30429816864050785,0.60999893194132726,0.066337888784715277,492.56397123776077,17,4,1.9837567447450823,0.22429770670060384,0.55813639298666584,0.30174869585435993,0.69252809703120377,2.6762896028140348,1.0520094190631062,1.1867045314982534,1.4727581887038066,0.41184214161295535,0.74475703975185747,0.30416258326731621
856,I1,120,AB,5,3,0.24873240112334463,0.11047551278024913,0.58375843269750471,0.36934106131246525,0.60999893194132726,0.066337888784715277,492.56397123776077,17,4,1.9837567447450823,0.22429770670060384,0.55813639298666584,0.30174869585435993,0.69252809703120377,2.6762896028140348,1.0520094190631062,1.1867045314982534,1.4727581887038066,0.41184214161295535,0.74475703975185747,0.30416258326731621
857,I1,121,AB,5,4,0.24873240112334463,0.11047551278024913,0.58375843269750471,0.30429816864050785,0.59815809061646008,0.066337888784715277,492.56397123776077,17,4,1.9837567447450823,0.22429770670060384,0.55813639298666584,0.30174869585435993,0.69252809703120377,2.6762896028140348,1.0520094190631062,1.1867045314982534,1.4727581887038066,0.41184214161295535,0.74475703975185747,0.30416258326731621
858,I1,122,AB,5,5,0.24873240112334463,0.11047551278024913,0.58375843269750471,0.30429816864050785,0.60999893194132726,0.07006611216857829,492.56397123776077,17,4,1.9837567447450823,0.22429770670060384,0.55813639298666584,0.30174869585435993,0.69252809703120377,2.6762896028140348,1.0520094190631062,1.1867045314982534,1.4727581887038066,0.41184214161295535,0.74475703975185747,0.30416258326731621
859,I1,123,AB,5,6,0.24873240112334463,0.11047551278024913,0.58375843269750471,0.30429816864050785,0.60999893194132726,0.066337888784715277,48.357823833383868,17,4,1.9837567447450823,0.22429770670060384,0.55813639298666584,0.30174869585435993,0.69252809703120377,2.6762896028140348,1.0520094190631062,1.1867045314982534,1.4727581887038066,0.41184214161295535,0.74475703975185747,0.30416258326731621
860,I1,124,AB,5,7,0.24873240112334463,0.11047551278024913,0.58375843269750471,0.30429816864050785,0.60999893194132726,0.066337888784715277,492.56397123776077,12,4,1.9837567447450823,0.22429770670060384,0.55813639298666584,0.30174869585435993,0.69252809703120377,2.6762896028140348,1.0520094190631062,1.1867045314982534,1.4727581887038066,0.41184214161295535,0.74475703975185747,0.30416258326731621
861,I1,125,AB,5,8,0.24873240112334463,0.11047551278024913,0.58375843269750471,0.30429816864050785,0.60999893194132726,0.066337888784715277,492.56397123776077,17,3,1.9837567447450823,0.22429770670060384,0.55813639298666584,0.30174869585435993,0.69252809703120377,2.6762896028140348,1.0520094190631062,1.1867045314982534,1.4727581887038066,0.41184214161295535,0.74475703975185747,0.30416258326731621
862,I1,126,AB,5,9,0.24873240112334463,0.11047551278024913,0.58375843269750471,0.30429816864050785,0.60999893194132726,0.066337888784715277,492.56397123776077,17,4,1.7153256172619171,0.22429770670060384,0.55813639298666584,0.30174869585435993,0.69252809703120377,2.6762896028140348,1.0520094190631062,1.1867045314982534,1.4727581887038066,0.41184214161295535,0.74475703975185747,0.30416258326731621
863,I1,127,AB,5,10,0.24873240112334463,0.11047551278024913,0.58375843269750471,0.30429816864050785,0.60999893194132726,0.066337888784715277,492.56397123776077,17,4,1.9837567447450823,0.22524465447240669,0.55813639298666584,0.30174869585435993,0.69252809703120377,2.6762896028140348,1.0520094190631062,1.1867045314982534,1.4727581887038066,0.41184214161295535,0.74475703975185747,0.30416258326731621
864,I1,128,AB,5,11,0.24873240112334463,0.11047551278024913,0.58375843269750471,0.30429816864050785,0.60999893194132726,0.066337888784715277,492.56397123776077,17,4,1.9837567447450823,0.22429770670060384,0.60713190925877658,0.30174869585435993,0.69252809703120377,2.6762896028140348,1.0520094190631062,1.1867045314982534,1.4727581887038066,0.41184214161295535,0.74475703975185747,0.30416258326731621
865,I1,129,AB,5,12,0.24873240112334463,0.11047551278024913,0.58375843269750471,0.30429816864050785,0.60999893194132726,0.066337888784715277,492.56397123776077,17,4,1.9837567447450823,0.22429770670060384,0.55813639298666584,0.43357405064967097,0.69252809703120377,2.6762896028140348,1.0520094190631062,1.1867045314982534,1.4727581887038066,0.41184214161295535,0.74475703975185747,0.30416258326731621
866,I1,130,AB,5,13,0.24873240112334463,0.11047551278024913,0.58375843269750471,0.30429816864050785,0.60999893194132726,0.066337888784715277,492.56397123776077,17,4,1.9837567447450823,0.22429770670060384,0.55813639298666584,0.30174869585435993,0.91251606937392005,2.6762896028140348,1.0520094190631062,1.1867045314982534,1.4727581887038066,0.41184214161295535,0.74475703975185747,0.30416258326731621
867,I1,131,AB,5,14,0.24873240112334463,0.11047551278024913,0.58375843269750471,0.30429816864050785,0.60999893194132726,0.066337888784715277,492.56397123776077,17,4,1.9837567447450823,0.22429770670060384,0.55813639298666584,0.30174869585435993,0.69252809703120377,2.3816149453319504,1.0520094190631062,1.1867045314982534,1.4727581887038066,0.41184214161295535,0.74475703975185747,0.30416258326731621
868,I1,132,AB,5,15,0.24873240112334463,0.11047551278024913,0.58375843269750471,0.30429816864050785,0.60999893194132726,0.066337888784715277,492.56397123776077,17,4,1.9837567447450823,0.22429770670060384,0.55813639298666584,0.30174869585435993,0.69252809703120377,2.6762896028140348,1.0265792939811944,1.1867045314982534,1.4727581887038066,0.41184214161295535,0.74475703975185747,0.30416258326731621
869,I1,133,AB,5,16,0.24873240112334463,0.11047551278024913,0.58375843269750471,0.30429816864050785,0.60999893194132726,0.066337888784715277,492.56397123776077,17,4,1.9837567447450823,0.22429770670060384,0.55813639298666584,0.30174869585435993,0.69252809703120377,2.6762896028140348,1.0520094190631062,1.1294919999316335,1.4727581887038066,0.41184214161295535,0.74475703975185747,0.30416258326731621
870,I1,134,AB,5,17,0.24873240112334463,0.11047551278024913,0.58375843269750471,0.30429816864050785,0.60999893194132726,0.066337888784715277,492.56397123776077,17,4,1.9837567447450823,0.22429770670060384,0.55813639298666584,0.30174869585435993,0.69252809703120377,2.6762896028140348,1.0520094190631062,1.1867045314982534,1.538111979943807,0.41184214161295535,0.74475703975185747,0.30416258326731621
871,I1,135,AB,5,18,0.24873240112334463,0.11047551278024913,0.58375843269750471,0.30429816864050785,0.60999893194132726,0.066337888784715277,492.56397123776077,17,4,1.9837567447450823,0.22429770670060384,0.55813639298666584,0.30174869585435993,0.69252809703120377,2.6762896028140348,1.0520094190631062,1.1867045314982534,1.4727581887038066,0.3616083080470785,0.74475703975185747,0.30416258326731621
872,I1,136,AB,5,19,0.24873240112334463,0.11047551278024913,0.58375843269750471,0.30429816864050785,0.60999893194132726,0.066337888784715277,492.56397123776077,17,4,1.9837567447450823,0.22429770670060384,0.55813639298666584,0.30174869585435993,0.69252809703120377,2.6762896028140348,1.0520094190631062,1.1867045314982534,1.4727581887038066,0.41184214161295535,0.3983323748223484,0.30416258326731621
873,I1,137,AB,5,20,0.24873240112334463,0.11047551278024913,0.58375843269750471,0.30429816864050785,0.60999893194132726,0.066337888784715277,492.56397123776077,17,4,1.9837567447450823,0.22429770670060384,0.55813639298666584,0.30174869585435993,0.69252809703120377,2.6762896028140348,1.0520094190631062,1.1867045314982534,1.4727581887038066,0.41184214161295535,0.74475703975185747,0.28857424622401595
874,I1,138,A,6,-1,0.28576335482454851,0.15914073586463928,0.38582574231550093,0.46265015059738185,0.57498958343547391,0.068992940148985424,3.7634729865716188,27,4,1.902174747477462,0.27503859004501646,0.49903960641691475,0.41715038498204643,1.0264749892583149,2.4536954477112713,1.1483755446784198,1.2945500835310668,1.6418377105845943,0.44561894409501202,0.30887137008830906,0.4835358798503876
875,I1,139,B,6,-1,0.28892677995198573,0.088332055881619465,0.33877646438777442,0.4680686144225561,0.67694190639790419,0.062132030291871636,4.3491862326731168,82,5,2.0434001853957606,0.12778071554475523,0.42056172951685317,0.49801279155340111,1.0668518680450825,2.7801604981272137,1.115326482122764,1.2137242403812707,1.7605598430201654,0.41989963040479583,0.70453458558768034,0.1579977171961218
876,I1,140,AB,6,0,0.28892677995198573,0.15914073586463928,0.38582574231550093,0.46265015059738185,0.57498958343547391,0.068992940148985424,3.7634729865716188,27,4,1.902174747477462,0.27503859004501646,0.49903960641691475,0.41715038498204643,1.0264749892583149,2.4536954477112713,1.1483755446784198,1.2945500835310668,1.6418377105845943,0.44561894409501202,0.30887137008830906,0.4835358798503876
877,I1,141,AB,6,1,0.28576335482454851,0.088332055881619465,0.38582574231550093,0.46265015059738185,0.57498958343547391,0.068992940148985424,3.7634729865716188,27,4,1.902174747477462,0.27503859004501646,0.49903960641691475,0.41715038498204643,1.0264749892583149,2.4536954477112713,1.1483755446784198,1.2945500835310668,1.6418377105845943,0.44561894409501202,0.30887137008830906,0.4835358798503876
878,I1,142,AB,6,2,0.28576335482454851,0.15914073586463928,0.33877646438777442,0.46265015059738185,0.57498958343547391,0.068992940148985424,3.7634729865716188,27,4,1.902174747477462,0.27503859004501646,0.49903960641691475,0.41715038498204643,1.0264749892583149,2.4536954477112713,1.1483755446784198,1.2945500835310668,1.6418377105845943,0.44561894409501202,0.30887137008830906,0.4835358798503876
879,I1,143,AB,6,3,0.28576335482454851,0.15914073586463928,0.38582574231550093,0.4680686144225561,0.57498958343547391,0.068992940148985424,3.7634729865716188,27,4,1.902174747477462,0.27503859004501646,0.49903960641691475,0.41715038498204643,1.0264749892583149,2.4536954477112713,1.1483755446784198,1.2945500835310668,1.6418377105845943,0.44561894409501202,0.30887137008830906,0.4835358798503876
880,I1,144,AB,6,4,0.28576335482454851,0.15914073586463928,0.38582574231550093,0.46265015059738185,0.67694190639790419,0.068992940148985424,3.7634729865716188,27,4,1.902174747477462,0.27503859004501646,0.49903960641691475,0.41715038498204643,1.0264749892583149,2.4536954477112713,1.1483755446784198,1.2945500835310668,1.6418377105845943,0.44561894409501202,0.30887137008830906,0.4835358798503876
881,I1,145,AB,6,5,0.28576335482454851,0.15914073586463928,0.38582574231550093,0.46265015059738185,0.57498958343547391,0.062132030291871636,3.7634729865716188,27,4,1.902174747477462,0.27503859004501646,0.49903960641691475,0.41715038498204643,1.0264749892583149,2.4536954477112713,1.1483755446784198,1.2945500835310668,1.6418377105845943,0.44561894409501202,0.30887137008830906,0.4835358798503876
882,I1,146,AB,6,6,0.28576335482454851,0.15914073586463928,0.38582574231550093,0.46265015059738185,0.57498958343547391,0.068992940148985424,4.3491862326731168,27,4,1.902174747477462,0.27503859004501646,0.49903960641691475,0.41715038498204643,1.0264749892583149,2.4536954477112713,1.1483755446784198,1.2945500835310668,1.6418377105845943,0.44561894409501202,0.30887137008830906,0.4835358798503876
883,I1,147,AB,6,7,0.28576335482454851,0.15914073586463928,0.38582574231550093,0.46265015059738185,0.57498958343547391,0.068992940148985424,3.7634729865716188,82,4,1.902174747477462,0.27503859004501646,0.49903960641691475,0.41715038498204643,1.0264749892583149,2.4536954477112713,1.1483755446784198,1.2945500835310668,1.6418377105845943,0.44561894409501202,0.30887137008830906,0.4835358798503876
884,I1,148,AB,6,8,0.28576335482454851,0.15914073586463928,0.38582574231550093,0.46265015059738185,0.57498958343547391,0.068992940148985424,3.7634729865716188,27,5,1.902174747477462,0.27503859004501646,0.49903960641691475,0.41715038498204643,1.0264749892583149,2.4536954477112713,1.1483755446784198,1.2945500835310668,1.6418377105845943,0.44561894409501202,0.30887137008830906,0.4835358798503876
885,I1,149,AB,6,9,0.28576335482454851,0.15914073586463928,0.38582574231550093,0.46265015059738185,0.57498958343547391,0.068992940148985424,3.7634729865716188,27,4,2.0434001853957606,0.27503859004501646,0.49903960641691475,0.41715038498204643,1.0264749892583149,2.4536954477112713,1.1483755446784198,1.2945500835310668,1.6418377105845943,0.44561894409501202,0.30887137008830906,0.4835358798503876
886,I1,150,AB,6,10,0.28576335482454851,0.15914073586463928,0.38582574231550093,0.46265015059738185,0.57498958343547391,0.068992940148985424,3.7634729865716188,27,4,1.902174747477462,0.12778071554475523,0.49903960641691475,0.41715038498204643,1.0264749892583149,2.4536954477112713,1.1483755446784198,1.2945500835310668,1.6418377105845943,0.44561894409501202,0.30887137008830906,0.4835358798503876
887,I1,151,AB,6,11,0.28576335482454851,0.15914073586463928,0.38582574231550093,0.46265015059738185,0.57498958343547391,0.068992940148985424,3.7634729865716188,27,4,1.902174747477462,0.27503859004501646,0.42056172951685317,0.41715038498204643,1.0264749892583149,2.4536954477112713,1.1483755446784198,1.2945500835310668,1.6418377105845943,0.44561894409501202,0.30887137008830906,0.4835358798503876
888,I1,152,AB,6,12,0.28576335482454851,0.15914073586463928,0.38582574231550093,0.46265015059738185,0.57498958343547391,0.068992940148985424,3.7634729865716188,27,4,1.902174747477462,0.27503859004501646,0.49903960641691475,0.49801279155340111,1.0264749892583149,2.4536954477112713,1.1483755446784198,1.2945500835310668,1.6418377105845943,0.44561894409501202,0.30887137008830906,0.4835358798503876
889,I1,153,AB,6,13,0.28576335482454851,0.15914073586463928,0.38582574231550093,0.46265015059738185,0.57498958343547391,0.068992940148985424,3.7634729865716188,27,4,1.902174747477462,0.27503859004501646,0.49903960641691475,0.41715038498204643,1.0668518680450825,2.4536954477112713,1.1483755446784198,1.2945500835310668,1.6418377105845943,0.44561894409501202,0.30887137008830906,0.4835358798503876
890,I1,154,AB,6,14,0.28576335482454851,0.15914073586463928,0.38582574231550093,0.46265015059738185,0.57498958343547391,0.068992940148985424,3.7634729865716188,27,4,1.902174747477462,0.27503859004501646,0.49903960641691475,0.41715038498204643,1.0264749892583149,2.7801604981272137,1.1483755446784198,1.2945500835310668,1.6418377105845943,0.44561894409501202,0.30887137008830906,0.4835358798503876
891,I1,155,AB,6,15,0.28576335482454851,0.15914073586463928,0.38582574231550093,0.46265015059738185,0.57498958343547391,0.068992940148985424,3.7634729865716188,27,4,1.902174747477462,0.27503859004501646,0.49903960641691475,0.41715038498204643,1.0264749892583149,2.4536954477112713,1.115326482122764,1.2945500835310668,1.6418377105845943,0.44561894409501202,0.30887137008830906,0.4835358798503876
892,I1,156,AB,6,16,0.28576335482454851,0.15914073586463928,0.38582574231550093,0.46265015059738185,0.57498958343547391,0.068992940148985424,3.7634729865716188,27,4,1.902174747477462,0.27503859004501646,0.49903960641691475,0.41715038498204643,1.0264749892583149,2.4536954477112713,1.1483755446784198,1.2137242403812707,1.6418377105845943,0.44561894409501202,0.30887137008830906,0.4835358798503876
893,I1,157,AB,6,17,0.28576335482454851,0.15914073586463928,0.38582574231550093,0.46265015059738185,0.57498958343547391,0.068992940148985424,3.7634729865716188,27,4,1.902174747477462,0.27503859004501646,0.49903960641691475,0.41715038498204643,1.0264749892583149,2.4536954477112713,1.1483755446784198,1.2945500835310668,1.7605598430201654,0.44561894409501202,0.30887137008830906,0.4835358798503876
894,I1,158,AB,6,18,0.28576335482454851,0.15914073586463928,0.38582574231550093,0.46265015059738185,0.57498958343547391,0.068992940148985424,3.7634729865716188,27,4,1.902174747477462,0.27503859004501646,0.49903960641691475,0.41715038498204643,1.0264749892583149,2.4536954477112713,1.1483755446784198,1.2945500835310668,1.6418377105845943,0.41989963040479583,0.30887137008830906,0.4835358798503876
895,I1,159,AB,6,19,0.28576335482454851,0.15914073586463928,0.38582574231550093,0.46265015059738185,0.57498958343547391,0.068992940148985424,3.7634729865716188,27,4,1.902174747477462,0.27503859004501646,0.49903960641691475,0.41715038498204643,1.0264749892583149,2.4536954477112713,1.1483755446784198,1.2945500835310668,1.6418377105845943,0.44561894409501202,0.70453458558768034,0.4835358798503876
896,I1,160,AB,6,20,0.28576335482454851,0.15914073586463928,0.38582574231550093,0.46265015059738185,0.57498958343547391,0.068992940148985424,3.7634729865716188,27,4,1.902174747477462,0.27503859004501646,0.49903960641691475,0.41715038498204643,1.0264749892583149,2.4536954477112713,1.1483755446784198,1.2945500835310668,1.6418377105845943,0.44561894409501202,0.30887137008830906,0.1579977171961218
897,I1,161,A,7,-1,0.32044296932355054,0.068821134604513653,0.52277587195858355,0.38590106994016832,0.69345067815257377,0.060914539080136998,817.51461227247512,96,2,2.1391913727750453,0.18129112040768194,0.74095830125318263,0.38934108657366245,0.88547067777127231,1.8417572142457599,1.0617422176711262,1.1574245932977647,1.5963845566343278,0.3688302580480593,0.90849119070917372,0.17102448977530002
898,I1,162,B,7,-1,0.29983606224210541,0.18757121525704862,0.69819513782858844,0.32219044659064233,0.70519136140119287,0.06561292650152302,137.31966615774883,50,3,1.9793968402737363,0.27640784906994087,0.72177242888673387,0.40863290464739682,0.89872508877356605,2.2287909596599933,1.0576302406564355,1.1071136646904052,1.5475842170431318,0.3959639224194772,0.15635953638702632,0.38883464192040262
899,I1,163,AB,7,0,0.29983606224210541,0.068821134604513653,0.52277587195858355,0.38590106994016832,0.69345067815257377,0.060914539080136998,817.51461227247512,96,2,2.1391913727750453,0.18129112040768194,0.74095830125318263,0.38934108657366245,0.88547067777127231,1.8417572142457599,1.0617422176711262,1.1574245932977647,1.5963845566343278,0.3688302580480593,0.90849119070917372,0.17102448977530002
900,I1,164,AB,7,1,0.32044296932355054,0.18757121525704862,0.52277587195858355,0.38590106994016832,0.69345067815257377,0.060914539080136998,817.51461227247512,96,2,2.1391913727750453,0.18129112040768194,0.74095830125318263,0.38934108657366245,0.88547067777127231,1.8417572142457599,1.0617422176711262,1.1574245932977647,1.5963845566343278,0.3688302580480593,0.90849119070917372,0.17102448977530002
901,I1,165,AB,7,2,0.32044296932355054,0.068821134604513653,0.69819513782858844,0.38590106994016832,0.69345067815257377,0.060914539080136998,817.51461227247512,96,2,2.1391913727750453,0.18129112040768194,0.74095830125318263,0.38934108657366245,0.88547067777127231,1.8417572142457599,1.0617422176711262,1.1574245932977647,1.5963845566343278,0.3688302580480593,0.90849119070917372,0.17102448977530002
902,I1,166,AB,7,3,0.32044296932355054,0.068821134604513653,0.52277587195858355,0.32219044659064233,0.69345067815257377,0.060914539080136998,817.51461227247512,96,2,2.1391913727750453,0.18129112040768194,0.74095830125318263,0.38934108657366245,0.88547067777127231,1.8417572142457599,1.0617422176711262,1.1574245932977647,1.5963845566343278,0.3688302580480593,0.90849119070917372,0.17102448977530002
903,I1,167,AB,7,4,0.32044296932355054,0.068821134604513653,0.52277587195858355,0.38590106994016832,0.70519136140119287,0.060914539080136998,817.51461227247512,96,2,2.1391913727750453,0.18129112040768194,0.74095830125318263,0.38934108657366245,0.88547067777127231,1.8417572142457599,1.0617422176711262,1.1574245932977647,1.5963845566343278,0.3688302580480593,0.90849119070917372,0.17102448977530002
904,I1,168,AB,7,5,0.32044296932355054,0.068821134604513653,0.52277587195858355,0.38590106994016832,0.69345067815257377,0.06561292650152302,817.51461227247512,96,2,2.1391913727750453,0.18129112040768194,0.74095830125318263,0.38934108657366245,0.88547067777127231,1.8417572142457599,1.0617422176711262,1.1574245932977647,1.5963845566343278,0.3688302580480593,0.90849119070917372,0.17102448977530002
905,I1,169,AB,7,6,0.32044296932355054,0.068821134604513653,0.52277587195858355,0.38590106994016832,0.69345067815257377,0.060914539080136998,137.31966615774883,96,2,2.1391913727750453,0.18129112040768194,0.74095830125318263,0.38934108657366245,0.88547067777127231,1.8417572142457599,1.0617422176711262,1.1574245932977647,1.5963845566343278,0.3688302580480593,0.90849119070917372,0.17102448977530002
906,I1,170,AB,7,7,0.32044296932355054,0.068821134604513653,0.52277587195858355,0.38590106994016832,0.69345067815257377,0.060914539080136998,817.51461227247512,50,2,2.1391913727750453,0.18129112040768194,0.74095830125318263,0.38934108657366245,0.88547067777127231,1.8417572142457599,1.0617422176711262,1.1574245932977647,1.5963845566343278,0.3688302580480593,0.90849119070917372,0.17102448977530002
907,I1,171,AB,7,8,0.32044296932355054,0.068821134604513653,0.52277587195858355,0.38590106994016832,0.69345067815257377,0.060914539080136998,817.51461227247512,96,3,2.1391913727750453,0.18129112040768194,0.74095830125318263,0.38934108657366245,0.88547067777127231,1.8417572142457599,1.0617422176711262,1.1574245932977647,1.5963845566343278,0.3688302580480593,0.90849119070917372,0.17102448977530002
908,I1,172,AB,7,9,0.32044296932355054,0.068821134604513653,0.52277587195858355,0.38590106994016832,0.69345067815257377,0.060914539080136998,817.51461227247512,96,2,1.9793968402737363,0.18129112040768194,0.74095830125318263,0.38934108657366245,0.88547067777127231,1.8417572142457599,1.0617422176711262,1.1574245932977647,1.5963845566343278,0.3688302580480593,0.90849119070917372,0.17102448977530002
909,I1,173,AB,7,10,0.32044296932355054,0.068821134604513653,0.52277587195858355,0.38590106994016832,0.69345067815257377,0.060914539080136998,817.51461227247512,96,2,2.1391913727750453,0.27640784906994087,0.74095830125318263,0.38934108657366245,0.88547067777127231,1.8417572142457599,1.0617422176711262,1.1574245932977647,1.5963845566343278,0.3688302580480593,0.90849119070917372,0.17102448977530002
910,I1,174,AB,7,11,0.32044296932355054,0.068821134604513653,0.52277587195858355,0.38590106994016832,0.69345067815257377,0.060914539080136998,817.51461227247512,96,2,2.1391913727750453,0.18129112040768194,0.72177242888673387,0.38934108657366245,0.88547067777127231,1.8417572142457599,1.0617422176711262,1.1574245932977647,1.5963845566343278,0.3688302580480593,0.90849119070917372,0.17102448977530002
911,I1,175,AB,7,12,0.32044296932355054,0.068821134604513653,0.52277587195858355,0.38590106994016832,0.69345067815257377,0.060914539080136998,817.51461227247512,96,2,2.1391913727750453,0.18129112040768194,0.74095830125318263,0.40863290464739682,0.88547067777127231,1.8417572142457599,1.0617422176711262,1.1574245932977647,1.5963845566343278,0.3688302580480593,0.90849119070917372,0.17102448977530002
912,I1,176,AB,7,13,0.32044296932355054,0.068821134604513653,0.52277587195858355,0.38590106994016832,0.69345067815257377,0.060914539080136998,817.51461227247512,96,2,2.1391913727750453,0.18129112040768194,0.74095830125318263,0.38934108657366245,0.89872508877356605,1.8417572142457599,1.0617422176711262,1.1574245932977647,1.5963845566343278,0.3688302580480593,0.90849119070917372,0.17102448977530002
913,I1,177,AB,7,14,0.32044296932355054,0.068821134604513653,0.52277587195858355,0.38590106994016832,0.69345067815257377,0.060914539080136998,817.51461227247512,96,2,2.1391913727750453,0.18129112040768194,0.74095830125318263,0.38934108657366245,0.88547067777127231,2.2287909596599933,1.0617422176711262,1.1574245932977647,1.5963845566343278,0.3688302580480593,0.90849119070917372,0.17102448977530002
914,I1,178,AB,7,15,0.32044296932355054,0.068821134604513653,0.52277587195858355,0.38590106994016832,0.69345067815257377,0.060914539080136998,817.51461227247512,96,2,2.1391913727750453,0.18129112040768194,0.74095830125318263,0.38934108657366245,0.88547067777127231,1.8417572142457599,1.0576302406564355,1.1574245932977647,1.5963845566343278,0.3688302580480593,0.90849119070917372,0.17102448977530002
915,I1,179,AB,7,16,0.32044296932355054,0.068821134604513653,0.52277587195858355,0.38590106994016832,0.69345067815257377,0.060914539080136998,817.51461227247512,96,2,2.1391913727750453,0.18129112040768194,0.74095830125318263,0.38934108657366245,0.88547067777127231,1.8417572142457599,1.0617422176711262,1.1071136646904052,1.5963845566343278,0.3688302580480593,0.90849119070917372,0.17102448977530002
916,I1,180,AB,7,17,0.32044296932355054,0.068821134604513653,0.52277587195858355,0.38590106994016832,0.69345067815257377,0.060914539080136998,817.51461227247512,96,2,2.1391913727750453,0.18129112040768194,0.74095830125318263,0.38934108657366245,0.88547067777127231,1.8417572142457599,1.0617422176711262,1.1574245932977647,1.5475842170431318,0.3688302580480593,0.90849119070917372,0.17102448977530002
917,I1,181,AB,7,18,0.32044296932355054,0.068821134604513653,0.52277587195858355,0.38590106994016832,0.69345067815257377,0.060914539080136998,817.51461227247512,96,2,2.1391913727750453,0.18129112040768194,0.74095830125318263,0.38934108657366245,0.88547067777127231,1.8417572142457599,1.0617422176711262,1.1574245932977647,1.5963845566343278,0.3959639224194772,0.90849119070917372,0.17102448977530002
918,I1,182,AB,7,19,0.32044296932355054,0.068821134604513653,0.52277587195858355,0.38590106994016832,0.69345067815257377,0.060914539080136998,817.51461227247512,96,2,2.1391913727750453,0.18129112040768194,0.74095830125318263,0.38934108657366245,0.88547067777127231,1.8417572142457599,1.0617422176711262,1.1574245932977647,1.5963845566343278,0.3688302580480593,0.15635953638702632,0.17102448977530002
919,I1,183,AB,7,20,0.32044296932355054,0.068821134604513653,0.52277587195858355,0.38590106994016832,0.69345067815257377,0.060914539080136998,817.51461227247512,96,2,2.1391913727750453,0.18129112040768194,0.74095830125318263,0.38934108657366245,0.88547067777127231,1.8417572142457599,1.0617422176711262,1.1574245932977647,1.5963845566343278,0.3688302580480593,0.90849119070917372,0.38883464192040262
920,I1,184,A,8,-1,0.32801120499467884,0.22502622716128828,0.34953345060348506,0.3136114214878698,0.5625138282736557,0.062107298273957723,67.180251589119948,51,1,1.7949496009189541,0.19983274877079873,0.65407870842896809,0.33065739258562976,1.0073215518037817,2.770579599394503,1.0901642064191401,1.2137503220699728,1.7189328723191482,0.40410656344221291,0.17450519502162934,0.36057157842442389
921,I1,185,B,8,-1,0.24934481478718684,0.085479742661118518,0.26390450196340681,0.35094671606196781,0.6387239083462164,0.068198536386748332,90.432395002808278,4,5,2.2215128247660707,0.34002226604951746,0.6821022200723863,0.34111336060239844,0.78170025094763862,2.9071514375929892,1.0297443601302803,1.2779868952464313,1.6375714422684848,0.40433605759543545,0.56076372573152189,0.26241053831763561
922,I1,186,AB,8,0,0.24934481478718684,0.22502622716128828,0.34953345060348506,0.3136114214878698,0.5625138282736557,0.062107298273957723,67.180251589119948,51,1,1.7949496009189541,0.19983274877079873,0.65407870842896809,0.33065739258562976,1.0073215518037817,2.770579599394503,1.0901642064191401,1.2137503220699728,1.7189328723191482,0.40410656344221291,0.17450519502162934,0.36057157842442389
923,I1,187,AB,8,1,0.32801120499467884,0.085479742661118518,0.34953345060348506,0.3136114214878698,0.5625138282736557,0.062107298273957723,67.180251589119948,51,1,1.7949496009189541,0.19983274877079873,0.65407870842896809,0.33065739258562976,1.0073215518037817,2.770579599394503,1.0901642064191401,1.2137503220699728,1.7189328723191482,0.40410656344221291,0.17450519502162934,0.36057157842442389
924,I1,188,AB,8,2,0.32801120499467884,0.22502622716128828,0.26390450196340681,0.3136114214878698,0.5625138282736557,0.062107298273957723,67.180251589119948,51,1,1.7949496009189541,0.19983274877079873,0.65407870842896809,0.33065739258562976,1.0073215518037817,2.770579599394503,1.0901642064191401,1.2137503220699728,1.7189328723191482,0.40410656344221291,0.17450519502162934,0.36057157842442389
925,I1,189,AB,8,3,0.32801120499467884,0.22502622716128828,0.34953345060348506,0.35094671606196781,0.5625138282736557,0.062107298273957723,67.180251589119948,51,1,1.7949496009189541,0.19983274877079873,0.65407870842896809,0.33065739258562976,1.0073215518037817,2.770579599394503,1.0901642064191401,1.2137503220699728,1.7189328723191482,0.40410656344221291,0.17450519502162934,0.36057157842442389
926,I1,190,AB,8,4,0.32801120499467884,0.22502622716128828,0.34953345060348506,0.3136114214878698,0.6387239083462164,0.062107298273957723,67.180251589119948,51,1,1.7949496009189541,0.19983274877079873,0.65407870842896809,0.33065739258562976,1.0073215518037817,2.770579599394503,1.0901642064191401,1.2137503220699728,1.7189328723191482,0.40410656344221291,0.17450519502162934,0.36057157842442389
927,I1,191,AB,8,5,0.32801120499467884,0.22502622716128828,0.34953345060348506,0.3136114214878698,0.5625138282736557,0.068198536386748332,67.180251589119948,51,1,1.7949496009189541,0.19983274877079873,0.65407870842896809,0.33065739258562976,1.0073215518037817,2.770579599394503,1.0901642064191401,1.2137503220699728,1.7189328723191482,0.40410656344221291,0.17450519502162934,0.36057157842442389
928,I1,192,AB,8,6,0.32801120499467884,0.22502622716128828,0.34953345060348506,0.3136114214878698,0.5625138282736557,0.062107298273957723,90.432395002808278,51,1,1.7949496009189541,0.19983274877079873,0.65407870842896809,0.33065739258562976,1.0073215518037817,2.770579599394503,1.0901642064191401,1.2137503220699728,1.7189328723191482,0.40410656344221291,0.17450519502162934,0.36057157842442389
929,I1,193,AB,8,7,0.32801120499467884,0.22502622716128828,0.34953345060348506,0.3136114214878698,0.5625138282736557,0.062107298273957723,67.180251589119948,4,1,1.7949496009189541,0.19983274877079873,0.65407870842896809,0.33065739258562976,1.0073215518037817,2.770579599394503,1.0901642064191401,1.2137503220699728,1.7189328723191482,0.40410656344221291,0.17450519502162934,0.36057157842442389
930,I1,194,AB,8,8,0.32801120499467884,0.22502622716128828,0.34953345060348506,0.3136114214878698,0.5625138282736557,0.062107298273957723,67.180251589119948,51,5,1.7949496009189541,0.19983274877079873,0.65407870842896809,0.33065739258562976,1.0073215518037817,2.770579599394503,1.0901642064191401,1.2137503220699728,1.7189328723191482,0.40410656344221291,0.17450519502162934,0.36057157842442389
931,I1,195,AB,8,9,0.32801120499467884,0.22502622716128828,0.34953345060348506,0.3136114214878698,0.5625138282736557,0.062107298273957723,67.180251589119948,51,1,2.2215128247660707,0.19983274877079873,0.65407870842896809,0.33065739258562976,1.0073215518037817,2.770579599394503,1.0901642064191401,1.2137503220699728,1.7189328723191482,0.40410656344221291,0.17450519502162934,0.36057157842442389
932,I1,196,AB,8,10,0.32801120499467884,0.22502622716128828,0.34953345060348506,0.3136114214878698,0.5625138282736557,0.062107298273957723,67.180251589119948,51,1,1.7949496009189541,0.34002226604951746,0.65407870842896809,0.33065739258562976,1.0073215518037817,2.770579599394503,1.0901642064191401,1.2137503220699728,1.7189328723191482,0.40410656344221291,0.17450519502162934,0.36057157842442389
933,I1,197,AB,8,11,0.32801120499467884,0.22502622716128828,0.34953345060348506,0.3136114214878698,0.5625138282736557,0.062107298273957723,67.180251589119948,51,1,1.7949496009189541,0.19983274877079873,0.6821022200723863,0.33065739258562976,1.0073215518037817,2.770579599394503,1.0901642064191401,1.2137503220699728,1.7189328723191482,0.40410656344221291,0.17450519502162934,0.36057157842442389
934,I1,198,AB,8,12,0.32801120499467884,0.22502622716128828,0.34953345060348506,0.3136114214878698,0.5625138282736557,0.062107298273957723,67.180251589119948,51,1,1.7949496009189541,0.19983274877079873,0.65407870842896809,0.34111336060239844,1.0073215518037817,2.770579599394503,1.0901642064191401,1.2137503220699728,1.7189328723191482,0.40410656344221291,0.17450519502162934,0.36057157842442389
935,I1,199,AB,8,13,0.32801120499467884,0.22502622716128828,0.34953345060348506,0.3136114214878698,0.5625138282736557,0.062107298273957723,67.180251589119948,51,1,1.7949496009189541,0.19983274877079873,0.65407870842896809,0.33065739258562976,0.78170025094763862,2.770579599394503,1.0901642064191401,1.2137503220699728,1.7189328723191482,0.40410656344221291,0.17450519502162934,0.36057157842442389
936,I1,200,AB,8,14,0.32801120499467884,0.22502622716128828,0.34953345060348506,0.3136114214878698,0.5625138282736557,0.062107298273957723,67.180251589119948,51,1,1.7949496009189541,0.19983274877079873,0.65407870842896809,0.33065739258562976,1.0073215518037817,2.9071514375929892,1.0901642064191401,1.2137503220699728,1.7189328723191482,0.40410656344221291,0.17450519502162934,0.36057157842442389
937,I1,201,AB,8,15,0.32801120499467884,0.22502622716128828,0.34953345060348506,0.3136114214878698,0.5625138282736557,0.062107298273957723,67.180251589119948,51,1,1.7949496009189541,0.19983274877079873,0.65407870842896809,0.33065739258562976,1.0073215518037817,2.770579599394503,1.0297443601302803,1.2137503220699728,1.7189328723191482,0.40410656344221291,0.17450519502162934,0.36057157842442389
938,I1,202,AB,8,16,0.32801120499467884,0.22502622716128828,0.34953345060348506,0.3136114214878698,0.5625138282736557,0.062107298273957723,67.180251589119948,51,1,1.7949496009189541,0.19983274877079873,0.65407870842896809,0.33065739258562976,1.0073215518037817,2.770579599394503,1.0901642064191401,1.2779868952464313,1.7189328723191482,0.40410656344221291,0.17450519502162934,0.36057157842442389
939,I1,203,AB,8,17,0.32801120499467884,0.22502622716128828,0.34953345060348506,0.3136114214878698,0.5625138282736557,0.062107298273957723,67.180251589119948,51,1,1.7949496009189541,0.19983274877079873,0.65407870842896809,0.33065739258562976,1.0073215518037817,2.770579599394503,1.0901642064191401,1.2137503220699728,1.6375714422684848,0.40410656344221291,0.17450519502162934,0.36057157842442389
940,I1,204,AB,8,18,0.32801120499467884,0.22502622716128828,0.34953345060348506,0.3136114214878698,0.5625138282736557,0.062107298273957723,67.180251589119948,51,1,1.7949496009189541,0.19983274877079873,0.65407870842896809,0.33065739258562976,1.0073215518037817,2.770579599394503,1.0901642064191401,1.2137503220699728,1.7189328723191482,0.40433605759543545,0.17450519502162934,0.36057157842442389
941,I1,205,AB,8,19,0.32801120499467884,0.22502622716128828,0.34953345060348506,0.3136114214878698,0.5625138282736557,0.062107298273957723,67.180251589119948,51,1,1.7949496009189541,0.19983274877079873,0.65407870842896809,0.33065739258562976,1.0073215518037817,2.770579599394503,1.0901642064191401,1.2137503220699728,1.7189328723191482,0.40410656344221291,0.56076372573152189,0.36057157842442389
942,I1,206,AB,8,20,0.32801120499467884,0.22502622716128828,0.34953345060348506,0.3136114214878698,0.5625138282736557,0.062107298273957723,67.180251589119948,51,1,1.7949496009189541,0.19983274877079873,0.65407870842896809,0.33065739258562976,1.0073215518037817,2.770579599394503,1.0901642064191401,1.2137503220699728,1.7189328723191482,0.40410656344221291,0.17450519502162934,0.26241053831763561
943,I1,207,A,9,-1,0.29491948855248495,0.14037146177142859,0.55725242458283897,0.46883144022095957,0.7415903643473617,0.072207302101410881,307.18859206188961,21,5,2.2457161461176889,0.27177170257395744,0.44599264792425342,0.64544576738036952,0.85926330571825127,2.1559939438333915,1.0387042717076838,1.1005591961555183,1.5370122390582008,0.40446809321896388,0.81587306419387462,0.29022860964760183
944,I1,208,B,9,-1,0.34396098617503734,0.18471050970256331,0.49814758384600277,0.42661519803254266,0.74180342864761606,0.060412373419983526,2778.5316790179677,66,3,1.8304825562109619,0.15925204029870765,0.50582822046302889,0.4115056344851406,0.96799363298778274,2.2756037730324521,1.1350559265632181,1.1639458331745118,1.4895456206811675,0.38653421309687097,0.30034851180389521,0.49086324782110746
945,I1,209,AB,9,0,0.34396098617503734,0.14037146177142859,0.55725242458283897,0.46883144022095957,0.7415903643473617,0.072207302101410881,307.18859206188961,21,5,2.2457161461176889,0.27177170257395744,0.44599264792425342,0.64544576738036952,0.85926330571825127,2.1559939438333915,1.0387042717076838,1.1005591961555183,1.5370122390582008,0.40446809321896388,0.81587306419387462,0.29022860964760183
946,I1,210,AB,9,1,0.29491948855248495,0.18471050970256331,0.55725242458283897,0.46883144022095957,0.7415903643473617,0.072207302101410881,307.18859206188961,21,5,2.2457161461176889,0.27177170257395744,0.44599264792425342,0.64544576738036952,0.85926330571825127,2.1559939438333915,1.0387042717076838,1.1005591961555183,1.5370122390582008,0.40446809321896388,0.81587306419387462,0.29022860964760183
947,I1,211,AB,9,2,0.29491948855248495,0.14037146177142859,0.49814758384600277,0.46883144022095957,0.7415903643473617,0.072207302101410881,307.18859206188961,21,5,2.2457161461176889,0.27177170257395744,0.44599264792425342,0.64544576738036952,0.85926330571825127,2.1559939438333915,1.0387042717076838,1.1005591961555183,1.5370122390582008,0.40446809321896388,0.81587306419387462,0.29022860964760183
948,I1,212,AB,9,3,0.29491948855248495,0.14037146177142859,0.55725242458283897,0.42661519803254266,0.7415903643473617,0.072207302101410881,307.18859206188961,21,5,2.2457161461176889,0.27177170257395744,0.44599264792425342,0.64544576738036952,0.85926330571825127,2.1559939438333915,1.0387042717076838,1.1005591961555183,1.5370122390582008,0.40446809321896388,0.81587306419387462,0.29022860964760183
949,I1,213,AB,9,4,0.29491948855248495,0.14037146177142859,0.55725242458283897,0.46883144022095957,0.74180342864761606,0.072207302101410881,307.18859206188961,21,5,2.2457161461176889,0.27177170257395744,0.44599264792425342,0.64544576738036952,0.85926330571825127,2.1559939438333915,1.0387042717076838,1.1005591961555183,1.5370122390582008,0.40446809321896388,0.81587306419387462,0.29022860964760183
950,I1,214,AB,9,5,0.29491948855248495,0.14037146177142859,0.55725242458283897,0.46883144022095957,0.7415903643473617,0.060412373419983526,307.18859206188961,21,5,2.2457161461176889,0.27177170257395744,0.44599264792425342,0.64544576738036952,0.85926330571825127,2.1559939438333915,1.0387042717076838,1.1005591961555183,1.5370122390582008,0.40446809321896388,0.81587306419387462,0.29022860964760183
951,I1,215,AB,9,6,0.29491948855248495,0.14037146177142859,0.55725242458283897,0.46883144022095957,0.7415903643473617,0.072207302101410881,2778.5316790179677,21,5,2.2457161461176889,0.27177170257395744,0.44599264792425342,0.64544576738036952,0.85926330571825127,2.1559939438333915,1.0387042717076838,1.1005591961555183,1.5370122390582008,0.40446809321896388,0.81587306419387462,0.29022860964760183
952,I1,216,AB,9,7,0.29491948855248495,0.14037146177142859,0.55725242458283897,0.46883144022095957,0.7415903643473617,0.072207302101410881,307.18859206188961,66,5,2.2457161461176889,0.27177170257395744,0.44599264792425342,0.64544576738036952,0.85926330571825127,2.1559939438333915,1.0387042717076838,1.1005591961555183,1.5370122390582008,0.40446809321896388,0.81587306419387462,0.29022860964760183
953,I1,217,AB,9,8,0.29491948855248495,0.14037146177142859,0.55725242458283897,0.46883144022095957,0.7415903643473617,0.072207302101410881,307.18859206188961,21,3,2.2457161461176889,0.27177170257395744,0.44599264792425342,0.64544576738036952,0.85926330571825127,2.1559939438333915,1.0387042717076838,1.1005591961555183,1.5370122390582008,0.40446809321896388,0.81587306419387462,0.29022860964760183
954,I1,218,AB,9,9,0.29491948855248495,0.14037146177142859,0.55725242458283897,0.46883144022095957,0.7415903643473617,0.072207302101410881,307.18859206188961,21,5,1.8304825562109619,0.27177170257395744,0.44599264792425342,0.64544576738036952,0.85926330571825127,2.1559939438333915,1.0387042717076838,1.1005591961555183,1.5370122390582008,0.40446809321896388,0.81587306419387462,0.29022860964760183
955,I1,219,AB,9,10,0.29491948855248495,0.14037146177142859,0.55725242458283897,0.46883144022095957,0.7415903643473617,0.072207302101410881,307.18859206188961,21,5,2.2457161461176889,0.15925204029870765,0.44599264792425342,0.64544576738036952,0.85926330571825127,2.1559939438333915,1.0387042717076838,1.1005591961555183,1.5370122390582008,0.40446809321896388,0.81587306419387462,0.29022860964760183
956,I1,220,AB,9,11,0.29491948855248495,0.14037146177142859,0.55725242458283897,0.46883144022095957,0.7415903643473617,0.072207302101410881,307.18859206188961,21,5,2.2457161461176889,0.27177170257395744,0.50582822046302889,0.64544576738036952,0.85926330571825127,2.1559939438333915,1.0387042717076838,1.1005591961555183,1.5370122390582008,0.40446809321896388,0.81587306419387462,0.29022860964760183
957,I1,221,AB,9,12,0.29491948855248495,0.14037146177142859,0.55725242458283897,0.46883144022095957,0.7415903643473617,0.072207302101410881,307.18859206188961,21,5,2.2457161461176889,0.27177170257395744,0.44599264792425342,0.4115056344851406,0.85926330571825127,2.1559939438333915,1.0387042717076838,1.1005591961555183,1.5370122390582008,0.40446809321896388,0.81587306419387462,0.29022860964760183
958,I1,222,AB,9,13,0.29491948855248495,0.14037146177142859,0.55725242458283897,0.46883144022095957,0.7415903643473617,0.072207302101410881,307.18859206188961,21,5,2.2457161461176889,0.27177170257395744,0.44599264792425342,0.64544576738036952,0.96799363298778274,2.1559939438333915,1.0387042717076838,1.1005591961555183,1.5370122390582008,0.40446809321896388,0.81587306419387462,0.29022860964760183
959,I1,223,AB,9,14,0.29491948855248495,0.14037146177142859,0.55725242458283897,0.46883144022095957,0.7415903643473617,0.072207302101410881,307.18859206188961,21,5,2.2457161461176889,0.27177170257395744,0.44599264792425342,0.64544576738036952,0.85926330571825127,2.2756037730324521,1.0387042717076838,1.1005591961555183,1.5370122390582008,0.40446809321896388,0.81587306419387462,0.29022860964760183
960,I1,224,AB,9,15,0.29491948855248495,0.14037146177142859,0.55725242458283897,0.46883144022095957,0.7415903643473617,0.072207302101410881,307.18859206188961,21,5,2.2457161461176889,0.27177170257395744,0.44599264792425342,0.64544576738036952,0.85926330571825127,2.1559939438333915,1.1350559265632181,1.1005591961555183,1.5370122390582008,0.40446809321896388,0.81587306419387462,0.29022860964760183
961,I1,225,AB,9,16,0.29491948855248495,0.14037146177142859,0.55725242458283897,0.46883144022095957,0.7415903643473617,0.072207302101410881,307.18859206188961,21,5,2.2457161461176889,0.27177170257395744,0.44599264792425342,0.64544576738036952,0.85926330571825127,2.1559939438333915,1.0387042717076838,1.1639458331745118,1.5370122390582008,0.40446809321896388,0.81587306419387462,0.29022860964760183
962,I1,226,AB,9,17,0.29491948855248495,0.14037146177142859,0.55725242458283897,0.46883144022095957,0.7415903643473617,0.072207302101410881,307.18859206188961,21,5,2.2457161461176889,0.27177170257395744,0.44599264792425342,0.64544576738036952,0.85926330571825127,2.1559939438333915,1.0387042717076838,1.1005591961555183,1.4895456206811675,0.40446809321896388,0.81587306419387462,0.29022860964760183
963,I1,227,AB,9,18,0.29491948855248495,0.14037146177142859,0.55725242458283897,0.46883144022095957,0.7415903643473617,0.072207302101410881,307.18859206188961,21,5,2.2457161461176889,0.27177170257395744,0.44599264792425342,0.64544576738036952,0.85926330571825127,2.1559939438333915,1.0387042717076838,1.1005591961555183,1.5370122390582008,0.38653421309687097,0.81587306419387462,0.29022860964760183
964,I1,228,AB,9,19,0.29491948855248495,0.14037146177142859,0.55725242458283897,0.46883144022095957,0.7415903643473617,0.072207302101410881,307.18859206188961,21,5,2.2457161461176889,0.27177170257395744,0.44599264792425342,0.64544576738036952,0.85926330571825127,2.1559939438333915,1.0387042717076838,1.1005591961555183,1.5370122390582008,0.40446809321896388,0.30034851180389521,0.29022860964760183
965,I1,229,AB,9,20,0.29491948855248495,0.14037146177142859,0.55725242458283897,0.46883144022095957,0.7415903643473617,0.072207302101410881,307.18859206188961,21,5,2.2457161461176889,0.27177170257395744,0.44599264792425342,0.64544576738036952,0.85926330571825127,2.1559939438333915,1.0387042717076838,1.1005591961555183,1.5370122390582008,0.40446809321896388,0.81587306419387462,0.49086324782110746
966,I1,230,A,10,-1,0.23188208461896587,0.19177029840648174,0.28928475342690946,0.39624447440750532,0.80028829513300259,0.068240058389458361,5.4171740853323733,37,4,2.0731746113076088,0.2362345373095569,0.5406924593200011,0.40513125697031727,0.95131049629005959,1.9385585409534629,1.1373383901733904,1.1147691732738167,1.6330573150238128,0.46733342242884124,0.35197164760902522,0.46397428256459528
967,I1,231,B,10,-1,0.30348029202902732,0.10805757939815522,0.38587970919907089,0.30382607176362203,0.93318045385520998,0.071563616157250071,249.86821306169705,42,1,2.0051194667455112,0.24572287087488812,0.62418525296952088,0.48949824740933906,1.0035694481805624,1.7478853646570658,1.0636061099357903,1.1773774721194059,1.7031041829969391,0.46653731843063195,0.80251844525337224,0.36031072987243529
968,I1,232,AB,10,0,0.30348029202902732,0.19177029840648174,0.28928475342690946,0.39624447440750532,0.80028829513300259,0.068240058389458361,5.4171740853323733,37,4,2.0731746113076088,0.2362345373095569,0.5406924593200011,0.40513125697031727,0.95131049629005959,1.9385585409534629,1.1373383901733904,1.1147691732738167,1.6330573150238128,0.46733342242884124,0.35197164760902522,0.46397428256459528
969,I1,233,AB,10,1,0.23188208461896587,0.10805757939815522,0.28928475342690946,0.39624447440750532,0.80028829513300259,0.068240058389458361,5.4171740853323733,37,4,2.0731746113076088,0.2362345373095569,0.5406924593200011,0.40513125697031727,0.95131049629005959,1.9385585409534629,1.1373383901733904,1.1147691732738167,1.6330573150238128,0.46733342242884124,0.35197164760902522,0.46397428256459528
970,I1,234,AB,10,2,0.23188208461896587,0.19177029840648174,0.38587970919907089,0.39624447440750532,0.80028829513300259,0.068240058389458361,5.4171740853323733,37,4,2.0731746113076088,0.2362345373095569,0.5406924593200011,0.40513125697031727,0.95131049629005959,1.9385585409534629,1.1373383901733904,1.1147691732738167,1.6330573150238128,0.46733342242884124,0.35197164760902522,0.46397428256459528
971,I1,235,AB,10,3,0.23188208461896587,0.19177029840648174,0.28928475342690946,0.30382607176362203,0.80028829513300259,0.068240058389458361,5.4171740853323733,37,4,2.0731746113076088,0.2362345373095569,0.5406924593200011,0.40513125697031727,0.95131049629005959,1.9385585409534629,1.1373383901733904,1.1147691732738167,1.6330573150238128,0.46733342242884124,0.35197164760902522,0.46397428256459528
972,I1,236,AB,10,4,0.23188208461896587,0.19177029840648174,0.28928475342690946,0.39624447440750532,0.93318045385520998,0.068240058389458361,5.4171740853323733,37,4,2.0731746113076088,0.2362345373095569,0.5406924593200011,0.40513125697031727,0.95131049629005959,1.9385585409534629,1.1373383901733904,1.1147691732738167,1.6330573150238128,0.46733342242884124,0.35197164760902522,0.46397428256459528
973,I1,237,AB,10,5,0.23188208461896587,0.19177029840648174,0.28928475342690946,0.39624447440750532,0.80028829513300259,0.071563616157250071,5.4171740853323733,37,4,2.0731746113076088,0.2362345373095569,0.5406924593200011,0.40513125697031727,0.95131049629005959,1.9385585409534629,1.1373383901733904,1.1147691732738167,1.6330573150238128,0.46733342242884124,0.35197164760902522,0.46397428256459528
974,I1,238,AB,10,6,0.23188208461896587,0.19177029840648174,0.28928475342690946,0.39624447440750532,0.80028829513300259,0.068240058389458361,249.86821306169705,37,4,2.0731746113076088,0.2362345373095569,0.5406924593200011,0.40513125697031727,0.95131049629005959,1.9385585409534629,1.1373383901733904,1.1147691732738167,1.6330573150238128,0.46733342242884124,0.35197164760902522,0.46397428256459528
975,I1,239,AB,10,7,0.23188208461896587,0.19177029840648174,0.28928475342690946,0.39624447440750532,0.80028829513300259,0.068240058389458361,5.4171740853323733,42,4,2.0731746113076088,0.2362345373095569,0.5406924593200011,0.40513125697031727,0.95131049629005959,1.9385585409534629,1.1373383901733904,1.1147691732738167,1.6330573150238128,0.46733342242884124,0.35197164760902522,0.46397428256459528
976,I1,240,AB,10,8,0.23188208461896587,0.19177029840648174,0.28928475342690946,0.39624447440750532,0.80028829513300259,0.068240058389458361,5.4171740853323733,37,1,2.0731746113076088,0.2362345373095569,0.5406924593200011,0.40513125697031727,0.95131049629005959,1.9385585409534629,1.1373383901733904,1.1147691732738167,1.6330573150238128,0.46733342242884124,0.35197164760902522,0.46397428256459528
977,I1,241,AB,10,9,0.23188208461896587,0.19177029840648174,0.28928475342690946,0.39624447440750532,0.80028829513300259,0.068240058389458361,5.4171740853323733,37,4,2.0051194667455112,0.2362345373095569,0.5406924593200011,0.40513125697031727,0.95131049629005959,1.9385585409534629,1.1373383901733904,1.1147691732738167,1.6330573150238128,0.46733342242884124,0.35197164760902522,0.46397428256459528
978,I1,242,AB,10,10,0.23188208461896587,0.19177029840648174,0.28928475342690946,0.39624447440750532,0.80028829513300259,0.068240058389458361,5.4171740853323733,37,4,2.0731746113076088,0.24572287087488812,0.5406924593200011,0.40513125697031727,0.95131049629005959,1.9385585409534629,1.1373383901733904,1.1147691732738167,1.6330573150238128,0.46733342242884124,0.35197164760902522,0.46397428256459528
979,I1,243,AB,10,11,0.23188208461896587,0.19177029840648174,0.28928475342690946,0.39624447440750532,0.80028829513300259,0.068240058389458361,5.4171740853323733,37,4,2.0731746113076088,0.2362345373095569,0.62418525296952088,0.40513125697031727,0.95131049629005959,1.9385585409534629,1.1373383901733904,1.1147691732738167,1.6330573150238128,0.46733342242884124,0.35197164760902522,0.46397428256459528
980,I1,244,AB,10,12,0.23188208461896587,0.19177029840648174,0.28928475342690946,0.39624447440750532,0.80028829513300259,0.068240058389458361,5.4171740853323733,37,4,2.0731746113076088,0.2362345373095569,0.5406924593200011,0.48949824740933906,0.95131049629005959,1.9385585409534629,1.1373383901733904,1.1147691732738167,1.6330573150238128,0.46733342242884124,0.35197164760902522,0.46397428256459528
981,I1,245,AB,10,13,0.23188208461896587,0.19177029840648174,0.28928475342690946,0.39624447440750532,0.80028829513300259,0.068240058389458361,5.4171740853323733,37,4,2.0731746113076088,0.2362345373095569,0.5406924593200011,0.40513125697031727,1.0035694481805624,1.9385585409534629,1.1373383901733904,1.1147691732738167,1.6330573150238128,0.46733342242884124,0.35197164760902522,0.46397428256459528
982,I1,246,AB,10,14,0.23188208461896587,0.19177029840648174,0.28928475342690946,0.39624447440750532,0.80028829513300259,0.068240058389458361,5.4171740853323733,37,4,2.0731746113076088,0.2362345373095569,0.5406924593200011,0.40513125697031727,0.95131049629005959,1.7478853646570658,1.1373383901733904,1.1147691732738167,1.6330573150238128,0.46733342242884124,0.35197164760902522,0.46397428256459528
983,I1,247,AB,10,15,0.23188208461896587,0.19177029840648174,0.28928475342690946,0.39624447440750532,0.80028829513300259,0.068240058389458361,5.4171740853323733,37,4,2.0731746113076088,0.2362345373095569,0.5406924593200011,0.40513125697031727,0.95131049629005959,1.9385585409534629,1.0636061099357903,1.1147691732738167,1.6330573150238128,0.46733342242884124,0.35197164760902522,0.46397428256459528
984,I1,248,AB,10,16,0.23188208461896587,0.19177029840648174,0.28928475342690946,0.39624447440750532,0.80028829513300259,0.068240058389458361,5.4171740853323733,37,4,2.0731746113076088,0.2362345373095569,0.5406924593200011,0.40513125697031727,0.95131049629005959,1.9385585409534629,1.1373383901733904,1.1773774721194059,1.6330573150238128,0.46733342242884124,0.35197164760902522,0.46397428256459528
985,I1,249,AB,10,17,0.23188208461896587,0.19177029840648174,0.28928475342690946,0.39624447440750532,0.80028829513300259,0.068240058389458361,5.4171740853323733,37,4,2.0731746113076088,0.2362345373095569,0.5406924593200011,0.40513125697031727,0.95131049629005959,1.9385585409534629,1.1373383901733904,1.1147691732738167,1.7031041829969391,0.46733342242884124,0.35197164760902522,0.46397428256459528
986,I1,250,AB,10,18,0.23188208461896587,0.19177029840648174,0.28928475342690946,0.39624447440750532,0.80028829513300259,0.068240058389458361,5.4171740853323733,37,4,2.0731746113076088,0.2362345373095569,0.5406924593200011,0.40513125697031727,0.95131049629005959,1.9385585409534629,1.1373383901733904,1.1147691732738167,1.6330573150238128,0.46653731843063195,0.35197164760902522,0.46397428256459528
987,I1,251,AB,10,19,0.23188208461896587,0.19177029840648174,0.28928475342690946,0.39624447440750532,0.80028829513300259,0.068240058389458361,5.4171740853323733,37,4,2.0731746113076088,0.2362345373095569,0.5406924593200011,0.40513125697031727,0.95131049629005959,1.9385585409534629,1.1373383901733904,1.1147691732738167,1.6330573150238128,0.46733342242884124,0.80251844525337224,0.46397428256459528
988,I1,252,AB,10,20,0.23188208461896587,0.19177029840648174,0.28928475342690946,0.39624447440750532,0.80028829513300259,0.068240058389458361,5.4171740853323733,37,4,2.0731746113076088,0.2362345373095569,0.5406924593200011,0.40513125697031727,0.95131049629005959,1.9385585409534629,1.1373383901733904,1.1147691732738167,1.6330573150238128,0.46733342242884124,0.35197164760902522,0.36031072987243529
989,I1,253,A,11,-1,0.31092191779179912,0.080332102440297606,0.62151519656181331,0.43997211629779642,0.67461360983848129,0.06398955212044978,1209.0493977615406,92,2,1.9460926564636802,0.12318533971748984,0.59412286070892983,0.43450455330776905,0.65061683232214607,2.3972559484690787,1.0575441048759966,1.25920266979374,1.5599555604918192,0.35594250587920373,0.63872872479259968,0.18445611153729258
990,I1,254,B,11,-1,0.29271102391590398,0.20886152759194376,0.65157991349697109,0.50435420552171639,0.5468389402249656,0.063118878636090725,5.6692682576651352,77,3,1.972464130011234,0.2119339599558929,0.52169092440327203,0.39138363859592518,0.84423187102396968,2.343439488358773,1.1035289182607084,1.0809617456514389,1.5833443533397269,0.38107595202149708,0.5363899115473032,0.21935545438900589
991,I1,255,AB,11,0,0.29271102391590398,0.080332102440297606,0.62151519656181331,0.43997211629779642,0.67461360983848129,0.06398955212044978,1209.0493977615406,92,2,1.9460926564636802,0.12318533971748984,0.59412286070892983,0.43450455330776905,0.65061683232214607,2.3972559484690787,1.0575441048759966,1.25920266979374,1.5599555604918192,0.35594250587920373,0.63872872479259968,0.18445611153729258
992,I1,256,AB,11,1,0.31092191779179912,0.20886152759194376,0.62151519656181331,0.43997211629779642,0.67461360983848129,0.06398955212044978,1209.0493977615406,92,2,1.9460926564636802,0.12318533971748984,0.59412286070892983,0.43450455330776905,0.65061683232214607,2.3972559484690787,1.0575441048759966,1.25920266979374,1.5599555604918192,0.35594250587920373,0.63872872479259968,0.18445611153729258
993,I1,257,AB,11,2,0.31092191779179912,0.080332102440297606,0.65157991349697109,0.43997211629779642,0.67461360983848129,0.06398955212044978,1209.0493977615406,92,2,1.9460926564636802,0.12318533971748984,0.59412286070892983,0.43450455330776905,0.65061683232214607,2.3972559484690787,1.0575441048759966,1.25920266979374,1.5599555604918192,0.35594250587920373,0.63872872479259968,0.18445611153729258
994,I1,258,AB,11,3,0.31092191779179912,0.080332102440297606,0.62151519656181331,0.50435420552171639,0.67461360983848129,0.06398955212044978,1209.0493977615406,92,2,1.9460926564636802,0.12318533971748984,0.59412286070892983,0.43450455330776905,0.65061683232214607,2.3972559484690787,1.0575441048759966,1.25920266979374,1.5599555604918192,0.35594250587920373,0.63872872479259968,0.18445611153729258
995,I1,259,AB,11,4,0.31092191779179912,0.080332102440297606,0.62151519656181331,0.43997211629779642,0.5468389402249656,0.06398955212044978,1209.0493977615406,92,2,1.9460926564636802,0.12318533971748984,0.59412286070892983,0.43450455330776905,0.65061683232214607,2.3972559484690787,1.0575441048759966,1.25920266979374,1.5599555604918192,0.35594250587920373,0.63872872479259968,0.18445611153729258
996,I1,260,AB,11,5,0.31092191779179912,0.080332102440297606,0.62151519656181331,0.43997211629779642,0.67461360983848129,0.063118878636090725,1209.0493977615406,92,2,1.9460926564636802,0.12318533971748984,0.59412286070892983,0.43450455330776905,0.65061683232214607,2.3972559484690787,1.0575441048759966,1.25920266979374,1.5599555604918192,0.35594250587920373,0.63872872479259968,0.18445611153729258
997,I1,261,AB,11,6,0.31092191779179912,0.080332102440297606,0.62151519656181331,0.43997211629779642,0.67461360983848129,0.06398955212044978,5.6692682576651352,92,2,1.9460926564636802,0.12318533971748984,0.59412286070892983,0.43450455330776905,0.65061683232214607,2.3972559484690787,1.0575441048759966,1.25920266979374,1.5599555604918192,0.35594250587920373,0.63872872479259968,0.18445611153729258
998,I1,262,AB,11,7,0.31092191779179912,0.080332102440297606,0.62151519656181331,0.43997211629779642,0.67461360983848129,0.06398955212044978,1209.0493977615406,77,2,1.9460926564636802,0.12318533971748984,0.59412286070892983,0.43450455330776905,0.65061683232214607,2.3972559484690787,1.0575441048759966,1.25920266979374,1.5599555604918192,0.35594250587920373,0.63872872479259968,0.18445611153729258
999,I1,263,AB,11,8,0.31092191779179912,0.080332102440297606,0.62151519656181331,0.43997211629779642,0.67461360983848129,0.06398955212044978,1209.0493977615406,92,3,1.9460926564636802,0.12318533971748984,0.59412286070892983,0.43450455330776905,0.65061683232214607,2.3972559484690787,1.0575441048759966,1.25920266979374,1.5599555604918192,0.35594250587920373,0.63872872479259968,0.18445611153729258
1000,I1,264,AB,11,9,0.31092191779179912,0.080332102440297606,0.62151519656181331,0.43997211629779642,0.67461360983848129,0.06398955212044978,1209.0493977615406,92,2,1.972464130011234,0.12318533971748984,0.59412286070892983,0.43450455330776905,0.65061683232214607,2.3972559484690787,1.0575441048759966,1.25920266979374,1.5599555604918192,0.35594250587920373,0.63872872479259968,0.18445611153729258
1001,I1,265,AB,11,10,0.31092191779179912,0.080332102440297606,0.62151519656181331,0.43997211629779642,0.67461360983848129,0.06398955212044978,1209.0493977615406,92,2,1.9460926564636802,0.2119339599558929,0.59412286070892983,0.43450455330776905,0.65061683232214607,2.3972559484690787,1.0575441048759966,1.25920266979374,1.5599555604918192,0.35594250587920373,0.63872872479259968,0.18445611153729258
1002,I1,266,AB,11,11,0.31092191779179912,0.080332102440297606,0.62151519656181331,0.43997211629779642,0.67461360983848129,0.06398955212044978,1209.0493977615406,92,2,1.9460926564636802,0.12318533971748984,0.52169092440327203,0.43450455330776905,0.65061683232214607,2.3972559484690787,1.0575441048759966,1.25920266979374,1.5599555604918192,0.35594250587920373,0.63872872479259968,0.18445611153729258
1003,I1,267,AB,11,12,0.31092191779179912,0.080332102440297606,0.62151519656181331,0.43997211629779642,0.67461360983848129,0.06398955212044978,1209.0493977615406,92,2,1.9460926564636802,0.12318533971748984,0.59412286070892983,0.39138363859592518,0.65061683232214607,2.3972559484690787,1.0575441048759966,1.25920266979374,1.5599555604918192,0.35594250587920373,0.63872872479259968,0.18445611153729258
1004,I1,268,AB,11,13,0.31092191779179912,0.080332102440297606,0.62151519656181331,0.43997211629779642,0.67461360983848129,0.06398955212044978,1209.0493977615406,92,2,1.9460926564636802,0.12318533971748984,0.59412286070892983,0.43450455330776905,0.84423187102396968,2.3972559484690787,1.0575441048759966,1.25920266979374,1.5599555604918192,0.35594250587920373,0.63872872479259968,0.18445611153729258
1005,I1,269,AB,11,14,0.31092191779179912,0.080332102440297606,0.62151519656181331,0.43997211629779642,0.67461360983848129,0.06398955212044978,1209.0493977615406,92,2,1.9460926564636802,0.12318533971748984,0.59412286070892983,0.43450455330776905,0.65061683232214607,2.343439488358773,1.0575441048759966,1.25920266979374,1.5599555604918192,0.35594250587920373,0.63872872479259968,0.18445611153729258
1006,I1,270,AB,11,15,0.31092191779179912,0.080332102440297606,0.62151519656181331,0.43997211629779642,0.67461360983848129,0.06398955212044978,1209.0493977615406,92,2,1.9460926564636802,0.12318533971748984,0.59412286070892983,0.43450455330776905,0.65061683232214607,2.3972559484690787,1.1035289182607084,1.25920266979374,1.5599555604918192,0.35594250587920373,0.63872872479259968,0.18445611153729258
1007,I1,271,AB,11,16,0.31092191779179912,0.080332102440297606,0.62151519656181331,0.43997211629779642,0.67461360983848129,0.06398955212044978,1209.0493977615406,92,2,1.9460926564636802,0.12318533971748984,0.59412286070892983,0.43450455330776905,0.65061683232214607,2.3972559484690787,1.0575441048759966,1.0809617456514389,1.5599555604918192,0.35594250587920373,0.63872872479259968,0.18445611153729258
1008,I1,272,AB,11,17,0.31092191779179912,0.080332102440297606,0.62151519656181331,0.43997211629779642,0.67461360983848129,0.06398955212044978,1209.0493977615406,92,2,1.9460926564636802,0.12318533971748984,0.59412286070892983,0.43450455330776905,0.65061683232214607,2.3972559484690787,1.0575441048759966,1.25920266979374,1.5833443533397269,0.35594250587920373,0.63872872479259968,0.18445611153729258
1009,I1,273,AB,11,18,0.31092191779179912,0.080332102440297606,0.62151519656181331,0.43997211629779642,0.67461360983848129,0.06398955212044978,1209.0493977615406,92,2,1.9460926564636802,0.12318533971748984,0.59412286070892983,0.43450455330776905,0.65061683232214607,2.3972559484690787,1.0575441048759966,1.25920266979374,1.5599555604918192,0.38107595202149708,0.63872872479259968,0.18445611153729258
1010,I1,274,AB,11,19,0.31092191779179912,0.080332102440297606,0.62151519656181331,0.43997211629779642,0.67461360983848129,0.06398955212044978,1209.0493977615406,92,2,1.9460926564636802,0.12318533971748984,0.59412286070892983,0.43450455330776905,0.65061683232214607,2.3972559484690787,1.0575441048759966,1.25920266979374,1.5599555604918192,0.35594250587920373,0.5363899115473032,0.18445611153729258
1011,I1,275,AB,11,20,0.31092191779179912,0.080332102440297606,0.62151519656181331,0.43997211629779642,0.67461360983848129,0.06398955212044978,1209.0493977615406,92,2,1.9460926564636802,0.12318533971748984,0.59412286070892983,0.43450455330776905,0.65061683232214607,2.3972559484690787,1.0575441048759966,1.25920266979374,1.5599555604918192,0.35594250587920373,0.63872872479259968,0.21935545438900589
1012,I1,276,A,12,-1,0.30366470171647136,0.16348833553493025,0.48368532750755544,0.40319466764733009,0.63860414545969202,0.060261487265391385,9.2774242096670214,50,3,2.1100569510948897,0.25914777603815531,0.63029554952312317,0.36702491837747153,0.83936092793474093,2.5018949572332954,1.0741357161197811,1.2832249856553972,1.5884797648045517,0.43206650622232723,0.21252465285360814,0.39838122497312722
1013,I1,277,B,12,-1,0.2702864942226838,0.139614181779325,0.60598004497587676,0.52797151787998731,0.77900113309958474,0.068632596203929488,1263.7737449030471,22,5,2.0795480956381751,0.2695065466903328,0.564066494593498,0.54774788466137703,0.92266934602476591,2.1672975561022381,1.1302203102223574,1.0914513256400824,1.7431869294144022,0.35458663176291594,0.34819771414622669,0.45019116490148003
1014,I1,278,AB,12,0,0.2702864942226838,0.16348833553493025,0.48368532750755544,0.40319466764733009,0.63860414545969202,0.060261487265391385,9.2774242096670214,50,3,2.1100569510948897,0.25914777603815531,0.63029554952312317,0.36702491837747153,0.83936092793474093,2.5018949572332954,1.0741357161197811,1.2832249856553972,1.5884797648045517,0.43206650622232723,0.21252465285360814,0.39838122497312722
1015,I1,279,AB,12,1,0.30366470171647136,0.139614181779325,0.48368532750755544,0.40319466764733009,0.63860414545969202,0.060261487265391385,9.2774242096670214,50,3,2.1100569510948897,0.25914777603815531,0.63029554952312317,0.36702491837747153,0.83936092793474093,2.5018949572332954,1.0741357161197811,1.2832249856553972,1.5884797648045517,0.43206650622232723,0.21252465285360814,0.39838122497312722
1016,I1,280,AB,12,2,0.30366470171647136,0.16348833553493025,0.60598004497587676,0.40319466764733009,0.63860414545969202,0.060261487265391385,9.2774242096670214,50,3,2.1100569510948897,0.25914777603815531,0.63029554952312317,0.36702491837747153,0.83936092793474093,2.5018949572332954,1.0741357161197811,1.2832249856553972,1.5884797648045517,0.43206650622232723,0.21252465285360814,0.39838122497312722
1017,I1,281,AB,12,3,0.30366470171647136,0.16348833553493025,0.48368532750755544,0.52797151787998731,0.63860414545969202,0.060261487265391385,9.2774242096670214,50,3,2.1100569510948897,0.25914777603815531,0.63029554952312317,0.36702491837747153,0.83936092793474093,2.5018949572332954,1.0741357161197811,1.2832249856553972,1.5884797648045517,0.43206650622232723,0.21252465285360814,0.39838122497312722
1018,I1,282,AB,12,4,0.30366470171647136,0.16348833553493025,0.48368532750755544,0.40319466764733009,0.77900113309958474,0.060261487265391385,9.2774242096670214,50,3,2.1100569510948897,0.25914777603815531,0.63029554952312317,0.36702491837747153,0.83936092793474093,2.5018949572332954,1.0741357161197811,1.2832249856553972,1.5884797648045517,0.43206650622232723,0.21252465285360814,0.39838122497312722
1019,I1,283,AB,12,5,0.30366470171647136,0.16348833553493025,0.48368532750755544,0.40319466764733009,0.63860414545969202,0.068632596203929488,9.2774242096670214,50,3,2.1100569510948897,0.25914777603815531,0.63029554952312317,0.36702491837747153,0.83936092793474093,2.5018949572332954,1.0741357161197811,1.2832249856553972,1.5884797648045517,0.43206650622232723,0.21252465285360814,0.39838122497312722
1020,I1,284,AB,12,6,0.30366470171647136,0.16348833553493025,0.48368532750755544,0.40319466764733009,0.63860414545969202,0.060261487265391385,1263.7737449030471,50,3,2.1100569510948897,0.25914777603815531,0.63029554952312317,0.36702491837747153,0.83936092793474093,2.5018949572332954,1.0741357161197811,1.2832249856553972,1.5884797648045517,0.43206650622232723,0.21252465285360814,0.39838122497312722
1021,I1,285,AB,12,7,0.30366470171647136,0.16348833553493025,0.48368532750755544,0.40319466764733009,0.63860414545969202,0.060261487265391385,9.2774242096670214,22,3,2.1100569510948897,0.25914777603815531,0.63029554952312317,0.36702491837747153,0.83936092793474093,2.5018949572332954,1.0741357161197811,1.2832249856553972,1.5884797648045517,0.43206650622232723,0.21252465285360814,0.39838122497312722
1022,I1,286,AB,12,8,0.30366470171647136,0.16348833553493025,0.48368532750755544,0.40319466764733009,0.63860414545969202,0.060261487265391385,9.2774242096670214,50,5,2.1100569510948897,0.25914777603815531,0.63029554952312317,0.36702491837747153,0.83936092793474093,2.5018949572332954,1.0741357161197811,1.2832249856553972,1.5884797648045517,0.43206650622232723,0.21252465285360814,0.39838122497312722
1023,I1,287,AB,12,9,0.30366470171647136,0.16348833553493025,0.48368532750755544,0.40319466764733009,0.63860414545969202,0.060261487265391385,9.2774242096670214,50,3,2.0795480956381751,0.25914777603815531,0.63029554952312317,0.36702491837747153,0.83936092793474093,2.5018949572332954,1.0741357161197811,1.2832249856553972,1.5884797648045517,0.43206650622232723,0.21252465285360814,0.39838122497312722
1024,I1,288,AB,12,10,0.30366470171647136,0.16348833553493025,0.48368532750755544,0.40319466764733009,0.63860414545969202,0.060261487265391385,9.2774242096670214,50,3,2.1100569510948897,0.2695065466903328,0.63029554952312317,0.36702491837747153,0.83936092793474093,2.5018949572332954,1.0741357161197811,1.2832249856553972,1.5884797648045517,0.43206650622232723,0.21252465285360814,0.39838122497312722
1025,I1,289,AB,12,11,0.30366470171647136,0.16348833553493025,0.48368532750755544,0.40319466764733009,0.63860414545969202,0.060261487265391385,9.2774242096670214,50,3,2.1100569510948897,0.25914777603815531,0.564066494593498,0.36702491837747153,0.83936092793474093,2.5018949572332954,1.0741357161197811,1.2832249856553972,1.5884797648045517,0.43206650622232723,0.21252465285360814,0.39838122497312722
1026,I1,290,AB,12,12,0.30366470171647136,0.16348833553493025,0.48368532750755544,0.40319466764733009,0.63860414545969202,0.060261487265391385,9.2774242096670214,50,3,2.1100569510948897,0.25914777603815531,0.63029554952312317,0.54774788466137703,0.83936092793474093,2.5018949572332954,1.0741357161197811,1.2832249856553972,1.5884797648045517,0.43206650622232723,0.21252465285360814,0.39838122497312722
1027,I1,291,AB,12,13,0.30366470171647136,0.16348833553493025,0.48368532750755544,0.40319466764733009,0.63860414545969202,0.060261487265391385,9.2774242096670214,50,3,2.1100569510948897,0.25914777603815531,0.63029554952312317,0.36702491837747153,0.92266934602476591,2.5018949572332954,1.0741357161197811,1.2832249856553972,1.5884797648045517,0.43206650622232723,0.21252465285360814,0.39838122497312722
1028,I1,292,AB,12,14,0.30366470171647136,0.16348833553493025,0.48368532750755544,0.40319466764733009,0.63860414545969202,0.060261487265391385,9.2774242096670214,50,3,2.1100569510948897,0.25914777603815531,0.63029554952312317,0.36702491837747153,0.83936092793474093,2.1672975561022381,1.0741357161197811,1.2832249856553972,1.5884797648045517,0.43206650622232723,0.21252465285360814,0.39838122497312722
1029,I1,293,AB,12,15,0.30366470171647136,0.16348833553493025,0.48368532750755544,0.40319466764733009,0.63860414545969202,0.060261487265391385,9.2774242096670214,50,3,2.1100569510948897,0.25914777603815531,0.63029554952312317,0.36702491837747153,0.83936092793474093,2.5018949572332954,1.1302203102223574,1.2832249856553972,1.5884797648045517,0.43206650622232723,0.21252465285360814,0.39838122497312722
1030,I1,294,AB,12,16,0.30366470171647136,0.16348833553493025,0.48368532750755544,0.40319466764733009,0.63860414545969202,0.060261487265391385,9.2774242096670214,50,3,2.1100569510948897,0.25914777603815531,0.63029554952312317,0.36702491837747153,0.83936092793474093,2.5018949572332954,1.0741357161197811,1.0914513256400824,1.5884797648045517,0.43206650622232723,0.21252465285360814,0.39838122497312722
1031,I1,295,AB,12,17,0.30366470171647136,0.16348833553493025,0.48368532750755544,0.40319466764733009,0.63860414545969202,0.060261487265391385,9.2774242096670214,50,3,2.1100569510948897,0.25914777603815531,0.63029554952312317,0.36702491837747153,0.83936092793474093,2.5018949572332954,1.0741357161197811,1.2832249856553972,1.7431869294144022,0.43206650622232723,0.21252465285360814,0.39838122497312722
1032,I1,296,AB,12,18,0.30366470171647136,0.16348833553493025,0.48368532750755544,0.40319466764733009,0.63860414545969202,0.060261487265391385,9.2774242096670214,50,3,2.1100569510948897,0.25914777603815531,0.63029554952312317,0.36702491837747153,0.83936092793474093,2.5018949572332954,1.0741357161197811,1.2832249856553972,1.5884797648045517,0.35458663176291594,0.21252465285360814,0.39838122497312722
1033,I1,297,AB,12,19,0.30366470171647136,0.16348833553493025,0.48368532750755544,0.40319466764733009,0.63860414545969202,0.060261487265391385,9.2774242096670214,50,3,2.1100569510948897,0.25914777603815531,0.63029554952312317,0.36702491837747153,0.83936092793474093,2.5018949572332954,1.0741357161197811,1.2832249856553972,1.5884797648045517,0.43206650622232723,0.34819771414622669,0.39838122497312722
1034,I1,298,AB,12,20,0.30366470171647136,0.16348833553493025,0.48368532750755544,0.40319466764733009,0.63860414545969202,0.060261487265391385,9.2774242096670214,50,3,2.1100569510948897,0.25914777603815531,0.63029554952312317,0.36702491837747153,0.83936092793474093,2.5018949572332954,1.0741357161197811,1.2832249856553972,1.5884797648045517,0.43206650622232723,0.21252465285360814,0.45019116490148003
1035,I1,299,A,13,-1,0.26634371859904515,0.05226946081966162,0.40966602023690935,0.3633423286250213,0.89671174461455838,0.070918217610048045,2070.6123333380588,79,3,1.8738651161752471,0.1683696037221605,0.56705532362014466,0.44906655128118123,1.1113966645767506,1.7309130580119971,1.1197320033703,1.1698478932492435,1.6680857206013653,0.37892381800654551,0.9949574043042958,0.25011321040801704
1036,I1,300,B,13,-1,0.32877224117882631,0.24039066415280103,0.43390407115221019,0.34456496280914206,0.56846251796687342,0.064469411895965292,35.445761322059575,60,2,1.9453712199934592,0.13952554030268755,0.58431094013859641,0.36531801612100034,0.68155201264220566,2.6659805953275657,1.0406588336545974,1.2293571338057518,1.5766345447488788,0.43396997420522376,0.99090968100354071,0.30445365118794143
1037,I1,301,AB,13,0,0.32877224117882631,0.05226946081966162,0.40966602023690935,0.3633423286250213,0.89671174461455838,0.070918217610048045,2070.6123333380588,79,3,1.8738651161752471,0.1683696037221605,0.56705532362014466,0.44906655128118123,1.1113966645767506,1.7309130580119971,1.1197320033703,1.1698478932492435,1.6680857206013653,0.37892381800654551,0.9949574043042958,0.25011321040801704
1038,I1,302,AB,13,1,0.26634371859904515,0.24039066415280103,0.40966602023690935,0.3633423286250213,0.89671174461455838,0.070918217610048045,2070.6123333380588,79,3,1.8738651161752471,0.1683696037221605,0.56705532362014466,0.44906655128118123,1.1113966645767506,1.7309130580119971,1.1197320033703,1.1698478932492435,1.6680857206013653,0.37892381800654551,0.9949574043042958,0.25011321040801704
1039,I1,303,AB,13,2,0.26634371859904515,0.05226946081966162,0.43390407115221019,0.3633423286250213,0.89671174461455838,0.070918217610048045,2070.6123333380588,79,3,1.8738651161752471,0.1683696037221605,0.56705532362014466,0.44906655128118123,1.1113966645767506,1.7309130580119971,1.1197320033703,1.1698478932492435,1.6680857206013653,0.37892381800654551,0.9949574043042958,0.25011321040801704
1040,I1,304,AB,13,3,0.26634371859904515,0.05226946081966162,0.40966602023690935,0.34456496280914206,0.89671174461455838,0.070918217610048045,2070.6123333380588,79,3,1.8738651161752471,0.1683696037221605,0.56705532362014466,0.44906655128118123,1.1113966645767506,1.7309130580119971,1.1197320033703,1.1698478932492435,1.6680857206013653,0.37892381800654551,0.9949574043042958,0.25011321040801704
1041,I1,305,AB,13,4,0.26634371859904515,0.05226946081966162,0.40966602023690935,0.3633423286250213,0.56846251796687342,0.070918217610048045,2070.6123333380588,79,3,1.8738651161752471,0.1683696037221605,0.56705532362014466,0.44906655128118123,1.1113966645767506,1.7309130580119971,1.1197320033703,1.1698478932492435,1.6680857206013653,0.37892381800654551,0.9949574043042958,0.25011321040801704
1042,I1,306,AB,13,5,0.26634371859904515,0.05226946081966162,0.40966602023690935,0.3633423286250213,0.89671174461455838,0.064469411895965292,2070.6123333380588,79,3,1.8738651161752471,0.1683696037221605,0.56705532362014466,0.44906655128118123,1.1113966645767506,1.7309130580119971,1.1197320033703,1.1698478932492435,1.6680857206013653,0.37892381800654551,0.9949574043042958,0.25011321040801704
1043,I1,307,AB,13,6,0.26634371859904515,0.05226946081966162,0.40966602023690935,0.3633423286250213,0.89671174461455838,0.070918217610048045,35.445761322059575,79,3,1.8738651161752471,0.1683696037221605,0.56705532362014466,0.44906655128118123,1.1113966645767506,1.7309130580119971,1.1197320033703,1.1698478932492435,1.6680857206013653,0.37892381800654551,0.9949574043042958,0.25011321040801704
1044,I1,308,AB,13,7,0.26634371859904515,0.05226946081966162,0.40966602023690935,0.3633423286250213,0.89671174461455838,0.070918217610048045,2070.6123333380588,60,3,1.8738651161752471,0.1683696037221605,0.56705532362014466,0.44906655128118123,1.1113966645767506,1.7309130580119971,1.1197320033703,1.1698478932492435,1.6680857206013653,0.37892381800654551,0.9949574043042958,0.25011321040801704
1045,I1,309,AB,13,8,0.26634371859904515,0.05226946081966162,0.40966602023690935,0.3633423286250213,0.89671174461455838,0.070918217610048045,2070.6123333380588,79,2,1.8738651161752471,0.1683696037221605,0.56705532362014466,0.44906655128118123,1.1113966645767506,1.7309130580119971,1.1197320033703,1.1698478932492435,1.6680857206013653,0.37892381800654551,0.9949574043042958,0.25011321040801704
1046,I1,310,AB,13,9,0.26634371859904515,0.05226946081966162,0.40966602023690935,0.3633423286250213,0.89671174461455838,0.070918217610048045,2070.6123333380588,79,3,1.9453712199934592,0.1683696037221605,0.56705532362014466,0.44906655128118123,1.1113966645767506,1.7309130580119971,1.1197320033703,1.1698478932492435,1.6680857206013653,0.37892381800654551,0.9949574043042958,0.25011321040801704
1047,I1,311,AB,13,10,0.26634371859904515,0.05226946081966162,0.40966602023690935,0.3633423286250213,0.89671174461455838,0.070918217610048045,2070.6123333380588,79,3,1.8738651161752471,0.13952554030268755,0.56705532362014466,0.44906655128118123,1.1113966645767506,1.7309130580119971,1.1197320033703,1.1698478932492435,1.6680857206013653,0.37892381800654551,0.9949574043042958,0.25011321040801704
1048,I1,312,AB,13,11,0.26634371859904515,0.05226946081966162,0.40966602023690935,0.3633423286250213,0.89671174461455838,0.070918217610048045,2070.6123333380588,79,3,1.8738651161752471,0.1683696037221605,0.58431094013859641,0.44906655128118123,1.1113966645767506,1.7309130580119971,1.1197320033703,1.1698478932492435,1.6680857206013653,0.37892381800654551,0.9949574043042958,0.25011321040801704
1049,I1,313,AB,13,12,0.26634371859904515,0.05226946081966162,0.40966602023690935,0.3633423286250213,0.89671174461455838,0.070918217610048045,2070.6123333380588,79,3,1.8738651161752471,0.1683696037221605,0.56705532362014466,0.36531801612100034,1.1113966645767506,1.7309130580119971,1.1197320033703,1.1698478932492435,1.6680857206013653,0.37892381800654551,0.9949574043042958,0.25011321040801704
1050,I1,314,AB,13,13,0.26634371859904515,0.05226946081966162,0.40966602023690935,0.3633423286250213,0.89671174461455838,0.070918217610048045,2070.6123333380588,79,3,1.8738651161752471,0.1683696037221605,0.56705532362014466,0.44906655128118123,0.68155201264220566,1.7309130580119971,1.1197320033703,1.1698478932492435,1.6680857206013653,0.37892381800654551,0.9949574043042958,0.25011321040801704
1051,I1,315,AB,13,14,0.26634371859904515,0.05226946081966162,0.40966602023690935,0.3633423286250213,0.89671174461455838,0.070918217610048045,2070.6123333380588,79,3,1.8738651161752471,0.1683696037221605,0.56705532362014466,0.44906655128118123,1.1113966645767506,2.6659805953275657,1.1197320033703,1.1698478932492435,1.6680857206013653,0.37892381800654551,0.9949574043042958,0.25011321040801704
1052,I1,316,AB,13,15,0.26634371859904515,0.05226946081966162,0.40966602023690935,0.3633423286250213,0.89671174461455838,0.070918217610048045,2070.6123333380588,79,3,1.8738651161752471,0.1683696037221605,0.56705532362014466,0.44906655128118123,1.1113966645767506,1.7309130580119971,1.0406588336545974,1.1698478932492435,1.6680857206013653,0.37892381800654551,0.9949574043042958,0.25011321040801704
1053,I1,317,AB,13,16,0.26634371859904515,0.05226946081966162,0.40966602023690935,0.3633423286250213,0.89671174461455838,0.070918217610048045,2070.6123333380588,79,3,1.8738651161752471,0.1683696037221605,0.56705532362014466,0.44906655128118123,1.1113966645767506,1.7309130580119971,1.1197320033703,1.2293571338057518,1.6680857206013653,0.37892381800654551,0.9949574043042958,0.25011321040801704
1054,I1,318,AB,13,17,0.26634371859904515,0.05226946081966162,0.40966602023690935,0.3633423286250213,0.89671174461455838,0.070918217610048045,2070.6123333380588,79,3,1.8738651161752471,0.1683696037221605,0.56705532362014466,0.44906655128118123,1.1113966645767506,1.7309130580119971,1.1197320033703,1.1698478932492435,1.5766345447488788,0.37892381800654551,0.9949574043042958,0.25011321040801704
1055,I1,319,AB,13,18,0.26634371859904515,0.05226946081966162,0.40966602023690935,0.3633423286250213,0.89671174461455838,0.070918217610048045,2070.6123333380588,79,3,1.8738651161752471,0.1683696037221605,0.56705532362014466,0.44906655128118123,1.1113966645767506,1.7309130580119971,1.1197320033703,1.1698478932492435,1.6680857206013653,0.43396997420522376,0.9949574043042958,0.25011321040801704
1056,I1,320,AB,13,19,0.26634371859904515,0.05226946081966162,0.40966602023690935,0.3633423286250213,0.89671174461455838,0.070918217610048045,2070.6123333380588,79,3,1.8738651161752471,0.1683696037221605,0.56705532362014466,0.44906655128118123,1.1113966645767506,1.7309130580119971,1.1197320033703,1.1698478932492435,1.6680857206013653,0.37892381800654551,0.99090968100354071,0.25011321040801704
1057,I1,321,AB,13,20,0.26634371859904515,0.05226946081966162,0.40966602023690935,0.3633423286250213,0.89671174461455838,0.070918217610048045,2070.6123333380588,79,3,1.8738651161752471,0.1683696037221605,0.56705532362014466,0.44906655128118123,1.1113966645767506,1.7309130580119971,1.1197320033703,1.1698478932492435,1.6680857206013653,0.37892381800654551,0.9949574043042958,0.30445365118794143
1058,I1,322,A,14,-1,0.27507506438011736,0.20330821387469772,0.66879700478166337,0.54060773630198966,0.70258827893990572,0.065332463830915691,39.095192930941032,63,1,1.9619521653959233,0.21802286162029241,0.49230239879012816,0.34487375264500653,0.77565001114253562,2.2851812523086297,1.0238731287233531,1.0609193979296834,1.4862413043281391,0.38246310051321253,0.50293076643720269,0.42625013608485463
1059,I1,323,B,14,-1,0.31569825751733982,0.066841222532093528,0.54435398923233147,0.43199436789917423,0.66462028437961373,0.06631369920908152,17.942038139826696,36,1,2.1078620445709531,0.2394134432048336,0.47203069342232218,0.31083300094996702,0.86592237777545422,2.4374846149232381,1.1011906914599239,1.113874953892082,1.632973093797347,0.39907289236828519,0.10798117276281119,0.17252750992774962
1060,I1,324,AB,14,0,0.31569825751733982,0.20330821387469772,0.66879700478166337,0.54060773630198966,0.70258827893990572,0.065332463830915691,39.095192930941032,63,1,1.9619521653959233,0.21802286162029241,0.49230239879012816,0.34487375264500653,0.77565001114253562,2.2851812523086297,1.0238731287233531,1.0609193979296834,1.4862413043281391,0.38246310051321253,0.50293076643720269,0.42625013608485463
1061,I1,325,AB,14,1,0.27507506438011736,0.066841222532093528,0.66879700478166337,0.54060773630198966,0.70258827893990572,0.065332463830915691,39.095192930941032,63,1,1.9619521653959233,0.21802286162029241,0.49230239879012816,0.34487375264500653,0.77565001114253562,2.2851812523086297,1.0238731287233531,1.0609193979296834,1.4862413043281391,0.38246310051321253,0.50293076643720269,0.42625013608485463
1062,I1,326,AB,14,2,0.27507506438011736,0.20330821387469772,0.54435398923233147,0.54060773630198966,0.70258827893990572,0.065332463830915691,39.095192930941032,63,1,1.9619521653959233,0.21802286162029241,0.49230239879012816,0.34487375264500653,0.77565001114253562,2.2851812523086297,1.0238731287233531,1.0609193979296834,1.4862413043281391,0.38246310051321253,0.50293076643720269,0.42625013608485463
1063,I1,327,AB,14,3,0.27507506438011736,0.20330821387469772,0.66879700478166337,0.43199436789917423,0.70258827893990572,0.065332463830915691,39.095192930941032,63,1,1.9619521653959233,0.21802286162029241,0.49230239879012816,0.34487375264500653,0.77565001114253562,2.2851812523086297,1.0238731287233531,1.0609193979296834,1.4862413043281391,0.38246310051321253,0.50293076643720269,0.42625013608485463
1064,I1,328,AB,14,4,0.27507506438011736,0.20330821387469772,0.66879700478166337,0.54060773630198966,0.66462028437961373,0.065332463830915691,39.095192930941032,63,1,1.9619521653959233,0.21802286162029241,0.49230239879012816,0.34487375264500653,0.77565001114253562,2.2851812523086297,1.0238731287233531,1.0609193979296834,1.4862413043281391,0.38246310051321253,0.50293076643720269,0.42625013608485463
1065,I1,329,AB,14,5,0.27507506438011736,0.20330821387469772,0.66879700478166337,0.54060773630198966,0.70258827893990572,0.06631369920908152,39.095192930941032,63,1,1.9619521653959233,0.21802286162029241,0.49230239879012816,0.34487375264500653,0.77565001114253562,2.2851812523086297,1.0238731287233531,1.0609193979296834,1.4862413043281391,0.38246310051321253,0.50293076643720269,0.42625013608485463
1066,I1,330,AB,14,6,0.27507506438011736,0.20330821387469772,0.66879700478166337,0.54060773630198966,0.70258827893990572,0.065332463830915691,17.942038139826696,63,1,1.9619521653959233,0.21802286162029241,0.49230239879012816,0.34487375264500653,0.77565001114253562,2.2851812523086297,1.0238731287233531,1.0609193979296834,1.4862413043281391,0.38246310051321253,0.50293076643720269,0.42625013608485463
1067,I1,331,AB,14,7,0.27507506438011736,0.20330821387469772,0.66879700478166337,0.54060773630198966,0.70258827893990572,0.065332463830915691,39.095192930941032,36,1,1.9619521653959233,0.21802286162029241,0.49230239879012816,0.34487375264500653,0.77565001114253562,2.2851812523086297,1.0238731287233531,1.0609193979296834,1.4862413043281391,0.38246310051321253,0.50293076643720269,0.42625013608485463
1068,I1,332,AB,14,8,0.27507506438011736,0.20330821387469772,0.66879700478166337,0.54060773630198966,0.70258827893990572,0.065332463830915691,39.095192930941032,63,1,1.9619521653959233,0.21802286162029241,0.49230239879012816,0.34487375264500653,0.77565001114253562,2.2851812523086297,1.0238731287233531,1.0609193979296834,1.4862413043281391,0.38246310051321253,0.50293076643720269,0.42625013608485463
1069,I1,333,AB,14,9,0.27507506438011736,0.20330821387469772,0.66879700478166337,0.54060773630198966,0.70258827893990572,0.065332463830915691,39.095192930941032,63,1,2.1078620445709531,0.21802286162029241,0.49230239879012816,0.34487375264500653,0.77565001114253562,2.2851812523086297,1.0238731287233531,1.0609193979296834,1.4862413043281391,0.38246310051321253,0.50293076643720269,0.42625013608485463
1070,I1,334,AB,14,10,0.27507506438011736,0.20330821387469772,0.66879700478166337,0.54060773630198966,0.70258827893990572,0.065332463830915691,39.095192930941032,63,1,1.9619521653959233,0.2394134432048336,0.49230239879012816,0.34487375264500653,0.77565001114253562,2.2851812523086297,1.0238731287233531,1.0609193979296834,1.4862413043281391,0.38246310051321253,0.50293076643720269,0.42625013608485463
1071,I1,335,AB,14,11,0.27507506438011736,0.20330821387469772,0.66879700478166337,0.54060773630198966,0.70258827893990572,0.065332463830915691,39.095192930941032,63,1,1.9619521653959233,0.21802286162029241,0.47203069342232218,0.34487375264500653,0.77565001114253562,2.2851812523086297,1.0238731287233531,1.0609193979296834,1.4862413043281391,0.38246310051321253,0.50293076643720269,0.42625013608485463
1072,I1,336,AB,14,12,0.27507506438011736,0.20330821387469772,0.66879700478166337,0.54060773630198966,0.70258827893990572,0.065332463830915691,39.095192930941032,63,1,1.9619521653959233,0.21802286162029241,0.49230239879012816,0.31083300094996702,0.77565001114253562,2.2851812523086297,1.0238731287233531,1.0609193979296834,1.4862413043281391,0.38246310051321253,0.50293076643720269,0.42625013608485463
1073,I1,337,AB,14,13,0.27507506438011736,0.20330821387469772,0.66879700478166337,0.54060773630198966,0.70258827893990572,0.065332463830915691,39.095192930941032,63,1,1.9619521653959233,0.21802286162029241,0.49230239879012816,0.34487375264500653,0.86592237777545422,2.2851812523086297,1.0238731287233531,1.0609193979296834,1.4862413043281391,0.38246310051321253,0.50293076643720269,0.42625013608485463
1074,I1,338,AB,14,14,0.27507506438011736,0.20330821387469772,0.66879700478166337,0.54060773630198966,0.70258827893990572,0.065332463830915691,39.095192930941032,63,1,1.9619521653959233,0.21802286162029241,0.49230239879012816,0.34487375264500653,0.77565001114253562,2.4374846149232381,1.0238731287233531,1.0609193979296834,1.4862413043281391,0.38246310051321253,0.50293076643720269,0.42625013608485463
1075,I1,339,AB,14,15,0.27507506438011736,0.20330821387469772,0.66879700478166337,0.54060773630198966,0.70258827893990572,0.065332463830915691,39.095192930941032,63,1,1.9619521653959233,0.21802286162029241,0.49230239879012816,0.34487375264500653,0.77565001114253562,2.2851812523086297,1.1011906914599239,1.0609193979296834,1.4862413043281391,0.38246310051321253,0.50293076643720269,0.42625013608485463
1076,I1,340,AB,14,16,0.27507506438011736,0.20330821387469772,0.66879700478166337,0.54060773630198966,0.70258827893990572,0.065332463830915691,39.095192930941032,63,1,1.9619521653959233,0.21802286162029241,0.49230239879012816,0.34487375264500653,0.77565001114253562,2.2851812523086297,1.0238731287233531,1.113874953892082,1.4862413043281391,0.38246310051321253,0.50293076643720269,0.42625013608485463
1077,I1,341,AB,14,17,0.27507506438011736,0.20330821387469772,0.66879700478166337,0.54060773630198966,0.70258827893990572,0.065332463830915691,39.095192930941032,63,1,1.9619521653959233,0.21802286162029241,0.49230239879012816,0.34487375264500653,0.77565001114253562,2.2851812523086297,1.0238731287233531,1.0609193979296834,1.632973093797347,0.38246310051321253,0.50293076643720269,0.42625013608485463
1078,I1,342,AB,14,18,0.27507506438011736,0.20330821387469772,0.66879700478166337,0.54060773630198966,0.70258827893990572,0.065332463830915691,39.095192930941032,63,1,1.9619521653959233,0.21802286162029241,0.49230239879012816,0.34487375264500653,0.77565001114253562,2.2851812523086297,1.0238731287233531,1.0609193979296834,1.4862413043281391,0.39907289236828519,0.50293076643720269,0.42625013608485463
1079,I1,343,AB,14,19,0.27507506438011736,0.20330821387469772,0.66879700478166337,0.54060773630198966,0.70258827893990572,0.065332463830915691,39.095192930941032,63,1,1.9619521653959233,0.21802286162029241,0.49230239879012816,0.34487375264500653,0.77565001114253562,2.2851812523086297,1.0238731287233531,1.0609193979296834,1.4862413043281391,0.38246310051321253,0.10798117276281119,0.42625013608485463
1080,I1,344,AB,14,20,0.27507506438011736,0.20330821387469772,0.66879700478166337,0.54060773630198966,0.70258827893990572,0.065332463830915691,39.095192930941032,63,1,1.9619521653959233,0.21802286162029241,0.49230239879012816,0.34487375264500653,0.77565001114253562,2.2851812523086297,1.0238731287233531,1.0609193979296834,1.4862413043281391,0.38246310051321253,0.50293076643720269,0.17252750992774962
1081,I1,345,A,15,-1,0.3323884906154988,0.11843407955020667,0.22026572916656734,0.34576835245125698,0.60758507005270013,0.06333923848940641,178.76683315127278,9,5,2.0186933290974785,0.2995562514629288,0.71348794331002419,0.48842285239527766,0.93003728182991374,2.5672269001732162,1.1060081122629344,1.2055388609413058,1.6797498228455801,0.42696437090418354,0.70487296134233479,0.22465698998421429
1082,I1,346,B,15,-1,0.28271028400957732,0.16604452375322581,0.21625016564503313,0.39775717258612969,0.69031497513320339,0.061602692140857195,442.85670969014814,97,4,1.8603952554044059,0.18589448832971056,0.74673531554540873,0.43919418198975946,1.1578665645461337,1.9391180873580591,1.0759865427855402,1.2655274967662991,1.5223898582693043,0.42578441704403835,0.75289083439856763,0.40576763134449723
1083,I1,347,AB,15,0,0.28271028400957732,0.11843407955020667,0.22026572916656734,0.34576835245125698,0.60758507005270013,0.06333923848940641,178.76683315127278,9,5,2.0186933290974785,0.2995562514629288,0.71348794331002419,0.48842285239527766,0.93003728182991374,2.5672269001732162,1.1060081122629344,1.2055388609413058,1.6797498228455801,0.42696437090418354,0.70487296134233479,0.22465698998421429
1084,I1,348,AB,15,1,0.3323884906154988,0.16604452375322581,0.22026572916656734,0.34576835245125698,0.60758507005270013,0.06333923848940641,178.76683315127278,9,5,2.0186933290974785,0.2995562514629288,0.71348794331002419,0.48842285239527766,0.93003728182991374,2.5672269001732162,1.1060081122629344,1.2055388609413058,1.6797498228455801,0.42696437090418354,0.70487296134233479,0.22465698998421429
1085,I1,349,AB,15,2,0.3323884906154988,0.11843407955020667,0.21625016564503313,0.34576835245125698,0.60758507005270013,0.06333923848940641,178.76683315127278,9,5,2.0186933290974785,0.2995562514629288,0.71348794331002419,0.48842285239527766,0.93003728182991374,2.5672269001732162,1.1060081122629344,1.2055388609413058,1.6797498228455801,0.42696437090418354,0.70487296134233479,0.22465698998421429
1086,I1,350,AB,15,3,0.3323884906154988,0.11843407955020667,0.22026572916656734,0.39775717258612969,0.60758507005270013,0.06333923848940641,178.76683315127278,9,5,2.0186933290974785,0.2995562514629288,0.71348794331002419,0.48842285239527766,0.93003728182991374,2.5672269001732162,1.1060081122629344,1.2055388609413058,1.6797498228455801,0.42696437090418354,0.70487296134233479,0.22465698998421429
1087,I1,351,AB,15,4,0.3323884906154988,0.11843407955020667,0.22026572916656734,0.34576835245125698,0.69031497513320339,0.06333923848940641,178.76683315127278,9,5,2.0186933290974785,0.2995562514629288,0.71348794331002419,0.48842285239527766,0.93003728182991374,2.5672269001732162,1.1060081122629344,1.2055388609413058,1.6797498228455801,0.42696437090418354,0.70487296134233479,0.22465698998421429
1088,I1,352,AB,15,5,0.3323884906154988,0.11843407955020667,0.22026572916656734,0.34576835245125698,0.60758507005270013,0.061602692140857195,178.76683315127278,9,5,2.0186933290974785,0.2995562514629288,0.71348794331002419,0.48842285239527766,0.93003728182991374,2.5672269001732162,1.1060081122629344,1.2055388609413058,1.6797498228455801,0.42696437090418354,0.70487296134233479,0.22465698998421429
1089,I1,353,AB,15,6,0.3323884906154988,0.11843407955020667,0.22026572916656734,0.34576835245125698,0.60758507005270013,0.06333923848940641,442.85670969014814,9,5,2.0186933290974785,0.2995562514629288,0.71348794331002419,0.48842285239527766,0.93003728182991374,2.5672269001732162,1.1060081122629344,1.2055388609413058,1.6797498228455801,0.42696437090418354,0.70487296134233479,0.22465698998421429
1090,I1,354,AB,15,7,0.3323884906154988,0.11843407955020667,0.22026572916656734,0.34576835245125698,0.60758507005270013,0.06333923848940641,178.76683315127278,97,5,2.0186933290974785,0.2995562514629288,0.71348794331002419,0.48842285239527766,0.93003728182991374,2.5672269001732162,1.1060081122629344,1.2055388609413058,1.6797498228455801,0.42696437090418354,0.70487296134233479,0.22465698998421429
1091,I1,355,AB,15,8,0.3323884906154988,0.11843407955020667,0.22026572916656734,0.34576835245125698,0.60758507005270013,0.06333923848940641,178.76683315127278,9,4,2.0186933290974785,0.2995562514629288,0.71348794331002419,0.48842285239527766,0.93003728182991374,2.5672269001732162,1.1060081122629344,1.2055388609413058,1.6797498228455801,0.42696437090418354,0.70487296134233479,0.22465698998421429
1092,I1,356,AB,15,9,0.3323884906154988,0.11843407955020667,0.22026572916656734,0.34576835245125698,0.60758507005270013,0.06333923848940641,178.76683315127278,9,5,1.8603952554044059,0.2995562514629288,0.71348794331002419,0.48842285239527766,0.93003728182991374,2.5672269001732162,1.1060081122629344,1.2055388609413058,1.6797498228455801,0.42696437090418354,0.70487296134233479,0.22465698998421429
1093,I1,357,AB,15,10,0.3323884906154988,0.11843407955020667,0.22026572916656734,0.34576835245125698,0.60758507005270013,0.06333923848940641,178.76683315127278,9,5,2.0186933290974785,0.18589448832971056,0.71348794331002419,0.48842285239527766,0.93003728182991374,2.5672269001732162,1.1060081122629344,1.2055388609413058,1.6797498228455801,0.42696437090418354,0.70487296134233479,0.22465698998421429
1094,I1,358,AB,15,11,0.3323884906154988,0.11843407955020667,0.22026572916656734,0.34576835245125698,0.60758507005270013,0.06333923848940641,178.76683315127278,9,5,2.0186933290974785,0.2995562514629288,0.74673531554540873,0.48842285239527766,0.93003728182991374,2.5672269001732162,1.1060081122629344,1.2055388609413058,1.6797498228455801,0.42696437090418354,0.70487296134233479,0.22465698998421429
1095,I1,359,AB,15,12,0.3323884906154988,0.11843407955020667,0.22026572916656734,0.34576835245125698,0.60758507005270013,0.06333923848940641,178.76683315127278,9,5,2.0186933290974785,0.2995562514629288,0.71348794331002419,0.43919418198975946,0.93003728182991374,2.5672269001732162,1.1060081122629344,1.2055388609413058,1.6797498228455801,0.42696437090418354,0.70487296134233479,0.22465698998421429
1096,I1,360,AB,15,13,0.3323884906154988,0.11843407955020667,0.22026572916656734,0.34576835245125698,0.60758507005270013,0.06333923848940641,178.76683315127278,9,5,2.0186933290974785,0.2995562514629288,0.71348794331002419,0.48842285239527766,1.1578665645461337,2.5672269001732162,1.1060081122629344,1.2055388609413058,1.6797498228455801,0.42696437090418354,0.70487296134233479,0.22465698998421429
1097,I1,361,AB,15,14,0.3323884906154988,0.11843407955020667,0.22026572916656734,0.34576835245125698,0.60758507005270013,0.06333923848940641,178.76683315127278,9,5,2.0186933290974785,0.2995562514629288,0.71348794331002419,0.48842285239527766,0.93003728182991374,1.9391180873580591,1.1060081122629344,1.2055388609413058,1.6797498228455801,0.42696437090418354,0.70487296134233479,0.22465698998421429
1098,I1,362,AB,15,15,0.3323884906154988,0.11843407955020667,0.22026572916656734,0.34576835245125698,0.60758507005270013,0.06333923848940641,178.76683315127278,9,5,2.0186933290974785,0.2995562514629288,0.71348794331002419,0.48842285239527766,0.93003728182991374,2.5672269001732162,1.0759865427855402,1.2055388609413058,1.6797498228455801,0.42696437090418354,0.70487296134233479,0.22465698998421429
1099,I1,363,AB,15,16,0.3323884906154988,0.11843407955020667,0.22026572916656734,0.34576835245125698,0.60758507005270013,0.06333923848940641,178.76683315127278,9,5,2.0186933290974785,0.2995562514629288,0.71348794331002419,0.48842285239527766,0.93003728182991374,2.5672269001732162,1.1060081122629344,1.2655274967662991,1.6797498228455801,0.42696437090418354,0.70487296134233479,0.22465698998421429
1100,I1,364,AB,15,17,0.3323884906154988,0.11843407955020667,0.22026572916656734,0.34576835245125698,0.60758507005270013,0.06333923848940641,178.76683315127278,9,5,2.0186933290974785,0.2995562514629288,0.71348794331002419,0.48842285239527766,0.93003728182991374,2.5672269001732162,1.1060081122629344,1.2055388609413058,1.5223898582693043,0.42696437090418354,0.70487296134233479,0.22465698998421429
1101,I1,365,AB,15,18,0.3323884906154988,0.11843407955020667,0.22026572916656734,0.34576835245125698,0.60758507005270013,0.06333923848940641,178.76683315127278,9,5,2.0186933290974785,0.2995562514629288,0.71348794331002419,0.48842285239527766,0.93003728182991374,2.5672269001732162,1.1060081122629344,1.2055388609413058,1.6797498228455801,0.42578441704403835,0.70487296134233479,0.22465698998421429
1102,I1,366,AB,15,19,0.3323884906154988,0.11843407955020667,0.22026572916656734,0.34576835245125698,0.60758507005270013,0.06333923848940641,178.76683315127278,9,5,2.0186933290974785,0.2995562514629288,0.71348794331002419,0.48842285239527766,0.93003728182991374,2.5672269001732162,1.1060081122629344,1.2055388609413058,1.6797498228455801,0.42696437090418354,0.75289083439856763,0.22465698998421429
1103,I1,367,AB,15,20,0.3323884906154988,0.11843407955020667,0.22026572916656734,0.34576835245125698,0.60758507005270013,0.06333923848940641,178.76683315127278,9,5,2.0186933290974785,0.2995562514629288,0.71348794331002419,0.48842285239527766,0.93003728182991374,2.5672269001732162,1.1060081122629344,1.2055388609413058,1.6797498228455801,0.42696437090418354,0.70487296134233479,0.40576763134449723
