row_id,condition,cond_row_id,matrix,base_idx,param_j,eta,f_cl_i,f_cl_v,E_m_i,E_m_v,E_m_h,L_hat,i_mobile,v_mobile,gamma_s,E_b_v2,lambda,B_111,E_b_i2,E_b_hV_1,Z_i,Z_i_loop,loop_net_K_rec,loop_net_w_c,E_a0_conv,dH2_conv,phi_max_junc,loop_net_chi,dH2_abs_conv
0,N2,0,A,0,-1,0.34799080811083904,0.18713280558586121,0.64467932032421227,0.35411620526831172,0.7313554385490334,0.064716537942105995,15.284174588861873,38,4,1.9224787643156673,0.31867636428431678,0.66648613507075782,0.46117736540919052,0.75481072385824155,2.0400484081079724,1.077523641679436,1.1348809508606792,2.205422230791195e-05,99.315592661185903,1.5753681697612401,0.41659401403450674,0.79669172586873171,1.1725685498182401,0.44528330806642769
1,N2,1,B,0,-1,0.25644539659868365,0.11060584336519241,0.24907418787479402,0.35900993521554836,0.68565540682506998,0.061992429127784882,354.34195149399704,42,4,2.2308034759817987,0.25382247979694933,0.64225288622842547,0.35310280115876336,0.6906345781948533,2.5724722683686672,1.0670478071738034,1.091741322958842,1.3148680251310148e-05,13.758470459285473,1.6438459360389148,0.41108102232479604,0.65110454615205526,3.5068380169576772,0.20307322577573358
2,N2,2,AB,0,0,0.25644539659868365,0.18713280558586121,0.64467932032421227,0.35411620526831172,0.7313554385490334,0.064716537942105995,15.284174588861873,38,4,1.9224787643156673,0.31867636428431678,0.66648613507075782,0.46117736540919052,0.75481072385824155,2.0400484081079724,1.077523641679436,1.1348809508606792,2.205422230791195e-05,99.315592661185903,1.5753681697612401,0.41659401403450674,0.79669172586873171,1.1725685498182401,0.44528330806642769
3,N2,3,AB,0,1,0.34799080811083904,0.11060584336519241,0.64467932032421227,0.35411620526831172,0.7313554385490334,0.064716537942105995,15.284174588861873,38,4,1.9224787643156673,0.31867636428431678,0.66648613507075782,0.46117736540919052,0.75481072385824155,2.0400484081079724,1.077523641679436,1.1348809508606792,2.205422230791195e-05,99.315592661185903,1.5753681697612401,0.41659401403450674,0.79669172586873171,1.1725685498182401,0.44528330806642769
4,N2,4,AB,0,2,0.34799080811083904,0.18713280558586121,0.24907418787479402,0.35411620526831172,0.7313554385490334,0.064716537942105995,15.284174588861873,38,4,1.9224787643156673,0.31867636428431678,0.66648613507075782,0.46117736540919052,0.75481072385824155,2.0400484081079724,1.077523641679436,1.1348809508606792,2.205422230791195e-05,99.315592661185903,1.5753681697612401,0.41659401403450674,0.79669172586873171,1.1725685498182401,0.44528330806642769
5,N2,5,AB,0,3,0.34799080811083904,0.18713280558586121,0.64467932032421227,0.35900993521554836,0.7313554385490334,0.064716537942105995,15.284174588861873,38,4,1.9224787643156673,0.31867636428431678,0.66648613507075782,0.46117736540919052,0.75481072385824155,2.0400484081079724,1.077523641679436,1.1348809508606792,2.205422230791195e-05,99.315592661185903,1.5753681697612401,0.41659401403450674,0.79669172586873171,1.1725685498182401,0.44528330806642769
6,N2,6,AB,0,4,0.34799080811083904,0.18713280558586121,0.64467932032421227,0.35411620526831172,0.68565540682506998,0.064716537942105995,15.284174588861873,38,4,1.9224787643156673,0.31867636428431678,0.66648613507075782,0.46117736540919052,0.75481072385824155,2.0400484081079724,1.077523641679436,1.1348809508606792,2.205422230791195e-05,99.315592661185903,1.5753681697612401,0.41659401403450674,0.79669172586873171,1.1725685498182401,0.44528330806642769
7,N2,7,AB,0,5,0.34799080811083904,0.18713280558586121,0.64467932032421227,0.35411620526831172,0.7313554385490334,0.061992429127784882,15.284174588861873,38,4,1.9224787643156673,0.31867636428431678,0.66648613507075782,0.46117736540919052,0.75481072385824155,2.0400484081079724,1.077523641679436,1.1348809508606792,2.205422230791195e-05,99.315592661185903,1.5753681697612401,0.41659401403450674,0.79669172586873171,1.1725685498182401,0.44528330806642769
8,N2,8,AB,0,6,0.34799080811083904,0.18713280558586121,0.64467932032421227,0.35411620526831172,0.7313554385490334,0.064716537942105995,354.34195149399704,38,4,1.9224787643156673,0.31867636428431678,0.66648613507075782,0.46117736540919052,0.75481072385824155,2.0400484081079724,1.077523641679436,1.1348809508606792,2.205422230791195e-05,99.315592661185903,1.5753681697612401,0.41659401403450674,0.79669172586873171,1.1725685498182401,0.44528330806642769
9,N2,9,AB,0,7,0.34799080811083904,0.18713280558586121,0.64467932032421227,0.35411620526831172,0.7313554385490334,0.064716537942105995,15.284174588861873,42,4,1.9224787643156673,0.31867636428431678,0.66648613507075782,0.46117736540919052,0.75481072385824155,2.0400484081079724,1.077523641679436,1.1348809508606792,2.205422230791195e-05,99.315592661185903,1.5753681697612401,0.41659401403450674,0.79669172586873171,1.1725685498182401,0.44528330806642769
10,N2,10,AB,0,8,0.34799080811083904,0.18713280558586121,0.64467932032421227,0.35411620526831172,0.7313554385490334,0.064716537942105995,15.284174588861873,38,4,1.9224787643156673,0.31867636428431678,0.66648613507075782,0.46117736540919052,0.75481072385824155,2.0400484081079724,1.077523641679436,1.1348809508606792,2.205422230791195e-05,99.315592661185903,1.5753681697612401,0.41659401403450674,0.79669172586873171,1.1725685498182401,0.44528330806642769
11,N2,11,AB,0,9,0.34799080811083904,0.18713280558586121,0.64467932032421227,0.35411620526831172,0.7313554385490334,0.064716537942105995,15.284174588861873,38,4,2.2308034759817987,0.31867636428431678,0.66648613507075782,0.46117736540919052,0.75481072385824155,2.0400484081079724,1.077523641679436,1.1348809508606792,2.205422230791195e-05,99.315592661185903,1.5753681697612401,0.41659401403450674,0.79669172586873171,1.1725685498182401,0.44528330806642769
12,N2,12,AB,0,10,0.34799080811083904,0.18713280558586121,0.64467932032421227,0.35411620526831172,0.7313554385490334,0.064716537942105995,15.284174588861873,38,4,1.9224787643156673,0.25382247979694933,0.66648613507075782,0.46117736540919052,0.75481072385824155,2.0400484081079724,1.077523641679436,1.1348809508606792,2.205422230791195e-05,99.315592661185903,1.5753681697612401,0.41659401403450674,0.79669172586873171,1.1725685498182401,0.44528330806642769
13,N2,13,AB,0,11,0.34799080811083904,0.18713280558586121,0.64467932032421227,0.35411620526831172,0.7313554385490334,0.064716537942105995,15.284174588861873,38,4,1.9224787643156673,0.31867636428431678,0.64225288622842547,0.46117736540919052,0.75481072385824155,2.0400484081079724,1.077523641679436,1.1348809508606792,2.205422230791195e-05,99.315592661185903,1.5753681697612401,0.41659401403450674,0.79669172586873171,1.1725685498182401,0.44528330806642769
14,N2,14,AB,0,12,0.34799080811083904,0.18713280558586121,0.64467932032421227,0.35411620526831172,0.7313554385490334,0.064716537942105995,15.284174588861873,38,4,1.9224787643156673,0.31867636428431678,0.66648613507075782,0.35310280115876336,0.75481072385824155,2.0400484081079724,1.077523641679436,1.1348809508606792,2.205422230791195e-05,99.315592661185903,1.5753681697612401,0.41659401403450674,0.79669172586873171,1.1725685498182401,0.44528330806642769
15,N2,15,AB,0,13,0.34799080811083904,0.18713280558586121,0.64467932032421227,0.35411620526831172,0.7313554385490334,0.064716537942105995,15.284174588861873,38,4,1.9224787643156673,0.31867636428431678,0.66648613507075782,0.46117736540919052,0.6906345781948533,2.0400484081079724,1.077523641679436,1.1348809508606792,2.205422230791195e-05,99.315592661185903,1.5753681697612401,0.41659401403450674,0.79669172586873171,1.1725685498182401,0.44528330806642769
16,N2,16,AB,0,14,0.34799080811083904,0.18713280558586121,0.64467932032421227,0.35411620526831172,0.7313554385490334,0.064716537942105995,15.284174588861873,38,4,1.9224787643156673,0.31867636428431678,0.66648613507075782,0.46117736540919052,0.75481072385824155,2.5724722683686672,1.077523641679436,1.1348809508606792,2.205422230791195e-05,99.315592661185903,1.5753681697612401,0.41659401403450674,0.79669172586873171,1.1725685498182401,0.44528330806642769
17,N2,17,AB,0,15,0.34799080811083904,0.18713280558586121,0.64467932032421227,0.35411620526831172,0.7313554385490334,0.064716537942105995,15.284174588861873,38,4,1.9224787643156673,0.31867636428431678,0.66648613507075782,0.46117736540919052,0.75481072385824155,2.0400484081079724,1.0670478071738034,1.1348809508606792,2.205422230791195e-05,99.315592661185903,1.5753681697612401,0.41659401403450674,0.79669172586873171,1.1725685498182401,0.44528330806642769
18,N2,18,AB,0,16,0.34799080811083904,0.18713280558586121,0.64467932032421227,0.35411620526831172,0.7313554385490334,0.064716537942105995,15.284174588861873,38,4,1.9224787643156673,0.31867636428431678,0.66648613507075782,0.46117736540919052,0.75481072385824155,2.0400484081079724,1.077523641679436,1.091741322958842,2.205422230791195e-05,99.315592661185903,1.5753681697612401,0.41659401403450674,0.79669172586873171,1.1725685498182401,0.44528330806642769
19,N2,19,AB,0,17,0.34799080811083904,0.18713280558586121,0.64467932032421227,0.35411620526831172,0.7313554385490334,0.064716537942105995,15.284174588861873,38,4,1.9224787643156673,0.31867636428431678,0.66648613507075782,0.46117736540919052,0.75481072385824155,2.0400484081079724,1.077523641679436,1.1348809508606792,1.3148680251310148e-05,99.315592661185903,1.5753681697612401,0.41659401403450674,0.79669172586873171,1.1725685498182401,0.44528330806642769
20,N2,20,AB,0,18,0.34799080811083904,0.18713280558586121,0.64467932032421227,0.35411620526831172,0.7313554385490334,0.064716537942105995,15.284174588861873,38,4,1.9224787643156673,0.31867636428431678,0.66648613507075782,0.46117736540919052,0.75481072385824155,2.0400484081079724,1.077523641679436,1.1348809508606792,2.205422230791195e-05,13.758470459285473,1.5753681697612401,0.41659401403450674,0.79669172586873171,1.1725685498182401,0.44528330806642769
21,N2,21,AB,0,19,0.34799080811083904,0.18713280558586121,0.64467932032421227,0.35411620526831172,0.7313554385490334,0.064716537942105995,15.284174588861873,38,4,1.9224787643156673,0.31867636428431678,0.66648613507075782,0.46117736540919052,0.75481072385824155,2.0400484081079724,1.077523641679436,1.1348809508606792,2.205422230791195e-05,99.315592661185903,1.6438459360389148,0.41659401403450674,0.79669172586873171,1.1725685498182401,0.44528330806642769
22,N2,22,AB,0,20,0.34799080811083904,0.18713280558586121,0.64467932032421227,0.35411620526831172,0.7313554385490334,0.064716537942105995,15.284174588861873,38,4,1.9224787643156673,0.31867636428431678,0.66648613507075782,0.46117736540919052,0.75481072385824155,2.0400484081079724,1.077523641679436,1.1348809508606792,2.205422230791195e-05,99.315592661185903,1.5753681697612401,0.41108102232479604,0.79669172586873171,1.1725685498182401,0.44528330806642769
23,N2,23,AB,0,21,0.34799080811083904,0.18713280558586121,0.64467932032421227,0.35411620526831172,0.7313554385490334,0.064716537942105995,15.284174588861873,38,4,1.9224787643156673,0.31867636428431678,0.66648613507075782,0.46117736540919052,0.75481072385824155,2.0400484081079724,1.077523641679436,1.1348809508606792,2.205422230791195e-05,99.315592661185903,1.5753681697612401,0.41659401403450674,0.65110454615205526,1.1725685498182401,0.44528330806642769
24,N2,24,AB,0,22,0.34799080811083904,0.18713280558586121,0.64467932032421227,0.35411620526831172,0.7313554385490334,0.064716537942105995,15.284174588861873,38,4,1.9224787643156673,0.31867636428431678,0.66648613507075782,0.46117736540919052,0.75481072385824155,2.0400484081079724,1.077523641679436,1.1348809508606792,2.205422230791195e-05,99.315592661185903,1.5753681697612401,0.41659401403450674,0.79669172586873171,3.5068380169576772,0.44528330806642769
25,N2,25,AB,0,23,0.34799080811083904,0.18713280558586121,0.64467932032421227,0.35411620526831172,0.7313554385490334,0.064716537942105995,15.284174588861873,38,4,1.9224787643156673,0.31867636428431678,0.66648613507075782,0.46117736540919052,0.75481072385824155,2.0400484081079724,1.077523641679436,1.1348809508606792,2.205422230791195e-05,99.315592661185903,1.5753681697612401,0.41659401403450674,0.79669172586873171,1.1725685498182401,0.20307322577573358
26,N2,26,A,1,-1,0.28552508277396521,0.10516129098832608,0.43869366431608792,0.40986504604784735,0.65371584724482446,0.065748221751349409,237.21621449057395,89,1,2.12801964320749,0.19878816640307267,0.4268297110770532,0.39717844086552789,1.0937519393418142,2.559090341221522,1.1250219638179988,1.249291235068813,0.00040396415776583732,7.9218826130988003,1.7834490285291329,0.35489925943197498,0.3868208182044327,24.513319210693645,0.25978314564563332
27,N2,27,B,1,-1,0.32314176989553106,0.15988144353032113,0.52281395932659502,0.44795624870941125,0.66268014452525481,0.070688118300154049,45.76981150165274,78,2,1.8421723377558501,0.20684899214636984,0.43763136203716801,0.51425621756812023,1.1508416158735153,2.189101675505547,1.0895621540676803,1.259438695339486,0.00029202341267069371,82.851839881876529,1.576277771794163,0.39765453713951421,0.336706036888063,12.018313025112684,0.4057894438039511
28,N2,28,AB,1,0,0.32314176989553106,0.10516129098832608,0.43869366431608792,0.40986504604784735,0.65371584724482446,0.065748221751349409,237.21621449057395,89,1,2.12801964320749,0.19878816640307267,0.4268297110770532,0.39717844086552789,1.0937519393418142,2.559090341221522,1.1250219638179988,1.249291235068813,0.00040396415776583732,7.9218826130988003,1.7834490285291329,0.35489925943197498,0.3868208182044327,24.513319210693645,0.25978314564563332
29,N2,29,AB,1,1,0.28552508277396521,0.15988144353032113,0.43869366431608792,0.40986504604784735,0.65371584724482446,0.065748221751349409,237.21621449057395,89,1,2.12801964320749,0.19878816640307267,0.4268297110770532,0.39717844086552789,1.0937519393418142,2.559090341221522,1.1250219638179988,1.249291235068813,0.00040396415776583732,7.9218826130988003,1.7834490285291329,0.35489925943197498,0.3868208182044327,24.513319210693645,0.25978314564563332
30,N2,30,AB,1,2,0.28552508277396521,0.10516129098832608,0.52281395932659502,0.40986504604784735,0.65371584724482446,0.065748221751349409,237.21621449057395,89,1,2.12801964320749,0.19878816640307267,0.4268297110770532,0.39717844086552789,1.0937519393418142,2.559090341221522,1.1250219638179988,1.249291235068813,0.00040396415776583732,7.9218826130988003,1.7834490285291329,0.35489925943197498,0.3868208182044327,24.513319210693645,0.25978314564563332
31,N2,31,AB,1,3,0.28552508277396521,0.10516129098832608,0.43869366431608792,0.44795624870941125,0.65371584724482446,0.065748221751349409,237.21621449057395,89,1,2.12801964320749,0.19878816640307267,0.4268297110770532,0.39717844086552789,1.0937519393418142,2.559090341221522,1.1250219638179988,1.249291235068813,0.00040396415776583732,7.9218826130988003,1.7834490285291329,0.35489925943197498,0.3868208182044327,24.513319210693645,0.25978314564563332
32,N2,32,AB,1,4,0.28552508277396521,0.10516129098832608,0.43869366431608792,0.40986504604784735,0.66268014452525481,0.065748221751349409,237.21621449057395,89,1,2.12801964320749,0.19878816640307267,0.4268297110770532,0.39717844086552789,1.0937519393418142,2.559090341221522,1.1250219638179988,1.249291235068813,0.00040396415776583732,7.9218826130988003,1.7834490285291329,0.35489925943197498,0.3868208182044327,24.513319210693645,0.25978314564563332
33,N2,33,AB,1,5,0.28552508277396521,0.10516129098832608,0.43869366431608792,0.40986504604784735,0.65371584724482446,0.070688118300154049,237.21621449057395,89,1,2.12801964320749,0.19878816640307267,0.4268297110770532,0.39717844086552789,1.0937519393418142,2.559090341221522,1.1250219638179988,1.249291235068813,0.00040396415776583732,7.9218826130988003,1.7834490285291329,0.35489925943197498,0.3868208182044327,24.513319210693645,0.25978314564563332
34,N2,34,AB,1,6,0.28552508277396521,0.10516129098832608,0.43869366431608792,0.40986504604784735,0.65371584724482446,0.065748221751349409,45.76981150165274,89,1,2.12801964320749,0.19878816640307267,0.4268297110770532,0.39717844086552789,1.0937519393418142,2.559090341221522,1.1250219638179988,1.249291235068813,0.00040396415776583732,7.9218826130988003,1.7834490285291329,0.35489925943197498,0.3868208182044327,24.513319210693645,0.25978314564563332
35,N2,35,AB,1,7,0.28552508277396521,0.10516129098832608,0.43869366431608792,0.40986504604784735,0.65371584724482446,0.065748221751349409,237.21621449057395,78,1,2.12801964320749,0.19878816640307267,0.4268297110770532,0.39717844086552789,1.0937519393418142,2.559090341221522,1.1250219638179988,1.249291235068813,0.00040396415776583732,7.9218826130988003,1.7834490285291329,0.35489925943197498,0.3868208182044327,24.513319210693645,0.25978314564563332
36,N2,36,AB,1,8,0.28552508277396521,0.10516129098832608,0.43869366431608792,0.40986504604784735,0.65371584724482446,0.065748221751349409,237.21621449057395,89,2,2.12801964320749,0.19878816640307267,0.4268297110770532,0.39717844086552789,1.0937519393418142,2.559090341221522,1.1250219638179988,1.249291235068813,0.00040396415776583732,7.9218826130988003,1.7834490285291329,0.35489925943197498,0.3868208182044327,24.513319210693645,0.25978314564563332
37,N2,37,AB,1,9,0.28552508277396521,0.10516129098832608,0.43869366431608792,0.40986504604784735,0.65371584724482446,0.065748221751349409,237.21621449057395,89,1,1.8421723377558501,0.19878816640307267,0.4268297110770532,0.39717844086552789,1.0937519393418142,2.559090341221522,1.1250219638179988,1.249291235068813,0.00040396415776583732,7.9218826130988003,1.7834490285291329,0.35489925943197498,0.3868208182044327,24.513319210693645,0.25978314564563332
38,N2,38,AB,1,10,0.28552508277396521,0.10516129098832608,0.43869366431608792,0.40986504604784735,0.65371584724482446,0.065748221751349409,237.21621449057395,89,1,2.12801964320749,0.20684899214636984,0.4268297110770532,0.39717844086552789,1.0937519393418142,2.559090341221522,1.1250219638179988,1.249291235068813,0.00040396415776583732,7.9218826130988003,1.7834490285291329,0.35489925943197498,0.3868208182044327,24.513319210693645,0.25978314564563332
39,N2,39,AB,1,11,0.28552508277396521,0.10516129098832608,0.43869366431608792,0.40986504604784735,0.65371584724482446,0.065748221751349409,237.21621449057395,89,1,2.12801964320749,0.19878816640307267,0.43763136203716801,0.39717844086552789,1.0937519393418142,2.559090341221522,1.1250219638179988,1.249291235068813,0.00040396415776583732,7.9218826130988003,1.7834490285291329,0.35489925943197498,0.3868208182044327,24.513319210693645,0.25978314564563332
40,N2,40,AB,1,12,0.28552508277396521,0.10516129098832608,0.43869366431608792,0.40986504604784735,0.65371584724482446,0.065748221751349409,237.21621449057395,89,1,2.12801964320749,0.19878816640307267,0.4268297110770532,0.51425621756812023,1.0937519393418142,2.559090341221522,1.1250219638179988,1.249291235068813,0.00040396415776583732,7.9218826130988003,1.7834490285291329,0.35489925943197498,0.3868208182044327,24.513319210693645,0.25978314564563332
41,N2,41,AB,1,13,0.28552508277396521,0.10516129098832608,0.43869366431608792,0.40986504604784735,0.65371584724482446,0.065748221751349409,237.21621449057395,89,1,2.12801964320749,0.19878816640307267,0.4268297110770532,0.39717844086552789,1.1508416158735153,2.559090341221522,1.1250219638179988,1.249291235068813,0.00040396415776583732,7.9218826130988003,1.7834490285291329,0.35489925943197498,0.3868208182044327,24.513319210693645,0.25978314564563332
42,N2,42,AB,1,14,0.28552508277396521,0.10516129098832608,0.43869366431608792,0.40986504604784735,0.65371584724482446,0.065748221751349409,237.21621449057395,89,1,2.12801964320749,0.19878816640307267,0.4268297110770532,0.39717844086552789,1.0937519393418142,2.189101675505547,1.1250219638179988,1.249291235068813,0.00040396415776583732,7.9218826130988003,1.7834490285291329,0.35489925943197498,0.3868208182044327,24.513319210693645,0.25978314564563332
43,N2,43,AB,1,15,0.28552508277396521,0.10516129098832608,0.43869366431608792,0.40986504604784735,0.65371584724482446,0.065748221751349409,237.21621449057395,89,1,2.12801964320749,0.19878816640307267,0.4268297110770532,0.39717844086552789,1.0937519393418142,2.559090341221522,1.0895621540676803,1.249291235068813,0.00040396415776583732,7.9218826130988003,1.7834490285291329,0.35489925943197498,0.3868208182044327,24.513319210693645,0.25978314564563332
44,N2,44,AB,1,16,0.28552508277396521,0.10516129098832608,0.43869366431608792,0.40986504604784735,0.65371584724482446,0.065748221751349409,237.21621449057395,89,1,2.12801964320749,0.19878816640307267,0.4268297110770532,0.39717844086552789,1.0937519393418142,2.559090341221522,1.1250219638179988,1.259438695339486,0.00040396415776583732,7.9218826130988003,1.7834490285291329,0.35489925943197498,0.3868208182044327,24.513319210693645,0.25978314564563332
45,N2,45,AB,1,17,0.28552508277396521,0.10516129098832608,0.43869366431608792,0.40986504604784735,0.65371584724482446,0.065748221751349409,237.21621449057395,89,1,2.12801964320749,0.19878816640307267,0.4268297110770532,0.39717844086552789,1.0937519393418142,2.559090341221522,1.1250219638179988,1.249291235068813,0.00029202341267069371,7.9218826130988003,1.7834490285291329,0.35489925943197498,0.3868208182044327,24.513319210693645,0.25978314564563332
46,N2,46,AB,1,18,0.28552508277396521,0.10516129098832608,0.43869366431608792,0.40986504604784735,0.65371584724482446,0.065748221751349409,237.21621449057395,89,1,2.12801964320749,0.19878816640307267,0.4268297110770532,0.39717844086552789,1.0937519393418142,2.559090341221522,1.1250219638179988,1.249291235068813,0.00040396415776583732,82.851839881876529,1.7834490285291329,0.35489925943197498,0.3868208182044327,24.513319210693645,0.25978314564563332
47,N2,47,AB,1,19,0.28552508277396521,0.10516129098832608,0.43869366431608792,0.40986504604784735,0.65371584724482446,0.065748221751349409,237.21621449057395,89,1,2.12801964320749,0.19878816640307267,0.4268297110770532,0.39717844086552789,1.0937519393418142,2.559090341221522,1.1250219638179988,1.249291235068813,0.00040396415776583732,7.9218826130988003,1.576277771794163,0.35489925943197498,0.3868208182044327,24.513319210693645,0.25978314564563332
48,N2,48,AB,1,20,0.28552508277396521,0.10516129098832608,0.43869366431608792,0.40986504604784735,0.65371584724482446,0.065748221751349409,237.21621449057395,89,1,2.12801964320749,0.19878816640307267,0.4268297110770532,0.39717844086552789,1.0937519393418142,2.559090341221522,1.1250219638179988,1.249291235068813,0.00040396415776583732,7.9218826130988003,1.7834490285291329,0.39765453713951421,0.3868208182044327,24.513319210693645,0.25978314564563332
49,N2,49,AB,1,21,0.28552508277396521,0.10516129098832608,0.43869366431608792,0.40986504604784735,0.65371584724482446,0.065748221751349409,237.21621449057395,89,1,2.12801964320749,0.19878816640307267,0.4268297110770532,0.39717844086552789,1.0937519393418142,2.559090341221522,1.1250219638179988,1.249291235068813,0.00040396415776583732,7.9218826130988003,1.7834490285291329,0.35489925943197498,0.336706036888063,24.513319210693645,0.25978314564563332
50,N2,50,AB,1,22,0.28552508277396521,0.10516129098832608,0.43869366431608792,0.40986504604784735,0.65371584724482446,0.065748221751349409,237.21621449057395,89,1,2.12801964320749,0.19878816640307267,0.4268297110770532,0.39717844086552789,1.0937519393418142,2.559090341221522,1.1250219638179988,1.249291235068813,0.00040396415776583732,7.9218826130988003,1.7834490285291329,0.35489925943197498,0.3868208182044327,12.018313025112684,0.25978314564563332
51,N2,51,AB,1,23,0.28552508277396521,0.10516129098832608,0.43869366431608792,0.40986504604784735,0.65371584724482446,0.065748221751349409,237.21621449057395,89,1,2.12801964320749,0.19878816640307267,0.4268297110770532,0.39717844086552789,1.0937519393418142,2.559090341221522,1.1250219638179988,1.249291235068813,0.00040396415776583732,7.9218826130988003,1.7834490285291329,0.35489925943197498,0.3868208182044327,24.513319210693645,0.4057894438039511
52,N2,52,A,2,-1,0.2360184642396469,0.23785111159086231,0.53967825537547465,0.31505967468224344,0.56535300777874942,0.069242156805330288,54.117989857969022,58,2,2.0921793427103048,0.1461321592106673,0.56412994423814389,0.48958502955271355,0.80530315094476901,2.3522299053341409,1.0523111624084414,1.2158626736607403,2.670673609681823e-06,1.5133528585250693,1.542485230755654,0.43288432747638733,0.13093089573085309,3.1330990336898314,0.39485135055147108
53,N2,53,B,2,-1,0.29406477637319844,0.22515957690775396,0.42760643530637021,0.53452406790465612,0.79447001301421671,0.067874046291012818,1115.4774775354538,19,3,1.910599238379814,0.12409849138529322,0.53724060167548748,0.37058974852048587,0.8194259494952254,2.4717150575324194,1.0381012276560069,1.1415294496808202,0.0091203596137587242,1.9853805902358277,1.7365324433231417,0.37847879301205506,0.80618344079703097,1.3881773427789523,0.30388415553607045
54,N2,54,AB,2,0,0.29406477637319844,0.23785111159086231,0.53967825537547465,0.31505967468224344,0.56535300777874942,0.069242156805330288,54.117989857969022,58,2,2.0921793427103048,0.1461321592106673,0.56412994423814389,0.48958502955271355,0.80530315094476901,2.3522299053341409,1.0523111624084414,1.2158626736607403,2.670673609681823e-06,1.5133528585250693,1.542485230755654,0.43288432747638733,0.13093089573085309,3.1330990336898314,0.39485135055147108
55,N2,55,AB,2,1,0.2360184642396469,0.22515957690775396,0.53967825537547465,0.31505967468224344,0.56535300777874942,0.069242156805330288,54.117989857969022,58,2,2.0921793427103048,0.1461321592106673,0.56412994423814389,0.48958502955271355,0.80530315094476901,2.3522299053341409,1.0523111624084414,1.2158626736607403,2.670673609681823e-06,1.5133528585250693,1.542485230755654,0.43288432747638733,0.13093089573085309,3.1330990336898314,0.39485135055147108
56,N2,56,AB,2,2,0.2360184642396469,0.23785111159086231,0.42760643530637021,0.31505967468224344,0.56535300777874942,0.069242156805330288,54.117989857969022,58,2,2.0921793427103048,0.1461321592106673,0.56412994423814389,0.48958502955271355,0.80530315094476901,2.3522299053341409,1.0523111624084414,1.2158626736607403,2.670673609681823e-06,1.5133528585250693,1.542485230755654,0.43288432747638733,0.13093089573085309,3.1330990336898314,0.39485135055147108
57,N2,57,AB,2,3,0.2360184642396469,0.23785111159086231,0.53967825537547465,0.53452406790465612,0.56535300777874942,0.069242156805330288,54.117989857969022,58,2,2.0921793427103048,0.1461321592106673,0.56412994423814389,0.48958502955271355,0.80530315094476901,2.3522299053341409,1.0523111624084414,1.2158626736607403,2.670673609681823e-06,1.5133528585250693,1.542485230755654,0.43288432747638733,0.13093089573085309,3.1330990336898314,0.39485135055147108
58,N2,58,AB,2,4,0.2360184642396469,0.23785111159086231,0.53967825537547465,0.31505967468224344,0.79447001301421671,0.069242156805330288,54.117989857969022,58,2,2.0921793427103048,0.1461321592106673,0.56412994423814389,0.48958502955271355,0.80530315094476901,2.3522299053341409,1.0523111624084414,1.2158626736607403,2.670673609681823e-06,1.5133528585250693,1.542485230755654,0.43288432747638733,0.13093089573085309,3.1330990336898314,0.39485135055147108
59,N2,59,AB,2,5,0.2360184642396469,0.23785111159086231,0.53967825537547465,0.31505967468224344,0.56535300777874942,0.067874046291012818,54.117989857969022,58,2,2.0921793427103048,0.1461321592106673,0.56412994423814389,0.48958502955271355,0.80530315094476901,2.3522299053341409,1.0523111624084414,1.2158626736607403,2.670673609681823e-06,1.5133528585250693,1.542485230755654,0.43288432747638733,0.13093089573085309,3.1330990336898314,0.39485135055147108
60,N2,60,AB,2,6,0.2360184642396469,0.23785111159086231,0.53967825537547465,0.31505967468224344,0.56535300777874942,0.069242156805330288,1115.4774775354538,58,2,2.0921793427103048,0.1461321592106673,0.56412994423814389,0.48958502955271355,0.80530315094476901,2.3522299053341409,1.0523111624084414,1.2158626736607403,2.670673609681823e-06,1.5133528585250693,1.542485230755654,0.43288432747638733,0.13093089573085309,3.1330990336898314,0.39485135055147108
61,N2,61,AB,2,7,0.2360184642396469,0.23785111159086231,0.53967825537547465,0.31505967468224344,0.56535300777874942,0.069242156805330288,54.117989857969022,19,2,2.0921793427103048,0.1461321592106673,0.56412994423814389,0.48958502955271355,0.80530315094476901,2.3522299053341409,1.0523111624084414,1.2158626736607403,2.670673609681823e-06,1.5133528585250693,1.542485230755654,0.43288432747638733,0.13093089573085309,3.1330990336898314,0.39485135055147108
62,N2,62,AB,2,8,0.2360184642396469,0.23785111159086231,0.53967825537547465,0.31505967468224344,0.56535300777874942,0.069242156805330288,54.117989857969022,58,3,2.0921793427103048,0.1461321592106673,0.56412994423814389,0.48958502955271355,0.80530315094476901,2.3522299053341409,1.0523111624084414,1.2158626736607403,2.670673609681823e-06,1.5133528585250693,1.542485230755654,0.43288432747638733,0.13093089573085309,3.1330990336898314,0.39485135055147108
63,N2,63,AB,2,9,0.2360184642396469,0.23785111159086231,0.53967825537547465,0.31505967468224344,0.56535300777874942,0.069242156805330288,54.117989857969022,58,2,1.910599238379814,0.1461321592106673,0.56412994423814389,0.48958502955271355,0.80530315094476901,2.3522299053341409,1.0523111624084414,1.2158626736607403,2.670673609681823e-06,1.5133528585250693,1.542485230755654,0.43288432747638733,0.13093089573085309,3.1330990336898314,0.39485135055147108
64,N2,64,AB,2,10,0.2360184642396469,0.23785111159086231,0.53967825537547465,0.31505967468224344,0.56535300777874942,0.069242156805330288,54.117989857969022,58,2,2.0921793427103048,0.12409849138529322,0.56412994423814389,0.48958502955271355,0.80530315094476901,2.3522299053341409,1.0523111624084414,1.2158626736607403,2.670673609681823e-06,1.5133528585250693,1.542485230755654,0.43288432747638733,0.13093089573085309,3.1330990336898314,0.39485135055147108
65,N2,65,AB,2,11,0.2360184642396469,0.23785111159086231,0.53967825537547465,0.31505967468224344,0.56535300777874942,0.069242156805330288,54.117989857969022,58,2,2.0921793427103048,0.1461321592106673,0.53724060167548748,0.48958502955271355,0.80530315094476901,2.3522299053341409,1.0523111624084414,1.2158626736607403,2.670673609681823e-06,1.5133528585250693,1.542485230755654,0.43288432747638733,0.13093089573085309,3.1330990336898314,0.39485135055147108
66,N2,66,AB,2,12,0.2360184642396469,0.23785111159086231,0.53967825537547465,0.31505967468224344,0.56535300777874942,0.069242156805330288,54.117989857969022,58,2,2.0921793427103048,0.1461321592106673,0.56412994423814389,0.37058974852048587,0.80530315094476901,2.3522299053341409,1.0523111624084414,1.2158626736607403,2.670673609681823e-06,1.5133528585250693,1.542485230755654,0.43288432747638733,0.13093089573085309,3.1330990336898314,0.39485135055147108
67,N2,67,AB,2,13,0.2360184642396469,0.23785111159086231,0.53967825537547465,0.31505967468224344,0.56535300777874942,0.069242156805330288,54.117989857969022,58,2,2.0921793427103048,0.1461321592106673,0.56412994423814389,0.48958502955271355,0.8194259494952254,2.3522299053341409,1.0523111624084414,1.2158626736607403,2.670673609681823e-06,1.5133528585250693,1.542485230755654,0.43288432747638733,0.13093089573085309,3.1330990336898314,0.39485135055147108
68,N2,68,AB,2,14,0.2360184642396469,0.23785111159086231,0.53967825537547465,0.31505967468224344,0.56535300777874942,0.069242156805330288,54.117989857969022,58,2,2.0921793427103048,0.1461321592106673,0.56412994423814389,0.48958502955271355,0.80530315094476901,2.4717150575324194,1.0523111624084414,1.2158626736607403,2.670673609681823e-06,1.5133528585250693,1.542485230755654,0.43288432747638733,0.13093089573085309,3.1330990336898314,0.39485135055147108
69,N2,69,AB,2,15,0.2360184642396469,0.23785111159086231,0.53967825537547465,0.31505967468224344,0.56535300777874942,0.069242156805330288,54.117989857969022,58,2,2.0921793427103048,0.1461321592106673,0.56412994423814389,0.48958502955271355,0.80530315094476901,2.3522299053341409,1.0381012276560069,1.2158626736607403,2.670673609681823e-06,1.5133528585250693,1.542485230755654,0.43288432747638733,0.13093089573085309,3.1330990336898314,0.39485135055147108
70,N2,70,AB,2,16,0.2360184642396469,0.23785111159086231,0.53967825537547465,0.31505967468224344,0.56535300777874942,0.069242156805330288,54.117989857969022,58,2,2.0921793427103048,0.1461321592106673,0.56412994423814389,0.48958502955271355,0.80530315094476901,2.3522299053341409,1.0523111624084414,1.1415294496808202,2.670673609681823e-06,1.5133528585250693,1.542485230755654,0.43288432747638733,0.13093089573085309,3.1330990336898314,0.39485135055147108
71,N2,71,AB,2,17,0.2360184642396469,0.23785111159086231,0.53967825537547465,0.31505967468224344,0.56535300777874942,0.069242156805330288,54.117989857969022,58,2,2.0921793427103048,0.1461321592106673,0.56412994423814389,0.48958502955271355,0.80530315094476901,2.3522299053341409,1.0523111624084414,1.2158626736607403,0.0091203596137587242,1.5133528585250693,1.542485230755654,0.43288432747638733,0.13093089573085309,3.1330990336898314,0.39485135055147108
72,N2,72,AB,2,18,0.2360184642396469,0.23785111159086231,0.53967825537547465,0.31505967468224344,0.56535300777874942,0.069242156805330288,54.117989857969022,58,2,2.0921793427103048,0.1461321592106673,0.56412994423814389,0.48958502955271355,0.80530315094476901,2.3522299053341409,1.0523111624084414,1.2158626736607403,2.670673609681823e-06,1.9853805902358277,1.542485230755654,0.43288432747638733,0.13093089573085309,3.1330990336898314,0.39485135055147108
73,N2,73,AB,2,19,0.2360184642396469,0.23785111159086231,0.53967825537547465,0.31505967468224344,0.56535300777874942,0.069242156805330288,54.117989857969022,58,2,2.0921793427103048,0.1461321592106673,0.56412994423814389,0.48958502955271355,0.80530315094476901,2.3522299053341409,1.0523111624084414,1.2158626736607403,2.670673609681823e-06,1.5133528585250693,1.7365324433231417,0.43288432747638733,0.13093089573085309,3.1330990336898314,0.39485135055147108
74,N2,74,AB,2,20,0.2360184642396469,0.23785111159086231,0.53967825537547465,0.31505967468224344,0.56535300777874942,0.069242156805330288,54.117989857969022,58,2,2.0921793427103048,0.1461321592106673,0.56412994423814389,0.48958502955271355,0.80530315094476901,2.3522299053341409,1.0523111624084414,1.2158626736607403,2.670673609681823e-06,1.5133528585250693,1.542485230755654,0.37847879301205506,0.13093089573085309,3.1330990336898314,0.39485135055147108
75,N2,75,AB,2,21,0.2360184642396469,0.23785111159086231,0.53967825537547465,0.31505967468224344,0.56535300777874942,0.069242156805330288,54.117989857969022,58,2,2.0921793427103048,0.1461321592106673,0.56412994423814389,0.48958502955271355,0.80530315094476901,2.3522299053341409,1.0523111624084414,1.2158626736607403,2.670673609681823e-06,1.5133528585250693,1.542485230755654,0.43288432747638733,0.80618344079703097,3.1330990336898314,0.39485135055147108
76,N2,76,AB,2,22,0.2360184642396469,0.23785111159086231,0.53967825537547465,0.31505967468224344,0.56535300777874942,0.069242156805330288,54.117989857969022,58,2,2.0921793427103048,0.1461321592106673,0.56412994423814389,0.48958502955271355,0.80530315094476901,2.3522299053341409,1.0523111624084414,1.2158626736607403,2.670673609681823e-06,1.5133528585250693,1.542485230755654,0.43288432747638733,0.13093089573085309,1.3881773427789523,0.39485135055147108
77,N2,77,AB,2,23,0.2360184642396469,0.23785111159086231,0.53967825537547465,0.31505967468224344,0.56535300777874942,0.069242156805330288,54.117989857969022,58,2,2.0921793427103048,0.1461321592106673,0.56412994423814389,0.48958502955271355,0.80530315094476901,2.3522299053341409,1.0523111624084414,1.2158626736607403,2.670673609681823e-06,1.5133528585250693,1.542485230755654,0.43288432747638733,0.13093089573085309,3.1330990336898314,0.30388415553607045
78,N2,78,A,3,-1,0.30384816377957885,0.069872672483325016,0.30242661042138935,0.51072422907818515,0.85247592156444651,0.062321162993761794,948.47138776526049,7,5,1.8571636850482105,0.25443794621314775,0.61479559705672926,0.32374222319891982,0.91967880379011779,2.2207084380799373,1.0850829210784285,1.0999875512905419,0.004288891925566393,33.616773798411629,1.6373443667458183,0.39817651718783154,0.66055664233863354,8.6094710775050949,0.22195745063945649
79,N2,79,B,3,-1,0.30350347545522455,0.075790160521864894,0.59245066465809937,0.32145734942014004,0.60389660977263371,0.063414451744402051,8.7069784355438049,51,1,2.0333287289657309,0.27930795144599418,0.68933992993565085,0.44256152321622505,0.9958189092682983,1.8486352651242599,1.1459280668012797,1.2076566889416427,4.0876862469267906e-06,17.715181642334922,1.4885304268639008,0.4344134884122221,0.18186061512678864,22.087967180321801,0.47441279399208724
80,N2,80,AB,3,0,0.30350347545522455,0.069872672483325016,0.30242661042138935,0.51072422907818515,0.85247592156444651,0.062321162993761794,948.47138776526049,7,5,1.8571636850482105,0.25443794621314775,0.61479559705672926,0.32374222319891982,0.91967880379011779,2.2207084380799373,1.0850829210784285,1.0999875512905419,0.004288891925566393,33.616773798411629,1.6373443667458183,0.39817651718783154,0.66055664233863354,8.6094710775050949,0.22195745063945649
81,N2,81,AB,3,1,0.30384816377957885,0.075790160521864894,0.30242661042138935,0.51072422907818515,0.85247592156444651,0.062321162993761794,948.47138776526049,7,5,1.8571636850482105,0.25443794621314775,0.61479559705672926,0.32374222319891982,0.91967880379011779,2.2207084380799373,1.0850829210784285,1.0999875512905419,0.004288891925566393,33.616773798411629,1.6373443667458183,0.39817651718783154,0.66055664233863354,8.6094710775050949,0.22195745063945649
82,N2,82,AB,3,2,0.30384816377957885,0.069872672483325016,0.59245066465809937,0.51072422907818515,0.85247592156444651,0.062321162993761794,948.47138776526049,7,5,1.8571636850482105,0.25443794621314775,0.61479559705672926,0.32374222319891982,0.91967880379011779,2.2207084380799373,1.0850829210784285,1.0999875512905419,0.004288891925566393,33.616773798411629,1.6373443667458183,0.39817651718783154,0.66055664233863354,8.6094710775050949,0.22195745063945649
83,N2,83,AB,3,3,0.30384816377957885,0.069872672483325016,0.30242661042138935,0.32145734942014004,0.85247592156444651,0.062321162993761794,948.47138776526049,7,5,1.8571636850482105,0.25443794621314775,0.61479559705672926,0.32374222319891982,0.91967880379011779,2.2207084380799373,1.0850829210784285,1.0999875512905419,0.004288891925566393,33.616773798411629,1.6373443667458183,0.39817651718783154,0.66055664233863354,8.6094710775050949,0.22195745063945649
84,N2,84,AB,3,4,0.30384816377957885,0.069872672483325016,0.30242661042138935,0.51072422907818515,0.60389660977263371,0.062321162993761794,948.47138776526049,7,5,1.8571636850482105,0.25443794621314775,0.61479559705672926,0.32374222319891982,0.91967880379011779,2.2207084380799373,1.0850829210784285,1.0999875512905419,0.004288891925566393,33.616773798411629,1.6373443667458183,0.39817651718783154,0.66055664233863354,8.6094710775050949,0.22195745063945649
85,N2,85,AB,3,5,0.30384816377957885,0.069872672483325016,0.30242661042138935,0.51072422907818515,0.85247592156444651,0.063414451744402051,948.47138776526049,7,5,1.8571636850482105,0.25443794621314775,0.61479559705672926,0.32374222319891982,0.91967880379011779,2.2207084380799373,1.0850829210784285,1.0999875512905419,0.004288891925566393,33.616773798411629,1.6373443667458183,0.39817651718783154,0.66055664233863354,8.6094710775050949,0.22195745063945649
86,N2,86,AB,3,6,0.30384816377957885,0.069872672483325016,0.30242661042138935,0.51072422907818515,0.85247592156444651,0.062321162993761794,8.7069784355438049,7,5,1.8571636850482105,0.25443794621314775,0.61479559705672926,0.32374222319891982,0.91967880379011779,2.2207084380799373,1.0850829210784285,1.0999875512905419,0.004288891925566393,33.616773798411629,1.6373443667458183,0.39817651718783154,0.66055664233863354,8.6094710775050949,0.22195745063945649
87,N2,87,AB,3,7,0.30384816377957885,0.069872672483325016,0.30242661042138935,0.51072422907818515,0.85247592156444651,0.062321162993761794,948.47138776526049,51,5,1.8571636850482105,0.25443794621314775,0.61479559705672926,0.32374222319891982,0.91967880379011779,2.2207084380799373,1.0850829210784285,1.0999875512905419,0.004288891925566393,33.616773798411629,1.6373443667458183,0.39817651718783154,0.66055664233863354,8.6094710775050949,0.22195745063945649
88,N2,88,AB,3,8,0.30384816377957885,0.069872672483325016,0.30242661042138935,0.51072422907818515,0.85247592156444651,0.062321162993761794,948.47138776526049,7,1,1.8571636850482105,0.25443794621314775,0.61479559705672926,0.32374222319891982,0.91967880379011779,2.2207084380799373,1.0850829210784285,1.0999875512905419,0.004288891925566393,33.616773798411629,1.6373443667458183,0.39817651718783154,0.66055664233863354,8.6094710775050949,0.22195745063945649
89,N2,89,AB,3,9,0.30384816377957885,0.069872672483325016,0.30242661042138935,0.51072422907818515,0.85247592156444651,0.062321162993761794,948.47138776526049,7,5,2.0333287289657309,0.25443794621314775,0.61479559705672926,0.32374222319891982,0.91967880379011779,2.2207084380799373,1.0850829210784285,1.0999875512905419,0.004288891925566393,33.616773798411629,1.6373443667458183,0.39817651718783154,0.66055664233863354,8.6094710775050949,0.22195745063945649
90,N2,90,AB,3,10,0.30384816377957885,0.069872672483325016,0.30242661042138935,0.51072422907818515,0.85247592156444651,0.062321162993761794,948.47138776526049,7,5,1.8571636850482105,0.27930795144599418,0.61479559705672926,0.32374222319891982,0.91967880379011779,2.2207084380799373,1.0850829210784285,1.0999875512905419,0.004288891925566393,33.616773798411629,1.6373443667458183,0.39817651718783154,0.66055664233863354,8.6094710775050949,0.22195745063945649
91,N2,91,AB,3,11,0.30384816377957885,0.069872672483325016,0.30242661042138935,0.51072422907818515,0.85247592156444651,0.062321162993761794,948.47138776526049,7,5,1.8571636850482105,0.25443794621314775,0.68933992993565085,0.32374222319891982,0.91967880379011779,2.2207084380799373,1.0850829210784285,1.0999875512905419,0.004288891925566393,33.616773798411629,1.6373443667458183,0.39817651718783154,0.66055664233863354,8.6094710775050949,0.22195745063945649
92,N2,92,AB,3,12,0.30384816377957885,0.069872672483325016,0.30242661042138935,0.51072422907818515,0.85247592156444651,0.062321162993761794,948.47138776526049,7,5,1.8571636850482105,0.25443794621314775,0.61479559705672926,0.44256152321622505,0.91967880379011779,2.2207084380799373,1.0850829210784285,1.0999875512905419,0.004288891925566393,33.616773798411629,1.6373443667458183,0.39817651718783154,0.66055664233863354,8.6094710775050949,0.22195745063945649
93,N2,93,AB,3,13,0.30384816377957885,0.069872672483325016,0.30242661042138935,0.51072422907818515,0.85247592156444651,0.062321162993761794,948.47138776526049,7,5,1.8571636850482105,0.25443794621314775,0.61479559705672926,0.32374222319891982,0.9958189092682983,2.2207084380799373,1.0850829210784285,1.0999875512905419,0.004288891925566393,33.616773798411629,1.6373443667458183,0.39817651718783154,0.66055664233863354,8.6094710775050949,0.22195745063945649
94,N2,94,AB,3,14,0.30384816377957885,0.069872672483325016,0.30242661042138935,0.51072422907818515,0.85247592156444651,0.062321162993761794,948.47138776526049,7,5,1.8571636850482105,0.25443794621314775,0.61479559705672926,0.32374222319891982,0.91967880379011779,1.8486352651242599,1.0850829210784285,1.0999875512905419,0.004288891925566393,33.616773798411629,1.6373443667458183,0.39817651718783154,0.66055664233863354,8.6094710775050949,0.22195745063945649
95,N2,95,AB,3,15,0.30384816377957885,0.069872672483325016,0.30242661042138935,0.51072422907818515,0.85247592156444651,0.062321162993761794,948.47138776526049,7,5,1.8571636850482105,0.25443794621314775,0.61479559705672926,0.32374222319891982,0.91967880379011779,2.2207084380799373,1.1459280668012797,1.0999875512905419,0.004288891925566393,33.616773798411629,1.6373443667458183,0.39817651718783154,0.66055664233863354,8.6094710775050949,0.22195745063945649
96,N2,96,AB,3,16,0.30384816377957885,0.069872672483325016,0.30242661042138935,0.51072422907818515,0.85247592156444651,0.062321162993761794,948.47138776526049,7,5,1.8571636850482105,0.25443794621314775,0.61479559705672926,0.32374222319891982,0.91967880379011779,2.2207084380799373,1.0850829210784285,1.2076566889416427,0.004288891925566393,33.616773798411629,1.6373443667458183,0.39817651718783154,0.66055664233863354,8.6094710775050949,0.22195745063945649
97,N2,97,AB,3,17,0.30384816377957885,0.069872672483325016,0.30242661042138935,0.51072422907818515,0.85247592156444651,0.062321162993761794,948.47138776526049,7,5,1.8571636850482105,0.25443794621314775,0.61479559705672926,0.32374222319891982,0.91967880379011779,2.2207084380799373,1.0850829210784285,1.0999875512905419,4.0876862469267906e-06,33.616773798411629,1.6373443667458183,0.39817651718783154,0.66055664233863354,8.6094710775050949,0.22195745063945649
98,N2,98,AB,3,18,0.30384816377957885,0.069872672483325016,0.30242661042138935,0.51072422907818515,0.85247592156444651,0.062321162993761794,948.47138776526049,7,5,1.8571636850482105,0.25443794621314775,0.61479559705672926,0.32374222319891982,0.91967880379011779,2.2207084380799373,1.0850829210784285,1.0999875512905419,0.004288891925566393,17.715181642334922,1.6373443667458183,0.39817651718783154,0.66055664233863354,8.6094710775050949,0.22195745063945649
99,N2,99,AB,3,19,0.30384816377957885,0.069872672483325016,0.30242661042138935,0.51072422907818515,0.85247592156444651,0.062321162993761794,948.47138776526049,7,5,1.8571636850482105,0.25443794621314775,0.61479559705672926,0.32374222319891982,0.91967880379011779,2.2207084380799373,1.0850829210784285,1.0999875512905419,0.004288891925566393,33.616773798411629,1.4885304268639008,0.39817651718783154,0.66055664233863354,8.6094710775050949,0.22195745063945649
100,N2,100,AB,3,20,0.30384816377957885,0.069872672483325016,0.30242661042138935,0.51072422907818515,0.85247592156444651,0.062321162993761794,948.47138776526049,7,5,1.8571636850482105,0.25443794621314775,0.61479559705672926,0.32374222319891982,0.91967880379011779,2.2207084380799373,1.0850829210784285,1.0999875512905419,0.004288891925566393,33.616773798411629,1.6373443667458183,0.4344134884122221,0.66055664233863354,8.6094710775050949,0.22195745063945649
101,N2,101,AB,3,21,0.30384816377957885,0.069872672483325016,0.30242661042138935,0.51072422907818515,0.85247592156444651,0.062321162993761794,948.47138776526049,7,5,1.8571636850482105,0.25443794621314775,0.61479559705672926,0.32374222319891982,0.91967880379011779,2.2207084380799373,1.0850829210784285,1.0999875512905419,0.004288891925566393,33.616773798411629,1.6373443667458183,0.39817651718783154,0.18186061512678864,8.6094710775050949,0.22195745063945649
102,N2,102,AB,3,22,0.30384816377957885,0.069872672483325016,0.30242661042138935,0.51072422907818515,0.85247592156444651,0.062321162993761794,948.47138776526049,7,5,1.8571636850482105,0.25443794621314775,0.61479559705672926,0.32374222319891982,0.91967880379011779,2.2207084380799373,1.0850829210784285,1.0999875512905419,0.004288891925566393,33.616773798411629,1.6373443667458183,0.39817651718783154,0.66055664233863354,22.087967180321801,0.22195745063945649
103,N2,103,AB,3,23,0.30384816377957885,0.069872672483325016,0.30242661042138935,0.51072422907818515,0.85247592156444651,0.062321162993761794,948.47138776526049,7,5,1.8571636850482105,0.25443794621314775,0.61479559705672926,0.32374222319891982,0.91967880379011779,2.2207084380799373,1.0850829210784285,1.0999875512905419,0.004288891925566393,33.616773798411629,1.6373443667458183,0.39817651718783154,0.66055664233863354,8.6094710775050949,0.47441279399208724
104,N5,0,A,0,-1,0.34799080811083904,0.18713280558586121,0.64467932032421227,0.35411620526831172,0.7313554385490334,0.064716537942105995,15.284174588861873,38,4,1.9224787643156673,0.31867636428431678,0.66648613507075782,0.46117736540919052,0.75481072385824155,2.0400484081079724,1.077523641679436,1.1348809508606792,2.205422230791195e-05,99.315592661185903,1.5753681697612401,0.41659401403450674,0.79669172586873171,1.1725685498182401,0.44528330806642769
105,N5,1,B,0,-1,0.25644539659868365,0.11060584336519241,0.24907418787479402,0.35900993521554836,0.68565540682506998,0.061992429127784882,354.34195149399704,42,4,2.2308034759817987,0.25382247979694933,0.64225288622842547,0.35310280115876336,0.6906345781948533,2.5724722683686672,1.0670478071738034,1.091741322958842,1.3148680251310148e-05,13.758470459285473,1.6438459360389148,0.41108102232479604,0.65110454615205526,3.5068380169576772,0.20307322577573358
106,N5,2,AB,0,0,0.25644539659868365,0.18713280558586121,0.64467932032421227,0.35411620526831172,0.7313554385490334,0.064716537942105995,15.284174588861873,38,4,1.9224787643156673,0.31867636428431678,0.66648613507075782,0.46117736540919052,0.75481072385824155,2.0400484081079724,1.077523641679436,1.1348809508606792,2.205422230791195e-05,99.315592661185903,1.5753681697612401,0.41659401403450674,0.79669172586873171,1.1725685498182401,0.44528330806642769
107,N5,3,AB,0,1,0.34799080811083904,0.11060584336519241,0.64467932032421227,0.35411620526831172,0.7313554385490334,0.064716537942105995,15.284174588861873,38,4,1.9224787643156673,0.31867636428431678,0.66648613507075782,0.46117736540919052,0.75481072385824155,2.0400484081079724,1.077523641679436,1.1348809508606792,2.205422230791195e-05,99.315592661185903,1.5753681697612401,0.41659401403450674,0.79669172586873171,1.1725685498182401,0.44528330806642769
108,N5,4,AB,0,2,0.34799080811083904,0.18713280558586121,0.24907418787479402,0.35411620526831172,0.7313554385490334,0.064716537942105995,15.284174588861873,38,4,1.9224787643156673,0.31867636428431678,0.66648613507075782,0.46117736540919052,0.75481072385824155,2.0400484081079724,1.077523641679436,1.1348809508606792,2.205422230791195e-05,99.315592661185903,1.5753681697612401,0.41659401403450674,0.79669172586873171,1.1725685498182401,0.44528330806642769
109,N5,5,AB,0,3,0.34799080811083904,0.18713280558586121,0.64467932032421227,0.35900993521554836,0.7313554385490334,0.064716537942105995,15.284174588861873,38,4,1.9224787643156673,0.31867636428431678,0.66648613507075782,0.46117736540919052,0.75481072385824155,2.0400484081079724,1.077523641679436,1.1348809508606792,2.205422230791195e-05,99.315592661185903,1.5753681697612401,0.41659401403450674,0.79669172586873171,1.1725685498182401,0.44528330806642769
110,N5,6,AB,0,4,0.34799080811083904,0.18713280558586121,0.64467932032421227,0.35411620526831172,0.68565540682506998,0.064716537942105995,15.284174588861873,38,4,1.9224787643156673,0.31867636428431678,0.66648613507075782,0.46117736540919052,0.75481072385824155,2.0400484081079724,1.077523641679436,1.1348809508606792,2.205422230791195e-05,99.315592661185903,1.5753681697612401,0.41659401403450674,0.79669172586873171,1.1725685498182401,0.44528330806642769
111,N5,7,AB,0,5,0.34799080811083904,0.18713280558586121,0.64467932032421227,0.35411620526831172,0.7313554385490334,0.061992429127784882,15.284174588861873,38,4,1.9224787643156673,0.31867636428431678,0.66648613507075782,0.46117736540919052,0.75481072385824155,2.0400484081079724,1.077523641679436,1.1348809508606792,2.205422230791195e-05,99.315592661185903,1.5753681697612401,0.41659401403450674,0.79669172586873171,1.1725685498182401,0.44528330806642769
112,N5,8,AB,0,6,0.34799080811083904,0.18713280558586121,0.64467932032421227,0.35411620526831172,0.7313554385490334,0.064716537942105995,354.34195149399704,38,4,1.9224787643156673,0.31867636428431678,0.66648613507075782,0.46117736540919052,0.75481072385824155,2.0400484081079724,1.077523641679436,1.1348809508606792,2.205422230791195e-05,99.315592661185903,1.5753681697612401,0.41659401403450674,0.79669172586873171,1.1725685498182401,0.44528330806642769
113,N5,9,AB,0,7,0.34799080811083904,0.18713280558586121,0.64467932032421227,0.35411620526831172,0.7313554385490334,0.064716537942105995,15.284174588861873,42,4,1.9224787643156673,0.31867636428431678,0.66648613507075782,0.46117736540919052,0.75481072385824155,2.0400484081079724,1.077523641679436,1.1348809508606792,2.205422230791195e-05,99.315592661185903,1.5753681697612401,0.41659401403450674,0.79669172586873171,1.1725685498182401,0.44528330806642769
114,N5,10,AB,0,8,0.34799080811083904,0.18713280558586121,0.64467932032421227,0.35411620526831172,0.7313554385490334,0.064716537942105995,15.284174588861873,38,4,1.9224787643156673,0.31867636428431678,0.66648613507075782,0.46117736540919052,0.75481072385824155,2.0400484081079724,1.077523641679436,1.1348809508606792,2.205422230791195e-05,99.315592661185903,1.5753681697612401,0.41659401403450674,0.79669172586873171,1.1725685498182401,0.44528330806642769
115,N5,11,AB,0,9,0.34799080811083904,0.18713280558586121,0.64467932032421227,0.35411620526831172,0.7313554385490334,0.064716537942105995,15.284174588861873,38,4,2.2308034759817987,0.31867636428431678,0.66648613507075782,0.46117736540919052,0.75481072385824155,2.0400484081079724,1.077523641679436,1.1348809508606792,2.205422230791195e-05,99.315592661185903,1.5753681697612401,0.41659401403450674,0.79669172586873171,1.1725685498182401,0.44528330806642769
116,N5,12,AB,0,10,0.34799080811083904,0.18713280558586121,0.64467932032421227,0.35411620526831172,0.7313554385490334,0.064716537942105995,15.284174588861873,38,4,1.9224787643156673,0.25382247979694933,0.66648613507075782,0.46117736540919052,0.75481072385824155,2.0400484081079724,1.077523641679436,1.1348809508606792,2.205422230791195e-05,99.315592661185903,1.5753681697612401,0.41659401403450674,0.79669172586873171,1.1725685498182401,0.44528330806642769
117,N5,13,AB,0,11,0.34799080811083904,0.18713280558586121,0.64467932032421227,0.35411620526831172,0.7313554385490334,0.064716537942105995,15.284174588861873,38,4,1.9224787643156673,0.31867636428431678,0.64225288622842547,0.46117736540919052,0.75481072385824155,2.0400484081079724,1.077523641679436,1.1348809508606792,2.205422230791195e-05,99.315592661185903,1.5753681697612401,0.41659401403450674,0.79669172586873171,1.1725685498182401,0.44528330806642769
118,N5,14,AB,0,12,0.34799080811083904,0.18713280558586121,0.64467932032421227,0.35411620526831172,0.7313554385490334,0.064716537942105995,15.284174588861873,38,4,1.9224787643156673,0.31867636428431678,0.66648613507075782,0.35310280115876336,0.75481072385824155,2.0400484081079724,1.077523641679436,1.1348809508606792,2.205422230791195e-05,99.315592661185903,1.5753681697612401,0.41659401403450674,0.79669172586873171,1.1725685498182401,0.44528330806642769
119,N5,15,AB,0,13,0.34799080811083904,0.18713280558586121,0.64467932032421227,0.35411620526831172,0.7313554385490334,0.064716537942105995,15.284174588861873,38,4,1.9224787643156673,0.31867636428431678,0.66648613507075782,0.46117736540919052,0.6906345781948533,2.0400484081079724,1.077523641679436,1.1348809508606792,2.205422230791195e-05,99.315592661185903,1.5753681697612401,0.41659401403450674,0.79669172586873171,1.1725685498182401,0.44528330806642769
120,N5,16,AB,0,14,0.34799080811083904,0.18713280558586121,0.64467932032421227,0.35411620526831172,0.7313554385490334,0.064716537942105995,15.284174588861873,38,4,1.9224787643156673,0.31867636428431678,0.66648613507075782,0.46117736540919052,0.75481072385824155,2.5724722683686672,1.077523641679436,1.1348809508606792,2.205422230791195e-05,99.315592661185903,1.5753681697612401,0.41659401403450674,0.79669172586873171,1.1725685498182401,0.44528330806642769
121,N5,17,AB,0,15,0.34799080811083904,0.18713280558586121,0.64467932032421227,0.35411620526831172,0.7313554385490334,0.064716537942105995,15.284174588861873,38,4,1.9224787643156673,0.31867636428431678,0.66648613507075782,0.46117736540919052,0.75481072385824155,2.0400484081079724,1.0670478071738034,1.1348809508606792,2.205422230791195e-05,99.315592661185903,1.5753681697612401,0.41659401403450674,0.79669172586873171,1.1725685498182401,0.44528330806642769
122,N5,18,AB,0,16,0.34799080811083904,0.18713280558586121,0.64467932032421227,0.35411620526831172,0.7313554385490334,0.064716537942105995,15.284174588861873,38,4,1.9224787643156673,0.31867636428431678,0.66648613507075782,0.46117736540919052,0.75481072385824155,2.0400484081079724,1.077523641679436,1.091741322958842,2.205422230791195e-05,99.315592661185903,1.5753681697612401,0.41659401403450674,0.79669172586873171,1.1725685498182401,0.44528330806642769
123,N5,19,AB,0,17,0.34799080811083904,0.18713280558586121,0.64467932032421227,0.35411620526831172,0.7313554385490334,0.064716537942105995,15.284174588861873,38,4,1.9224787643156673,0.31867636428431678,0.66648613507075782,0.46117736540919052,0.75481072385824155,2.0400484081079724,1.077523641679436,1.1348809508606792,1.3148680251310148e-05,99.315592661185903,1.5753681697612401,0.41659401403450674,0.79669172586873171,1.1725685498182401,0.44528330806642769
124,N5,20,AB,0,18,0.34799080811083904,0.18713280558586121,0.64467932032421227,0.35411620526831172,0.7313554385490334,0.064716537942105995,15.284174588861873,38,4,1.9224787643156673,0.31867636428431678,0.66648613507075782,0.46117736540919052,0.75481072385824155,2.0400484081079724,1.077523641679436,1.1348809508606792,2.205422230791195e-05,13.758470459285473,1.5753681697612401,0.41659401403450674,0.79669172586873171,1.1725685498182401,0.44528330806642769
125,N5,21,AB,0,19,0.34799080811083904,0.18713280558586121,0.64467932032421227,0.35411620526831172,0.7313554385490334,0.064716537942105995,15.284174588861873,38,4,1.9224787643156673,0.31867636428431678,0.66648613507075782,0.46117736540919052,0.75481072385824155,2.0400484081079724,1.077523641679436,1.1348809508606792,2.205422230791195e-05,99.315592661185903,1.6438459360389148,0.41659401403450674,0.79669172586873171,1.1725685498182401,0.44528330806642769
126,N5,22,AB,0,20,0.34799080811083904,0.18713280558586121,0.64467932032421227,0.35411620526831172,0.7313554385490334,0.064716537942105995,15.284174588861873,38,4,1.9224787643156673,0.31867636428431678,0.66648613507075782,0.46117736540919052,0.75481072385824155,2.0400484081079724,1.077523641679436,1.1348809508606792,2.205422230791195e-05,99.315592661185903,1.5753681697612401,0.41108102232479604,0.79669172586873171,1.1725685498182401,0.44528330806642769
127,N5,23,AB,0,21,0.34799080811083904,0.18713280558586121,0.64467932032421227,0.35411620526831172,0.7313554385490334,0.064716537942105995,15.284174588861873,38,4,1.9224787643156673,0.31867636428431678,0.66648613507075782,0.46117736540919052,0.75481072385824155,2.0400484081079724,1.077523641679436,1.1348809508606792,2.205422230791195e-05,99.315592661185903,1.5753681697612401,0.41659401403450674,0.65110454615205526,1.1725685498182401,0.44528330806642769
128,N5,24,AB,0,22,0.34799080811083904,0.18713280558586121,0.64467932032421227,0.35411620526831172,0.7313554385490334,0.064716537942105995,15.284174588861873,38,4,1.9224787643156673,0.31867636428431678,0.66648613507075782,0.46117736540919052,0.75481072385824155,2.0400484081079724,1.077523641679436,1.1348809508606792,2.205422230791195e-05,99.315592661185903,1.5753681697612401,0.41659401403450674,0.79669172586873171,3.5068380169576772,0.44528330806642769
129,N5,25,AB,0,23,0.34799080811083904,0.18713280558586121,0.64467932032421227,0.35411620526831172,0.7313554385490334,0.064716537942105995,15.284174588861873,38,4,1.9224787643156673,0.31867636428431678,0.66648613507075782,0.46117736540919052,0.75481072385824155,2.0400484081079724,1.077523641679436,1.1348809508606792,2.205422230791195e-05,99.315592661185903,1.5753681697612401,0.41659401403450674,0.79669172586873171,1.1725685498182401,0.20307322577573358
130,N5,26,A,1,-1,0.28552508277396521,0.10516129098832608,0.43869366431608792,0.40986504604784735,0.65371584724482446,0.065748221751349409,237.21621449057395,89,1,2.12801964320749,0.19878816640307267,0.4268297110770532,0.39717844086552789,1.0937519393418142,2.559090341221522,1.1250219638179988,1.249291235068813,0.00040396415776583732,7.9218826130988003,1.7834490285291329,0.35489925943197498,0.3868208182044327,24.513319210693645,0.25978314564563332
131,N5,27,B,1,-1,0.32314176989553106,0.15988144353032113,0.52281395932659502,0.44795624870941125,0.66268014452525481,0.070688118300154049,45.76981150165274,78,2,1.8421723377558501,0.20684899214636984,0.43763136203716801,0.51425621756812023,1.1508416158735153,2.189101675505547,1.0895621540676803,1.259438695339486,0.00029202341267069371,82.851839881876529,1.576277771794163,0.39765453713951421,0.336706036888063,12.018313025112684,0.4057894438039511
132,N5,28,AB,1,0,0.32314176989553106,0.10516129098832608,0.43869366431608792,0.40986504604784735,0.65371584724482446,0.065748221751349409,237.21621449057395,89,1,2.12801964320749,0.19878816640307267,0.4268297110770532,0.39717844086552789,1.0937519393418142,2.559090341221522,1.1250219638179988,1.249291235068813,0.00040396415776583732,7.9218826130988003,1.7834490285291329,0.35489925943197498,0.3868208182044327,24.513319210693645,0.25978314564563332
133,N5,29,AB,1,1,0.28552508277396521,0.15988144353032113,0.43869366431608792,0.40986504604784735,0.65371584724482446,0.065748221751349409,237.21621449057395,89,1,2.12801964320749,0.19878816640307267,0.4268297110770532,0.39717844086552789,1.0937519393418142,2.559090341221522,1.1250219638179988,1.249291235068813,0.00040396415776583732,7.9218826130988003,1.7834490285291329,0.35489925943197498,0.3868208182044327,24.513319210693645,0.25978314564563332
134,N5,30,AB,1,2,0.28552508277396521,0.10516129098832608,0.52281395932659502,0.40986504604784735,0.65371584724482446,0.065748221751349409,237.21621449057395,89,1,2.12801964320749,0.19878816640307267,0.4268297110770532,0.39717844086552789,1.0937519393418142,2.559090341221522,1.1250219638179988,1.249291235068813,0.00040396415776583732,7.9218826130988003,1.7834490285291329,0.35489925943197498,0.3868208182044327,24.513319210693645,0.25978314564563332
135,N5,31,AB,1,3,0.28552508277396521,0.10516129098832608,0.43869366431608792,0.44795624870941125,0.65371584724482446,0.065748221751349409,237.21621449057395,89,1,2.12801964320749,0.19878816640307267,0.4268297110770532,0.39717844086552789,1.0937519393418142,2.559090341221522,1.1250219638179988,1.249291235068813,0.00040396415776583732,7.9218826130988003,1.7834490285291329,0.35489925943197498,0.3868208182044327,24.513319210693645,0.25978314564563332
136,N5,32,AB,1,4,0.28552508277396521,0.10516129098832608,0.43869366431608792,0.40986504604784735,0.66268014452525481,0.065748221751349409,237.21621449057395,89,1,2.12801964320749,0.19878816640307267,0.4268297110770532,0.39717844086552789,1.0937519393418142,2.559090341221522,1.1250219638179988,1.249291235068813,0.00040396415776583732,7.9218826130988003,1.7834490285291329,0.35489925943197498,0.3868208182044327,24.513319210693645,0.25978314564563332
137,N5,33,AB,1,5,0.28552508277396521,0.10516129098832608,0.43869366431608792,0.40986504604784735,0.65371584724482446,0.070688118300154049,237.21621449057395,89,1,2.12801964320749,0.19878816640307267,0.4268297110770532,0.39717844086552789,1.0937519393418142,2.559090341221522,1.1250219638179988,1.249291235068813,0.00040396415776583732,7.9218826130988003,1.7834490285291329,0.35489925943197498,0.3868208182044327,24.513319210693645,0.25978314564563332
138,N5,34,AB,1,6,0.28552508277396521,0.10516129098832608,0.43869366431608792,0.40986504604784735,0.65371584724482446,0.065748221751349409,45.76981150165274,89,1,2.12801964320749,0.19878816640307267,0.4268297110770532,0.39717844086552789,1.0937519393418142,2.559090341221522,1.1250219638179988,1.249291235068813,0.00040396415776583732,7.9218826130988003,1.7834490285291329,0.35489925943197498,0.3868208182044327,24.513319210693645,0.25978314564563332
139,N5,35,AB,1,7,0.28552508277396521,0.10516129098832608,0.43869366431608792,0.40986504604784735,0.65371584724482446,0.065748221751349409,237.21621449057395,78,1,2.12801964320749,0.19878816640307267,0.4268297110770532,0.39717844086552789,1.0937519393418142,2.559090341221522,1.1250219638179988,1.249291235068813,0.00040396415776583732,7.9218826130988003,1.7834490285291329,0.35489925943197498,0.3868208182044327,24.513319210693645,0.25978314564563332
140,N5,36,AB,1,8,0.28552508277396521,0.10516129098832608,0.43869366431608792,0.40986504604784735,0.65371584724482446,0.065748221751349409,237.21621449057395,89,2,2.12801964320749,0.19878816640307267,0.4268297110770532,0.39717844086552789,1.0937519393418142,2.559090341221522,1.1250219638179988,1.249291235068813,0.00040396415776583732,7.9218826130988003,1.7834490285291329,0.35489925943197498,0.3868208182044327,24.513319210693645,0.25978314564563332
141,N5,37,AB,1,9,0.28552508277396521,0.10516129098832608,0.43869366431608792,0.40986504604784735,0.65371584724482446,0.065748221751349409,237.21621449057395,89,1,1.8421723377558501,0.19878816640307267,0.4268297110770532,0.39717844086552789,1.0937519393418142,2.559090341221522,1.1250219638179988,1.249291235068813,0.00040396415776583732,7.9218826130988003,1.7834490285291329,0.35489925943197498,0.3868208182044327,24.513319210693645,0.25978314564563332
142,N5,38,AB,1,10,0.28552508277396521,0.10516129098832608,0.43869366431608792,0.40986504604784735,0.65371584724482446,0.065748221751349409,237.21621449057395,89,1,2.12801964320749,0.20684899214636984,0.4268297110770532,0.39717844086552789,1.0937519393418142,2.559090341221522,1.1250219638179988,1.249291235068813,0.00040396415776583732,7.9218826130988003,1.7834490285291329,0.35489925943197498,0.3868208182044327,24.513319210693645,0.25978314564563332
143,N5,39,AB,1,11,0.28552508277396521,0.10516129098832608,0.43869366431608792,0.40986504604784735,0.65371584724482446,0.065748221751349409,237.21621449057395,89,1,2.12801964320749,0.19878816640307267,0.43763136203716801,0.39717844086552789,1.0937519393418142,2.559090341221522,1.1250219638179988,1.249291235068813,0.00040396415776583732,7.9218826130988003,1.7834490285291329,0.35489925943197498,0.3868208182044327,24.513319210693645,0.25978314564563332
144,N5,40,AB,1,12,0.28552508277396521,0.10516129098832608,0.43869366431608792,0.40986504604784735,0.65371584724482446,0.065748221751349409,237.21621449057395,89,1,2.12801964320749,0.19878816640307267,0.4268297110770532,0.51425621756812023,1.0937519393418142,2.559090341221522,1.1250219638179988,1.249291235068813,0.00040396415776583732,7.9218826130988003,1.7834490285291329,0.35489925943197498,0.3868208182044327,24.513319210693645,0.25978314564563332
145,N5,41,AB,1,13,0.28552508277396521,0.10516129098832608,0.43869366431608792,0.40986504604784735,0.65371584724482446,0.065748221751349409,237.21621449057395,89,1,2.12801964320749,0.19878816640307267,0.4268297110770532,0.39717844086552789,1.1508416158735153,2.559090341221522,1.1250219638179988,1.249291235068813,0.00040396415776583732,7.9218826130988003,1.7834490285291329,0.35489925943197498,0.3868208182044327,24.513319210693645,0.25978314564563332
146,N5,42,AB,1,14,0.28552508277396521,0.10516129098832608,0.43869366431608792,0.40986504604784735,0.65371584724482446,0.065748221751349409,237.21621449057395,89,1,2.12801964320749,0.19878816640307267,0.4268297110770532,0.39717844086552789,1.0937519393418142,2.189101675505547,1.1250219638179988,1.249291235068813,0.00040396415776583732,7.9218826130988003,1.7834490285291329,0.35489925943197498,0.3868208182044327,24.513319210693645,0.25978314564563332
147,N5,43,AB,1,15,0.28552508277396521,0.10516129098832608,0.43869366431608792,0.40986504604784735,0.65371584724482446,0.065748221751349409,237.21621449057395,89,1,2.12801964320749,0.19878816640307267,0.4268297110770532,0.39717844086552789,1.0937519393418142,2.559090341221522,1.0895621540676803,1.249291235068813,0.00040396415776583732,7.9218826130988003,1.7834490285291329,0.35489925943197498,0.3868208182044327,24.513319210693645,0.25978314564563332
148,N5,44,AB,1,16,0.28552508277396521,0.10516129098832608,0.43869366431608792,0.40986504604784735,0.65371584724482446,0.065748221751349409,237.21621449057395,89,1,2.12801964320749,0.19878816640307267,0.4268297110770532,0.39717844086552789,1.0937519393418142,2.559090341221522,1.1250219638179988,1.259438695339486,0.00040396415776583732,7.9218826130988003,1.7834490285291329,0.35489925943197498,0.3868208182044327,24.513319210693645,0.25978314564563332
149,N5,45,AB,1,17,0.28552508277396521,0.10516129098832608,0.43869366431608792,0.40986504604784735,0.65371584724482446,0.065748221751349409,237.21621449057395,89,1,2.12801964320749,0.19878816640307267,0.4268297110770532,0.39717844086552789,1.0937519393418142,2.559090341221522,1.1250219638179988,1.249291235068813,0.00029202341267069371,7.9218826130988003,1.7834490285291329,0.35489925943197498,0.3868208182044327,24.513319210693645,0.25978314564563332
150,N5,46,AB,1,18,0.28552508277396521,0.10516129098832608,0.43869366431608792,0.40986504604784735,0.65371584724482446,0.065748221751349409,237.21621449057395,89,1,2.12801964320749,0.19878816640307267,0.4268297110770532,0.39717844086552789,1.0937519393418142,2.559090341221522,1.1250219638179988,1.249291235068813,0.00040396415776583732,82.851839881876529,1.7834490285291329,0.35489925943197498,0.3868208182044327,24.513319210693645,0.25978314564563332
151,N5,47,AB,1,19,0.28552508277396521,0.10516129098832608,0.43869366431608792,0.40986504604784735,0.65371584724482446,0.065748221751349409,237.21621449057395,89,1,2.12801964320749,0.19878816640307267,0.4268297110770532,0.39717844086552789,1.0937519393418142,2.559090341221522,1.1250219638179988,1.249291235068813,0.00040396415776583732,7.9218826130988003,1.576277771794163,0.35489925943197498,0.3868208182044327,24.513319210693645,0.25978314564563332
152,N5,48,AB,1,20,0.28552508277396521,0.10516129098832608,0.43869366431608792,0.40986504604784735,0.65371584724482446,0.065748221751349409,237.21621449057395,89,1,2.12801964320749,0.19878816640307267,0.4268297110770532,0.39717844086552789,1.0937519393418142,2.559090341221522,1.1250219638179988,1.249291235068813,0.00040396415776583732,7.9218826130988003,1.7834490285291329,0.39765453713951421,0.3868208182044327,24.513319210693645,0.25978314564563332
153,N5,49,AB,1,21,0.28552508277396521,0.10516129098832608,0.43869366431608792,0.40986504604784735,0.65371584724482446,0.065748221751349409,237.21621449057395,89,1,2.12801964320749,0.19878816640307267,0.4268297110770532,0.39717844086552789,1.0937519393418142,2.559090341221522,1.1250219638179988,1.249291235068813,0.00040396415776583732,7.9218826130988003,1.7834490285291329,0.35489925943197498,0.336706036888063,24.513319210693645,0.25978314564563332
154,N5,50,AB,1,22,0.28552508277396521,0.10516129098832608,0.43869366431608792,0.40986504604784735,0.65371584724482446,0.065748221751349409,237.21621449057395,89,1,2.12801964320749,0.19878816640307267,0.4268297110770532,0.39717844086552789,1.0937519393418142,2.559090341221522,1.1250219638179988,1.249291235068813,0.00040396415776583732,7.9218826130988003,1.7834490285291329,0.35489925943197498,0.3868208182044327,12.018313025112684,0.25978314564563332
155,N5,51,AB,1,23,0.28552508277396521,0.10516129098832608,0.43869366431608792,0.40986504604784735,0.65371584724482446,0.065748221751349409,237.21621449057395,89,1,2.12801964320749,0.19878816640307267,0.4268297110770532,0.39717844086552789,1.0937519393418142,2.559090341221522,1.1250219638179988,1.249291235068813,0.00040396415776583732,7.9218826130988003,1.7834490285291329,0.35489925943197498,0.3868208182044327,24.513319210693645,0.4057894438039511
156,N5,52,A,2,-1,0.2360184642396469,0.23785111159086231,0.53967825537547465,0.31505967468224344,0.56535300777874942,0.069242156805330288,54.117989857969022,58,2,2.0921793427103048,0.1461321592106673,0.56412994423814389,0.48958502955271355,0.80530315094476901,2.3522299053341409,1.0523111624084414,1.2158626736607403,2.670673609681823e-06,1.5133528585250693,1.542485230755654,0.43288432747638733,0.13093089573085309,3.1330990336898314,0.39485135055147108
157,N5,53,B,2,-1,0.29406477637319844,0.22515957690775396,0.42760643530637021,0.53452406790465612,0.79447001301421671,0.067874046291012818,1115.4774775354538,19,3,1.910599238379814,0.12409849138529322,0.53724060167548748,0.37058974852048587,0.8194259494952254,2.4717150575324194,1.0381012276560069,1.1415294496808202,0.0091203596137587242,1.9853805902358277,1.7365324433231417,0.37847879301205506,0.80618344079703097,1.3881773427789523,0.30388415553607045
158,N5,54,AB,2,0,0.29406477637319844,0.23785111159086231,0.53967825537547465,0.31505967468224344,0.56535300777874942,0.069242156805330288,54.117989857969022,58,2,2.0921793427103048,0.1461321592106673,0.56412994423814389,0.48958502955271355,0.80530315094476901,2.3522299053341409,1.0523111624084414,1.2158626736607403,2.670673609681823e-06,1.5133528585250693,1.542485230755654,0.43288432747638733,0.13093089573085309,3.1330990336898314,0.39485135055147108
159,N5,55,AB,2,1,0.2360184642396469,0.22515957690775396,0.53967825537547465,0.31505967468224344,0.56535300777874942,0.069242156805330288,54.117989857969022,58,2,2.0921793427103048,0.1461321592106673,0.56412994423814389,0.48958502955271355,0.80530315094476901,2.3522299053341409,1.0523111624084414,1.2158626736607403,2.670673609681823e-06,1.5133528585250693,1.542485230755654,0.43288432747638733,0.13093089573085309,3.1330990336898314,0.39485135055147108
160,N5,56,AB,2,2,0.2360184642396469,0.23785111159086231,0.42760643530637021,0.31505967468224344,0.56535300777874942,0.069242156805330288,54.117989857969022,58,2,2.0921793427103048,0.1461321592106673,0.56412994423814389,0.48958502955271355,0.80530315094476901,2.3522299053341409,1.0523111624084414,1.2158626736607403,2.670673609681823e-06,1.5133528585250693,1.542485230755654,0.43288432747638733,0.13093089573085309,3.1330990336898314,0.39485135055147108
161,N5,57,AB,2,3,0.2360184642396469,0.23785111159086231,0.53967825537547465,0.53452406790465612,0.56535300777874942,0.069242156805330288,54.117989857969022,58,2,2.0921793427103048,0.1461321592106673,0.56412994423814389,0.48958502955271355,0.80530315094476901,2.3522299053341409,1.0523111624084414,1.2158626736607403,2.670673609681823e-06,1.5133528585250693,1.542485230755654,0.43288432747638733,0.13093089573085309,3.1330990336898314,0.39485135055147108
162,N5,58,AB,2,4,0.2360184642396469,0.23785111159086231,0.53967825537547465,0.31505967468224344,0.79447001301421671,0.069242156805330288,54.117989857969022,58,2,2.0921793427103048,0.1461321592106673,0.56412994423814389,0.48958502955271355,0.80530315094476901,2.3522299053341409,1.0523111624084414,1.2158626736607403,2.670673609681823e-06,1.5133528585250693,1.542485230755654,0.43288432747638733,0.13093089573085309,3.1330990336898314,0.39485135055147108
163,N5,59,AB,2,5,0.2360184642396469,0.23785111159086231,0.53967825537547465,0.31505967468224344,0.56535300777874942,0.067874046291012818,54.117989857969022,58,2,2.0921793427103048,0.1461321592106673,0.56412994423814389,0.48958502955271355,0.80530315094476901,2.3522299053341409,1.0523111624084414,1.2158626736607403,2.670673609681823e-06,1.5133528585250693,1.542485230755654,0.43288432747638733,0.13093089573085309,3.1330990336898314,0.39485135055147108
164,N5,60,AB,2,6,0.2360184642396469,0.23785111159086231,0.53967825537547465,0.31505967468224344,0.56535300777874942,0.069242156805330288,1115.4774775354538,58,2,2.0921793427103048,0.1461321592106673,0.56412994423814389,0.48958502955271355,0.80530315094476901,2.3522299053341409,1.0523111624084414,1.2158626736607403,2.670673609681823e-06,1.5133528585250693,1.542485230755654,0.43288432747638733,0.13093089573085309,3.1330990336898314,0.39485135055147108
165,N5,61,AB,2,7,0.2360184642396469,0.23785111159086231,0.53967825537547465,0.31505967468224344,0.56535300777874942,0.069242156805330288,54.117989857969022,19,2,2.0921793427103048,0.1461321592106673,0.56412994423814389,0.48958502955271355,0.80530315094476901,2.3522299053341409,1.0523111624084414,1.2158626736607403,2.670673609681823e-06,1.5133528585250693,1.542485230755654,0.43288432747638733,0.13093089573085309,3.1330990336898314,0.39485135055147108
166,N5,62,AB,2,8,0.2360184642396469,0.23785111159086231,0.53967825537547465,0.31505967468224344,0.56535300777874942,0.069242156805330288,54.117989857969022,58,3,2.0921793427103048,0.1461321592106673,0.56412994423814389,0.48958502955271355,0.80530315094476901,2.3522299053341409,1.0523111624084414,1.2158626736607403,2.670673609681823e-06,1.5133528585250693,1.542485230755654,0.43288432747638733,0.13093089573085309,3.1330990336898314,0.39485135055147108
167,N5,63,AB,2,9,0.2360184642396469,0.23785111159086231,0.53967825537547465,0.31505967468224344,0.56535300777874942,0.069242156805330288,54.117989857969022,58,2,1.910599238379814,0.1461321592106673,0.56412994423814389,0.48958502955271355,0.80530315094476901,2.3522299053341409,1.0523111624084414,1.2158626736607403,2.670673609681823e-06,1.5133528585250693,1.542485230755654,0.43288432747638733,0.13093089573085309,3.1330990336898314,0.39485135055147108
168,N5,64,AB,2,10,0.2360184642396469,0.23785111159086231,0.53967825537547465,0.31505967468224344,0.56535300777874942,0.069242156805330288,54.117989857969022,58,2,2.0921793427103048,0.12409849138529322,0.56412994423814389,0.48958502955271355,0.80530315094476901,2.3522299053341409,1.0523111624084414,1.2158626736607403,2.670673609681823e-06,1.5133528585250693,1.542485230755654,0.43288432747638733,0.13093089573085309,3.1330990336898314,0.39485135055147108
169,N5,65,AB,2,11,0.2360184642396469,0.23785111159086231,0.53967825537547465,0.31505967468224344,0.56535300777874942,0.069242156805330288,54.117989857969022,58,2,2.0921793427103048,0.1461321592106673,0.53724060167548748,0.48958502955271355,0.80530315094476901,2.3522299053341409,1.0523111624084414,1.2158626736607403,2.670673609681823e-06,1.5133528585250693,1.542485230755654,0.43288432747638733,0.13093089573085309,3.1330990336898314,0.39485135055147108
170,N5,66,AB,2,12,0.2360184642396469,0.23785111159086231,0.53967825537547465,0.31505967468224344,0.56535300777874942,0.069242156805330288,54.117989857969022,58,2,2.0921793427103048,0.1461321592106673,0.56412994423814389,0.37058974852048587,0.80530315094476901,2.3522299053341409,1.0523111624084414,1.2158626736607403,2.670673609681823e-06,1.5133528585250693,1.542485230755654,0.43288432747638733,0.13093089573085309,3.1330990336898314,0.39485135055147108
171,N5,67,AB,2,13,0.2360184642396469,0.23785111159086231,0.53967825537547465,0.31505967468224344,0.56535300777874942,0.069242156805330288,54.117989857969022,58,2,2.0921793427103048,0.1461321592106673,0.56412994423814389,0.48958502955271355,0.8194259494952254,2.3522299053341409,1.0523111624084414,1.2158626736607403,2.670673609681823e-06,1.5133528585250693,1.542485230755654,0.43288432747638733,0.13093089573085309,3.1330990336898314,0.39485135055147108
172,N5,68,AB,2,14,0.2360184642396469,0.23785111159086231,0.53967825537547465,0.31505967468224344,0.56535300777874942,0.069242156805330288,54.117989857969022,58,2,2.0921793427103048,0.1461321592106673,0.56412994423814389,0.48958502955271355,0.80530315094476901,2.4717150575324194,1.0523111624084414,1.2158626736607403,2.670673609681823e-06,1.5133528585250693,1.542485230755654,0.43288432747638733,0.13093089573085309,3.1330990336898314,0.39485135055147108
173,N5,69,AB,2,15,0.2360184642396469,0.23785111159086231,0.53967825537547465,0.31505967468224344,0.56535300777874942,0.069242156805330288,54.117989857969022,58,2,2.0921793427103048,0.1461321592106673,0.56412994423814389,0.48958502955271355,0.80530315094476901,2.3522299053341409,1.0381012276560069,1.2158626736607403,2.670673609681823e-06,1.5133528585250693,1.542485230755654,0.43288432747638733,0.13093089573085309,3.1330990336898314,0.39485135055147108
174,N5,70,AB,2,16,0.2360184642396469,0.23785111159086231,0.53967825537547465,0.31505967468224344,0.56535300777874942,0.069242156805330288,54.117989857969022,58,2,2.0921793427103048,0.1461321592106673,0.56412994423814389,0.48958502955271355,0.80530315094476901,2.3522299053341409,1.0523111624084414,1.1415294496808202,2.670673609681823e-06,1.5133528585250693,1.542485230755654,0.43288432747638733,0.13093089573085309,3.1330990336898314,0.39485135055147108
175,N5,71,AB,2,17,0.2360184642396469,0.23785111159086231,0.53967825537547465,0.31505967468224344,0.56535300777874942,0.069242156805330288,54.117989857969022,58,2,2.0921793427103048,0.1461321592106673,0.56412994423814389,0.48958502955271355,0.80530315094476901,2.3522299053341409,1.0523111624084414,1.2158626736607403,0.0091203596137587242,1.5133528585250693,1.542485230755654,0.43288432747638733,0.13093089573085309,3.1330990336898314,0.39485135055147108
176,N5,72,AB,2,18,0.2360184642396469,0.23785111159086231,0.53967825537547465,0.31505967468224344,0.56535300777874942,0.069242156805330288,54.117989857969022,58,2,2.0921793427103048,0.1461321592106673,0.56412994423814389,0.48958502955271355,0.80530315094476901,2.3522299053341409,1.0523111624084414,1.2158626736607403,2.670673609681823e-06,1.9853805902358277,1.542485230755654,0.43288432747638733,0.13093089573085309,3.1330990336898314,0.39485135055147108
177,N5,73,AB,2,19,0.2360184642396469,0.23785111159086231,0.53967825537547465,0.31505967468224344,0.56535300777874942,0.069242156805330288,54.117989857969022,58,2,2.0921793427103048,0.1461321592106673,0.56412994423814389,0.48958502955271355,0.80530315094476901,2.3522299053341409,1.0523111624084414,1.2158626736607403,2.670673609681823e-06,1.5133528585250693,1.7365324433231417,0.43288432747638733,0.13093089573085309,3.1330990336898314,0.39485135055147108
178,N5,74,AB,2,20,0.2360184642396469,0.23785111159086231,0.53967825537547465,0.31505967468224344,0.56535300777874942,0.069242156805330288,54.117989857969022,58,2,2.0921793427103048,0.1461321592106673,0.56412994423814389,0.48958502955271355,0.80530315094476901,2.3522299053341409,1.0523111624084414,1.2158626736607403,2.670673609681823e-06,1.5133528585250693,1.542485230755654,0.37847879301205506,0.13093089573085309,3.1330990336898314,0.39485135055147108
179,N5,75,AB,2,21,0.2360184642396469,0.23785111159086231,0.53967825537547465,0.31505967468224344,0.56535300777874942,0.069242156805330288,54.117989857969022,58,2,2.0921793427103048,0.1461321592106673,0.56412994423814389,0.48958502955271355,0.80530315094476901,2.3522299053341409,1.0523111624084414,1.2158626736607403,2.670673609681823e-06,1.5133528585250693,1.542485230755654,0.43288432747638733,0.80618344079703097,3.1330990336898314,0.39485135055147108
180,N5,76,AB,2,22,0.2360184642396469,0.23785111159086231,0.53967825537547465,0.31505967468224344,0.56535300777874942,0.069242156805330288,54.117989857969022,58,2,2.0921793427103048,0.1461321592106673,0.56412994423814389,0.48958502955271355,0.80530315094476901,2.3522299053341409,1.0523111624084414,1.2158626736607403,2.670673609681823e-06,1.5133528585250693,1.542485230755654,0.43288432747638733,0.13093089573085309,1.3881773427789523,0.39485135055147108
181,N5,77,AB,2,23,0.2360184642396469,0.23785111159086231,0.53967825537547465,0.31505967468224344,0.56535300777874942,0.069242156805330288,54.117989857969022,58,2,2.0921793427103048,0.1461321592106673,0.56412994423814389,0.48958502955271355,0.80530315094476901,2.3522299053341409,1.0523111624084414,1.2158626736607403,2.670673609681823e-06,1.5133528585250693,1.542485230755654,0.43288432747638733,0.13093089573085309,3.1330990336898314,0.30388415553607045
182,N5,78,A,3,-1,0.30384816377957885,0.069872672483325016,0.30242661042138935,0.51072422907818515,0.85247592156444651,0.062321162993761794,948.47138776526049,7,5,1.8571636850482105,0.25443794621314775,0.61479559705672926,0.32374222319891982,0.91967880379011779,2.2207084380799373,1.0850829210784285,1.0999875512905419,0.004288891925566393,33.616773798411629,1.6373443667458183,0.39817651718783154,0.66055664233863354,8.6094710775050949,0.22195745063945649
183,N5,79,B,3,-1,0.30350347545522455,0.075790160521864894,0.59245066465809937,0.32145734942014004,0.60389660977263371,0.063414451744402051,8.7069784355438049,51,1,2.0333287289657309,0.27930795144599418,0.68933992993565085,0.44256152321622505,0.9958189092682983,1.8486352651242599,1.1459280668012797,1.2076566889416427,4.0876862469267906e-06,17.715181642334922,1.4885304268639008,0.4344134884122221,0.18186061512678864,22.087967180321801,0.47441279399208724
184,N5,80,AB,3,0,0.30350347545522455,0.069872672483325016,0.30242661042138935,0.51072422907818515,0.85247592156444651,0.062321162993761794,948.47138776526049,7,5,1.8571636850482105,0.25443794621314775,0.61479559705672926,0.32374222319891982,0.91967880379011779,2.2207084380799373,1.0850829210784285,1.0999875512905419,0.004288891925566393,33.616773798411629,1.6373443667458183,0.39817651718783154,0.66055664233863354,8.6094710775050949,0.22195745063945649
185,N5,81,AB,3,1,0.30384816377957885,0.075790160521864894,0.30242661042138935,0.51072422907818515,0.85247592156444651,0.062321162993761794,948.47138776526049,7,5,1.8571636850482105,0.25443794621314775,0.61479559705672926,0.32374222319891982,0.91967880379011779,2.2207084380799373,1.0850829210784285,1.0999875512905419,0.004288891925566393,33.616773798411629,1.6373443667458183,0.39817651718783154,0.66055664233863354,8.6094710775050949,0.22195745063945649
186,N5,82,AB,3,2,0.30384816377957885,0.069872672483325016,0.59245066465809937,0.51072422907818515,0.85247592156444651,0.062321162993761794,948.47138776526049,7,5,1.8571636850482105,0.25443794621314775,0.61479559705672926,0.32374222319891982,0.91967880379011779,2.2207084380799373,1.0850829210784285,1.0999875512905419,0.004288891925566393,33.616773798411629,1.6373443667458183,0.39817651718783154,0.66055664233863354,8.6094710775050949,0.22195745063945649
187,N5,83,AB,3,3,0.30384816377957885,0.069872672483325016,0.30242661042138935,0.32145734942014004,0.85247592156444651,0.062321162993761794,948.47138776526049,7,5,1.8571636850482105,0.25443794621314775,0.61479559705672926,0.32374222319891982,0.91967880379011779,2.2207084380799373,1.0850829210784285,1.0999875512905419,0.004288891925566393,33.616773798411629,1.6373443667458183,0.39817651718783154,0.66055664233863354,8.6094710775050949,0.22195745063945649
188,N5,84,AB,3,4,0.30384816377957885,0.069872672483325016,0.30242661042138935,0.51072422907818515,0.60389660977263371,0.062321162993761794,948.47138776526049,7,5,1.8571636850482105,0.25443794621314775,0.61479559705672926,0.32374222319891982,0.91967880379011779,2.2207084380799373,1.0850829210784285,1.0999875512905419,0.004288891925566393,33.616773798411629,1.6373443667458183,0.39817651718783154,0.66055664233863354,8.6094710775050949,0.22195745063945649
189,N5,85,AB,3,5,0.30384816377957885,0.069872672483325016,0.30242661042138935,0.51072422907818515,0.85247592156444651,0.063414451744402051,948.47138776526049,7,5,1.8571636850482105,0.25443794621314775,0.61479559705672926,0.32374222319891982,0.91967880379011779,2.2207084380799373,1.0850829210784285,1.0999875512905419,0.004288891925566393,33.616773798411629,1.6373443667458183,0.39817651718783154,0.66055664233863354,8.6094710775050949,0.22195745063945649
190,N5,86,AB,3,6,0.30384816377957885,0.069872672483325016,0.30242661042138935,0.51072422907818515,0.85247592156444651,0.062321162993761794,8.7069784355438049,7,5,1.8571636850482105,0.25443794621314775,0.61479559705672926,0.32374222319891982,0.91967880379011779,2.2207084380799373,1.0850829210784285,1.0999875512905419,0.004288891925566393,33.616773798411629,1.6373443667458183,0.39817651718783154,0.66055664233863354,8.6094710775050949,0.22195745063945649
191,N5,87,AB,3,7,0.30384816377957885,0.069872672483325016,0.30242661042138935,0.51072422907818515,0.85247592156444651,0.062321162993761794,948.47138776526049,51,5,1.8571636850482105,0.25443794621314775,0.61479559705672926,0.32374222319891982,0.91967880379011779,2.2207084380799373,1.0850829210784285,1.0999875512905419,0.004288891925566393,33.616773798411629,1.6373443667458183,0.39817651718783154,0.66055664233863354,8.6094710775050949,0.22195745063945649
192,N5,88,AB,3,8,0.30384816377957885,0.069872672483325016,0.30242661042138935,0.51072422907818515,0.85247592156444651,0.062321162993761794,948.47138776526049,7,1,1.8571636850482105,0.25443794621314775,0.61479559705672926,0.32374222319891982,0.91967880379011779,2.2207084380799373,1.0850829210784285,1.0999875512905419,0.004288891925566393,33.616773798411629,1.6373443667458183,0.39817651718783154,0.66055664233863354,8.6094710775050949,0.22195745063945649
193,N5,89,AB,3,9,0.30384816377957885,0.069872672483325016,0.30242661042138935,0.51072422907818515,0.85247592156444651,0.062321162993761794,948.47138776526049,7,5,2.0333287289657309,0.25443794621314775,0.61479559705672926,0.32374222319891982,0.91967880379011779,2.2207084380799373,1.0850829210784285,1.0999875512905419,0.004288891925566393,33.616773798411629,1.6373443667458183,0.39817651718783154,0.66055664233863354,8.6094710775050949,0.22195745063945649
194,N5,90,AB,3,10,0.30384816377957885,0.069872672483325016,0.30242661042138935,0.51072422907818515,0.85247592156444651,0.062321162993761794,948.47138776526049,7,5,1.8571636850482105,0.27930795144599418,0.61479559705672926,0.32374222319891982,0.91967880379011779,2.2207084380799373,1.0850829210784285,1.0999875512905419,0.004288891925566393,33.616773798411629,1.6373443667458183,0.39817651718783154,0.66055664233863354,8.6094710775050949,0.22195745063945649
195,N5,91,AB,3,11,0.30384816377957885,0.069872672483325016,0.30242661042138935,0.51072422907818515,0.85247592156444651,0.062321162993761794,948.47138776526049,7,5,1.8571636850482105,0.25443794621314775,0.68933992993565085,0.32374222319891982,0.91967880379011779,2.2207084380799373,1.0850829210784285,1.0999875512905419,0.004288891925566393,33.616773798411629,1.6373443667458183,0.39817651718783154,0.66055664233863354,8.6094710775050949,0.22195745063945649
196,N5,92,AB,3,12,0.30384816377957885,0.069872672483325016,0.30242661042138935,0.51072422907818515,0.85247592156444651,0.062321162993761794,948.47138776526049,7,5,1.8571636850482105,0.25443794621314775,0.61479559705672926,0.44256152321622505,0.91967880379011779,2.2207084380799373,1.0850829210784285,1.0999875512905419,0.004288891925566393,33.616773798411629,1.6373443667458183,0.39817651718783154,0.66055664233863354,8.6094710775050949,0.22195745063945649
197,N5,93,AB,3,13,0.30384816377957885,0.069872672483325016,0.30242661042138935,0.51072422907818515,0.85247592156444651,0.062321162993761794,948.47138776526049,7,5,1.8571636850482105,0.25443794621314775,0.61479559705672926,0.32374222319891982,0.9958189092682983,2.2207084380799373,1.0850829210784285,1.0999875512905419,0.004288891925566393,33.616773798411629,1.6373443667458183,0.39817651718783154,0.66055664233863354,8.6094710775050949,0.22195745063945649
198,N5,94,AB,3,14,0.30384816377957885,0.069872672483325016,0.30242661042138935,0.51072422907818515,0.85247592156444651,0.062321162993761794,948.47138776526049,7,5,1.8571636850482105,0.25443794621314775,0.61479559705672926,0.32374222319891982,0.91967880379011779,1.8486352651242599,1.0850829210784285,1.0999875512905419,0.004288891925566393,33.616773798411629,1.6373443667458183,0.39817651718783154,0.66055664233863354,8.6094710775050949,0.22195745063945649
199,N5,95,AB,3,15,0.30384816377957885,0.069872672483325016,0.30242661042138935,0.51072422907818515,0.85247592156444651,0.062321162993761794,948.47138776526049,7,5,1.8571636850482105,0.25443794621314775,0.61479559705672926,0.32374222319891982,0.91967880379011779,2.2207084380799373,1.1459280668012797,1.0999875512905419,0.004288891925566393,33.616773798411629,1.6373443667458183,0.39817651718783154,0.66055664233863354,8.6094710775050949,0.22195745063945649
200,N5,96,AB,3,16,0.30384816377957885,0.069872672483325016,0.30242661042138935,0.51072422907818515,0.85247592156444651,0.062321162993761794,948.47138776526049,7,5,1.8571636850482105,0.25443794621314775,0.61479559705672926,0.32374222319891982,0.91967880379011779,2.2207084380799373,1.0850829210784285,1.2076566889416427,0.004288891925566393,33.616773798411629,1.6373443667458183,0.39817651718783154,0.66055664233863354,8.6094710775050949,0.22195745063945649
201,N5,97,AB,3,17,0.30384816377957885,0.069872672483325016,0.30242661042138935,0.51072422907818515,0.85247592156444651,0.062321162993761794,948.47138776526049,7,5,1.8571636850482105,0.25443794621314775,0.61479559705672926,0.32374222319891982,0.91967880379011779,2.2207084380799373,1.0850829210784285,1.0999875512905419,4.0876862469267906e-06,33.616773798411629,1.6373443667458183,0.39817651718783154,0.66055664233863354,8.6094710775050949,0.22195745063945649
202,N5,98,AB,3,18,0.30384816377957885,0.069872672483325016,0.30242661042138935,0.51072422907818515,0.85247592156444651,0.062321162993761794,948.47138776526049,7,5,1.8571636850482105,0.25443794621314775,0.61479559705672926,0.32374222319891982,0.91967880379011779,2.2207084380799373,1.0850829210784285,1.0999875512905419,0.004288891925566393,17.715181642334922,1.6373443667458183,0.39817651718783154,0.66055664233863354,8.6094710775050949,0.22195745063945649
203,N5,99,AB,3,19,0.30384816377957885,0.069872672483325016,0.30242661042138935,0.51072422907818515,0.85247592156444651,0.062321162993761794,948.47138776526049,7,5,1.8571636850482105,0.25443794621314775,0.61479559705672926,0.32374222319891982,0.91967880379011779,2.2207084380799373,1.0850829210784285,1.0999875512905419,0.004288891925566393,33.616773798411629,1.4885304268639008,0.39817651718783154,0.66055664233863354,8.6094710775050949,0.22195745063945649
204,N5,100,AB,3,20,0.30384816377957885,0.069872672483325016,0.30242661042138935,0.51072422907818515,0.85247592156444651,0.062321162993761794,948.47138776526049,7,5,1.8571636850482105,0.25443794621314775,0.61479559705672926,0.32374222319891982,0.91967880379011779,2.2207084380799373,1.0850829210784285,1.0999875512905419,0.004288891925566393,33.616773798411629,1.6373443667458183,0.4344134884122221,0.66055664233863354,8.6094710775050949,0.22195745063945649
205,N5,101,AB,3,21,0.30384816377957885,0.069872672483325016,0.30242661042138935,0.51072422907818515,0.85247592156444651,0.062321162993761794,948.47138776526049,7,5,1.8571636850482105,0.25443794621314775,0.61479559705672926,0.32374222319891982,0.91967880379011779,2.2207084380799373,1.0850829210784285,1.0999875512905419,0.004288891925566393,33.616773798411629,1.6373443667458183,0.39817651718783154,0.18186061512678864,8.6094710775050949,0.22195745063945649
206,N5,102,AB,3,22,0.30384816377957885,0.069872672483325016,0.30242661042138935,0.51072422907818515,0.85247592156444651,0.062321162993761794,948.47138776526049,7,5,1.8571636850482105,0.25443794621314775,0.61479559705672926,0.32374222319891982,0.91967880379011779,2.2207084380799373,1.0850829210784285,1.0999875512905419,0.004288891925566393,33.616773798411629,1.6373443667458183,0.39817651718783154,0.66055664233863354,22.087967180321801,0.22195745063945649
207,N5,103,AB,3,23,0.30384816377957885,0.069872672483325016,0.30242661042138935,0.51072422907818515,0.85247592156444651,0.062321162993761794,948.47138776526049,7,5,1.8571636850482105,0.25443794621314775,0.61479559705672926,0.32374222319891982,0.91967880379011779,2.2207084380799373,1.0850829210784285,1.0999875512905419,0.004288891925566393,33.616773798411629,1.6373443667458183,0.39817651718783154,0.66055664233863354,8.6094710775050949,0.47441279399208724
208,I1,0,A,0,-1,0.34799080811083904,0.18713280558586121,0.64467932032421227,0.35411620526831172,0.7313554385490334,0.064716537942105995,15.284174588861873,38,4,1.9224787643156673,0.31867636428431678,0.66648613507075782,0.46117736540919052,0.75481072385824155,2.0400484081079724,1.077523641679436,1.1348809508606792,2.205422230791195e-05,99.315592661185903,1.5753681697612401,0.41659401403450674,0.79669172586873171,1.1725685498182401,0.44528330806642769
209,I1,1,B,0,-1,0.25644539659868365,0.11060584336519241,0.24907418787479402,0.35900993521554836,0.68565540682506998,0.061992429127784882,354.34195149399704,42,4,2.2308034759817987,0.25382247979694933,0.64225288622842547,0.35310280115876336,0.6906345781948533,2.5724722683686672,1.0670478071738034,1.091741322958842,1.3148680251310148e-05,13.758470459285473,1.6438459360389148,0.41108102232479604,0.65110454615205526,3.5068380169576772,0.20307322577573358
210,I1,2,AB,0,0,0.25644539659868365,0.18713280558586121,0.64467932032421227,0.35411620526831172,0.7313554385490334,0.064716537942105995,15.284174588861873,38,4,1.9224787643156673,0.31867636428431678,0.66648613507075782,0.46117736540919052,0.75481072385824155,2.0400484081079724,1.077523641679436,1.1348809508606792,2.205422230791195e-05,99.315592661185903,1.5753681697612401,0.41659401403450674,0.79669172586873171,1.1725685498182401,0.44528330806642769
211,I1,3,AB,0,1,0.34799080811083904,0.11060584336519241,0.64467932032421227,0.35411620526831172,0.7313554385490334,0.064716537942105995,15.284174588861873,38,4,1.9224787643156673,0.31867636428431678,0.66648613507075782,0.46117736540919052,0.75481072385824155,2.0400484081079724,1.077523641679436,1.1348809508606792,2.205422230791195e-05,99.315592661185903,1.5753681697612401,0.41659401403450674,0.79669172586873171,1.1725685498182401,0.44528330806642769
212,I1,4,AB,0,2,0.34799080811083904,0.18713280558586121,0.24907418787479402,0.35411620526831172,0.7313554385490334,0.064716537942105995,15.284174588861873,38,4,1.9224787643156673,0.31867636428431678,0.66648613507075782,0.46117736540919052,0.75481072385824155,2.0400484081079724,1.077523641679436,1.1348809508606792,2.205422230791195e-05,99.315592661185903,1.5753681697612401,0.41659401403450674,0.79669172586873171,1.1725685498182401,0.44528330806642769
213,I1,5,AB,0,3,0.34799080811083904,0.18713280558586121,0.64467932032421227,0.35900993521554836,0.7313554385490334,0.064716537942105995,15.284174588861873,38,4,1.9224787643156673,0.31867636428431678,0.66648613507075782,0.46117736540919052,0.75481072385824155,2.0400484081079724,1.077523641679436,1.1348809508606792,2.205422230791195e-05,99.315592661185903,1.5753681697612401,0.41659401403450674,0.79669172586873171,1.1725685498182401,0.44528330806642769
214,I1,6,AB,0,4,0.34799080811083904,0.18713280558586121,0.64467932032421227,0.35411620526831172,0.68565540682506998,0.064716537942105995,15.284174588861873,38,4,1.9224787643156673,0.31867636428431678,0.66648613507075782,0.46117736540919052,0.75481072385824155,2.0400484081079724,1.077523641679436,1.1348809508606792,2.205422230791195e-05,99.315592661185903,1.5753681697612401,0.41659401403450674,0.79669172586873171,1.1725685498182401,0.44528330806642769
215,I1,7,AB,0,5,0.34799080811083904,0.18713280558586121,0.64467932032421227,0.35411620526831172,0.7313554385490334,0.061992429127784882,15.284174588861873,38,4,1.9224787643156673,0.31867636428431678,0.66648613507075782,0.46117736540919052,0.75481072385824155,2.0400484081079724,1.077523641679436,1.1348809508606792,2.205422230791195e-05,99.315592661185903,1.5753681697612401,0.41659401403450674,0.79669172586873171,1.1725685498182401,0.44528330806642769
216,I1,8,AB,0,6,0.34799080811083904,0.18713280558586121,0.64467932032421227,0.35411620526831172,0.7313554385490334,0.064716537942105995,354.34195149399704,38,4,1.9224787643156673,0.31867636428431678,0.66648613507075782,0.46117736540919052,0.75481072385824155,2.0400484081079724,1.077523641679436,1.1348809508606792,2.205422230791195e-05,99.315592661185903,1.5753681697612401,0.41659401403450674,0.79669172586873171,1.1725685498182401,0.44528330806642769
217,I1,9,AB,0,7,0.34799080811083904,0.18713280558586121,0.64467932032421227,0.35411620526831172,0.7313554385490334,0.064716537942105995,15.284174588861873,42,4,1.9224787643156673,0.31867636428431678,0.66648613507075782,0.46117736540919052,0.75481072385824155,2.0400484081079724,1.077523641679436,1.1348809508606792,2.205422230791195e-05,99.315592661185903,1.5753681697612401,0.41659401403450674,0.79669172586873171,1.1725685498182401,0.44528330806642769
218,I1,10,AB,0,8,0.34799080811083904,0.18713280558586121,0.64467932032421227,0.35411620526831172,0.7313554385490334,0.064716537942105995,15.284174588861873,38,4,1.9224787643156673,0.31867636428431678,0.66648613507075782,0.46117736540919052,0.75481072385824155,2.0400484081079724,1.077523641679436,1.1348809508606792,2.205422230791195e-05,99.315592661185903,1.5753681697612401,0.41659401403450674,0.79669172586873171,1.1725685498182401,0.44528330806642769
219,I1,11,AB,0,9,0.34799080811083904,0.18713280558586121,0.64467932032421227,0.35411620526831172,0.7313554385490334,0.064716537942105995,15.284174588861873,38,4,2.2308034759817987,0.31867636428431678,0.66648613507075782,0.46117736540919052,0.75481072385824155,2.0400484081079724,1.077523641679436,1.1348809508606792,2.205422230791195e-05,99.315592661185903,1.5753681697612401,0.41659401403450674,0.79669172586873171,1.1725685498182401,0.44528330806642769
220,I1,12,AB,0,10,0.34799080811083904,0.18713280558586121,0.64467932032421227,0.35411620526831172,0.7313554385490334,0.064716537942105995,15.284174588861873,38,4,1.9224787643156673,0.25382247979694933,0.66648613507075782,0.46117736540919052,0.75481072385824155,2.0400484081079724,1.077523641679436,1.1348809508606792,2.205422230791195e-05,99.315592661185903,1.5753681697612401,0.41659401403450674,0.79669172586873171,1.1725685498182401,0.44528330806642769
221,I1,13,AB,0,11,0.34799080811083904,0.18713280558586121,0.64467932032421227,0.35411620526831172,0.7313554385490334,0.064716537942105995,15.284174588861873,38,4,1.9224787643156673,0.31867636428431678,0.64225288622842547,0.46117736540919052,0.75481072385824155,2.0400484081079724,1.077523641679436,1.1348809508606792,2.205422230791195e-05,99.315592661185903,1.5753681697612401,0.41659401403450674,0.79669172586873171,1.1725685498182401,0.44528330806642769
222,I1,14,AB,0,12,0.34799080811083904,0.18713280558586121,0.64467932032421227,0.35411620526831172,0.7313554385490334,0.064716537942105995,15.284174588861873,38,4,1.9224787643156673,0.31867636428431678,0.66648613507075782,0.35310280115876336,0.75481072385824155,2.0400484081079724,1.077523641679436,1.1348809508606792,2.205422230791195e-05,99.315592661185903,1.5753681697612401,0.41659401403450674,0.79669172586873171,1.1725685498182401,0.44528330806642769
223,I1,15,AB,0,13,0.34799080811083904,0.18713280558586121,0.64467932032421227,0.35411620526831172,0.7313554385490334,0.064716537942105995,15.284174588861873,38,4,1.9224787643156673,0.31867636428431678,0.66648613507075782,0.46117736540919052,0.6906345781948533,2.0400484081079724,1.077523641679436,1.1348809508606792,2.205422230791195e-05,99.315592661185903,1.5753681697612401,0.41659401403450674,0.79669172586873171,1.1725685498182401,0.44528330806642769
224,I1,16,AB,0,14,0.34799080811083904,0.18713280558586121,0.64467932032421227,0.35411620526831172,0.7313554385490334,0.064716537942105995,15.284174588861873,38,4,1.9224787643156673,0.31867636428431678,0.66648613507075782,0.46117736540919052,0.75481072385824155,2.5724722683686672,1.077523641679436,1.1348809508606792,2.205422230791195e-05,99.315592661185903,1.5753681697612401,0.41659401403450674,0.79669172586873171,1.1725685498182401,0.44528330806642769
225,I1,17,AB,0,15,0.34799080811083904,0.18713280558586121,0.64467932032421227,0.35411620526831172,0.7313554385490334,0.064716537942105995,15.284174588861873,38,4,1.9224787643156673,0.31867636428431678,0.66648613507075782,0.46117736540919052,0.75481072385824155,2.0400484081079724,1.0670478071738034,1.1348809508606792,2.205422230791195e-05,99.315592661185903,1.5753681697612401,0.41659401403450674,0.79669172586873171,1.1725685498182401,0.44528330806642769
226,I1,18,AB,0,16,0.34799080811083904,0.18713280558586121,0.64467932032421227,0.35411620526831172,0.7313554385490334,0.064716537942105995,15.284174588861873,38,4,1.9224787643156673,0.31867636428431678,0.66648613507075782,0.46117736540919052,0.75481072385824155,2.0400484081079724,1.077523641679436,1.091741322958842,2.205422230791195e-05,99.315592661185903,1.5753681697612401,0.41659401403450674,0.79669172586873171,1.1725685498182401,0.44528330806642769
227,I1,19,AB,0,17,0.34799080811083904,0.18713280558586121,0.64467932032421227,0.35411620526831172,0.7313554385490334,0.064716537942105995,15.284174588861873,38,4,1.9224787643156673,0.31867636428431678,0.66648613507075782,0.46117736540919052,0.75481072385824155,2.0400484081079724,1.077523641679436,1.1348809508606792,1.3148680251310148e-05,99.315592661185903,1.5753681697612401,0.41659401403450674,0.79669172586873171,1.1725685498182401,0.44528330806642769
228,I1,20,AB,0,18,0.34799080811083904,0.18713280558586121,0.64467932032421227,0.35411620526831172,0.7313554385490334,0.064716537942105995,15.284174588861873,38,4,1.9224787643156673,0.31867636428431678,0.66648613507075782,0.46117736540919052,0.75481072385824155,2.0400484081079724,1.077523641679436,1.1348809508606792,2.205422230791195e-05,13.758470459285473,1.5753681697612401,0.41659401403450674,0.79669172586873171,1.1725685498182401,0.44528330806642769
229,I1,21,AB,0,19,0.34799080811083904,0.18713280558586121,0.64467932032421227,0.35411620526831172,0.7313554385490334,0.064716537942105995,15.284174588861873,38,4,1.9224787643156673,0.31867636428431678,0.66648613507075782,0.46117736540919052,0.75481072385824155,2.0400484081079724,1.077523641679436,1.1348809508606792,2.205422230791195e-05,99.315592661185903,1.6438459360389148,0.41659401403450674,0.79669172586873171,1.1725685498182401,0.44528330806642769
230,I1,22,AB,0,20,0.34799080811083904,0.18713280558586121,0.64467932032421227,0.35411620526831172,0.7313554385490334,0.064716537942105995,15.284174588861873,38,4,1.9224787643156673,0.31867636428431678,0.66648613507075782,0.46117736540919052,0.75481072385824155,2.0400484081079724,1.077523641679436,1.1348809508606792,2.205422230791195e-05,99.315592661185903,1.5753681697612401,0.41108102232479604,0.79669172586873171,1.1725685498182401,0.44528330806642769
231,I1,23,AB,0,21,0.34799080811083904,0.18713280558586121,0.64467932032421227,0.35411620526831172,0.7313554385490334,0.064716537942105995,15.284174588861873,38,4,1.9224787643156673,0.31867636428431678,0.66648613507075782,0.46117736540919052,0.75481072385824155,2.0400484081079724,1.077523641679436,1.1348809508606792,2.205422230791195e-05,99.315592661185903,1.5753681697612401,0.41659401403450674,0.65110454615205526,1.1725685498182401,0.44528330806642769
232,I1,24,AB,0,22,0.34799080811083904,0.18713280558586121,0.64467932032421227,0.35411620526831172,0.7313554385490334,0.064716537942105995,15.284174588861873,38,4,1.9224787643156673,0.31867636428431678,0.66648613507075782,0.46117736540919052,0.75481072385824155,2.0400484081079724,1.077523641679436,1.1348809508606792,2.205422230791195e-05,99.315592661185903,1.5753681697612401,0.41659401403450674,0.79669172586873171,3.5068380169576772,0.44528330806642769
233,I1,25,AB,0,23,0.34799080811083904,0.18713280558586121,0.64467932032421227,0.35411620526831172,0.7313554385490334,0.064716537942105995,15.284174588861873,38,4,1.9224787643156673,0.31867636428431678,0.66648613507075782,0.46117736540919052,0.75481072385824155,2.0400484081079724,1.077523641679436,1.1348809508606792,2.205422230791195e-05,99.315592661185903,1.5753681697612401,0.41659401403450674,0.79669172586873171,1.1725685498182401,0.20307322577573358
234,I1,26,A,1,-1,0.28552508277396521,0.10516129098832608,0.43869366431608792,0.40986504604784735,0.65371584724482446,0.065748221751349409,237.21621449057395,89,1,2.12801964320749,0.19878816640307267,0.4268297110770532,0.39717844086552789,1.0937519393418142,2.559090341221522,1.1250219638179988,1.249291235068813,0.00040396415776583732,7.9218826130988003,1.7834490285291329,0.35489925943197498,0.3868208182044327,24.513319210693645,0.25978314564563332
235,I1,27,B,1,-1,0.32314176989553106,0.15988144353032113,0.52281395932659502,0.44795624870941125,0.66268014452525481,0.070688118300154049,45.76981150165274,78,2,1.8421723377558501,0.20684899214636984,0.43763136203716801,0.51425621756812023,1.1508416158735153,2.189101675505547,1.0895621540676803,1.259438695339486,0.00029202341267069371,82.851839881876529,1.576277771794163,0.39765453713951421,0.336706036888063,12.018313025112684,0.4057894438039511
236,I1,28,AB,1,0,0.32314176989553106,0.10516129098832608,0.43869366431608792,0.40986504604784735,0.65371584724482446,0.065748221751349409,237.21621449057395,89,1,2.12801964320749,0.19878816640307267,0.4268297110770532,0.39717844086552789,1.0937519393418142,2.559090341221522,1.1250219638179988,1.249291235068813,0.00040396415776583732,7.9218826130988003,1.7834490285291329,0.35489925943197498,0.3868208182044327,24.513319210693645,0.25978314564563332
237,I1,29,AB,1,1,0.28552508277396521,0.15988144353032113,0.43869366431608792,0.40986504604784735,0.65371584724482446,0.065748221751349409,237.21621449057395,89,1,2.12801964320749,0.19878816640307267,0.4268297110770532,0.39717844086552789,1.0937519393418142,2.559090341221522,1.1250219638179988,1.249291235068813,0.00040396415776583732,7.9218826130988003,1.7834490285291329,0.35489925943197498,0.3868208182044327,24.513319210693645,0.25978314564563332
238,I1,30,AB,1,2,0.28552508277396521,0.10516129098832608,0.52281395932659502,0.40986504604784735,0.65371584724482446,0.065748221751349409,237.21621449057395,89,1,2.12801964320749,0.19878816640307267,0.4268297110770532,0.39717844086552789,1.0937519393418142,2.559090341221522,1.1250219638179988,1.249291235068813,0.00040396415776583732,7.9218826130988003,1.7834490285291329,0.35489925943197498,0.3868208182044327,24.513319210693645,0.25978314564563332
239,I1,31,AB,1,3,0.28552508277396521,0.10516129098832608,0.43869366431608792,0.44795624870941125,0.65371584724482446,0.065748221751349409,237.21621449057395,89,1,2.12801964320749,0.19878816640307267,0.4268297110770532,0.39717844086552789,1.0937519393418142,2.559090341221522,1.1250219638179988,1.249291235068813,0.00040396415776583732,7.9218826130988003,1.7834490285291329,0.35489925943197498,0.3868208182044327,24.513319210693645,0.25978314564563332
240,I1,32,AB,1,4,0.28552508277396521,0.10516129098832608,0.43869366431608792,0.40986504604784735,0.66268014452525481,0.065748221751349409,237.21621449057395,89,1,2.12801964320749,0.19878816640307267,0.4268297110770532,0.39717844086552789,1.0937519393418142,2.559090341221522,1.1250219638179988,1.249291235068813,0.00040396415776583732,7.9218826130988003,1.7834490285291329,0.35489925943197498,0.3868208182044327,24.513319210693645,0.25978314564563332
241,I1,33,AB,1,5,0.28552508277396521,0.10516129098832608,0.43869366431608792,0.40986504604784735,0.65371584724482446,0.070688118300154049,237.21621449057395,89,1,2.12801964320749,0.19878816640307267,0.4268297110770532,0.39717844086552789,1.0937519393418142,2.559090341221522,1.1250219638179988,1.249291235068813,0.00040396415776583732,7.9218826130988003,1.7834490285291329,0.35489925943197498,0.3868208182044327,24.513319210693645,0.25978314564563332
242,I1,34,AB,1,6,0.28552508277396521,0.10516129098832608,0.43869366431608792,0.40986504604784735,0.65371584724482446,0.065748221751349409,45.76981150165274,89,1,2.12801964320749,0.19878816640307267,0.4268297110770532,0.39717844086552789,1.0937519393418142,2.559090341221522,1.1250219638179988,1.249291235068813,0.00040396415776583732,7.9218826130988003,1.7834490285291329,0.35489925943197498,0.3868208182044327,24.513319210693645,0.25978314564563332
243,I1,35,AB,1,7,0.28552508277396521,0.10516129098832608,0.43869366431608792,0.40986504604784735,0.65371584724482446,0.065748221751349409,237.21621449057395,78,1,2.12801964320749,0.19878816640307267,0.4268297110770532,0.39717844086552789,1.0937519393418142,2.559090341221522,1.1250219638179988,1.249291235068813,0.00040396415776583732,7.9218826130988003,1.7834490285291329,0.35489925943197498,0.3868208182044327,24.513319210693645,0.25978314564563332
244,I1,36,AB,1,8,0.28552508277396521,0.10516129098832608,0.43869366431608792,0.40986504604784735,0.65371584724482446,0.065748221751349409,237.21621449057395,89,2,2.12801964320749,0.19878816640307267,0.4268297110770532,0.39717844086552789,1.0937519393418142,2.559090341221522,1.1250219638179988,1.249291235068813,0.00040396415776583732,7.9218826130988003,1.7834490285291329,0.35489925943197498,0.3868208182044327,24.513319210693645,0.25978314564563332
245,I1,37,AB,1,9,0.28552508277396521,0.10516129098832608,0.43869366431608792,0.40986504604784735,0.65371584724482446,0.065748221751349409,237.21621449057395,89,1,1.8421723377558501,0.19878816640307267,0.4268297110770532,0.39717844086552789,1.0937519393418142,2.559090341221522,1.1250219638179988,1.249291235068813,0.00040396415776583732,7.9218826130988003,1.7834490285291329,0.35489925943197498,0.3868208182044327,24.513319210693645,0.25978314564563332
246,I1,38,AB,1,10,0.28552508277396521,0.10516129098832608,0.43869366431608792,0.40986504604784735,0.65371584724482446,0.065748221751349409,237.21621449057395,89,1,2.12801964320749,0.20684899214636984,0.4268297110770532,0.39717844086552789,1.0937519393418142,2.559090341221522,1.1250219638179988,1.249291235068813,0.00040396415776583732,7.9218826130988003,1.7834490285291329,0.35489925943197498,0.3868208182044327,24.513319210693645,0.25978314564563332
247,I1,39,AB,1,11,0.28552508277396521,0.10516129098832608,0.43869366431608792,0.40986504604784735,0.65371584724482446,0.065748221751349409,237.21621449057395,89,1,2.12801964320749,0.19878816640307267,0.43763136203716801,0.39717844086552789,1.0937519393418142,2.559090341221522,1.1250219638179988,1.249291235068813,0.00040396415776583732,7.9218826130988003,1.7834490285291329,0.35489925943197498,0.3868208182044327,24.513319210693645,0.25978314564563332
248,I1,40,AB,1,12,0.28552508277396521,0.10516129098832608,0.43869366431608792,0.40986504604784735,0.65371584724482446,0.065748221751349409,237.21621449057395,89,1,2.12801964320749,0.19878816640307267,0.4268297110770532,0.51425621756812023,1.0937519393418142,2.559090341221522,1.1250219638179988,1.249291235068813,0.00040396415776583732,7.9218826130988003,1.7834490285291329,0.35489925943197498,0.3868208182044327,24.513319210693645,0.25978314564563332
249,I1,41,AB,1,13,0.28552508277396521,0.10516129098832608,0.43869366431608792,0.40986504604784735,0.65371584724482446,0.065748221751349409,237.21621449057395,89,1,2.12801964320749,0.19878816640307267,0.4268297110770532,0.39717844086552789,1.1508416158735153,2.559090341221522,1.1250219638179988,1.249291235068813,0.00040396415776583732,7.9218826130988003,1.7834490285291329,0.35489925943197498,0.3868208182044327,24.513319210693645,0.25978314564563332
250,I1,42,AB,1,14,0.28552508277396521,0.10516129098832608,0.43869366431608792,0.40986504604784735,0.65371584724482446,0.065748221751349409,237.21621449057395,89,1,2.12801964320749,0.19878816640307267,0.4268297110770532,0.39717844086552789,1.0937519393418142,2.189101675505547,1.1250219638179988,1.249291235068813,0.00040396415776583732,7.9218826130988003,1.7834490285291329,0.35489925943197498,0.3868208182044327,24.513319210693645,0.25978314564563332
251,I1,43,AB,1,15,0.28552508277396521,0.10516129098832608,0.43869366431608792,0.40986504604784735,0.65371584724482446,0.065748221751349409,237.21621449057395,89,1,2.12801964320749,0.19878816640307267,0.4268297110770532,0.39717844086552789,1.0937519393418142,2.559090341221522,1.0895621540676803,1.249291235068813,0.00040396415776583732,7.9218826130988003,1.7834490285291329,0.35489925943197498,0.3868208182044327,24.513319210693645,0.25978314564563332
252,I1,44,AB,1,16,0.28552508277396521,0.10516129098832608,0.43869366431608792,0.40986504604784735,0.65371584724482446,0.065748221751349409,237.21621449057395,89,1,2.12801964320749,0.19878816640307267,0.4268297110770532,0.39717844086552789,1.0937519393418142,2.559090341221522,1.1250219638179988,1.259438695339486,0.00040396415776583732,7.9218826130988003,1.7834490285291329,0.35489925943197498,0.3868208182044327,24.513319210693645,0.25978314564563332
253,I1,45,AB,1,17,0.28552508277396521,0.10516129098832608,0.43869366431608792,0.40986504604784735,0.65371584724482446,0.065748221751349409,237.21621449057395,89,1,2.12801964320749,0.19878816640307267,0.4268297110770532,0.39717844086552789,1.0937519393418142,2.559090341221522,1.1250219638179988,1.249291235068813,0.00029202341267069371,7.9218826130988003,1.7834490285291329,0.35489925943197498,0.3868208182044327,24.513319210693645,0.25978314564563332
254,I1,46,AB,1,18,0.28552508277396521,0.10516129098832608,0.43869366431608792,0.40986504604784735,0.65371584724482446,0.065748221751349409,237.21621449057395,89,1,2.12801964320749,0.19878816640307267,0.4268297110770532,0.39717844086552789,1.0937519393418142,2.559090341221522,1.1250219638179988,1.249291235068813,0.00040396415776583732,82.851839881876529,1.7834490285291329,0.35489925943197498,0.3868208182044327,24.513319210693645,0.25978314564563332
255,I1,47,AB,1,19,0.28552508277396521,0.10516129098832608,0.43869366431608792,0.40986504604784735,0.65371584724482446,0.065748221751349409,237.21621449057395,89,1,2.12801964320749,0.19878816640307267,0.4268297110770532,0.39717844086552789,1.0937519393418142,2.559090341221522,1.1250219638179988,1.249291235068813,0.00040396415776583732,7.9218826130988003,1.576277771794163,0.35489925943197498,0.3868208182044327,24.513319210693645,0.25978314564563332
256,I1,48,AB,1,20,0.28552508277396521,0.10516129098832608,0.43869366431608792,0.40986504604784735,0.65371584724482446,0.065748221751349409,237.21621449057395,89,1,2.12801964320749,0.19878816640307267,0.4268297110770532,0.39717844086552789,1.0937519393418142,2.559090341221522,1.1250219638179988,1.249291235068813,0.00040396415776583732,7.9218826130988003,1.7834490285291329,0.39765453713951421,0.3868208182044327,24.513319210693645,0.25978314564563332
257,I1,49,AB,1,21,0.28552508277396521,0.10516129098832608,0.43869366431608792,0.40986504604784735,0.65371584724482446,0.065748221751349409,237.21621449057395,89,1,2.12801964320749,0.19878816640307267,0.4268297110770532,0.39717844086552789,1.0937519393418142,2.559090341221522,1.1250219638179988,1.249291235068813,0.00040396415776583732,7.9218826130988003,1.7834490285291329,0.35489925943197498,0.336706036888063,24.513319210693645,0.25978314564563332
258,I1,50,AB,1,22,0.28552508277396521,0.10516129098832608,0.43869366431608792,0.40986504604784735,0.65371584724482446,0.065748221751349409,237.21621449057395,89,1,2.12801964320749,0.19878816640307267,0.4268297110770532,0.39717844086552789,1.0937519393418142,2.559090341221522,1.1250219638179988,1.249291235068813,0.00040396415776583732,7.9218826130988003,1.7834490285291329,0.35489925943197498,0.3868208182044327,12.018313025112684,0.25978314564563332
259,I1,51,AB,1,23,0.28552508277396521,0.10516129098832608,0.43869366431608792,0.40986504604784735,0.65371584724482446,0.065748221751349409,237.21621449057395,89,1,2.12801964320749,0.19878816640307267,0.4268297110770532,0.39717844086552789,1.0937519393418142,2.559090341221522,1.1250219638179988,1.249291235068813,0.00040396415776583732,7.9218826130988003,1.7834490285291329,0.35489925943197498,0.3868208182044327,24.513319210693645,0.4057894438039511
260,I1,52,A,2,-1,0.2360184642396469,0.23785111159086231,0.53967825537547465,0.31505967468224344,0.56535300777874942,0.069242156805330288,54.117989857969022,58,2,2.0921793427103048,0.1461321592106673,0.56412994423814389,0.48958502955271355,0.80530315094476901,2.3522299053341409,1.0523111624084414,1.2158626736607403,2.670673609681823e-06,1.5133528585250693,1.542485230755654,0.43288432747638733,0.13093089573085309,3.1330990336898314,0.39485135055147108
261,I1,53,B,2,-1,0.29406477637319844,0.22515957690775396,0.42760643530637021,0.53452406790465612,0.79447001301421671,0.067874046291012818,1115.4774775354538,19,3,1.910599238379814,0.12409849138529322,0.53724060167548748,0.37058974852048587,0.8194259494952254,2.4717150575324194,1.0381012276560069,1.1415294496808202,0.0091203596137587242,1.9853805902358277,1.7365324433231417,0.37847879301205506,0.80618344079703097,1.3881773427789523,0.30388415553607045
262,I1,54,AB,2,0,0.29406477637319844,0.23785111159086231,0.53967825537547465,0.31505967468224344,0.56535300777874942,0.069242156805330288,54.117989857969022,58,2,2.0921793427103048,0.1461321592106673,0.56412994423814389,0.48958502955271355,0.80530315094476901,2.3522299053341409,1.0523111624084414,1.2158626736607403,2.670673609681823e-06,1.5133528585250693,1.542485230755654,0.43288432747638733,0.13093089573085309,3.1330990336898314,0.39485135055147108
263,I1,55,AB,2,1,0.2360184642396469,0.22515957690775396,0.53967825537547465,0.31505967468224344,0.56535300777874942,0.069242156805330288,54.117989857969022,58,2,2.0921793427103048,0.1461321592106673,0.56412994423814389,0.48958502955271355,0.80530315094476901,2.3522299053341409,1.0523111624084414,1.2158626736607403,2.670673609681823e-06,1.5133528585250693,1.542485230755654,0.43288432747638733,0.13093089573085309,3.1330990336898314,0.39485135055147108
264,I1,56,AB,2,2,0.2360184642396469,0.23785111159086231,0.42760643530637021,0.31505967468224344,0.56535300777874942,0.069242156805330288,54.117989857969022,58,2,2.0921793427103048,0.1461321592106673,0.56412994423814389,0.48958502955271355,0.80530315094476901,2.3522299053341409,1.0523111624084414,1.2158626736607403,2.670673609681823e-06,1.5133528585250693,1.542485230755654,0.43288432747638733,0.13093089573085309,3.1330990336898314,0.39485135055147108
265,I1,57,AB,2,3,0.2360184642396469,0.23785111159086231,0.53967825537547465,0.53452406790465612,0.56535300777874942,0.069242156805330288,54.117989857969022,58,2,2.0921793427103048,0.1461321592106673,0.56412994423814389,0.48958502955271355,0.80530315094476901,2.3522299053341409,1.0523111624084414,1.2158626736607403,2.670673609681823e-06,1.5133528585250693,1.542485230755654,0.43288432747638733,0.13093089573085309,3.1330990336898314,0.39485135055147108
266,I1,58,AB,2,4,0.2360184642396469,0.23785111159086231,0.53967825537547465,0.31505967468224344,0.79447001301421671,0.069242156805330288,54.117989857969022,58,2,2.0921793427103048,0.1461321592106673,0.56412994423814389,0.48958502955271355,0.80530315094476901,2.3522299053341409,1.0523111624084414,1.2158626736607403,2.670673609681823e-06,1.5133528585250693,1.542485230755654,0.43288432747638733,0.13093089573085309,3.1330990336898314,0.39485135055147108
267,I1,59,AB,2,5,0.2360184642396469,0.23785111159086231,0.53967825537547465,0.31505967468224344,0.56535300777874942,0.067874046291012818,54.117989857969022,58,2,2.0921793427103048,0.1461321592106673,0.56412994423814389,0.48958502955271355,0.80530315094476901,2.3522299053341409,1.0523111624084414,1.2158626736607403,2.670673609681823e-06,1.5133528585250693,1.542485230755654,0.43288432747638733,0.13093089573085309,3.1330990336898314,0.39485135055147108
268,I1,60,AB,2,6,0.2360184642396469,0.23785111159086231,0.53967825537547465,0.31505967468224344,0.56535300777874942,0.069242156805330288,1115.4774775354538,58,2,2.0921793427103048,0.1461321592106673,0.56412994423814389,0.48958502955271355,0.80530315094476901,2.3522299053341409,1.0523111624084414,1.2158626736607403,2.670673609681823e-06,1.5133528585250693,1.542485230755654,0.43288432747638733,0.13093089573085309,3.1330990336898314,0.39485135055147108
269,I1,61,AB,2,7,0.2360184642396469,0.23785111159086231,0.53967825537547465,0.31505967468224344,0.56535300777874942,0.069242156805330288,54.117989857969022,19,2,2.0921793427103048,0.1461321592106673,0.56412994423814389,0.48958502955271355,0.80530315094476901,2.3522299053341409,1.0523111624084414,1.2158626736607403,2.670673609681823e-06,1.5133528585250693,1.542485230755654,0.43288432747638733,0.13093089573085309,3.1330990336898314,0.39485135055147108
270,I1,62,AB,2,8,0.2360184642396469,0.23785111159086231,0.53967825537547465,0.31505967468224344,0.56535300777874942,0.069242156805330288,54.117989857969022,58,3,2.0921793427103048,0.1461321592106673,0.56412994423814389,0.48958502955271355,0.80530315094476901,2.3522299053341409,1.0523111624084414,1.2158626736607403,2.670673609681823e-06,1.5133528585250693,1.542485230755654,0.43288432747638733,0.13093089573085309,3.1330990336898314,0.39485135055147108
271,I1,63,AB,2,9,0.2360184642396469,0.23785111159086231,0.53967825537547465,0.31505967468224344,0.56535300777874942,0.069242156805330288,54.117989857969022,58,2,1.910599238379814,0.1461321592106673,0.56412994423814389,0.48958502955271355,0.80530315094476901,2.3522299053341409,1.0523111624084414,1.2158626736607403,2.670673609681823e-06,1.5133528585250693,1.542485230755654,0.43288432747638733,0.13093089573085309,3.1330990336898314,0.39485135055147108
272,I1,64,AB,2,10,0.2360184642396469,0.23785111159086231,0.53967825537547465,0.31505967468224344,0.56535300777874942,0.069242156805330288,54.117989857969022,58,2,2.0921793427103048,0.12409849138529322,0.56412994423814389,0.48958502955271355,0.80530315094476901,2.3522299053341409,1.0523111624084414,1.2158626736607403,2.670673609681823e-06,1.5133528585250693,1.542485230755654,0.43288432747638733,0.13093089573085309,3.1330990336898314,0.39485135055147108
273,I1,65,AB,2,11,0.2360184642396469,0.23785111159086231,0.53967825537547465,0.31505967468224344,0.56535300777874942,0.069242156805330288,54.117989857969022,58,2,2.0921793427103048,0.1461321592106673,0.53724060167548748,0.48958502955271355,0.80530315094476901,2.3522299053341409,1.0523111624084414,1.2158626736607403,2.670673609681823e-06,1.5133528585250693,1.542485230755654,0.43288432747638733,0.13093089573085309,3.1330990336898314,0.39485135055147108
274,I1,66,AB,2,12,0.2360184642396469,0.23785111159086231,0.53967825537547465,0.31505967468224344,0.56535300777874942,0.069242156805330288,54.117989857969022,58,2,2.0921793427103048,0.1461321592106673,0.56412994423814389,0.37058974852048587,0.80530315094476901,2.3522299053341409,1.0523111624084414,1.2158626736607403,2.670673609681823e-06,1.5133528585250693,1.542485230755654,0.43288432747638733,0.13093089573085309,3.1330990336898314,0.39485135055147108
275,I1,67,AB,2,13,0.2360184642396469,0.23785111159086231,0.53967825537547465,0.31505967468224344,0.56535300777874942,0.069242156805330288,54.117989857969022,58,2,2.0921793427103048,0.1461321592106673,0.56412994423814389,0.48958502955271355,0.8194259494952254,2.3522299053341409,1.0523111624084414,1.2158626736607403,2.670673609681823e-06,1.5133528585250693,1.542485230755654,0.43288432747638733,0.13093089573085309,3.1330990336898314,0.39485135055147108
276,I1,68,AB,2,14,0.2360184642396469,0.23785111159086231,0.53967825537547465,0.31505967468224344,0.56535300777874942,0.069242156805330288,54.117989857969022,58,2,2.0921793427103048,0.1461321592106673,0.56412994423814389,0.48958502955271355,0.80530315094476901,2.4717150575324194,1.0523111624084414,1.2158626736607403,2.670673609681823e-06,1.5133528585250693,1.542485230755654,0.43288432747638733,0.13093089573085309,3.1330990336898314,0.39485135055147108
277,I1,69,AB,2,15,0.2360184642396469,0.23785111159086231,0.53967825537547465,0.31505967468224344,0.56535300777874942,0.069242156805330288,54.117989857969022,58,2,2.0921793427103048,0.1461321592106673,0.56412994423814389,0.48958502955271355,0.80530315094476901,2.3522299053341409,1.0381012276560069,1.2158626736607403,2.670673609681823e-06,1.5133528585250693,1.542485230755654,0.43288432747638733,0.13093089573085309,3.1330990336898314,0.39485135055147108
278,I1,70,AB,2,16,0.2360184642396469,0.23785111159086231,0.53967825537547465,0.31505967468224344,0.56535300777874942,0.069242156805330288,54.117989857969022,58,2,2.0921793427103048,0.1461321592106673,0.56412994423814389,0.48958502955271355,0.80530315094476901,2.3522299053341409,1.0523111624084414,1.1415294496808202,2.670673609681823e-06,1.5133528585250693,1.542485230755654,0.43288432747638733,0.13093089573085309,3.1330990336898314,0.39485135055147108
279,I1,71,AB,2,17,0.2360184642396469,0.23785111159086231,0.53967825537547465,0.31505967468224344,0.56535300777874942,0.069242156805330288,54.117989857969022,58,2,2.0921793427103048,0.1461321592106673,0.56412994423814389,0.48958502955271355,0.80530315094476901,2.3522299053341409,1.0523111624084414,1.2158626736607403,0.0091203596137587242,1.5133528585250693,1.542485230755654,0.43288432747638733,0.13093089573085309,3.1330990336898314,0.39485135055147108
280,I1,72,AB,2,18,0.2360184642396469,0.23785111159086231,0.53967825537547465,0.31505967468224344,0.56535300777874942,0.069242156805330288,54.117989857969022,58,2,2.0921793427103048,0.1461321592106673,0.56412994423814389,0.48958502955271355,0.80530315094476901,2.3522299053341409,1.0523111624084414,1.2158626736607403,2.670673609681823e-06,1.9853805902358277,1.542485230755654,0.43288432747638733,0.13093089573085309,3.1330990336898314,0.39485135055147108
281,I1,73,AB,2,19,0.2360184642396469,0.23785111159086231,0.53967825537547465,0.31505967468224344,0.56535300777874942,0.069242156805330288,54.117989857969022,58,2,2.0921793427103048,0.1461321592106673,0.56412994423814389,0.48958502955271355,0.80530315094476901,2.3522299053341409,1.0523111624084414,1.2158626736607403,2.670673609681823e-06,1.5133528585250693,1.7365324433231417,0.43288432747638733,0.13093089573085309,3.1330990336898314,0.39485135055147108
282,I1,74,AB,2,20,0.2360184642396469,0.23785111159086231,0.53967825537547465,0.31505967468224344,0.56535300777874942,0.069242156805330288,54.117989857969022,58,2,2.0921793427103048,0.1461321592106673,0.56412994423814389,0.48958502955271355,0.80530315094476901,2.3522299053341409,1.0523111624084414,1.2158626736607403,2.670673609681823e-06,1.5133528585250693,1.542485230755654,0.37847879301205506,0.13093089573085309,3.1330990336898314,0.39485135055147108
283,I1,75,AB,2,21,0.2360184642396469,0.23785111159086231,0.53967825537547465,0.31505967468224344,0.56535300777874942,0.069242156805330288,54.117989857969022,58,2,2.0921793427103048,0.1461321592106673,0.56412994423814389,0.48958502955271355,0.80530315094476901,2.3522299053341409,1.0523111624084414,1.2158626736607403,2.670673609681823e-06,1.5133528585250693,1.542485230755654,0.43288432747638733,0.80618344079703097,3.1330990336898314,0.39485135055147108
284,I1,76,AB,2,22,0.2360184642396469,0.23785111159086231,0.53967825537547465,0.31505967468224344,0.56535300777874942,0.069242156805330288,54.117989857969022,58,2,2.0921793427103048,0.1461321592106673,0.56412994423814389,0.48958502955271355,0.80530315094476901,2.3522299053341409,1.0523111624084414,1.2158626736607403,2.670673609681823e-06,1.5133528585250693,1.542485230755654,0.43288432747638733,0.13093089573085309,1.3881773427789523,0.39485135055147108
285,I1,77,AB,2,23,0.2360184642396469,0.23785111159086231,0.53967825537547465,0.31505967468224344,0.56535300777874942,0.069242156805330288,54.117989857969022,58,2,2.0921793427103048,0.1461321592106673,0.56412994423814389,0.48958502955271355,0.80530315094476901,2.3522299053341409,1.0523111624084414,1.2158626736607403,2.670673609681823e-06,1.5133528585250693,1.542485230755654,0.43288432747638733,0.13093089573085309,3.1330990336898314,0.30388415553607045
286,I1,78,A,3,-1,0.30384816377957885,0.069872672483325016,0.30242661042138935,0.51072422907818515,0.85247592156444651,0.062321162993761794,948.47138776526049,7,5,1.8571636850482105,0.25443794621314775,0.61479559705672926,0.32374222319891982,0.91967880379011779,2.2207084380799373,1.0850829210784285,1.0999875512905419,0.004288891925566393,33.616773798411629,1.6373443667458183,0.39817651718783154,0.66055664233863354,8.6094710775050949,0.22195745063945649
287,I1,79,B,3,-1,0.30350347545522455,0.075790160521864894,0.59245066465809937,0.32145734942014004,0.60389660977263371,0.063414451744402051,8.7069784355438049,51,1,2.0333287289657309,0.27930795144599418,0.68933992993565085,0.44256152321622505,0.9958189092682983,1.8486352651242599,1.1459280668012797,1.2076566889416427,4.0876862469267906e-06,17.715181642334922,1.4885304268639008,0.4344134884122221,0.18186061512678864,22.087967180321801,0.47441279399208724
288,I1,80,AB,3,0,0.30350347545522455,0.069872672483325016,0.30242661042138935,0.51072422907818515,0.85247592156444651,0.062321162993761794,948.47138776526049,7,5,1.8571636850482105,0.25443794621314775,0.61479559705672926,0.32374222319891982,0.91967880379011779,2.2207084380799373,1.0850829210784285,1.0999875512905419,0.004288891925566393,33.616773798411629,1.6373443667458183,0.39817651718783154,0.66055664233863354,8.6094710775050949,0.22195745063945649
289,I1,81,AB,3,1,0.30384816377957885,0.075790160521864894,0.30242661042138935,0.51072422907818515,0.85247592156444651,0.062321162993761794,948.47138776526049,7,5,1.8571636850482105,0.25443794621314775,0.61479559705672926,0.32374222319891982,0.91967880379011779,2.2207084380799373,1.0850829210784285,1.0999875512905419,0.004288891925566393,33.616773798411629,1.6373443667458183,0.39817651718783154,0.66055664233863354,8.6094710775050949,0.22195745063945649
290,I1,82,AB,3,2,0.30384816377957885,0.069872672483325016,0.59245066465809937,0.51072422907818515,0.85247592156444651,0.062321162993761794,948.47138776526049,7,5,1.8571636850482105,0.25443794621314775,0.61479559705672926,0.32374222319891982,0.91967880379011779,2.2207084380799373,1.0850829210784285,1.0999875512905419,0.004288891925566393,33.616773798411629,1.6373443667458183,0.39817651718783154,0.66055664233863354,8.6094710775050949,0.22195745063945649
291,I1,83,AB,3,3,0.30384816377957885,0.069872672483325016,0.30242661042138935,0.32145734942014004,0.85247592156444651,0.062321162993761794,948.47138776526049,7,5,1.8571636850482105,0.25443794621314775,0.61479559705672926,0.32374222319891982,0.91967880379011779,2.2207084380799373,1.0850829210784285,1.0999875512905419,0.004288891925566393,33.616773798411629,1.6373443667458183,0.39817651718783154,0.66055664233863354,8.6094710775050949,0.22195745063945649
292,I1,84,AB,3,4,0.30384816377957885,0.069872672483325016,0.30242661042138935,0.51072422907818515,0.60389660977263371,0.062321162993761794,948.47138776526049,7,5,1.8571636850482105,0.25443794621314775,0.61479559705672926,0.32374222319891982,0.91967880379011779,2.2207084380799373,1.0850829210784285,1.0999875512905419,0.004288891925566393,33.616773798411629,1.6373443667458183,0.39817651718783154,0.66055664233863354,8.6094710775050949,0.22195745063945649
293,I1,85,AB,3,5,0.30384816377957885,0.069872672483325016,0.30242661042138935,0.51072422907818515,0.85247592156444651,0.063414451744402051,948.47138776526049,7,5,1.8571636850482105,0.25443794621314775,0.61479559705672926,0.32374222319891982,0.91967880379011779,2.2207084380799373,1.0850829210784285,1.0999875512905419,0.004288891925566393,33.616773798411629,1.6373443667458183,0.39817651718783154,0.66055664233863354,8.6094710775050949,0.22195745063945649
294,I1,86,AB,3,6,0.30384816377957885,0.069872672483325016,0.30242661042138935,0.51072422907818515,0.85247592156444651,0.062321162993761794,8.7069784355438049,7,5,1.8571636850482105,0.25443794621314775,0.61479559705672926,0.32374222319891982,0.91967880379011779,2.2207084380799373,1.0850829210784285,1.0999875512905419,0.004288891925566393,33.616773798411629,1.6373443667458183,0.39817651718783154,0.66055664233863354,8.6094710775050949,0.22195745063945649
295,I1,87,AB,3,7,0.30384816377957885,0.069872672483325016,0.30242661042138935,0.51072422907818515,0.85247592156444651,0.062321162993761794,948.47138776526049,51,5,1.8571636850482105,0.25443794621314775,0.61479559705672926,0.32374222319891982,0.91967880379011779,2.2207084380799373,1.0850829210784285,1.0999875512905419,0.004288891925566393,33.616773798411629,1.6373443667458183,0.39817651718783154,0.66055664233863354,8.6094710775050949,0.22195745063945649
296,I1,88,AB,3,8,0.30384816377957885,0.069872672483325016,0.30242661042138935,0.51072422907818515,0.85247592156444651,0.062321162993761794,948.47138776526049,7,1,1.8571636850482105,0.25443794621314775,0.61479559705672926,0.32374222319891982,0.91967880379011779,2.2207084380799373,1.0850829210784285,1.0999875512905419,0.004288891925566393,33.616773798411629,1.6373443667458183,0.39817651718783154,0.66055664233863354,8.6094710775050949,0.22195745063945649
297,I1,89,AB,3,9,0.30384816377957885,0.069872672483325016,0.30242661042138935,0.51072422907818515,0.85247592156444651,0.062321162993761794,948.47138776526049,7,5,2.0333287289657309,0.25443794621314775,0.61479559705672926,0.32374222319891982,0.91967880379011779,2.2207084380799373,1.0850829210784285,1.0999875512905419,0.004288891925566393,33.616773798411629,1.6373443667458183,0.39817651718783154,0.66055664233863354,8.6094710775050949,0.22195745063945649
298,I1,90,AB,3,10,0.30384816377957885,0.069872672483325016,0.30242661042138935,0.51072422907818515,0.85247592156444651,0.062321162993761794,948.47138776526049,7,5,1.8571636850482105,0.27930795144599418,0.61479559705672926,0.32374222319891982,0.91967880379011779,2.2207084380799373,1.0850829210784285,1.0999875512905419,0.004288891925566393,33.616773798411629,1.6373443667458183,0.39817651718783154,0.66055664233863354,8.6094710775050949,0.22195745063945649
299,I1,91,AB,3,11,0.30384816377957885,0.069872672483325016,0.30242661042138935,0.51072422907818515,0.85247592156444651,0.062321162993761794,948.47138776526049,7,5,1.8571636850482105,0.25443794621314775,0.68933992993565085,0.32374222319891982,0.91967880379011779,2.2207084380799373,1.0850829210784285,1.0999875512905419,0.004288891925566393,33.616773798411629,1.6373443667458183,0.39817651718783154,0.66055664233863354,8.6094710775050949,0.22195745063945649
300,I1,92,AB,3,12,0.30384816377957885,0.069872672483325016,0.30242661042138935,0.51072422907818515,0.85247592156444651,0.062321162993761794,948.47138776526049,7,5,1.8571636850482105,0.25443794621314775,0.61479559705672926,0.44256152321622505,0.91967880379011779,2.2207084380799373,1.0850829210784285,1.0999875512905419,0.004288891925566393,33.616773798411629,1.6373443667458183,0.39817651718783154,0.66055664233863354,8.6094710775050949,0.22195745063945649
301,I1,93,AB,3,13,0.30384816377957885,0.069872672483325016,0.30242661042138935,0.51072422907818515,0.85247592156444651,0.062321162993761794,948.47138776526049,7,5,1.8571636850482105,0.25443794621314775,0.61479559705672926,0.32374222319891982,0.9958189092682983,2.2207084380799373,1.0850829210784285,1.0999875512905419,0.004288891925566393,33.616773798411629,1.6373443667458183,0.39817651718783154,0.66055664233863354,8.6094710775050949,0.22195745063945649
302,I1,94,AB,3,14,0.30384816377957885,0.069872672483325016,0.30242661042138935,0.51072422907818515,0.85247592156444651,0.062321162993761794,948.47138776526049,7,5,1.8571636850482105,0.25443794621314775,0.61479559705672926,0.32374222319891982,0.91967880379011779,1.8486352651242599,1.0850829210784285,1.0999875512905419,0.004288891925566393,33.616773798411629,1.6373443667458183,0.39817651718783154,0.66055664233863354,8.6094710775050949,0.22195745063945649
303,I1,95,AB,3,15,0.30384816377957885,0.069872672483325016,0.30242661042138935,0.51072422907818515,0.85247592156444651,0.062321162993761794,948.47138776526049,7,5,1.8571636850482105,0.25443794621314775,0.61479559705672926,0.32374222319891982,0.91967880379011779,2.2207084380799373,1.1459280668012797,1.0999875512905419,0.004288891925566393,33.616773798411629,1.6373443667458183,0.39817651718783154,0.66055664233863354,8.6094710775050949,0.22195745063945649
304,I1,96,AB,3,16,0.30384816377957885,0.069872672483325016,0.30242661042138935,0.51072422907818515,0.85247592156444651,0.062321162993761794,948.47138776526049,7,5,1.8571636850482105,0.25443794621314775,0.61479559705672926,0.32374222319891982,0.91967880379011779,2.2207084380799373,1.0850829210784285,1.2076566889416427,0.004288891925566393,33.616773798411629,1.6373443667458183,0.39817651718783154,0.66055664233863354,8.6094710775050949,0.22195745063945649
305,I1,97,AB,3,17,0.30384816377957885,0.069872672483325016,0.30242661042138935,0.51072422907818515,0.85247592156444651,0.062321162993761794,948.47138776526049,7,5,1.8571636850482105,0.25443794621314775,0.61479559705672926,0.32374222319891982,0.91967880379011779,2.2207084380799373,1.0850829210784285,1.0999875512905419,4.0876862469267906e-06,33.616773798411629,1.6373443667458183,0.39817651718783154,0.66055664233863354,8.6094710775050949,0.22195745063945649
306,I1,98,AB,3,18,0.30384816377957885,0.069872672483325016,0.30242661042138935,0.51072422907818515,0.85247592156444651,0.062321162993761794,948.47138776526049,7,5,1.8571636850482105,0.25443794621314775,0.61479559705672926,0.32374222319891982,0.91967880379011779,2.2207084380799373,1.0850829210784285,1.0999875512905419,0.004288891925566393,17.715181642334922,1.6373443667458183,0.39817651718783154,0.66055664233863354,8.6094710775050949,0.22195745063945649
307,I1,99,AB,3,19,0.30384816377957885,0.069872672483325016,0.30242661042138935,0.51072422907818515,0.85247592156444651,0.062321162993761794,948.47138776526049,7,5,1.8571636850482105,0.25443794621314775,0.61479559705672926,0.32374222319891982,0.91967880379011779,2.2207084380799373,1.0850829210784285,1.0999875512905419,0.004288891925566393,33.616773798411629,1.4885304268639008,0.39817651718783154,0.66055664233863354,8.6094710775050949,0.22195745063945649
308,I1,100,AB,3,20,0.30384816377957885,0.069872672483325016,0.30242661042138935,0.51072422907818515,0.85247592156444651,0.062321162993761794,948.47138776526049,7,5,1.8571636850482105,0.25443794621314775,0.61479559705672926,0.32374222319891982,0.91967880379011779,2.2207084380799373,1.0850829210784285,1.0999875512905419,0.004288891925566393,33.616773798411629,1.6373443667458183,0.4344134884122221,0.66055664233863354,8.6094710775050949,0.22195745063945649
309,I1,101,AB,3,21,0.30384816377957885,0.069872672483325016,0.30242661042138935,0.51072422907818515,0.85247592156444651,0.062321162993761794,948.47138776526049,7,5,1.8571636850482105,0.25443794621314775,0.61479559705672926,0.32374222319891982,0.91967880379011779,2.2207084380799373,1.0850829210784285,1.0999875512905419,0.004288891925566393,33.616773798411629,1.6373443667458183,0.39817651718783154,0.18186061512678864,8.6094710775050949,0.22195745063945649
310,I1,102,AB,3,22,0.30384816377957885,0.069872672483325016,0.30242661042138935,0.51072422907818515,0.85247592156444651,0.062321162993761794,948.47138776526049,7,5,1.8571636850482105,0.25443794621314775,0.61479559705672926,0.32374222319891982,0.91967880379011779,2.2207084380799373,1.0850829210784285,1.0999875512905419,0.004288891925566393,33.616773798411629,1.6373443667458183,0.39817651718783154,0.66055664233863354,22.087967180321801,0.22195745063945649
311,I1,103,AB,3,23,0.30384816377957885,0.069872672483325016,0.30242661042138935,0.51072422907818515,0.85247592156444651,0.062321162993761794,948.47138776526049,7,5,1.8571636850482105,0.25443794621314775,0.61479559705672926,0.32374222319891982,0.91967880379011779,2.2207084380799373,1.0850829210784285,1.0999875512905419,0.004288891925566393,33.616773798411629,1.6373443667458183,0.39817651718783154,0.66055664233863354,8.6094710775050949,0.47441279399208724
