row_id,condition,cond_row_id,matrix,base_idx,param_j,eta,f_cl_i,f_cl_v,E_m_i,E_m_v,E_m_h,L_hat,gamma_s,E_b_v2,lambda,B_111,E_b_i2,E_b_hV_1,Z_i,Z_i_loop,E_a0_conv,dH2_conv,phi_max_junc,dH2_abs_conv
0,N2,0,A,0,-1,0.34799080811083904,0.18713280558586121,0.64467932032421227,0.35411620526831172,0.73135543854903351,0.064716537942105995,15.284174588861873,1.9560822642873179,0.2377471042755179,0.52814243499447888,0.57056686053753936,1.0299250986568504,2.4953727913211896,1.0395837537385524,1.1097437114920468,1.9539916411042213,0.39035052529737085,0.4022856432944536,0.42489716085605322
1,N2,1,B,0,-1,0.2836853082266122,0.17812248878180981,0.58705095881596203,0.30794352450536405,0.80158548704308163,0.061240554464244153,28.389366064789733,1.8210485018053706,0.18919178289647648,0.58121206774964485,0.35160662880227389,0.96219175999636986,2.2130478559052866,1.1199969954509288,1.2897354908753187,2.1689799912273884,0.42733280871924068,0.29481534427031875,0.27167307575233279
2,N2,2,AB,0,0,0.2836853082266122,0.18713280558586121,0.64467932032421227,0.35411620526831172,0.73135543854903351,0.064716537942105995,15.284174588861873,1.9560822642873179,0.2377471042755179,0.52814243499447888,0.57056686053753936,1.0299250986568504,2.4953727913211896,1.0395837537385524,1.1097437114920468,1.9539916411042213,0.39035052529737085,0.4022856432944536,0.42489716085605322
3,N2,3,AB,0,1,0.34799080811083904,0.17812248878180981,0.64467932032421227,0.35411620526831172,0.73135543854903351,0.064716537942105995,15.284174588861873,1.9560822642873179,0.2377471042755179,0.52814243499447888,0.57056686053753936,1.0299250986568504,2.4953727913211896,1.0395837537385524,1.1097437114920468,1.9539916411042213,0.39035052529737085,0.4022856432944536,0.42489716085605322
4,N2,4,AB,0,2,0.34799080811083904,0.18713280558586121,0.58705095881596203,0.35411620526831172,0.73135543854903351,0.064716537942105995,15.284174588861873,1.9560822642873179,0.2377471042755179,0.52814243499447888,0.57056686053753936,1.0299250986568504,2.4953727913211896,1.0395837537385524,1.1097437114920468,1.9539916411042213,0.39035052529737085,0.4022856432944536,0.42489716085605322
5,N2,5,AB,0,3,0.34799080811083904,0.18713280558586121,0.64467932032421227,0.30794352450536405,0.73135543854903351,0.064716537942105995,15.284174588861873,1.9560822642873179,0.2377471042755179,0.52814243499447888,0.57056686053753936,1.0299250986568504,2.4953727913211896,1.0395837537385524,1.1097437114920468,1.9539916411042213,0.39035052529737085,0.4022856432944536,0.42489716085605322
6,N2,6,AB,0,4,0.34799080811083904,0.18713280558586121,0.64467932032421227,0.35411620526831172,0.80158548704308163,0.064716537942105995,15.284174588861873,1.9560822642873179,0.2377471042755179,0.52814243499447888,0.57056686053753936,1.0299250986568504,2.4953727913211896,1.0395837537385524,1.1097437114920468,1.9539916411042213,0.39035052529737085,0.4022856432944536,0.42489716085605322
7,N2,7,AB,0,5,0.34799080811083904,0.18713280558586121,0.64467932032421227,0.35411620526831172,0.73135543854903351,0.061240554464244153,15.284174588861873,1.9560822642873179,0.2377471042755179,0.52814243499447888,0.57056686053753936,1.0299250986568504,2.4953727913211896,1.0395837537385524,1.1097437114920468,1.9539916411042213,0.39035052529737085,0.4022856432944536,0.42489716085605322
8,N2,8,AB,0,6,0.34799080811083904,0.18713280558586121,0.64467932032421227,0.35411620526831172,0.73135543854903351,0.064716537942105995,28.389366064789733,1.9560822642873179,0.2377471042755179,0.52814243499447888,0.57056686053753936,1.0299250986568504,2.4953727913211896,1.0395837537385524,1.1097437114920468,1.9539916411042213,0.39035052529737085,0.4022856432944536,0.42489716085605322
9,N2,9,AB,0,7,0.34799080811083904,0.18713280558586121,0.64467932032421227,0.35411620526831172,0.73135543854903351,0.064716537942105995,15.284174588861873,1.8210485018053706,0.2377471042755179,0.52814243499447888,0.57056686053753936,1.0299250986568504,2.4953727913211896,1.0395837537385524,1.1097437114920468,1.9539916411042213,0.39035052529737085,0.4022856432944536,0.42489716085605322
10,N2,10,AB,0,8,0.34799080811083904,0.18713280558586121,0.64467932032421227,0.35411620526831172,0.73135543854903351,0.064716537942105995,15.284174588861873,1.9560822642873179,0.18919178289647648,0.52814243499447888,0.57056686053753936,1.0299250986568504,2.4953727913211896,1.0395837537385524,1.1097437114920468,1.9539916411042213,0.39035052529737085,0.4022856432944536,0.42489716085605322
11,N2,11,AB,0,9,0.34799080811083904,0.18713280558586121,0.64467932032421227,0.35411620526831172,0.73135543854903351,0.064716537942105995,15.284174588861873,1.9560822642873179,0.2377471042755179,0.58121206774964485,0.57056686053753936,1.0299250986568504,2.4953727913211896,1.0395837537385524,1.1097437114920468,1.9539916411042213,0.39035052529737085,0.4022856432944536,0.42489716085605322
12,N2,12,AB,0,10,0.34799080811083904,0.18713280558586121,0.64467932032421227,0.35411620526831172,0.73135543854903351,0.064716537942105995,15.284174588861873,1.9560822642873179,0.2377471042755179,0.52814243499447888,0.35160662880227389,1.0299250986568504,2.4953727913211896,1.0395837537385524,1.1097437114920468,1.9539916411042213,0.39035052529737085,0.4022856432944536,0.42489716085605322
13,N2,13,AB,0,11,0.34799080811083904,0.18713280558586121,0.64467932032421227,0.35411620526831172,0.73135543854903351,0.064716537942105995,15.284174588861873,1.9560822642873179,0.2377471042755179,0.52814243499447888,0.57056686053753936,0.96219175999636986,2.4953727913211896,1.0395837537385524,1.1097437114920468,1.9539916411042213,0.39035052529737085,0.4022856432944536,0.42489716085605322
14,N2,14,AB,0,12,0.34799080811083904,0.18713280558586121,0.64467932032421227,0.35411620526831172,0.73135543854903351,0.064716537942105995,15.284174588861873,1.9560822642873179,0.2377471042755179,0.52814243499447888,0.57056686053753936,1.0299250986568504,2.2130478559052866,1.0395837537385524,1.1097437114920468,1.9539916411042213,0.39035052529737085,0.4022856432944536,0.42489716085605322
15,N2,15,AB,0,13,0.34799080811083904,0.18713280558586121,0.64467932032421227,0.35411620526831172,0.73135543854903351,0.064716537942105995,15.284174588861873,1.9560822642873179,0.2377471042755179,0.52814243499447888,0.57056686053753936,1.0299250986568504,2.4953727913211896,1.1199969954509288,1.1097437114920468,1.9539916411042213,0.39035052529737085,0.4022856432944536,0.42489716085605322
16,N2,16,AB,0,14,0.34799080811083904,0.18713280558586121,0.64467932032421227,0.35411620526831172,0.73135543854903351,0.064716537942105995,15.284174588861873,1.9560822642873179,0.2377471042755179,0.52814243499447888,0.57056686053753936,1.0299250986568504,2.4953727913211896,1.0395837537385524,1.2897354908753187,1.9539916411042213,0.39035052529737085,0.4022856432944536,0.42489716085605322
17,N2,17,AB,0,15,0.34799080811083904,0.18713280558586121,0.64467932032421227,0.35411620526831172,0.73135543854903351,0.064716537942105995,15.284174588861873,1.9560822642873179,0.2377471042755179,0.52814243499447888,0.57056686053753936,1.0299250986568504,2.4953727913211896,1.0395837537385524,1.1097437114920468,2.1689799912273884,0.39035052529737085,0.4022856432944536,0.42489716085605322
18,N2,18,AB,0,16,0.34799080811083904,0.18713280558586121,0.64467932032421227,0.35411620526831172,0.73135543854903351,0.064716537942105995,15.284174588861873,1.9560822642873179,0.2377471042755179,0.52814243499447888,0.57056686053753936,1.0299250986568504,2.4953727913211896,1.0395837537385524,1.1097437114920468,1.9539916411042213,0.42733280871924068,0.4022856432944536,0.42489716085605322
19,N2,19,AB,0,17,0.34799080811083904,0.18713280558586121,0.64467932032421227,0.35411620526831172,0.73135543854903351,0.064716537942105995,15.284174588861873,1.9560822642873179,0.2377471042755179,0.52814243499447888,0.57056686053753936,1.0299250986568504,2.4953727913211896,1.0395837537385524,1.1097437114920468,1.9539916411042213,0.39035052529737085,0.29481534427031875,0.42489716085605322
20,N2,20,AB,0,18,0.34799080811083904,0.18713280558586121,0.64467932032421227,0.35411620526831172,0.73135543854903351,0.064716537942105995,15.284174588861873,1.9560822642873179,0.2377471042755179,0.52814243499447888,0.57056686053753936,1.0299250986568504,2.4953727913211896,1.0395837537385524,1.1097437114920468,1.9539916411042213,0.39035052529737085,0.4022856432944536,0.27167307575233279
21,N2,21,A,1,-1,0.24871922678490935,0.12401708029210567,0.31727442638948561,0.40180861951964941,0.59352511293786137,0.073504445612117275,1016.1241310866882,2.2179468666938713,0.2128996045588703,0.71570901078164628,0.31368786867246468,0.8749876138717958,2.2131532812533066,1.1321071350853888,1.1813004167750478,2.086439348757267,0.43945545381703549,0.83310446338728072,0.29693010741844772
22,N2,22,B,1,-1,0.34494972360116055,0.097041178680956366,0.32535395054146643,0.46856926533427279,0.54550628033081106,0.073292885433925439,229.41255000139353,2.0141238975488056,0.25301823069428453,0.57213453548982007,0.45959298985334174,0.80046854005560297,2.4853339412575437,1.0699215290881694,1.0889716401696206,1.6992834925651552,0.38481035825654053,0.6359150758013129,0.44881692279130225
23,N2,23,AB,1,0,0.34494972360116055,0.12401708029210567,0.31727442638948561,0.40180861951964941,0.59352511293786137,0.073504445612117275,1016.1241310866882,2.2179468666938713,0.2128996045588703,0.71570901078164628,0.31368786867246468,0.8749876138717958,2.2131532812533066,1.1321071350853888,1.1813004167750478,2.086439348757267,0.43945545381703549,0.83310446338728072,0.29693010741844772
24,N2,24,AB,1,1,0.24871922678490935,0.097041178680956366,0.31727442638948561,0.40180861951964941,0.59352511293786137,0.073504445612117275,1016.1241310866882,2.2179468666938713,0.2128996045588703,0.71570901078164628,0.31368786867246468,0.8749876138717958,2.2131532812533066,1.1321071350853888,1.1813004167750478,2.086439348757267,0.43945545381703549,0.83310446338728072,0.29693010741844772
25,N2,25,AB,1,2,0.24871922678490935,0.12401708029210567,0.32535395054146643,0.40180861951964941,0.59352511293786137,0.073504445612117275,1016.1241310866882,2.2179468666938713,0.2128996045588703,0.71570901078164628,0.31368786867246468,0.8749876138717958,2.2131532812533066,1.1321071350853888,1.1813004167750478,2.086439348757267,0.43945545381703549,0.83310446338728072,0.29693010741844772
26,N2,26,AB,1,3,0.24871922678490935,0.12401708029210567,0.31727442638948561,0.46856926533427279,0.59352511293786137,0.073504445612117275,1016.1241310866882,2.2179468666938713,0.2128996045588703,0.71570901078164628,0.31368786867246468,0.8749876138717958,2.2131532812533066,1.1321071350853888,1.1813004167750478,2.086439348757267,0.43945545381703549,0.83310446338728072,0.29693010741844772
27,N2,27,AB,1,4,0.24871922678490935,0.12401708029210567,0.31727442638948561,0.40180861951964941,0.54550628033081106,0.073504445612117275,1016.1241310866882,2.2179468666938713,0.2128996045588703,0.71570901078164628,0.31368786867246468,0.8749876138717958,2.2131532812533066,1.1321071350853888,1.1813004167750478,2.086439348757267,0.43945545381703549,0.83310446338728072,0.29693010741844772
28,N2,28,AB,1,5,0.24871922678490935,0.12401708029210567,0.31727442638948561,0.40180861951964941,0.59352511293786137,0.073292885433925439,1016.1241310866882,2.2179468666938713,0.2128996045588703,0.71570901078164628,0.31368786867246468,0.8749876138717958,2.2131532812533066,1.1321071350853888,1.1813004167750478,2.086439348757267,0.43945545381703549,0.83310446338728072,0.29693010741844772
29,N2,29,AB,1,6,0.24871922678490935,0.12401708029210567,0.31727442638948561,0.40180861951964941,0.59352511293786137,0.073504445612117275,229.41255000139353,2.2179468666938713,0.2128996045588703,0.71570901078164628,0.31368786867246468,0.8749876138717958,2.2131532812533066,1.1321071350853888,1.1813004167750478,2.086439348757267,0.43945545381703549,0.83310446338728072,0.29693010741844772
30,N2,30,AB,1,7,0.24871922678490935,0.12401708029210567,0.31727442638948561,0.40180861951964941,0.59352511293786137,0.073504445612117275,1016.1241310866882,2.0141238975488056,0.2128996045588703,0.71570901078164628,0.31368786867246468,0.8749876138717958,2.2131532812533066,1.1321071350853888,1.1813004167750478,2.086439348757267,0.43945545381703549,0.83310446338728072,0.29693010741844772
31,N2,31,AB,1,8,0.24871922678490935,0.12401708029210567,0.31727442638948561,0.40180861951964941,0.59352511293786137,0.073504445612117275,1016.1241310866882,2.2179468666938713,0.25301823069428453,0.71570901078164628,0.31368786867246468,0.8749876138717958,2.2131532812533066,1.1321071350853888,1.1813004167750478,2.086439348757267,0.43945545381703549,0.83310446338728072,0.29693010741844772
32,N2,32,AB,1,9,0.24871922678490935,0.12401708029210567,0.31727442638948561,0.40180861951964941,0.59352511293786137,0.073504445612117275,1016.1241310866882,2.2179468666938713,0.2128996045588703,0.57213453548982007,0.31368786867246468,0.8749876138717958,2.2131532812533066,1.1321071350853888,1.1813004167750478,2.086439348757267,0.43945545381703549,0.83310446338728072,0.29693010741844772
33,N2,33,AB,1,10,0.24871922678490935,0.12401708029210567,0.31727442638948561,0.40180861951964941,0.59352511293786137,0.073504445612117275,1016.1241310866882,2.2179468666938713,0.2128996045588703,0.71570901078164628,0.45959298985334174,0.8749876138717958,2.2131532812533066,1.1321071350853888,1.1813004167750478,2.086439348757267,0.43945545381703549,0.83310446338728072,0.29693010741844772
34,N2,34,AB,1,11,0.24871922678490935,0.12401708029210567,0.31727442638948561,0.40180861951964941,0.59352511293786137,0.073504445612117275,1016.1241310866882,2.2179468666938713,0.2128996045588703,0.71570901078164628,0.31368786867246468,0.80046854005560297,2.2131532812533066,1.1321071350853888,1.1813004167750478,2.086439348757267,0.43945545381703549,0.83310446338728072,0.29693010741844772
35,N2,35,AB,1,12,0.24871922678490935,0.12401708029210567,0.31727442638948561,0.40180861951964941,0.59352511293786137,0.073504445612117275,1016.1241310866882,2.2179468666938713,0.2128996045588703,0.71570901078164628,0.31368786867246468,0.8749876138717958,2.4853339412575437,1.1321071350853888,1.1813004167750478,2.086439348757267,0.43945545381703549,0.83310446338728072,0.29693010741844772
36,N2,36,AB,1,13,0.24871922678490935,0.12401708029210567,0.31727442638948561,0.40180861951964941,0.59352511293786137,0.073504445612117275,1016.1241310866882,2.2179468666938713,0.2128996045588703,0.71570901078164628,0.31368786867246468,0.8749876138717958,2.2131532812533066,1.0699215290881694,1.1813004167750478,2.086439348757267,0.43945545381703549,0.83310446338728072,0.29693010741844772
37,N2,37,AB,1,14,0.24871922678490935,0.12401708029210567,0.31727442638948561,0.40180861951964941,0.59352511293786137,0.073504445612117275,1016.1241310866882,2.2179468666938713,0.2128996045588703,0.71570901078164628,0.31368786867246468,0.8749876138717958,2.2131532812533066,1.1321071350853888,1.0889716401696206,2.086439348757267,0.43945545381703549,0.83310446338728072,0.29693010741844772
38,N2,38,AB,1,15,0.24871922678490935,0.12401708029210567,0.31727442638948561,0.40180861951964941,0.59352511293786137,0.073504445612117275,1016.1241310866882,2.2179468666938713,0.2128996045588703,0.71570901078164628,0.31368786867246468,0.8749876138717958,2.2131532812533066,1.1321071350853888,1.1813004167750478,1.6992834925651552,0.43945545381703549,0.83310446338728072,0.29693010741844772
39,N2,39,AB,1,16,0.24871922678490935,0.12401708029210567,0.31727442638948561,0.40180861951964941,0.59352511293786137,0.073504445612117275,1016.1241310866882,2.2179468666938713,0.2128996045588703,0.71570901078164628,0.31368786867246468,0.8749876138717958,2.2131532812533066,1.1321071350853888,1.1813004167750478,2.086439348757267,0.38481035825654053,0.83310446338728072,0.29693010741844772
40,N2,40,AB,1,17,0.24871922678490935,0.12401708029210567,0.31727442638948561,0.40180861951964941,0.59352511293786137,0.073504445612117275,1016.1241310866882,2.2179468666938713,0.2128996045588703,0.71570901078164628,0.31368786867246468,0.8749876138717958,2.2131532812533066,1.1321071350853888,1.1813004167750478,2.086439348757267,0.43945545381703549,0.6359150758013129,0.29693010741844772
41,N2,41,AB,1,18,0.24871922678490935,0.12401708029210567,0.31727442638948561,0.40180861951964941,0.59352511293786137,0.073504445612117275,1016.1241310866882,2.2179468666938713,0.2128996045588703,0.71570901078164628,0.31368786867246468,0.8749876138717958,2.2131532812533066,1.1321071350853888,1.1813004167750478,2.086439348757267,0.43945545381703549,0.83310446338728072,0.44881692279130225
42,N2,42,A,2,-1,0.28356663123091613,0.20219822712242602,0.53934461558237667,0.30912273257542228,0.62146343172255536,0.06711937730111614,28.296246275226022,2.0711993584256958,0.17611536569972619,0.61054986461514504,0.37137165249593512,0.71687553183150987,2.6961435635879569,1.077273842189461,1.2505845645908267,1.7111972458660603,0.41985146423550246,0.24887039549648762,0.33922802476212383
43,N2,43,B,2,-1,0.26146125655650787,0.24064028486609462,0.25121001228690149,0.38386469702779974,0.75607755722470149,0.064428391058636431,3128.7625851935313,1.9121345314542371,0.32027062276721424,0.64829777809979627,0.5262729837118939,1.0511898766525145,1.9573571870971351,1.1031706151925027,1.1193991903681308,1.841956053674221,0.36530153694171996,0.40592702031135564,0.30827693577855825
44,N2,44,AB,2,0,0.26146125655650787,0.20219822712242602,0.53934461558237667,0.30912273257542228,0.62146343172255536,0.06711937730111614,28.296246275226022,2.0711993584256958,0.17611536569972619,0.61054986461514504,0.37137165249593512,0.71687553183150987,2.6961435635879569,1.077273842189461,1.2505845645908267,1.7111972458660603,0.41985146423550246,0.24887039549648762,0.33922802476212383
45,N2,45,AB,2,1,0.28356663123091613,0.24064028486609462,0.53934461558237667,0.30912273257542228,0.62146343172255536,0.06711937730111614,28.296246275226022,2.0711993584256958,0.17611536569972619,0.61054986461514504,0.37137165249593512,0.71687553183150987,2.6961435635879569,1.077273842189461,1.2505845645908267,1.7111972458660603,0.41985146423550246,0.24887039549648762,0.33922802476212383
46,N2,46,AB,2,2,0.28356663123091613,0.20219822712242602,0.25121001228690149,0.30912273257542228,0.62146343172255536,0.06711937730111614,28.296246275226022,2.0711993584256958,0.17611536569972619,0.61054986461514504,0.37137165249593512,0.71687553183150987,2.6961435635879569,1.077273842189461,1.2505845645908267,1.7111972458660603,0.41985146423550246,0.24887039549648762,0.33922802476212383
47,N2,47,AB,2,3,0.28356663123091613,0.20219822712242602,0.53934461558237667,0.38386469702779974,0.62146343172255536,0.06711937730111614,28.296246275226022,2.0711993584256958,0.17611536569972619,0.61054986461514504,0.37137165249593512,0.71687553183150987,2.6961435635879569,1.077273842189461,1.2505845645908267,1.7111972458660603,0.41985146423550246,0.24887039549648762,0.33922802476212383
48,N2,48,AB,2,4,0.28356663123091613,0.20219822712242602,0.53934461558237667,0.30912273257542228,0.75607755722470149,0.06711937730111614,28.296246275226022,2.0711993584256958,0.17611536569972619,0.61054986461514504,0.37137165249593512,0.71687553183150987,2.6961435635879569,1.077273842189461,1.2505845645908267,1.7111972458660603,0.41985146423550246,0.24887039549648762,0.33922802476212383
49,N2,49,AB,2,5,0.28356663123091613,0.20219822712242602,0.53934461558237667,0.30912273257542228,0.62146343172255536,0.064428391058636431,28.296246275226022,2.0711993584256958,0.17611536569972619,0.61054986461514504,0.37137165249593512,0.71687553183150987,2.6961435635879569,1.077273842189461,1.2505845645908267,1.7111972458660603,0.41985146423550246,0.24887039549648762,0.33922802476212383
50,N2,50,AB,2,6,0.28356663123091613,0.20219822712242602,0.53934461558237667,0.30912273257542228,0.62146343172255536,0.06711937730111614,3128.7625851935313,2.0711993584256958,0.17611536569972619,0.61054986461514504,0.37137165249593512,0.71687553183150987,2.6961435635879569,1.077273842189461,1.2505845645908267,1.7111972458660603,0.41985146423550246,0.24887039549648762,0.33922802476212383
51,N2,51,AB,2,7,0.28356663123091613,0.20219822712242602,0.53934461558237667,0.30912273257542228,0.62146343172255536,0.06711937730111614,28.296246275226022,1.9121345314542371,0.17611536569972619,0.61054986461514504,0.37137165249593512,0.71687553183150987,2.6961435635879569,1.077273842189461,1.2505845645908267,1.7111972458660603,0.41985146423550246,0.24887039549648762,0.33922802476212383
52,N2,52,AB,2,8,0.28356663123091613,0.20219822712242602,0.53934461558237667,0.30912273257542228,0.62146343172255536,0.06711937730111614,28.296246275226022,2.0711993584256958,0.32027062276721424,0.61054986461514504,0.37137165249593512,0.71687553183150987,2.6961435635879569,1.077273842189461,1.2505845645908267,1.7111972458660603,0.41985146423550246,0.24887039549648762,0.33922802476212383
53,N2,53,AB,2,9,0.28356663123091613,0.20219822712242602,0.53934461558237667,0.30912273257542228,0.62146343172255536,0.06711937730111614,28.296246275226022,2.0711993584256958,0.17611536569972619,0.64829777809979627,0.37137165249593512,0.71687553183150987,2.6961435635879569,1.077273842189461,1.2505845645908267,1.7111972458660603,0.41985146423550246,0.24887039549648762,0.33922802476212383
54,N2,54,AB,2,10,0.28356663123091613,0.20219822712242602,0.53934461558237667,0.30912273257542228,0.62146343172255536,0.06711937730111614,28.296246275226022,2.0711993584256958,0.17611536569972619,0.61054986461514504,0.5262729837118939,0.71687553183150987,2.6961435635879569,1.077273842189461,1.2505845645908267,1.7111972458660603,0.41985146423550246,0.24887039549648762,0.33922802476212383
55,N2,55,AB,2,11,0.28356663123091613,0.20219822712242602,0.53934461558237667,0.30912273257542228,0.62146343172255536,0.06711937730111614,28.296246275226022,2.0711993584256958,0.17611536569972619,0.61054986461514504,0.37137165249593512,1.0511898766525145,2.6961435635879569,1.077273842189461,1.2505845645908267,1.7111972458660603,0.41985146423550246,0.24887039549648762,0.33922802476212383
56,N2,56,AB,2,12,0.28356663123091613,0.20219822712242602,0.53934461558237667,0.30912273257542228,0.62146343172255536,0.06711937730111614,28.296246275226022,2.0711993584256958,0.17611536569972619,0.61054986461514504,0.37137165249593512,0.71687553183150987,1.9573571870971351,1.077273842189461,1.2505845645908267,1.7111972458660603,0.41985146423550246,0.24887039549648762,0.33922802476212383
57,N2,57,AB,2,13,0.28356663123091613,0.20219822712242602,0.53934461558237667,0.30912273257542228,0.62146343172255536,0.06711937730111614,28.296246275226022,2.0711993584256958,0.17611536569972619,0.61054986461514504,0.37137165249593512,0.71687553183150987,2.6961435635879569,1.1031706151925027,1.2505845645908267,1.7111972458660603,0.41985146423550246,0.24887039549648762,0.33922802476212383
58,N2,58,AB,2,14,0.28356663123091613,0.20219822712242602,0.53934461558237667,0.30912273257542228,0.62146343172255536,0.06711937730111614,28.296246275226022,2.0711993584256958,0.17611536569972619,0.61054986461514504,0.37137165249593512,0.71687553183150987,2.6961435635879569,1.077273842189461,1.1193991903681308,1.7111972458660603,0.41985146423550246,0.24887039549648762,0.33922802476212383
59,N2,59,AB,2,15,0.28356663123091613,0.20219822712242602,0.53934461558237667,0.30912273257542228,0.62146343172255536,0.06711937730111614,28.296246275226022,2.0711993584256958,0.17611536569972619,0.61054986461514504,0.37137165249593512,0.71687553183150987,2.6961435635879569,1.077273842189461,1.2505845645908267,1.841956053674221,0.41985146423550246,0.24887039549648762,0.33922802476212383
60,N2,60,AB,2,16,0.28356663123091613,0.20219822712242602,0.53934461558237667,0.30912273257542228,0.62146343172255536,0.06711937730111614,28.296246275226022,2.0711993584256958,0.17611536569972619,0.61054986461514504,0.37137165249593512,0.71687553183150987,2.6961435635879569,1.077273842189461,1.2505845645908267,1.7111972458660603,0.36530153694171996,0.24887039549648762,0.33922802476212383
61,N2,61,AB,2,17,0.28356663123091613,0.20219822712242602,0.53934461558237667,0.30912273257542228,0.62146343172255536,0.06711937730111614,28.296246275226022,2.0711993584256958,0.17611536569972619,0.61054986461514504,0.37137165249593512,0.71687553183150987,2.6961435635879569,1.077273842189461,1.2505845645908267,1.7111972458660603,0.41985146423550246,0.40592702031135564,0.33922802476212383
62,N2,62,AB,2,18,0.28356663123091613,0.20219822712242602,0.53934461558237667,0.30912273257542228,0.62146343172255536,0.06711937730111614,28.296246275226022,2.0711993584256958,0.17611536569972619,0.61054986461514504,0.37137165249593512,0.71687553183150987,2.6961435635879569,1.077273842189461,1.2505845645908267,1.7111972458660603,0.41985146423550246,0.24887039549648762,0.30827693577855825
63,N2,63,A,3,-1,0.31424173785595622,0.090558142215013515,0.42284665936604138,0.48585479724597713,0.79272194075086522,0.062294555737463765,343.71022409779869,1.8479443240723155,0.27927097283804364,0.42664280342094607,0.45865669999579112,0.96318011012680438,2.0482597665317606,1.090384138552472,1.1654513810761273,2.2296221263706686,0.3751338536747304,0.71573756830766799,0.35894468395970763
64,N2,64,B,3,-1,0.29988641744588546,0.13421739917248487,0.50515949148684736,0.43406788555897796,0.68244161201938569,0.068360848098086874,11.877606558380547,2.1410865906536984,0.13286216924041394,0.51489661463555925,0.39083210618859748,0.82225014741335123,2.8156652963667494,1.0227541226986796,1.1960171062499285,2.3147774092853068,0.44493298900944667,0.97229799190536137,0.39124625456519424
65,N2,65,AB,3,0,0.29988641744588546,0.090558142215013515,0.42284665936604138,0.48585479724597713,0.79272194075086522,0.062294555737463765,343.71022409779869,1.8479443240723155,0.27927097283804364,0.42664280342094607,0.45865669999579112,0.96318011012680438,2.0482597665317606,1.090384138552472,1.1654513810761273,2.2296221263706686,0.3751338536747304,0.71573756830766799,0.35894468395970763
66,N2,66,AB,3,1,0.31424173785595622,0.13421739917248487,0.42284665936604138,0.48585479724597713,0.79272194075086522,0.062294555737463765,343.71022409779869,1.8479443240723155,0.27927097283804364,0.42664280342094607,0.45865669999579112,0.96318011012680438,2.0482597665317606,1.090384138552472,1.1654513810761273,2.2296221263706686,0.3751338536747304,0.71573756830766799,0.35894468395970763
67,N2,67,AB,3,2,0.31424173785595622,0.090558142215013515,0.50515949148684736,0.48585479724597713,0.79272194075086522,0.062294555737463765,343.71022409779869,1.8479443240723155,0.27927097283804364,0.42664280342094607,0.45865669999579112,0.96318011012680438,2.0482597665317606,1.090384138552472,1.1654513810761273,2.2296221263706686,0.3751338536747304,0.71573756830766799,0.35894468395970763
68,N2,68,AB,3,3,0.31424173785595622,0.090558142215013515,0.42284665936604138,0.43406788555897796,0.79272194075086522,0.062294555737463765,343.71022409779869,1.8479443240723155,0.27927097283804364,0.42664280342094607,0.45865669999579112,0.96318011012680438,2.0482597665317606,1.090384138552472,1.1654513810761273,2.2296221263706686,0.3751338536747304,0.71573756830766799,0.35894468395970763
69,N2,69,AB,3,4,0.31424173785595622,0.090558142215013515,0.42284665936604138,0.48585479724597713,0.68244161201938569,0.062294555737463765,343.71022409779869,1.8479443240723155,0.27927097283804364,0.42664280342094607,0.45865669999579112,0.96318011012680438,2.0482597665317606,1.090384138552472,1.1654513810761273,2.2296221263706686,0.3751338536747304,0.71573756830766799,0.35894468395970763
70,N2,70,AB,3,5,0.31424173785595622,0.090558142215013515,0.42284665936604138,0.48585479724597713,0.79272194075086522,0.068360848098086874,343.71022409779869,1.8479443240723155,0.27927097283804364,0.42664280342094607,0.45865669999579112,0.96318011012680438,2.0482597665317606,1.090384138552472,1.1654513810761273,2.2296221263706686,0.3751338536747304,0.71573756830766799,0.35894468395970763
71,N2,71,AB,3,6,0.31424173785595622,0.090558142215013515,0.42284665936604138,0.48585479724597713,0.79272194075086522,0.062294555737463765,11.877606558380547,1.8479443240723155,0.27927097283804364,0.42664280342094607,0.45865669999579112,0.96318011012680438,2.0482597665317606,1.090384138552472,1.1654513810761273,2.2296221263706686,0.3751338536747304,0.71573756830766799,0.35894468395970763
72,N2,72,AB,3,7,0.31424173785595622,0.090558142215013515,0.42284665936604138,0.48585479724597713,0.79272194075086522,0.062294555737463765,343.71022409779869,2.1410865906536984,0.27927097283804364,0.42664280342094607,0.45865669999579112,0.96318011012680438,2.0482597665317606,1.090384138552472,1.1654513810761273,2.2296221263706686,0.3751338536747304,0.71573756830766799,0.35894468395970763
73,N2,73,AB,3,8,0.31424173785595622,0.090558142215013515,0.42284665936604138,0.48585479724597713,0.79272194075086522,0.062294555737463765,343.71022409779869,1.8479443240723155,0.13286216924041394,0.42664280342094607,0.45865669999579112,0.96318011012680438,2.0482597665317606,1.090384138552472,1.1654513810761273,2.2296221263706686,0.3751338536747304,0.71573756830766799,0.35894468395970763
74,N2,74,AB,3,9,0.31424173785595622,0.090558142215013515,0.42284665936604138,0.48585479724597713,0.79272194075086522,0.062294555737463765,343.71022409779869,1.8479443240723155,0.27927097283804364,0.51489661463555925,0.45865669999579112,0.96318011012680438,2.0482597665317606,1.090384138552472,1.1654513810761273,2.2296221263706686,0.3751338536747304,0.71573756830766799,0.35894468395970763
75,N2,75,AB,3,10,0.31424173785595622,0.090558142215013515,0.42284665936604138,0.48585479724597713,0.79272194075086522,0.062294555737463765,343.71022409779869,1.8479443240723155,0.27927097283804364,0.42664280342094607,0.39083210618859748,0.96318011012680438,2.0482597665317606,1.090384138552472,1.1654513810761273,2.2296221263706686,0.3751338536747304,0.71573756830766799,0.35894468395970763
76,N2,76,AB,3,11,0.31424173785595622,0.090558142215013515,0.42284665936604138,0.48585479724597713,0.79272194075086522,0.062294555737463765,343.71022409779869,1.8479443240723155,0.27927097283804364,0.42664280342094607,0.45865669999579112,0.82225014741335123,2.0482597665317606,1.090384138552472,1.1654513810761273,2.2296221263706686,0.3751338536747304,0.71573756830766799,0.35894468395970763
77,N2,77,AB,3,12,0.31424173785595622,0.090558142215013515,0.42284665936604138,0.48585479724597713,0.79272194075086522,0.062294555737463765,343.71022409779869,1.8479443240723155,0.27927097283804364,0.42664280342094607,0.45865669999579112,0.96318011012680438,2.8156652963667494,1.090384138552472,1.1654513810761273,2.2296221263706686,0.3751338536747304,0.71573756830766799,0.35894468395970763
78,N2,78,AB,3,13,0.31424173785595622,0.090558142215013515,0.42284665936604138,0.48585479724597713,0.79272194075086522,0.062294555737463765,343.71022409779869,1.8479443240723155,0.27927097283804364,0.42664280342094607,0.45865669999579112,0.96318011012680438,2.0482597665317606,1.0227541226986796,1.1654513810761273,2.2296221263706686,0.3751338536747304,0.71573756830766799,0.35894468395970763
79,N2,79,AB,3,14,0.31424173785595622,0.090558142215013515,0.42284665936604138,0.48585479724597713,0.79272194075086522,0.062294555737463765,343.71022409779869,1.8479443240723155,0.27927097283804364,0.42664280342094607,0.45865669999579112,0.96318011012680438,2.0482597665317606,1.090384138552472,1.1960171062499285,2.2296221263706686,0.3751338536747304,0.71573756830766799,0.35894468395970763
80,N2,80,AB,3,15,0.31424173785595622,0.090558142215013515,0.42284665936604138,0.48585479724597713,0.79272194075086522,0.062294555737463765,343.71022409779869,1.8479443240723155,0.27927097283804364,0.42664280342094607,0.45865669999579112,0.96318011012680438,2.0482597665317606,1.090384138552472,1.1654513810761273,2.3147774092853068,0.3751338536747304,0.71573756830766799,0.35894468395970763
81,N2,81,AB,3,16,0.31424173785595622,0.090558142215013515,0.42284665936604138,0.48585479724597713,0.79272194075086522,0.062294555737463765,343.71022409779869,1.8479443240723155,0.27927097283804364,0.42664280342094607,0.45865669999579112,0.96318011012680438,2.0482597665317606,1.090384138552472,1.1654513810761273,2.2296221263706686,0.44493298900944667,0.71573756830766799,0.35894468395970763
82,N2,82,AB,3,17,0.31424173785595622,0.090558142215013515,0.42284665936604138,0.48585479724597713,0.79272194075086522,0.062294555737463765,343.71022409779869,1.8479443240723155,0.27927097283804364,0.42664280342094607,0.45865669999579112,0.96318011012680438,2.0482597665317606,1.090384138552472,1.1654513810761273,2.2296221263706686,0.3751338536747304,0.97229799190536137,0.35894468395970763
83,N2,83,AB,3,18,0.31424173785595622,0.090558142215013515,0.42284665936604138,0.48585479724597713,0.79272194075086522,0.062294555737463765,343.71022409779869,1.8479443240723155,0.27927097283804364,0.42664280342094607,0.45865669999579112,0.96318011012680438,2.0482597665317606,1.090384138552472,1.1654513810761273,2.2296221263706686,0.3751338536747304,0.71573756830766799,0.39124625456519424
84,N2,84,A,4,-1,0.29773975194431057,0.24888641498982905,0.24777560057118536,0.5330836879204659,0.89605223678840118,0.062997174631644948,49.537946910775773,2.018057188474331,0.14445991521726562,0.68170558335452958,0.40312002140685144,0.90771906107349221,2.5577320200834479,1.1376401867903767,1.1188468115404249,2.3165768429636957,0.35989403217485993,0.63879010211676357,0.30846214768476787
85,N2,85,B,4,-1,0.29238235241005289,0.16017344314604998,0.68610492283478375,0.36205138718280794,0.62057764033052709,0.066542923230914569,1086.7904677995693,1.9671314505618402,0.23018610709657739,0.61879711765131173,0.32607273533398806,1.1929530648325213,2.0870790393588954,1.0392258423380554,1.1682675503659994,1.7192725583910944,0.39987917376087462,0.69691173080354929,0.35614278186112647
86,N2,86,AB,4,0,0.29238235241005289,0.24888641498982905,0.24777560057118536,0.5330836879204659,0.89605223678840118,0.062997174631644948,49.537946910775773,2.018057188474331,0.14445991521726562,0.68170558335452958,0.40312002140685144,0.90771906107349221,2.5577320200834479,1.1376401867903767,1.1188468115404249,2.3165768429636957,0.35989403217485993,0.63879010211676357,0.30846214768476787
87,N2,87,AB,4,1,0.29773975194431057,0.16017344314604998,0.24777560057118536,0.5330836879204659,0.89605223678840118,0.062997174631644948,49.537946910775773,2.018057188474331,0.14445991521726562,0.68170558335452958,0.40312002140685144,0.90771906107349221,2.5577320200834479,1.1376401867903767,1.1188468115404249,2.3165768429636957,0.35989403217485993,0.63879010211676357,0.30846214768476787
88,N2,88,AB,4,2,0.29773975194431057,0.24888641498982905,0.68610492283478375,0.5330836879204659,0.89605223678840118,0.062997174631644948,49.537946910775773,2.018057188474331,0.14445991521726562,0.68170558335452958,0.40312002140685144,0.90771906107349221,2.5577320200834479,1.1376401867903767,1.1188468115404249,2.3165768429636957,0.35989403217485993,0.63879010211676357,0.30846214768476787
89,N2,89,AB,4,3,0.29773975194431057,0.24888641498982905,0.24777560057118536,0.36205138718280794,0.89605223678840118,0.062997174631644948,49.537946910775773,2.018057188474331,0.14445991521726562,0.68170558335452958,0.40312002140685144,0.90771906107349221,2.5577320200834479,1.1376401867903767,1.1188468115404249,2.3165768429636957,0.35989403217485993,0.63879010211676357,0.30846214768476787
90,N2,90,AB,4,4,0.29773975194431057,0.24888641498982905,0.24777560057118536,0.5330836879204659,0.62057764033052709,0.062997174631644948,49.537946910775773,2.018057188474331,0.14445991521726562,0.68170558335452958,0.40312002140685144,0.90771906107349221,2.5577320200834479,1.1376401867903767,1.1188468115404249,2.3165768429636957,0.35989403217485993,0.63879010211676357,0.30846214768476787
91,N2,91,AB,4,5,0.29773975194431057,0.24888641498982905,0.24777560057118536,0.5330836879204659,0.89605223678840118,0.066542923230914569,49.537946910775773,2.018057188474331,0.14445991521726562,0.68170558335452958,0.40312002140685144,0.90771906107349221,2.5577320200834479,1.1376401867903767,1.1188468115404249,2.3165768429636957,0.35989403217485993,0.63879010211676357,0.30846214768476787
92,N2,92,AB,4,6,0.29773975194431057,0.24888641498982905,0.24777560057118536,0.5330836879204659,0.89605223678840118,0.062997174631644948,1086.7904677995693,2.018057188474331,0.14445991521726562,0.68170558335452958,0.40312002140685144,0.90771906107349221,2.5577320200834479,1.1376401867903767,1.1188468115404249,2.3165768429636957,0.35989403217485993,0.63879010211676357,0.30846214768476787
93,N2,93,AB,4,7,0.29773975194431057,0.24888641498982905,0.24777560057118536,0.5330836879204659,0.89605223678840118,0.062997174631644948,49.537946910775773,1.9671314505618402,0.14445991521726562,0.68170558335452958,0.40312002140685144,0.90771906107349221,2.5577320200834479,1.1376401867903767,1.1188468115404249,2.3165768429636957,0.35989403217485993,0.63879010211676357,0.30846214768476787
94,N2,94,AB,4,8,0.29773975194431057,0.24888641498982905,0.24777560057118536,0.5330836879204659,0.89605223678840118,0.062997174631644948,49.537946910775773,2.018057188474331,0.23018610709657739,0.68170558335452958,0.40312002140685144,0.90771906107349221,2.5577320200834479,1.1376401867903767,1.1188468115404249,2.3165768429636957,0.35989403217485993,0.63879010211676357,0.30846214768476787
95,N2,95,AB,4,9,0.29773975194431057,0.24888641498982905,0.24777560057118536,0.5330836879204659,0.89605223678840118,0.062997174631644948,49.537946910775773,2.018057188474331,0.14445991521726562,0.61879711765131173,0.40312002140685144,0.90771906107349221,2.5577320200834479,1.1376401867903767,1.1188468115404249,2.3165768429636957,0.35989403217485993,0.63879010211676357,0.30846214768476787
96,N2,96,AB,4,10,0.29773975194431057,0.24888641498982905,0.24777560057118536,0.5330836879204659,0.89605223678840118,0.062997174631644948,49.537946910775773,2.018057188474331,0.14445991521726562,0.68170558335452958,0.32607273533398806,0.90771906107349221,2.5577320200834479,1.1376401867903767,1.1188468115404249,2.3165768429636957,0.35989403217485993,0.63879010211676357,0.30846214768476787
97,N2,97,AB,4,11,0.29773975194431057,0.24888641498982905,0.24777560057118536,0.5330836879204659,0.89605223678840118,0.062997174631644948,49.537946910775773,2.018057188474331,0.14445991521726562,0.68170558335452958,0.40312002140685144,1.1929530648325213,2.5577320200834479,1.1376401867903767,1.1188468115404249,2.3165768429636957,0.35989403217485993,0.63879010211676357,0.30846214768476787
98,N2,98,AB,4,12,0.29773975194431057,0.24888641498982905,0.24777560057118536,0.5330836879204659,0.89605223678840118,0.062997174631644948,49.537946910775773,2.018057188474331,0.14445991521726562,0.68170558335452958,0.40312002140685144,0.90771906107349221,2.0870790393588954,1.1376401867903767,1.1188468115404249,2.3165768429636957,0.35989403217485993,0.63879010211676357,0.30846214768476787
99,N2,99,AB,4,13,0.29773975194431057,0.24888641498982905,0.24777560057118536,0.5330836879204659,0.89605223678840118,0.062997174631644948,49.537946910775773,2.018057188474331,0.14445991521726562,0.68170558335452958,0.40312002140685144,0.90771906107349221,2.5577320200834479,1.0392258423380554,1.1188468115404249,2.3165768429636957,0.35989403217485993,0.63879010211676357,0.30846214768476787
100,N2,100,AB,4,14,0.29773975194431057,0.24888641498982905,0.24777560057118536,0.5330836879204659,0.89605223678840118,0.062997174631644948,49.537946910775773,2.018057188474331,0.14445991521726562,0.68170558335452958,0.40312002140685144,0.90771906107349221,2.5577320200834479,1.1376401867903767,1.1682675503659994,2.3165768429636957,0.35989403217485993,0.63879010211676357,0.30846214768476787
101,N2,101,AB,4,15,0.29773975194431057,0.24888641498982905,0.24777560057118536,0.5330836879204659,0.89605223678840118,0.062997174631644948,49.537946910775773,2.018057188474331,0.14445991521726562,0.68170558335452958,0.40312002140685144,0.90771906107349221,2.5577320200834479,1.1376401867903767,1.1188468115404249,1.7192725583910944,0.35989403217485993,0.63879010211676357,0.30846214768476787
102,N2,102,AB,4,16,0.29773975194431057,0.24888641498982905,0.24777560057118536,0.5330836879204659,0.89605223678840118,0.062997174631644948,49.537946910775773,2.018057188474331,0.14445991521726562,0.68170558335452958,0.40312002140685144,0.90771906107349221,2.5577320200834479,1.1376401867903767,1.1188468115404249,2.3165768429636957,0.39987917376087462,0.63879010211676357,0.30846214768476787
103,N2,103,AB,4,17,0.29773975194431057,0.24888641498982905,0.24777560057118536,0.5330836879204659,0.89605223678840118,0.062997174631644948,49.537946910775773,2.018057188474331,0.14445991521726562,0.68170558335452958,0.40312002140685144,0.90771906107349221,2.5577320200834479,1.1376401867903767,1.1188468115404249,2.3165768429636957,0.35989403217485993,0.69691173080354929,0.30846214768476787
104,N2,104,AB,4,18,0.29773975194431057,0.24888641498982905,0.24777560057118536,0.5330836879204659,0.89605223678840118,0.062997174631644948,49.537946910775773,2.018057188474331,0.14445991521726562,0.68170558335452958,0.40312002140685144,0.90771906107349221,2.5577320200834479,1.1376401867903767,1.1188468115404249,2.3165768429636957,0.35989403217485993,0.63879010211676357,0.35614278186112647
105,N2,105,A,5,-1,0.29040089212908504,0.062235623598098755,0.59026206405833359,0.32806202194026957,0.66269896824624297,0.070875463441730721,132.78579451416854,1.8386516569094606,0.32723655745994568,0.57426600985055765,0.42179649655289564,0.79350004683615483,1.8319252684710861,1.035223391233012,1.2971968845929951,1.6488538667559625,0.40926027816967853,0.19928476205095649,0.38961801409721375
106,N2,106,B,5,-1,0.32422426354171041,0.064688051119446754,0.44785855738446112,0.4227680311235002,0.69486851449121934,0.063023760636217716,3.7159560259395015,2.2639038003403229,0.20704018390719334,0.53678606350764746,0.43201772505706793,0.86851468494924033,2.3695614968397671,1.0867622462008149,1.2175346791744233,2.0499674014747145,0.40791882968907339,0.12400389565154911,0.34337897022254765
107,N2,107,AB,5,0,0.32422426354171041,0.062235623598098755,0.59026206405833359,0.32806202194026957,0.66269896824624297,0.070875463441730721,132.78579451416854,1.8386516569094606,0.32723655745994568,0.57426600985055765,0.42179649655289564,0.79350004683615483,1.8319252684710861,1.035223391233012,1.2971968845929951,1.6488538667559625,0.40926027816967853,0.19928476205095649,0.38961801409721375
108,N2,108,AB,5,1,0.29040089212908504,0.064688051119446754,0.59026206405833359,0.32806202194026957,0.66269896824624297,0.070875463441730721,132.78579451416854,1.8386516569094606,0.32723655745994568,0.57426600985055765,0.42179649655289564,0.79350004683615483,1.8319252684710861,1.035223391233012,1.2971968845929951,1.6488538667559625,0.40926027816967853,0.19928476205095649,0.38961801409721375
109,N2,109,AB,5,2,0.29040089212908504,0.062235623598098755,0.44785855738446112,0.32806202194026957,0.66269896824624297,0.070875463441730721,132.78579451416854,1.8386516569094606,0.32723655745994568,0.57426600985055765,0.42179649655289564,0.79350004683615483,1.8319252684710861,1.035223391233012,1.2971968845929951,1.6488538667559625,0.40926027816967853,0.19928476205095649,0.38961801409721375
110,N2,110,AB,5,3,0.29040089212908504,0.062235623598098755,0.59026206405833359,0.4227680311235002,0.66269896824624297,0.070875463441730721,132.78579451416854,1.8386516569094606,0.32723655745994568,0.57426600985055765,0.42179649655289564,0.79350004683615483,1.8319252684710861,1.035223391233012,1.2971968845929951,1.6488538667559625,0.40926027816967853,0.19928476205095649,0.38961801409721375
111,N2,111,AB,5,4,0.29040089212908504,0.062235623598098755,0.59026206405833359,0.32806202194026957,0.69486851449121934,0.070875463441730721,132.78579451416854,1.8386516569094606,0.32723655745994568,0.57426600985055765,0.42179649655289564,0.79350004683615483,1.8319252684710861,1.035223391233012,1.2971968845929951,1.6488538667559625,0.40926027816967853,0.19928476205095649,0.38961801409721375
112,N2,112,AB,5,5,0.29040089212908504,0.062235623598098755,0.59026206405833359,0.32806202194026957,0.66269896824624297,0.063023760636217716,132.78579451416854,1.8386516569094606,0.32723655745994568,0.57426600985055765,0.42179649655289564,0.79350004683615483,1.8319252684710861,1.035223391233012,1.2971968845929951,1.6488538667559625,0.40926027816967853,0.19928476205095649,0.38961801409721375
113,N2,113,AB,5,6,0.29040089212908504,0.062235623598098755,0.59026206405833359,0.32806202194026957,0.66269896824624297,0.070875463441730721,3.7159560259395015,1.8386516569094606,0.32723655745994568,0.57426600985055765,0.42179649655289564,0.79350004683615483,1.8319252684710861,1.035223391233012,1.2971968845929951,1.6488538667559625,0.40926027816967853,0.19928476205095649,0.38961801409721375
114,N2,114,AB,5,7,0.29040089212908504,0.062235623598098755,0.59026206405833359,0.32806202194026957,0.66269896824624297,0.070875463441730721,132.78579451416854,2.2639038003403229,0.32723655745994568,0.57426600985055765,0.42179649655289564,0.79350004683615483,1.8319252684710861,1.035223391233012,1.2971968845929951,1.6488538667559625,0.40926027816967853,0.19928476205095649,0.38961801409721375
115,N2,115,AB,5,8,0.29040089212908504,0.062235623598098755,0.59026206405833359,0.32806202194026957,0.66269896824624297,0.070875463441730721,132.78579451416854,1.8386516569094606,0.20704018390719334,0.57426600985055765,0.42179649655289564,0.79350004683615483,1.8319252684710861,1.035223391233012,1.2971968845929951,1.6488538667559625,0.40926027816967853,0.19928476205095649,0.38961801409721375
116,N2,116,AB,5,9,0.29040089212908504,0.062235623598098755,0.59026206405833359,0.32806202194026957,0.66269896824624297,0.070875463441730721,132.78579451416854,1.8386516569094606,0.32723655745994568,0.53678606350764746,0.42179649655289564,0.79350004683615483,1.8319252684710861,1.035223391233012,1.2971968845929951,1.6488538667559625,0.40926027816967853,0.19928476205095649,0.38961801409721375
117,N2,117,AB,5,10,0.29040089212908504,0.062235623598098755,0.59026206405833359,0.32806202194026957,0.66269896824624297,0.070875463441730721,132.78579451416854,1.8386516569094606,0.32723655745994568,0.57426600985055765,0.43201772505706793,0.79350004683615483,1.8319252684710861,1.035223391233012,1.2971968845929951,1.6488538667559625,0.40926027816967853,0.19928476205095649,0.38961801409721375
118,N2,118,AB,5,11,0.29040089212908504,0.062235623598098755,0.59026206405833359,0.32806202194026957,0.66269896824624297,0.070875463441730721,132.78579451416854,1.8386516569094606,0.32723655745994568,0.57426600985055765,0.42179649655289564,0.86851468494924033,1.8319252684710861,1.035223391233012,1.2971968845929951,1.6488538667559625,0.40926027816967853,0.19928476205095649,0.38961801409721375
119,N2,119,AB,5,12,0.29040089212908504,0.062235623598098755,0.59026206405833359,0.32806202194026957,0.66269896824624297,0.070875463441730721,132.78579451416854,1.8386516569094606,0.32723655745994568,0.57426600985055765,0.42179649655289564,0.79350004683615483,2.3695614968397671,1.035223391233012,1.2971968845929951,1.6488538667559625,0.40926027816967853,0.19928476205095649,0.38961801409721375
120,N2,120,AB,5,13,0.29040089212908504,0.062235623598098755,0.59026206405833359,0.32806202194026957,0.66269896824624297,0.070875463441730721,132.78579451416854,1.8386516569094606,0.32723655745994568,0.57426600985055765,0.42179649655289564,0.79350004683615483,1.8319252684710861,1.0867622462008149,1.2971968845929951,1.6488538667559625,0.40926027816967853,0.19928476205095649,0.38961801409721375
121,N2,121,AB,5,14,0.29040089212908504,0.062235623598098755,0.59026206405833359,0.32806202194026957,0.66269896824624297,0.070875463441730721,132.78579451416854,1.8386516569094606,0.32723655745994568,0.57426600985055765,0.42179649655289564,0.79350004683615483,1.8319252684710861,1.035223391233012,1.2175346791744233,1.6488538667559625,0.40926027816967853,0.19928476205095649,0.38961801409721375
122,N2,122,AB,5,15,0.29040089212908504,0.062235623598098755,0.59026206405833359,0.32806202194026957,0.66269896824624297,0.070875463441730721,132.78579451416854,1.8386516569094606,0.32723655745994568,0.57426600985055765,0.42179649655289564,0.79350004683615483,1.8319252684710861,1.035223391233012,1.2971968845929951,2.0499674014747145,0.40926027816967853,0.19928476205095649,0.38961801409721375
123,N2,123,AB,5,16,0.29040089212908504,0.062235623598098755,0.59026206405833359,0.32806202194026957,0.66269896824624297,0.070875463441730721,132.78579451416854,1.8386516569094606,0.32723655745994568,0.57426600985055765,0.42179649655289564,0.79350004683615483,1.8319252684710861,1.035223391233012,1.2971968845929951,1.6488538667559625,0.40791882968907339,0.19928476205095649,0.38961801409721375
124,N2,124,AB,5,17,0.29040089212908504,0.062235623598098755,0.59026206405833359,0.32806202194026957,0.66269896824624297,0.070875463441730721,132.78579451416854,1.8386516569094606,0.32723655745994568,0.57426600985055765,0.42179649655289564,0.79350004683615483,1.8319252684710861,1.035223391233012,1.2971968845929951,1.6488538667559625,0.40926027816967853,0.12400389565154911,0.38961801409721375
125,N2,125,AB,5,18,0.29040089212908504,0.062235623598098755,0.59026206405833359,0.32806202194026957,0.66269896824624297,0.070875463441730721,132.78579451416854,1.8386516569094606,0.32723655745994568,0.57426600985055765,0.42179649655289564,0.79350004683615483,1.8319252684710861,1.035223391233012,1.2971968845929951,1.6488538667559625,0.40926027816967853,0.19928476205095649,0.34337897022254765
126,N2,126,A,6,-1,0.25830702069123068,0.16544461920857428,0.36874393681064244,0.4389017424808338,0.55118767051349216,0.066635764026617972,7.036788082080184,1.9503344630687003,0.25152276236873294,0.50517557320214435,0.487091840035551,0.80494043333314935,2.3507102803033906,1.1103602313436567,1.2279355038888753,2.1738067664206029,0.46327631824604393,0.91170870494097467,0.44246601786464457
127,N2,127,B,6,-1,0.206780849935572,0.22109238114207985,0.27215140387415887,0.33931082114860417,0.56964998021831059,0.06967989028640699,50.455066999699632,1.8846412780318238,0.16403999780706963,0.72014592150223655,0.48399697622226023,0.91161475631063116,1.7366265467980639,1.0540209745336324,1.2486944128293544,2.2916635341942309,0.43741537253605905,0.80893579544499516,0.41380542051978408
128,N2,128,AB,6,0,0.206780849935572,0.16544461920857428,0.36874393681064244,0.4389017424808338,0.55118767051349216,0.066635764026617972,7.036788082080184,1.9503344630687003,0.25152276236873294,0.50517557320214435,0.487091840035551,0.80494043333314935,2.3507102803033906,1.1103602313436567,1.2279355038888753,2.1738067664206029,0.46327631824604393,0.91170870494097467,0.44246601786464457
129,N2,129,AB,6,1,0.25830702069123068,0.22109238114207985,0.36874393681064244,0.4389017424808338,0.55118767051349216,0.066635764026617972,7.036788082080184,1.9503344630687003,0.25152276236873294,0.50517557320214435,0.487091840035551,0.80494043333314935,2.3507102803033906,1.1103602313436567,1.2279355038888753,2.1738067664206029,0.46327631824604393,0.91170870494097467,0.44246601786464457
130,N2,130,AB,6,2,0.25830702069123068,0.16544461920857428,0.27215140387415887,0.4389017424808338,0.55118767051349216,0.066635764026617972,7.036788082080184,1.9503344630687003,0.25152276236873294,0.50517557320214435,0.487091840035551,0.80494043333314935,2.3507102803033906,1.1103602313436567,1.2279355038888753,2.1738067664206029,0.46327631824604393,0.91170870494097467,0.44246601786464457
131,N2,131,AB,6,3,0.25830702069123068,0.16544461920857428,0.36874393681064244,0.33931082114860417,0.55118767051349216,0.066635764026617972,7.036788082080184,1.9503344630687003,0.25152276236873294,0.50517557320214435,0.487091840035551,0.80494043333314935,2.3507102803033906,1.1103602313436567,1.2279355038888753,2.1738067664206029,0.46327631824604393,0.91170870494097467,0.44246601786464457
132,N2,132,AB,6,4,0.25830702069123068,0.16544461920857428,0.36874393681064244,0.4389017424808338,0.56964998021831059,0.066635764026617972,7.036788082080184,1.9503344630687003,0.25152276236873294,0.50517557320214435,0.487091840035551,0.80494043333314935,2.3507102803033906,1.1103602313436567,1.2279355038888753,2.1738067664206029,0.46327631824604393,0.91170870494097467,0.44246601786464457
133,N2,133,AB,6,5,0.25830702069123068,0.16544461920857428,0.36874393681064244,0.4389017424808338,0.55118767051349216,0.06967989028640699,7.036788082080184,1.9503344630687003,0.25152276236873294,0.50517557320214435,0.487091840035551,0.80494043333314935,2.3507102803033906,1.1103602313436567,1.2279355038888753,2.1738067664206029,0.46327631824604393,0.91170870494097467,0.44246601786464457
134,N2,134,AB,6,6,0.25830702069123068,0.16544461920857428,0.36874393681064244,0.4389017424808338,0.55118767051349216,0.066635764026617972,50.455066999699632,1.9503344630687003,0.25152276236873294,0.50517557320214435,0.487091840035551,0.80494043333314935,2.3507102803033906,1.1103602313436567,1.2279355038888753,2.1738067664206029,0.46327631824604393,0.91170870494097467,0.44246601786464457
135,N2,135,AB,6,7,0.25830702069123068,0.16544461920857428,0.36874393681064244,0.4389017424808338,0.55118767051349216,0.066635764026617972,7.036788082080184,1.8846412780318238,0.25152276236873294,0.50517557320214435,0.487091840035551,0.80494043333314935,2.3507102803033906,1.1103602313436567,1.2279355038888753,2.1738067664206029,0.46327631824604393,0.91170870494097467,0.44246601786464457
136,N2,136,AB,6,8,0.25830702069123068,0.16544461920857428,0.36874393681064244,0.4389017424808338,0.55118767051349216,0.066635764026617972,7.036788082080184,1.9503344630687003,0.16403999780706963,0.50517557320214435,0.487091840035551,0.80494043333314935,2.3507102803033906,1.1103602313436567,1.2279355038888753,2.1738067664206029,0.46327631824604393,0.91170870494097467,0.44246601786464457
137,N2,137,AB,6,9,0.25830702069123068,0.16544461920857428,0.36874393681064244,0.4389017424808338,0.55118767051349216,0.066635764026617972,7.036788082080184,1.9503344630687003,0.25152276236873294,0.72014592150223655,0.487091840035551,0.80494043333314935,2.3507102803033906,1.1103602313436567,1.2279355038888753,2.1738067664206029,0.46327631824604393,0.91170870494097467,0.44246601786464457
138,N2,138,AB,6,10,0.25830702069123068,0.16544461920857428,0.36874393681064244,0.4389017424808338,0.55118767051349216,0.066635764026617972,7.036788082080184,1.9503344630687003,0.25152276236873294,0.50517557320214435,0.48399697622226023,0.80494043333314935,2.3507102803033906,1.1103602313436567,1.2279355038888753,2.1738067664206029,0.46327631824604393,0.91170870494097467,0.44246601786464457
139,N2,139,AB,6,11,0.25830702069123068,0.16544461920857428,0.36874393681064244,0.4389017424808338,0.55118767051349216,0.066635764026617972,7.036788082080184,1.9503344630687003,0.25152276236873294,0.50517557320214435,0.487091840035551,0.91161475631063116,2.3507102803033906,1.1103602313436567,1.2279355038888753,2.1738067664206029,0.46327631824604393,0.91170870494097467,0.44246601786464457
140,N2,140,AB,6,12,0.25830702069123068,0.16544461920857428,0.36874393681064244,0.4389017424808338,0.55118767051349216,0.066635764026617972,7.036788082080184,1.9503344630687003,0.25152276236873294,0.50517557320214435,0.487091840035551,0.80494043333314935,1.7366265467980639,1.1103602313436567,1.2279355038888753,2.1738067664206029,0.46327631824604393,0.91170870494097467,0.44246601786464457
141,N2,141,AB,6,13,0.25830702069123068,0.16544461920857428,0.36874393681064244,0.4389017424808338,0.55118767051349216,0.066635764026617972,7.036788082080184,1.9503344630687003,0.25152276236873294,0.50517557320214435,0.487091840035551,0.80494043333314935,2.3507102803033906,1.0540209745336324,1.2279355038888753,2.1738067664206029,0.46327631824604393,0.91170870494097467,0.44246601786464457
142,N2,142,AB,6,14,0.25830702069123068,0.16544461920857428,0.36874393681064244,0.4389017424808338,0.55118767051349216,0.066635764026617972,7.036788082080184,1.9503344630687003,0.25152276236873294,0.50517557320214435,0.487091840035551,0.80494043333314935,2.3507102803033906,1.1103602313436567,1.2486944128293544,2.1738067664206029,0.46327631824604393,0.91170870494097467,0.44246601786464457
143,N2,143,AB,6,15,0.25830702069123068,0.16544461920857428,0.36874393681064244,0.4389017424808338,0.55118767051349216,0.066635764026617972,7.036788082080184,1.9503344630687003,0.25152276236873294,0.50517557320214435,0.487091840035551,0.80494043333314935,2.3507102803033906,1.1103602313436567,1.2279355038888753,2.2916635341942309,0.46327631824604393,0.91170870494097467,0.44246601786464457
144,N2,144,AB,6,16,0.25830702069123068,0.16544461920857428,0.36874393681064244,0.4389017424808338,0.55118767051349216,0.066635764026617972,7.036788082080184,1.9503344630687003,0.25152276236873294,0.50517557320214435,0.487091840035551,0.80494043333314935,2.3507102803033906,1.1103602313436567,1.2279355038888753,2.1738067664206029,0.43741537253605905,0.91170870494097467,0.44246601786464457
145,N2,145,AB,6,17,0.25830702069123068,0.16544461920857428,0.36874393681064244,0.4389017424808338,0.55118767051349216,0.066635764026617972,7.036788082080184,1.9503344630687003,0.25152276236873294,0.50517557320214435,0.487091840035551,0.80494043333314935,2.3507102803033906,1.1103602313436567,1.2279355038888753,2.1738067664206029,0.46327631824604393,0.80893579544499516,0.44246601786464457
146,N2,146,AB,6,18,0.25830702069123068,0.16544461920857428,0.36874393681064244,0.4389017424808338,0.55118767051349216,0.066635764026617972,7.036788082080184,1.9503344630687003,0.25152276236873294,0.50517557320214435,0.487091840035551,0.80494043333314935,2.3507102803033906,1.1103602313436567,1.2279355038888753,2.1738067664206029,0.46327631824604393,0.91170870494097467,0.41380542051978408
147,N2,147,A,7,-1,0.32354809699014964,0.12733959741890433,0.46907337317243214,0.38545953722639537,0.69805725941813423,0.060383834678966186,3264.5944368693827,2.122039649832129,0.19977342970510648,0.59470695311085975,0.35106238913771953,1.1671159225922376,2.111792744304962,1.0584112082701176,1.0631008739117533,1.8920121349394321,0.40058374088355153,0.45021837046369917,0.27945379734970632
148,N2,148,B,7,-1,0.30837028564089292,0.10407357662916183,0.51827476341277356,0.61550106746095312,0.82160065566749629,0.060017692706562868,455.7479654811815,2.0545022870683796,0.27537276754603951,0.45797705492069674,0.36922523727024192,0.73614832750484216,2.6076731736475329,1.1359609045274555,1.0752823028713465,1.9640934526920319,0.37432369729186776,0.46118933372199533,0.30668311711400748
149,N2,149,AB,7,0,0.30837028564089292,0.12733959741890433,0.46907337317243214,0.38545953722639537,0.69805725941813423,0.060383834678966186,3264.5944368693827,2.122039649832129,0.19977342970510648,0.59470695311085975,0.35106238913771953,1.1671159225922376,2.111792744304962,1.0584112082701176,1.0631008739117533,1.8920121349394321,0.40058374088355153,0.45021837046369917,0.27945379734970632
150,N2,150,AB,7,1,0.32354809699014964,0.10407357662916183,0.46907337317243214,0.38545953722639537,0.69805725941813423,0.060383834678966186,3264.5944368693827,2.122039649832129,0.19977342970510648,0.59470695311085975,0.35106238913771953,1.1671159225922376,2.111792744304962,1.0584112082701176,1.0631008739117533,1.8920121349394321,0.40058374088355153,0.45021837046369917,0.27945379734970632
151,N2,151,AB,7,2,0.32354809699014964,0.12733959741890433,0.51827476341277356,0.38545953722639537,0.69805725941813423,0.060383834678966186,3264.5944368693827,2.122039649832129,0.19977342970510648,0.59470695311085975,0.35106238913771953,1.1671159225922376,2.111792744304962,1.0584112082701176,1.0631008739117533,1.8920121349394321,0.40058374088355153,0.45021837046369917,0.27945379734970632
152,N2,152,AB,7,3,0.32354809699014964,0.12733959741890433,0.46907337317243214,0.61550106746095312,0.69805725941813423,0.060383834678966186,3264.5944368693827,2.122039649832129,0.19977342970510648,0.59470695311085975,0.35106238913771953,1.1671159225922376,2.111792744304962,1.0584112082701176,1.0631008739117533,1.8920121349394321,0.40058374088355153,0.45021837046369917,0.27945379734970632
153,N2,153,AB,7,4,0.32354809699014964,0.12733959741890433,0.46907337317243214,0.38545953722639537,0.82160065566749629,0.060383834678966186,3264.5944368693827,2.122039649832129,0.19977342970510648,0.59470695311085975,0.35106238913771953,1.1671159225922376,2.111792744304962,1.0584112082701176,1.0631008739117533,1.8920121349394321,0.40058374088355153,0.45021837046369917,0.27945379734970632
154,N2,154,AB,7,5,0.32354809699014964,0.12733959741890433,0.46907337317243214,0.38545953722639537,0.69805725941813423,0.060017692706562868,3264.5944368693827,2.122039649832129,0.19977342970510648,0.59470695311085975,0.35106238913771953,1.1671159225922376,2.111792744304962,1.0584112082701176,1.0631008739117533,1.8920121349394321,0.40058374088355153,0.45021837046369917,0.27945379734970632
155,N2,155,AB,7,6,0.32354809699014964,0.12733959741890433,0.46907337317243214,0.38545953722639537,0.69805725941813423,0.060383834678966186,455.7479654811815,2.122039649832129,0.19977342970510648,0.59470695311085975,0.35106238913771953,1.1671159225922376,2.111792744304962,1.0584112082701176,1.0631008739117533,1.8920121349394321,0.40058374088355153,0.45021837046369917,0.27945379734970632
156,N2,156,AB,7,7,0.32354809699014964,0.12733959741890433,0.46907337317243214,0.38545953722639537,0.69805725941813423,0.060383834678966186,3264.5944368693827,2.0545022870683796,0.19977342970510648,0.59470695311085975,0.35106238913771953,1.1671159225922376,2.111792744304962,1.0584112082701176,1.0631008739117533,1.8920121349394321,0.40058374088355153,0.45021837046369917,0.27945379734970632
157,N2,157,AB,7,8,0.32354809699014964,0.12733959741890433,0.46907337317243214,0.38545953722639537,0.69805725941813423,0.060383834678966186,3264.5944368693827,2.122039649832129,0.27537276754603951,0.59470695311085975,0.35106238913771953,1.1671159225922376,2.111792744304962,1.0584112082701176,1.0631008739117533,1.8920121349394321,0.40058374088355153,0.45021837046369917,0.27945379734970632
158,N2,158,AB,7,9,0.32354809699014964,0.12733959741890433,0.46907337317243214,0.38545953722639537,0.69805725941813423,0.060383834678966186,3264.5944368693827,2.122039649832129,0.19977342970510648,0.45797705492069674,0.35106238913771953,1.1671159225922376,2.111792744304962,1.0584112082701176,1.0631008739117533,1.8920121349394321,0.40058374088355153,0.45021837046369917,0.27945379734970632
159,N2,159,AB,7,10,0.32354809699014964,0.12733959741890433,0.46907337317243214,0.38545953722639537,0.69805725941813423,0.060383834678966186,3264.5944368693827,2.122039649832129,0.19977342970510648,0.59470695311085975,0.36922523727024192,1.1671159225922376,2.111792744304962,1.0584112082701176,1.0631008739117533,1.8920121349394321,0.40058374088355153,0.45021837046369917,0.27945379734970632
160,N2,160,AB,7,11,0.32354809699014964,0.12733959741890433,0.46907337317243214,0.38545953722639537,0.69805725941813423,0.060383834678966186,3264.5944368693827,2.122039649832129,0.19977342970510648,0.59470695311085975,0.35106238913771953,0.73614832750484216,2.111792744304962,1.0584112082701176,1.0631008739117533,1.8920121349394321,0.40058374088355153,0.45021837046369917,0.27945379734970632
161,N2,161,AB,7,12,0.32354809699014964,0.12733959741890433,0.46907337317243214,0.38545953722639537,0.69805725941813423,0.060383834678966186,3264.5944368693827,2.122039649832129,0.19977342970510648,0.59470695311085975,0.35106238913771953,1.1671159225922376,2.6076731736475329,1.0584112082701176,1.0631008739117533,1.8920121349394321,0.40058374088355153,0.45021837046369917,0.27945379734970632
162,N2,162,AB,7,13,0.32354809699014964,0.12733959741890433,0.46907337317243214,0.38545953722639537,0.69805725941813423,0.060383834678966186,3264.5944368693827,2.122039649832129,0.19977342970510648,0.59470695311085975,0.35106238913771953,1.1671159225922376,2.111792744304962,1.1359609045274555,1.0631008739117533,1.8920121349394321,0.40058374088355153,0.45021837046369917,0.27945379734970632
163,N2,163,AB,7,14,0.32354809699014964,0.12733959741890433,0.46907337317243214,0.38545953722639537,0.69805725941813423,0.060383834678966186,3264.5944368693827,2.122039649832129,0.19977342970510648,0.59470695311085975,0.35106238913771953,1.1671159225922376,2.111792744304962,1.0584112082701176,1.0752823028713465,1.8920121349394321,0.40058374088355153,0.45021837046369917,0.27945379734970632
164,N2,164,AB,7,15,0.32354809699014964,0.12733959741890433,0.46907337317243214,0.38545953722639537,0.69805725941813423,0.060383834678966186,3264.5944368693827,2.122039649832129,0.19977342970510648,0.59470695311085975,0.35106238913771953,1.1671159225922376,2.111792744304962,1.0584112082701176,1.0631008739117533,1.9640934526920319,0.40058374088355153,0.45021837046369917,0.27945379734970632
165,N2,165,AB,7,16,0.32354809699014964,0.12733959741890433,0.46907337317243214,0.38545953722639537,0.69805725941813423,0.060383834678966186,3264.5944368693827,2.122039649832129,0.19977342970510648,0.59470695311085975,0.35106238913771953,1.1671159225922376,2.111792744304962,1.0584112082701176,1.0631008739117533,1.8920121349394321,0.37432369729186776,0.45021837046369917,0.27945379734970632
166,N2,166,AB,7,17,0.32354809699014964,0.12733959741890433,0.46907337317243214,0.38545953722639537,0.69805725941813423,0.060383834678966186,3264.5944368693827,2.122039649832129,0.19977342970510648,0.59470695311085975,0.35106238913771953,1.1671159225922376,2.111792744304962,1.0584112082701176,1.0631008739117533,1.8920121349394321,0.40058374088355153,0.46118933372199533,0.27945379734970632
167,N2,167,AB,7,18,0.32354809699014964,0.12733959741890433,0.46907337317243214,0.38545953722639537,0.69805725941813423,0.060383834678966186,3264.5944368693827,2.122039649832129,0.19977342970510648,0.59470695311085975,0.35106238913771953,1.1671159225922376,2.111792744304962,1.0584112082701176,1.0631008739117533,1.8920121349394321,0.40058374088355153,0.45021837046369917,0.30668311711400748
168,N2,168,A,8,-1,0.32922959708487831,0.22304495386779311,0.3530697424896061,0.34318216586308836,0.58460626425761264,0.061345733088386402,105.18778754422067,2.0370415432543463,0.11511394068987317,0.47330311737582859,0.3426849974538318,1.0135586338409603,1.6659303088954018,1.1025799890048802,1.2572643525898457,2.3529315680265426,0.42514147385225332,0.73173774722963569,0.32916292094625532
169,N2,169,B,8,-1,0.26931240412302188,0.16513850148767234,0.41136179985478516,0.33261904857703206,0.63066007530147628,0.062569410414664295,34.461369788613695,2.0313240304444649,0.21327820417315763,0.52046968972976115,0.49000735122661876,1.103354838125397,2.6953828928916566,1.1273658232484012,1.1571698360610754,1.6415327757596971,0.43154477347972658,0.16745095010846855,0.38308328615501525
170,N2,170,AB,8,0,0.26931240412302188,0.22304495386779311,0.3530697424896061,0.34318216586308836,0.58460626425761264,0.061345733088386402,105.18778754422067,2.0370415432543463,0.11511394068987317,0.47330311737582859,0.3426849974538318,1.0135586338409603,1.6659303088954018,1.1025799890048802,1.2572643525898457,2.3529315680265426,0.42514147385225332,0.73173774722963569,0.32916292094625532
171,N2,171,AB,8,1,0.32922959708487831,0.16513850148767234,0.3530697424896061,0.34318216586308836,0.58460626425761264,0.061345733088386402,105.18778754422067,2.0370415432543463,0.11511394068987317,0.47330311737582859,0.3426849974538318,1.0135586338409603,1.6659303088954018,1.1025799890048802,1.2572643525898457,2.3529315680265426,0.42514147385225332,0.73173774722963569,0.32916292094625532
172,N2,172,AB,8,2,0.32922959708487831,0.22304495386779311,0.41136179985478516,0.34318216586308836,0.58460626425761264,0.061345733088386402,105.18778754422067,2.0370415432543463,0.11511394068987317,0.47330311737582859,0.3426849974538318,1.0135586338409603,1.6659303088954018,1.1025799890048802,1.2572643525898457,2.3529315680265426,0.42514147385225332,0.73173774722963569,0.32916292094625532
173,N2,173,AB,8,3,0.32922959708487831,0.22304495386779311,0.3530697424896061,0.33261904857703206,0.58460626425761264,0.061345733088386402,105.18778754422067,2.0370415432543463,0.11511394068987317,0.47330311737582859,0.3426849974538318,1.0135586338409603,1.6659303088954018,1.1025799890048802,1.2572643525898457,2.3529315680265426,0.42514147385225332,0.73173774722963569,0.32916292094625532
174,N2,174,AB,8,4,0.32922959708487831,0.22304495386779311,0.3530697424896061,0.34318216586308836,0.63066007530147628,0.061345733088386402,105.18778754422067,2.0370415432543463,0.11511394068987317,0.47330311737582859,0.3426849974538318,1.0135586338409603,1.6659303088954018,1.1025799890048802,1.2572643525898457,2.3529315680265426,0.42514147385225332,0.73173774722963569,0.32916292094625532
175,N2,175,AB,8,5,0.32922959708487831,0.22304495386779311,0.3530697424896061,0.34318216586308836,0.58460626425761264,0.062569410414664295,105.18778754422067,2.0370415432543463,0.11511394068987317,0.47330311737582859,0.3426849974538318,1.0135586338409603,1.6659303088954018,1.1025799890048802,1.2572643525898457,2.3529315680265426,0.42514147385225332,0.73173774722963569,0.32916292094625532
176,N2,176,AB,8,6,0.32922959708487831,0.22304495386779311,0.3530697424896061,0.34318216586308836,0.58460626425761264,0.061345733088386402,34.461369788613695,2.0370415432543463,0.11511394068987317,0.47330311737582859,0.3426849974538318,1.0135586338409603,1.6659303088954018,1.1025799890048802,1.2572643525898457,2.3529315680265426,0.42514147385225332,0.73173774722963569,0.32916292094625532
177,N2,177,AB,8,7,0.32922959708487831,0.22304495386779311,0.3530697424896061,0.34318216586308836,0.58460626425761264,0.061345733088386402,105.18778754422067,2.0313240304444649,0.11511394068987317,0.47330311737582859,0.3426849974538318,1.0135586338409603,1.6659303088954018,1.1025799890048802,1.2572643525898457,2.3529315680265426,0.42514147385225332,0.73173774722963569,0.32916292094625532
178,N2,178,AB,8,8,0.32922959708487831,0.22304495386779311,0.3530697424896061,0.34318216586308836,0.58460626425761264,0.061345733088386402,105.18778754422067,2.0370415432543463,0.21327820417315763,0.47330311737582859,0.3426849974538318,1.0135586338409603,1.6659303088954018,1.1025799890048802,1.2572643525898457,2.3529315680265426,0.42514147385225332,0.73173774722963569,0.32916292094625532
179,N2,179,AB,8,9,0.32922959708487831,0.22304495386779311,0.3530697424896061,0.34318216586308836,0.58460626425761264,0.061345733088386402,105.18778754422067,2.0370415432543463,0.11511394068987317,0.52046968972976115,0.3426849974538318,1.0135586338409603,1.6659303088954018,1.1025799890048802,1.2572643525898457,2.3529315680265426,0.42514147385225332,0.73173774722963569,0.32916292094625532
180,N2,180,AB,8,10,0.32922959708487831,0.22304495386779311,0.3530697424896061,0.34318216586308836,0.58460626425761264,0.061345733088386402,105.18778754422067,2.0370415432543463,0.11511394068987317,0.47330311737582859,0.49000735122661876,1.0135586338409603,1.6659303088954018,1.1025799890048802,1.2572643525898457,2.3529315680265426,0.42514147385225332,0.73173774722963569,0.32916292094625532
181,N2,181,AB,8,11,0.32922959708487831,0.22304495386779311,0.3530697424896061,0.34318216586308836,0.58460626425761264,0.061345733088386402,105.18778754422067,2.0370415432543463,0.11511394068987317,0.47330311737582859,0.3426849974538318,1.103354838125397,1.6659303088954018,1.1025799890048802,1.2572643525898457,2.3529315680265426,0.42514147385225332,0.73173774722963569,0.32916292094625532
182,N2,182,AB,8,12,0.32922959708487831,0.22304495386779311,0.3530697424896061,0.34318216586308836,0.58460626425761264,0.061345733088386402,105.18778754422067,2.0370415432543463,0.11511394068987317,0.47330311737582859,0.3426849974538318,1.0135586338409603,2.6953828928916566,1.1025799890048802,1.2572643525898457,2.3529315680265426,0.42514147385225332,0.73173774722963569,0.32916292094625532
183,N2,183,AB,8,13,0.32922959708487831,0.22304495386779311,0.3530697424896061,0.34318216586308836,0.58460626425761264,0.061345733088386402,105.18778754422067,2.0370415432543463,0.11511394068987317,0.47330311737582859,0.3426849974538318,1.0135586338409603,1.6659303088954018,1.1273658232484012,1.2572643525898457,2.3529315680265426,0.42514147385225332,0.73173774722963569,0.32916292094625532
184,N2,184,AB,8,14,0.32922959708487831,0.22304495386779311,0.3530697424896061,0.34318216586308836,0.58460626425761264,0.061345733088386402,105.18778754422067,2.0370415432543463,0.11511394068987317,0.47330311737582859,0.3426849974538318,1.0135586338409603,1.6659303088954018,1.1025799890048802,1.1571698360610754,2.3529315680265426,0.42514147385225332,0.73173774722963569,0.32916292094625532
185,N2,185,AB,8,15,0.32922959708487831,0.22304495386779311,0.3530697424896061,0.34318216586308836,0.58460626425761264,0.061345733088386402,105.18778754422067,2.0370415432543463,0.11511394068987317,0.47330311737582859,0.3426849974538318,1.0135586338409603,1.6659303088954018,1.1025799890048802,1.2572643525898457,1.6415327757596971,0.42514147385225332,0.73173774722963569,0.32916292094625532
186,N2,186,AB,8,16,0.32922959708487831,0.22304495386779311,0.3530697424896061,0.34318216586308836,0.58460626425761264,0.061345733088386402,105.18778754422067,2.0370415432543463,0.11511394068987317,0.47330311737582859,0.3426849974538318,1.0135586338409603,1.6659303088954018,1.1025799890048802,1.2572643525898457,2.3529315680265426,0.43154477347972658,0.73173774722963569,0.32916292094625532
187,N2,187,AB,8,17,0.32922959708487831,0.22304495386779311,0.3530697424896061,0.34318216586308836,0.58460626425761264,0.061345733088386402,105.18778754422067,2.0370415432543463,0.11511394068987317,0.47330311737582859,0.3426849974538318,1.0135586338409603,1.6659303088954018,1.1025799890048802,1.2572643525898457,2.3529315680265426,0.42514147385225332,0.16745095010846855,0.32916292094625532
188,N2,188,AB,8,18,0.32922959708487831,0.22304495386779311,0.3530697424896061,0.34318216586308836,0.58460626425761264,0.061345733088386402,105.18778754422067,2.0370415432543463,0.11511394068987317,0.47330311737582859,0.3426849974538318,1.0135586338409603,1.6659303088954018,1.1025799890048802,1.2572643525898457,2.3529315680265426,0.42514147385225332,0.73173774722963569,0.38308328615501525
189,N2,189,A,9,-1,0.26792831048225046,0.084585879743099224,0.48510518418624993,0.57059846546343751,0.75030814237577492,0.067676560427035862,226.82642645643955,1.7634068209247746,0.30158906126081508,0.63434056591074883,0.49274995318102649,0.88537843387598381,2.6542321574942642,1.065094504011795,1.1587796993087978,1.6816378206014635,0.37943818114810524,0.29266502065584066,0.39275706980377434
190,N2,190,B,9,-1,0.30544728372158647,0.059893187880516056,0.65741613721475001,0.52065872351196218,0.70345340336414242,0.065504146181503575,117.83692143715889,1.7398332627571929,0.22750239963215729,0.63544992664132094,0.37352931469692607,0.88933726139060643,2.0373763432845551,1.0798143057338894,1.2366797655820847,2.1144260384142397,0.37616480373840627,0.76167226349934936,0.3223759942408651
191,N2,191,AB,9,0,0.30544728372158647,0.084585879743099224,0.48510518418624993,0.57059846546343751,0.75030814237577492,0.067676560427035862,226.82642645643955,1.7634068209247746,0.30158906126081508,0.63434056591074883,0.49274995318102649,0.88537843387598381,2.6542321574942642,1.065094504011795,1.1587796993087978,1.6816378206014635,0.37943818114810524,0.29266502065584066,0.39275706980377434
192,N2,192,AB,9,1,0.26792831048225046,0.059893187880516056,0.48510518418624993,0.57059846546343751,0.75030814237577492,0.067676560427035862,226.82642645643955,1.7634068209247746,0.30158906126081508,0.63434056591074883,0.49274995318102649,0.88537843387598381,2.6542321574942642,1.065094504011795,1.1587796993087978,1.6816378206014635,0.37943818114810524,0.29266502065584066,0.39275706980377434
193,N2,193,AB,9,2,0.26792831048225046,0.084585879743099224,0.65741613721475001,0.57059846546343751,0.75030814237577492,0.067676560427035862,226.82642645643955,1.7634068209247746,0.30158906126081508,0.63434056591074883,0.49274995318102649,0.88537843387598381,2.6542321574942642,1.065094504011795,1.1587796993087978,1.6816378206014635,0.37943818114810524,0.29266502065584066,0.39275706980377434
194,N2,194,AB,9,3,0.26792831048225046,0.084585879743099224,0.48510518418624993,0.52065872351196218,0.75030814237577492,0.067676560427035862,226.82642645643955,1.7634068209247746,0.30158906126081508,0.63434056591074883,0.49274995318102649,0.88537843387598381,2.6542321574942642,1.065094504011795,1.1587796993087978,1.6816378206014635,0.37943818114810524,0.29266502065584066,0.39275706980377434
195,N2,195,AB,9,4,0.26792831048225046,0.084585879743099224,0.48510518418624993,0.57059846546343751,0.70345340336414242,0.067676560427035862,226.82642645643955,1.7634068209247746,0.30158906126081508,0.63434056591074883,0.49274995318102649,0.88537843387598381,2.6542321574942642,1.065094504011795,1.1587796993087978,1.6816378206014635,0.37943818114810524,0.29266502065584066,0.39275706980377434
196,N2,196,AB,9,5,0.26792831048225046,0.084585879743099224,0.48510518418624993,0.57059846546343751,0.75030814237577492,0.065504146181503575,226.82642645643955,1.7634068209247746,0.30158906126081508,0.63434056591074883,0.49274995318102649,0.88537843387598381,2.6542321574942642,1.065094504011795,1.1587796993087978,1.6816378206014635,0.37943818114810524,0.29266502065584066,0.39275706980377434
197,N2,197,AB,9,6,0.26792831048225046,0.084585879743099224,0.48510518418624993,0.57059846546343751,0.75030814237577492,0.067676560427035862,117.83692143715889,1.7634068209247746,0.30158906126081508,0.63434056591074883,0.49274995318102649,0.88537843387598381,2.6542321574942642,1.065094504011795,1.1587796993087978,1.6816378206014635,0.37943818114810524,0.29266502065584066,0.39275706980377434
198,N2,198,AB,9,7,0.26792831048225046,0.084585879743099224,0.48510518418624993,0.57059846546343751,0.75030814237577492,0.067676560427035862,226.82642645643955,1.7398332627571929,0.30158906126081508,0.63434056591074883,0.49274995318102649,0.88537843387598381,2.6542321574942642,1.065094504011795,1.1587796993087978,1.6816378206014635,0.37943818114810524,0.29266502065584066,0.39275706980377434
199,N2,199,AB,9,8,0.26792831048225046,0.084585879743099224,0.48510518418624993,0.57059846546343751,0.75030814237577492,0.067676560427035862,226.82642645643955,1.7634068209247746,0.22750239963215729,0.63434056591074883,0.49274995318102649,0.88537843387598381,2.6542321574942642,1.065094504011795,1.1587796993087978,1.6816378206014635,0.37943818114810524,0.29266502065584066,0.39275706980377434
200,N2,200,AB,9,9,0.26792831048225046,0.084585879743099224,0.48510518418624993,0.57059846546343751,0.75030814237577492,0.067676560427035862,226.82642645643955,1.7634068209247746,0.30158906126081508,0.63544992664132094,0.49274995318102649,0.88537843387598381,2.6542321574942642,1.065094504011795,1.1587796993087978,1.6816378206014635,0.37943818114810524,0.29266502065584066,0.39275706980377434
201,N2,201,AB,9,10,0.26792831048225046,0.084585879743099224,0.48510518418624993,0.57059846546343751,0.75030814237577492,0.067676560427035862,226.82642645643955,1.7634068209247746,0.30158906126081508,0.63434056591074883,0.37352931469692607,0.88537843387598381,2.6542321574942642,1.065094504011795,1.1587796993087978,1.6816378206014635,0.37943818114810524,0.29266502065584066,0.39275706980377434
202,N2,202,AB,9,11,0.26792831048225046,0.084585879743099224,0.48510518418624993,0.57059846546343751,0.75030814237577492,0.067676560427035862,226.82642645643955,1.7634068209247746,0.30158906126081508,0.63434056591074883,0.49274995318102649,0.88933726139060643,2.6542321574942642,1.065094504011795,1.1587796993087978,1.6816378206014635,0.37943818114810524,0.29266502065584066,0.39275706980377434
203,N2,203,AB,9,12,0.26792831048225046,0.084585879743099224,0.48510518418624993,0.57059846546343751,0.75030814237577492,0.067676560427035862,226.82642645643955,1.7634068209247746,0.30158906126081508,0.63434056591074883,0.49274995318102649,0.88537843387598381,2.0373763432845551,1.065094504011795,1.1587796993087978,1.6816378206014635,0.37943818114810524,0.29266502065584066,0.39275706980377434
204,N2,204,AB,9,13,0.26792831048225046,0.084585879743099224,0.48510518418624993,0.57059846546343751,0.75030814237577492,0.067676560427035862,226.82642645643955,1.7634068209247746,0.30158906126081508,0.63434056591074883,0.49274995318102649,0.88537843387598381,2.6542321574942642,1.0798143057338894,1.1587796993087978,1.6816378206014635,0.37943818114810524,0.29266502065584066,0.39275706980377434
205,N2,205,AB,9,14,0.26792831048225046,0.084585879743099224,0.48510518418624993,0.57059846546343751,0.75030814237577492,0.067676560427035862,226.82642645643955,1.7634068209247746,0.30158906126081508,0.63434056591074883,0.49274995318102649,0.88537843387598381,2.6542321574942642,1.065094504011795,1.2366797655820847,1.6816378206014635,0.37943818114810524,0.29266502065584066,0.39275706980377434
206,N2,206,AB,9,15,0.26792831048225046,0.084585879743099224,0.48510518418624993,0.57059846546343751,0.75030814237577492,0.067676560427035862,226.82642645643955,1.7634068209247746,0.30158906126081508,0.63434056591074883,0.49274995318102649,0.88537843387598381,2.6542321574942642,1.065094504011795,1.1587796993087978,2.1144260384142397,0.37943818114810524,0.29266502065584066,0.39275706980377434
207,N2,207,AB,9,16,0.26792831048225046,0.084585879743099224,0.48510518418624993,0.57059846546343751,0.75030814237577492,0.067676560427035862,226.82642645643955,1.7634068209247746,0.30158906126081508,0.63434056591074883,0.49274995318102649,0.88537843387598381,2.6542321574942642,1.065094504011795,1.1587796993087978,1.6816378206014635,0.37616480373840627,0.29266502065584066,0.39275706980377434
208,N2,208,AB,9,17,0.26792831048225046,0.084585879743099224,0.48510518418624993,0.57059846546343751,0.75030814237577492,0.067676560427035862,226.82642645643955,1.7634068209247746,0.30158906126081508,0.63434056591074883,0.49274995318102649,0.88537843387598381,2.6542321574942642,1.065094504011795,1.1587796993087978,1.6816378206014635,0.37943818114810524,0.76167226349934936,0.39275706980377434
209,N2,209,AB,9,18,0.26792831048225046,0.084585879743099224,0.48510518418624993,0.57059846546343751,0.75030814237577492,0.067676560427035862,226.82642645643955,1.7634068209247746,0.30158906126081508,0.63434056591074883,0.49274995318102649,0.88537843387598381,2.6542321574942642,1.065094504011795,1.1587796993087978,1.6816378206014635,0.37943818114810524,0.29266502065584066,0.3223759942408651
210,N2,210,A,10,-1,0.29494479009648655,0.18762402459979061,0.20058536464348437,0.39521788415288567,0.78317048084613061,0.07499453741453728,4.0916911033124013,1.9235984117241853,0.24004478122827325,0.73546361106096414,0.4275023616509695,0.67625380946384683,2.124617942796482,1.1443029003031551,1.0856078981421888,2.1066848270595075,0.3835315428850683,0.81743558589369059,0.43340106166899206
211,N2,211,B,10,-1,0.27747989242939641,0.20359719861298803,0.54402575530111785,0.35876861037188307,0.60246625110866403,0.06077067499720612,1580.493482727456,2.1169897960106758,0.26767432421306514,0.4214834902339113,0.30410768847090514,0.93620763915765193,2.4225204710720232,1.1115637338347732,1.2685678679961712,2.369403078407049,0.39852283389295579,0.50519342431798575,0.43471285342238841
212,N2,212,AB,10,0,0.27747989242939641,0.18762402459979061,0.20058536464348437,0.39521788415288567,0.78317048084613061,0.07499453741453728,4.0916911033124013,1.9235984117241853,0.24004478122827325,0.73546361106096414,0.4275023616509695,0.67625380946384683,2.124617942796482,1.1443029003031551,1.0856078981421888,2.1066848270595075,0.3835315428850683,0.81743558589369059,0.43340106166899206
213,N2,213,AB,10,1,0.29494479009648655,0.20359719861298803,0.20058536464348437,0.39521788415288567,0.78317048084613061,0.07499453741453728,4.0916911033124013,1.9235984117241853,0.24004478122827325,0.73546361106096414,0.4275023616509695,0.67625380946384683,2.124617942796482,1.1443029003031551,1.0856078981421888,2.1066848270595075,0.3835315428850683,0.81743558589369059,0.43340106166899206
214,N2,214,AB,10,2,0.29494479009648655,0.18762402459979061,0.54402575530111785,0.39521788415288567,0.78317048084613061,0.07499453741453728,4.0916911033124013,1.9235984117241853,0.24004478122827325,0.73546361106096414,0.4275023616509695,0.67625380946384683,2.124617942796482,1.1443029003031551,1.0856078981421888,2.1066848270595075,0.3835315428850683,0.81743558589369059,0.43340106166899206
215,N2,215,AB,10,3,0.29494479009648655,0.18762402459979061,0.20058536464348437,0.35876861037188307,0.78317048084613061,0.07499453741453728,4.0916911033124013,1.9235984117241853,0.24004478122827325,0.73546361106096414,0.4275023616509695,0.67625380946384683,2.124617942796482,1.1443029003031551,1.0856078981421888,2.1066848270595075,0.3835315428850683,0.81743558589369059,0.43340106166899206
216,N2,216,AB,10,4,0.29494479009648655,0.18762402459979061,0.20058536464348437,0.39521788415288567,0.60246625110866403,0.07499453741453728,4.0916911033124013,1.9235984117241853,0.24004478122827325,0.73546361106096414,0.4275023616509695,0.67625380946384683,2.124617942796482,1.1443029003031551,1.0856078981421888,2.1066848270595075,0.3835315428850683,0.81743558589369059,0.43340106166899206
217,N2,217,AB,10,5,0.29494479009648655,0.18762402459979061,0.20058536464348437,0.39521788415288567,0.78317048084613061,0.06077067499720612,4.0916911033124013,1.9235984117241853,0.24004478122827325,0.73546361106096414,0.4275023616509695,0.67625380946384683,2.124617942796482,1.1443029003031551,1.0856078981421888,2.1066848270595075,0.3835315428850683,0.81743558589369059,0.43340106166899206
218,N2,218,AB,10,6,0.29494479009648655,0.18762402459979061,0.20058536464348437,0.39521788415288567,0.78317048084613061,0.07499453741453728,1580.493482727456,1.9235984117241853,0.24004478122827325,0.73546361106096414,0.4275023616509695,0.67625380946384683,2.124617942796482,1.1443029003031551,1.0856078981421888,2.1066848270595075,0.3835315428850683,0.81743558589369059,0.43340106166899206
219,N2,219,AB,10,7,0.29494479009648655,0.18762402459979061,0.20058536464348437,0.39521788415288567,0.78317048084613061,0.07499453741453728,4.0916911033124013,2.1169897960106758,0.24004478122827325,0.73546361106096414,0.4275023616509695,0.67625380946384683,2.124617942796482,1.1443029003031551,1.0856078981421888,2.1066848270595075,0.3835315428850683,0.81743558589369059,0.43340106166899206
220,N2,220,AB,10,8,0.29494479009648655,0.18762402459979061,0.20058536464348437,0.39521788415288567,0.78317048084613061,0.07499453741453728,4.0916911033124013,1.9235984117241853,0.26767432421306514,0.73546361106096414,0.4275023616509695,0.67625380946384683,2.124617942796482,1.1443029003031551,1.0856078981421888,2.1066848270595075,0.3835315428850683,0.81743558589369059,0.43340106166899206
221,N2,221,AB,10,9,0.29494479009648655,0.18762402459979061,0.20058536464348437,0.39521788415288567,0.78317048084613061,0.07499453741453728,4.0916911033124013,1.9235984117241853,0.24004478122827325,0.4214834902339113,0.4275023616509695,0.67625380946384683,2.124617942796482,1.1443029003031551,1.0856078981421888,2.1066848270595075,0.3835315428850683,0.81743558589369059,0.43340106166899206
222,N2,222,AB,10,10,0.29494479009648655,0.18762402459979061,0.20058536464348437,0.39521788415288567,0.78317048084613061,0.07499453741453728,4.0916911033124013,1.9235984117241853,0.24004478122827325,0.73546361106096414,0.30410768847090514,0.67625380946384683,2.124617942796482,1.1443029003031551,1.0856078981421888,2.1066848270595075,0.3835315428850683,0.81743558589369059,0.43340106166899206
223,N2,223,AB,10,11,0.29494479009648655,0.18762402459979061,0.20058536464348437,0.39521788415288567,0.78317048084613061,0.07499453741453728,4.0916911033124013,1.9235984117241853,0.24004478122827325,0.73546361106096414,0.4275023616509695,0.93620763915765193,2.124617942796482,1.1443029003031551,1.0856078981421888,2.1066848270595075,0.3835315428850683,0.81743558589369059,0.43340106166899206
224,N2,224,AB,10,12,0.29494479009648655,0.18762402459979061,0.20058536464348437,0.39521788415288567,0.78317048084613061,0.07499453741453728,4.0916911033124013,1.9235984117241853,0.24004478122827325,0.73546361106096414,0.4275023616509695,0.67625380946384683,2.4225204710720232,1.1443029003031551,1.0856078981421888,2.1066848270595075,0.3835315428850683,0.81743558589369059,0.43340106166899206
225,N2,225,AB,10,13,0.29494479009648655,0.18762402459979061,0.20058536464348437,0.39521788415288567,0.78317048084613061,0.07499453741453728,4.0916911033124013,1.9235984117241853,0.24004478122827325,0.73546361106096414,0.4275023616509695,0.67625380946384683,2.124617942796482,1.1115637338347732,1.0856078981421888,2.1066848270595075,0.3835315428850683,0.81743558589369059,0.43340106166899206
226,N2,226,AB,10,14,0.29494479009648655,0.18762402459979061,0.20058536464348437,0.39521788415288567,0.78317048084613061,0.07499453741453728,4.0916911033124013,1.9235984117241853,0.24004478122827325,0.73546361106096414,0.4275023616509695,0.67625380946384683,2.124617942796482,1.1443029003031551,1.2685678679961712,2.1066848270595075,0.3835315428850683,0.81743558589369059,0.43340106166899206
227,N2,227,AB,10,15,0.29494479009648655,0.18762402459979061,0.20058536464348437,0.39521788415288567,0.78317048084613061,0.07499453741453728,4.0916911033124013,1.9235984117241853,0.24004478122827325,0.73546361106096414,0.4275023616509695,0.67625380946384683,2.124617942796482,1.1443029003031551,1.0856078981421888,2.369403078407049,0.3835315428850683,0.81743558589369059,0.43340106166899206
228,N2,228,AB,10,16,0.29494479009648655,0.18762402459979061,0.20058536464348437,0.39521788415288567,0.78317048084613061,0.07499453741453728,4.0916911033124013,1.9235984117241853,0.24004478122827325,0.73546361106096414,0.4275023616509695,0.67625380946384683,2.124617942796482,1.1443029003031551,1.0856078981421888,2.1066848270595075,0.39852283389295579,0.81743558589369059,0.43340106166899206
229,N2,229,AB,10,17,0.29494479009648655,0.18762402459979061,0.20058536464348437,0.39521788415288567,0.78317048084613061,0.07499453741453728,4.0916911033124013,1.9235984117241853,0.24004478122827325,0.73546361106096414,0.4275023616509695,0.67625380946384683,2.124617942796482,1.1443029003031551,1.0856078981421888,2.1066848270595075,0.3835315428850683,0.50519342431798575,0.43340106166899206
230,N2,230,AB,10,18,0.29494479009648655,0.18762402459979061,0.20058536464348437,0.39521788415288567,0.78317048084613061,0.07499453741453728,4.0916911033124013,1.9235984117241853,0.24004478122827325,0.73546361106096414,0.4275023616509695,0.67625380946384683,2.124617942796482,1.1443029003031551,1.0856078981421888,2.1066848270595075,0.3835315428850683,0.81743558589369059,0.43471285342238841
231,N2,231,A,11,-1,0.30369508324908284,0.1008389089256525,0.63733880901709195,0.46121516075250618,0.63730651424595819,0.063728635762872785,1527.117032366921,2.1434241414364061,0.19107164269745974,0.53524968055991773,0.39415660636587024,0.97039821242286184,2.3479889852775995,1.0274042063485831,1.2054281238932163,1.8274961821734905,0.42897983306136667,0.35816314322873954,0.26467892457731068
232,N2,232,B,11,-1,0.33572722111627518,0.12134975977241994,0.30572658013552428,0.40434225068290097,0.91376523814734822,0.070752191390679051,14.275500655893445,1.943460372498109,0.17020782166114548,0.79020261826039384,0.4145914426964919,0.6894502080063285,2.2715858967577964,1.029607210205868,1.0629598323255778,1.8996350541710854,0.41203462714189093,0.87469281405210497,0.27983823517337442
233,N2,233,AB,11,0,0.33572722111627518,0.1008389089256525,0.63733880901709195,0.46121516075250618,0.63730651424595819,0.063728635762872785,1527.117032366921,2.1434241414364061,0.19107164269745974,0.53524968055991773,0.39415660636587024,0.97039821242286184,2.3479889852775995,1.0274042063485831,1.2054281238932163,1.8274961821734905,0.42897983306136667,0.35816314322873954,0.26467892457731068
234,N2,234,AB,11,1,0.30369508324908284,0.12134975977241994,0.63733880901709195,0.46121516075250618,0.63730651424595819,0.063728635762872785,1527.117032366921,2.1434241414364061,0.19107164269745974,0.53524968055991773,0.39415660636587024,0.97039821242286184,2.3479889852775995,1.0274042063485831,1.2054281238932163,1.8274961821734905,0.42897983306136667,0.35816314322873954,0.26467892457731068
235,N2,235,AB,11,2,0.30369508324908284,0.1008389089256525,0.30572658013552428,0.46121516075250618,0.63730651424595819,0.063728635762872785,1527.117032366921,2.1434241414364061,0.19107164269745974,0.53524968055991773,0.39415660636587024,0.97039821242286184,2.3479889852775995,1.0274042063485831,1.2054281238932163,1.8274961821734905,0.42897983306136667,0.35816314322873954,0.26467892457731068
236,N2,236,AB,11,3,0.30369508324908284,0.1008389089256525,0.63733880901709195,0.40434225068290097,0.63730651424595819,0.063728635762872785,1527.117032366921,2.1434241414364061,0.19107164269745974,0.53524968055991773,0.39415660636587024,0.97039821242286184,2.3479889852775995,1.0274042063485831,1.2054281238932163,1.8274961821734905,0.42897983306136667,0.35816314322873954,0.26467892457731068
237,N2,237,AB,11,4,0.30369508324908284,0.1008389089256525,0.63733880901709195,0.46121516075250618,0.91376523814734822,0.063728635762872785,1527.117032366921,2.1434241414364061,0.19107164269745974,0.53524968055991773,0.39415660636587024,0.97039821242286184,2.3479889852775995,1.0274042063485831,1.2054281238932163,1.8274961821734905,0.42897983306136667,0.35816314322873954,0.26467892457731068
238,N2,238,AB,11,5,0.30369508324908284,0.1008389089256525,0.63733880901709195,0.46121516075250618,0.63730651424595819,0.070752191390679051,1527.117032366921,2.1434241414364061,0.19107164269745974,0.53524968055991773,0.39415660636587024,0.97039821242286184,2.3479889852775995,1.0274042063485831,1.2054281238932163,1.8274961821734905,0.42897983306136667,0.35816314322873954,0.26467892457731068
239,N2,239,AB,11,6,0.30369508324908284,0.1008389089256525,0.63733880901709195,0.46121516075250618,0.63730651424595819,0.063728635762872785,14.275500655893445,2.1434241414364061,0.19107164269745974,0.53524968055991773,0.39415660636587024,0.97039821242286184,2.3479889852775995,1.0274042063485831,1.2054281238932163,1.8274961821734905,0.42897983306136667,0.35816314322873954,0.26467892457731068
240,N2,240,AB,11,7,0.30369508324908284,0.1008389089256525,0.63733880901709195,0.46121516075250618,0.63730651424595819,0.063728635762872785,1527.117032366921,1.943460372498109,0.19107164269745974,0.53524968055991773,0.39415660636587024,0.97039821242286184,2.3479889852775995,1.0274042063485831,1.2054281238932163,1.8274961821734905,0.42897983306136667,0.35816314322873954,0.26467892457731068
241,N2,241,AB,11,8,0.30369508324908284,0.1008389089256525,0.63733880901709195,0.46121516075250618,0.63730651424595819,0.063728635762872785,1527.117032366921,2.1434241414364061,0.17020782166114548,0.53524968055991773,0.39415660636587024,0.97039821242286184,2.3479889852775995,1.0274042063485831,1.2054281238932163,1.8274961821734905,0.42897983306136667,0.35816314322873954,0.26467892457731068
242,N2,242,AB,11,9,0.30369508324908284,0.1008389089256525,0.63733880901709195,0.46121516075250618,0.63730651424595819,0.063728635762872785,1527.117032366921,2.1434241414364061,0.19107164269745974,0.79020261826039384,0.39415660636587024,0.97039821242286184,2.3479889852775995,1.0274042063485831,1.2054281238932163,1.8274961821734905,0.42897983306136667,0.35816314322873954,0.26467892457731068
243,N2,243,AB,11,10,0.30369508324908284,0.1008389089256525,0.63733880901709195,0.46121516075250618,0.63730651424595819,0.063728635762872785,1527.117032366921,2.1434241414364061,0.19107164269745974,0.53524968055991773,0.4145914426964919,0.97039821242286184,2.3479889852775995,1.0274042063485831,1.2054281238932163,1.8274961821734905,0.42897983306136667,0.35816314322873954,0.26467892457731068
244,N2,244,AB,11,11,0.30369508324908284,0.1008389089256525,0.63733880901709195,0.46121516075250618,0.63730651424595819,0.063728635762872785,1527.117032366921,2.1434241414364061,0.19107164269745974,0.53524968055991773,0.39415660636587024,0.6894502080063285,2.3479889852775995,1.0274042063485831,1.2054281238932163,1.8274961821734905,0.42897983306136667,0.35816314322873954,0.26467892457731068
245,N2,245,AB,11,12,0.30369508324908284,0.1008389089256525,0.63733880901709195,0.46121516075250618,0.63730651424595819,0.063728635762872785,1527.117032366921,2.1434241414364061,0.19107164269745974,0.53524968055991773,0.39415660636587024,0.97039821242286184,2.2715858967577964,1.0274042063485831,1.2054281238932163,1.8274961821734905,0.42897983306136667,0.35816314322873954,0.26467892457731068
246,N2,246,AB,11,13,0.30369508324908284,0.1008389089256525,0.63733880901709195,0.46121516075250618,0.63730651424595819,0.063728635762872785,1527.117032366921,2.1434241414364061,0.19107164269745974,0.53524968055991773,0.39415660636587024,0.97039821242286184,2.3479889852775995,1.029607210205868,1.2054281238932163,1.8274961821734905,0.42897983306136667,0.35816314322873954,0.26467892457731068
247,N2,247,AB,11,14,0.30369508324908284,0.1008389089256525,0.63733880901709195,0.46121516075250618,0.63730651424595819,0.063728635762872785,1527.117032366921,2.1434241414364061,0.19107164269745974,0.53524968055991773,0.39415660636587024,0.97039821242286184,2.3479889852775995,1.0274042063485831,1.0629598323255778,1.8274961821734905,0.42897983306136667,0.35816314322873954,0.26467892457731068
248,N2,248,AB,11,15,0.30369508324908284,0.1008389089256525,0.63733880901709195,0.46121516075250618,0.63730651424595819,0.063728635762872785,1527.117032366921,2.1434241414364061,0.19107164269745974,0.53524968055991773,0.39415660636587024,0.97039821242286184,2.3479889852775995,1.0274042063485831,1.2054281238932163,1.8996350541710854,0.42897983306136667,0.35816314322873954,0.26467892457731068
249,N2,249,AB,11,16,0.30369508324908284,0.1008389089256525,0.63733880901709195,0.46121516075250618,0.63730651424595819,0.063728635762872785,1527.117032366921,2.1434241414364061,0.19107164269745974,0.53524968055991773,0.39415660636587024,0.97039821242286184,2.3479889852775995,1.0274042063485831,1.2054281238932163,1.8274961821734905,0.41203462714189093,0.35816314322873954,0.26467892457731068
250,N2,250,AB,11,17,0.30369508324908284,0.1008389089256525,0.63733880901709195,0.46121516075250618,0.63730651424595819,0.063728635762872785,1527.117032366921,2.1434241414364061,0.19107164269745974,0.53524968055991773,0.39415660636587024,0.97039821242286184,2.3479889852775995,1.0274042063485831,1.2054281238932163,1.8274961821734905,0.42897983306136667,0.87469281405210497,0.26467892457731068
251,N2,251,AB,11,18,0.30369508324908284,0.1008389089256525,0.63733880901709195,0.46121516075250618,0.63730651424595819,0.063728635762872785,1527.117032366921,2.1434241414364061,0.19107164269745974,0.53524968055991773,0.39415660636587024,0.97039821242286184,2.3479889852775995,1.0274042063485831,1.2054281238932163,1.8274961821734905,0.42897983306136667,0.35816314322873954,0.27983823517337442
252,N2,252,A,12,-1,0.3081894365219392,0.15970433801412581,0.55452370019629593,0.41955486083744709,0.66882098980130888,0.060719280412336159,11.028601563433236,1.9886652412890311,0.22942547571287158,0.58819789099600839,0.4490108088478037,0.94287090655273553,2.2601162654119578,1.0706062489934265,1.2213243804406375,1.9155654966831208,0.44560416941540193,0.54663578569889071,0.40423548108898105
253,N2,253,B,12,-1,0.24185358816751024,0.19812653735280039,0.36209914209321137,0.38772947026507665,0.78612475165771301,0.076526823007749351,907.43789220600604,2.1813317673583614,0.249450470287786,0.55733499124380936,0.62252769021134569,0.98708943685376871,2.5328889602542701,1.0455719813145696,1.2705656387377531,2.0920198880136014,0.35312867082267707,0.59763156874105339,0.29258339933119715
254,N2,254,AB,12,0,0.24185358816751024,0.15970433801412581,0.55452370019629593,0.41955486083744709,0.66882098980130888,0.060719280412336159,11.028601563433236,1.9886652412890311,0.22942547571287158,0.58819789099600839,0.4490108088478037,0.94287090655273553,2.2601162654119578,1.0706062489934265,1.2213243804406375,1.9155654966831208,0.44560416941540193,0.54663578569889071,0.40423548108898105
255,N2,255,AB,12,1,0.3081894365219392,0.19812653735280039,0.55452370019629593,0.41955486083744709,0.66882098980130888,0.060719280412336159,11.028601563433236,1.9886652412890311,0.22942547571287158,0.58819789099600839,0.4490108088478037,0.94287090655273553,2.2601162654119578,1.0706062489934265,1.2213243804406375,1.9155654966831208,0.44560416941540193,0.54663578569889071,0.40423548108898105
256,N2,256,AB,12,2,0.3081894365219392,0.15970433801412581,0.36209914209321137,0.41955486083744709,0.66882098980130888,0.060719280412336159,11.028601563433236,1.9886652412890311,0.22942547571287158,0.58819789099600839,0.4490108088478037,0.94287090655273553,2.2601162654119578,1.0706062489934265,1.2213243804406375,1.9155654966831208,0.44560416941540193,0.54663578569889071,0.40423548108898105
257,N2,257,AB,12,3,0.3081894365219392,0.15970433801412581,0.55452370019629593,0.38772947026507665,0.66882098980130888,0.060719280412336159,11.028601563433236,1.9886652412890311,0.22942547571287158,0.58819789099600839,0.4490108088478037,0.94287090655273553,2.2601162654119578,1.0706062489934265,1.2213243804406375,1.9155654966831208,0.44560416941540193,0.54663578569889071,0.40423548108898105
258,N2,258,AB,12,4,0.3081894365219392,0.15970433801412581,0.55452370019629593,0.41955486083744709,0.78612475165771301,0.060719280412336159,11.028601563433236,1.9886652412890311,0.22942547571287158,0.58819789099600839,0.4490108088478037,0.94287090655273553,2.2601162654119578,1.0706062489934265,1.2213243804406375,1.9155654966831208,0.44560416941540193,0.54663578569889071,0.40423548108898105
259,N2,259,AB,12,5,0.3081894365219392,0.15970433801412581,0.55452370019629593,0.41955486083744709,0.66882098980130888,0.076526823007749351,11.028601563433236,1.9886652412890311,0.22942547571287158,0.58819789099600839,0.4490108088478037,0.94287090655273553,2.2601162654119578,1.0706062489934265,1.2213243804406375,1.9155654966831208,0.44560416941540193,0.54663578569889071,0.40423548108898105
260,N2,260,AB,12,6,0.3081894365219392,0.15970433801412581,0.55452370019629593,0.41955486083744709,0.66882098980130888,0.060719280412336159,907.43789220600604,1.9886652412890311,0.22942547571287158,0.58819789099600839,0.4490108088478037,0.94287090655273553,2.2601162654119578,1.0706062489934265,1.2213243804406375,1.9155654966831208,0.44560416941540193,0.54663578569889071,0.40423548108898105
261,N2,261,AB,12,7,0.3081894365219392,0.15970433801412581,0.55452370019629593,0.41955486083744709,0.66882098980130888,0.060719280412336159,11.028601563433236,2.1813317673583614,0.22942547571287158,0.58819789099600839,0.4490108088478037,0.94287090655273553,2.2601162654119578,1.0706062489934265,1.2213243804406375,1.9155654966831208,0.44560416941540193,0.54663578569889071,0.40423548108898105
262,N2,262,AB,12,8,0.3081894365219392,0.15970433801412581,0.55452370019629593,0.41955486083744709,0.66882098980130888,0.060719280412336159,11.028601563433236,1.9886652412890311,0.249450470287786,0.58819789099600839,0.4490108088478037,0.94287090655273553,2.2601162654119578,1.0706062489934265,1.2213243804406375,1.9155654966831208,0.44560416941540193,0.54663578569889071,0.40423548108898105
263,N2,263,AB,12,9,0.3081894365219392,0.15970433801412581,0.55452370019629593,0.41955486083744709,0.66882098980130888,0.060719280412336159,11.028601563433236,1.9886652412890311,0.22942547571287158,0.55733499124380936,0.4490108088478037,0.94287090655273553,2.2601162654119578,1.0706062489934265,1.2213243804406375,1.9155654966831208,0.44560416941540193,0.54663578569889071,0.40423548108898105
264,N2,264,AB,12,10,0.3081894365219392,0.15970433801412581,0.55452370019629593,0.41955486083744709,0.66882098980130888,0.060719280412336159,11.028601563433236,1.9886652412890311,0.22942547571287158,0.58819789099600839,0.62252769021134569,0.94287090655273553,2.2601162654119578,1.0706062489934265,1.2213243804406375,1.9155654966831208,0.44560416941540193,0.54663578569889071,0.40423548108898105
265,N2,265,AB,12,11,0.3081894365219392,0.15970433801412581,0.55452370019629593,0.41955486083744709,0.66882098980130888,0.060719280412336159,11.028601563433236,1.9886652412890311,0.22942547571287158,0.58819789099600839,0.4490108088478037,0.98708943685376871,2.2601162654119578,1.0706062489934265,1.2213243804406375,1.9155654966831208,0.44560416941540193,0.54663578569889071,0.40423548108898105
266,N2,266,AB,12,12,0.3081894365219392,0.15970433801412581,0.55452370019629593,0.41955486083744709,0.66882098980130888,0.060719280412336159,11.028601563433236,1.9886652412890311,0.22942547571287158,0.58819789099600839,0.4490108088478037,0.94287090655273553,2.5328889602542701,1.0706062489934265,1.2213243804406375,1.9155654966831208,0.44560416941540193,0.54663578569889071,0.40423548108898105
267,N2,267,AB,12,13,0.3081894365219392,0.15970433801412581,0.55452370019629593,0.41955486083744709,0.66882098980130888,0.060719280412336159,11.028601563433236,1.9886652412890311,0.22942547571287158,0.58819789099600839,0.4490108088478037,0.94287090655273553,2.2601162654119578,1.0455719813145696,1.2213243804406375,1.9155654966831208,0.44560416941540193,0.54663578569889071,0.40423548108898105
268,N2,268,AB,12,14,0.3081894365219392,0.15970433801412581,0.55452370019629593,0.41955486083744709,0.66882098980130888,0.060719280412336159,11.028601563433236,1.9886652412890311,0.22942547571287158,0.58819789099600839,0.4490108088478037,0.94287090655273553,2.2601162654119578,1.0706062489934265,1.2705656387377531,1.9155654966831208,0.44560416941540193,0.54663578569889071,0.40423548108898105
269,N2,269,AB,12,15,0.3081894365219392,0.15970433801412581,0.55452370019629593,0.41955486083744709,0.66882098980130888,0.060719280412336159,11.028601563433236,1.9886652412890311,0.22942547571287158,0.58819789099600839,0.4490108088478037,0.94287090655273553,2.2601162654119578,1.0706062489934265,1.2213243804406375,2.0920198880136014,0.44560416941540193,0.54663578569889071,0.40423548108898105
270,N2,270,AB,12,16,0.3081894365219392,0.15970433801412581,0.55452370019629593,0.41955486083744709,0.66882098980130888,0.060719280412336159,11.028601563433236,1.9886652412890311,0.22942547571287158,0.58819789099600839,0.4490108088478037,0.94287090655273553,2.2601162654119578,1.0706062489934265,1.2213243804406375,1.9155654966831208,0.35312867082267707,0.54663578569889071,0.40423548108898105
271,N2,271,AB,12,17,0.3081894365219392,0.15970433801412581,0.55452370019629593,0.41955486083744709,0.66882098980130888,0.060719280412336159,11.028601563433236,1.9886652412890311,0.22942547571287158,0.58819789099600839,0.4490108088478037,0.94287090655273553,2.2601162654119578,1.0706062489934265,1.2213243804406375,1.9155654966831208,0.44560416941540193,0.59763156874105339,0.40423548108898105
272,N2,272,AB,12,18,0.3081894365219392,0.15970433801412581,0.55452370019629593,0.41955486083744709,0.66882098980130888,0.060719280412336159,11.028601563433236,1.9886652412890311,0.22942547571287158,0.58819789099600839,0.4490108088478037,0.94287090655273553,2.2601162654119578,1.0706062489934265,1.2213243804406375,1.9155654966831208,0.44560416941540193,0.54663578569889071,0.29258339933119715
273,N2,273,A,13,-1,0.27830440340675044,0.14790551476180552,0.40729278447106476,0.36319088930643068,0.84298205783661706,0.065353758690464225,908.32222216524053,2.1724779894304462,0.20206937965548236,0.49664663800780567,0.37476178939206134,0.7451075719404131,2.4384048430655394,1.0981804631184786,1.0697191499173642,2.0440034091472628,0.39350130020748364,0.98055140385404227,0.29393741449341182
274,N2,274,B,13,-1,0.31412323521382124,0.076816604845225817,0.61597959911450739,0.45670575440392325,0.53094540823556502,0.061975005268952832,7.3333102279615918,1.9840014861382445,0.19650387657398061,0.59607958063689881,0.40909739979314058,0.76693317772504288,1.8739203596202221,1.0956625613290816,1.1001056239008904,1.7645247653126717,0.47898933088908108,0.22159531209617855,0.42196912752464416
275,N2,275,AB,13,0,0.31412323521382124,0.14790551476180552,0.40729278447106476,0.36319088930643068,0.84298205783661706,0.065353758690464225,908.32222216524053,2.1724779894304462,0.20206937965548236,0.49664663800780567,0.37476178939206134,0.7451075719404131,2.4384048430655394,1.0981804631184786,1.0697191499173642,2.0440034091472628,0.39350130020748364,0.98055140385404227,0.29393741449341182
276,N2,276,AB,13,1,0.27830440340675044,0.076816604845225817,0.40729278447106476,0.36319088930643068,0.84298205783661706,0.065353758690464225,908.32222216524053,2.1724779894304462,0.20206937965548236,0.49664663800780567,0.37476178939206134,0.7451075719404131,2.4384048430655394,1.0981804631184786,1.0697191499173642,2.0440034091472628,0.39350130020748364,0.98055140385404227,0.29393741449341182
277,N2,277,AB,13,2,0.27830440340675044,0.14790551476180552,0.61597959911450739,0.36319088930643068,0.84298205783661706,0.065353758690464225,908.32222216524053,2.1724779894304462,0.20206937965548236,0.49664663800780567,0.37476178939206134,0.7451075719404131,2.4384048430655394,1.0981804631184786,1.0697191499173642,2.0440034091472628,0.39350130020748364,0.98055140385404227,0.29393741449341182
278,N2,278,AB,13,3,0.27830440340675044,0.14790551476180552,0.40729278447106476,0.45670575440392325,0.84298205783661706,0.065353758690464225,908.32222216524053,2.1724779894304462,0.20206937965548236,0.49664663800780567,0.37476178939206134,0.7451075719404131,2.4384048430655394,1.0981804631184786,1.0697191499173642,2.0440034091472628,0.39350130020748364,0.98055140385404227,0.29393741449341182
279,N2,279,AB,13,4,0.27830440340675044,0.14790551476180552,0.40729278447106476,0.36319088930643068,0.53094540823556502,0.065353758690464225,908.32222216524053,2.1724779894304462,0.20206937965548236,0.49664663800780567,0.37476178939206134,0.7451075719404131,2.4384048430655394,1.0981804631184786,1.0697191499173642,2.0440034091472628,0.39350130020748364,0.98055140385404227,0.29393741449341182
280,N2,280,AB,13,5,0.27830440340675044,0.14790551476180552,0.40729278447106476,0.36319088930643068,0.84298205783661706,0.061975005268952832,908.32222216524053,2.1724779894304462,0.20206937965548236,0.49664663800780567,0.37476178939206134,0.7451075719404131,2.4384048430655394,1.0981804631184786,1.0697191499173642,2.0440034091472628,0.39350130020748364,0.98055140385404227,0.29393741449341182
281,N2,281,AB,13,6,0.27830440340675044,0.14790551476180552,0.40729278447106476,0.36319088930643068,0.84298205783661706,0.065353758690464225,7.3333102279615918,2.1724779894304462,0.20206937965548236,0.49664663800780567,0.37476178939206134,0.7451075719404131,2.4384048430655394,1.0981804631184786,1.0697191499173642,2.0440034091472628,0.39350130020748364,0.98055140385404227,0.29393741449341182
282,N2,282,AB,13,7,0.27830440340675044,0.14790551476180552,0.40729278447106476,0.36319088930643068,0.84298205783661706,0.065353758690464225,908.32222216524053,1.9840014861382445,0.20206937965548236,0.49664663800780567,0.37476178939206134,0.7451075719404131,2.4384048430655394,1.0981804631184786,1.0697191499173642,2.0440034091472628,0.39350130020748364,0.98055140385404227,0.29393741449341182
283,N2,283,AB,13,8,0.27830440340675044,0.14790551476180552,0.40729278447106476,0.36319088930643068,0.84298205783661706,0.065353758690464225,908.32222216524053,2.1724779894304462,0.19650387657398061,0.49664663800780567,0.37476178939206134,0.7451075719404131,2.4384048430655394,1.0981804631184786,1.0697191499173642,2.0440034091472628,0.39350130020748364,0.98055140385404227,0.29393741449341182
284,N2,284,AB,13,9,0.27830440340675044,0.14790551476180552,0.40729278447106476,0.36319088930643068,0.84298205783661706,0.065353758690464225,908.32222216524053,2.1724779894304462,0.20206937965548236,0.59607958063689881,0.37476178939206134,0.7451075719404131,2.4384048430655394,1.0981804631184786,1.0697191499173642,2.0440034091472628,0.39350130020748364,0.98055140385404227,0.29393741449341182
285,N2,285,AB,13,10,0.27830440340675044,0.14790551476180552,0.40729278447106476,0.36319088930643068,0.84298205783661706,0.065353758690464225,908.32222216524053,2.1724779894304462,0.20206937965548236,0.49664663800780567,0.40909739979314058,0.7451075719404131,2.4384048430655394,1.0981804631184786,1.0697191499173642,2.0440034091472628,0.39350130020748364,0.98055140385404227,0.29393741449341182
286,N2,286,AB,13,11,0.27830440340675044,0.14790551476180552,0.40729278447106476,0.36319088930643068,0.84298205783661706,0.065353758690464225,908.32222216524053,2.1724779894304462,0.20206937965548236,0.49664663800780567,0.37476178939206134,0.76693317772504288,2.4384048430655394,1.0981804631184786,1.0697191499173642,2.0440034091472628,0.39350130020748364,0.98055140385404227,0.29393741449341182
287,N2,287,AB,13,12,0.27830440340675044,0.14790551476180552,0.40729278447106476,0.36319088930643068,0.84298205783661706,0.065353758690464225,908.32222216524053,2.1724779894304462,0.20206937965548236,0.49664663800780567,0.37476178939206134,0.7451075719404131,1.8739203596202221,1.0981804631184786,1.0697191499173642,2.0440034091472628,0.39350130020748364,0.98055140385404227,0.29393741449341182
288,N2,288,AB,13,13,0.27830440340675044,0.14790551476180552,0.40729278447106476,0.36319088930643068,0.84298205783661706,0.065353758690464225,908.32222216524053,2.1724779894304462,0.20206937965548236,0.49664663800780567,0.37476178939206134,0.7451075719404131,2.4384048430655394,1.0956625613290816,1.0697191499173642,2.0440034091472628,0.39350130020748364,0.98055140385404227,0.29393741449341182
289,N2,289,AB,13,14,0.27830440340675044,0.14790551476180552,0.40729278447106476,0.36319088930643068,0.84298205783661706,0.065353758690464225,908.32222216524053,2.1724779894304462,0.20206937965548236,0.49664663800780567,0.37476178939206134,0.7451075719404131,2.4384048430655394,1.0981804631184786,1.1001056239008904,2.0440034091472628,0.39350130020748364,0.98055140385404227,0.29393741449341182
290,N2,290,AB,13,15,0.27830440340675044,0.14790551476180552,0.40729278447106476,0.36319088930643068,0.84298205783661706,0.065353758690464225,908.32222216524053,2.1724779894304462,0.20206937965548236,0.49664663800780567,0.37476178939206134,0.7451075719404131,2.4384048430655394,1.0981804631184786,1.0697191499173642,1.7645247653126717,0.39350130020748364,0.98055140385404227,0.29393741449341182
291,N2,291,AB,13,16,0.27830440340675044,0.14790551476180552,0.40729278447106476,0.36319088930643068,0.84298205783661706,0.065353758690464225,908.32222216524053,2.1724779894304462,0.20206937965548236,0.49664663800780567,0.37476178939206134,0.7451075719404131,2.4384048430655394,1.0981804631184786,1.0697191499173642,2.0440034091472628,0.47898933088908108,0.98055140385404227,0.29393741449341182
292,N2,292,AB,13,17,0.27830440340675044,0.14790551476180552,0.40729278447106476,0.36319088930643068,0.84298205783661706,0.065353758690464225,908.32222216524053,2.1724779894304462,0.20206937965548236,0.49664663800780567,0.37476178939206134,0.7451075719404131,2.4384048430655394,1.0981804631184786,1.0697191499173642,2.0440034091472628,0.39350130020748364,0.22159531209617855,0.29393741449341182
293,N2,293,AB,13,18,0.27830440340675044,0.14790551476180552,0.40729278447106476,0.36319088930643068,0.84298205783661706,0.065353758690464225,908.32222216524053,2.1724779894304462,0.20206937965548236,0.49664663800780567,0.37476178939206134,0.7451075719404131,2.4384048430655394,1.0981804631184786,1.0697191499173642,2.0440034091472628,0.39350130020748364,0.98055140385404227,0.42196912752464416
294,N2,294,A,14,-1,0.22611589502967333,0.22596463896334174,0.69139167973771687,0.50540095266655938,0.70552670202083345,0.068890941321946925,31.441715467975751,2.0544499854941143,0.16489729913687137,0.55276375956273915,0.32050994826080037,0.84828274139154303,1.8923250325612648,1.0474184706993401,1.1429139603395015,1.7692456088960171,0.36672095400307769,0.10231630206108094,0.34814661817625164
295,N2,295,B,14,-1,0.28669115168828591,0.23310611210763454,0.47915243245661254,0.3144272202747696,0.72533625654200062,0.067136469077732325,98.545490728116263,2.0860235485676704,0.14199565265112229,0.49604360012896481,0.34574860211823111,1.0209290362944923,2.3114832155919349,1.0634053226653486,1.1317503009457142,1.9189160138368606,0.41636092802625846,0.93631389401853082,0.33521455505862835
296,N2,296,AB,14,0,0.28669115168828591,0.22596463896334174,0.69139167973771687,0.50540095266655938,0.70552670202083345,0.068890941321946925,31.441715467975751,2.0544499854941143,0.16489729913687137,0.55276375956273915,0.32050994826080037,0.84828274139154303,1.8923250325612648,1.0474184706993401,1.1429139603395015,1.7692456088960171,0.36672095400307769,0.10231630206108094,0.34814661817625164
297,N2,297,AB,14,1,0.22611589502967333,0.23310611210763454,0.69139167973771687,0.50540095266655938,0.70552670202083345,0.068890941321946925,31.441715467975751,2.0544499854941143,0.16489729913687137,0.55276375956273915,0.32050994826080037,0.84828274139154303,1.8923250325612648,1.0474184706993401,1.1429139603395015,1.7692456088960171,0.36672095400307769,0.10231630206108094,0.34814661817625164
298,N2,298,AB,14,2,0.22611589502967333,0.22596463896334174,0.47915243245661254,0.50540095266655938,0.70552670202083345,0.068890941321946925,31.441715467975751,2.0544499854941143,0.16489729913687137,0.55276375956273915,0.32050994826080037,0.84828274139154303,1.8923250325612648,1.0474184706993401,1.1429139603395015,1.7692456088960171,0.36672095400307769,0.10231630206108094,0.34814661817625164
299,N2,299,AB,14,3,0.22611589502967333,0.22596463896334174,0.69139167973771687,0.3144272202747696,0.70552670202083345,0.068890941321946925,31.441715467975751,2.0544499854941143,0.16489729913687137,0.55276375956273915,0.32050994826080037,0.84828274139154303,1.8923250325612648,1.0474184706993401,1.1429139603395015,1.7692456088960171,0.36672095400307769,0.10231630206108094,0.34814661817625164
300,N2,300,AB,14,4,0.22611589502967333,0.22596463896334174,0.69139167973771687,0.50540095266655938,0.72533625654200062,0.068890941321946925,31.441715467975751,2.0544499854941143,0.16489729913687137,0.55276375956273915,0.32050994826080037,0.84828274139154303,1.8923250325612648,1.0474184706993401,1.1429139603395015,1.7692456088960171,0.36672095400307769,0.10231630206108094,0.34814661817625164
301,N2,301,AB,14,5,0.22611589502967333,0.22596463896334174,0.69139167973771687,0.50540095266655938,0.70552670202083345,0.067136469077732325,31.441715467975751,2.0544499854941143,0.16489729913687137,0.55276375956273915,0.32050994826080037,0.84828274139154303,1.8923250325612648,1.0474184706993401,1.1429139603395015,1.7692456088960171,0.36672095400307769,0.10231630206108094,0.34814661817625164
302,N2,302,AB,14,6,0.22611589502967333,0.22596463896334174,0.69139167973771687,0.50540095266655938,0.70552670202083345,0.068890941321946925,98.545490728116263,2.0544499854941143,0.16489729913687137,0.55276375956273915,0.32050994826080037,0.84828274139154303,1.8923250325612648,1.0474184706993401,1.1429139603395015,1.7692456088960171,0.36672095400307769,0.10231630206108094,0.34814661817625164
303,N2,303,AB,14,7,0.22611589502967333,0.22596463896334174,0.69139167973771687,0.50540095266655938,0.70552670202083345,0.068890941321946925,31.441715467975751,2.0860235485676704,0.16489729913687137,0.55276375956273915,0.32050994826080037,0.84828274139154303,1.8923250325612648,1.0474184706993401,1.1429139603395015,1.7692456088960171,0.36672095400307769,0.10231630206108094,0.34814661817625164
304,N2,304,AB,14,8,0.22611589502967333,0.22596463896334174,0.69139167973771687,0.50540095266655938,0.70552670202083345,0.068890941321946925,31.441715467975751,2.0544499854941143,0.14199565265112229,0.55276375956273915,0.32050994826080037,0.84828274139154303,1.8923250325612648,1.0474184706993401,1.1429139603395015,1.7692456088960171,0.36672095400307769,0.10231630206108094,0.34814661817625164
305,N2,305,AB,14,9,0.22611589502967333,0.22596463896334174,0.69139167973771687,0.50540095266655938,0.70552670202083345,0.068890941321946925,31.441715467975751,2.0544499854941143,0.16489729913687137,0.49604360012896481,0.32050994826080037,0.84828274139154303,1.8923250325612648,1.0474184706993401,1.1429139603395015,1.7692456088960171,0.36672095400307769,0.10231630206108094,0.34814661817625164
306,N2,306,AB,14,10,0.22611589502967333,0.22596463896334174,0.69139167973771687,0.50540095266655938,0.70552670202083345,0.068890941321946925,31.441715467975751,2.0544499854941143,0.16489729913687137,0.55276375956273915,0.34574860211823111,0.84828274139154303,1.8923250325612648,1.0474184706993401,1.1429139603395015,1.7692456088960171,0.36672095400307769,0.10231630206108094,0.34814661817625164
307,N2,307,AB,14,11,0.22611589502967333,0.22596463896334174,0.69139167973771687,0.50540095266655938,0.70552670202083345,0.068890941321946925,31.441715467975751,2.0544499854941143,0.16489729913687137,0.55276375956273915,0.32050994826080037,1.0209290362944923,1.8923250325612648,1.0474184706993401,1.1429139603395015,1.7692456088960171,0.36672095400307769,0.10231630206108094,0.34814661817625164
308,N2,308,AB,14,12,0.22611589502967333,0.22596463896334174,0.69139167973771687,0.50540095266655938,0.70552670202083345,0.068890941321946925,31.441715467975751,2.0544499854941143,0.16489729913687137,0.55276375956273915,0.32050994826080037,0.84828274139154303,2.3114832155919349,1.0474184706993401,1.1429139603395015,1.7692456088960171,0.36672095400307769,0.10231630206108094,0.34814661817625164
309,N2,309,AB,14,13,0.22611589502967333,0.22596463896334174,0.69139167973771687,0.50540095266655938,0.70552670202083345,0.068890941321946925,31.441715467975751,2.0544499854941143,0.16489729913687137,0.55276375956273915,0.32050994826080037,0.84828274139154303,1.8923250325612648,1.0634053226653486,1.1429139603395015,1.7692456088960171,0.36672095400307769,0.10231630206108094,0.34814661817625164
310,N2,310,AB,14,14,0.22611589502967333,0.22596463896334174,0.69139167973771687,0.50540095266655938,0.70552670202083345,0.068890941321946925,31.441715467975751,2.0544499854941143,0.16489729913687137,0.55276375956273915,0.32050994826080037,0.84828274139154303,1.8923250325612648,1.0474184706993401,1.1317503009457142,1.7692456088960171,0.36672095400307769,0.10231630206108094,0.34814661817625164
311,N2,311,AB,14,15,0.22611589502967333,0.22596463896334174,0.69139167973771687,0.50540095266655938,0.70552670202083345,0.068890941321946925,31.441715467975751,2.0544499854941143,0.16489729913687137,0.55276375956273915,0.32050994826080037,0.84828274139154303,1.8923250325612648,1.0474184706993401,1.1429139603395015,1.9189160138368606,0.36672095400307769,0.10231630206108094,0.34814661817625164
312,N2,312,AB,14,16,0.22611589502967333,0.22596463896334174,0.69139167973771687,0.50540095266655938,0.70552670202083345,0.068890941321946925,31.441715467975751,2.0544499854941143,0.16489729913687137,0.55276375956273915,0.32050994826080037,0.84828274139154303,1.8923250325612648,1.0474184706993401,1.1429139603395015,1.7692456088960171,0.41636092802625846,0.10231630206108094,0.34814661817625164
313,N2,313,AB,14,17,0.22611589502967333,0.22596463896334174,0.69139167973771687,0.50540095266655938,0.70552670202083345,0.068890941321946925,31.441715467975751,2.0544499854941143,0.16489729913687137,0.55276375956273915,0.32050994826080037,0.84828274139154303,1.8923250325612648,1.0474184706993401,1.1429139603395015,1.7692456088960171,0.36672095400307769,0.93631389401853082,0.34814661817625164
314,N2,314,AB,14,18,0.22611589502967333,0.22596463896334174,0.69139167973771687,0.50540095266655938,0.70552670202083345,0.068890941321946925,31.441715467975751,2.0544499854941143,0.16489729913687137,0.55276375956273915,0.32050994826080037,0.84828274139154303,1.8923250325612648,1.0474184706993401,1.1429139603395015,1.7692456088960171,0.36672095400307769,0.10231630206108094,0.33521455505862835
315,N2,315,A,15,-1,0.33898771490612922,0.062519275397062313,0.27069273153319956,0.32452057495430514,0.52278103963028311,0.063277128025077234,473.1344537515875,1.885062858382849,0.26459563041153661,0.64973940345808945,0.53562841973896758,1.0811904107687687,2.9805593097060923,1.1254605812858789,1.2731225832365454,2.2899351082742214,0.41315919975215681,0.57049499461427333,0.37368046323768794
316,N2,316,B,15,-1,0.31809881713254412,0.14192329291254283,0.217402614466846,0.50560955570585331,0.65512087501330651,0.063894199439986685,374.08355638885598,1.860234131447573,0.30530356830104294,0.66907287700052609,0.45245734269799454,0.8474231141308407,2.1520268378404133,1.1438384087942539,1.1761112559586764,2.2495362795889378,0.39185395633749254,0.33544585378840563,0.37024618624709549
317,N2,317,AB,15,0,0.31809881713254412,0.062519275397062313,0.27069273153319956,0.32452057495430514,0.52278103963028311,0.063277128025077234,473.1344537515875,1.885062858382849,0.26459563041153661,0.64973940345808945,0.53562841973896758,1.0811904107687687,2.9805593097060923,1.1254605812858789,1.2731225832365454,2.2899351082742214,0.41315919975215681,0.57049499461427333,0.37368046323768794
318,N2,318,AB,15,1,0.33898771490612922,0.14192329291254283,0.27069273153319956,0.32452057495430514,0.52278103963028311,0.063277128025077234,473.1344537515875,1.885062858382849,0.26459563041153661,0.64973940345808945,0.53562841973896758,1.0811904107687687,2.9805593097060923,1.1254605812858789,1.2731225832365454,2.2899351082742214,0.41315919975215681,0.57049499461427333,0.37368046323768794
319,N2,319,AB,15,2,0.33898771490612922,0.062519275397062313,0.217402614466846,0.32452057495430514,0.52278103963028311,0.063277128025077234,473.1344537515875,1.885062858382849,0.26459563041153661,0.64973940345808945,0.53562841973896758,1.0811904107687687,2.9805593097060923,1.1254605812858789,1.2731225832365454,2.2899351082742214,0.41315919975215681,0.57049499461427333,0.37368046323768794
320,N2,320,AB,15,3,0.33898771490612922,0.062519275397062313,0.27069273153319956,0.50560955570585331,0.52278103963028311,0.063277128025077234,473.1344537515875,1.885062858382849,0.26459563041153661,0.64973940345808945,0.53562841973896758,1.0811904107687687,2.9805593097060923,1.1254605812858789,1.2731225832365454,2.2899351082742214,0.41315919975215681,0.57049499461427333,0.37368046323768794
321,N2,321,AB,15,4,0.33898771490612922,0.062519275397062313,0.27069273153319956,0.32452057495430514,0.65512087501330651,0.063277128025077234,473.1344537515875,1.885062858382849,0.26459563041153661,0.64973940345808945,0.53562841973896758,1.0811904107687687,2.9805593097060923,1.1254605812858789,1.2731225832365454,2.2899351082742214,0.41315919975215681,0.57049499461427333,0.37368046323768794
322,N2,322,AB,15,5,0.33898771490612922,0.062519275397062313,0.27069273153319956,0.32452057495430514,0.52278103963028311,0.063894199439986685,473.1344537515875,1.885062858382849,0.26459563041153661,0.64973940345808945,0.53562841973896758,1.0811904107687687,2.9805593097060923,1.1254605812858789,1.2731225832365454,2.2899351082742214,0.41315919975215681,0.57049499461427333,0.37368046323768794
323,N2,323,AB,15,6,0.33898771490612922,0.062519275397062313,0.27069273153319956,0.32452057495430514,0.52278103963028311,0.063277128025077234,374.08355638885598,1.885062858382849,0.26459563041153661,0.64973940345808945,0.53562841973896758,1.0811904107687687,2.9805593097060923,1.1254605812858789,1.2731225832365454,2.2899351082742214,0.41315919975215681,0.57049499461427333,0.37368046323768794
324,N2,324,AB,15,7,0.33898771490612922,0.062519275397062313,0.27069273153319956,0.32452057495430514,0.52278103963028311,0.063277128025077234,473.1344537515875,1.860234131447573,0.26459563041153661,0.64973940345808945,0.53562841973896758,1.0811904107687687,2.9805593097060923,1.1254605812858789,1.2731225832365454,2.2899351082742214,0.41315919975215681,0.57049499461427333,0.37368046323768794
325,N2,325,AB,15,8,0.33898771490612922,0.062519275397062313,0.27069273153319956,0.32452057495430514,0.52278103963028311,0.063277128025077234,473.1344537515875,1.885062858382849,0.30530356830104294,0.64973940345808945,0.53562841973896758,1.0811904107687687,2.9805593097060923,1.1254605812858789,1.2731225832365454,2.2899351082742214,0.41315919975215681,0.57049499461427333,0.37368046323768794
326,N2,326,AB,15,9,0.33898771490612922,0.062519275397062313,0.27069273153319956,0.32452057495430514,0.52278103963028311,0.063277128025077234,473.1344537515875,1.885062858382849,0.26459563041153661,0.66907287700052609,0.53562841973896758,1.0811904107687687,2.9805593097060923,1.1254605812858789,1.2731225832365454,2.2899351082742214,0.41315919975215681,0.57049499461427333,0.37368046323768794
327,N2,327,AB,15,10,0.33898771490612922,0.062519275397062313,0.27069273153319956,0.32452057495430514,0.52278103963028311,0.063277128025077234,473.1344537515875,1.885062858382849,0.26459563041153661,0.64973940345808945,0.45245734269799454,1.0811904107687687,2.9805593097060923,1.1254605812858789,1.2731225832365454,2.2899351082742214,0.41315919975215681,0.57049499461427333,0.37368046323768794
328,N2,328,AB,15,11,0.33898771490612922,0.062519275397062313,0.27069273153319956,0.32452057495430514,0.52278103963028311,0.063277128025077234,473.1344537515875,1.885062858382849,0.26459563041153661,0.64973940345808945,0.53562841973896758,0.8474231141308407,2.9805593097060923,1.1254605812858789,1.2731225832365454,2.2899351082742214,0.41315919975215681,0.57049499461427333,0.37368046323768794
329,N2,329,AB,15,12,0.33898771490612922,0.062519275397062313,0.27069273153319956,0.32452057495430514,0.52278103963028311,0.063277128025077234,473.1344537515875,1.885062858382849,0.26459563041153661,0.64973940345808945,0.53562841973896758,1.0811904107687687,2.1520268378404133,1.1254605812858789,1.2731225832365454,2.2899351082742214,0.41315919975215681,0.57049499461427333,0.37368046323768794
330,N2,330,AB,15,13,0.33898771490612922,0.062519275397062313,0.27069273153319956,0.32452057495430514,0.52278103963028311,0.063277128025077234,473.1344537515875,1.885062858382849,0.26459563041153661,0.64973940345808945,0.53562841973896758,1.0811904107687687,2.9805593097060923,1.1438384087942539,1.2731225832365454,2.2899351082742214,0.41315919975215681,0.57049499461427333,0.37368046323768794
331,N2,331,AB,15,14,0.33898771490612922,0.062519275397062313,0.27069273153319956,0.32452057495430514,0.52278103963028311,0.063277128025077234,473.1344537515875,1.885062858382849,0.26459563041153661,0.64973940345808945,0.53562841973896758,1.0811904107687687,2.9805593097060923,1.1254605812858789,1.1761112559586764,2.2899351082742214,0.41315919975215681,0.57049499461427333,0.37368046323768794
332,N2,332,AB,15,15,0.33898771490612922,0.062519275397062313,0.27069273153319956,0.32452057495430514,0.52278103963028311,0.063277128025077234,473.1344537515875,1.885062858382849,0.26459563041153661,0.64973940345808945,0.53562841973896758,1.0811904107687687,2.9805593097060923,1.1254605812858789,1.2731225832365454,2.2495362795889378,0.41315919975215681,0.57049499461427333,0.37368046323768794
333,N2,333,AB,15,16,0.33898771490612922,0.062519275397062313,0.27069273153319956,0.32452057495430514,0.52278103963028311,0.063277128025077234,473.1344537515875,1.885062858382849,0.26459563041153661,0.64973940345808945,0.53562841973896758,1.0811904107687687,2.9805593097060923,1.1254605812858789,1.2731225832365454,2.2899351082742214,0.39185395633749254,0.57049499461427333,0.37368046323768794
334,N2,334,AB,15,17,0.33898771490612922,0.062519275397062313,0.27069273153319956,0.32452057495430514,0.52278103963028311,0.063277128025077234,473.1344537515875,1.885062858382849,0.26459563041153661,0.64973940345808945,0.53562841973896758,1.0811904107687687,2.9805593097060923,1.1254605812858789,1.2731225832365454,2.2899351082742214,0.41315919975215681,0.33544585378840563,0.37368046323768794
335,N2,335,AB,15,18,0.33898771490612922,0.062519275397062313,0.27069273153319956,0.32452057495430514,0.52278103963028311,0.063277128025077234,473.1344537515875,1.885062858382849,0.26459563041153661,0.64973940345808945,0.53562841973896758,1.0811904107687687,2.9805593097060923,1.1254605812858789,1.2731225832365454,2.2899351082742214,0.41315919975215681,0.57049499461427333,0.37024618624709549
336,N5,0,A,0,-1,0.34799080811083904,0.18713280558586121,0.64467932032421227,0.35411620526831172,0.73135543854903351,0.064716537942105995,15.284174588861873,1.9560822642873179,0.2377471042755179,0.52814243499447888,0.57056686053753936,1.0299250986568504,2.4953727913211896,1.0395837537385524,1.1097437114920468,1.9539916411042213,0.39035052529737085,0.4022856432944536,0.42489716085605322
337,N5,1,B,0,-1,0.2836853082266122,0.17812248878180981,0.58705095881596203,0.30794352450536405,0.80158548704308163,0.061240554464244153,28.389366064789733,1.8210485018053706,0.18919178289647648,0.58121206774964485,0.35160662880227389,0.96219175999636986,2.2130478559052866,1.1199969954509288,1.2897354908753187,2.1689799912273884,0.42733280871924068,0.29481534427031875,0.27167307575233279
338,N5,2,AB,0,0,0.2836853082266122,0.18713280558586121,0.64467932032421227,0.35411620526831172,0.73135543854903351,0.064716537942105995,15.284174588861873,1.9560822642873179,0.2377471042755179,0.52814243499447888,0.57056686053753936,1.0299250986568504,2.4953727913211896,1.0395837537385524,1.1097437114920468,1.9539916411042213,0.39035052529737085,0.4022856432944536,0.42489716085605322
339,N5,3,AB,0,1,0.34799080811083904,0.17812248878180981,0.64467932032421227,0.35411620526831172,0.73135543854903351,0.064716537942105995,15.284174588861873,1.9560822642873179,0.2377471042755179,0.52814243499447888,0.57056686053753936,1.0299250986568504,2.4953727913211896,1.0395837537385524,1.1097437114920468,1.9539916411042213,0.39035052529737085,0.4022856432944536,0.42489716085605322
340,N5,4,AB,0,2,0.34799080811083904,0.18713280558586121,0.58705095881596203,0.35411620526831172,0.73135543854903351,0.064716537942105995,15.284174588861873,1.9560822642873179,0.2377471042755179,0.52814243499447888,0.57056686053753936,1.0299250986568504,2.4953727913211896,1.0395837537385524,1.1097437114920468,1.9539916411042213,0.39035052529737085,0.4022856432944536,0.42489716085605322
341,N5,5,AB,0,3,0.34799080811083904,0.18713280558586121,0.64467932032421227,0.30794352450536405,0.73135543854903351,0.064716537942105995,15.284174588861873,1.9560822642873179,0.2377471042755179,0.52814243499447888,0.57056686053753936,1.0299250986568504,2.4953727913211896,1.0395837537385524,1.1097437114920468,1.9539916411042213,0.39035052529737085,0.4022856432944536,0.42489716085605322
342,N5,6,AB,0,4,0.34799080811083904,0.18713280558586121,0.64467932032421227,0.35411620526831172,0.80158548704308163,0.064716537942105995,15.284174588861873,1.9560822642873179,0.2377471042755179,0.52814243499447888,0.57056686053753936,1.0299250986568504,2.4953727913211896,1.0395837537385524,1.1097437114920468,1.9539916411042213,0.39035052529737085,0.4022856432944536,0.42489716085605322
343,N5,7,AB,0,5,0.34799080811083904,0.18713280558586121,0.64467932032421227,0.35411620526831172,0.73135543854903351,0.061240554464244153,15.284174588861873,1.9560822642873179,0.2377471042755179,0.52814243499447888,0.57056686053753936,1.0299250986568504,2.4953727913211896,1.0395837537385524,1.1097437114920468,1.9539916411042213,0.39035052529737085,0.4022856432944536,0.42489716085605322
344,N5,8,AB,0,6,0.34799080811083904,0.18713280558586121,0.64467932032421227,0.35411620526831172,0.73135543854903351,0.064716537942105995,28.389366064789733,1.9560822642873179,0.2377471042755179,0.52814243499447888,0.57056686053753936,1.0299250986568504,2.4953727913211896,1.0395837537385524,1.1097437114920468,1.9539916411042213,0.39035052529737085,0.4022856432944536,0.42489716085605322
345,N5,9,AB,0,7,0.34799080811083904,0.18713280558586121,0.64467932032421227,0.35411620526831172,0.73135543854903351,0.064716537942105995,15.284174588861873,1.8210485018053706,0.2377471042755179,0.52814243499447888,0.57056686053753936,1.0299250986568504,2.4953727913211896,1.0395837537385524,1.1097437114920468,1.9539916411042213,0.39035052529737085,0.4022856432944536,0.42489716085605322
346,N5,10,AB,0,8,0.34799080811083904,0.18713280558586121,0.64467932032421227,0.35411620526831172,0.73135543854903351,0.064716537942105995,15.284174588861873,1.9560822642873179,0.18919178289647648,0.52814243499447888,0.57056686053753936,1.0299250986568504,2.4953727913211896,1.0395837537385524,1.1097437114920468,1.9539916411042213,0.39035052529737085,0.4022856432944536,0.42489716085605322
347,N5,11,AB,0,9,0.34799080811083904,0.18713280558586121,0.64467932032421227,0.35411620526831172,0.73135543854903351,0.064716537942105995,15.284174588861873,1.9560822642873179,0.2377471042755179,0.58121206774964485,0.57056686053753936,1.0299250986568504,2.4953727913211896,1.0395837537385524,1.1097437114920468,1.9539916411042213,0.39035052529737085,0.4022856432944536,0.42489716085605322
348,N5,12,AB,0,10,0.34799080811083904,0.18713280558586121,0.64467932032421227,0.35411620526831172,0.73135543854903351,0.064716537942105995,15.284174588861873,1.9560822642873179,0.2377471042755179,0.52814243499447888,0.35160662880227389,1.0299250986568504,2.4953727913211896,1.0395837537385524,1.1097437114920468,1.9539916411042213,0.39035052529737085,0.4022856432944536,0.42489716085605322
349,N5,13,AB,0,11,0.34799080811083904,0.18713280558586121,0.64467932032421227,0.35411620526831172,0.73135543854903351,0.064716537942105995,15.284174588861873,1.9560822642873179,0.2377471042755179,0.52814243499447888,0.57056686053753936,0.96219175999636986,2.4953727913211896,1.0395837537385524,1.1097437114920468,1.9539916411042213,0.39035052529737085,0.4022856432944536,0.42489716085605322
350,N5,14,AB,0,12,0.34799080811083904,0.18713280558586121,0.64467932032421227,0.35411620526831172,0.73135543854903351,0.064716537942105995,15.284174588861873,1.9560822642873179,0.2377471042755179,0.52814243499447888,0.57056686053753936,1.0299250986568504,2.2130478559052866,1.0395837537385524,1.1097437114920468,1.9539916411042213,0.39035052529737085,0.4022856432944536,0.42489716085605322
351,N5,15,AB,0,13,0.34799080811083904,0.18713280558586121,0.64467932032421227,0.35411620526831172,0.73135543854903351,0.064716537942105995,15.284174588861873,1.9560822642873179,0.2377471042755179,0.52814243499447888,0.57056686053753936,1.0299250986568504,2.4953727913211896,1.1199969954509288,1.1097437114920468,1.9539916411042213,0.39035052529737085,0.4022856432944536,0.42489716085605322
352,N5,16,AB,0,14,0.34799080811083904,0.18713280558586121,0.64467932032421227,0.35411620526831172,0.73135543854903351,0.064716537942105995,15.284174588861873,1.9560822642873179,0.2377471042755179,0.52814243499447888,0.57056686053753936,1.0299250986568504,2.4953727913211896,1.0395837537385524,1.2897354908753187,1.9539916411042213,0.39035052529737085,0.4022856432944536,0.42489716085605322
353,N5,17,AB,0,15,0.34799080811083904,0.18713280558586121,0.64467932032421227,0.35411620526831172,0.73135543854903351,0.064716537942105995,15.284174588861873,1.9560822642873179,0.2377471042755179,0.52814243499447888,0.57056686053753936,1.0299250986568504,2.4953727913211896,1.0395837537385524,1.1097437114920468,2.1689799912273884,0.39035052529737085,0.4022856432944536,0.42489716085605322
354,N5,18,AB,0,16,0.34799080811083904,0.18713280558586121,0.64467932032421227,0.35411620526831172,0.73135543854903351,0.064716537942105995,15.284174588861873,1.9560822642873179,0.2377471042755179,0.52814243499447888,0.57056686053753936,1.0299250986568504,2.4953727913211896,1.0395837537385524,1.1097437114920468,1.9539916411042213,0.42733280871924068,0.4022856432944536,0.42489716085605322
355,N5,19,AB,0,17,0.34799080811083904,0.18713280558586121,0.64467932032421227,0.35411620526831172,0.73135543854903351,0.064716537942105995,15.284174588861873,1.9560822642873179,0.2377471042755179,0.52814243499447888,0.57056686053753936,1.0299250986568504,2.4953727913211896,1.0395837537385524,1.1097437114920468,1.9539916411042213,0.39035052529737085,0.29481534427031875,0.42489716085605322
356,N5,20,AB,0,18,0.34799080811083904,0.18713280558586121,0.64467932032421227,0.35411620526831172,0.73135543854903351,0.064716537942105995,15.284174588861873,1.9560822642873179,0.2377471042755179,0.52814243499447888,0.57056686053753936,1.0299250986568504,2.4953727913211896,1.0395837537385524,1.1097437114920468,1.9539916411042213,0.39035052529737085,0.4022856432944536,0.27167307575233279
357,N5,21,A,1,-1,0.24871922678490935,0.12401708029210567,0.31727442638948561,0.40180861951964941,0.59352511293786137,0.073504445612117275,1016.1241310866882,2.2179468666938713,0.2128996045588703,0.71570901078164628,0.31368786867246468,0.8749876138717958,2.2131532812533066,1.1321071350853888,1.1813004167750478,2.086439348757267,0.43945545381703549,0.83310446338728072,0.29693010741844772
358,N5,22,B,1,-1,0.34494972360116055,0.097041178680956366,0.32535395054146643,0.46856926533427279,0.54550628033081106,0.073292885433925439,229.41255000139353,2.0141238975488056,0.25301823069428453,0.57213453548982007,0.45959298985334174,0.80046854005560297,2.4853339412575437,1.0699215290881694,1.0889716401696206,1.6992834925651552,0.38481035825654053,0.6359150758013129,0.44881692279130225
359,N5,23,AB,1,0,0.34494972360116055,0.12401708029210567,0.31727442638948561,0.40180861951964941,0.59352511293786137,0.073504445612117275,1016.1241310866882,2.2179468666938713,0.2128996045588703,0.71570901078164628,0.31368786867246468,0.8749876138717958,2.2131532812533066,1.1321071350853888,1.1813004167750478,2.086439348757267,0.43945545381703549,0.83310446338728072,0.29693010741844772
360,N5,24,AB,1,1,0.24871922678490935,0.097041178680956366,0.31727442638948561,0.40180861951964941,0.59352511293786137,0.073504445612117275,1016.1241310866882,2.2179468666938713,0.2128996045588703,0.71570901078164628,0.31368786867246468,0.8749876138717958,2.2131532812533066,1.1321071350853888,1.1813004167750478,2.086439348757267,0.43945545381703549,0.83310446338728072,0.29693010741844772
361,N5,25,AB,1,2,0.24871922678490935,0.12401708029210567,0.32535395054146643,0.40180861951964941,0.59352511293786137,0.073504445612117275,1016.1241310866882,2.2179468666938713,0.2128996045588703,0.71570901078164628,0.31368786867246468,0.8749876138717958,2.2131532812533066,1.1321071350853888,1.1813004167750478,2.086439348757267,0.43945545381703549,0.83310446338728072,0.29693010741844772
362,N5,26,AB,1,3,0.24871922678490935,0.12401708029210567,0.31727442638948561,0.46856926533427279,0.59352511293786137,0.073504445612117275,1016.1241310866882,2.2179468666938713,0.2128996045588703,0.71570901078164628,0.31368786867246468,0.8749876138717958,2.2131532812533066,1.1321071350853888,1.1813004167750478,2.086439348757267,0.43945545381703549,0.83310446338728072,0.29693010741844772
363,N5,27,AB,1,4,0.24871922678490935,0.12401708029210567,0.31727442638948561,0.40180861951964941,0.54550628033081106,0.073504445612117275,1016.1241310866882,2.2179468666938713,0.2128996045588703,0.71570901078164628,0.31368786867246468,0.8749876138717958,2.2131532812533066,1.1321071350853888,1.1813004167750478,2.086439348757267,0.43945545381703549,0.83310446338728072,0.29693010741844772
364,N5,28,AB,1,5,0.24871922678490935,0.12401708029210567,0.31727442638948561,0.40180861951964941,0.59352511293786137,0.073292885433925439,1016.1241310866882,2.2179468666938713,0.2128996045588703,0.71570901078164628,0.31368786867246468,0.8749876138717958,2.2131532812533066,1.1321071350853888,1.1813004167750478,2.086439348757267,0.43945545381703549,0.83310446338728072,0.29693010741844772
365,N5,29,AB,1,6,0.24871922678490935,0.12401708029210567,0.31727442638948561,0.40180861951964941,0.59352511293786137,0.073504445612117275,229.41255000139353,2.2179468666938713,0.2128996045588703,0.71570901078164628,0.31368786867246468,0.8749876138717958,2.2131532812533066,1.1321071350853888,1.1813004167750478,2.086439348757267,0.43945545381703549,0.83310446338728072,0.29693010741844772
366,N5,30,AB,1,7,0.24871922678490935,0.12401708029210567,0.31727442638948561,0.40180861951964941,0.59352511293786137,0.073504445612117275,1016.1241310866882,2.0141238975488056,0.2128996045588703,0.71570901078164628,0.31368786867246468,0.8749876138717958,2.2131532812533066,1.1321071350853888,1.1813004167750478,2.086439348757267,0.43945545381703549,0.83310446338728072,0.29693010741844772
367,N5,31,AB,1,8,0.24871922678490935,0.12401708029210567,0.31727442638948561,0.40180861951964941,0.59352511293786137,0.073504445612117275,1016.1241310866882,2.2179468666938713,0.25301823069428453,0.71570901078164628,0.31368786867246468,0.8749876138717958,2.2131532812533066,1.1321071350853888,1.1813004167750478,2.086439348757267,0.43945545381703549,0.83310446338728072,0.29693010741844772
368,N5,32,AB,1,9,0.24871922678490935,0.12401708029210567,0.31727442638948561,0.40180861951964941,0.59352511293786137,0.073504445612117275,1016.1241310866882,2.2179468666938713,0.2128996045588703,0.57213453548982007,0.31368786867246468,0.8749876138717958,2.2131532812533066,1.1321071350853888,1.1813004167750478,2.086439348757267,0.43945545381703549,0.83310446338728072,0.29693010741844772
369,N5,33,AB,1,10,0.24871922678490935,0.12401708029210567,0.31727442638948561,0.40180861951964941,0.59352511293786137,0.073504445612117275,1016.1241310866882,2.2179468666938713,0.2128996045588703,0.71570901078164628,0.45959298985334174,0.8749876138717958,2.2131532812533066,1.1321071350853888,1.1813004167750478,2.086439348757267,0.43945545381703549,0.83310446338728072,0.29693010741844772
370,N5,34,AB,1,11,0.24871922678490935,0.12401708029210567,0.31727442638948561,0.40180861951964941,0.59352511293786137,0.073504445612117275,1016.1241310866882,2.2179468666938713,0.2128996045588703,0.71570901078164628,0.31368786867246468,0.80046854005560297,2.2131532812533066,1.1321071350853888,1.1813004167750478,2.086439348757267,0.43945545381703549,0.83310446338728072,0.29693010741844772
371,N5,35,AB,1,12,0.24871922678490935,0.12401708029210567,0.31727442638948561,0.40180861951964941,0.59352511293786137,0.073504445612117275,1016.1241310866882,2.2179468666938713,0.2128996045588703,0.71570901078164628,0.31368786867246468,0.8749876138717958,2.4853339412575437,1.1321071350853888,1.1813004167750478,2.086439348757267,0.43945545381703549,0.83310446338728072,0.29693010741844772
372,N5,36,AB,1,13,0.24871922678490935,0.12401708029210567,0.31727442638948561,0.40180861951964941,0.59352511293786137,0.073504445612117275,1016.1241310866882,2.2179468666938713,0.2128996045588703,0.71570901078164628,0.31368786867246468,0.8749876138717958,2.2131532812533066,1.0699215290881694,1.1813004167750478,2.086439348757267,0.43945545381703549,0.83310446338728072,0.29693010741844772
373,N5,37,AB,1,14,0.24871922678490935,0.12401708029210567,0.31727442638948561,0.40180861951964941,0.59352511293786137,0.073504445612117275,1016.1241310866882,2.2179468666938713,0.2128996045588703,0.71570901078164628,0.31368786867246468,0.8749876138717958,2.2131532812533066,1.1321071350853888,1.0889716401696206,2.086439348757267,0.43945545381703549,0.83310446338728072,0.29693010741844772
374,N5,38,AB,1,15,0.24871922678490935,0.12401708029210567,0.31727442638948561,0.40180861951964941,0.59352511293786137,0.073504445612117275,1016.1241310866882,2.2179468666938713,0.2128996045588703,0.71570901078164628,0.31368786867246468,0.8749876138717958,2.2131532812533066,1.1321071350853888,1.1813004167750478,1.6992834925651552,0.43945545381703549,0.83310446338728072,0.29693010741844772
375,N5,39,AB,1,16,0.24871922678490935,0.12401708029210567,0.31727442638948561,0.40180861951964941,0.59352511293786137,0.073504445612117275,1016.1241310866882,2.2179468666938713,0.2128996045588703,0.71570901078164628,0.31368786867246468,0.8749876138717958,2.2131532812533066,1.1321071350853888,1.1813004167750478,2.086439348757267,0.38481035825654053,0.83310446338728072,0.29693010741844772
376,N5,40,AB,1,17,0.24871922678490935,0.12401708029210567,0.31727442638948561,0.40180861951964941,0.59352511293786137,0.073504445612117275,1016.1241310866882,2.2179468666938713,0.2128996045588703,0.71570901078164628,0.31368786867246468,0.8749876138717958,2.2131532812533066,1.1321071350853888,1.1813004167750478,2.086439348757267,0.43945545381703549,0.6359150758013129,0.29693010741844772
377,N5,41,AB,1,18,0.24871922678490935,0.12401708029210567,0.31727442638948561,0.40180861951964941,0.59352511293786137,0.073504445612117275,1016.1241310866882,2.2179468666938713,0.2128996045588703,0.71570901078164628,0.31368786867246468,0.8749876138717958,2.2131532812533066,1.1321071350853888,1.1813004167750478,2.086439348757267,0.43945545381703549,0.83310446338728072,0.44881692279130225
378,N5,42,A,2,-1,0.28356663123091613,0.20219822712242602,0.53934461558237667,0.30912273257542228,0.62146343172255536,0.06711937730111614,28.296246275226022,2.0711993584256958,0.17611536569972619,0.61054986461514504,0.37137165249593512,0.71687553183150987,2.6961435635879569,1.077273842189461,1.2505845645908267,1.7111972458660603,0.41985146423550246,0.24887039549648762,0.33922802476212383
379,N5,43,B,2,-1,0.26146125655650787,0.24064028486609462,0.25121001228690149,0.38386469702779974,0.75607755722470149,0.064428391058636431,3128.7625851935313,1.9121345314542371,0.32027062276721424,0.64829777809979627,0.5262729837118939,1.0511898766525145,1.9573571870971351,1.1031706151925027,1.1193991903681308,1.841956053674221,0.36530153694171996,0.40592702031135564,0.30827693577855825
380,N5,44,AB,2,0,0.26146125655650787,0.20219822712242602,0.53934461558237667,0.30912273257542228,0.62146343172255536,0.06711937730111614,28.296246275226022,2.0711993584256958,0.17611536569972619,0.61054986461514504,0.37137165249593512,0.71687553183150987,2.6961435635879569,1.077273842189461,1.2505845645908267,1.7111972458660603,0.41985146423550246,0.24887039549648762,0.33922802476212383
381,N5,45,AB,2,1,0.28356663123091613,0.24064028486609462,0.53934461558237667,0.30912273257542228,0.62146343172255536,0.06711937730111614,28.296246275226022,2.0711993584256958,0.17611536569972619,0.61054986461514504,0.37137165249593512,0.71687553183150987,2.6961435635879569,1.077273842189461,1.2505845645908267,1.7111972458660603,0.41985146423550246,0.24887039549648762,0.33922802476212383
382,N5,46,AB,2,2,0.28356663123091613,0.20219822712242602,0.25121001228690149,0.30912273257542228,0.62146343172255536,0.06711937730111614,28.296246275226022,2.0711993584256958,0.17611536569972619,0.61054986461514504,0.37137165249593512,0.71687553183150987,2.6961435635879569,1.077273842189461,1.2505845645908267,1.7111972458660603,0.41985146423550246,0.24887039549648762,0.33922802476212383
383,N5,47,AB,2,3,0.28356663123091613,0.20219822712242602,0.53934461558237667,0.38386469702779974,0.62146343172255536,0.06711937730111614,28.296246275226022,2.0711993584256958,0.17611536569972619,0.61054986461514504,0.37137165249593512,0.71687553183150987,2.6961435635879569,1.077273842189461,1.2505845645908267,1.7111972458660603,0.41985146423550246,0.24887039549648762,0.33922802476212383
384,N5,48,AB,2,4,0.28356663123091613,0.20219822712242602,0.53934461558237667,0.30912273257542228,0.75607755722470149,0.06711937730111614,28.296246275226022,2.0711993584256958,0.17611536569972619,0.61054986461514504,0.37137165249593512,0.71687553183150987,2.6961435635879569,1.077273842189461,1.2505845645908267,1.7111972458660603,0.41985146423550246,0.24887039549648762,0.33922802476212383
385,N5,49,AB,2,5,0.28356663123091613,0.20219822712242602,0.53934461558237667,0.30912273257542228,0.62146343172255536,0.064428391058636431,28.296246275226022,2.0711993584256958,0.17611536569972619,0.61054986461514504,0.37137165249593512,0.71687553183150987,2.6961435635879569,1.077273842189461,1.2505845645908267,1.7111972458660603,0.41985146423550246,0.24887039549648762,0.33922802476212383
386,N5,50,AB,2,6,0.28356663123091613,0.20219822712242602,0.53934461558237667,0.30912273257542228,0.62146343172255536,0.06711937730111614,3128.7625851935313,2.0711993584256958,0.17611536569972619,0.61054986461514504,0.37137165249593512,0.71687553183150987,2.6961435635879569,1.077273842189461,1.2505845645908267,1.7111972458660603,0.41985146423550246,0.24887039549648762,0.33922802476212383
387,N5,51,AB,2,7,0.28356663123091613,0.20219822712242602,0.53934461558237667,0.30912273257542228,0.62146343172255536,0.06711937730111614,28.296246275226022,1.9121345314542371,0.17611536569972619,0.61054986461514504,0.37137165249593512,0.71687553183150987,2.6961435635879569,1.077273842189461,1.2505845645908267,1.7111972458660603,0.41985146423550246,0.24887039549648762,0.33922802476212383
388,N5,52,AB,2,8,0.28356663123091613,0.20219822712242602,0.53934461558237667,0.30912273257542228,0.62146343172255536,0.06711937730111614,28.296246275226022,2.0711993584256958,0.32027062276721424,0.61054986461514504,0.37137165249593512,0.71687553183150987,2.6961435635879569,1.077273842189461,1.2505845645908267,1.7111972458660603,0.41985146423550246,0.24887039549648762,0.33922802476212383
389,N5,53,AB,2,9,0.28356663123091613,0.20219822712242602,0.53934461558237667,0.30912273257542228,0.62146343172255536,0.06711937730111614,28.296246275226022,2.0711993584256958,0.17611536569972619,0.64829777809979627,0.37137165249593512,0.71687553183150987,2.6961435635879569,1.077273842189461,1.2505845645908267,1.7111972458660603,0.41985146423550246,0.24887039549648762,0.33922802476212383
390,N5,54,AB,2,10,0.28356663123091613,0.20219822712242602,0.53934461558237667,0.30912273257542228,0.62146343172255536,0.06711937730111614,28.296246275226022,2.0711993584256958,0.17611536569972619,0.61054986461514504,0.5262729837118939,0.71687553183150987,2.6961435635879569,1.077273842189461,1.2505845645908267,1.7111972458660603,0.41985146423550246,0.24887039549648762,0.33922802476212383
391,N5,55,AB,2,11,0.28356663123091613,0.20219822712242602,0.53934461558237667,0.30912273257542228,0.62146343172255536,0.06711937730111614,28.296246275226022,2.0711993584256958,0.17611536569972619,0.61054986461514504,0.37137165249593512,1.0511898766525145,2.6961435635879569,1.077273842189461,1.2505845645908267,1.7111972458660603,0.41985146423550246,0.24887039549648762,0.33922802476212383
392,N5,56,AB,2,12,0.28356663123091613,0.20219822712242602,0.53934461558237667,0.30912273257542228,0.62146343172255536,0.06711937730111614,28.296246275226022,2.0711993584256958,0.17611536569972619,0.61054986461514504,0.37137165249593512,0.71687553183150987,1.9573571870971351,1.077273842189461,1.2505845645908267,1.7111972458660603,0.41985146423550246,0.24887039549648762,0.33922802476212383
393,N5,57,AB,2,13,0.28356663123091613,0.20219822712242602,0.53934461558237667,0.30912273257542228,0.62146343172255536,0.06711937730111614,28.296246275226022,2.0711993584256958,0.17611536569972619,0.61054986461514504,0.37137165249593512,0.71687553183150987,2.6961435635879569,1.1031706151925027,1.2505845645908267,1.7111972458660603,0.41985146423550246,0.24887039549648762,0.33922802476212383
394,N5,58,AB,2,14,0.28356663123091613,0.20219822712242602,0.53934461558237667,0.30912273257542228,0.62146343172255536,0.06711937730111614,28.296246275226022,2.0711993584256958,0.17611536569972619,0.61054986461514504,0.37137165249593512,0.71687553183150987,2.6961435635879569,1.077273842189461,1.1193991903681308,1.7111972458660603,0.41985146423550246,0.24887039549648762,0.33922802476212383
395,N5,59,AB,2,15,0.28356663123091613,0.20219822712242602,0.53934461558237667,0.30912273257542228,0.62146343172255536,0.06711937730111614,28.296246275226022,2.0711993584256958,0.17611536569972619,0.61054986461514504,0.37137165249593512,0.71687553183150987,2.6961435635879569,1.077273842189461,1.2505845645908267,1.841956053674221,0.41985146423550246,0.24887039549648762,0.33922802476212383
396,N5,60,AB,2,16,0.28356663123091613,0.20219822712242602,0.53934461558237667,0.30912273257542228,0.62146343172255536,0.06711937730111614,28.296246275226022,2.0711993584256958,0.17611536569972619,0.61054986461514504,0.37137165249593512,0.71687553183150987,2.6961435635879569,1.077273842189461,1.2505845645908267,1.7111972458660603,0.36530153694171996,0.24887039549648762,0.33922802476212383
397,N5,61,AB,2,17,0.28356663123091613,0.20219822712242602,0.53934461558237667,0.30912273257542228,0.62146343172255536,0.06711937730111614,28.296246275226022,2.0711993584256958,0.17611536569972619,0.61054986461514504,0.37137165249593512,0.71687553183150987,2.6961435635879569,1.077273842189461,1.2505845645908267,1.7111972458660603,0.41985146423550246,0.40592702031135564,0.33922802476212383
398,N5,62,AB,2,18,0.28356663123091613,0.20219822712242602,0.53934461558237667,0.30912273257542228,0.62146343172255536,0.06711937730111614,28.296246275226022,2.0711993584256958,0.17611536569972619,0.61054986461514504,0.37137165249593512,0.71687553183150987,2.6961435635879569,1.077273842189461,1.2505845645908267,1.7111972458660603,0.41985146423550246,0.24887039549648762,0.30827693577855825
399,N5,63,A,3,-1,0.31424173785595622,0.090558142215013515,0.42284665936604138,0.48585479724597713,0.79272194075086522,0.062294555737463765,343.71022409779869,1.8479443240723155,0.27927097283804364,0.42664280342094607,0.45865669999579112,0.96318011012680438,2.0482597665317606,1.090384138552472,1.1654513810761273,2.2296221263706686,0.3751338536747304,0.71573756830766799,0.35894468395970763
400,N5,64,B,3,-1,0.29988641744588546,0.13421739917248487,0.50515949148684736,0.43406788555897796,0.68244161201938569,0.068360848098086874,11.877606558380547,2.1410865906536984,0.13286216924041394,0.51489661463555925,0.39083210618859748,0.82225014741335123,2.8156652963667494,1.0227541226986796,1.1960171062499285,2.3147774092853068,0.44493298900944667,0.97229799190536137,0.39124625456519424
401,N5,65,AB,3,0,0.29988641744588546,0.090558142215013515,0.42284665936604138,0.48585479724597713,0.79272194075086522,0.062294555737463765,343.71022409779869,1.8479443240723155,0.27927097283804364,0.42664280342094607,0.45865669999579112,0.96318011012680438,2.0482597665317606,1.090384138552472,1.1654513810761273,2.2296221263706686,0.3751338536747304,0.71573756830766799,0.35894468395970763
402,N5,66,AB,3,1,0.31424173785595622,0.13421739917248487,0.42284665936604138,0.48585479724597713,0.79272194075086522,0.062294555737463765,343.71022409779869,1.8479443240723155,0.27927097283804364,0.42664280342094607,0.45865669999579112,0.96318011012680438,2.0482597665317606,1.090384138552472,1.1654513810761273,2.2296221263706686,0.3751338536747304,0.71573756830766799,0.35894468395970763
403,N5,67,AB,3,2,0.31424173785595622,0.090558142215013515,0.50515949148684736,0.48585479724597713,0.79272194075086522,0.062294555737463765,343.71022409779869,1.8479443240723155,0.27927097283804364,0.42664280342094607,0.45865669999579112,0.96318011012680438,2.0482597665317606,1.090384138552472,1.1654513810761273,2.2296221263706686,0.3751338536747304,0.71573756830766799,0.35894468395970763
404,N5,68,AB,3,3,0.31424173785595622,0.090558142215013515,0.42284665936604138,0.43406788555897796,0.79272194075086522,0.062294555737463765,343.71022409779869,1.8479443240723155,0.27927097283804364,0.42664280342094607,0.45865669999579112,0.96318011012680438,2.0482597665317606,1.090384138552472,1.1654513810761273,2.2296221263706686,0.3751338536747304,0.71573756830766799,0.35894468395970763
405,N5,69,AB,3,4,0.31424173785595622,0.090558142215013515,0.42284665936604138,0.48585479724597713,0.68244161201938569,0.062294555737463765,343.71022409779869,1.8479443240723155,0.27927097283804364,0.42664280342094607,0.45865669999579112,0.96318011012680438,2.0482597665317606,1.090384138552472,1.1654513810761273,2.2296221263706686,0.3751338536747304,0.71573756830766799,0.35894468395970763
406,N5,70,AB,3,5,0.31424173785595622,0.090558142215013515,0.42284665936604138,0.48585479724597713,0.79272194075086522,0.068360848098086874,343.71022409779869,1.8479443240723155,0.27927097283804364,0.42664280342094607,0.45865669999579112,0.96318011012680438,2.0482597665317606,1.090384138552472,1.1654513810761273,2.2296221263706686,0.3751338536747304,0.71573756830766799,0.35894468395970763
407,N5,71,AB,3,6,0.31424173785595622,0.090558142215013515,0.42284665936604138,0.48585479724597713,0.79272194075086522,0.062294555737463765,11.877606558380547,1.8479443240723155,0.27927097283804364,0.42664280342094607,0.45865669999579112,0.96318011012680438,2.0482597665317606,1.090384138552472,1.1654513810761273,2.2296221263706686,0.3751338536747304,0.71573756830766799,0.35894468395970763
408,N5,72,AB,3,7,0.31424173785595622,0.090558142215013515,0.42284665936604138,0.48585479724597713,0.79272194075086522,0.062294555737463765,343.71022409779869,2.1410865906536984,0.27927097283804364,0.42664280342094607,0.45865669999579112,0.96318011012680438,2.0482597665317606,1.090384138552472,1.1654513810761273,2.2296221263706686,0.3751338536747304,0.71573756830766799,0.35894468395970763
409,N5,73,AB,3,8,0.31424173785595622,0.090558142215013515,0.42284665936604138,0.48585479724597713,0.79272194075086522,0.062294555737463765,343.71022409779869,1.8479443240723155,0.13286216924041394,0.42664280342094607,0.45865669999579112,0.96318011012680438,2.0482597665317606,1.090384138552472,1.1654513810761273,2.2296221263706686,0.3751338536747304,0.71573756830766799,0.35894468395970763
410,N5,74,AB,3,9,0.31424173785595622,0.090558142215013515,0.42284665936604138,0.48585479724597713,0.79272194075086522,0.062294555737463765,343.71022409779869,1.8479443240723155,0.27927097283804364,0.51489661463555925,0.45865669999579112,0.96318011012680438,2.0482597665317606,1.090384138552472,1.1654513810761273,2.2296221263706686,0.3751338536747304,0.71573756830766799,0.35894468395970763
411,N5,75,AB,3,10,0.31424173785595622,0.090558142215013515,0.42284665936604138,0.48585479724597713,0.79272194075086522,0.062294555737463765,343.71022409779869,1.8479443240723155,0.27927097283804364,0.42664280342094607,0.39083210618859748,0.96318011012680438,2.0482597665317606,1.090384138552472,1.1654513810761273,2.2296221263706686,0.3751338536747304,0.71573756830766799,0.35894468395970763
412,N5,76,AB,3,11,0.31424173785595622,0.090558142215013515,0.42284665936604138,0.48585479724597713,0.79272194075086522,0.062294555737463765,343.71022409779869,1.8479443240723155,0.27927097283804364,0.42664280342094607,0.45865669999579112,0.82225014741335123,2.0482597665317606,1.090384138552472,1.1654513810761273,2.2296221263706686,0.3751338536747304,0.71573756830766799,0.35894468395970763
413,N5,77,AB,3,12,0.31424173785595622,0.090558142215013515,0.42284665936604138,0.48585479724597713,0.79272194075086522,0.062294555737463765,343.71022409779869,1.8479443240723155,0.27927097283804364,0.42664280342094607,0.45865669999579112,0.96318011012680438,2.8156652963667494,1.090384138552472,1.1654513810761273,2.2296221263706686,0.3751338536747304,0.71573756830766799,0.35894468395970763
414,N5,78,AB,3,13,0.31424173785595622,0.090558142215013515,0.42284665936604138,0.48585479724597713,0.79272194075086522,0.062294555737463765,343.71022409779869,1.8479443240723155,0.27927097283804364,0.42664280342094607,0.45865669999579112,0.96318011012680438,2.0482597665317606,1.0227541226986796,1.1654513810761273,2.2296221263706686,0.3751338536747304,0.71573756830766799,0.35894468395970763
415,N5,79,AB,3,14,0.31424173785595622,0.090558142215013515,0.42284665936604138,0.48585479724597713,0.79272194075086522,0.062294555737463765,343.71022409779869,1.8479443240723155,0.27927097283804364,0.42664280342094607,0.45865669999579112,0.96318011012680438,2.0482597665317606,1.090384138552472,1.1960171062499285,2.2296221263706686,0.3751338536747304,0.71573756830766799,0.35894468395970763
416,N5,80,AB,3,15,0.31424173785595622,0.090558142215013515,0.42284665936604138,0.48585479724597713,0.79272194075086522,0.062294555737463765,343.71022409779869,1.8479443240723155,0.27927097283804364,0.42664280342094607,0.45865669999579112,0.96318011012680438,2.0482597665317606,1.090384138552472,1.1654513810761273,2.3147774092853068,0.3751338536747304,0.71573756830766799,0.35894468395970763
417,N5,81,AB,3,16,0.31424173785595622,0.090558142215013515,0.42284665936604138,0.48585479724597713,0.79272194075086522,0.062294555737463765,343.71022409779869,1.8479443240723155,0.27927097283804364,0.42664280342094607,0.45865669999579112,0.96318011012680438,2.0482597665317606,1.090384138552472,1.1654513810761273,2.2296221263706686,0.44493298900944667,0.71573756830766799,0.35894468395970763
418,N5,82,AB,3,17,0.31424173785595622,0.090558142215013515,0.42284665936604138,0.48585479724597713,0.79272194075086522,0.062294555737463765,343.71022409779869,1.8479443240723155,0.27927097283804364,0.42664280342094607,0.45865669999579112,0.96318011012680438,2.0482597665317606,1.090384138552472,1.1654513810761273,2.2296221263706686,0.3751338536747304,0.97229799190536137,0.35894468395970763
419,N5,83,AB,3,18,0.31424173785595622,0.090558142215013515,0.42284665936604138,0.48585479724597713,0.79272194075086522,0.062294555737463765,343.71022409779869,1.8479443240723155,0.27927097283804364,0.42664280342094607,0.45865669999579112,0.96318011012680438,2.0482597665317606,1.090384138552472,1.1654513810761273,2.2296221263706686,0.3751338536747304,0.71573756830766799,0.39124625456519424
420,N5,84,A,4,-1,0.29773975194431057,0.24888641498982905,0.24777560057118536,0.5330836879204659,0.89605223678840118,0.062997174631644948,49.537946910775773,2.018057188474331,0.14445991521726562,0.68170558335452958,0.40312002140685144,0.90771906107349221,2.5577320200834479,1.1376401867903767,1.1188468115404249,2.3165768429636957,0.35989403217485993,0.63879010211676357,0.30846214768476787
421,N5,85,B,4,-1,0.29238235241005289,0.16017344314604998,0.68610492283478375,0.36205138718280794,0.62057764033052709,0.066542923230914569,1086.7904677995693,1.9671314505618402,0.23018610709657739,0.61879711765131173,0.32607273533398806,1.1929530648325213,2.0870790393588954,1.0392258423380554,1.1682675503659994,1.7192725583910944,0.39987917376087462,0.69691173080354929,0.35614278186112647
422,N5,86,AB,4,0,0.29238235241005289,0.24888641498982905,0.24777560057118536,0.5330836879204659,0.89605223678840118,0.062997174631644948,49.537946910775773,2.018057188474331,0.14445991521726562,0.68170558335452958,0.40312002140685144,0.90771906107349221,2.5577320200834479,1.1376401867903767,1.1188468115404249,2.3165768429636957,0.35989403217485993,0.63879010211676357,0.30846214768476787
423,N5,87,AB,4,1,0.29773975194431057,0.16017344314604998,0.24777560057118536,0.5330836879204659,0.89605223678840118,0.062997174631644948,49.537946910775773,2.018057188474331,0.14445991521726562,0.68170558335452958,0.40312002140685144,0.90771906107349221,2.5577320200834479,1.1376401867903767,1.1188468115404249,2.3165768429636957,0.35989403217485993,0.63879010211676357,0.30846214768476787
424,N5,88,AB,4,2,0.29773975194431057,0.24888641498982905,0.68610492283478375,0.5330836879204659,0.89605223678840118,0.062997174631644948,49.537946910775773,2.018057188474331,0.14445991521726562,0.68170558335452958,0.40312002140685144,0.90771906107349221,2.5577320200834479,1.1376401867903767,1.1188468115404249,2.3165768429636957,0.35989403217485993,0.63879010211676357,0.30846214768476787
425,N5,89,AB,4,3,0.29773975194431057,0.24888641498982905,0.24777560057118536,0.36205138718280794,0.89605223678840118,0.062997174631644948,49.537946910775773,2.018057188474331,0.14445991521726562,0.68170558335452958,0.40312002140685144,0.90771906107349221,2.5577320200834479,1.1376401867903767,1.1188468115404249,2.3165768429636957,0.35989403217485993,0.63879010211676357,0.30846214768476787
426,N5,90,AB,4,4,0.29773975194431057,0.24888641498982905,0.24777560057118536,0.5330836879204659,0.62057764033052709,0.062997174631644948,49.537946910775773,2.018057188474331,0.14445991521726562,0.68170558335452958,0.40312002140685144,0.90771906107349221,2.5577320200834479,1.1376401867903767,1.1188468115404249,2.3165768429636957,0.35989403217485993,0.63879010211676357,0.30846214768476787
427,N5,91,AB,4,5,0.29773975194431057,0.24888641498982905,0.24777560057118536,0.5330836879204659,0.89605223678840118,0.066542923230914569,49.537946910775773,2.018057188474331,0.14445991521726562,0.68170558335452958,0.40312002140685144,0.90771906107349221,2.5577320200834479,1.1376401867903767,1.1188468115404249,2.3165768429636957,0.35989403217485993,0.63879010211676357,0.30846214768476787
428,N5,92,AB,4,6,0.29773975194431057,0.24888641498982905,0.24777560057118536,0.5330836879204659,0.89605223678840118,0.062997174631644948,1086.7904677995693,2.018057188474331,0.14445991521726562,0.68170558335452958,0.40312002140685144,0.90771906107349221,2.5577320200834479,1.1376401867903767,1.1188468115404249,2.3165768429636957,0.35989403217485993,0.63879010211676357,0.30846214768476787
429,N5,93,AB,4,7,0.29773975194431057,0.24888641498982905,0.24777560057118536,0.5330836879204659,0.89605223678840118,0.062997174631644948,49.537946910775773,1.9671314505618402,0.14445991521726562,0.68170558335452958,0.40312002140685144,0.90771906107349221,2.5577320200834479,1.1376401867903767,1.1188468115404249,2.3165768429636957,0.35989403217485993,0.63879010211676357,0.30846214768476787
430,N5,94,AB,4,8,0.29773975194431057,0.24888641498982905,0.24777560057118536,0.5330836879204659,0.89605223678840118,0.062997174631644948,49.537946910775773,2.018057188474331,0.23018610709657739,0.68170558335452958,0.40312002140685144,0.90771906107349221,2.5577320200834479,1.1376401867903767,1.1188468115404249,2.3165768429636957,0.35989403217485993,0.63879010211676357,0.30846214768476787
431,N5,95,AB,4,9,0.29773975194431057,0.24888641498982905,0.24777560057118536,0.5330836879204659,0.89605223678840118,0.062997174631644948,49.537946910775773,2.018057188474331,0.14445991521726562,0.61879711765131173,0.40312002140685144,0.90771906107349221,2.5577320200834479,1.1376401867903767,1.1188468115404249,2.3165768429636957,0.35989403217485993,0.63879010211676357,0.30846214768476787
432,N5,96,AB,4,10,0.29773975194431057,0.24888641498982905,0.24777560057118536,0.5330836879204659,0.89605223678840118,0.062997174631644948,49.537946910775773,2.018057188474331,0.14445991521726562,0.68170558335452958,0.32607273533398806,0.90771906107349221,2.5577320200834479,1.1376401867903767,1.1188468115404249,2.3165768429636957,0.35989403217485993,0.63879010211676357,0.30846214768476787
433,N5,97,AB,4,11,0.29773975194431057,0.24888641498982905,0.24777560057118536,0.5330836879204659,0.89605223678840118,0.062997174631644948,49.537946910775773,2.018057188474331,0.14445991521726562,0.68170558335452958,0.40312002140685144,1.1929530648325213,2.5577320200834479,1.1376401867903767,1.1188468115404249,2.3165768429636957,0.35989403217485993,0.63879010211676357,0.30846214768476787
434,N5,98,AB,4,12,0.29773975194431057,0.24888641498982905,0.24777560057118536,0.5330836879204659,0.89605223678840118,0.062997174631644948,49.537946910775773,2.018057188474331,0.14445991521726562,0.68170558335452958,0.40312002140685144,0.90771906107349221,2.0870790393588954,1.1376401867903767,1.1188468115404249,2.3165768429636957,0.35989403217485993,0.63879010211676357,0.30846214768476787
435,N5,99,AB,4,13,0.29773975194431057,0.24888641498982905,0.24777560057118536,0.5330836879204659,0.89605223678840118,0.062997174631644948,49.537946910775773,2.018057188474331,0.14445991521726562,0.68170558335452958,0.40312002140685144,0.90771906107349221,2.5577320200834479,1.0392258423380554,1.1188468115404249,2.3165768429636957,0.35989403217485993,0.63879010211676357,0.30846214768476787
436,N5,100,AB,4,14,0.29773975194431057,0.24888641498982905,0.24777560057118536,0.5330836879204659,0.89605223678840118,0.062997174631644948,49.537946910775773,2.018057188474331,0.14445991521726562,0.68170558335452958,0.40312002140685144,0.90771906107349221,2.5577320200834479,1.1376401867903767,1.1682675503659994,2.3165768429636957,0.35989403217485993,0.63879010211676357,0.30846214768476787
437,N5,101,AB,4,15,0.29773975194431057,0.24888641498982905,0.24777560057118536,0.5330836879204659,0.89605223678840118,0.062997174631644948,49.537946910775773,2.018057188474331,0.14445991521726562,0.68170558335452958,0.40312002140685144,0.90771906107349221,2.5577320200834479,1.1376401867903767,1.1188468115404249,1.7192725583910944,0.35989403217485993,0.63879010211676357,0.30846214768476787
438,N5,102,AB,4,16,0.29773975194431057,0.24888641498982905,0.24777560057118536,0.5330836879204659,0.89605223678840118,0.062997174631644948,49.537946910775773,2.018057188474331,0.14445991521726562,0.68170558335452958,0.40312002140685144,0.90771906107349221,2.5577320200834479,1.1376401867903767,1.1188468115404249,2.3165768429636957,0.39987917376087462,0.63879010211676357,0.30846214768476787
439,N5,103,AB,4,17,0.29773975194431057,0.24888641498982905,0.24777560057118536,0.5330836879204659,0.89605223678840118,0.062997174631644948,49.537946910775773,2.018057188474331,0.14445991521726562,0.68170558335452958,0.40312002140685144,0.90771906107349221,2.5577320200834479,1.1376401867903767,1.1188468115404249,2.3165768429636957,0.35989403217485993,0.69691173080354929,0.30846214768476787
440,N5,104,AB,4,18,0.29773975194431057,0.24888641498982905,0.24777560057118536,0.5330836879204659,0.89605223678840118,0.062997174631644948,49.537946910775773,2.018057188474331,0.14445991521726562,0.68170558335452958,0.40312002140685144,0.90771906107349221,2.5577320200834479,1.1376401867903767,1.1188468115404249,2.3165768429636957,0.35989403217485993,0.63879010211676357,0.35614278186112647
441,N5,105,A,5,-1,0.29040089212908504,0.062235623598098755,0.59026206405833359,0.32806202194026957,0.66269896824624297,0.070875463441730721,132.78579451416854,1.8386516569094606,0.32723655745994568,0.57426600985055765,0.42179649655289564,0.79350004683615483,1.8319252684710861,1.035223391233012,1.2971968845929951,1.6488538667559625,0.40926027816967853,0.19928476205095649,0.38961801409721375
442,N5,106,B,5,-1,0.32422426354171041,0.064688051119446754,0.44785855738446112,0.4227680311235002,0.69486851449121934,0.063023760636217716,3.7159560259395015,2.2639038003403229,0.20704018390719334,0.53678606350764746,0.43201772505706793,0.86851468494924033,2.3695614968397671,1.0867622462008149,1.2175346791744233,2.0499674014747145,0.40791882968907339,0.12400389565154911,0.34337897022254765
443,N5,107,AB,5,0,0.32422426354171041,0.062235623598098755,0.59026206405833359,0.32806202194026957,0.66269896824624297,0.070875463441730721,132.78579451416854,1.8386516569094606,0.32723655745994568,0.57426600985055765,0.42179649655289564,0.79350004683615483,1.8319252684710861,1.035223391233012,1.2971968845929951,1.6488538667559625,0.40926027816967853,0.19928476205095649,0.38961801409721375
444,N5,108,AB,5,1,0.29040089212908504,0.064688051119446754,0.59026206405833359,0.32806202194026957,0.66269896824624297,0.070875463441730721,132.78579451416854,1.8386516569094606,0.32723655745994568,0.57426600985055765,0.42179649655289564,0.79350004683615483,1.8319252684710861,1.035223391233012,1.2971968845929951,1.6488538667559625,0.40926027816967853,0.19928476205095649,0.38961801409721375
445,N5,109,AB,5,2,0.29040089212908504,0.062235623598098755,0.44785855738446112,0.32806202194026957,0.66269896824624297,0.070875463441730721,132.78579451416854,1.8386516569094606,0.32723655745994568,0.57426600985055765,0.42179649655289564,0.79350004683615483,1.8319252684710861,1.035223391233012,1.2971968845929951,1.6488538667559625,0.40926027816967853,0.19928476205095649,0.38961801409721375
446,N5,110,AB,5,3,0.29040089212908504,0.062235623598098755,0.59026206405833359,0.4227680311235002,0.66269896824624297,0.070875463441730721,132.78579451416854,1.8386516569094606,0.32723655745994568,0.57426600985055765,0.42179649655289564,0.79350004683615483,1.8319252684710861,1.035223391233012,1.2971968845929951,1.6488538667559625,0.40926027816967853,0.19928476205095649,0.38961801409721375
447,N5,111,AB,5,4,0.29040089212908504,0.062235623598098755,0.59026206405833359,0.32806202194026957,0.69486851449121934,0.070875463441730721,132.78579451416854,1.8386516569094606,0.32723655745994568,0.57426600985055765,0.42179649655289564,0.79350004683615483,1.8319252684710861,1.035223391233012,1.2971968845929951,1.6488538667559625,0.40926027816967853,0.19928476205095649,0.38961801409721375
448,N5,112,AB,5,5,0.29040089212908504,0.062235623598098755,0.59026206405833359,0.32806202194026957,0.66269896824624297,0.063023760636217716,132.78579451416854,1.8386516569094606,0.32723655745994568,0.57426600985055765,0.42179649655289564,0.79350004683615483,1.8319252684710861,1.035223391233012,1.2971968845929951,1.6488538667559625,0.40926027816967853,0.19928476205095649,0.38961801409721375
449,N5,113,AB,5,6,0.29040089212908504,0.062235623598098755,0.59026206405833359,0.32806202194026957,0.66269896824624297,0.070875463441730721,3.7159560259395015,1.8386516569094606,0.32723655745994568,0.57426600985055765,0.42179649655289564,0.79350004683615483,1.8319252684710861,1.035223391233012,1.2971968845929951,1.6488538667559625,0.40926027816967853,0.19928476205095649,0.38961801409721375
450,N5,114,AB,5,7,0.29040089212908504,0.062235623598098755,0.59026206405833359,0.32806202194026957,0.66269896824624297,0.070875463441730721,132.78579451416854,2.2639038003403229,0.32723655745994568,0.57426600985055765,0.42179649655289564,0.79350004683615483,1.8319252684710861,1.035223391233012,1.2971968845929951,1.6488538667559625,0.40926027816967853,0.19928476205095649,0.38961801409721375
451,N5,115,AB,5,8,0.29040089212908504,0.062235623598098755,0.59026206405833359,0.32806202194026957,0.66269896824624297,0.070875463441730721,132.78579451416854,1.8386516569094606,0.20704018390719334,0.57426600985055765,0.42179649655289564,0.79350004683615483,1.8319252684710861,1.035223391233012,1.2971968845929951,1.6488538667559625,0.40926027816967853,0.19928476205095649,0.38961801409721375
452,N5,116,AB,5,9,0.29040089212908504,0.062235623598098755,0.59026206405833359,0.32806202194026957,0.66269896824624297,0.070875463441730721,132.78579451416854,1.8386516569094606,0.32723655745994568,0.53678606350764746,0.42179649655289564,0.79350004683615483,1.8319252684710861,1.035223391233012,1.2971968845929951,1.6488538667559625,0.40926027816967853,0.19928476205095649,0.38961801409721375
453,N5,117,AB,5,10,0.29040089212908504,0.062235623598098755,0.59026206405833359,0.32806202194026957,0.66269896824624297,0.070875463441730721,132.78579451416854,1.8386516569094606,0.32723655745994568,0.57426600985055765,0.43201772505706793,0.79350004683615483,1.8319252684710861,1.035223391233012,1.2971968845929951,1.6488538667559625,0.40926027816967853,0.19928476205095649,0.38961801409721375
454,N5,118,AB,5,11,0.29040089212908504,0.062235623598098755,0.59026206405833359,0.32806202194026957,0.66269896824624297,0.070875463441730721,132.78579451416854,1.8386516569094606,0.32723655745994568,0.57426600985055765,0.42179649655289564,0.86851468494924033,1.8319252684710861,1.035223391233012,1.2971968845929951,1.6488538667559625,0.40926027816967853,0.19928476205095649,0.38961801409721375
455,N5,119,AB,5,12,0.29040089212908504,0.062235623598098755,0.59026206405833359,0.32806202194026957,0.66269896824624297,0.070875463441730721,132.78579451416854,1.8386516569094606,0.32723655745994568,0.57426600985055765,0.42179649655289564,0.79350004683615483,2.3695614968397671,1.035223391233012,1.2971968845929951,1.6488538667559625,0.40926027816967853,0.19928476205095649,0.38961801409721375
456,N5,120,AB,5,13,0.29040089212908504,0.062235623598098755,0.59026206405833359,0.32806202194026957,0.66269896824624297,0.070875463441730721,132.78579451416854,1.8386516569094606,0.32723655745994568,0.57426600985055765,0.42179649655289564,0.79350004683615483,1.8319252684710861,1.0867622462008149,1.2971968845929951,1.6488538667559625,0.40926027816967853,0.19928476205095649,0.38961801409721375
457,N5,121,AB,5,14,0.29040089212908504,0.062235623598098755,0.59026206405833359,0.32806202194026957,0.66269896824624297,0.070875463441730721,132.78579451416854,1.8386516569094606,0.32723655745994568,0.57426600985055765,0.42179649655289564,0.79350004683615483,1.8319252684710861,1.035223391233012,1.2175346791744233,1.6488538667559625,0.40926027816967853,0.19928476205095649,0.38961801409721375
458,N5,122,AB,5,15,0.29040089212908504,0.062235623598098755,0.59026206405833359,0.32806202194026957,0.66269896824624297,0.070875463441730721,132.78579451416854,1.8386516569094606,0.32723655745994568,0.57426600985055765,0.42179649655289564,0.79350004683615483,1.8319252684710861,1.035223391233012,1.2971968845929951,2.0499674014747145,0.40926027816967853,0.19928476205095649,0.38961801409721375
459,N5,123,AB,5,16,0.29040089212908504,0.062235623598098755,0.59026206405833359,0.32806202194026957,0.66269896824624297,0.070875463441730721,132.78579451416854,1.8386516569094606,0.32723655745994568,0.57426600985055765,0.42179649655289564,0.79350004683615483,1.8319252684710861,1.035223391233012,1.2971968845929951,1.6488538667559625,0.40791882968907339,0.19928476205095649,0.38961801409721375
460,N5,124,AB,5,17,0.29040089212908504,0.062235623598098755,0.59026206405833359,0.32806202194026957,0.66269896824624297,0.070875463441730721,132.78579451416854,1.8386516569094606,0.32723655745994568,0.57426600985055765,0.42179649655289564,0.79350004683615483,1.8319252684710861,1.035223391233012,1.2971968845929951,1.6488538667559625,0.40926027816967853,0.12400389565154911,0.38961801409721375
461,N5,125,AB,5,18,0.29040089212908504,0.062235623598098755,0.59026206405833359,0.32806202194026957,0.66269896824624297,0.070875463441730721,132.78579451416854,1.8386516569094606,0.32723655745994568,0.57426600985055765,0.42179649655289564,0.79350004683615483,1.8319252684710861,1.035223391233012,1.2971968845929951,1.6488538667559625,0.40926027816967853,0.19928476205095649,0.34337897022254765
462,N5,126,A,6,-1,0.25830702069123068,0.16544461920857428,0.36874393681064244,0.4389017424808338,0.55118767051349216,0.066635764026617972,7.036788082080184,1.9503344630687003,0.25152276236873294,0.50517557320214435,0.487091840035551,0.80494043333314935,2.3507102803033906,1.1103602313436567,1.2279355038888753,2.1738067664206029,0.46327631824604393,0.91170870494097467,0.44246601786464457
463,N5,127,B,6,-1,0.206780849935572,0.22109238114207985,0.27215140387415887,0.33931082114860417,0.56964998021831059,0.06967989028640699,50.455066999699632,1.8846412780318238,0.16403999780706963,0.72014592150223655,0.48399697622226023,0.91161475631063116,1.7366265467980639,1.0540209745336324,1.2486944128293544,2.2916635341942309,0.43741537253605905,0.80893579544499516,0.41380542051978408
464,N5,128,AB,6,0,0.206780849935572,0.16544461920857428,0.36874393681064244,0.4389017424808338,0.55118767051349216,0.066635764026617972,7.036788082080184,1.9503344630687003,0.25152276236873294,0.50517557320214435,0.487091840035551,0.80494043333314935,2.3507102803033906,1.1103602313436567,1.2279355038888753,2.1738067664206029,0.46327631824604393,0.91170870494097467,0.44246601786464457
465,N5,129,AB,6,1,0.25830702069123068,0.22109238114207985,0.36874393681064244,0.4389017424808338,0.55118767051349216,0.066635764026617972,7.036788082080184,1.9503344630687003,0.25152276236873294,0.50517557320214435,0.487091840035551,0.80494043333314935,2.3507102803033906,1.1103602313436567,1.2279355038888753,2.1738067664206029,0.46327631824604393,0.91170870494097467,0.44246601786464457
466,N5,130,AB,6,2,0.25830702069123068,0.16544461920857428,0.27215140387415887,0.4389017424808338,0.55118767051349216,0.066635764026617972,7.036788082080184,1.9503344630687003,0.25152276236873294,0.50517557320214435,0.487091840035551,0.80494043333314935,2.3507102803033906,1.1103602313436567,1.2279355038888753,2.1738067664206029,0.46327631824604393,0.91170870494097467,0.44246601786464457
467,N5,131,AB,6,3,0.25830702069123068,0.16544461920857428,0.36874393681064244,0.33931082114860417,0.55118767051349216,0.066635764026617972,7.036788082080184,1.9503344630687003,0.25152276236873294,0.50517557320214435,0.487091840035551,0.80494043333314935,2.3507102803033906,1.1103602313436567,1.2279355038888753,2.1738067664206029,0.46327631824604393,0.91170870494097467,0.44246601786464457
468,N5,132,AB,6,4,0.25830702069123068,0.16544461920857428,0.36874393681064244,0.4389017424808338,0.56964998021831059,0.066635764026617972,7.036788082080184,1.9503344630687003,0.25152276236873294,0.50517557320214435,0.487091840035551,0.80494043333314935,2.3507102803033906,1.1103602313436567,1.2279355038888753,2.1738067664206029,0.46327631824604393,0.91170870494097467,0.44246601786464457
469,N5,133,AB,6,5,0.25830702069123068,0.16544461920857428,0.36874393681064244,0.4389017424808338,0.55118767051349216,0.06967989028640699,7.036788082080184,1.9503344630687003,0.25152276236873294,0.50517557320214435,0.487091840035551,0.80494043333314935,2.3507102803033906,1.1103602313436567,1.2279355038888753,2.1738067664206029,0.46327631824604393,0.91170870494097467,0.44246601786464457
470,N5,134,AB,6,6,0.25830702069123068,0.16544461920857428,0.36874393681064244,0.4389017424808338,0.55118767051349216,0.066635764026617972,50.455066999699632,1.9503344630687003,0.25152276236873294,0.50517557320214435,0.487091840035551,0.80494043333314935,2.3507102803033906,1.1103602313436567,1.2279355038888753,2.1738067664206029,0.46327631824604393,0.91170870494097467,0.44246601786464457
471,N5,135,AB,6,7,0.25830702069123068,0.16544461920857428,0.36874393681064244,0.4389017424808338,0.55118767051349216,0.066635764026617972,7.036788082080184,1.8846412780318238,0.25152276236873294,0.50517557320214435,0.487091840035551,0.80494043333314935,2.3507102803033906,1.1103602313436567,1.2279355038888753,2.1738067664206029,0.46327631824604393,0.91170870494097467,0.44246601786464457
472,N5,136,AB,6,8,0.25830702069123068,0.16544461920857428,0.36874393681064244,0.4389017424808338,0.55118767051349216,0.066635764026617972,7.036788082080184,1.9503344630687003,0.16403999780706963,0.50517557320214435,0.487091840035551,0.80494043333314935,2.3507102803033906,1.1103602313436567,1.2279355038888753,2.1738067664206029,0.46327631824604393,0.91170870494097467,0.44246601786464457
473,N5,137,AB,6,9,0.25830702069123068,0.16544461920857428,0.36874393681064244,0.4389017424808338,0.55118767051349216,0.066635764026617972,7.036788082080184,1.9503344630687003,0.25152276236873294,0.72014592150223655,0.487091840035551,0.80494043333314935,2.3507102803033906,1.1103602313436567,1.2279355038888753,2.1738067664206029,0.46327631824604393,0.91170870494097467,0.44246601786464457
474,N5,138,AB,6,10,0.25830702069123068,0.16544461920857428,0.36874393681064244,0.4389017424808338,0.55118767051349216,0.066635764026617972,7.036788082080184,1.9503344630687003,0.25152276236873294,0.50517557320214435,0.48399697622226023,0.80494043333314935,2.3507102803033906,1.1103602313436567,1.2279355038888753,2.1738067664206029,0.46327631824604393,0.91170870494097467,0.44246601786464457
475,N5,139,AB,6,11,0.25830702069123068,0.16544461920857428,0.36874393681064244,0.4389017424808338,0.55118767051349216,0.066635764026617972,7.036788082080184,1.9503344630687003,0.25152276236873294,0.50517557320214435,0.487091840035551,0.91161475631063116,2.3507102803033906,1.1103602313436567,1.2279355038888753,2.1738067664206029,0.46327631824604393,0.91170870494097467,0.44246601786464457
476,N5,140,AB,6,12,0.25830702069123068,0.16544461920857428,0.36874393681064244,0.4389017424808338,0.55118767051349216,0.066635764026617972,7.036788082080184,1.9503344630687003,0.25152276236873294,0.50517557320214435,0.487091840035551,0.80494043333314935,1.7366265467980639,1.1103602313436567,1.2279355038888753,2.1738067664206029,0.46327631824604393,0.91170870494097467,0.44246601786464457
477,N5,141,AB,6,13,0.25830702069123068,0.16544461920857428,0.36874393681064244,0.4389017424808338,0.55118767051349216,0.066635764026617972,7.036788082080184,1.9503344630687003,0.25152276236873294,0.50517557320214435,0.487091840035551,0.80494043333314935,2.3507102803033906,1.0540209745336324,1.2279355038888753,2.1738067664206029,0.46327631824604393,0.91170870494097467,0.44246601786464457
478,N5,142,AB,6,14,0.25830702069123068,0.16544461920857428,0.36874393681064244,0.4389017424808338,0.55118767051349216,0.066635764026617972,7.036788082080184,1.9503344630687003,0.25152276236873294,0.50517557320214435,0.487091840035551,0.80494043333314935,2.3507102803033906,1.1103602313436567,1.2486944128293544,2.1738067664206029,0.46327631824604393,0.91170870494097467,0.44246601786464457
479,N5,143,AB,6,15,0.25830702069123068,0.16544461920857428,0.36874393681064244,0.4389017424808338,0.55118767051349216,0.066635764026617972,7.036788082080184,1.9503344630687003,0.25152276236873294,0.50517557320214435,0.487091840035551,0.80494043333314935,2.3507102803033906,1.1103602313436567,1.2279355038888753,2.2916635341942309,0.46327631824604393,0.91170870494097467,0.44246601786464457
480,N5,144,AB,6,16,0.25830702069123068,0.16544461920857428,0.36874393681064244,0.4389017424808338,0.55118767051349216,0.066635764026617972,7.036788082080184,1.9503344630687003,0.25152276236873294,0.50517557320214435,0.487091840035551,0.80494043333314935,2.3507102803033906,1.1103602313436567,1.2279355038888753,2.1738067664206029,0.43741537253605905,0.91170870494097467,0.44246601786464457
481,N5,145,AB,6,17,0.25830702069123068,0.16544461920857428,0.36874393681064244,0.4389017424808338,0.55118767051349216,0.066635764026617972,7.036788082080184,1.9503344630687003,0.25152276236873294,0.50517557320214435,0.487091840035551,0.80494043333314935,2.3507102803033906,1.1103602313436567,1.2279355038888753,2.1738067664206029,0.46327631824604393,0.80893579544499516,0.44246601786464457
482,N5,146,AB,6,18,0.25830702069123068,0.16544461920857428,0.36874393681064244,0.4389017424808338,0.55118767051349216,0.066635764026617972,7.036788082080184,1.9503344630687003,0.25152276236873294,0.50517557320214435,0.487091840035551,0.80494043333314935,2.3507102803033906,1.1103602313436567,1.2279355038888753,2.1738067664206029,0.46327631824604393,0.91170870494097467,0.41380542051978408
483,N5,147,A,7,-1,0.32354809699014964,0.12733959741890433,0.46907337317243214,0.38545953722639537,0.69805725941813423,0.060383834678966186,3264.5944368693827,2.122039649832129,0.19977342970510648,0.59470695311085975,0.35106238913771953,1.1671159225922376,2.111792744304962,1.0584112082701176,1.0631008739117533,1.8920121349394321,0.40058374088355153,0.45021837046369917,0.27945379734970632
484,N5,148,B,7,-1,0.30837028564089292,0.10407357662916183,0.51827476341277356,0.61550106746095312,0.82160065566749629,0.060017692706562868,455.7479654811815,2.0545022870683796,0.27537276754603951,0.45797705492069674,0.36922523727024192,0.73614832750484216,2.6076731736475329,1.1359609045274555,1.0752823028713465,1.9640934526920319,0.37432369729186776,0.46118933372199533,0.30668311711400748
485,N5,149,AB,7,0,0.30837028564089292,0.12733959741890433,0.46907337317243214,0.38545953722639537,0.69805725941813423,0.060383834678966186,3264.5944368693827,2.122039649832129,0.19977342970510648,0.59470695311085975,0.35106238913771953,1.1671159225922376,2.111792744304962,1.0584112082701176,1.0631008739117533,1.8920121349394321,0.40058374088355153,0.45021837046369917,0.27945379734970632
486,N5,150,AB,7,1,0.32354809699014964,0.10407357662916183,0.46907337317243214,0.38545953722639537,0.69805725941813423,0.060383834678966186,3264.5944368693827,2.122039649832129,0.19977342970510648,0.59470695311085975,0.35106238913771953,1.1671159225922376,2.111792744304962,1.0584112082701176,1.0631008739117533,1.8920121349394321,0.40058374088355153,0.45021837046369917,0.27945379734970632
487,N5,151,AB,7,2,0.32354809699014964,0.12733959741890433,0.51827476341277356,0.38545953722639537,0.69805725941813423,0.060383834678966186,3264.5944368693827,2.122039649832129,0.19977342970510648,0.59470695311085975,0.35106238913771953,1.1671159225922376,2.111792744304962,1.0584112082701176,1.0631008739117533,1.8920121349394321,0.40058374088355153,0.45021837046369917,0.27945379734970632
488,N5,152,AB,7,3,0.32354809699014964,0.12733959741890433,0.46907337317243214,0.61550106746095312,0.69805725941813423,0.060383834678966186,3264.5944368693827,2.122039649832129,0.19977342970510648,0.59470695311085975,0.35106238913771953,1.1671159225922376,2.111792744304962,1.0584112082701176,1.0631008739117533,1.8920121349394321,0.40058374088355153,0.45021837046369917,0.27945379734970632
489,N5,153,AB,7,4,0.32354809699014964,0.12733959741890433,0.46907337317243214,0.38545953722639537,0.82160065566749629,0.060383834678966186,3264.5944368693827,2.122039649832129,0.19977342970510648,0.59470695311085975,0.35106238913771953,1.1671159225922376,2.111792744304962,1.0584112082701176,1.0631008739117533,1.8920121349394321,0.40058374088355153,0.45021837046369917,0.27945379734970632
490,N5,154,AB,7,5,0.32354809699014964,0.12733959741890433,0.46907337317243214,0.38545953722639537,0.69805725941813423,0.060017692706562868,3264.5944368693827,2.122039649832129,0.19977342970510648,0.59470695311085975,0.35106238913771953,1.1671159225922376,2.111792744304962,1.0584112082701176,1.0631008739117533,1.8920121349394321,0.40058374088355153,0.45021837046369917,0.27945379734970632
491,N5,155,AB,7,6,0.32354809699014964,0.12733959741890433,0.46907337317243214,0.38545953722639537,0.69805725941813423,0.060383834678966186,455.7479654811815,2.122039649832129,0.19977342970510648,0.59470695311085975,0.35106238913771953,1.1671159225922376,2.111792744304962,1.0584112082701176,1.0631008739117533,1.8920121349394321,0.40058374088355153,0.45021837046369917,0.27945379734970632
492,N5,156,AB,7,7,0.32354809699014964,0.12733959741890433,0.46907337317243214,0.38545953722639537,0.69805725941813423,0.060383834678966186,3264.5944368693827,2.0545022870683796,0.19977342970510648,0.59470695311085975,0.35106238913771953,1.1671159225922376,2.111792744304962,1.0584112082701176,1.0631008739117533,1.8920121349394321,0.40058374088355153,0.45021837046369917,0.27945379734970632
493,N5,157,AB,7,8,0.32354809699014964,0.12733959741890433,0.46907337317243214,0.38545953722639537,0.69805725941813423,0.060383834678966186,3264.5944368693827,2.122039649832129,0.27537276754603951,0.59470695311085975,0.35106238913771953,1.1671159225922376,2.111792744304962,1.0584112082701176,1.0631008739117533,1.8920121349394321,0.40058374088355153,0.45021837046369917,0.27945379734970632
494,N5,158,AB,7,9,0.32354809699014964,0.12733959741890433,0.46907337317243214,0.38545953722639537,0.69805725941813423,0.060383834678966186,3264.5944368693827,2.122039649832129,0.19977342970510648,0.45797705492069674,0.35106238913771953,1.1671159225922376,2.111792744304962,1.0584112082701176,1.0631008739117533,1.8920121349394321,0.40058374088355153,0.45021837046369917,0.27945379734970632
495,N5,159,AB,7,10,0.32354809699014964,0.12733959741890433,0.46907337317243214,0.38545953722639537,0.69805725941813423,0.060383834678966186,3264.5944368693827,2.122039649832129,0.19977342970510648,0.59470695311085975,0.36922523727024192,1.1671159225922376,2.111792744304962,1.0584112082701176,1.0631008739117533,1.8920121349394321,0.40058374088355153,0.45021837046369917,0.27945379734970632
496,N5,160,AB,7,11,0.32354809699014964,0.12733959741890433,0.46907337317243214,0.38545953722639537,0.69805725941813423,0.060383834678966186,3264.5944368693827,2.122039649832129,0.19977342970510648,0.59470695311085975,0.35106238913771953,0.73614832750484216,2.111792744304962,1.0584112082701176,1.0631008739117533,1.8920121349394321,0.40058374088355153,0.45021837046369917,0.27945379734970632
497,N5,161,AB,7,12,0.32354809699014964,0.12733959741890433,0.46907337317243214,0.38545953722639537,0.69805725941813423,0.060383834678966186,3264.5944368693827,2.122039649832129,0.19977342970510648,0.59470695311085975,0.35106238913771953,1.1671159225922376,2.6076731736475329,1.0584112082701176,1.0631008739117533,1.8920121349394321,0.40058374088355153,0.45021837046369917,0.27945379734970632
498,N5,162,AB,7,13,0.32354809699014964,0.12733959741890433,0.46907337317243214,0.38545953722639537,0.69805725941813423,0.060383834678966186,3264.5944368693827,2.122039649832129,0.19977342970510648,0.59470695311085975,0.35106238913771953,1.1671159225922376,2.111792744304962,1.1359609045274555,1.0631008739117533,1.8920121349394321,0.40058374088355153,0.45021837046369917,0.27945379734970632
499,N5,163,AB,7,14,0.32354809699014964,0.12733959741890433,0.46907337317243214,0.38545953722639537,0.69805725941813423,0.060383834678966186,3264.5944368693827,2.122039649832129,0.19977342970510648,0.59470695311085975,0.35106238913771953,1.1671159225922376,2.111792744304962,1.0584112082701176,1.0752823028713465,1.8920121349394321,0.40058374088355153,0.45021837046369917,0.27945379734970632
500,N5,164,AB,7,15,0.32354809699014964,0.12733959741890433,0.46907337317243214,0.38545953722639537,0.69805725941813423,0.060383834678966186,3264.5944368693827,2.122039649832129,0.19977342970510648,0.59470695311085975,0.35106238913771953,1.1671159225922376,2.111792744304962,1.0584112082701176,1.0631008739117533,1.9640934526920319,0.40058374088355153,0.45021837046369917,0.27945379734970632
501,N5,165,AB,7,16,0.32354809699014964,0.12733959741890433,0.46907337317243214,0.38545953722639537,0.69805725941813423,0.060383834678966186,3264.5944368693827,2.122039649832129,0.19977342970510648,0.59470695311085975,0.35106238913771953,1.1671159225922376,2.111792744304962,1.0584112082701176,1.0631008739117533,1.8920121349394321,0.37432369729186776,0.45021837046369917,0.27945379734970632
502,N5,166,AB,7,17,0.32354809699014964,0.12733959741890433,0.46907337317243214,0.38545953722639537,0.69805725941813423,0.060383834678966186,3264.5944368693827,2.122039649832129,0.19977342970510648,0.59470695311085975,0.35106238913771953,1.1671159225922376,2.111792744304962,1.0584112082701176,1.0631008739117533,1.8920121349394321,0.40058374088355153,0.46118933372199533,0.27945379734970632
503,N5,167,AB,7,18,0.32354809699014964,0.12733959741890433,0.46907337317243214,0.38545953722639537,0.69805725941813423,0.060383834678966186,3264.5944368693827,2.122039649832129,0.19977342970510648,0.59470695311085975,0.35106238913771953,1.1671159225922376,2.111792744304962,1.0584112082701176,1.0631008739117533,1.8920121349394321,0.40058374088355153,0.45021837046369917,0.30668311711400748
504,N5,168,A,8,-1,0.32922959708487831,0.22304495386779311,0.3530697424896061,0.34318216586308836,0.58460626425761264,0.061345733088386402,105.18778754422067,2.0370415432543463,0.11511394068987317,0.47330311737582859,0.3426849974538318,1.0135586338409603,1.6659303088954018,1.1025799890048802,1.2572643525898457,2.3529315680265426,0.42514147385225332,0.73173774722963569,0.32916292094625532
505,N5,169,B,8,-1,0.26931240412302188,0.16513850148767234,0.41136179985478516,0.33261904857703206,0.63066007530147628,0.062569410414664295,34.461369788613695,2.0313240304444649,0.21327820417315763,0.52046968972976115,0.49000735122661876,1.103354838125397,2.6953828928916566,1.1273658232484012,1.1571698360610754,1.6415327757596971,0.43154477347972658,0.16745095010846855,0.38308328615501525
506,N5,170,AB,8,0,0.26931240412302188,0.22304495386779311,0.3530697424896061,0.34318216586308836,0.58460626425761264,0.061345733088386402,105.18778754422067,2.0370415432543463,0.11511394068987317,0.47330311737582859,0.3426849974538318,1.0135586338409603,1.6659303088954018,1.1025799890048802,1.2572643525898457,2.3529315680265426,0.42514147385225332,0.73173774722963569,0.32916292094625532
507,N5,171,AB,8,1,0.32922959708487831,0.16513850148767234,0.3530697424896061,0.34318216586308836,0.58460626425761264,0.061345733088386402,105.18778754422067,2.0370415432543463,0.11511394068987317,0.47330311737582859,0.3426849974538318,1.0135586338409603,1.6659303088954018,1.1025799890048802,1.2572643525898457,2.3529315680265426,0.42514147385225332,0.73173774722963569,0.32916292094625532
508,N5,172,AB,8,2,0.32922959708487831,0.22304495386779311,0.41136179985478516,0.34318216586308836,0.58460626425761264,0.061345733088386402,105.18778754422067,2.0370415432543463,0.11511394068987317,0.47330311737582859,0.3426849974538318,1.0135586338409603,1.6659303088954018,1.1025799890048802,1.2572643525898457,2.3529315680265426,0.42514147385225332,0.73173774722963569,0.32916292094625532
509,N5,173,AB,8,3,0.32922959708487831,0.22304495386779311,0.3530697424896061,0.33261904857703206,0.58460626425761264,0.061345733088386402,105.18778754422067,2.0370415432543463,0.11511394068987317,0.47330311737582859,0.3426849974538318,1.0135586338409603,1.6659303088954018,1.1025799890048802,1.2572643525898457,2.3529315680265426,0.42514147385225332,0.73173774722963569,0.32916292094625532
510,N5,174,AB,8,4,0.32922959708487831,0.22304495386779311,0.3530697424896061,0.34318216586308836,0.63066007530147628,0.061345733088386402,105.18778754422067,2.0370415432543463,0.11511394068987317,0.47330311737582859,0.3426849974538318,1.0135586338409603,1.6659303088954018,1.1025799890048802,1.2572643525898457,2.3529315680265426,0.42514147385225332,0.73173774722963569,0.32916292094625532
511,N5,175,AB,8,5,0.32922959708487831,0.22304495386779311,0.3530697424896061,0.34318216586308836,0.58460626425761264,0.062569410414664295,105.18778754422067,2.0370415432543463,0.11511394068987317,0.47330311737582859,0.3426849974538318,1.0135586338409603,1.6659303088954018,1.1025799890048802,1.2572643525898457,2.3529315680265426,0.42514147385225332,0.73173774722963569,0.32916292094625532
512,N5,176,AB,8,6,0.32922959708487831,0.22304495386779311,0.3530697424896061,0.34318216586308836,0.58460626425761264,0.061345733088386402,34.461369788613695,2.0370415432543463,0.11511394068987317,0.47330311737582859,0.3426849974538318,1.0135586338409603,1.6659303088954018,1.1025799890048802,1.2572643525898457,2.3529315680265426,0.42514147385225332,0.73173774722963569,0.32916292094625532
513,N5,177,AB,8,7,0.32922959708487831,0.22304495386779311,0.3530697424896061,0.34318216586308836,0.58460626425761264,0.061345733088386402,105.18778754422067,2.0313240304444649,0.11511394068987317,0.47330311737582859,0.3426849974538318,1.0135586338409603,1.6659303088954018,1.1025799890048802,1.2572643525898457,2.3529315680265426,0.42514147385225332,0.73173774722963569,0.32916292094625532
514,N5,178,AB,8,8,0.32922959708487831,0.22304495386779311,0.3530697424896061,0.34318216586308836,0.58460626425761264,0.061345733088386402,105.18778754422067,2.0370415432543463,0.21327820417315763,0.47330311737582859,0.3426849974538318,1.0135586338409603,1.6659303088954018,1.1025799890048802,1.2572643525898457,2.3529315680265426,0.42514147385225332,0.73173774722963569,0.32916292094625532
515,N5,179,AB,8,9,0.32922959708487831,0.22304495386779311,0.3530697424896061,0.34318216586308836,0.58460626425761264,0.061345733088386402,105.18778754422067,2.0370415432543463,0.11511394068987317,0.52046968972976115,0.3426849974538318,1.0135586338409603,1.6659303088954018,1.1025799890048802,1.2572643525898457,2.3529315680265426,0.42514147385225332,0.73173774722963569,0.32916292094625532
516,N5,180,AB,8,10,0.32922959708487831,0.22304495386779311,0.3530697424896061,0.34318216586308836,0.58460626425761264,0.061345733088386402,105.18778754422067,2.0370415432543463,0.11511394068987317,0.47330311737582859,0.49000735122661876,1.0135586338409603,1.6659303088954018,1.1025799890048802,1.2572643525898457,2.3529315680265426,0.42514147385225332,0.73173774722963569,0.32916292094625532
517,N5,181,AB,8,11,0.32922959708487831,0.22304495386779311,0.3530697424896061,0.34318216586308836,0.58460626425761264,0.061345733088386402,105.18778754422067,2.0370415432543463,0.11511394068987317,0.47330311737582859,0.3426849974538318,1.103354838125397,1.6659303088954018,1.1025799890048802,1.2572643525898457,2.3529315680265426,0.42514147385225332,0.73173774722963569,0.32916292094625532
518,N5,182,AB,8,12,0.32922959708487831,0.22304495386779311,0.3530697424896061,0.34318216586308836,0.58460626425761264,0.061345733088386402,105.18778754422067,2.0370415432543463,0.11511394068987317,0.47330311737582859,0.3426849974538318,1.0135586338409603,2.6953828928916566,1.1025799890048802,1.2572643525898457,2.3529315680265426,0.42514147385225332,0.73173774722963569,0.32916292094625532
519,N5,183,AB,8,13,0.32922959708487831,0.22304495386779311,0.3530697424896061,0.34318216586308836,0.58460626425761264,0.061345733088386402,105.18778754422067,2.0370415432543463,0.11511394068987317,0.47330311737582859,0.3426849974538318,1.0135586338409603,1.6659303088954018,1.1273658232484012,1.2572643525898457,2.3529315680265426,0.42514147385225332,0.73173774722963569,0.32916292094625532
520,N5,184,AB,8,14,0.32922959708487831,0.22304495386779311,0.3530697424896061,0.34318216586308836,0.58460626425761264,0.061345733088386402,105.18778754422067,2.0370415432543463,0.11511394068987317,0.47330311737582859,0.3426849974538318,1.0135586338409603,1.6659303088954018,1.1025799890048802,1.1571698360610754,2.3529315680265426,0.42514147385225332,0.73173774722963569,0.32916292094625532
521,N5,185,AB,8,15,0.32922959708487831,0.22304495386779311,0.3530697424896061,0.34318216586308836,0.58460626425761264,0.061345733088386402,105.18778754422067,2.0370415432543463,0.11511394068987317,0.47330311737582859,0.3426849974538318,1.0135586338409603,1.6659303088954018,1.1025799890048802,1.2572643525898457,1.6415327757596971,0.42514147385225332,0.73173774722963569,0.32916292094625532
522,N5,186,AB,8,16,0.32922959708487831,0.22304495386779311,0.3530697424896061,0.34318216586308836,0.58460626425761264,0.061345733088386402,105.18778754422067,2.0370415432543463,0.11511394068987317,0.47330311737582859,0.3426849974538318,1.0135586338409603,1.6659303088954018,1.1025799890048802,1.2572643525898457,2.3529315680265426,0.43154477347972658,0.73173774722963569,0.32916292094625532
523,N5,187,AB,8,17,0.32922959708487831,0.22304495386779311,0.3530697424896061,0.34318216586308836,0.58460626425761264,0.061345733088386402,105.18778754422067,2.0370415432543463,0.11511394068987317,0.47330311737582859,0.3426849974538318,1.0135586338409603,1.6659303088954018,1.1025799890048802,1.2572643525898457,2.3529315680265426,0.42514147385225332,0.16745095010846855,0.32916292094625532
524,N5,188,AB,8,18,0.32922959708487831,0.22304495386779311,0.3530697424896061,0.34318216586308836,0.58460626425761264,0.061345733088386402,105.18778754422067,2.0370415432543463,0.11511394068987317,0.47330311737582859,0.3426849974538318,1.0135586338409603,1.6659303088954018,1.1025799890048802,1.2572643525898457,2.3529315680265426,0.42514147385225332,0.73173774722963569,0.38308328615501525
525,N5,189,A,9,-1,0.26792831048225046,0.084585879743099224,0.48510518418624993,0.57059846546343751,0.75030814237577492,0.067676560427035862,226.82642645643955,1.7634068209247746,0.30158906126081508,0.63434056591074883,0.49274995318102649,0.88537843387598381,2.6542321574942642,1.065094504011795,1.1587796993087978,1.6816378206014635,0.37943818114810524,0.29266502065584066,0.39275706980377434
526,N5,190,B,9,-1,0.30544728372158647,0.059893187880516056,0.65741613721475001,0.52065872351196218,0.70345340336414242,0.065504146181503575,117.83692143715889,1.7398332627571929,0.22750239963215729,0.63544992664132094,0.37352931469692607,0.88933726139060643,2.0373763432845551,1.0798143057338894,1.2366797655820847,2.1144260384142397,0.37616480373840627,0.76167226349934936,0.3223759942408651
527,N5,191,AB,9,0,0.30544728372158647,0.084585879743099224,0.48510518418624993,0.57059846546343751,0.75030814237577492,0.067676560427035862,226.82642645643955,1.7634068209247746,0.30158906126081508,0.63434056591074883,0.49274995318102649,0.88537843387598381,2.6542321574942642,1.065094504011795,1.1587796993087978,1.6816378206014635,0.37943818114810524,0.29266502065584066,0.39275706980377434
528,N5,192,AB,9,1,0.26792831048225046,0.059893187880516056,0.48510518418624993,0.57059846546343751,0.75030814237577492,0.067676560427035862,226.82642645643955,1.7634068209247746,0.30158906126081508,0.63434056591074883,0.49274995318102649,0.88537843387598381,2.6542321574942642,1.065094504011795,1.1587796993087978,1.6816378206014635,0.37943818114810524,0.29266502065584066,0.39275706980377434
529,N5,193,AB,9,2,0.26792831048225046,0.084585879743099224,0.65741613721475001,0.57059846546343751,0.75030814237577492,0.067676560427035862,226.82642645643955,1.7634068209247746,0.30158906126081508,0.63434056591074883,0.49274995318102649,0.88537843387598381,2.6542321574942642,1.065094504011795,1.1587796993087978,1.6816378206014635,0.37943818114810524,0.29266502065584066,0.39275706980377434
530,N5,194,AB,9,3,0.26792831048225046,0.084585879743099224,0.48510518418624993,0.52065872351196218,0.75030814237577492,0.067676560427035862,226.82642645643955,1.7634068209247746,0.30158906126081508,0.63434056591074883,0.49274995318102649,0.88537843387598381,2.6542321574942642,1.065094504011795,1.1587796993087978,1.6816378206014635,0.37943818114810524,0.29266502065584066,0.39275706980377434
531,N5,195,AB,9,4,0.26792831048225046,0.084585879743099224,0.48510518418624993,0.57059846546343751,0.70345340336414242,0.067676560427035862,226.82642645643955,1.7634068209247746,0.30158906126081508,0.63434056591074883,0.49274995318102649,0.88537843387598381,2.6542321574942642,1.065094504011795,1.1587796993087978,1.6816378206014635,0.37943818114810524,0.29266502065584066,0.39275706980377434
532,N5,196,AB,9,5,0.26792831048225046,0.084585879743099224,0.48510518418624993,0.57059846546343751,0.75030814237577492,0.065504146181503575,226.82642645643955,1.7634068209247746,0.30158906126081508,0.63434056591074883,0.49274995318102649,0.88537843387598381,2.6542321574942642,1.065094504011795,1.1587796993087978,1.6816378206014635,0.37943818114810524,0.29266502065584066,0.39275706980377434
533,N5,197,AB,9,6,0.26792831048225046,0.084585879743099224,0.48510518418624993,0.57059846546343751,0.75030814237577492,0.067676560427035862,117.83692143715889,1.7634068209247746,0.30158906126081508,0.63434056591074883,0.49274995318102649,0.88537843387598381,2.6542321574942642,1.065094504011795,1.1587796993087978,1.6816378206014635,0.37943818114810524,0.29266502065584066,0.39275706980377434
534,N5,198,AB,9,7,0.26792831048225046,0.084585879743099224,0.48510518418624993,0.57059846546343751,0.75030814237577492,0.067676560427035862,226.82642645643955,1.7398332627571929,0.30158906126081508,0.63434056591074883,0.49274995318102649,0.88537843387598381,2.6542321574942642,1.065094504011795,1.1587796993087978,1.6816378206014635,0.37943818114810524,0.29266502065584066,0.39275706980377434
535,N5,199,AB,9,8,0.26792831048225046,0.084585879743099224,0.48510518418624993,0.57059846546343751,0.75030814237577492,0.067676560427035862,226.82642645643955,1.7634068209247746,0.22750239963215729,0.63434056591074883,0.49274995318102649,0.88537843387598381,2.6542321574942642,1.065094504011795,1.1587796993087978,1.6816378206014635,0.37943818114810524,0.29266502065584066,0.39275706980377434
536,N5,200,AB,9,9,0.26792831048225046,0.084585879743099224,0.48510518418624993,0.57059846546343751,0.75030814237577492,0.067676560427035862,226.82642645643955,1.7634068209247746,0.30158906126081508,0.63544992664132094,0.49274995318102649,0.88537843387598381,2.6542321574942642,1.065094504011795,1.1587796993087978,1.6816378206014635,0.37943818114810524,0.29266502065584066,0.39275706980377434
537,N5,201,AB,9,10,0.26792831048225046,0.084585879743099224,0.48510518418624993,0.57059846546343751,0.75030814237577492,0.067676560427035862,226.82642645643955,1.7634068209247746,0.30158906126081508,0.63434056591074883,0.37352931469692607,0.88537843387598381,2.6542321574942642,1.065094504011795,1.1587796993087978,1.6816378206014635,0.37943818114810524,0.29266502065584066,0.39275706980377434
538,N5,202,AB,9,11,0.26792831048225046,0.084585879743099224,0.48510518418624993,0.57059846546343751,0.75030814237577492,0.067676560427035862,226.82642645643955,1.7634068209247746,0.30158906126081508,0.63434056591074883,0.49274995318102649,0.88933726139060643,2.6542321574942642,1.065094504011795,1.1587796993087978,1.6816378206014635,0.37943818114810524,0.29266502065584066,0.39275706980377434
539,N5,203,AB,9,12,0.26792831048225046,0.084585879743099224,0.48510518418624993,0.57059846546343751,0.75030814237577492,0.067676560427035862,226.82642645643955,1.7634068209247746,0.30158906126081508,0.63434056591074883,0.49274995318102649,0.88537843387598381,2.0373763432845551,1.065094504011795,1.1587796993087978,1.6816378206014635,0.37943818114810524,0.29266502065584066,0.39275706980377434
540,N5,204,AB,9,13,0.26792831048225046,0.084585879743099224,0.48510518418624993,0.57059846546343751,0.75030814237577492,0.067676560427035862,226.82642645643955,1.7634068209247746,0.30158906126081508,0.63434056591074883,0.49274995318102649,0.88537843387598381,2.6542321574942642,1.0798143057338894,1.1587796993087978,1.6816378206014635,0.37943818114810524,0.29266502065584066,0.39275706980377434
541,N5,205,AB,9,14,0.26792831048225046,0.084585879743099224,0.48510518418624993,0.57059846546343751,0.75030814237577492,0.067676560427035862,226.82642645643955,1.7634068209247746,0.30158906126081508,0.63434056591074883,0.49274995318102649,0.88537843387598381,2.6542321574942642,1.065094504011795,1.2366797655820847,1.6816378206014635,0.37943818114810524,0.29266502065584066,0.39275706980377434
542,N5,206,AB,9,15,0.26792831048225046,0.084585879743099224,0.48510518418624993,0.57059846546343751,0.75030814237577492,0.067676560427035862,226.82642645643955,1.7634068209247746,0.30158906126081508,0.63434056591074883,0.49274995318102649,0.88537843387598381,2.6542321574942642,1.065094504011795,1.1587796993087978,2.1144260384142397,0.37943818114810524,0.29266502065584066,0.39275706980377434
543,N5,207,AB,9,16,0.26792831048225046,0.084585879743099224,0.48510518418624993,0.57059846546343751,0.75030814237577492,0.067676560427035862,226.82642645643955,1.7634068209247746,0.30158906126081508,0.63434056591074883,0.49274995318102649,0.88537843387598381,2.6542321574942642,1.065094504011795,1.1587796993087978,1.6816378206014635,0.37616480373840627,0.29266502065584066,0.39275706980377434
544,N5,208,AB,9,17,0.26792831048225046,0.084585879743099224,0.48510518418624993,0.57059846546343751,0.75030814237577492,0.067676560427035862,226.82642645643955,1.7634068209247746,0.30158906126081508,0.63434056591074883,0.49274995318102649,0.88537843387598381,2.6542321574942642,1.065094504011795,1.1587796993087978,1.6816378206014635,0.37943818114810524,0.76167226349934936,0.39275706980377434
545,N5,209,AB,9,18,0.26792831048225046,0.084585879743099224,0.48510518418624993,0.57059846546343751,0.75030814237577492,0.067676560427035862,226.82642645643955,1.7634068209247746,0.30158906126081508,0.63434056591074883,0.49274995318102649,0.88537843387598381,2.6542321574942642,1.065094504011795,1.1587796993087978,1.6816378206014635,0.37943818114810524,0.29266502065584066,0.3223759942408651
546,N5,210,A,10,-1,0.29494479009648655,0.18762402459979061,0.20058536464348437,0.39521788415288567,0.78317048084613061,0.07499453741453728,4.0916911033124013,1.9235984117241853,0.24004478122827325,0.73546361106096414,0.4275023616509695,0.67625380946384683,2.124617942796482,1.1443029003031551,1.0856078981421888,2.1066848270595075,0.3835315428850683,0.81743558589369059,0.43340106166899206
547,N5,211,B,10,-1,0.27747989242939641,0.20359719861298803,0.54402575530111785,0.35876861037188307,0.60246625110866403,0.06077067499720612,1580.493482727456,2.1169897960106758,0.26767432421306514,0.4214834902339113,0.30410768847090514,0.93620763915765193,2.4225204710720232,1.1115637338347732,1.2685678679961712,2.369403078407049,0.39852283389295579,0.50519342431798575,0.43471285342238841
548,N5,212,AB,10,0,0.27747989242939641,0.18762402459979061,0.20058536464348437,0.39521788415288567,0.78317048084613061,0.07499453741453728,4.0916911033124013,1.9235984117241853,0.24004478122827325,0.73546361106096414,0.4275023616509695,0.67625380946384683,2.124617942796482,1.1443029003031551,1.0856078981421888,2.1066848270595075,0.3835315428850683,0.81743558589369059,0.43340106166899206
549,N5,213,AB,10,1,0.29494479009648655,0.20359719861298803,0.20058536464348437,0.39521788415288567,0.78317048084613061,0.07499453741453728,4.0916911033124013,1.9235984117241853,0.24004478122827325,0.73546361106096414,0.4275023616509695,0.67625380946384683,2.124617942796482,1.1443029003031551,1.0856078981421888,2.1066848270595075,0.3835315428850683,0.81743558589369059,0.43340106166899206
550,N5,214,AB,10,2,0.29494479009648655,0.18762402459979061,0.54402575530111785,0.39521788415288567,0.78317048084613061,0.07499453741453728,4.0916911033124013,1.9235984117241853,0.24004478122827325,0.73546361106096414,0.4275023616509695,0.67625380946384683,2.124617942796482,1.1443029003031551,1.0856078981421888,2.1066848270595075,0.3835315428850683,0.81743558589369059,0.43340106166899206
551,N5,215,AB,10,3,0.29494479009648655,0.18762402459979061,0.20058536464348437,0.35876861037188307,0.78317048084613061,0.07499453741453728,4.0916911033124013,1.9235984117241853,0.24004478122827325,0.73546361106096414,0.4275023616509695,0.67625380946384683,2.124617942796482,1.1443029003031551,1.0856078981421888,2.1066848270595075,0.3835315428850683,0.81743558589369059,0.43340106166899206
552,N5,216,AB,10,4,0.29494479009648655,0.18762402459979061,0.20058536464348437,0.39521788415288567,0.60246625110866403,0.07499453741453728,4.0916911033124013,1.9235984117241853,0.24004478122827325,0.73546361106096414,0.4275023616509695,0.67625380946384683,2.124617942796482,1.1443029003031551,1.0856078981421888,2.1066848270595075,0.3835315428850683,0.81743558589369059,0.43340106166899206
553,N5,217,AB,10,5,0.29494479009648655,0.18762402459979061,0.20058536464348437,0.39521788415288567,0.78317048084613061,0.06077067499720612,4.0916911033124013,1.9235984117241853,0.24004478122827325,0.73546361106096414,0.4275023616509695,0.67625380946384683,2.124617942796482,1.1443029003031551,1.0856078981421888,2.1066848270595075,0.3835315428850683,0.81743558589369059,0.43340106166899206
554,N5,218,AB,10,6,0.29494479009648655,0.18762402459979061,0.20058536464348437,0.39521788415288567,0.78317048084613061,0.07499453741453728,1580.493482727456,1.9235984117241853,0.24004478122827325,0.73546361106096414,0.4275023616509695,0.67625380946384683,2.124617942796482,1.1443029003031551,1.0856078981421888,2.1066848270595075,0.3835315428850683,0.81743558589369059,0.43340106166899206
555,N5,219,AB,10,7,0.29494479009648655,0.18762402459979061,0.20058536464348437,0.39521788415288567,0.78317048084613061,0.07499453741453728,4.0916911033124013,2.1169897960106758,0.24004478122827325,0.73546361106096414,0.4275023616509695,0.67625380946384683,2.124617942796482,1.1443029003031551,1.0856078981421888,2.1066848270595075,0.3835315428850683,0.81743558589369059,0.43340106166899206
556,N5,220,AB,10,8,0.29494479009648655,0.18762402459979061,0.20058536464348437,0.39521788415288567,0.78317048084613061,0.07499453741453728,4.0916911033124013,1.9235984117241853,0.26767432421306514,0.73546361106096414,0.4275023616509695,0.67625380946384683,2.124617942796482,1.1443029003031551,1.0856078981421888,2.1066848270595075,0.3835315428850683,0.81743558589369059,0.43340106166899206
557,N5,221,AB,10,9,0.29494479009648655,0.18762402459979061,0.20058536464348437,0.39521788415288567,0.78317048084613061,0.07499453741453728,4.0916911033124013,1.9235984117241853,0.24004478122827325,0.4214834902339113,0.4275023616509695,0.67625380946384683,2.124617942796482,1.1443029003031551,1.0856078981421888,2.1066848270595075,0.3835315428850683,0.81743558589369059,0.43340106166899206
558,N5,222,AB,10,10,0.29494479009648655,0.18762402459979061,0.20058536464348437,0.39521788415288567,0.78317048084613061,0.07499453741453728,4.0916911033124013,1.9235984117241853,0.24004478122827325,0.73546361106096414,0.30410768847090514,0.67625380946384683,2.124617942796482,1.1443029003031551,1.0856078981421888,2.1066848270595075,0.3835315428850683,0.81743558589369059,0.43340106166899206
559,N5,223,AB,10,11,0.29494479009648655,0.18762402459979061,0.20058536464348437,0.39521788415288567,0.78317048084613061,0.07499453741453728,4.0916911033124013,1.9235984117241853,0.24004478122827325,0.73546361106096414,0.4275023616509695,0.93620763915765193,2.124617942796482,1.1443029003031551,1.0856078981421888,2.1066848270595075,0.3835315428850683,0.81743558589369059,0.43340106166899206
560,N5,224,AB,10,12,0.29494479009648655,0.18762402459979061,0.20058536464348437,0.39521788415288567,0.78317048084613061,0.07499453741453728,4.0916911033124013,1.9235984117241853,0.24004478122827325,0.73546361106096414,0.4275023616509695,0.67625380946384683,2.4225204710720232,1.1443029003031551,1.0856078981421888,2.1066848270595075,0.3835315428850683,0.81743558589369059,0.43340106166899206
561,N5,225,AB,10,13,0.29494479009648655,0.18762402459979061,0.20058536464348437,0.39521788415288567,0.78317048084613061,0.07499453741453728,4.0916911033124013,1.9235984117241853,0.24004478122827325,0.73546361106096414,0.4275023616509695,0.67625380946384683,2.124617942796482,1.1115637338347732,1.0856078981421888,2.1066848270595075,0.3835315428850683,0.81743558589369059,0.43340106166899206
562,N5,226,AB,10,14,0.29494479009648655,0.18762402459979061,0.20058536464348437,0.39521788415288567,0.78317048084613061,0.07499453741453728,4.0916911033124013,1.9235984117241853,0.24004478122827325,0.73546361106096414,0.4275023616509695,0.67625380946384683,2.124617942796482,1.1443029003031551,1.2685678679961712,2.1066848270595075,0.3835315428850683,0.81743558589369059,0.43340106166899206
563,N5,227,AB,10,15,0.29494479009648655,0.18762402459979061,0.20058536464348437,0.39521788415288567,0.78317048084613061,0.07499453741453728,4.0916911033124013,1.9235984117241853,0.24004478122827325,0.73546361106096414,0.4275023616509695,0.67625380946384683,2.124617942796482,1.1443029003031551,1.0856078981421888,2.369403078407049,0.3835315428850683,0.81743558589369059,0.43340106166899206
564,N5,228,AB,10,16,0.29494479009648655,0.18762402459979061,0.20058536464348437,0.39521788415288567,0.78317048084613061,0.07499453741453728,4.0916911033124013,1.9235984117241853,0.24004478122827325,0.73546361106096414,0.4275023616509695,0.67625380946384683,2.124617942796482,1.1443029003031551,1.0856078981421888,2.1066848270595075,0.39852283389295579,0.81743558589369059,0.43340106166899206
565,N5,229,AB,10,17,0.29494479009648655,0.18762402459979061,0.20058536464348437,0.39521788415288567,0.78317048084613061,0.07499453741453728,4.0916911033124013,1.9235984117241853,0.24004478122827325,0.73546361106096414,0.4275023616509695,0.67625380946384683,2.124617942796482,1.1443029003031551,1.0856078981421888,2.1066848270595075,0.3835315428850683,0.50519342431798575,0.43340106166899206
566,N5,230,AB,10,18,0.29494479009648655,0.18762402459979061,0.20058536464348437,0.39521788415288567,0.78317048084613061,0.07499453741453728,4.0916911033124013,1.9235984117241853,0.24004478122827325,0.73546361106096414,0.4275023616509695,0.67625380946384683,2.124617942796482,1.1443029003031551,1.0856078981421888,2.1066848270595075,0.3835315428850683,0.81743558589369059,0.43471285342238841
567,N5,231,A,11,-1,0.30369508324908284,0.1008389089256525,0.63733880901709195,0.46121516075250618,0.63730651424595819,0.063728635762872785,1527.117032366921,2.1434241414364061,0.19107164269745974,0.53524968055991773,0.39415660636587024,0.97039821242286184,2.3479889852775995,1.0274042063485831,1.2054281238932163,1.8274961821734905,0.42897983306136667,0.35816314322873954,0.26467892457731068
568,N5,232,B,11,-1,0.33572722111627518,0.12134975977241994,0.30572658013552428,0.40434225068290097,0.91376523814734822,0.070752191390679051,14.275500655893445,1.943460372498109,0.17020782166114548,0.79020261826039384,0.4145914426964919,0.6894502080063285,2.2715858967577964,1.029607210205868,1.0629598323255778,1.8996350541710854,0.41203462714189093,0.87469281405210497,0.27983823517337442
569,N5,233,AB,11,0,0.33572722111627518,0.1008389089256525,0.63733880901709195,0.46121516075250618,0.63730651424595819,0.063728635762872785,1527.117032366921,2.1434241414364061,0.19107164269745974,0.53524968055991773,0.39415660636587024,0.97039821242286184,2.3479889852775995,1.0274042063485831,1.2054281238932163,1.8274961821734905,0.42897983306136667,0.35816314322873954,0.26467892457731068
570,N5,234,AB,11,1,0.30369508324908284,0.12134975977241994,0.63733880901709195,0.46121516075250618,0.63730651424595819,0.063728635762872785,1527.117032366921,2.1434241414364061,0.19107164269745974,0.53524968055991773,0.39415660636587024,0.97039821242286184,2.3479889852775995,1.0274042063485831,1.2054281238932163,1.8274961821734905,0.42897983306136667,0.35816314322873954,0.26467892457731068
571,N5,235,AB,11,2,0.30369508324908284,0.1008389089256525,0.30572658013552428,0.46121516075250618,0.63730651424595819,0.063728635762872785,1527.117032366921,2.1434241414364061,0.19107164269745974,0.53524968055991773,0.39415660636587024,0.97039821242286184,2.3479889852775995,1.0274042063485831,1.2054281238932163,1.8274961821734905,0.42897983306136667,0.35816314322873954,0.26467892457731068
572,N5,236,AB,11,3,0.30369508324908284,0.1008389089256525,0.63733880901709195,0.40434225068290097,0.63730651424595819,0.063728635762872785,1527.117032366921,2.1434241414364061,0.19107164269745974,0.53524968055991773,0.39415660636587024,0.97039821242286184,2.3479889852775995,1.0274042063485831,1.2054281238932163,1.8274961821734905,0.42897983306136667,0.35816314322873954,0.26467892457731068
573,N5,237,AB,11,4,0.30369508324908284,0.1008389089256525,0.63733880901709195,0.46121516075250618,0.91376523814734822,0.063728635762872785,1527.117032366921,2.1434241414364061,0.19107164269745974,0.53524968055991773,0.39415660636587024,0.97039821242286184,2.3479889852775995,1.0274042063485831,1.2054281238932163,1.8274961821734905,0.42897983306136667,0.35816314322873954,0.26467892457731068
574,N5,238,AB,11,5,0.30369508324908284,0.1008389089256525,0.63733880901709195,0.46121516075250618,0.63730651424595819,0.070752191390679051,1527.117032366921,2.1434241414364061,0.19107164269745974,0.53524968055991773,0.39415660636587024,0.97039821242286184,2.3479889852775995,1.0274042063485831,1.2054281238932163,1.8274961821734905,0.42897983306136667,0.35816314322873954,0.26467892457731068
575,N5,239,AB,11,6,0.30369508324908284,0.1008389089256525,0.63733880901709195,0.46121516075250618,0.63730651424595819,0.063728635762872785,14.275500655893445,2.1434241414364061,0.19107164269745974,0.53524968055991773,0.39415660636587024,0.97039821242286184,2.3479889852775995,1.0274042063485831,1.2054281238932163,1.8274961821734905,0.42897983306136667,0.35816314322873954,0.26467892457731068
576,N5,240,AB,11,7,0.30369508324908284,0.1008389089256525,0.63733880901709195,0.46121516075250618,0.63730651424595819,0.063728635762872785,1527.117032366921,1.943460372498109,0.19107164269745974,0.53524968055991773,0.39415660636587024,0.97039821242286184,2.3479889852775995,1.0274042063485831,1.2054281238932163,1.8274961821734905,0.42897983306136667,0.35816314322873954,0.26467892457731068
577,N5,241,AB,11,8,0.30369508324908284,0.1008389089256525,0.63733880901709195,0.46121516075250618,0.63730651424595819,0.063728635762872785,1527.117032366921,2.1434241414364061,0.17020782166114548,0.53524968055991773,0.39415660636587024,0.97039821242286184,2.3479889852775995,1.0274042063485831,1.2054281238932163,1.8274961821734905,0.42897983306136667,0.35816314322873954,0.26467892457731068
578,N5,242,AB,11,9,0.30369508324908284,0.1008389089256525,0.63733880901709195,0.46121516075250618,0.63730651424595819,0.063728635762872785,1527.117032366921,2.1434241414364061,0.19107164269745974,0.79020261826039384,0.39415660636587024,0.97039821242286184,2.3479889852775995,1.0274042063485831,1.2054281238932163,1.8274961821734905,0.42897983306136667,0.35816314322873954,0.26467892457731068
579,N5,243,AB,11,10,0.30369508324908284,0.1008389089256525,0.63733880901709195,0.46121516075250618,0.63730651424595819,0.063728635762872785,1527.117032366921,2.1434241414364061,0.19107164269745974,0.53524968055991773,0.4145914426964919,0.97039821242286184,2.3479889852775995,1.0274042063485831,1.2054281238932163,1.8274961821734905,0.42897983306136667,0.35816314322873954,0.26467892457731068
580,N5,244,AB,11,11,0.30369508324908284,0.1008389089256525,0.63733880901709195,0.46121516075250618,0.63730651424595819,0.063728635762872785,1527.117032366921,2.1434241414364061,0.19107164269745974,0.53524968055991773,0.39415660636587024,0.6894502080063285,2.3479889852775995,1.0274042063485831,1.2054281238932163,1.8274961821734905,0.42897983306136667,0.35816314322873954,0.26467892457731068
581,N5,245,AB,11,12,0.30369508324908284,0.1008389089256525,0.63733880901709195,0.46121516075250618,0.63730651424595819,0.063728635762872785,1527.117032366921,2.1434241414364061,0.19107164269745974,0.53524968055991773,0.39415660636587024,0.97039821242286184,2.2715858967577964,1.0274042063485831,1.2054281238932163,1.8274961821734905,0.42897983306136667,0.35816314322873954,0.26467892457731068
582,N5,246,AB,11,13,0.30369508324908284,0.1008389089256525,0.63733880901709195,0.46121516075250618,0.63730651424595819,0.063728635762872785,1527.117032366921,2.1434241414364061,0.19107164269745974,0.53524968055991773,0.39415660636587024,0.97039821242286184,2.3479889852775995,1.029607210205868,1.2054281238932163,1.8274961821734905,0.42897983306136667,0.35816314322873954,0.26467892457731068
583,N5,247,AB,11,14,0.30369508324908284,0.1008389089256525,0.63733880901709195,0.46121516075250618,0.63730651424595819,0.063728635762872785,1527.117032366921,2.1434241414364061,0.19107164269745974,0.53524968055991773,0.39415660636587024,0.97039821242286184,2.3479889852775995,1.0274042063485831,1.0629598323255778,1.8274961821734905,0.42897983306136667,0.35816314322873954,0.26467892457731068
584,N5,248,AB,11,15,0.30369508324908284,0.1008389089256525,0.63733880901709195,0.46121516075250618,0.63730651424595819,0.063728635762872785,1527.117032366921,2.1434241414364061,0.19107164269745974,0.53524968055991773,0.39415660636587024,0.97039821242286184,2.3479889852775995,1.0274042063485831,1.2054281238932163,1.8996350541710854,0.42897983306136667,0.35816314322873954,0.26467892457731068
585,N5,249,AB,11,16,0.30369508324908284,0.1008389089256525,0.63733880901709195,0.46121516075250618,0.63730651424595819,0.063728635762872785,1527.117032366921,2.1434241414364061,0.19107164269745974,0.53524968055991773,0.39415660636587024,0.97039821242286184,2.3479889852775995,1.0274042063485831,1.2054281238932163,1.8274961821734905,0.41203462714189093,0.35816314322873954,0.26467892457731068
586,N5,250,AB,11,17,0.30369508324908284,0.1008389089256525,0.63733880901709195,0.46121516075250618,0.63730651424595819,0.063728635762872785,1527.117032366921,2.1434241414364061,0.19107164269745974,0.53524968055991773,0.39415660636587024,0.97039821242286184,2.3479889852775995,1.0274042063485831,1.2054281238932163,1.8274961821734905,0.42897983306136667,0.87469281405210497,0.26467892457731068
587,N5,251,AB,11,18,0.30369508324908284,0.1008389089256525,0.63733880901709195,0.46121516075250618,0.63730651424595819,0.063728635762872785,1527.117032366921,2.1434241414364061,0.19107164269745974,0.53524968055991773,0.39415660636587024,0.97039821242286184,2.3479889852775995,1.0274042063485831,1.2054281238932163,1.8274961821734905,0.42897983306136667,0.35816314322873954,0.27983823517337442
588,N5,252,A,12,-1,0.3081894365219392,0.15970433801412581,0.55452370019629593,0.41955486083744709,0.66882098980130888,0.060719280412336159,11.028601563433236,1.9886652412890311,0.22942547571287158,0.58819789099600839,0.4490108088478037,0.94287090655273553,2.2601162654119578,1.0706062489934265,1.2213243804406375,1.9155654966831208,0.44560416941540193,0.54663578569889071,0.40423548108898105
589,N5,253,B,12,-1,0.24185358816751024,0.19812653735280039,0.36209914209321137,0.38772947026507665,0.78612475165771301,0.076526823007749351,907.43789220600604,2.1813317673583614,0.249450470287786,0.55733499124380936,0.62252769021134569,0.98708943685376871,2.5328889602542701,1.0455719813145696,1.2705656387377531,2.0920198880136014,0.35312867082267707,0.59763156874105339,0.29258339933119715
590,N5,254,AB,12,0,0.24185358816751024,0.15970433801412581,0.55452370019629593,0.41955486083744709,0.66882098980130888,0.060719280412336159,11.028601563433236,1.9886652412890311,0.22942547571287158,0.58819789099600839,0.4490108088478037,0.94287090655273553,2.2601162654119578,1.0706062489934265,1.2213243804406375,1.9155654966831208,0.44560416941540193,0.54663578569889071,0.40423548108898105
591,N5,255,AB,12,1,0.3081894365219392,0.19812653735280039,0.55452370019629593,0.41955486083744709,0.66882098980130888,0.060719280412336159,11.028601563433236,1.9886652412890311,0.22942547571287158,0.58819789099600839,0.4490108088478037,0.94287090655273553,2.2601162654119578,1.0706062489934265,1.2213243804406375,1.9155654966831208,0.44560416941540193,0.54663578569889071,0.40423548108898105
592,N5,256,AB,12,2,0.3081894365219392,0.15970433801412581,0.36209914209321137,0.41955486083744709,0.66882098980130888,0.060719280412336159,11.028601563433236,1.9886652412890311,0.22942547571287158,0.58819789099600839,0.4490108088478037,0.94287090655273553,2.2601162654119578,1.0706062489934265,1.2213243804406375,1.9155654966831208,0.44560416941540193,0.54663578569889071,0.40423548108898105
593,N5,257,AB,12,3,0.3081894365219392,0.15970433801412581,0.55452370019629593,0.38772947026507665,0.66882098980130888,0.060719280412336159,11.028601563433236,1.9886652412890311,0.22942547571287158,0.58819789099600839,0.4490108088478037,0.94287090655273553,2.2601162654119578,1.0706062489934265,1.2213243804406375,1.9155654966831208,0.44560416941540193,0.54663578569889071,0.40423548108898105
594,N5,258,AB,12,4,0.3081894365219392,0.15970433801412581,0.55452370019629593,0.41955486083744709,0.78612475165771301,0.060719280412336159,11.028601563433236,1.9886652412890311,0.22942547571287158,0.58819789099600839,0.4490108088478037,0.94287090655273553,2.2601162654119578,1.0706062489934265,1.2213243804406375,1.9155654966831208,0.44560416941540193,0.54663578569889071,0.40423548108898105
595,N5,259,AB,12,5,0.3081894365219392,0.15970433801412581,0.55452370019629593,0.41955486083744709,0.66882098980130888,0.076526823007749351,11.028601563433236,1.9886652412890311,0.22942547571287158,0.58819789099600839,0.4490108088478037,0.94287090655273553,2.2601162654119578,1.0706062489934265,1.2213243804406375,1.9155654966831208,0.44560416941540193,0.54663578569889071,0.40423548108898105
596,N5,260,AB,12,6,0.3081894365219392,0.15970433801412581,0.55452370019629593,0.41955486083744709,0.66882098980130888,0.060719280412336159,907.43789220600604,1.9886652412890311,0.22942547571287158,0.58819789099600839,0.4490108088478037,0.94287090655273553,2.2601162654119578,1.0706062489934265,1.2213243804406375,1.9155654966831208,0.44560416941540193,0.54663578569889071,0.40423548108898105
597,N5,261,AB,12,7,0.3081894365219392,0.15970433801412581,0.55452370019629593,0.41955486083744709,0.66882098980130888,0.060719280412336159,11.028601563433236,2.1813317673583614,0.22942547571287158,0.58819789099600839,0.4490108088478037,0.94287090655273553,2.2601162654119578,1.0706062489934265,1.2213243804406375,1.9155654966831208,0.44560416941540193,0.54663578569889071,0.40423548108898105
598,N5,262,AB,12,8,0.3081894365219392,0.15970433801412581,0.55452370019629593,0.41955486083744709,0.66882098980130888,0.060719280412336159,11.028601563433236,1.9886652412890311,0.249450470287786,0.58819789099600839,0.4490108088478037,0.94287090655273553,2.2601162654119578,1.0706062489934265,1.2213243804406375,1.9155654966831208,0.44560416941540193,0.54663578569889071,0.40423548108898105
599,N5,263,AB,12,9,0.3081894365219392,0.15970433801412581,0.55452370019629593,0.41955486083744709,0.66882098980130888,0.060719280412336159,11.028601563433236,1.9886652412890311,0.22942547571287158,0.55733499124380936,0.4490108088478037,0.94287090655273553,2.2601162654119578,1.0706062489934265,1.2213243804406375,1.9155654966831208,0.44560416941540193,0.54663578569889071,0.40423548108898105
600,N5,264,AB,12,10,0.3081894365219392,0.15970433801412581,0.55452370019629593,0.41955486083744709,0.66882098980130888,0.060719280412336159,11.028601563433236,1.9886652412890311,0.22942547571287158,0.58819789099600839,0.62252769021134569,0.94287090655273553,2.2601162654119578,1.0706062489934265,1.2213243804406375,1.9155654966831208,0.44560416941540193,0.54663578569889071,0.40423548108898105
601,N5,265,AB,12,11,0.3081894365219392,0.15970433801412581,0.55452370019629593,0.41955486083744709,0.66882098980130888,0.060719280412336159,11.028601563433236,1.9886652412890311,0.22942547571287158,0.58819789099600839,0.4490108088478037,0.98708943685376871,2.2601162654119578,1.0706062489934265,1.2213243804406375,1.9155654966831208,0.44560416941540193,0.54663578569889071,0.40423548108898105
602,N5,266,AB,12,12,0.3081894365219392,0.15970433801412581,0.55452370019629593,0.41955486083744709,0.66882098980130888,0.060719280412336159,11.028601563433236,1.9886652412890311,0.22942547571287158,0.58819789099600839,0.4490108088478037,0.94287090655273553,2.5328889602542701,1.0706062489934265,1.2213243804406375,1.9155654966831208,0.44560416941540193,0.54663578569889071,0.40423548108898105
603,N5,267,AB,12,13,0.3081894365219392,0.15970433801412581,0.55452370019629593,0.41955486083744709,0.66882098980130888,0.060719280412336159,11.028601563433236,1.9886652412890311,0.22942547571287158,0.58819789099600839,0.4490108088478037,0.94287090655273553,2.2601162654119578,1.0455719813145696,1.2213243804406375,1.9155654966831208,0.44560416941540193,0.54663578569889071,0.40423548108898105
604,N5,268,AB,12,14,0.3081894365219392,0.15970433801412581,0.55452370019629593,0.41955486083744709,0.66882098980130888,0.060719280412336159,11.028601563433236,1.9886652412890311,0.22942547571287158,0.58819789099600839,0.4490108088478037,0.94287090655273553,2.2601162654119578,1.0706062489934265,1.2705656387377531,1.9155654966831208,0.44560416941540193,0.54663578569889071,0.40423548108898105
605,N5,269,AB,12,15,0.3081894365219392,0.15970433801412581,0.55452370019629593,0.41955486083744709,0.66882098980130888,0.060719280412336159,11.028601563433236,1.9886652412890311,0.22942547571287158,0.58819789099600839,0.4490108088478037,0.94287090655273553,2.2601162654119578,1.0706062489934265,1.2213243804406375,2.0920198880136014,0.44560416941540193,0.54663578569889071,0.40423548108898105
606,N5,270,AB,12,16,0.3081894365219392,0.15970433801412581,0.55452370019629593,0.41955486083744709,0.66882098980130888,0.060719280412336159,11.028601563433236,1.9886652412890311,0.22942547571287158,0.58819789099600839,0.4490108088478037,0.94287090655273553,2.2601162654119578,1.0706062489934265,1.2213243804406375,1.9155654966831208,0.35312867082267707,0.54663578569889071,0.40423548108898105
607,N5,271,AB,12,17,0.3081894365219392,0.15970433801412581,0.55452370019629593,0.41955486083744709,0.66882098980130888,0.060719280412336159,11.028601563433236,1.9886652412890311,0.22942547571287158,0.58819789099600839,0.4490108088478037,0.94287090655273553,2.2601162654119578,1.0706062489934265,1.2213243804406375,1.9155654966831208,0.44560416941540193,0.59763156874105339,0.40423548108898105
608,N5,272,AB,12,18,0.3081894365219392,0.15970433801412581,0.55452370019629593,0.41955486083744709,0.66882098980130888,0.060719280412336159,11.028601563433236,1.9886652412890311,0.22942547571287158,0.58819789099600839,0.4490108088478037,0.94287090655273553,2.2601162654119578,1.0706062489934265,1.2213243804406375,1.9155654966831208,0.44560416941540193,0.54663578569889071,0.29258339933119715
609,N5,273,A,13,-1,0.27830440340675044,0.14790551476180552,0.40729278447106476,0.36319088930643068,0.84298205783661706,0.065353758690464225,908.32222216524053,2.1724779894304462,0.20206937965548236,0.49664663800780567,0.37476178939206134,0.7451075719404131,2.4384048430655394,1.0981804631184786,1.0697191499173642,2.0440034091472628,0.39350130020748364,0.98055140385404227,0.29393741449341182
610,N5,274,B,13,-1,0.31412323521382124,0.076816604845225817,0.61597959911450739,0.45670575440392325,0.53094540823556502,0.061975005268952832,7.3333102279615918,1.9840014861382445,0.19650387657398061,0.59607958063689881,0.40909739979314058,0.76693317772504288,1.8739203596202221,1.0956625613290816,1.1001056239008904,1.7645247653126717,0.47898933088908108,0.22159531209617855,0.42196912752464416
611,N5,275,AB,13,0,0.31412323521382124,0.14790551476180552,0.40729278447106476,0.36319088930643068,0.84298205783661706,0.065353758690464225,908.32222216524053,2.1724779894304462,0.20206937965548236,0.49664663800780567,0.37476178939206134,0.7451075719404131,2.4384048430655394,1.0981804631184786,1.0697191499173642,2.0440034091472628,0.39350130020748364,0.98055140385404227,0.29393741449341182
612,N5,276,AB,13,1,0.27830440340675044,0.076816604845225817,0.40729278447106476,0.36319088930643068,0.84298205783661706,0.065353758690464225,908.32222216524053,2.1724779894304462,0.20206937965548236,0.49664663800780567,0.37476178939206134,0.7451075719404131,2.4384048430655394,1.0981804631184786,1.0697191499173642,2.0440034091472628,0.39350130020748364,0.98055140385404227,0.29393741449341182
613,N5,277,AB,13,2,0.27830440340675044,0.14790551476180552,0.61597959911450739,0.36319088930643068,0.84298205783661706,0.065353758690464225,908.32222216524053,2.1724779894304462,0.20206937965548236,0.49664663800780567,0.37476178939206134,0.7451075719404131,2.4384048430655394,1.0981804631184786,1.0697191499173642,2.0440034091472628,0.39350130020748364,0.98055140385404227,0.29393741449341182
614,N5,278,AB,13,3,0.27830440340675044,0.14790551476180552,0.40729278447106476,0.45670575440392325,0.84298205783661706,0.065353758690464225,908.32222216524053,2.1724779894304462,0.20206937965548236,0.49664663800780567,0.37476178939206134,0.7451075719404131,2.4384048430655394,1.0981804631184786,1.0697191499173642,2.0440034091472628,0.39350130020748364,0.98055140385404227,0.29393741449341182
615,N5,279,AB,13,4,0.27830440340675044,0.14790551476180552,0.40729278447106476,0.36319088930643068,0.53094540823556502,0.065353758690464225,908.32222216524053,2.1724779894304462,0.20206937965548236,0.49664663800780567,0.37476178939206134,0.7451075719404131,2.4384048430655394,1.0981804631184786,1.0697191499173642,2.0440034091472628,0.39350130020748364,0.98055140385404227,0.29393741449341182
616,N5,280,AB,13,5,0.27830440340675044,0.14790551476180552,0.40729278447106476,0.36319088930643068,0.84298205783661706,0.061975005268952832,908.32222216524053,2.1724779894304462,0.20206937965548236,0.49664663800780567,0.37476178939206134,0.7451075719404131,2.4384048430655394,1.0981804631184786,1.0697191499173642,2.0440034091472628,0.39350130020748364,0.98055140385404227,0.29393741449341182
617,N5,281,AB,13,6,0.27830440340675044,0.14790551476180552,0.40729278447106476,0.36319088930643068,0.84298205783661706,0.065353758690464225,7.3333102279615918,2.1724779894304462,0.20206937965548236,0.49664663800780567,0.37476178939206134,0.7451075719404131,2.4384048430655394,1.0981804631184786,1.0697191499173642,2.0440034091472628,0.39350130020748364,0.98055140385404227,0.29393741449341182
618,N5,282,AB,13,7,0.27830440340675044,0.14790551476180552,0.40729278447106476,0.36319088930643068,0.84298205783661706,0.065353758690464225,908.32222216524053,1.9840014861382445,0.20206937965548236,0.49664663800780567,0.37476178939206134,0.7451075719404131,2.4384048430655394,1.0981804631184786,1.0697191499173642,2.0440034091472628,0.39350130020748364,0.98055140385404227,0.29393741449341182
619,N5,283,AB,13,8,0.27830440340675044,0.14790551476180552,0.40729278447106476,0.36319088930643068,0.84298205783661706,0.065353758690464225,908.32222216524053,2.1724779894304462,0.19650387657398061,0.49664663800780567,0.37476178939206134,0.7451075719404131,2.4384048430655394,1.0981804631184786,1.0697191499173642,2.0440034091472628,0.39350130020748364,0.98055140385404227,0.29393741449341182
620,N5,284,AB,13,9,0.27830440340675044,0.14790551476180552,0.40729278447106476,0.36319088930643068,0.84298205783661706,0.065353758690464225,908.32222216524053,2.1724779894304462,0.20206937965548236,0.59607958063689881,0.37476178939206134,0.7451075719404131,2.4384048430655394,1.0981804631184786,1.0697191499173642,2.0440034091472628,0.39350130020748364,0.98055140385404227,0.29393741449341182
621,N5,285,AB,13,10,0.27830440340675044,0.14790551476180552,0.40729278447106476,0.36319088930643068,0.84298205783661706,0.065353758690464225,908.32222216524053,2.1724779894304462,0.20206937965548236,0.49664663800780567,0.40909739979314058,0.7451075719404131,2.4384048430655394,1.0981804631184786,1.0697191499173642,2.0440034091472628,0.39350130020748364,0.98055140385404227,0.29393741449341182
622,N5,286,AB,13,11,0.27830440340675044,0.14790551476180552,0.40729278447106476,0.36319088930643068,0.84298205783661706,0.065353758690464225,908.32222216524053,2.1724779894304462,0.20206937965548236,0.49664663800780567,0.37476178939206134,0.76693317772504288,2.4384048430655394,1.0981804631184786,1.0697191499173642,2.0440034091472628,0.39350130020748364,0.98055140385404227,0.29393741449341182
623,N5,287,AB,13,12,0.27830440340675044,0.14790551476180552,0.40729278447106476,0.36319088930643068,0.84298205783661706,0.065353758690464225,908.32222216524053,2.1724779894304462,0.20206937965548236,0.49664663800780567,0.37476178939206134,0.7451075719404131,1.8739203596202221,1.0981804631184786,1.0697191499173642,2.0440034091472628,0.39350130020748364,0.98055140385404227,0.29393741449341182
624,N5,288,AB,13,13,0.27830440340675044,0.14790551476180552,0.40729278447106476,0.36319088930643068,0.84298205783661706,0.065353758690464225,908.32222216524053,2.1724779894304462,0.20206937965548236,0.49664663800780567,0.37476178939206134,0.7451075719404131,2.4384048430655394,1.0956625613290816,1.0697191499173642,2.0440034091472628,0.39350130020748364,0.98055140385404227,0.29393741449341182
625,N5,289,AB,13,14,0.27830440340675044,0.14790551476180552,0.40729278447106476,0.36319088930643068,0.84298205783661706,0.065353758690464225,908.32222216524053,2.1724779894304462,0.20206937965548236,0.49664663800780567,0.37476178939206134,0.7451075719404131,2.4384048430655394,1.0981804631184786,1.1001056239008904,2.0440034091472628,0.39350130020748364,0.98055140385404227,0.29393741449341182
626,N5,290,AB,13,15,0.27830440340675044,0.14790551476180552,0.40729278447106476,0.36319088930643068,0.84298205783661706,0.065353758690464225,908.32222216524053,2.1724779894304462,0.20206937965548236,0.49664663800780567,0.37476178939206134,0.7451075719404131,2.4384048430655394,1.0981804631184786,1.0697191499173642,1.7645247653126717,0.39350130020748364,0.98055140385404227,0.29393741449341182
627,N5,291,AB,13,16,0.27830440340675044,0.14790551476180552,0.40729278447106476,0.36319088930643068,0.84298205783661706,0.065353758690464225,908.32222216524053,2.1724779894304462,0.20206937965548236,0.49664663800780567,0.37476178939206134,0.7451075719404131,2.4384048430655394,1.0981804631184786,1.0697191499173642,2.0440034091472628,0.47898933088908108,0.98055140385404227,0.29393741449341182
628,N5,292,AB,13,17,0.27830440340675044,0.14790551476180552,0.40729278447106476,0.36319088930643068,0.84298205783661706,0.065353758690464225,908.32222216524053,2.1724779894304462,0.20206937965548236,0.49664663800780567,0.37476178939206134,0.7451075719404131,2.4384048430655394,1.0981804631184786,1.0697191499173642,2.0440034091472628,0.39350130020748364,0.22159531209617855,0.29393741449341182
629,N5,293,AB,13,18,0.27830440340675044,0.14790551476180552,0.40729278447106476,0.36319088930643068,0.84298205783661706,0.065353758690464225,908.32222216524053,2.1724779894304462,0.20206937965548236,0.49664663800780567,0.37476178939206134,0.7451075719404131,2.4384048430655394,1.0981804631184786,1.0697191499173642,2.0440034091472628,0.39350130020748364,0.98055140385404227,0.42196912752464416
630,N5,294,A,14,-1,0.22611589502967333,0.22596463896334174,0.69139167973771687,0.50540095266655938,0.70552670202083345,0.068890941321946925,31.441715467975751,2.0544499854941143,0.16489729913687137,0.55276375956273915,0.32050994826080037,0.84828274139154303,1.8923250325612648,1.0474184706993401,1.1429139603395015,1.7692456088960171,0.36672095400307769,0.10231630206108094,0.34814661817625164
631,N5,295,B,14,-1,0.28669115168828591,0.23310611210763454,0.47915243245661254,0.3144272202747696,0.72533625654200062,0.067136469077732325,98.545490728116263,2.0860235485676704,0.14199565265112229,0.49604360012896481,0.34574860211823111,1.0209290362944923,2.3114832155919349,1.0634053226653486,1.1317503009457142,1.9189160138368606,0.41636092802625846,0.93631389401853082,0.33521455505862835
632,N5,296,AB,14,0,0.28669115168828591,0.22596463896334174,0.69139167973771687,0.50540095266655938,0.70552670202083345,0.068890941321946925,31.441715467975751,2.0544499854941143,0.16489729913687137,0.55276375956273915,0.32050994826080037,0.84828274139154303,1.8923250325612648,1.0474184706993401,1.1429139603395015,1.7692456088960171,0.36672095400307769,0.10231630206108094,0.34814661817625164
633,N5,297,AB,14,1,0.22611589502967333,0.23310611210763454,0.69139167973771687,0.50540095266655938,0.70552670202083345,0.068890941321946925,31.441715467975751,2.0544499854941143,0.16489729913687137,0.55276375956273915,0.32050994826080037,0.84828274139154303,1.8923250325612648,1.0474184706993401,1.1429139603395015,1.7692456088960171,0.36672095400307769,0.10231630206108094,0.34814661817625164
634,N5,298,AB,14,2,0.22611589502967333,0.22596463896334174,0.47915243245661254,0.50540095266655938,0.70552670202083345,0.068890941321946925,31.441715467975751,2.0544499854941143,0.16489729913687137,0.55276375956273915,0.32050994826080037,0.84828274139154303,1.8923250325612648,1.0474184706993401,1.1429139603395015,1.7692456088960171,0.36672095400307769,0.10231630206108094,0.34814661817625164
635,N5,299,AB,14,3,0.22611589502967333,0.22596463896334174,0.69139167973771687,0.3144272202747696,0.70552670202083345,0.068890941321946925,31.441715467975751,2.0544499854941143,0.16489729913687137,0.55276375956273915,0.32050994826080037,0.84828274139154303,1.8923250325612648,1.0474184706993401,1.1429139603395015,1.7692456088960171,0.36672095400307769,0.10231630206108094,0.34814661817625164
636,N5,300,AB,14,4,0.22611589502967333,0.22596463896334174,0.69139167973771687,0.50540095266655938,0.72533625654200062,0.068890941321946925,31.441715467975751,2.0544499854941143,0.16489729913687137,0.55276375956273915,0.32050994826080037,0.84828274139154303,1.8923250325612648,1.0474184706993401,1.1429139603395015,1.7692456088960171,0.36672095400307769,0.10231630206108094,0.34814661817625164
637,N5,301,AB,14,5,0.22611589502967333,0.22596463896334174,0.69139167973771687,0.50540095266655938,0.70552670202083345,0.067136469077732325,31.441715467975751,2.0544499854941143,0.16489729913687137,0.55276375956273915,0.32050994826080037,0.84828274139154303,1.8923250325612648,1.0474184706993401,1.1429139603395015,1.7692456088960171,0.36672095400307769,0.10231630206108094,0.34814661817625164
638,N5,302,AB,14,6,0.22611589502967333,0.22596463896334174,0.69139167973771687,0.50540095266655938,0.70552670202083345,0.068890941321946925,98.545490728116263,2.0544499854941143,0.16489729913687137,0.55276375956273915,0.32050994826080037,0.84828274139154303,1.8923250325612648,1.0474184706993401,1.1429139603395015,1.7692456088960171,0.36672095400307769,0.10231630206108094,0.34814661817625164
639,N5,303,AB,14,7,0.22611589502967333,0.22596463896334174,0.69139167973771687,0.50540095266655938,0.70552670202083345,0.068890941321946925,31.441715467975751,2.0860235485676704,0.16489729913687137,0.55276375956273915,0.32050994826080037,0.84828274139154303,1.8923250325612648,1.0474184706993401,1.1429139603395015,1.7692456088960171,0.36672095400307769,0.10231630206108094,0.34814661817625164
640,N5,304,AB,14,8,0.22611589502967333,0.22596463896334174,0.69139167973771687,0.50540095266655938,0.70552670202083345,0.068890941321946925,31.441715467975751,2.0544499854941143,0.14199565265112229,0.55276375956273915,0.32050994826080037,0.84828274139154303,1.8923250325612648,1.0474184706993401,1.1429139603395015,1.7692456088960171,0.36672095400307769,0.10231630206108094,0.34814661817625164
641,N5,305,AB,14,9,0.22611589502967333,0.22596463896334174,0.69139167973771687,0.50540095266655938,0.70552670202083345,0.068890941321946925,31.441715467975751,2.0544499854941143,0.16489729913687137,0.49604360012896481,0.32050994826080037,0.84828274139154303,1.8923250325612648,1.0474184706993401,1.1429139603395015,1.7692456088960171,0.36672095400307769,0.10231630206108094,0.34814661817625164
642,N5,306,AB,14,10,0.22611589502967333,0.22596463896334174,0.69139167973771687,0.50540095266655938,0.70552670202083345,0.068890941321946925,31.441715467975751,2.0544499854941143,0.16489729913687137,0.55276375956273915,0.34574860211823111,0.84828274139154303,1.8923250325612648,1.0474184706993401,1.1429139603395015,1.7692456088960171,0.36672095400307769,0.10231630206108094,0.34814661817625164
643,N5,307,AB,14,11,0.22611589502967333,0.22596463896334174,0.69139167973771687,0.50540095266655938,0.70552670202083345,0.068890941321946925,31.441715467975751,2.0544499854941143,0.16489729913687137,0.55276375956273915,0.32050994826080037,1.0209290362944923,1.8923250325612648,1.0474184706993401,1.1429139603395015,1.7692456088960171,0.36672095400307769,0.10231630206108094,0.34814661817625164
644,N5,308,AB,14,12,0.22611589502967333,0.22596463896334174,0.69139167973771687,0.50540095266655938,0.70552670202083345,0.068890941321946925,31.441715467975751,2.0544499854941143,0.16489729913687137,0.55276375956273915,0.32050994826080037,0.84828274139154303,2.3114832155919349,1.0474184706993401,1.1429139603395015,1.7692456088960171,0.36672095400307769,0.10231630206108094,0.34814661817625164
645,N5,309,AB,14,13,0.22611589502967333,0.22596463896334174,0.69139167973771687,0.50540095266655938,0.70552670202083345,0.068890941321946925,31.441715467975751,2.0544499854941143,0.16489729913687137,0.55276375956273915,0.32050994826080037,0.84828274139154303,1.8923250325612648,1.0634053226653486,1.1429139603395015,1.7692456088960171,0.36672095400307769,0.10231630206108094,0.34814661817625164
646,N5,310,AB,14,14,0.22611589502967333,0.22596463896334174,0.69139167973771687,0.50540095266655938,0.70552670202083345,0.068890941321946925,31.441715467975751,2.0544499854941143,0.16489729913687137,0.55276375956273915,0.32050994826080037,0.84828274139154303,1.8923250325612648,1.0474184706993401,1.1317503009457142,1.7692456088960171,0.36672095400307769,0.10231630206108094,0.34814661817625164
647,N5,311,AB,14,15,0.22611589502967333,0.22596463896334174,0.69139167973771687,0.50540095266655938,0.70552670202083345,0.068890941321946925,31.441715467975751,2.0544499854941143,0.16489729913687137,0.55276375956273915,0.32050994826080037,0.84828274139154303,1.8923250325612648,1.0474184706993401,1.1429139603395015,1.9189160138368606,0.36672095400307769,0.10231630206108094,0.34814661817625164
648,N5,312,AB,14,16,0.22611589502967333,0.22596463896334174,0.69139167973771687,0.50540095266655938,0.70552670202083345,0.068890941321946925,31.441715467975751,2.0544499854941143,0.16489729913687137,0.55276375956273915,0.32050994826080037,0.84828274139154303,1.8923250325612648,1.0474184706993401,1.1429139603395015,1.7692456088960171,0.41636092802625846,0.10231630206108094,0.34814661817625164
649,N5,313,AB,14,17,0.22611589502967333,0.22596463896334174,0.69139167973771687,0.50540095266655938,0.70552670202083345,0.068890941321946925,31.441715467975751,2.0544499854941143,0.16489729913687137,0.55276375956273915,0.32050994826080037,0.84828274139154303,1.8923250325612648,1.0474184706993401,1.1429139603395015,1.7692456088960171,0.36672095400307769,0.93631389401853082,0.34814661817625164
650,N5,314,AB,14,18,0.22611589502967333,0.22596463896334174,0.69139167973771687,0.50540095266655938,0.70552670202083345,0.068890941321946925,31.441715467975751,2.0544499854941143,0.16489729913687137,0.55276375956273915,0.32050994826080037,0.84828274139154303,1.8923250325612648,1.0474184706993401,1.1429139603395015,1.7692456088960171,0.36672095400307769,0.10231630206108094,0.33521455505862835
651,N5,315,A,15,-1,0.33898771490612922,0.062519275397062313,0.27069273153319956,0.32452057495430514,0.52278103963028311,0.063277128025077234,473.1344537515875,1.885062858382849,0.26459563041153661,0.64973940345808945,0.53562841973896758,1.0811904107687687,2.9805593097060923,1.1254605812858789,1.2731225832365454,2.2899351082742214,0.41315919975215681,0.57049499461427333,0.37368046323768794
652,N5,316,B,15,-1,0.31809881713254412,0.14192329291254283,0.217402614466846,0.50560955570585331,0.65512087501330651,0.063894199439986685,374.08355638885598,1.860234131447573,0.30530356830104294,0.66907287700052609,0.45245734269799454,0.8474231141308407,2.1520268378404133,1.1438384087942539,1.1761112559586764,2.2495362795889378,0.39185395633749254,0.33544585378840563,0.37024618624709549
653,N5,317,AB,15,0,0.31809881713254412,0.062519275397062313,0.27069273153319956,0.32452057495430514,0.52278103963028311,0.063277128025077234,473.1344537515875,1.885062858382849,0.26459563041153661,0.64973940345808945,0.53562841973896758,1.0811904107687687,2.9805593097060923,1.1254605812858789,1.2731225832365454,2.2899351082742214,0.41315919975215681,0.57049499461427333,0.37368046323768794
654,N5,318,AB,15,1,0.33898771490612922,0.14192329291254283,0.27069273153319956,0.32452057495430514,0.52278103963028311,0.063277128025077234,473.1344537515875,1.885062858382849,0.26459563041153661,0.64973940345808945,0.53562841973896758,1.0811904107687687,2.9805593097060923,1.1254605812858789,1.2731225832365454,2.2899351082742214,0.41315919975215681,0.57049499461427333,0.37368046323768794
655,N5,319,AB,15,2,0.33898771490612922,0.062519275397062313,0.217402614466846,0.32452057495430514,0.52278103963028311,0.063277128025077234,473.1344537515875,1.885062858382849,0.26459563041153661,0.64973940345808945,0.53562841973896758,1.0811904107687687,2.9805593097060923,1.1254605812858789,1.2731225832365454,2.2899351082742214,0.41315919975215681,0.57049499461427333,0.37368046323768794
656,N5,320,AB,15,3,0.33898771490612922,0.062519275397062313,0.27069273153319956,0.50560955570585331,0.52278103963028311,0.063277128025077234,473.1344537515875,1.885062858382849,0.26459563041153661,0.64973940345808945,0.53562841973896758,1.0811904107687687,2.9805593097060923,1.1254605812858789,1.2731225832365454,2.2899351082742214,0.41315919975215681,0.57049499461427333,0.37368046323768794
657,N5,321,AB,15,4,0.33898771490612922,0.062519275397062313,0.27069273153319956,0.32452057495430514,0.65512087501330651,0.063277128025077234,473.1344537515875,1.885062858382849,0.26459563041153661,0.64973940345808945,0.53562841973896758,1.0811904107687687,2.9805593097060923,1.1254605812858789,1.2731225832365454,2.2899351082742214,0.41315919975215681,0.57049499461427333,0.37368046323768794
658,N5,322,AB,15,5,0.33898771490612922,0.062519275397062313,0.27069273153319956,0.32452057495430514,0.52278103963028311,0.063894199439986685,473.1344537515875,1.885062858382849,0.26459563041153661,0.64973940345808945,0.53562841973896758,1.0811904107687687,2.9805593097060923,1.1254605812858789,1.2731225832365454,2.2899351082742214,0.41315919975215681,0.57049499461427333,0.37368046323768794
659,N5,323,AB,15,6,0.33898771490612922,0.062519275397062313,0.27069273153319956,0.32452057495430514,0.52278103963028311,0.063277128025077234,374.08355638885598,1.885062858382849,0.26459563041153661,0.64973940345808945,0.53562841973896758,1.0811904107687687,2.9805593097060923,1.1254605812858789,1.2731225832365454,2.2899351082742214,0.41315919975215681,0.57049499461427333,0.37368046323768794
660,N5,324,AB,15,7,0.33898771490612922,0.062519275397062313,0.27069273153319956,0.32452057495430514,0.52278103963028311,0.063277128025077234,473.1344537515875,1.860234131447573,0.26459563041153661,0.64973940345808945,0.53562841973896758,1.0811904107687687,2.9805593097060923,1.1254605812858789,1.2731225832365454,2.2899351082742214,0.41315919975215681,0.57049499461427333,0.37368046323768794
661,N5,325,AB,15,8,0.33898771490612922,0.062519275397062313,0.27069273153319956,0.32452057495430514,0.52278103963028311,0.063277128025077234,473.1344537515875,1.885062858382849,0.30530356830104294,0.64973940345808945,0.53562841973896758,1.0811904107687687,2.9805593097060923,1.1254605812858789,1.2731225832365454,2.2899351082742214,0.41315919975215681,0.57049499461427333,0.37368046323768794
662,N5,326,AB,15,9,0.33898771490612922,0.062519275397062313,0.27069273153319956,0.32452057495430514,0.52278103963028311,0.063277128025077234,473.1344537515875,1.885062858382849,0.26459563041153661,0.66907287700052609,0.53562841973896758,1.0811904107687687,2.9805593097060923,1.1254605812858789,1.2731225832365454,2.2899351082742214,0.41315919975215681,0.57049499461427333,0.37368046323768794
663,N5,327,AB,15,10,0.33898771490612922,0.062519275397062313,0.27069273153319956,0.32452057495430514,0.52278103963028311,0.063277128025077234,473.1344537515875,1.885062858382849,0.26459563041153661,0.64973940345808945,0.45245734269799454,1.0811904107687687,2.9805593097060923,1.1254605812858789,1.2731225832365454,2.2899351082742214,0.41315919975215681,0.57049499461427333,0.37368046323768794
664,N5,328,AB,15,11,0.33898771490612922,0.062519275397062313,0.27069273153319956,0.32452057495430514,0.52278103963028311,0.063277128025077234,473.1344537515875,1.885062858382849,0.26459563041153661,0.64973940345808945,0.53562841973896758,0.8474231141308407,2.9805593097060923,1.1254605812858789,1.2731225832365454,2.2899351082742214,0.41315919975215681,0.57049499461427333,0.37368046323768794
665,N5,329,AB,15,12,0.33898771490612922,0.062519275397062313,0.27069273153319956,0.32452057495430514,0.52278103963028311,0.063277128025077234,473.1344537515875,1.885062858382849,0.26459563041153661,0.64973940345808945,0.53562841973896758,1.0811904107687687,2.1520268378404133,1.1254605812858789,1.2731225832365454,2.2899351082742214,0.41315919975215681,0.57049499461427333,0.37368046323768794
666,N5,330,AB,15,13,0.33898771490612922,0.062519275397062313,0.27069273153319956,0.32452057495430514,0.52278103963028311,0.063277128025077234,473.1344537515875,1.885062858382849,0.26459563041153661,0.64973940345808945,0.53562841973896758,1.0811904107687687,2.9805593097060923,1.1438384087942539,1.2731225832365454,2.2899351082742214,0.41315919975215681,0.57049499461427333,0.37368046323768794
667,N5,331,AB,15,14,0.33898771490612922,0.062519275397062313,0.27069273153319956,0.32452057495430514,0.52278103963028311,0.063277128025077234,473.1344537515875,1.885062858382849,0.26459563041153661,0.64973940345808945,0.53562841973896758,1.0811904107687687,2.9805593097060923,1.1254605812858789,1.1761112559586764,2.2899351082742214,0.41315919975215681,0.57049499461427333,0.37368046323768794
668,N5,332,AB,15,15,0.33898771490612922,0.062519275397062313,0.27069273153319956,0.32452057495430514,0.52278103963028311,0.063277128025077234,473.1344537515875,1.885062858382849,0.26459563041153661,0.64973940345808945,0.53562841973896758,1.0811904107687687,2.9805593097060923,1.1254605812858789,1.2731225832365454,2.2495362795889378,0.41315919975215681,0.57049499461427333,0.37368046323768794
669,N5,333,AB,15,16,0.33898771490612922,0.062519275397062313,0.27069273153319956,0.32452057495430514,0.52278103963028311,0.063277128025077234,473.1344537515875,1.885062858382849,0.26459563041153661,0.64973940345808945,0.53562841973896758,1.0811904107687687,2.9805593097060923,1.1254605812858789,1.2731225832365454,2.2899351082742214,0.39185395633749254,0.57049499461427333,0.37368046323768794
670,N5,334,AB,15,17,0.33898771490612922,0.062519275397062313,0.27069273153319956,0.32452057495430514,0.52278103963028311,0.063277128025077234,473.1344537515875,1.885062858382849,0.26459563041153661,0.64973940345808945,0.53562841973896758,1.0811904107687687,2.9805593097060923,1.1254605812858789,1.2731225832365454,2.2899351082742214,0.41315919975215681,0.33544585378840563,0.37368046323768794
671,N5,335,AB,15,18,0.33898771490612922,0.062519275397062313,0.27069273153319956,0.32452057495430514,0.52278103963028311,0.063277128025077234,473.1344537515875,1.885062858382849,0.26459563041153661,0.64973940345808945,0.53562841973896758,1.0811904107687687,2.9805593097060923,1.1254605812858789,1.2731225832365454,2.2899351082742214,0.41315919975215681,0.57049499461427333,0.37024618624709549
672,I1,0,A,0,-1,0.34799080811083904,0.18713280558586121,0.64467932032421227,0.35411620526831172,0.73135543854903351,0.064716537942105995,15.284174588861873,1.9560822642873179,0.2377471042755179,0.52814243499447888,0.57056686053753936,1.0299250986568504,2.4953727913211896,1.0395837537385524,1.1097437114920468,1.9539916411042213,0.39035052529737085,0.4022856432944536,0.42489716085605322
673,I1,1,B,0,-1,0.2836853082266122,0.17812248878180981,0.58705095881596203,0.30794352450536405,0.80158548704308163,0.061240554464244153,28.389366064789733,1.8210485018053706,0.18919178289647648,0.58121206774964485,0.35160662880227389,0.96219175999636986,2.2130478559052866,1.1199969954509288,1.2897354908753187,2.1689799912273884,0.42733280871924068,0.29481534427031875,0.27167307575233279
674,I1,2,AB,0,0,0.2836853082266122,0.18713280558586121,0.64467932032421227,0.35411620526831172,0.73135543854903351,0.064716537942105995,15.284174588861873,1.9560822642873179,0.2377471042755179,0.52814243499447888,0.57056686053753936,1.0299250986568504,2.4953727913211896,1.0395837537385524,1.1097437114920468,1.9539916411042213,0.39035052529737085,0.4022856432944536,0.42489716085605322
675,I1,3,AB,0,1,0.34799080811083904,0.17812248878180981,0.64467932032421227,0.35411620526831172,0.73135543854903351,0.064716537942105995,15.284174588861873,1.9560822642873179,0.2377471042755179,0.52814243499447888,0.57056686053753936,1.0299250986568504,2.4953727913211896,1.0395837537385524,1.1097437114920468,1.9539916411042213,0.39035052529737085,0.4022856432944536,0.42489716085605322
676,I1,4,AB,0,2,0.34799080811083904,0.18713280558586121,0.58705095881596203,0.35411620526831172,0.73135543854903351,0.064716537942105995,15.284174588861873,1.9560822642873179,0.2377471042755179,0.52814243499447888,0.57056686053753936,1.0299250986568504,2.4953727913211896,1.0395837537385524,1.1097437114920468,1.9539916411042213,0.39035052529737085,0.4022856432944536,0.42489716085605322
677,I1,5,AB,0,3,0.34799080811083904,0.18713280558586121,0.64467932032421227,0.30794352450536405,0.73135543854903351,0.064716537942105995,15.284174588861873,1.9560822642873179,0.2377471042755179,0.52814243499447888,0.57056686053753936,1.0299250986568504,2.4953727913211896,1.0395837537385524,1.1097437114920468,1.9539916411042213,0.39035052529737085,0.4022856432944536,0.42489716085605322
678,I1,6,AB,0,4,0.34799080811083904,0.18713280558586121,0.64467932032421227,0.35411620526831172,0.80158548704308163,0.064716537942105995,15.284174588861873,1.9560822642873179,0.2377471042755179,0.52814243499447888,0.57056686053753936,1.0299250986568504,2.4953727913211896,1.0395837537385524,1.1097437114920468,1.9539916411042213,0.39035052529737085,0.4022856432944536,0.42489716085605322
679,I1,7,AB,0,5,0.34799080811083904,0.18713280558586121,0.64467932032421227,0.35411620526831172,0.73135543854903351,0.061240554464244153,15.284174588861873,1.9560822642873179,0.2377471042755179,0.52814243499447888,0.57056686053753936,1.0299250986568504,2.4953727913211896,1.0395837537385524,1.1097437114920468,1.9539916411042213,0.39035052529737085,0.4022856432944536,0.42489716085605322
680,I1,8,AB,0,6,0.34799080811083904,0.18713280558586121,0.64467932032421227,0.35411620526831172,0.73135543854903351,0.064716537942105995,28.389366064789733,1.9560822642873179,0.2377471042755179,0.52814243499447888,0.57056686053753936,1.0299250986568504,2.4953727913211896,1.0395837537385524,1.1097437114920468,1.9539916411042213,0.39035052529737085,0.4022856432944536,0.42489716085605322
681,I1,9,AB,0,7,0.34799080811083904,0.18713280558586121,0.64467932032421227,0.35411620526831172,0.73135543854903351,0.064716537942105995,15.284174588861873,1.8210485018053706,0.2377471042755179,0.52814243499447888,0.57056686053753936,1.0299250986568504,2.4953727913211896,1.0395837537385524,1.1097437114920468,1.9539916411042213,0.39035052529737085,0.4022856432944536,0.42489716085605322
682,I1,10,AB,0,8,0.34799080811083904,0.18713280558586121,0.64467932032421227,0.35411620526831172,0.73135543854903351,0.064716537942105995,15.284174588861873,1.9560822642873179,0.18919178289647648,0.52814243499447888,0.57056686053753936,1.0299250986568504,2.4953727913211896,1.0395837537385524,1.1097437114920468,1.9539916411042213,0.39035052529737085,0.4022856432944536,0.42489716085605322
683,I1,11,AB,0,9,0.34799080811083904,0.18713280558586121,0.64467932032421227,0.35411620526831172,0.73135543854903351,0.064716537942105995,15.284174588861873,1.9560822642873179,0.2377471042755179,0.58121206774964485,0.57056686053753936,1.0299250986568504,2.4953727913211896,1.0395837537385524,1.1097437114920468,1.9539916411042213,0.39035052529737085,0.4022856432944536,0.42489716085605322
684,I1,12,AB,0,10,0.34799080811083904,0.18713280558586121,0.64467932032421227,0.35411620526831172,0.73135543854903351,0.064716537942105995,15.284174588861873,1.9560822642873179,0.2377471042755179,0.52814243499447888,0.35160662880227389,1.0299250986568504,2.4953727913211896,1.0395837537385524,1.1097437114920468,1.9539916411042213,0.39035052529737085,0.4022856432944536,0.42489716085605322
685,I1,13,AB,0,11,0.34799080811083904,0.18713280558586121,0.64467932032421227,0.35411620526831172,0.73135543854903351,0.064716537942105995,15.284174588861873,1.9560822642873179,0.2377471042755179,0.52814243499447888,0.57056686053753936,0.96219175999636986,2.4953727913211896,1.0395837537385524,1.1097437114920468,1.9539916411042213,0.39035052529737085,0.4022856432944536,0.42489716085605322
686,I1,14,AB,0,12,0.34799080811083904,0.18713280558586121,0.64467932032421227,0.35411620526831172,0.73135543854903351,0.064716537942105995,15.284174588861873,1.9560822642873179,0.2377471042755179,0.52814243499447888,0.57056686053753936,1.0299250986568504,2.2130478559052866,1.0395837537385524,1.1097437114920468,1.9539916411042213,0.39035052529737085,0.4022856432944536,0.42489716085605322
687,I1,15,AB,0,13,0.34799080811083904,0.18713280558586121,0.64467932032421227,0.35411620526831172,0.73135543854903351,0.064716537942105995,15.284174588861873,1.9560822642873179,0.2377471042755179,0.52814243499447888,0.57056686053753936,1.0299250986568504,2.4953727913211896,1.1199969954509288,1.1097437114920468,1.9539916411042213,0.39035052529737085,0.4022856432944536,0.42489716085605322
688,I1,16,AB,0,14,0.34799080811083904,0.18713280558586121,0.64467932032421227,0.35411620526831172,0.73135543854903351,0.064716537942105995,15.284174588861873,1.9560822642873179,0.2377471042755179,0.52814243499447888,0.57056686053753936,1.0299250986568504,2.4953727913211896,1.0395837537385524,1.2897354908753187,1.9539916411042213,0.39035052529737085,0.4022856432944536,0.42489716085605322
689,I1,17,AB,0,15,0.34799080811083904,0.18713280558586121,0.64467932032421227,0.35411620526831172,0.73135543854903351,0.064716537942105995,15.284174588861873,1.9560822642873179,0.2377471042755179,0.52814243499447888,0.57056686053753936,1.0299250986568504,2.4953727913211896,1.0395837537385524,1.1097437114920468,2.1689799912273884,0.39035052529737085,0.4022856432944536,0.42489716085605322
690,I1,18,AB,0,16,0.34799080811083904,0.18713280558586121,0.64467932032421227,0.35411620526831172,0.73135543854903351,0.064716537942105995,15.284174588861873,1.9560822642873179,0.2377471042755179,0.52814243499447888,0.57056686053753936,1.0299250986568504,2.4953727913211896,1.0395837537385524,1.1097437114920468,1.9539916411042213,0.42733280871924068,0.4022856432944536,0.42489716085605322
691,I1,19,AB,0,17,0.34799080811083904,0.18713280558586121,0.64467932032421227,0.35411620526831172,0.73135543854903351,0.064716537942105995,15.284174588861873,1.9560822642873179,0.2377471042755179,0.52814243499447888,0.57056686053753936,1.0299250986568504,2.4953727913211896,1.0395837537385524,1.1097437114920468,1.9539916411042213,0.39035052529737085,0.29481534427031875,0.42489716085605322
692,I1,20,AB,0,18,0.34799080811083904,0.18713280558586121,0.64467932032421227,0.35411620526831172,0.73135543854903351,0.064716537942105995,15.284174588861873,1.9560822642873179,0.2377471042755179,0.52814243499447888,0.57056686053753936,1.0299250986568504,2.4953727913211896,1.0395837537385524,1.1097437114920468,1.9539916411042213,0.39035052529737085,0.4022856432944536,0.27167307575233279
693,I1,21,A,1,-1,0.24871922678490935,0.12401708029210567,0.31727442638948561,0.40180861951964941,0.59352511293786137,0.073504445612117275,1016.1241310866882,2.2179468666938713,0.2128996045588703,0.71570901078164628,0.31368786867246468,0.8749876138717958,2.2131532812533066,1.1321071350853888,1.1813004167750478,2.086439348757267,0.43945545381703549,0.83310446338728072,0.29693010741844772
694,I1,22,B,1,-1,0.34494972360116055,0.097041178680956366,0.32535395054146643,0.46856926533427279,0.54550628033081106,0.073292885433925439,229.41255000139353,2.0141238975488056,0.25301823069428453,0.57213453548982007,0.45959298985334174,0.80046854005560297,2.4853339412575437,1.0699215290881694,1.0889716401696206,1.6992834925651552,0.38481035825654053,0.6359150758013129,0.44881692279130225
695,I1,23,AB,1,0,0.34494972360116055,0.12401708029210567,0.31727442638948561,0.40180861951964941,0.59352511293786137,0.073504445612117275,1016.1241310866882,2.2179468666938713,0.2128996045588703,0.71570901078164628,0.31368786867246468,0.8749876138717958,2.2131532812533066,1.1321071350853888,1.1813004167750478,2.086439348757267,0.43945545381703549,0.83310446338728072,0.29693010741844772
696,I1,24,AB,1,1,0.24871922678490935,0.097041178680956366,0.31727442638948561,0.40180861951964941,0.59352511293786137,0.073504445612117275,1016.1241310866882,2.2179468666938713,0.2128996045588703,0.71570901078164628,0.31368786867246468,0.8749876138717958,2.2131532812533066,1.1321071350853888,1.1813004167750478,2.086439348757267,0.43945545381703549,0.83310446338728072,0.29693010741844772
697,I1,25,AB,1,2,0.24871922678490935,0.12401708029210567,0.32535395054146643,0.40180861951964941,0.59352511293786137,0.073504445612117275,1016.1241310866882,2.2179468666938713,0.2128996045588703,0.71570901078164628,0.31368786867246468,0.8749876138717958,2.2131532812533066,1.1321071350853888,1.1813004167750478,2.086439348757267,0.43945545381703549,0.83310446338728072,0.29693010741844772
698,I1,26,AB,1,3,0.24871922678490935,0.12401708029210567,0.31727442638948561,0.46856926533427279,0.59352511293786137,0.073504445612117275,1016.1241310866882,2.2179468666938713,0.2128996045588703,0.71570901078164628,0.31368786867246468,0.8749876138717958,2.2131532812533066,1.1321071350853888,1.1813004167750478,2.086439348757267,0.43945545381703549,0.83310446338728072,0.29693010741844772
699,I1,27,AB,1,4,0.24871922678490935,0.12401708029210567,0.31727442638948561,0.40180861951964941,0.54550628033081106,0.073504445612117275,1016.1241310866882,2.2179468666938713,0.2128996045588703,0.71570901078164628,0.31368786867246468,0.8749876138717958,2.2131532812533066,1.1321071350853888,1.1813004167750478,2.086439348757267,0.43945545381703549,0.83310446338728072,0.29693010741844772
700,I1,28,AB,1,5,0.24871922678490935,0.12401708029210567,0.31727442638948561,0.40180861951964941,0.59352511293786137,0.073292885433925439,1016.1241310866882,2.2179468666938713,0.2128996045588703,0.71570901078164628,0.31368786867246468,0.8749876138717958,2.2131532812533066,1.1321071350853888,1.1813004167750478,2.086439348757267,0.43945545381703549,0.83310446338728072,0.29693010741844772
701,I1,29,AB,1,6,0.24871922678490935,0.12401708029210567,0.31727442638948561,0.40180861951964941,0.59352511293786137,0.073504445612117275,229.41255000139353,2.2179468666938713,0.2128996045588703,0.71570901078164628,0.31368786867246468,0.8749876138717958,2.2131532812533066,1.1321071350853888,1.1813004167750478,2.086439348757267,0.43945545381703549,0.83310446338728072,0.29693010741844772
702,I1,30,AB,1,7,0.24871922678490935,0.12401708029210567,0.31727442638948561,0.40180861951964941,0.59352511293786137,0.073504445612117275,1016.1241310866882,2.0141238975488056,0.2128996045588703,0.71570901078164628,0.31368786867246468,0.8749876138717958,2.2131532812533066,1.1321071350853888,1.1813004167750478,2.086439348757267,0.43945545381703549,0.83310446338728072,0.29693010741844772
703,I1,31,AB,1,8,0.24871922678490935,0.12401708029210567,0.31727442638948561,0.40180861951964941,0.59352511293786137,0.073504445612117275,1016.1241310866882,2.2179468666938713,0.25301823069428453,0.71570901078164628,0.31368786867246468,0.8749876138717958,2.2131532812533066,1.1321071350853888,1.1813004167750478,2.086439348757267,0.43945545381703549,0.83310446338728072,0.29693010741844772
704,I1,32,AB,1,9,0.24871922678490935,0.12401708029210567,0.31727442638948561,0.40180861951964941,0.59352511293786137,0.073504445612117275,1016.1241310866882,2.2179468666938713,0.2128996045588703,0.57213453548982007,0.31368786867246468,0.8749876138717958,2.2131532812533066,1.1321071350853888,1.1813004167750478,2.086439348757267,0.43945545381703549,0.83310446338728072,0.29693010741844772
705,I1,33,AB,1,10,0.24871922678490935,0.12401708029210567,0.31727442638948561,0.40180861951964941,0.59352511293786137,0.073504445612117275,1016.1241310866882,2.2179468666938713,0.2128996045588703,0.71570901078164628,0.45959298985334174,0.8749876138717958,2.2131532812533066,1.1321071350853888,1.1813004167750478,2.086439348757267,0.43945545381703549,0.83310446338728072,0.29693010741844772
706,I1,34,AB,1,11,0.24871922678490935,0.12401708029210567,0.31727442638948561,0.40180861951964941,0.59352511293786137,0.073504445612117275,1016.1241310866882,2.2179468666938713,0.2128996045588703,0.71570901078164628,0.31368786867246468,0.80046854005560297,2.2131532812533066,1.1321071350853888,1.1813004167750478,2.086439348757267,0.43945545381703549,0.83310446338728072,0.29693010741844772
707,I1,35,AB,1,12,0.24871922678490935,0.12401708029210567,0.31727442638948561,0.40180861951964941,0.59352511293786137,0.073504445612117275,1016.1241310866882,2.2179468666938713,0.2128996045588703,0.71570901078164628,0.31368786867246468,0.8749876138717958,2.4853339412575437,1.1321071350853888,1.1813004167750478,2.086439348757267,0.43945545381703549,0.83310446338728072,0.29693010741844772
708,I1,36,AB,1,13,0.24871922678490935,0.12401708029210567,0.31727442638948561,0.40180861951964941,0.59352511293786137,0.073504445612117275,1016.1241310866882,2.2179468666938713,0.2128996045588703,0.71570901078164628,0.31368786867246468,0.8749876138717958,2.2131532812533066,1.0699215290881694,1.1813004167750478,2.086439348757267,0.43945545381703549,0.83310446338728072,0.29693010741844772
709,I1,37,AB,1,14,0.24871922678490935,0.12401708029210567,0.31727442638948561,0.40180861951964941,0.59352511293786137,0.073504445612117275,1016.1241310866882,2.2179468666938713,0.2128996045588703,0.71570901078164628,0.31368786867246468,0.8749876138717958,2.2131532812533066,1.1321071350853888,1.0889716401696206,2.086439348757267,0.43945545381703549,0.83310446338728072,0.29693010741844772
710,I1,38,AB,1,15,0.24871922678490935,0.12401708029210567,0.31727442638948561,0.40180861951964941,0.59352511293786137,0.073504445612117275,1016.1241310866882,2.2179468666938713,0.2128996045588703,0.71570901078164628,0.31368786867246468,0.8749876138717958,2.2131532812533066,1.1321071350853888,1.1813004167750478,1.6992834925651552,0.43945545381703549,0.83310446338728072,0.29693010741844772
711,I1,39,AB,1,16,0.24871922678490935,0.12401708029210567,0.31727442638948561,0.40180861951964941,0.59352511293786137,0.073504445612117275,1016.1241310866882,2.2179468666938713,0.2128996045588703,0.71570901078164628,0.31368786867246468,0.8749876138717958,2.2131532812533066,1.1321071350853888,1.1813004167750478,2.086439348757267,0.38481035825654053,0.83310446338728072,0.29693010741844772
712,I1,40,AB,1,17,0.24871922678490935,0.12401708029210567,0.31727442638948561,0.40180861951964941,0.59352511293786137,0.073504445612117275,1016.1241310866882,2.2179468666938713,0.2128996045588703,0.71570901078164628,0.31368786867246468,0.8749876138717958,2.2131532812533066,1.1321071350853888,1.1813004167750478,2.086439348757267,0.43945545381703549,0.6359150758013129,0.29693010741844772
713,I1,41,AB,1,18,0.24871922678490935,0.12401708029210567,0.31727442638948561,0.40180861951964941,0.59352511293786137,0.073504445612117275,1016.1241310866882,2.2179468666938713,0.2128996045588703,0.71570901078164628,0.31368786867246468,0.8749876138717958,2.2131532812533066,1.1321071350853888,1.1813004167750478,2.086439348757267,0.43945545381703549,0.83310446338728072,0.44881692279130225
714,I1,42,A,2,-1,0.28356663123091613,0.20219822712242602,0.53934461558237667,0.30912273257542228,0.62146343172255536,0.06711937730111614,28.296246275226022,2.0711993584256958,0.17611536569972619,0.61054986461514504,0.37137165249593512,0.71687553183150987,2.6961435635879569,1.077273842189461,1.2505845645908267,1.7111972458660603,0.41985146423550246,0.24887039549648762,0.33922802476212383
715,I1,43,B,2,-1,0.26146125655650787,0.24064028486609462,0.25121001228690149,0.38386469702779974,0.75607755722470149,0.064428391058636431,3128.7625851935313,1.9121345314542371,0.32027062276721424,0.64829777809979627,0.5262729837118939,1.0511898766525145,1.9573571870971351,1.1031706151925027,1.1193991903681308,1.841956053674221,0.36530153694171996,0.40592702031135564,0.30827693577855825
716,I1,44,AB,2,0,0.26146125655650787,0.20219822712242602,0.53934461558237667,0.30912273257542228,0.62146343172255536,0.06711937730111614,28.296246275226022,2.0711993584256958,0.17611536569972619,0.61054986461514504,0.37137165249593512,0.71687553183150987,2.6961435635879569,1.077273842189461,1.2505845645908267,1.7111972458660603,0.41985146423550246,0.24887039549648762,0.33922802476212383
717,I1,45,AB,2,1,0.28356663123091613,0.24064028486609462,0.53934461558237667,0.30912273257542228,0.62146343172255536,0.06711937730111614,28.296246275226022,2.0711993584256958,0.17611536569972619,0.61054986461514504,0.37137165249593512,0.71687553183150987,2.6961435635879569,1.077273842189461,1.2505845645908267,1.7111972458660603,0.41985146423550246,0.24887039549648762,0.33922802476212383
718,I1,46,AB,2,2,0.28356663123091613,0.20219822712242602,0.25121001228690149,0.30912273257542228,0.62146343172255536,0.06711937730111614,28.296246275226022,2.0711993584256958,0.17611536569972619,0.61054986461514504,0.37137165249593512,0.71687553183150987,2.6961435635879569,1.077273842189461,1.2505845645908267,1.7111972458660603,0.41985146423550246,0.24887039549648762,0.33922802476212383
719,I1,47,AB,2,3,0.28356663123091613,0.20219822712242602,0.53934461558237667,0.38386469702779974,0.62146343172255536,0.06711937730111614,28.296246275226022,2.0711993584256958,0.17611536569972619,0.61054986461514504,0.37137165249593512,0.71687553183150987,2.6961435635879569,1.077273842189461,1.2505845645908267,1.7111972458660603,0.41985146423550246,0.24887039549648762,0.33922802476212383
720,I1,48,AB,2,4,0.28356663123091613,0.20219822712242602,0.53934461558237667,0.30912273257542228,0.75607755722470149,0.06711937730111614,28.296246275226022,2.0711993584256958,0.17611536569972619,0.61054986461514504,0.37137165249593512,0.71687553183150987,2.6961435635879569,1.077273842189461,1.2505845645908267,1.7111972458660603,0.41985146423550246,0.24887039549648762,0.33922802476212383
721,I1,49,AB,2,5,0.28356663123091613,0.20219822712242602,0.53934461558237667,0.30912273257542228,0.62146343172255536,0.064428391058636431,28.296246275226022,2.0711993584256958,0.17611536569972619,0.61054986461514504,0.37137165249593512,0.71687553183150987,2.6961435635879569,1.077273842189461,1.2505845645908267,1.7111972458660603,0.41985146423550246,0.24887039549648762,0.33922802476212383
722,I1,50,AB,2,6,0.28356663123091613,0.20219822712242602,0.53934461558237667,0.30912273257542228,0.62146343172255536,0.06711937730111614,3128.7625851935313,2.0711993584256958,0.17611536569972619,0.61054986461514504,0.37137165249593512,0.71687553183150987,2.6961435635879569,1.077273842189461,1.2505845645908267,1.7111972458660603,0.41985146423550246,0.24887039549648762,0.33922802476212383
723,I1,51,AB,2,7,0.28356663123091613,0.20219822712242602,0.53934461558237667,0.30912273257542228,0.62146343172255536,0.06711937730111614,28.296246275226022,1.9121345314542371,0.17611536569972619,0.61054986461514504,0.37137165249593512,0.71687553183150987,2.6961435635879569,1.077273842189461,1.2505845645908267,1.7111972458660603,0.41985146423550246,0.24887039549648762,0.33922802476212383
724,I1,52,AB,2,8,0.28356663123091613,0.20219822712242602,0.53934461558237667,0.30912273257542228,0.62146343172255536,0.06711937730111614,28.296246275226022,2.0711993584256958,0.32027062276721424,0.61054986461514504,0.37137165249593512,0.71687553183150987,2.6961435635879569,1.077273842189461,1.2505845645908267,1.7111972458660603,0.41985146423550246,0.24887039549648762,0.33922802476212383
725,I1,53,AB,2,9,0.28356663123091613,0.20219822712242602,0.53934461558237667,0.30912273257542228,0.62146343172255536,0.06711937730111614,28.296246275226022,2.0711993584256958,0.17611536569972619,0.64829777809979627,0.37137165249593512,0.71687553183150987,2.6961435635879569,1.077273842189461,1.2505845645908267,1.7111972458660603,0.41985146423550246,0.24887039549648762,0.33922802476212383
726,I1,54,AB,2,10,0.28356663123091613,0.20219822712242602,0.53934461558237667,0.30912273257542228,0.62146343172255536,0.06711937730111614,28.296246275226022,2.0711993584256958,0.17611536569972619,0.61054986461514504,0.5262729837118939,0.71687553183150987,2.6961435635879569,1.077273842189461,1.2505845645908267,1.7111972458660603,0.41985146423550246,0.24887039549648762,0.33922802476212383
727,I1,55,AB,2,11,0.28356663123091613,0.20219822712242602,0.53934461558237667,0.30912273257542228,0.62146343172255536,0.06711937730111614,28.296246275226022,2.0711993584256958,0.17611536569972619,0.61054986461514504,0.37137165249593512,1.0511898766525145,2.6961435635879569,1.077273842189461,1.2505845645908267,1.7111972458660603,0.41985146423550246,0.24887039549648762,0.33922802476212383
728,I1,56,AB,2,12,0.28356663123091613,0.20219822712242602,0.53934461558237667,0.30912273257542228,0.62146343172255536,0.06711937730111614,28.296246275226022,2.0711993584256958,0.17611536569972619,0.61054986461514504,0.37137165249593512,0.71687553183150987,1.9573571870971351,1.077273842189461,1.2505845645908267,1.7111972458660603,0.41985146423550246,0.24887039549648762,0.33922802476212383
729,I1,57,AB,2,13,0.28356663123091613,0.20219822712242602,0.53934461558237667,0.30912273257542228,0.62146343172255536,0.06711937730111614,28.296246275226022,2.0711993584256958,0.17611536569972619,0.61054986461514504,0.37137165249593512,0.71687553183150987,2.6961435635879569,1.1031706151925027,1.2505845645908267,1.7111972458660603,0.41985146423550246,0.24887039549648762,0.33922802476212383
730,I1,58,AB,2,14,0.28356663123091613,0.20219822712242602,0.53934461558237667,0.30912273257542228,0.62146343172255536,0.06711937730111614,28.296246275226022,2.0711993584256958,0.17611536569972619,0.61054986461514504,0.37137165249593512,0.71687553183150987,2.6961435635879569,1.077273842189461,1.1193991903681308,1.7111972458660603,0.41985146423550246,0.24887039549648762,0.33922802476212383
731,I1,59,AB,2,15,0.28356663123091613,0.20219822712242602,0.53934461558237667,0.30912273257542228,0.62146343172255536,0.06711937730111614,28.296246275226022,2.0711993584256958,0.17611536569972619,0.61054986461514504,0.37137165249593512,0.71687553183150987,2.6961435635879569,1.077273842189461,1.2505845645908267,1.841956053674221,0.41985146423550246,0.24887039549648762,0.33922802476212383
732,I1,60,AB,2,16,0.28356663123091613,0.20219822712242602,0.53934461558237667,0.30912273257542228,0.62146343172255536,0.06711937730111614,28.296246275226022,2.0711993584256958,0.17611536569972619,0.61054986461514504,0.37137165249593512,0.71687553183150987,2.6961435635879569,1.077273842189461,1.2505845645908267,1.7111972458660603,0.36530153694171996,0.24887039549648762,0.33922802476212383
733,I1,61,AB,2,17,0.28356663123091613,0.20219822712242602,0.53934461558237667,0.30912273257542228,0.62146343172255536,0.06711937730111614,28.296246275226022,2.0711993584256958,0.17611536569972619,0.61054986461514504,0.37137165249593512,0.71687553183150987,2.6961435635879569,1.077273842189461,1.2505845645908267,1.7111972458660603,0.41985146423550246,0.40592702031135564,0.33922802476212383
734,I1,62,AB,2,18,0.28356663123091613,0.20219822712242602,0.53934461558237667,0.30912273257542228,0.62146343172255536,0.06711937730111614,28.296246275226022,2.0711993584256958,0.17611536569972619,0.61054986461514504,0.37137165249593512,0.71687553183150987,2.6961435635879569,1.077273842189461,1.2505845645908267,1.7111972458660603,0.41985146423550246,0.24887039549648762,0.30827693577855825
735,I1,63,A,3,-1,0.31424173785595622,0.090558142215013515,0.42284665936604138,0.48585479724597713,0.79272194075086522,0.062294555737463765,343.71022409779869,1.8479443240723155,0.27927097283804364,0.42664280342094607,0.45865669999579112,0.96318011012680438,2.0482597665317606,1.090384138552472,1.1654513810761273,2.2296221263706686,0.3751338536747304,0.71573756830766799,0.35894468395970763
736,I1,64,B,3,-1,0.29988641744588546,0.13421739917248487,0.50515949148684736,0.43406788555897796,0.68244161201938569,0.068360848098086874,11.877606558380547,2.1410865906536984,0.13286216924041394,0.51489661463555925,0.39083210618859748,0.82225014741335123,2.8156652963667494,1.0227541226986796,1.1960171062499285,2.3147774092853068,0.44493298900944667,0.97229799190536137,0.39124625456519424
737,I1,65,AB,3,0,0.29988641744588546,0.090558142215013515,0.42284665936604138,0.48585479724597713,0.79272194075086522,0.062294555737463765,343.71022409779869,1.8479443240723155,0.27927097283804364,0.42664280342094607,0.45865669999579112,0.96318011012680438,2.0482597665317606,1.090384138552472,1.1654513810761273,2.2296221263706686,0.3751338536747304,0.71573756830766799,0.35894468395970763
738,I1,66,AB,3,1,0.31424173785595622,0.13421739917248487,0.42284665936604138,0.48585479724597713,0.79272194075086522,0.062294555737463765,343.71022409779869,1.8479443240723155,0.27927097283804364,0.42664280342094607,0.45865669999579112,0.96318011012680438,2.0482597665317606,1.090384138552472,1.1654513810761273,2.2296221263706686,0.3751338536747304,0.71573756830766799,0.35894468395970763
739,I1,67,AB,3,2,0.31424173785595622,0.090558142215013515,0.50515949148684736,0.48585479724597713,0.79272194075086522,0.062294555737463765,343.71022409779869,1.8479443240723155,0.27927097283804364,0.42664280342094607,0.45865669999579112,0.96318011012680438,2.0482597665317606,1.090384138552472,1.1654513810761273,2.2296221263706686,0.3751338536747304,0.71573756830766799,0.35894468395970763
740,I1,68,AB,3,3,0.31424173785595622,0.090558142215013515,0.42284665936604138,0.43406788555897796,0.79272194075086522,0.062294555737463765,343.71022409779869,1.8479443240723155,0.27927097283804364,0.42664280342094607,0.45865669999579112,0.96318011012680438,2.0482597665317606,1.090384138552472,1.1654513810761273,2.2296221263706686,0.3751338536747304,0.71573756830766799,0.35894468395970763
741,I1,69,AB,3,4,0.31424173785595622,0.090558142215013515,0.42284665936604138,0.48585479724597713,0.68244161201938569,0.062294555737463765,343.71022409779869,1.8479443240723155,0.27927097283804364,0.42664280342094607,0.45865669999579112,0.96318011012680438,2.0482597665317606,1.090384138552472,1.1654513810761273,2.2296221263706686,0.3751338536747304,0.71573756830766799,0.35894468395970763
742,I1,70,AB,3,5,0.31424173785595622,0.090558142215013515,0.42284665936604138,0.48585479724597713,0.79272194075086522,0.068360848098086874,343.71022409779869,1.8479443240723155,0.27927097283804364,0.42664280342094607,0.45865669999579112,0.96318011012680438,2.0482597665317606,1.090384138552472,1.1654513810761273,2.2296221263706686,0.3751338536747304,0.71573756830766799,0.35894468395970763
743,I1,71,AB,3,6,0.31424173785595622,0.090558142215013515,0.42284665936604138,0.48585479724597713,0.79272194075086522,0.062294555737463765,11.877606558380547,1.8479443240723155,0.27927097283804364,0.42664280342094607,0.45865669999579112,0.96318011012680438,2.0482597665317606,1.090384138552472,1.1654513810761273,2.2296221263706686,0.3751338536747304,0.71573756830766799,0.35894468395970763
744,I1,72,AB,3,7,0.31424173785595622,0.090558142215013515,0.42284665936604138,0.48585479724597713,0.79272194075086522,0.062294555737463765,343.71022409779869,2.1410865906536984,0.27927097283804364,0.42664280342094607,0.45865669999579112,0.96318011012680438,2.0482597665317606,1.090384138552472,1.1654513810761273,2.2296221263706686,0.3751338536747304,0.71573756830766799,0.35894468395970763
745,I1,73,AB,3,8,0.31424173785595622,0.090558142215013515,0.42284665936604138,0.48585479724597713,0.79272194075086522,0.062294555737463765,343.71022409779869,1.8479443240723155,0.13286216924041394,0.42664280342094607,0.45865669999579112,0.96318011012680438,2.0482597665317606,1.090384138552472,1.1654513810761273,2.2296221263706686,0.3751338536747304,0.71573756830766799,0.35894468395970763
746,I1,74,AB,3,9,0.31424173785595622,0.090558142215013515,0.42284665936604138,0.48585479724597713,0.79272194075086522,0.062294555737463765,343.71022409779869,1.8479443240723155,0.27927097283804364,0.51489661463555925,0.45865669999579112,0.96318011012680438,2.0482597665317606,1.090384138552472,1.1654513810761273,2.2296221263706686,0.3751338536747304,0.71573756830766799,0.35894468395970763
747,I1,75,AB,3,10,0.31424173785595622,0.090558142215013515,0.42284665936604138,0.48585479724597713,0.79272194075086522,0.062294555737463765,343.71022409779869,1.8479443240723155,0.27927097283804364,0.42664280342094607,0.39083210618859748,0.96318011012680438,2.0482597665317606,1.090384138552472,1.1654513810761273,2.2296221263706686,0.3751338536747304,0.71573756830766799,0.35894468395970763
748,I1,76,AB,3,11,0.31424173785595622,0.090558142215013515,0.42284665936604138,0.48585479724597713,0.79272194075086522,0.062294555737463765,343.71022409779869,1.8479443240723155,0.27927097283804364,0.42664280342094607,0.45865669999579112,0.82225014741335123,2.0482597665317606,1.090384138552472,1.1654513810761273,2.2296221263706686,0.3751338536747304,0.71573756830766799,0.35894468395970763
749,I1,77,AB,3,12,0.31424173785595622,0.090558142215013515,0.42284665936604138,0.48585479724597713,0.79272194075086522,0.062294555737463765,343.71022409779869,1.8479443240723155,0.27927097283804364,0.42664280342094607,0.45865669999579112,0.96318011012680438,2.8156652963667494,1.090384138552472,1.1654513810761273,2.2296221263706686,0.3751338536747304,0.71573756830766799,0.35894468395970763
750,I1,78,AB,3,13,0.31424173785595622,0.090558142215013515,0.42284665936604138,0.48585479724597713,0.79272194075086522,0.062294555737463765,343.71022409779869,1.8479443240723155,0.27927097283804364,0.42664280342094607,0.45865669999579112,0.96318011012680438,2.0482597665317606,1.0227541226986796,1.1654513810761273,2.2296221263706686,0.3751338536747304,0.71573756830766799,0.35894468395970763
751,I1,79,AB,3,14,0.31424173785595622,0.090558142215013515,0.42284665936604138,0.48585479724597713,0.79272194075086522,0.062294555737463765,343.71022409779869,1.8479443240723155,0.27927097283804364,0.42664280342094607,0.45865669999579112,0.96318011012680438,2.0482597665317606,1.090384138552472,1.1960171062499285,2.2296221263706686,0.3751338536747304,0.71573756830766799,0.35894468395970763
752,I1,80,AB,3,15,0.31424173785595622,0.090558142215013515,0.42284665936604138,0.48585479724597713,0.79272194075086522,0.062294555737463765,343.71022409779869,1.8479443240723155,0.27927097283804364,0.42664280342094607,0.45865669999579112,0.96318011012680438,2.0482597665317606,1.090384138552472,1.1654513810761273,2.3147774092853068,0.3751338536747304,0.71573756830766799,0.35894468395970763
753,I1,81,AB,3,16,0.31424173785595622,0.090558142215013515,0.42284665936604138,0.48585479724597713,0.79272194075086522,0.062294555737463765,343.71022409779869,1.8479443240723155,0.27927097283804364,0.42664280342094607,0.45865669999579112,0.96318011012680438,2.0482597665317606,1.090384138552472,1.1654513810761273,2.2296221263706686,0.44493298900944667,0.71573756830766799,0.35894468395970763
754,I1,82,AB,3,17,0.31424173785595622,0.090558142215013515,0.42284665936604138,0.48585479724597713,0.79272194075086522,0.062294555737463765,343.71022409779869,1.8479443240723155,0.27927097283804364,0.42664280342094607,0.45865669999579112,0.96318011012680438,2.0482597665317606,1.090384138552472,1.1654513810761273,2.2296221263706686,0.3751338536747304,0.97229799190536137,0.35894468395970763
755,I1,83,AB,3,18,0.31424173785595622,0.090558142215013515,0.42284665936604138,0.48585479724597713,0.79272194075086522,0.062294555737463765,343.71022409779869,1.8479443240723155,0.27927097283804364,0.42664280342094607,0.45865669999579112,0.96318011012680438,2.0482597665317606,1.090384138552472,1.1654513810761273,2.2296221263706686,0.3751338536747304,0.71573756830766799,0.39124625456519424
756,I1,84,A,4,-1,0.29773975194431057,0.24888641498982905,0.24777560057118536,0.5330836879204659,0.89605223678840118,0.062997174631644948,49.537946910775773,2.018057188474331,0.14445991521726562,0.68170558335452958,0.40312002140685144,0.90771906107349221,2.5577320200834479,1.1376401867903767,1.1188468115404249,2.3165768429636957,0.35989403217485993,0.63879010211676357,0.30846214768476787
757,I1,85,B,4,-1,0.29238235241005289,0.16017344314604998,0.68610492283478375,0.36205138718280794,0.62057764033052709,0.066542923230914569,1086.7904677995693,1.9671314505618402,0.23018610709657739,0.61879711765131173,0.32607273533398806,1.1929530648325213,2.0870790393588954,1.0392258423380554,1.1682675503659994,1.7192725583910944,0.39987917376087462,0.69691173080354929,0.35614278186112647
758,I1,86,AB,4,0,0.29238235241005289,0.24888641498982905,0.24777560057118536,0.5330836879204659,0.89605223678840118,0.062997174631644948,49.537946910775773,2.018057188474331,0.14445991521726562,0.68170558335452958,0.40312002140685144,0.90771906107349221,2.5577320200834479,1.1376401867903767,1.1188468115404249,2.3165768429636957,0.35989403217485993,0.63879010211676357,0.30846214768476787
759,I1,87,AB,4,1,0.29773975194431057,0.16017344314604998,0.24777560057118536,0.5330836879204659,0.89605223678840118,0.062997174631644948,49.537946910775773,2.018057188474331,0.14445991521726562,0.68170558335452958,0.40312002140685144,0.90771906107349221,2.5577320200834479,1.1376401867903767,1.1188468115404249,2.3165768429636957,0.35989403217485993,0.63879010211676357,0.30846214768476787
760,I1,88,AB,4,2,0.29773975194431057,0.24888641498982905,0.68610492283478375,0.5330836879204659,0.89605223678840118,0.062997174631644948,49.537946910775773,2.018057188474331,0.14445991521726562,0.68170558335452958,0.40312002140685144,0.90771906107349221,2.5577320200834479,1.1376401867903767,1.1188468115404249,2.3165768429636957,0.35989403217485993,0.63879010211676357,0.30846214768476787
761,I1,89,AB,4,3,0.29773975194431057,0.24888641498982905,0.24777560057118536,0.36205138718280794,0.89605223678840118,0.062997174631644948,49.537946910775773,2.018057188474331,0.14445991521726562,0.68170558335452958,0.40312002140685144,0.90771906107349221,2.5577320200834479,1.1376401867903767,1.1188468115404249,2.3165768429636957,0.35989403217485993,0.63879010211676357,0.30846214768476787
762,I1,90,AB,4,4,0.29773975194431057,0.24888641498982905,0.24777560057118536,0.5330836879204659,0.62057764033052709,0.062997174631644948,49.537946910775773,2.018057188474331,0.14445991521726562,0.68170558335452958,0.40312002140685144,0.90771906107349221,2.5577320200834479,1.1376401867903767,1.1188468115404249,2.3165768429636957,0.35989403217485993,0.63879010211676357,0.30846214768476787
763,I1,91,AB,4,5,0.29773975194431057,0.24888641498982905,0.24777560057118536,0.5330836879204659,0.89605223678840118,0.066542923230914569,49.537946910775773,2.018057188474331,0.14445991521726562,0.68170558335452958,0.40312002140685144,0.90771906107349221,2.5577320200834479,1.1376401867903767,1.1188468115404249,2.3165768429636957,0.35989403217485993,0.63879010211676357,0.30846214768476787
764,I1,92,AB,4,6,0.29773975194431057,0.24888641498982905,0.24777560057118536,0.5330836879204659,0.89605223678840118,0.062997174631644948,1086.7904677995693,2.018057188474331,0.14445991521726562,0.68170558335452958,0.40312002140685144,0.90771906107349221,2.5577320200834479,1.1376401867903767,1.1188468115404249,2.3165768429636957,0.35989403217485993,0.63879010211676357,0.30846214768476787
765,I1,93,AB,4,7,0.29773975194431057,0.24888641498982905,0.24777560057118536,0.5330836879204659,0.89605223678840118,0.062997174631644948,49.537946910775773,1.9671314505618402,0.14445991521726562,0.68170558335452958,0.40312002140685144,0.90771906107349221,2.5577320200834479,1.1376401867903767,1.1188468115404249,2.3165768429636957,0.35989403217485993,0.63879010211676357,0.30846214768476787
766,I1,94,AB,4,8,0.29773975194431057,0.24888641498982905,0.24777560057118536,0.5330836879204659,0.89605223678840118,0.062997174631644948,49.537946910775773,2.018057188474331,0.23018610709657739,0.68170558335452958,0.40312002140685144,0.90771906107349221,2.5577320200834479,1.1376401867903767,1.1188468115404249,2.3165768429636957,0.35989403217485993,0.63879010211676357,0.30846214768476787
767,I1,95,AB,4,9,0.29773975194431057,0.24888641498982905,0.24777560057118536,0.5330836879204659,0.89605223678840118,0.062997174631644948,49.537946910775773,2.018057188474331,0.14445991521726562,0.61879711765131173,0.40312002140685144,0.90771906107349221,2.5577320200834479,1.1376401867903767,1.1188468115404249,2.3165768429636957,0.35989403217485993,0.63879010211676357,0.30846214768476787
768,I1,96,AB,4,10,0.29773975194431057,0.24888641498982905,0.24777560057118536,0.5330836879204659,0.89605223678840118,0.062997174631644948,49.537946910775773,2.018057188474331,0.14445991521726562,0.68170558335452958,0.32607273533398806,0.90771906107349221,2.5577320200834479,1.1376401867903767,1.1188468115404249,2.3165768429636957,0.35989403217485993,0.63879010211676357,0.30846214768476787
769,I1,97,AB,4,11,0.29773975194431057,0.24888641498982905,0.24777560057118536,0.5330836879204659,0.89605223678840118,0.062997174631644948,49.537946910775773,2.018057188474331,0.14445991521726562,0.68170558335452958,0.40312002140685144,1.1929530648325213,2.5577320200834479,1.1376401867903767,1.1188468115404249,2.3165768429636957,0.35989403217485993,0.63879010211676357,0.30846214768476787
770,I1,98,AB,4,12,0.29773975194431057,0.24888641498982905,0.24777560057118536,0.5330836879204659,0.89605223678840118,0.062997174631644948,49.537946910775773,2.018057188474331,0.14445991521726562,0.68170558335452958,0.40312002140685144,0.90771906107349221,2.0870790393588954,1.1376401867903767,1.1188468115404249,2.3165768429636957,0.35989403217485993,0.63879010211676357,0.30846214768476787
771,I1,99,AB,4,13,0.29773975194431057,0.24888641498982905,0.24777560057118536,0.5330836879204659,0.89605223678840118,0.062997174631644948,49.537946910775773,2.018057188474331,0.14445991521726562,0.68170558335452958,0.40312002140685144,0.90771906107349221,2.5577320200834479,1.0392258423380554,1.1188468115404249,2.3165768429636957,0.35989403217485993,0.63879010211676357,0.30846214768476787
772,I1,100,AB,4,14,0.29773975194431057,0.24888641498982905,0.24777560057118536,0.5330836879204659,0.89605223678840118,0.062997174631644948,49.537946910775773,2.018057188474331,0.14445991521726562,0.68170558335452958,0.40312002140685144,0.90771906107349221,2.5577320200834479,1.1376401867903767,1.1682675503659994,2.3165768429636957,0.35989403217485993,0.63879010211676357,0.30846214768476787
773,I1,101,AB,4,15,0.29773975194431057,0.24888641498982905,0.24777560057118536,0.5330836879204659,0.89605223678840118,0.062997174631644948,49.537946910775773,2.018057188474331,0.14445991521726562,0.68170558335452958,0.40312002140685144,0.90771906107349221,2.5577320200834479,1.1376401867903767,1.1188468115404249,1.7192725583910944,0.35989403217485993,0.63879010211676357,0.30846214768476787
774,I1,102,AB,4,16,0.29773975194431057,0.24888641498982905,0.24777560057118536,0.5330836879204659,0.89605223678840118,0.062997174631644948,49.537946910775773,2.018057188474331,0.14445991521726562,0.68170558335452958,0.40312002140685144,0.90771906107349221,2.5577320200834479,1.1376401867903767,1.1188468115404249,2.3165768429636957,0.39987917376087462,0.63879010211676357,0.30846214768476787
775,I1,103,AB,4,17,0.29773975194431057,0.24888641498982905,0.24777560057118536,0.5330836879204659,0.89605223678840118,0.062997174631644948,49.537946910775773,2.018057188474331,0.14445991521726562,0.68170558335452958,0.40312002140685144,0.90771906107349221,2.5577320200834479,1.1376401867903767,1.1188468115404249,2.3165768429636957,0.35989403217485993,0.69691173080354929,0.30846214768476787
776,I1,104,AB,4,18,0.29773975194431057,0.24888641498982905,0.24777560057118536,0.5330836879204659,0.89605223678840118,0.062997174631644948,49.537946910775773,2.018057188474331,0.14445991521726562,0.68170558335452958,0.40312002140685144,0.90771906107349221,2.5577320200834479,1.1376401867903767,1.1188468115404249,2.3165768429636957,0.35989403217485993,0.63879010211676357,0.35614278186112647
777,I1,105,A,5,-1,0.29040089212908504,0.062235623598098755,0.59026206405833359,0.32806202194026957,0.66269896824624297,0.070875463441730721,132.78579451416854,1.8386516569094606,0.32723655745994568,0.57426600985055765,0.42179649655289564,0.79350004683615483,1.8319252684710861,1.035223391233012,1.2971968845929951,1.6488538667559625,0.40926027816967853,0.19928476205095649,0.38961801409721375
778,I1,106,B,5,-1,0.32422426354171041,0.064688051119446754,0.44785855738446112,0.4227680311235002,0.69486851449121934,0.063023760636217716,3.7159560259395015,2.2639038003403229,0.20704018390719334,0.53678606350764746,0.43201772505706793,0.86851468494924033,2.3695614968397671,1.0867622462008149,1.2175346791744233,2.0499674014747145,0.40791882968907339,0.12400389565154911,0.34337897022254765
779,I1,107,AB,5,0,0.32422426354171041,0.062235623598098755,0.59026206405833359,0.32806202194026957,0.66269896824624297,0.070875463441730721,132.78579451416854,1.8386516569094606,0.32723655745994568,0.57426600985055765,0.42179649655289564,0.79350004683615483,1.8319252684710861,1.035223391233012,1.2971968845929951,1.6488538667559625,0.40926027816967853,0.19928476205095649,0.38961801409721375
780,I1,108,AB,5,1,0.29040089212908504,0.064688051119446754,0.59026206405833359,0.32806202194026957,0.66269896824624297,0.070875463441730721,132.78579451416854,1.8386516569094606,0.32723655745994568,0.57426600985055765,0.42179649655289564,0.79350004683615483,1.8319252684710861,1.035223391233012,1.2971968845929951,1.6488538667559625,0.40926027816967853,0.19928476205095649,0.38961801409721375
781,I1,109,AB,5,2,0.29040089212908504,0.062235623598098755,0.44785855738446112,0.32806202194026957,0.66269896824624297,0.070875463441730721,132.78579451416854,1.8386516569094606,0.32723655745994568,0.57426600985055765,0.42179649655289564,0.79350004683615483,1.8319252684710861,1.035223391233012,1.2971968845929951,1.6488538667559625,0.40926027816967853,0.19928476205095649,0.38961801409721375
782,I1,110,AB,5,3,0.29040089212908504,0.062235623598098755,0.59026206405833359,0.4227680311235002,0.66269896824624297,0.070875463441730721,132.78579451416854,1.8386516569094606,0.32723655745994568,0.57426600985055765,0.42179649655289564,0.79350004683615483,1.8319252684710861,1.035223391233012,1.2971968845929951,1.6488538667559625,0.40926027816967853,0.19928476205095649,0.38961801409721375
783,I1,111,AB,5,4,0.29040089212908504,0.062235623598098755,0.59026206405833359,0.32806202194026957,0.69486851449121934,0.070875463441730721,132.78579451416854,1.8386516569094606,0.32723655745994568,0.57426600985055765,0.42179649655289564,0.79350004683615483,1.8319252684710861,1.035223391233012,1.2971968845929951,1.6488538667559625,0.40926027816967853,0.19928476205095649,0.38961801409721375
784,I1,112,AB,5,5,0.29040089212908504,0.062235623598098755,0.59026206405833359,0.32806202194026957,0.66269896824624297,0.063023760636217716,132.78579451416854,1.8386516569094606,0.32723655745994568,0.57426600985055765,0.42179649655289564,0.79350004683615483,1.8319252684710861,1.035223391233012,1.2971968845929951,1.6488538667559625,0.40926027816967853,0.19928476205095649,0.38961801409721375
785,I1,113,AB,5,6,0.29040089212908504,0.062235623598098755,0.59026206405833359,0.32806202194026957,0.66269896824624297,0.070875463441730721,3.7159560259395015,1.8386516569094606,0.32723655745994568,0.57426600985055765,0.42179649655289564,0.79350004683615483,1.8319252684710861,1.035223391233012,1.2971968845929951,1.6488538667559625,0.40926027816967853,0.19928476205095649,0.38961801409721375
786,I1,114,AB,5,7,0.29040089212908504,0.062235623598098755,0.59026206405833359,0.32806202194026957,0.66269896824624297,0.070875463441730721,132.78579451416854,2.2639038003403229,0.32723655745994568,0.57426600985055765,0.42179649655289564,0.79350004683615483,1.8319252684710861,1.035223391233012,1.2971968845929951,1.6488538667559625,0.40926027816967853,0.19928476205095649,0.38961801409721375
787,I1,115,AB,5,8,0.29040089212908504,0.062235623598098755,0.59026206405833359,0.32806202194026957,0.66269896824624297,0.070875463441730721,132.78579451416854,1.8386516569094606,0.20704018390719334,0.57426600985055765,0.42179649655289564,0.79350004683615483,1.8319252684710861,1.035223391233012,1.2971968845929951,1.6488538667559625,0.40926027816967853,0.19928476205095649,0.38961801409721375
788,I1,116,AB,5,9,0.29040089212908504,0.062235623598098755,0.59026206405833359,0.32806202194026957,0.66269896824624297,0.070875463441730721,132.78579451416854,1.8386516569094606,0.32723655745994568,0.53678606350764746,0.42179649655289564,0.79350004683615483,1.8319252684710861,1.035223391233012,1.2971968845929951,1.6488538667559625,0.40926027816967853,0.19928476205095649,0.38961801409721375
789,I1,117,AB,5,10,0.29040089212908504,0.062235623598098755,0.59026206405833359,0.32806202194026957,0.66269896824624297,0.070875463441730721,132.78579451416854,1.8386516569094606,0.32723655745994568,0.57426600985055765,0.43201772505706793,0.79350004683615483,1.8319252684710861,1.035223391233012,1.2971968845929951,1.6488538667559625,0.40926027816967853,0.19928476205095649,0.38961801409721375
790,I1,118,AB,5,11,0.29040089212908504,0.062235623598098755,0.59026206405833359,0.32806202194026957,0.66269896824624297,0.070875463441730721,132.78579451416854,1.8386516569094606,0.32723655745994568,0.57426600985055765,0.42179649655289564,0.86851468494924033,1.8319252684710861,1.035223391233012,1.2971968845929951,1.6488538667559625,0.40926027816967853,0.19928476205095649,0.38961801409721375
791,I1,119,AB,5,12,0.29040089212908504,0.062235623598098755,0.59026206405833359,0.32806202194026957,0.66269896824624297,0.070875463441730721,132.78579451416854,1.8386516569094606,0.32723655745994568,0.57426600985055765,0.42179649655289564,0.79350004683615483,2.3695614968397671,1.035223391233012,1.2971968845929951,1.6488538667559625,0.40926027816967853,0.19928476205095649,0.38961801409721375
792,I1,120,AB,5,13,0.29040089212908504,0.062235623598098755,0.59026206405833359,0.32806202194026957,0.66269896824624297,0.070875463441730721,132.78579451416854,1.8386516569094606,0.32723655745994568,0.57426600985055765,0.42179649655289564,0.79350004683615483,1.8319252684710861,1.0867622462008149,1.2971968845929951,1.6488538667559625,0.40926027816967853,0.19928476205095649,0.38961801409721375
793,I1,121,AB,5,14,0.29040089212908504,0.062235623598098755,0.59026206405833359,0.32806202194026957,0.66269896824624297,0.070875463441730721,132.78579451416854,1.8386516569094606,0.32723655745994568,0.57426600985055765,0.42179649655289564,0.79350004683615483,1.8319252684710861,1.035223391233012,1.2175346791744233,1.6488538667559625,0.40926027816967853,0.19928476205095649,0.38961801409721375
794,I1,122,AB,5,15,0.29040089212908504,0.062235623598098755,0.59026206405833359,0.32806202194026957,0.66269896824624297,0.070875463441730721,132.78579451416854,1.8386516569094606,0.32723655745994568,0.57426600985055765,0.42179649655289564,0.79350004683615483,1.8319252684710861,1.035223391233012,1.2971968845929951,2.0499674014747145,0.40926027816967853,0.19928476205095649,0.38961801409721375
795,I1,123,AB,5,16,0.29040089212908504,0.062235623598098755,0.59026206405833359,0.32806202194026957,0.66269896824624297,0.070875463441730721,132.78579451416854,1.8386516569094606,0.32723655745994568,0.57426600985055765,0.42179649655289564,0.79350004683615483,1.8319252684710861,1.035223391233012,1.2971968845929951,1.6488538667559625,0.40791882968907339,0.19928476205095649,0.38961801409721375
796,I1,124,AB,5,17,0.29040089212908504,0.062235623598098755,0.59026206405833359,0.32806202194026957,0.66269896824624297,0.070875463441730721,132.78579451416854,1.8386516569094606,0.32723655745994568,0.57426600985055765,0.42179649655289564,0.79350004683615483,1.8319252684710861,1.035223391233012,1.2971968845929951,1.6488538667559625,0.40926027816967853,0.12400389565154911,0.38961801409721375
797,I1,125,AB,5,18,0.29040089212908504,0.062235623598098755,0.59026206405833359,0.32806202194026957,0.66269896824624297,0.070875463441730721,132.78579451416854,1.8386516569094606,0.32723655745994568,0.57426600985055765,0.42179649655289564,0.79350004683615483,1.8319252684710861,1.035223391233012,1.2971968845929951,1.6488538667559625,0.40926027816967853,0.19928476205095649,0.34337897022254765
798,I1,126,A,6,-1,0.25830702069123068,0.16544461920857428,0.36874393681064244,0.4389017424808338,0.55118767051349216,0.066635764026617972,7.036788082080184,1.9503344630687003,0.25152276236873294,0.50517557320214435,0.487091840035551,0.80494043333314935,2.3507102803033906,1.1103602313436567,1.2279355038888753,2.1738067664206029,0.46327631824604393,0.91170870494097467,0.44246601786464457
799,I1,127,B,6,-1,0.206780849935572,0.22109238114207985,0.27215140387415887,0.33931082114860417,0.56964998021831059,0.06967989028640699,50.455066999699632,1.8846412780318238,0.16403999780706963,0.72014592150223655,0.48399697622226023,0.91161475631063116,1.7366265467980639,1.0540209745336324,1.2486944128293544,2.2916635341942309,0.43741537253605905,0.80893579544499516,0.41380542051978408
800,I1,128,AB,6,0,0.206780849935572,0.16544461920857428,0.36874393681064244,0.4389017424808338,0.55118767051349216,0.066635764026617972,7.036788082080184,1.9503344630687003,0.25152276236873294,0.50517557320214435,0.487091840035551,0.80494043333314935,2.3507102803033906,1.1103602313436567,1.2279355038888753,2.1738067664206029,0.46327631824604393,0.91170870494097467,0.44246601786464457
801,I1,129,AB,6,1,0.25830702069123068,0.22109238114207985,0.36874393681064244,0.4389017424808338,0.55118767051349216,0.066635764026617972,7.036788082080184,1.9503344630687003,0.25152276236873294,0.50517557320214435,0.487091840035551,0.80494043333314935,2.3507102803033906,1.1103602313436567,1.2279355038888753,2.1738067664206029,0.46327631824604393,0.91170870494097467,0.44246601786464457
802,I1,130,AB,6,2,0.25830702069123068,0.16544461920857428,0.27215140387415887,0.4389017424808338,0.55118767051349216,0.066635764026617972,7.036788082080184,1.9503344630687003,0.25152276236873294,0.50517557320214435,0.487091840035551,0.80494043333314935,2.3507102803033906,1.1103602313436567,1.2279355038888753,2.1738067664206029,0.46327631824604393,0.91170870494097467,0.44246601786464457
803,I1,131,AB,6,3,0.25830702069123068,0.16544461920857428,0.36874393681064244,0.33931082114860417,0.55118767051349216,0.066635764026617972,7.036788082080184,1.9503344630687003,0.25152276236873294,0.50517557320214435,0.487091840035551,0.80494043333314935,2.3507102803033906,1.1103602313436567,1.2279355038888753,2.1738067664206029,0.46327631824604393,0.91170870494097467,0.44246601786464457
804,I1,132,AB,6,4,0.25830702069123068,0.16544461920857428,0.36874393681064244,0.4389017424808338,0.56964998021831059,0.066635764026617972,7.036788082080184,1.9503344630687003,0.25152276236873294,0.50517557320214435,0.487091840035551,0.80494043333314935,2.3507102803033906,1.1103602313436567,1.2279355038888753,2.1738067664206029,0.46327631824604393,0.91170870494097467,0.44246601786464457
805,I1,133,AB,6,5,0.25830702069123068,0.16544461920857428,0.36874393681064244,0.4389017424808338,0.55118767051349216,0.06967989028640699,7.036788082080184,1.9503344630687003,0.25152276236873294,0.50517557320214435,0.487091840035551,0.80494043333314935,2.3507102803033906,1.1103602313436567,1.2279355038888753,2.1738067664206029,0.46327631824604393,0.91170870494097467,0.44246601786464457
806,I1,134,AB,6,6,0.25830702069123068,0.16544461920857428,0.36874393681064244,0.4389017424808338,0.55118767051349216,0.066635764026617972,50.455066999699632,1.9503344630687003,0.25152276236873294,0.50517557320214435,0.487091840035551,0.80494043333314935,2.3507102803033906,1.1103602313436567,1.2279355038888753,2.1738067664206029,0.46327631824604393,0.91170870494097467,0.44246601786464457
807,I1,135,AB,6,7,0.25830702069123068,0.16544461920857428,0.36874393681064244,0.4389017424808338,0.55118767051349216,0.066635764026617972,7.036788082080184,1.8846412780318238,0.25152276236873294,0.50517557320214435,0.487091840035551,0.80494043333314935,2.3507102803033906,1.1103602313436567,1.2279355038888753,2.1738067664206029,0.46327631824604393,0.91170870494097467,0.44246601786464457
808,I1,136,AB,6,8,0.25830702069123068,0.16544461920857428,0.36874393681064244,0.4389017424808338,0.55118767051349216,0.066635764026617972,7.036788082080184,1.9503344630687003,0.16403999780706963,0.50517557320214435,0.487091840035551,0.80494043333314935,2.3507102803033906,1.1103602313436567,1.2279355038888753,2.1738067664206029,0.46327631824604393,0.91170870494097467,0.44246601786464457
809,I1,137,AB,6,9,0.25830702069123068,0.16544461920857428,0.36874393681064244,0.4389017424808338,0.55118767051349216,0.066635764026617972,7.036788082080184,1.9503344630687003,0.25152276236873294,0.72014592150223655,0.487091840035551,0.80494043333314935,2.3507102803033906,1.1103602313436567,1.2279355038888753,2.1738067664206029,0.46327631824604393,0.91170870494097467,0.44246601786464457
810,I1,138,AB,6,10,0.25830702069123068,0.16544461920857428,0.36874393681064244,0.4389017424808338,0.55118767051349216,0.066635764026617972,7.036788082080184,1.9503344630687003,0.25152276236873294,0.50517557320214435,0.48399697622226023,0.80494043333314935,2.3507102803033906,1.1103602313436567,1.2279355038888753,2.1738067664206029,0.46327631824604393,0.91170870494097467,0.44246601786464457
811,I1,139,AB,6,11,0.25830702069123068,0.16544461920857428,0.36874393681064244,0.4389017424808338,0.55118767051349216,0.066635764026617972,7.036788082080184,1.9503344630687003,0.25152276236873294,0.50517557320214435,0.487091840035551,0.91161475631063116,2.3507102803033906,1.1103602313436567,1.2279355038888753,2.1738067664206029,0.46327631824604393,0.91170870494097467,0.44246601786464457
812,I1,140,AB,6,12,0.25830702069123068,0.16544461920857428,0.36874393681064244,0.4389017424808338,0.55118767051349216,0.066635764026617972,7.036788082080184,1.9503344630687003,0.25152276236873294,0.50517557320214435,0.487091840035551,0.80494043333314935,1.7366265467980639,1.1103602313436567,1.2279355038888753,2.1738067664206029,0.46327631824604393,0.91170870494097467,0.44246601786464457
813,I1,141,AB,6,13,0.25830702069123068,0.16544461920857428,0.36874393681064244,0.4389017424808338,0.55118767051349216,0.066635764026617972,7.036788082080184,1.9503344630687003,0.25152276236873294,0.50517557320214435,0.487091840035551,0.80494043333314935,2.3507102803033906,1.0540209745336324,1.2279355038888753,2.1738067664206029,0.46327631824604393,0.91170870494097467,0.44246601786464457
814,I1,142,AB,6,14,0.25830702069123068,0.16544461920857428,0.36874393681064244,0.4389017424808338,0.55118767051349216,0.066635764026617972,7.036788082080184,1.9503344630687003,0.25152276236873294,0.50517557320214435,0.487091840035551,0.80494043333314935,2.3507102803033906,1.1103602313436567,1.2486944128293544,2.1738067664206029,0.46327631824604393,0.91170870494097467,0.44246601786464457
815,I1,143,AB,6,15,0.25830702069123068,0.16544461920857428,0.36874393681064244,0.4389017424808338,0.55118767051349216,0.066635764026617972,7.036788082080184,1.9503344630687003,0.25152276236873294,0.50517557320214435,0.487091840035551,0.80494043333314935,2.3507102803033906,1.1103602313436567,1.2279355038888753,2.2916635341942309,0.46327631824604393,0.91170870494097467,0.44246601786464457
816,I1,144,AB,6,16,0.25830702069123068,0.16544461920857428,0.36874393681064244,0.4389017424808338,0.55118767051349216,0.066635764026617972,7.036788082080184,1.9503344630687003,0.25152276236873294,0.50517557320214435,0.487091840035551,0.80494043333314935,2.3507102803033906,1.1103602313436567,1.2279355038888753,2.1738067664206029,0.43741537253605905,0.91170870494097467,0.44246601786464457
817,I1,145,AB,6,17,0.25830702069123068,0.16544461920857428,0.36874393681064244,0.4389017424808338,0.55118767051349216,0.066635764026617972,7.036788082080184,1.9503344630687003,0.25152276236873294,0.50517557320214435,0.487091840035551,0.80494043333314935,2.3507102803033906,1.1103602313436567,1.2279355038888753,2.1738067664206029,0.46327631824604393,0.80893579544499516,0.44246601786464457
818,I1,146,AB,6,18,0.25830702069123068,0.16544461920857428,0.36874393681064244,0.4389017424808338,0.55118767051349216,0.066635764026617972,7.036788082080184,1.9503344630687003,0.25152276236873294,0.50517557320214435,0.487091840035551,0.80494043333314935,2.3507102803033906,1.1103602313436567,1.2279355038888753,2.1738067664206029,0.46327631824604393,0.91170870494097467,0.41380542051978408
819,I1,147,A,7,-1,0.32354809699014964,0.12733959741890433,0.46907337317243214,0.38545953722639537,0.69805725941813423,0.060383834678966186,3264.5944368693827,2.122039649832129,0.19977342970510648,0.59470695311085975,0.35106238913771953,1.1671159225922376,2.111792744304962,1.0584112082701176,1.0631008739117533,1.8920121349394321,0.40058374088355153,0.45021837046369917,0.27945379734970632
820,I1,148,B,7,-1,0.30837028564089292,0.10407357662916183,0.51827476341277356,0.61550106746095312,0.82160065566749629,0.060017692706562868,455.7479654811815,2.0545022870683796,0.27537276754603951,0.45797705492069674,0.36922523727024192,0.73614832750484216,2.6076731736475329,1.1359609045274555,1.0752823028713465,1.9640934526920319,0.37432369729186776,0.46118933372199533,0.30668311711400748
821,I1,149,AB,7,0,0.30837028564089292,0.12733959741890433,0.46907337317243214,0.38545953722639537,0.69805725941813423,0.060383834678966186,3264.5944368693827,2.122039649832129,0.19977342970510648,0.59470695311085975,0.35106238913771953,1.1671159225922376,2.111792744304962,1.0584112082701176,1.0631008739117533,1.8920121349394321,0.40058374088355153,0.45021837046369917,0.27945379734970632
822,I1,150,AB,7,1,0.32354809699014964,0.10407357662916183,0.46907337317243214,0.38545953722639537,0.69805725941813423,0.060383834678966186,3264.5944368693827,2.122039649832129,0.19977342970510648,0.59470695311085975,0.35106238913771953,1.1671159225922376,2.111792744304962,1.0584112082701176,1.0631008739117533,1.8920121349394321,0.40058374088355153,0.45021837046369917,0.27945379734970632
823,I1,151,AB,7,2,0.32354809699014964,0.12733959741890433,0.51827476341277356,0.38545953722639537,0.69805725941813423,0.060383834678966186,3264.5944368693827,2.122039649832129,0.19977342970510648,0.59470695311085975,0.35106238913771953,1.1671159225922376,2.111792744304962,1.0584112082701176,1.0631008739117533,1.8920121349394321,0.40058374088355153,0.45021837046369917,0.27945379734970632
824,I1,152,AB,7,3,0.32354809699014964,0.12733959741890433,0.46907337317243214,0.61550106746095312,0.69805725941813423,0.060383834678966186,3264.5944368693827,2.122039649832129,0.19977342970510648,0.59470695311085975,0.35106238913771953,1.1671159225922376,2.111792744304962,1.0584112082701176,1.0631008739117533,1.8920121349394321,0.40058374088355153,0.45021837046369917,0.27945379734970632
825,I1,153,AB,7,4,0.32354809699014964,0.12733959741890433,0.46907337317243214,0.38545953722639537,0.82160065566749629,0.060383834678966186,3264.5944368693827,2.122039649832129,0.19977342970510648,0.59470695311085975,0.35106238913771953,1.1671159225922376,2.111792744304962,1.0584112082701176,1.0631008739117533,1.8920121349394321,0.40058374088355153,0.45021837046369917,0.27945379734970632
826,I1,154,AB,7,5,0.32354809699014964,0.12733959741890433,0.46907337317243214,0.38545953722639537,0.69805725941813423,0.060017692706562868,3264.5944368693827,2.122039649832129,0.19977342970510648,0.59470695311085975,0.35106238913771953,1.1671159225922376,2.111792744304962,1.0584112082701176,1.0631008739117533,1.8920121349394321,0.40058374088355153,0.45021837046369917,0.27945379734970632
827,I1,155,AB,7,6,0.32354809699014964,0.12733959741890433,0.46907337317243214,0.38545953722639537,0.69805725941813423,0.060383834678966186,455.7479654811815,2.122039649832129,0.19977342970510648,0.59470695311085975,0.35106238913771953,1.1671159225922376,2.111792744304962,1.0584112082701176,1.0631008739117533,1.8920121349394321,0.40058374088355153,0.45021837046369917,0.27945379734970632
828,I1,156,AB,7,7,0.32354809699014964,0.12733959741890433,0.46907337317243214,0.38545953722639537,0.69805725941813423,0.060383834678966186,3264.5944368693827,2.0545022870683796,0.19977342970510648,0.59470695311085975,0.35106238913771953,1.1671159225922376,2.111792744304962,1.0584112082701176,1.0631008739117533,1.8920121349394321,0.40058374088355153,0.45021837046369917,0.27945379734970632
829,I1,157,AB,7,8,0.32354809699014964,0.12733959741890433,0.46907337317243214,0.38545953722639537,0.69805725941813423,0.060383834678966186,3264.5944368693827,2.122039649832129,0.27537276754603951,0.59470695311085975,0.35106238913771953,1.1671159225922376,2.111792744304962,1.0584112082701176,1.0631008739117533,1.8920121349394321,0.40058374088355153,0.45021837046369917,0.27945379734970632
830,I1,158,AB,7,9,0.32354809699014964,0.12733959741890433,0.46907337317243214,0.38545953722639537,0.69805725941813423,0.060383834678966186,3264.5944368693827,2.122039649832129,0.19977342970510648,0.45797705492069674,0.35106238913771953,1.1671159225922376,2.111792744304962,1.0584112082701176,1.0631008739117533,1.8920121349394321,0.40058374088355153,0.45021837046369917,0.27945379734970632
831,I1,159,AB,7,10,0.32354809699014964,0.12733959741890433,0.46907337317243214,0.38545953722639537,0.69805725941813423,0.060383834678966186,3264.5944368693827,2.122039649832129,0.19977342970510648,0.59470695311085975,0.36922523727024192,1.1671159225922376,2.111792744304962,1.0584112082701176,1.0631008739117533,1.8920121349394321,0.40058374088355153,0.45021837046369917,0.27945379734970632
832,I1,160,AB,7,11,0.32354809699014964,0.12733959741890433,0.46907337317243214,0.38545953722639537,0.69805725941813423,0.060383834678966186,3264.5944368693827,2.122039649832129,0.19977342970510648,0.59470695311085975,0.35106238913771953,0.73614832750484216,2.111792744304962,1.0584112082701176,1.0631008739117533,1.8920121349394321,0.40058374088355153,0.45021837046369917,0.27945379734970632
833,I1,161,AB,7,12,0.32354809699014964,0.12733959741890433,0.46907337317243214,0.38545953722639537,0.69805725941813423,0.060383834678966186,3264.5944368693827,2.122039649832129,0.19977342970510648,0.59470695311085975,0.35106238913771953,1.1671159225922376,2.6076731736475329,1.0584112082701176,1.0631008739117533,1.8920121349394321,0.40058374088355153,0.45021837046369917,0.27945379734970632
834,I1,162,AB,7,13,0.32354809699014964,0.12733959741890433,0.46907337317243214,0.38545953722639537,0.69805725941813423,0.060383834678966186,3264.5944368693827,2.122039649832129,0.19977342970510648,0.59470695311085975,0.35106238913771953,1.1671159225922376,2.111792744304962,1.1359609045274555,1.0631008739117533,1.8920121349394321,0.40058374088355153,0.45021837046369917,0.27945379734970632
835,I1,163,AB,7,14,0.32354809699014964,0.12733959741890433,0.46907337317243214,0.38545953722639537,0.69805725941813423,0.060383834678966186,3264.5944368693827,2.122039649832129,0.19977342970510648,0.59470695311085975,0.35106238913771953,1.1671159225922376,2.111792744304962,1.0584112082701176,1.0752823028713465,1.8920121349394321,0.40058374088355153,0.45021837046369917,0.27945379734970632
836,I1,164,AB,7,15,0.32354809699014964,0.12733959741890433,0.46907337317243214,0.38545953722639537,0.69805725941813423,0.060383834678966186,3264.5944368693827,2.122039649832129,0.19977342970510648,0.59470695311085975,0.35106238913771953,1.1671159225922376,2.111792744304962,1.0584112082701176,1.0631008739117533,1.9640934526920319,0.40058374088355153,0.45021837046369917,0.27945379734970632
837,I1,165,AB,7,16,0.32354809699014964,0.12733959741890433,0.46907337317243214,0.38545953722639537,0.69805725941813423,0.060383834678966186,3264.5944368693827,2.122039649832129,0.19977342970510648,0.59470695311085975,0.35106238913771953,1.1671159225922376,2.111792744304962,1.0584112082701176,1.0631008739117533,1.8920121349394321,0.37432369729186776,0.45021837046369917,0.27945379734970632
838,I1,166,AB,7,17,0.32354809699014964,0.12733959741890433,0.46907337317243214,0.38545953722639537,0.69805725941813423,0.060383834678966186,3264.5944368693827,2.122039649832129,0.19977342970510648,0.59470695311085975,0.35106238913771953,1.1671159225922376,2.111792744304962,1.0584112082701176,1.0631008739117533,1.8920121349394321,0.40058374088355153,0.46118933372199533,0.27945379734970632
839,I1,167,AB,7,18,0.32354809699014964,0.12733959741890433,0.46907337317243214,0.38545953722639537,0.69805725941813423,0.060383834678966186,3264.5944368693827,2.122039649832129,0.19977342970510648,0.59470695311085975,0.35106238913771953,1.1671159225922376,2.111792744304962,1.0584112082701176,1.0631008739117533,1.8920121349394321,0.40058374088355153,0.45021837046369917,0.30668311711400748
840,I1,168,A,8,-1,0.32922959708487831,0.22304495386779311,0.3530697424896061,0.34318216586308836,0.58460626425761264,0.061345733088386402,105.18778754422067,2.0370415432543463,0.11511394068987317,0.47330311737582859,0.3426849974538318,1.0135586338409603,1.6659303088954018,1.1025799890048802,1.2572643525898457,2.3529315680265426,0.42514147385225332,0.73173774722963569,0.32916292094625532
841,I1,169,B,8,-1,0.26931240412302188,0.16513850148767234,0.41136179985478516,0.33261904857703206,0.63066007530147628,0.062569410414664295,34.461369788613695,2.0313240304444649,0.21327820417315763,0.52046968972976115,0.49000735122661876,1.103354838125397,2.6953828928916566,1.1273658232484012,1.1571698360610754,1.6415327757596971,0.43154477347972658,0.16745095010846855,0.38308328615501525
842,I1,170,AB,8,0,0.26931240412302188,0.22304495386779311,0.3530697424896061,0.34318216586308836,0.58460626425761264,0.061345733088386402,105.18778754422067,2.0370415432543463,0.11511394068987317,0.47330311737582859,0.3426849974538318,1.0135586338409603,1.6659303088954018,1.1025799890048802,1.2572643525898457,2.3529315680265426,0.42514147385225332,0.73173774722963569,0.32916292094625532
843,I1,171,AB,8,1,0.32922959708487831,0.16513850148767234,0.3530697424896061,0.34318216586308836,0.58460626425761264,0.061345733088386402,105.18778754422067,2.0370415432543463,0.11511394068987317,0.47330311737582859,0.3426849974538318,1.0135586338409603,1.6659303088954018,1.1025799890048802,1.2572643525898457,2.3529315680265426,0.42514147385225332,0.73173774722963569,0.32916292094625532
844,I1,172,AB,8,2,0.32922959708487831,0.22304495386779311,0.41136179985478516,0.34318216586308836,0.58460626425761264,0.061345733088386402,105.18778754422067,2.0370415432543463,0.11511394068987317,0.47330311737582859,0.3426849974538318,1.0135586338409603,1.6659303088954018,1.1025799890048802,1.2572643525898457,2.3529315680265426,0.42514147385225332,0.73173774722963569,0.32916292094625532
845,I1,173,AB,8,3,0.32922959708487831,0.22304495386779311,0.3530697424896061,0.33261904857703206,0.58460626425761264,0.061345733088386402,105.18778754422067,2.0370415432543463,0.11511394068987317,0.47330311737582859,0.3426849974538318,1.0135586338409603,1.6659303088954018,1.1025799890048802,1.2572643525898457,2.3529315680265426,0.42514147385225332,0.73173774722963569,0.32916292094625532
846,I1,174,AB,8,4,0.32922959708487831,0.22304495386779311,0.3530697424896061,0.34318216586308836,0.63066007530147628,0.061345733088386402,105.18778754422067,2.0370415432543463,0.11511394068987317,0.47330311737582859,0.3426849974538318,1.0135586338409603,1.6659303088954018,1.1025799890048802,1.2572643525898457,2.3529315680265426,0.42514147385225332,0.73173774722963569,0.32916292094625532
847,I1,175,AB,8,5,0.32922959708487831,0.22304495386779311,0.3530697424896061,0.34318216586308836,0.58460626425761264,0.062569410414664295,105.18778754422067,2.0370415432543463,0.11511394068987317,0.47330311737582859,0.3426849974538318,1.0135586338409603,1.6659303088954018,1.1025799890048802,1.2572643525898457,2.3529315680265426,0.42514147385225332,0.73173774722963569,0.32916292094625532
848,I1,176,AB,8,6,0.32922959708487831,0.22304495386779311,0.3530697424896061,0.34318216586308836,0.58460626425761264,0.061345733088386402,34.461369788613695,2.0370415432543463,0.11511394068987317,0.47330311737582859,0.3426849974538318,1.0135586338409603,1.6659303088954018,1.1025799890048802,1.2572643525898457,2.3529315680265426,0.42514147385225332,0.73173774722963569,0.32916292094625532
849,I1,177,AB,8,7,0.32922959708487831,0.22304495386779311,0.3530697424896061,0.34318216586308836,0.58460626425761264,0.061345733088386402,105.18778754422067,2.0313240304444649,0.11511394068987317,0.47330311737582859,0.3426849974538318,1.0135586338409603,1.6659303088954018,1.1025799890048802,1.2572643525898457,2.3529315680265426,0.42514147385225332,0.73173774722963569,0.32916292094625532
850,I1,178,AB,8,8,0.32922959708487831,0.22304495386779311,0.3530697424896061,0.34318216586308836,0.58460626425761264,0.061345733088386402,105.18778754422067,2.0370415432543463,0.21327820417315763,0.47330311737582859,0.3426849974538318,1.0135586338409603,1.6659303088954018,1.1025799890048802,1.2572643525898457,2.3529315680265426,0.42514147385225332,0.73173774722963569,0.32916292094625532
851,I1,179,AB,8,9,0.32922959708487831,0.22304495386779311,0.3530697424896061,0.34318216586308836,0.58460626425761264,0.061345733088386402,105.18778754422067,2.0370415432543463,0.11511394068987317,0.52046968972976115,0.3426849974538318,1.0135586338409603,1.6659303088954018,1.1025799890048802,1.2572643525898457,2.3529315680265426,0.42514147385225332,0.73173774722963569,0.32916292094625532
852,I1,180,AB,8,10,0.32922959708487831,0.22304495386779311,0.3530697424896061,0.34318216586308836,0.58460626425761264,0.061345733088386402,105.18778754422067,2.0370415432543463,0.11511394068987317,0.47330311737582859,0.49000735122661876,1.0135586338409603,1.6659303088954018,1.1025799890048802,1.2572643525898457,2.3529315680265426,0.42514147385225332,0.73173774722963569,0.32916292094625532
853,I1,181,AB,8,11,0.32922959708487831,0.22304495386779311,0.3530697424896061,0.34318216586308836,0.58460626425761264,0.061345733088386402,105.18778754422067,2.0370415432543463,0.11511394068987317,0.47330311737582859,0.3426849974538318,1.103354838125397,1.6659303088954018,1.1025799890048802,1.2572643525898457,2.3529315680265426,0.42514147385225332,0.73173774722963569,0.32916292094625532
854,I1,182,AB,8,12,0.32922959708487831,0.22304495386779311,0.3530697424896061,0.34318216586308836,0.58460626425761264,0.061345733088386402,105.18778754422067,2.0370415432543463,0.11511394068987317,0.47330311737582859,0.3426849974538318,1.0135586338409603,2.6953828928916566,1.1025799890048802,1.2572643525898457,2.3529315680265426,0.42514147385225332,0.73173774722963569,0.32916292094625532
855,I1,183,AB,8,13,0.32922959708487831,0.22304495386779311,0.3530697424896061,0.34318216586308836,0.58460626425761264,0.061345733088386402,105.18778754422067,2.0370415432543463,0.11511394068987317,0.47330311737582859,0.3426849974538318,1.0135586338409603,1.6659303088954018,1.1273658232484012,1.2572643525898457,2.3529315680265426,0.42514147385225332,0.73173774722963569,0.32916292094625532
856,I1,184,AB,8,14,0.32922959708487831,0.22304495386779311,0.3530697424896061,0.34318216586308836,0.58460626425761264,0.061345733088386402,105.18778754422067,2.0370415432543463,0.11511394068987317,0.47330311737582859,0.3426849974538318,1.0135586338409603,1.6659303088954018,1.1025799890048802,1.1571698360610754,2.3529315680265426,0.42514147385225332,0.73173774722963569,0.32916292094625532
857,I1,185,AB,8,15,0.32922959708487831,0.22304495386779311,0.3530697424896061,0.34318216586308836,0.58460626425761264,0.061345733088386402,105.18778754422067,2.0370415432543463,0.11511394068987317,0.47330311737582859,0.3426849974538318,1.0135586338409603,1.6659303088954018,1.1025799890048802,1.2572643525898457,1.6415327757596971,0.42514147385225332,0.73173774722963569,0.32916292094625532
858,I1,186,AB,8,16,0.32922959708487831,0.22304495386779311,0.3530697424896061,0.34318216586308836,0.58460626425761264,0.061345733088386402,105.18778754422067,2.0370415432543463,0.11511394068987317,0.47330311737582859,0.3426849974538318,1.0135586338409603,1.6659303088954018,1.1025799890048802,1.2572643525898457,2.3529315680265426,0.43154477347972658,0.73173774722963569,0.32916292094625532
859,I1,187,AB,8,17,0.32922959708487831,0.22304495386779311,0.3530697424896061,0.34318216586308836,0.58460626425761264,0.061345733088386402,105.18778754422067,2.0370415432543463,0.11511394068987317,0.47330311737582859,0.3426849974538318,1.0135586338409603,1.6659303088954018,1.1025799890048802,1.2572643525898457,2.3529315680265426,0.42514147385225332,0.16745095010846855,0.32916292094625532
860,I1,188,AB,8,18,0.32922959708487831,0.22304495386779311,0.3530697424896061,0.34318216586308836,0.58460626425761264,0.061345733088386402,105.18778754422067,2.0370415432543463,0.11511394068987317,0.47330311737582859,0.3426849974538318,1.0135586338409603,1.6659303088954018,1.1025799890048802,1.2572643525898457,2.3529315680265426,0.42514147385225332,0.73173774722963569,0.38308328615501525
861,I1,189,A,9,-1,0.26792831048225046,0.084585879743099224,0.48510518418624993,0.57059846546343751,0.75030814237577492,0.067676560427035862,226.82642645643955,1.7634068209247746,0.30158906126081508,0.63434056591074883,0.49274995318102649,0.88537843387598381,2.6542321574942642,1.065094504011795,1.1587796993087978,1.6816378206014635,0.37943818114810524,0.29266502065584066,0.39275706980377434
862,I1,190,B,9,-1,0.30544728372158647,0.059893187880516056,0.65741613721475001,0.52065872351196218,0.70345340336414242,0.065504146181503575,117.83692143715889,1.7398332627571929,0.22750239963215729,0.63544992664132094,0.37352931469692607,0.88933726139060643,2.0373763432845551,1.0798143057338894,1.2366797655820847,2.1144260384142397,0.37616480373840627,0.76167226349934936,0.3223759942408651
863,I1,191,AB,9,0,0.30544728372158647,0.084585879743099224,0.48510518418624993,0.57059846546343751,0.75030814237577492,0.067676560427035862,226.82642645643955,1.7634068209247746,0.30158906126081508,0.63434056591074883,0.49274995318102649,0.88537843387598381,2.6542321574942642,1.065094504011795,1.1587796993087978,1.6816378206014635,0.37943818114810524,0.29266502065584066,0.39275706980377434
864,I1,192,AB,9,1,0.26792831048225046,0.059893187880516056,0.48510518418624993,0.57059846546343751,0.75030814237577492,0.067676560427035862,226.82642645643955,1.7634068209247746,0.30158906126081508,0.63434056591074883,0.49274995318102649,0.88537843387598381,2.6542321574942642,1.065094504011795,1.1587796993087978,1.6816378206014635,0.37943818114810524,0.29266502065584066,0.39275706980377434
865,I1,193,AB,9,2,0.26792831048225046,0.084585879743099224,0.65741613721475001,0.57059846546343751,0.75030814237577492,0.067676560427035862,226.82642645643955,1.7634068209247746,0.30158906126081508,0.63434056591074883,0.49274995318102649,0.88537843387598381,2.6542321574942642,1.065094504011795,1.1587796993087978,1.6816378206014635,0.37943818114810524,0.29266502065584066,0.39275706980377434
866,I1,194,AB,9,3,0.26792831048225046,0.084585879743099224,0.48510518418624993,0.52065872351196218,0.75030814237577492,0.067676560427035862,226.82642645643955,1.7634068209247746,0.30158906126081508,0.63434056591074883,0.49274995318102649,0.88537843387598381,2.6542321574942642,1.065094504011795,1.1587796993087978,1.6816378206014635,0.37943818114810524,0.29266502065584066,0.39275706980377434
867,I1,195,AB,9,4,0.26792831048225046,0.084585879743099224,0.48510518418624993,0.57059846546343751,0.70345340336414242,0.067676560427035862,226.82642645643955,1.7634068209247746,0.30158906126081508,0.63434056591074883,0.49274995318102649,0.88537843387598381,2.6542321574942642,1.065094504011795,1.1587796993087978,1.6816378206014635,0.37943818114810524,0.29266502065584066,0.39275706980377434
868,I1,196,AB,9,5,0.26792831048225046,0.084585879743099224,0.48510518418624993,0.57059846546343751,0.75030814237577492,0.065504146181503575,226.82642645643955,1.7634068209247746,0.30158906126081508,0.63434056591074883,0.49274995318102649,0.88537843387598381,2.6542321574942642,1.065094504011795,1.1587796993087978,1.6816378206014635,0.37943818114810524,0.29266502065584066,0.39275706980377434
869,I1,197,AB,9,6,0.26792831048225046,0.084585879743099224,0.48510518418624993,0.57059846546343751,0.75030814237577492,0.067676560427035862,117.83692143715889,1.7634068209247746,0.30158906126081508,0.63434056591074883,0.49274995318102649,0.88537843387598381,2.6542321574942642,1.065094504011795,1.1587796993087978,1.6816378206014635,0.37943818114810524,0.29266502065584066,0.39275706980377434
870,I1,198,AB,9,7,0.26792831048225046,0.084585879743099224,0.48510518418624993,0.57059846546343751,0.75030814237577492,0.067676560427035862,226.82642645643955,1.7398332627571929,0.30158906126081508,0.63434056591074883,0.49274995318102649,0.88537843387598381,2.6542321574942642,1.065094504011795,1.1587796993087978,1.6816378206014635,0.37943818114810524,0.29266502065584066,0.39275706980377434
871,I1,199,AB,9,8,0.26792831048225046,0.084585879743099224,0.48510518418624993,0.57059846546343751,0.75030814237577492,0.067676560427035862,226.82642645643955,1.7634068209247746,0.22750239963215729,0.63434056591074883,0.49274995318102649,0.88537843387598381,2.6542321574942642,1.065094504011795,1.1587796993087978,1.6816378206014635,0.37943818114810524,0.29266502065584066,0.39275706980377434
872,I1,200,AB,9,9,0.26792831048225046,0.084585879743099224,0.48510518418624993,0.57059846546343751,0.75030814237577492,0.067676560427035862,226.82642645643955,1.7634068209247746,0.30158906126081508,0.63544992664132094,0.49274995318102649,0.88537843387598381,2.6542321574942642,1.065094504011795,1.1587796993087978,1.6816378206014635,0.37943818114810524,0.29266502065584066,0.39275706980377434
873,I1,201,AB,9,10,0.26792831048225046,0.084585879743099224,0.48510518418624993,0.57059846546343751,0.75030814237577492,0.067676560427035862,226.82642645643955,1.7634068209247746,0.30158906126081508,0.63434056591074883,0.37352931469692607,0.88537843387598381,2.6542321574942642,1.065094504011795,1.1587796993087978,1.6816378206014635,0.37943818114810524,0.29266502065584066,0.39275706980377434
874,I1,202,AB,9,11,0.26792831048225046,0.084585879743099224,0.48510518418624993,0.57059846546343751,0.75030814237577492,0.067676560427035862,226.82642645643955,1.7634068209247746,0.30158906126081508,0.63434056591074883,0.49274995318102649,0.88933726139060643,2.6542321574942642,1.065094504011795,1.1587796993087978,1.6816378206014635,0.37943818114810524,0.29266502065584066,0.39275706980377434
875,I1,203,AB,9,12,0.26792831048225046,0.084585879743099224,0.48510518418624993,0.57059846546343751,0.75030814237577492,0.067676560427035862,226.82642645643955,1.7634068209247746,0.30158906126081508,0.63434056591074883,0.49274995318102649,0.88537843387598381,2.0373763432845551,1.065094504011795,1.1587796993087978,1.6816378206014635,0.37943818114810524,0.29266502065584066,0.39275706980377434
876,I1,204,AB,9,13,0.26792831048225046,0.084585879743099224,0.48510518418624993,0.57059846546343751,0.75030814237577492,0.067676560427035862,226.82642645643955,1.7634068209247746,0.30158906126081508,0.63434056591074883,0.49274995318102649,0.88537843387598381,2.6542321574942642,1.0798143057338894,1.1587796993087978,1.6816378206014635,0.37943818114810524,0.29266502065584066,0.39275706980377434
877,I1,205,AB,9,14,0.26792831048225046,0.084585879743099224,0.48510518418624993,0.57059846546343751,0.75030814237577492,0.067676560427035862,226.82642645643955,1.7634068209247746,0.30158906126081508,0.63434056591074883,0.49274995318102649,0.88537843387598381,2.6542321574942642,1.065094504011795,1.2366797655820847,1.6816378206014635,0.37943818114810524,0.29266502065584066,0.39275706980377434
878,I1,206,AB,9,15,0.26792831048225046,0.084585879743099224,0.48510518418624993,0.57059846546343751,0.75030814237577492,0.067676560427035862,226.82642645643955,1.7634068209247746,0.30158906126081508,0.63434056591074883,0.49274995318102649,0.88537843387598381,2.6542321574942642,1.065094504011795,1.1587796993087978,2.1144260384142397,0.37943818114810524,0.29266502065584066,0.39275706980377434
879,I1,207,AB,9,16,0.26792831048225046,0.084585879743099224,0.48510518418624993,0.57059846546343751,0.75030814237577492,0.067676560427035862,226.82642645643955,1.7634068209247746,0.30158906126081508,0.63434056591074883,0.49274995318102649,0.88537843387598381,2.6542321574942642,1.065094504011795,1.1587796993087978,1.6816378206014635,0.37616480373840627,0.29266502065584066,0.39275706980377434
880,I1,208,AB,9,17,0.26792831048225046,0.084585879743099224,0.48510518418624993,0.57059846546343751,0.75030814237577492,0.067676560427035862,226.82642645643955,1.7634068209247746,0.30158906126081508,0.63434056591074883,0.49274995318102649,0.88537843387598381,2.6542321574942642,1.065094504011795,1.1587796993087978,1.6816378206014635,0.37943818114810524,0.76167226349934936,0.39275706980377434
881,I1,209,AB,9,18,0.26792831048225046,0.084585879743099224,0.48510518418624993,0.57059846546343751,0.75030814237577492,0.067676560427035862,226.82642645643955,1.7634068209247746,0.30158906126081508,0.63434056591074883,0.49274995318102649,0.88537843387598381,2.6542321574942642,1.065094504011795,1.1587796993087978,1.6816378206014635,0.37943818114810524,0.29266502065584066,0.3223759942408651
882,I1,210,A,10,-1,0.29494479009648655,0.18762402459979061,0.20058536464348437,0.39521788415288567,0.78317048084613061,0.07499453741453728,4.0916911033124013,1.9235984117241853,0.24004478122827325,0.73546361106096414,0.4275023616509695,0.67625380946384683,2.124617942796482,1.1443029003031551,1.0856078981421888,2.1066848270595075,0.3835315428850683,0.81743558589369059,0.43340106166899206
883,I1,211,B,10,-1,0.27747989242939641,0.20359719861298803,0.54402575530111785,0.35876861037188307,0.60246625110866403,0.06077067499720612,1580.493482727456,2.1169897960106758,0.26767432421306514,0.4214834902339113,0.30410768847090514,0.93620763915765193,2.4225204710720232,1.1115637338347732,1.2685678679961712,2.369403078407049,0.39852283389295579,0.50519342431798575,0.43471285342238841
884,I1,212,AB,10,0,0.27747989242939641,0.18762402459979061,0.20058536464348437,0.39521788415288567,0.78317048084613061,0.07499453741453728,4.0916911033124013,1.9235984117241853,0.24004478122827325,0.73546361106096414,0.4275023616509695,0.67625380946384683,2.124617942796482,1.1443029003031551,1.0856078981421888,2.1066848270595075,0.3835315428850683,0.81743558589369059,0.43340106166899206
885,I1,213,AB,10,1,0.29494479009648655,0.20359719861298803,0.20058536464348437,0.39521788415288567,0.78317048084613061,0.07499453741453728,4.0916911033124013,1.9235984117241853,0.24004478122827325,0.73546361106096414,0.4275023616509695,0.67625380946384683,2.124617942796482,1.1443029003031551,1.0856078981421888,2.1066848270595075,0.3835315428850683,0.81743558589369059,0.43340106166899206
886,I1,214,AB,10,2,0.29494479009648655,0.18762402459979061,0.54402575530111785,0.39521788415288567,0.78317048084613061,0.07499453741453728,4.0916911033124013,1.9235984117241853,0.24004478122827325,0.73546361106096414,0.4275023616509695,0.67625380946384683,2.124617942796482,1.1443029003031551,1.0856078981421888,2.1066848270595075,0.3835315428850683,0.81743558589369059,0.43340106166899206
887,I1,215,AB,10,3,0.29494479009648655,0.18762402459979061,0.20058536464348437,0.35876861037188307,0.78317048084613061,0.07499453741453728,4.0916911033124013,1.9235984117241853,0.24004478122827325,0.73546361106096414,0.4275023616509695,0.67625380946384683,2.124617942796482,1.1443029003031551,1.0856078981421888,2.1066848270595075,0.3835315428850683,0.81743558589369059,0.43340106166899206
888,I1,216,AB,10,4,0.29494479009648655,0.18762402459979061,0.20058536464348437,0.39521788415288567,0.60246625110866403,0.07499453741453728,4.0916911033124013,1.9235984117241853,0.24004478122827325,0.73546361106096414,0.4275023616509695,0.67625380946384683,2.124617942796482,1.1443029003031551,1.0856078981421888,2.1066848270595075,0.3835315428850683,0.81743558589369059,0.43340106166899206
889,I1,217,AB,10,5,0.29494479009648655,0.18762402459979061,0.20058536464348437,0.39521788415288567,0.78317048084613061,0.06077067499720612,4.0916911033124013,1.9235984117241853,0.24004478122827325,0.73546361106096414,0.4275023616509695,0.67625380946384683,2.124617942796482,1.1443029003031551,1.0856078981421888,2.1066848270595075,0.3835315428850683,0.81743558589369059,0.43340106166899206
890,I1,218,AB,10,6,0.29494479009648655,0.18762402459979061,0.20058536464348437,0.39521788415288567,0.78317048084613061,0.07499453741453728,1580.493482727456,1.9235984117241853,0.24004478122827325,0.73546361106096414,0.4275023616509695,0.67625380946384683,2.124617942796482,1.1443029003031551,1.0856078981421888,2.1066848270595075,0.3835315428850683,0.81743558589369059,0.43340106166899206
891,I1,219,AB,10,7,0.29494479009648655,0.18762402459979061,0.20058536464348437,0.39521788415288567,0.78317048084613061,0.07499453741453728,4.0916911033124013,2.1169897960106758,0.24004478122827325,0.73546361106096414,0.4275023616509695,0.67625380946384683,2.124617942796482,1.1443029003031551,1.0856078981421888,2.1066848270595075,0.3835315428850683,0.81743558589369059,0.43340106166899206
892,I1,220,AB,10,8,0.29494479009648655,0.18762402459979061,0.20058536464348437,0.39521788415288567,0.78317048084613061,0.07499453741453728,4.0916911033124013,1.9235984117241853,0.26767432421306514,0.73546361106096414,0.4275023616509695,0.67625380946384683,2.124617942796482,1.1443029003031551,1.0856078981421888,2.1066848270595075,0.3835315428850683,0.81743558589369059,0.43340106166899206
893,I1,221,AB,10,9,0.29494479009648655,0.18762402459979061,0.20058536464348437,0.39521788415288567,0.78317048084613061,0.07499453741453728,4.0916911033124013,1.9235984117241853,0.24004478122827325,0.4214834902339113,0.4275023616509695,0.67625380946384683,2.124617942796482,1.1443029003031551,1.0856078981421888,2.1066848270595075,0.3835315428850683,0.81743558589369059,0.43340106166899206
894,I1,222,AB,10,10,0.29494479009648655,0.18762402459979061,0.20058536464348437,0.39521788415288567,0.78317048084613061,0.07499453741453728,4.0916911033124013,1.9235984117241853,0.24004478122827325,0.73546361106096414,0.30410768847090514,0.67625380946384683,2.124617942796482,1.1443029003031551,1.0856078981421888,2.1066848270595075,0.3835315428850683,0.81743558589369059,0.43340106166899206
895,I1,223,AB,10,11,0.29494479009648655,0.18762402459979061,0.20058536464348437,0.39521788415288567,0.78317048084613061,0.07499453741453728,4.0916911033124013,1.9235984117241853,0.24004478122827325,0.73546361106096414,0.4275023616509695,0.93620763915765193,2.124617942796482,1.1443029003031551,1.0856078981421888,2.1066848270595075,0.3835315428850683,0.81743558589369059,0.43340106166899206
896,I1,224,AB,10,12,0.29494479009648655,0.18762402459979061,0.20058536464348437,0.39521788415288567,0.78317048084613061,0.07499453741453728,4.0916911033124013,1.9235984117241853,0.24004478122827325,0.73546361106096414,0.4275023616509695,0.67625380946384683,2.4225204710720232,1.1443029003031551,1.0856078981421888,2.1066848270595075,0.3835315428850683,0.81743558589369059,0.43340106166899206
897,I1,225,AB,10,13,0.29494479009648655,0.18762402459979061,0.20058536464348437,0.39521788415288567,0.78317048084613061,0.07499453741453728,4.0916911033124013,1.9235984117241853,0.24004478122827325,0.73546361106096414,0.4275023616509695,0.67625380946384683,2.124617942796482,1.1115637338347732,1.0856078981421888,2.1066848270595075,0.3835315428850683,0.81743558589369059,0.43340106166899206
898,I1,226,AB,10,14,0.29494479009648655,0.18762402459979061,0.20058536464348437,0.39521788415288567,0.78317048084613061,0.07499453741453728,4.0916911033124013,1.9235984117241853,0.24004478122827325,0.73546361106096414,0.4275023616509695,0.67625380946384683,2.124617942796482,1.1443029003031551,1.2685678679961712,2.1066848270595075,0.3835315428850683,0.81743558589369059,0.43340106166899206
899,I1,227,AB,10,15,0.29494479009648655,0.18762402459979061,0.20058536464348437,0.39521788415288567,0.78317048084613061,0.07499453741453728,4.0916911033124013,1.9235984117241853,0.24004478122827325,0.73546361106096414,0.4275023616509695,0.67625380946384683,2.124617942796482,1.1443029003031551,1.0856078981421888,2.369403078407049,0.3835315428850683,0.81743558589369059,0.43340106166899206
900,I1,228,AB,10,16,0.29494479009648655,0.18762402459979061,0.20058536464348437,0.39521788415288567,0.78317048084613061,0.07499453741453728,4.0916911033124013,1.9235984117241853,0.24004478122827325,0.73546361106096414,0.4275023616509695,0.67625380946384683,2.124617942796482,1.1443029003031551,1.0856078981421888,2.1066848270595075,0.39852283389295579,0.81743558589369059,0.43340106166899206
901,I1,229,AB,10,17,0.29494479009648655,0.18762402459979061,0.20058536464348437,0.39521788415288567,0.78317048084613061,0.07499453741453728,4.0916911033124013,1.9235984117241853,0.24004478122827325,0.73546361106096414,0.4275023616509695,0.67625380946384683,2.124617942796482,1.1443029003031551,1.0856078981421888,2.1066848270595075,0.3835315428850683,0.50519342431798575,0.43340106166899206
902,I1,230,AB,10,18,0.29494479009648655,0.18762402459979061,0.20058536464348437,0.39521788415288567,0.78317048084613061,0.07499453741453728,4.0916911033124013,1.9235984117241853,0.24004478122827325,0.73546361106096414,0.4275023616509695,0.67625380946384683,2.124617942796482,1.1443029003031551,1.0856078981421888,2.1066848270595075,0.3835315428850683,0.81743558589369059,0.43471285342238841
903,I1,231,A,11,-1,0.30369508324908284,0.1008389089256525,0.63733880901709195,0.46121516075250618,0.63730651424595819,0.063728635762872785,1527.117032366921,2.1434241414364061,0.19107164269745974,0.53524968055991773,0.39415660636587024,0.97039821242286184,2.3479889852775995,1.0274042063485831,1.2054281238932163,1.8274961821734905,0.42897983306136667,0.35816314322873954,0.26467892457731068
904,I1,232,B,11,-1,0.33572722111627518,0.12134975977241994,0.30572658013552428,0.40434225068290097,0.91376523814734822,0.070752191390679051,14.275500655893445,1.943460372498109,0.17020782166114548,0.79020261826039384,0.4145914426964919,0.6894502080063285,2.2715858967577964,1.029607210205868,1.0629598323255778,1.8996350541710854,0.41203462714189093,0.87469281405210497,0.27983823517337442
905,I1,233,AB,11,0,0.33572722111627518,0.1008389089256525,0.63733880901709195,0.46121516075250618,0.63730651424595819,0.063728635762872785,1527.117032366921,2.1434241414364061,0.19107164269745974,0.53524968055991773,0.39415660636587024,0.97039821242286184,2.3479889852775995,1.0274042063485831,1.2054281238932163,1.8274961821734905,0.42897983306136667,0.35816314322873954,0.26467892457731068
906,I1,234,AB,11,1,0.30369508324908284,0.12134975977241994,0.63733880901709195,0.46121516075250618,0.63730651424595819,0.063728635762872785,1527.117032366921,2.1434241414364061,0.19107164269745974,0.53524968055991773,0.39415660636587024,0.97039821242286184,2.3479889852775995,1.0274042063485831,1.2054281238932163,1.8274961821734905,0.42897983306136667,0.35816314322873954,0.26467892457731068
907,I1,235,AB,11,2,0.30369508324908284,0.1008389089256525,0.30572658013552428,0.46121516075250618,0.63730651424595819,0.063728635762872785,1527.117032366921,2.1434241414364061,0.19107164269745974,0.53524968055991773,0.39415660636587024,0.97039821242286184,2.3479889852775995,1.0274042063485831,1.2054281238932163,1.8274961821734905,0.42897983306136667,0.35816314322873954,0.26467892457731068
908,I1,236,AB,11,3,0.30369508324908284,0.1008389089256525,0.63733880901709195,0.40434225068290097,0.63730651424595819,0.063728635762872785,1527.117032366921,2.1434241414364061,0.19107164269745974,0.53524968055991773,0.39415660636587024,0.97039821242286184,2.3479889852775995,1.0274042063485831,1.2054281238932163,1.8274961821734905,0.42897983306136667,0.35816314322873954,0.26467892457731068
909,I1,237,AB,11,4,0.30369508324908284,0.1008389089256525,0.63733880901709195,0.46121516075250618,0.91376523814734822,0.063728635762872785,1527.117032366921,2.1434241414364061,0.19107164269745974,0.53524968055991773,0.39415660636587024,0.97039821242286184,2.3479889852775995,1.0274042063485831,1.2054281238932163,1.8274961821734905,0.42897983306136667,0.35816314322873954,0.26467892457731068
910,I1,238,AB,11,5,0.30369508324908284,0.1008389089256525,0.63733880901709195,0.46121516075250618,0.63730651424595819,0.070752191390679051,1527.117032366921,2.1434241414364061,0.19107164269745974,0.53524968055991773,0.39415660636587024,0.97039821242286184,2.3479889852775995,1.0274042063485831,1.2054281238932163,1.8274961821734905,0.42897983306136667,0.35816314322873954,0.26467892457731068
911,I1,239,AB,11,6,0.30369508324908284,0.1008389089256525,0.63733880901709195,0.46121516075250618,0.63730651424595819,0.063728635762872785,14.275500655893445,2.1434241414364061,0.19107164269745974,0.53524968055991773,0.39415660636587024,0.97039821242286184,2.3479889852775995,1.0274042063485831,1.2054281238932163,1.8274961821734905,0.42897983306136667,0.35816314322873954,0.26467892457731068
912,I1,240,AB,11,7,0.30369508324908284,0.1008389089256525,0.63733880901709195,0.46121516075250618,0.63730651424595819,0.063728635762872785,1527.117032366921,1.943460372498109,0.19107164269745974,0.53524968055991773,0.39415660636587024,0.97039821242286184,2.3479889852775995,1.0274042063485831,1.2054281238932163,1.8274961821734905,0.42897983306136667,0.35816314322873954,0.26467892457731068
913,I1,241,AB,11,8,0.30369508324908284,0.1008389089256525,0.63733880901709195,0.46121516075250618,0.63730651424595819,0.063728635762872785,1527.117032366921,2.1434241414364061,0.17020782166114548,0.53524968055991773,0.39415660636587024,0.97039821242286184,2.3479889852775995,1.0274042063485831,1.2054281238932163,1.8274961821734905,0.42897983306136667,0.35816314322873954,0.26467892457731068
914,I1,242,AB,11,9,0.30369508324908284,0.1008389089256525,0.63733880901709195,0.46121516075250618,0.63730651424595819,0.063728635762872785,1527.117032366921,2.1434241414364061,0.19107164269745974,0.79020261826039384,0.39415660636587024,0.97039821242286184,2.3479889852775995,1.0274042063485831,1.2054281238932163,1.8274961821734905,0.42897983306136667,0.35816314322873954,0.26467892457731068
915,I1,243,AB,11,10,0.30369508324908284,0.1008389089256525,0.63733880901709195,0.46121516075250618,0.63730651424595819,0.063728635762872785,1527.117032366921,2.1434241414364061,0.19107164269745974,0.53524968055991773,0.4145914426964919,0.97039821242286184,2.3479889852775995,1.0274042063485831,1.2054281238932163,1.8274961821734905,0.42897983306136667,0.35816314322873954,0.26467892457731068
916,I1,244,AB,11,11,0.30369508324908284,0.1008389089256525,0.63733880901709195,0.46121516075250618,0.63730651424595819,0.063728635762872785,1527.117032366921,2.1434241414364061,0.19107164269745974,0.53524968055991773,0.39415660636587024,0.6894502080063285,2.3479889852775995,1.0274042063485831,1.2054281238932163,1.8274961821734905,0.42897983306136667,0.35816314322873954,0.26467892457731068
917,I1,245,AB,11,12,0.30369508324908284,0.1008389089256525,0.63733880901709195,0.46121516075250618,0.63730651424595819,0.063728635762872785,1527.117032366921,2.1434241414364061,0.19107164269745974,0.53524968055991773,0.39415660636587024,0.97039821242286184,2.2715858967577964,1.0274042063485831,1.2054281238932163,1.8274961821734905,0.42897983306136667,0.35816314322873954,0.26467892457731068
918,I1,246,AB,11,13,0.30369508324908284,0.1008389089256525,0.63733880901709195,0.46121516075250618,0.63730651424595819,0.063728635762872785,1527.117032366921,2.1434241414364061,0.19107164269745974,0.53524968055991773,0.39415660636587024,0.97039821242286184,2.3479889852775995,1.029607210205868,1.2054281238932163,1.8274961821734905,0.42897983306136667,0.35816314322873954,0.26467892457731068
919,I1,247,AB,11,14,0.30369508324908284,0.1008389089256525,0.63733880901709195,0.46121516075250618,0.63730651424595819,0.063728635762872785,1527.117032366921,2.1434241414364061,0.19107164269745974,0.53524968055991773,0.39415660636587024,0.97039821242286184,2.3479889852775995,1.0274042063485831,1.0629598323255778,1.8274961821734905,0.42897983306136667,0.35816314322873954,0.26467892457731068
920,I1,248,AB,11,15,0.30369508324908284,0.1008389089256525,0.63733880901709195,0.46121516075250618,0.63730651424595819,0.063728635762872785,1527.117032366921,2.1434241414364061,0.19107164269745974,0.53524968055991773,0.39415660636587024,0.97039821242286184,2.3479889852775995,1.0274042063485831,1.2054281238932163,1.8996350541710854,0.42897983306136667,0.35816314322873954,0.26467892457731068
921,I1,249,AB,11,16,0.30369508324908284,0.1008389089256525,0.63733880901709195,0.46121516075250618,0.63730651424595819,0.063728635762872785,1527.117032366921,2.1434241414364061,0.19107164269745974,0.53524968055991773,0.39415660636587024,0.97039821242286184,2.3479889852775995,1.0274042063485831,1.2054281238932163,1.8274961821734905,0.41203462714189093,0.35816314322873954,0.26467892457731068
922,I1,250,AB,11,17,0.30369508324908284,0.1008389089256525,0.63733880901709195,0.46121516075250618,0.63730651424595819,0.063728635762872785,1527.117032366921,2.1434241414364061,0.19107164269745974,0.53524968055991773,0.39415660636587024,0.97039821242286184,2.3479889852775995,1.0274042063485831,1.2054281238932163,1.8274961821734905,0.42897983306136667,0.87469281405210497,0.26467892457731068
923,I1,251,AB,11,18,0.30369508324908284,0.1008389089256525,0.63733880901709195,0.46121516075250618,0.63730651424595819,0.063728635762872785,1527.117032366921,2.1434241414364061,0.19107164269745974,0.53524968055991773,0.39415660636587024,0.97039821242286184,2.3479889852775995,1.0274042063485831,1.2054281238932163,1.8274961821734905,0.42897983306136667,0.35816314322873954,0.27983823517337442
924,I1,252,A,12,-1,0.3081894365219392,0.15970433801412581,0.55452370019629593,0.41955486083744709,0.66882098980130888,0.060719280412336159,11.028601563433236,1.9886652412890311,0.22942547571287158,0.58819789099600839,0.4490108088478037,0.94287090655273553,2.2601162654119578,1.0706062489934265,1.2213243804406375,1.9155654966831208,0.44560416941540193,0.54663578569889071,0.40423548108898105
925,I1,253,B,12,-1,0.24185358816751024,0.19812653735280039,0.36209914209321137,0.38772947026507665,0.78612475165771301,0.076526823007749351,907.43789220600604,2.1813317673583614,0.249450470287786,0.55733499124380936,0.62252769021134569,0.98708943685376871,2.5328889602542701,1.0455719813145696,1.2705656387377531,2.0920198880136014,0.35312867082267707,0.59763156874105339,0.29258339933119715
926,I1,254,AB,12,0,0.24185358816751024,0.15970433801412581,0.55452370019629593,0.41955486083744709,0.66882098980130888,0.060719280412336159,11.028601563433236,1.9886652412890311,0.22942547571287158,0.58819789099600839,0.4490108088478037,0.94287090655273553,2.2601162654119578,1.0706062489934265,1.2213243804406375,1.9155654966831208,0.44560416941540193,0.54663578569889071,0.40423548108898105
927,I1,255,AB,12,1,0.3081894365219392,0.19812653735280039,0.55452370019629593,0.41955486083744709,0.66882098980130888,0.060719280412336159,11.028601563433236,1.9886652412890311,0.22942547571287158,0.58819789099600839,0.4490108088478037,0.94287090655273553,2.2601162654119578,1.0706062489934265,1.2213243804406375,1.9155654966831208,0.44560416941540193,0.54663578569889071,0.40423548108898105
928,I1,256,AB,12,2,0.3081894365219392,0.15970433801412581,0.36209914209321137,0.41955486083744709,0.66882098980130888,0.060719280412336159,11.028601563433236,1.9886652412890311,0.22942547571287158,0.58819789099600839,0.4490108088478037,0.94287090655273553,2.2601162654119578,1.0706062489934265,1.2213243804406375,1.9155654966831208,0.44560416941540193,0.54663578569889071,0.40423548108898105
929,I1,257,AB,12,3,0.3081894365219392,0.15970433801412581,0.55452370019629593,0.38772947026507665,0.66882098980130888,0.060719280412336159,11.028601563433236,1.9886652412890311,0.22942547571287158,0.58819789099600839,0.4490108088478037,0.94287090655273553,2.2601162654119578,1.0706062489934265,1.2213243804406375,1.9155654966831208,0.44560416941540193,0.54663578569889071,0.40423548108898105
930,I1,258,AB,12,4,0.3081894365219392,0.15970433801412581,0.55452370019629593,0.41955486083744709,0.78612475165771301,0.060719280412336159,11.028601563433236,1.9886652412890311,0.22942547571287158,0.58819789099600839,0.4490108088478037,0.94287090655273553,2.2601162654119578,1.0706062489934265,1.2213243804406375,1.9155654966831208,0.44560416941540193,0.54663578569889071,0.40423548108898105
931,I1,259,AB,12,5,0.3081894365219392,0.15970433801412581,0.55452370019629593,0.41955486083744709,0.66882098980130888,0.076526823007749351,11.028601563433236,1.9886652412890311,0.22942547571287158,0.58819789099600839,0.4490108088478037,0.94287090655273553,2.2601162654119578,1.0706062489934265,1.2213243804406375,1.9155654966831208,0.44560416941540193,0.54663578569889071,0.40423548108898105
932,I1,260,AB,12,6,0.3081894365219392,0.15970433801412581,0.55452370019629593,0.41955486083744709,0.66882098980130888,0.060719280412336159,907.43789220600604,1.9886652412890311,0.22942547571287158,0.58819789099600839,0.4490108088478037,0.94287090655273553,2.2601162654119578,1.0706062489934265,1.2213243804406375,1.9155654966831208,0.44560416941540193,0.54663578569889071,0.40423548108898105
933,I1,261,AB,12,7,0.3081894365219392,0.15970433801412581,0.55452370019629593,0.41955486083744709,0.66882098980130888,0.060719280412336159,11.028601563433236,2.1813317673583614,0.22942547571287158,0.58819789099600839,0.4490108088478037,0.94287090655273553,2.2601162654119578,1.0706062489934265,1.2213243804406375,1.9155654966831208,0.44560416941540193,0.54663578569889071,0.40423548108898105
934,I1,262,AB,12,8,0.3081894365219392,0.15970433801412581,0.55452370019629593,0.41955486083744709,0.66882098980130888,0.060719280412336159,11.028601563433236,1.9886652412890311,0.249450470287786,0.58819789099600839,0.4490108088478037,0.94287090655273553,2.2601162654119578,1.0706062489934265,1.2213243804406375,1.9155654966831208,0.44560416941540193,0.54663578569889071,0.40423548108898105
935,I1,263,AB,12,9,0.3081894365219392,0.15970433801412581,0.55452370019629593,0.41955486083744709,0.66882098980130888,0.060719280412336159,11.028601563433236,1.9886652412890311,0.22942547571287158,0.55733499124380936,0.4490108088478037,0.94287090655273553,2.2601162654119578,1.0706062489934265,1.2213243804406375,1.9155654966831208,0.44560416941540193,0.54663578569889071,0.40423548108898105
936,I1,264,AB,12,10,0.3081894365219392,0.15970433801412581,0.55452370019629593,0.41955486083744709,0.66882098980130888,0.060719280412336159,11.028601563433236,1.9886652412890311,0.22942547571287158,0.58819789099600839,0.62252769021134569,0.94287090655273553,2.2601162654119578,1.0706062489934265,1.2213243804406375,1.9155654966831208,0.44560416941540193,0.54663578569889071,0.40423548108898105
937,I1,265,AB,12,11,0.3081894365219392,0.15970433801412581,0.55452370019629593,0.41955486083744709,0.66882098980130888,0.060719280412336159,11.028601563433236,1.9886652412890311,0.22942547571287158,0.58819789099600839,0.4490108088478037,0.98708943685376871,2.2601162654119578,1.0706062489934265,1.2213243804406375,1.9155654966831208,0.44560416941540193,0.54663578569889071,0.40423548108898105
938,I1,266,AB,12,12,0.3081894365219392,0.15970433801412581,0.55452370019629593,0.41955486083744709,0.66882098980130888,0.060719280412336159,11.028601563433236,1.9886652412890311,0.22942547571287158,0.58819789099600839,0.4490108088478037,0.94287090655273553,2.5328889602542701,1.0706062489934265,1.2213243804406375,1.9155654966831208,0.44560416941540193,0.54663578569889071,0.40423548108898105
939,I1,267,AB,12,13,0.3081894365219392,0.15970433801412581,0.55452370019629593,0.41955486083744709,0.66882098980130888,0.060719280412336159,11.028601563433236,1.9886652412890311,0.22942547571287158,0.58819789099600839,0.4490108088478037,0.94287090655273553,2.2601162654119578,1.0455719813145696,1.2213243804406375,1.9155654966831208,0.44560416941540193,0.54663578569889071,0.40423548108898105
940,I1,268,AB,12,14,0.3081894365219392,0.15970433801412581,0.55452370019629593,0.41955486083744709,0.66882098980130888,0.060719280412336159,11.028601563433236,1.9886652412890311,0.22942547571287158,0.58819789099600839,0.4490108088478037,0.94287090655273553,2.2601162654119578,1.0706062489934265,1.2705656387377531,1.9155654966831208,0.44560416941540193,0.54663578569889071,0.40423548108898105
941,I1,269,AB,12,15,0.3081894365219392,0.15970433801412581,0.55452370019629593,0.41955486083744709,0.66882098980130888,0.060719280412336159,11.028601563433236,1.9886652412890311,0.22942547571287158,0.58819789099600839,0.4490108088478037,0.94287090655273553,2.2601162654119578,1.0706062489934265,1.2213243804406375,2.0920198880136014,0.44560416941540193,0.54663578569889071,0.40423548108898105
942,I1,270,AB,12,16,0.3081894365219392,0.15970433801412581,0.55452370019629593,0.41955486083744709,0.66882098980130888,0.060719280412336159,11.028601563433236,1.9886652412890311,0.22942547571287158,0.58819789099600839,0.4490108088478037,0.94287090655273553,2.2601162654119578,1.0706062489934265,1.2213243804406375,1.9155654966831208,0.35312867082267707,0.54663578569889071,0.40423548108898105
943,I1,271,AB,12,17,0.3081894365219392,0.15970433801412581,0.55452370019629593,0.41955486083744709,0.66882098980130888,0.060719280412336159,11.028601563433236,1.9886652412890311,0.22942547571287158,0.58819789099600839,0.4490108088478037,0.94287090655273553,2.2601162654119578,1.0706062489934265,1.2213243804406375,1.9155654966831208,0.44560416941540193,0.59763156874105339,0.40423548108898105
944,I1,272,AB,12,18,0.3081894365219392,0.15970433801412581,0.55452370019629593,0.41955486083744709,0.66882098980130888,0.060719280412336159,11.028601563433236,1.9886652412890311,0.22942547571287158,0.58819789099600839,0.4490108088478037,0.94287090655273553,2.2601162654119578,1.0706062489934265,1.2213243804406375,1.9155654966831208,0.44560416941540193,0.54663578569889071,0.29258339933119715
945,I1,273,A,13,-1,0.27830440340675044,0.14790551476180552,0.40729278447106476,0.36319088930643068,0.84298205783661706,0.065353758690464225,908.32222216524053,2.1724779894304462,0.20206937965548236,0.49664663800780567,0.37476178939206134,0.7451075719404131,2.4384048430655394,1.0981804631184786,1.0697191499173642,2.0440034091472628,0.39350130020748364,0.98055140385404227,0.29393741449341182
946,I1,274,B,13,-1,0.31412323521382124,0.076816604845225817,0.61597959911450739,0.45670575440392325,0.53094540823556502,0.061975005268952832,7.3333102279615918,1.9840014861382445,0.19650387657398061,0.59607958063689881,0.40909739979314058,0.76693317772504288,1.8739203596202221,1.0956625613290816,1.1001056239008904,1.7645247653126717,0.47898933088908108,0.22159531209617855,0.42196912752464416
947,I1,275,AB,13,0,0.31412323521382124,0.14790551476180552,0.40729278447106476,0.36319088930643068,0.84298205783661706,0.065353758690464225,908.32222216524053,2.1724779894304462,0.20206937965548236,0.49664663800780567,0.37476178939206134,0.7451075719404131,2.4384048430655394,1.0981804631184786,1.0697191499173642,2.0440034091472628,0.39350130020748364,0.98055140385404227,0.29393741449341182
948,I1,276,AB,13,1,0.27830440340675044,0.076816604845225817,0.40729278447106476,0.36319088930643068,0.84298205783661706,0.065353758690464225,908.32222216524053,2.1724779894304462,0.20206937965548236,0.49664663800780567,0.37476178939206134,0.7451075719404131,2.4384048430655394,1.0981804631184786,1.0697191499173642,2.0440034091472628,0.39350130020748364,0.98055140385404227,0.29393741449341182
949,I1,277,AB,13,2,0.27830440340675044,0.14790551476180552,0.61597959911450739,0.36319088930643068,0.84298205783661706,0.065353758690464225,908.32222216524053,2.1724779894304462,0.20206937965548236,0.49664663800780567,0.37476178939206134,0.7451075719404131,2.4384048430655394,1.0981804631184786,1.0697191499173642,2.0440034091472628,0.39350130020748364,0.98055140385404227,0.29393741449341182
950,I1,278,AB,13,3,0.27830440340675044,0.14790551476180552,0.40729278447106476,0.45670575440392325,0.84298205783661706,0.065353758690464225,908.32222216524053,2.1724779894304462,0.20206937965548236,0.49664663800780567,0.37476178939206134,0.7451075719404131,2.4384048430655394,1.0981804631184786,1.0697191499173642,2.0440034091472628,0.39350130020748364,0.98055140385404227,0.29393741449341182
951,I1,279,AB,13,4,0.27830440340675044,0.14790551476180552,0.40729278447106476,0.36319088930643068,0.53094540823556502,0.065353758690464225,908.32222216524053,2.1724779894304462,0.20206937965548236,0.49664663800780567,0.37476178939206134,0.7451075719404131,2.4384048430655394,1.0981804631184786,1.0697191499173642,2.0440034091472628,0.39350130020748364,0.98055140385404227,0.29393741449341182
952,I1,280,AB,13,5,0.27830440340675044,0.14790551476180552,0.40729278447106476,0.36319088930643068,0.84298205783661706,0.061975005268952832,908.32222216524053,2.1724779894304462,0.20206937965548236,0.49664663800780567,0.37476178939206134,0.7451075719404131,2.4384048430655394,1.0981804631184786,1.0697191499173642,2.0440034091472628,0.39350130020748364,0.98055140385404227,0.29393741449341182
953,I1,281,AB,13,6,0.27830440340675044,0.14790551476180552,0.40729278447106476,0.36319088930643068,0.84298205783661706,0.065353758690464225,7.3333102279615918,2.1724779894304462,0.20206937965548236,0.49664663800780567,0.37476178939206134,0.7451075719404131,2.4384048430655394,1.0981804631184786,1.0697191499173642,2.0440034091472628,0.39350130020748364,0.98055140385404227,0.29393741449341182
954,I1,282,AB,13,7,0.27830440340675044,0.14790551476180552,0.40729278447106476,0.36319088930643068,0.84298205783661706,0.065353758690464225,908.32222216524053,1.9840014861382445,0.20206937965548236,0.49664663800780567,0.37476178939206134,0.7451075719404131,2.4384048430655394,1.0981804631184786,1.0697191499173642,2.0440034091472628,0.39350130020748364,0.98055140385404227,0.29393741449341182
955,I1,283,AB,13,8,0.27830440340675044,0.14790551476180552,0.40729278447106476,0.36319088930643068,0.84298205783661706,0.065353758690464225,908.32222216524053,2.1724779894304462,0.19650387657398061,0.49664663800780567,0.37476178939206134,0.7451075719404131,2.4384048430655394,1.0981804631184786,1.0697191499173642,2.0440034091472628,0.39350130020748364,0.98055140385404227,0.29393741449341182
956,I1,284,AB,13,9,0.27830440340675044,0.14790551476180552,0.40729278447106476,0.36319088930643068,0.84298205783661706,0.065353758690464225,908.32222216524053,2.1724779894304462,0.20206937965548236,0.59607958063689881,0.37476178939206134,0.7451075719404131,2.4384048430655394,1.0981804631184786,1.0697191499173642,2.0440034091472628,0.39350130020748364,0.98055140385404227,0.29393741449341182
957,I1,285,AB,13,10,0.27830440340675044,0.14790551476180552,0.40729278447106476,0.36319088930643068,0.84298205783661706,0.065353758690464225,908.32222216524053,2.1724779894304462,0.20206937965548236,0.49664663800780567,0.40909739979314058,0.7451075719404131,2.4384048430655394,1.0981804631184786,1.0697191499173642,2.0440034091472628,0.39350130020748364,0.98055140385404227,0.29393741449341182
958,I1,286,AB,13,11,0.27830440340675044,0.14790551476180552,0.40729278447106476,0.36319088930643068,0.84298205783661706,0.065353758690464225,908.32222216524053,2.1724779894304462,0.20206937965548236,0.49664663800780567,0.37476178939206134,0.76693317772504288,2.4384048430655394,1.0981804631184786,1.0697191499173642,2.0440034091472628,0.39350130020748364,0.98055140385404227,0.29393741449341182
959,I1,287,AB,13,12,0.27830440340675044,0.14790551476180552,0.40729278447106476,0.36319088930643068,0.84298205783661706,0.065353758690464225,908.32222216524053,2.1724779894304462,0.20206937965548236,0.49664663800780567,0.37476178939206134,0.7451075719404131,1.8739203596202221,1.0981804631184786,1.0697191499173642,2.0440034091472628,0.39350130020748364,0.98055140385404227,0.29393741449341182
960,I1,288,AB,13,13,0.27830440340675044,0.14790551476180552,0.40729278447106476,0.36319088930643068,0.84298205783661706,0.065353758690464225,908.32222216524053,2.1724779894304462,0.20206937965548236,0.49664663800780567,0.37476178939206134,0.7451075719404131,2.4384048430655394,1.0956625613290816,1.0697191499173642,2.0440034091472628,0.39350130020748364,0.98055140385404227,0.29393741449341182
961,I1,289,AB,13,14,0.27830440340675044,0.14790551476180552,0.40729278447106476,0.36319088930643068,0.84298205783661706,0.065353758690464225,908.32222216524053,2.1724779894304462,0.20206937965548236,0.49664663800780567,0.37476178939206134,0.7451075719404131,2.4384048430655394,1.0981804631184786,1.1001056239008904,2.0440034091472628,0.39350130020748364,0.98055140385404227,0.29393741449341182
962,I1,290,AB,13,15,0.27830440340675044,0.14790551476180552,0.40729278447106476,0.36319088930643068,0.84298205783661706,0.065353758690464225,908.32222216524053,2.1724779894304462,0.20206937965548236,0.49664663800780567,0.37476178939206134,0.7451075719404131,2.4384048430655394,1.0981804631184786,1.0697191499173642,1.7645247653126717,0.39350130020748364,0.98055140385404227,0.29393741449341182
963,I1,291,AB,13,16,0.27830440340675044,0.14790551476180552,0.40729278447106476,0.36319088930643068,0.84298205783661706,0.065353758690464225,908.32222216524053,2.1724779894304462,0.20206937965548236,0.49664663800780567,0.37476178939206134,0.7451075719404131,2.4384048430655394,1.0981804631184786,1.0697191499173642,2.0440034091472628,0.47898933088908108,0.98055140385404227,0.29393741449341182
964,I1,292,AB,13,17,0.27830440340675044,0.14790551476180552,0.40729278447106476,0.36319088930643068,0.84298205783661706,0.065353758690464225,908.32222216524053,2.1724779894304462,0.20206937965548236,0.49664663800780567,0.37476178939206134,0.7451075719404131,2.4384048430655394,1.0981804631184786,1.0697191499173642,2.0440034091472628,0.39350130020748364,0.22159531209617855,0.29393741449341182
965,I1,293,AB,13,18,0.27830440340675044,0.14790551476180552,0.40729278447106476,0.36319088930643068,0.84298205783661706,0.065353758690464225,908.32222216524053,2.1724779894304462,0.20206937965548236,0.49664663800780567,0.37476178939206134,0.7451075719404131,2.4384048430655394,1.0981804631184786,1.0697191499173642,2.0440034091472628,0.39350130020748364,0.98055140385404227,0.42196912752464416
966,I1,294,A,14,-1,0.22611589502967333,0.22596463896334174,0.69139167973771687,0.50540095266655938,0.70552670202083345,0.068890941321946925,31.441715467975751,2.0544499854941143,0.16489729913687137,0.55276375956273915,0.32050994826080037,0.84828274139154303,1.8923250325612648,1.0474184706993401,1.1429139603395015,1.7692456088960171,0.36672095400307769,0.10231630206108094,0.34814661817625164
967,I1,295,B,14,-1,0.28669115168828591,0.23310611210763454,0.47915243245661254,0.3144272202747696,0.72533625654200062,0.067136469077732325,98.545490728116263,2.0860235485676704,0.14199565265112229,0.49604360012896481,0.34574860211823111,1.0209290362944923,2.3114832155919349,1.0634053226653486,1.1317503009457142,1.9189160138368606,0.41636092802625846,0.93631389401853082,0.33521455505862835
968,I1,296,AB,14,0,0.28669115168828591,0.22596463896334174,0.69139167973771687,0.50540095266655938,0.70552670202083345,0.068890941321946925,31.441715467975751,2.0544499854941143,0.16489729913687137,0.55276375956273915,0.32050994826080037,0.84828274139154303,1.8923250325612648,1.0474184706993401,1.1429139603395015,1.7692456088960171,0.36672095400307769,0.10231630206108094,0.34814661817625164
969,I1,297,AB,14,1,0.22611589502967333,0.23310611210763454,0.69139167973771687,0.50540095266655938,0.70552670202083345,0.068890941321946925,31.441715467975751,2.0544499854941143,0.16489729913687137,0.55276375956273915,0.32050994826080037,0.84828274139154303,1.8923250325612648,1.0474184706993401,1.1429139603395015,1.7692456088960171,0.36672095400307769,0.10231630206108094,0.34814661817625164
970,I1,298,AB,14,2,0.22611589502967333,0.22596463896334174,0.47915243245661254,0.50540095266655938,0.70552670202083345,0.068890941321946925,31.441715467975751,2.0544499854941143,0.16489729913687137,0.55276375956273915,0.32050994826080037,0.84828274139154303,1.8923250325612648,1.0474184706993401,1.1429139603395015,1.7692456088960171,0.36672095400307769,0.10231630206108094,0.34814661817625164
971,I1,299,AB,14,3,0.22611589502967333,0.22596463896334174,0.69139167973771687,0.3144272202747696,0.70552670202083345,0.068890941321946925,31.441715467975751,2.0544499854941143,0.16489729913687137,0.55276375956273915,0.32050994826080037,0.84828274139154303,1.8923250325612648,1.0474184706993401,1.1429139603395015,1.7692456088960171,0.36672095400307769,0.10231630206108094,0.34814661817625164
972,I1,300,AB,14,4,0.22611589502967333,0.22596463896334174,0.69139167973771687,0.50540095266655938,0.72533625654200062,0.068890941321946925,31.441715467975751,2.0544499854941143,0.16489729913687137,0.55276375956273915,0.32050994826080037,0.84828274139154303,1.8923250325612648,1.0474184706993401,1.1429139603395015,1.7692456088960171,0.36672095400307769,0.10231630206108094,0.34814661817625164
973,I1,301,AB,14,5,0.22611589502967333,0.22596463896334174,0.69139167973771687,0.50540095266655938,0.70552670202083345,0.067136469077732325,31.441715467975751,2.0544499854941143,0.16489729913687137,0.55276375956273915,0.32050994826080037,0.84828274139154303,1.8923250325612648,1.0474184706993401,1.1429139603395015,1.7692456088960171,0.36672095400307769,0.10231630206108094,0.34814661817625164
974,I1,302,AB,14,6,0.22611589502967333,0.22596463896334174,0.69139167973771687,0.50540095266655938,0.70552670202083345,0.068890941321946925,98.545490728116263,2.0544499854941143,0.16489729913687137,0.55276375956273915,0.32050994826080037,0.84828274139154303,1.8923250325612648,1.0474184706993401,1.1429139603395015,1.7692456088960171,0.36672095400307769,0.10231630206108094,0.34814661817625164
975,I1,303,AB,14,7,0.22611589502967333,0.22596463896334174,0.69139167973771687,0.50540095266655938,0.70552670202083345,0.068890941321946925,31.441715467975751,2.0860235485676704,0.16489729913687137,0.55276375956273915,0.32050994826080037,0.84828274139154303,1.8923250325612648,1.0474184706993401,1.1429139603395015,1.7692456088960171,0.36672095400307769,0.10231630206108094,0.34814661817625164
976,I1,304,AB,14,8,0.22611589502967333,0.22596463896334174,0.69139167973771687,0.50540095266655938,0.70552670202083345,0.068890941321946925,31.441715467975751,2.0544499854941143,0.14199565265112229,0.55276375956273915,0.32050994826080037,0.84828274139154303,1.8923250325612648,1.0474184706993401,1.1429139603395015,1.7692456088960171,0.36672095400307769,0.10231630206108094,0.34814661817625164
977,I1,305,AB,14,9,0.22611589502967333,0.22596463896334174,0.69139167973771687,0.50540095266655938,0.70552670202083345,0.068890941321946925,31.441715467975751,2.0544499854941143,0.16489729913687137,0.49604360012896481,0.32050994826080037,0.84828274139154303,1.8923250325612648,1.0474184706993401,1.1429139603395015,1.7692456088960171,0.36672095400307769,0.10231630206108094,0.34814661817625164
978,I1,306,AB,14,10,0.22611589502967333,0.22596463896334174,0.69139167973771687,0.50540095266655938,0.70552670202083345,0.068890941321946925,31.441715467975751,2.0544499854941143,0.16489729913687137,0.55276375956273915,0.34574860211823111,0.84828274139154303,1.8923250325612648,1.0474184706993401,1.1429139603395015,1.7692456088960171,0.36672095400307769,0.10231630206108094,0.34814661817625164
979,I1,307,AB,14,11,0.22611589502967333,0.22596463896334174,0.69139167973771687,0.50540095266655938,0.70552670202083345,0.068890941321946925,31.441715467975751,2.0544499854941143,0.16489729913687137,0.55276375956273915,0.32050994826080037,1.0209290362944923,1.8923250325612648,1.0474184706993401,1.1429139603395015,1.7692456088960171,0.36672095400307769,0.10231630206108094,0.34814661817625164
980,I1,308,AB,14,12,0.22611589502967333,0.22596463896334174,0.69139167973771687,0.50540095266655938,0.70552670202083345,0.068890941321946925,31.441715467975751,2.0544499854941143,0.16489729913687137,0.55276375956273915,0.32050994826080037,0.84828274139154303,2.3114832155919349,1.0474184706993401,1.1429139603395015,1.7692456088960171,0.36672095400307769,0.10231630206108094,0.34814661817625164
981,I1,309,AB,14,13,0.22611589502967333,0.22596463896334174,0.69139167973771687,0.50540095266655938,0.70552670202083345,0.068890941321946925,31.441715467975751,2.0544499854941143,0.16489729913687137,0.55276375956273915,0.32050994826080037,0.84828274139154303,1.8923250325612648,1.0634053226653486,1.1429139603395015,1.7692456088960171,0.36672095400307769,0.10231630206108094,0.34814661817625164
982,I1,310,AB,14,14,0.22611589502967333,0.22596463896334174,0.69139167973771687,0.50540095266655938,0.70552670202083345,0.068890941321946925,31.441715467975751,2.0544499854941143,0.16489729913687137,0.55276375956273915,0.32050994826080037,0.84828274139154303,1.8923250325612648,1.0474184706993401,1.1317503009457142,1.7692456088960171,0.36672095400307769,0.10231630206108094,0.34814661817625164
983,I1,311,AB,14,15,0.22611589502967333,0.22596463896334174,0.69139167973771687,0.50540095266655938,0.70552670202083345,0.068890941321946925,31.441715467975751,2.0544499854941143,0.16489729913687137,0.55276375956273915,0.32050994826080037,0.84828274139154303,1.8923250325612648,1.0474184706993401,1.1429139603395015,1.9189160138368606,0.36672095400307769,0.10231630206108094,0.34814661817625164
984,I1,312,AB,14,16,0.22611589502967333,0.22596463896334174,0.69139167973771687,0.50540095266655938,0.70552670202083345,0.068890941321946925,31.441715467975751,2.0544499854941143,0.16489729913687137,0.55276375956273915,0.32050994826080037,0.84828274139154303,1.8923250325612648,1.0474184706993401,1.1429139603395015,1.7692456088960171,0.41636092802625846,0.10231630206108094,0.34814661817625164
985,I1,313,AB,14,17,0.22611589502967333,0.22596463896334174,0.69139167973771687,0.50540095266655938,0.70552670202083345,0.068890941321946925,31.441715467975751,2.0544499854941143,0.16489729913687137,0.55276375956273915,0.32050994826080037,0.84828274139154303,1.8923250325612648,1.0474184706993401,1.1429139603395015,1.7692456088960171,0.36672095400307769,0.93631389401853082,0.34814661817625164
986,I1,314,AB,14,18,0.22611589502967333,0.22596463896334174,0.69139167973771687,0.50540095266655938,0.70552670202083345,0.068890941321946925,31.441715467975751,2.0544499854941143,0.16489729913687137,0.55276375956273915,0.32050994826080037,0.84828274139154303,1.8923250325612648,1.0474184706993401,1.1429139603395015,1.7692456088960171,0.36672095400307769,0.10231630206108094,0.33521455505862835
987,I1,315,A,15,-1,0.33898771490612922,0.062519275397062313,0.27069273153319956,0.32452057495430514,0.52278103963028311,0.063277128025077234,473.1344537515875,1.885062858382849,0.26459563041153661,0.64973940345808945,0.53562841973896758,1.0811904107687687,2.9805593097060923,1.1254605812858789,1.2731225832365454,2.2899351082742214,0.41315919975215681,0.57049499461427333,0.37368046323768794
988,I1,316,B,15,-1,0.31809881713254412,0.14192329291254283,0.217402614466846,0.50560955570585331,0.65512087501330651,0.063894199439986685,374.08355638885598,1.860234131447573,0.30530356830104294,0.66907287700052609,0.45245734269799454,0.8474231141308407,2.1520268378404133,1.1438384087942539,1.1761112559586764,2.2495362795889378,0.39185395633749254,0.33544585378840563,0.37024618624709549
989,I1,317,AB,15,0,0.31809881713254412,0.062519275397062313,0.27069273153319956,0.32452057495430514,0.52278103963028311,0.063277128025077234,473.1344537515875,1.885062858382849,0.26459563041153661,0.64973940345808945,0.53562841973896758,1.0811904107687687,2.9805593097060923,1.1254605812858789,1.2731225832365454,2.2899351082742214,0.41315919975215681,0.57049499461427333,0.37368046323768794
990,I1,318,AB,15,1,0.33898771490612922,0.14192329291254283,0.27069273153319956,0.32452057495430514,0.52278103963028311,0.063277128025077234,473.1344537515875,1.885062858382849,0.26459563041153661,0.64973940345808945,0.53562841973896758,1.0811904107687687,2.9805593097060923,1.1254605812858789,1.2731225832365454,2.2899351082742214,0.41315919975215681,0.57049499461427333,0.37368046323768794
991,I1,319,AB,15,2,0.33898771490612922,0.062519275397062313,0.217402614466846,0.32452057495430514,0.52278103963028311,0.063277128025077234,473.1344537515875,1.885062858382849,0.26459563041153661,0.64973940345808945,0.53562841973896758,1.0811904107687687,2.9805593097060923,1.1254605812858789,1.2731225832365454,2.2899351082742214,0.41315919975215681,0.57049499461427333,0.37368046323768794
992,I1,320,AB,15,3,0.33898771490612922,0.062519275397062313,0.27069273153319956,0.50560955570585331,0.52278103963028311,0.063277128025077234,473.1344537515875,1.885062858382849,0.26459563041153661,0.64973940345808945,0.53562841973896758,1.0811904107687687,2.9805593097060923,1.1254605812858789,1.2731225832365454,2.2899351082742214,0.41315919975215681,0.57049499461427333,0.37368046323768794
993,I1,321,AB,15,4,0.33898771490612922,0.062519275397062313,0.27069273153319956,0.32452057495430514,0.65512087501330651,0.063277128025077234,473.1344537515875,1.885062858382849,0.26459563041153661,0.64973940345808945,0.53562841973896758,1.0811904107687687,2.9805593097060923,1.1254605812858789,1.2731225832365454,2.2899351082742214,0.41315919975215681,0.57049499461427333,0.37368046323768794
994,I1,322,AB,15,5,0.33898771490612922,0.062519275397062313,0.27069273153319956,0.32452057495430514,0.52278103963028311,0.063894199439986685,473.1344537515875,1.885062858382849,0.26459563041153661,0.64973940345808945,0.53562841973896758,1.0811904107687687,2.9805593097060923,1.1254605812858789,1.2731225832365454,2.2899351082742214,0.41315919975215681,0.57049499461427333,0.37368046323768794
995,I1,323,AB,15,6,0.33898771490612922,0.062519275397062313,0.27069273153319956,0.32452057495430514,0.52278103963028311,0.063277128025077234,374.08355638885598,1.885062858382849,0.26459563041153661,0.64973940345808945,0.53562841973896758,1.0811904107687687,2.9805593097060923,1.1254605812858789,1.2731225832365454,2.2899351082742214,0.41315919975215681,0.57049499461427333,0.37368046323768794
996,I1,324,AB,15,7,0.33898771490612922,0.062519275397062313,0.27069273153319956,0.32452057495430514,0.52278103963028311,0.063277128025077234,473.1344537515875,1.860234131447573,0.26459563041153661,0.64973940345808945,0.53562841973896758,1.0811904107687687,2.9805593097060923,1.1254605812858789,1.2731225832365454,2.2899351082742214,0.41315919975215681,0.57049499461427333,0.37368046323768794
997,I1,325,AB,15,8,0.33898771490612922,0.062519275397062313,0.27069273153319956,0.32452057495430514,0.52278103963028311,0.063277128025077234,473.1344537515875,1.885062858382849,0.30530356830104294,0.64973940345808945,0.53562841973896758,1.0811904107687687,2.9805593097060923,1.1254605812858789,1.2731225832365454,2.2899351082742214,0.41315919975215681,0.57049499461427333,0.37368046323768794
998,I1,326,AB,15,9,0.33898771490612922,0.062519275397062313,0.27069273153319956,0.32452057495430514,0.52278103963028311,0.063277128025077234,473.1344537515875,1.885062858382849,0.26459563041153661,0.66907287700052609,0.53562841973896758,1.0811904107687687,2.9805593097060923,1.1254605812858789,1.2731225832365454,2.2899351082742214,0.41315919975215681,0.57049499461427333,0.37368046323768794
999,I1,327,AB,15,10,0.33898771490612922,0.062519275397062313,0.27069273153319956,0.32452057495430514,0.52278103963028311,0.063277128025077234,473.1344537515875,1.885062858382849,0.26459563041153661,0.64973940345808945,0.45245734269799454,1.0811904107687687,2.9805593097060923,1.1254605812858789,1.2731225832365454,2.2899351082742214,0.41315919975215681,0.57049499461427333,0.37368046323768794
1000,I1,328,AB,15,11,0.33898771490612922,0.062519275397062313,0.27069273153319956,0.32452057495430514,0.52278103963028311,0.063277128025077234,473.1344537515875,1.885062858382849,0.26459563041153661,0.64973940345808945,0.53562841973896758,0.8474231141308407,2.9805593097060923,1.1254605812858789,1.2731225832365454,2.2899351082742214,0.41315919975215681,0.57049499461427333,0.37368046323768794
1001,I1,329,AB,15,12,0.33898771490612922,0.062519275397062313,0.27069273153319956,0.32452057495430514,0.52278103963028311,0.063277128025077234,473.1344537515875,1.885062858382849,0.26459563041153661,0.64973940345808945,0.53562841973896758,1.0811904107687687,2.1520268378404133,1.1254605812858789,1.2731225832365454,2.2899351082742214,0.41315919975215681,0.57049499461427333,0.37368046323768794
1002,I1,330,AB,15,13,0.33898771490612922,0.062519275397062313,0.27069273153319956,0.32452057495430514,0.52278103963028311,0.063277128025077234,473.1344537515875,1.885062858382849,0.26459563041153661,0.64973940345808945,0.53562841973896758,1.0811904107687687,2.9805593097060923,1.1438384087942539,1.2731225832365454,2.2899351082742214,0.41315919975215681,0.57049499461427333,0.37368046323768794
1003,I1,331,AB,15,14,0.33898771490612922,0.062519275397062313,0.27069273153319956,0.32452057495430514,0.52278103963028311,0.063277128025077234,473.1344537515875,1.885062858382849,0.26459563041153661,0.64973940345808945,0.53562841973896758,1.0811904107687687,2.9805593097060923,1.1254605812858789,1.1761112559586764,2.2899351082742214,0.41315919975215681,0.57049499461427333,0.37368046323768794
1004,I1,332,AB,15,15,0.33898771490612922,0.062519275397062313,0.27069273153319956,0.32452057495430514,0.52278103963028311,0.063277128025077234,473.1344537515875,1.885062858382849,0.26459563041153661,0.64973940345808945,0.53562841973896758,1.0811904107687687,2.9805593097060923,1.1254605812858789,1.2731225832365454,2.2495362795889378,0.41315919975215681,0.57049499461427333,0.37368046323768794
1005,I1,333,AB,15,16,0.33898771490612922,0.062519275397062313,0.27069273153319956,0.32452057495430514,0.52278103963028311,0.063277128025077234,473.1344537515875,1.885062858382849,0.26459563041153661,0.64973940345808945,0.53562841973896758,1.0811904107687687,2.9805593097060923,1.1254605812858789,1.2731225832365454,2.2899351082742214,0.39185395633749254,0.57049499461427333,0.37368046323768794
1006,I1,334,AB,15,17,0.33898771490612922,0.062519275397062313,0.27069273153319956,0.32452057495430514,0.52278103963028311,0.063277128025077234,473.1344537515875,1.885062858382849,0.26459563041153661,0.64973940345808945,0.53562841973896758,1.0811904107687687,2.9805593097060923,1.1254605812858789,1.2731225832365454,2.2899351082742214,0.41315919975215681,0.33544585378840563,0.37368046323768794
1007,I1,335,AB,15,18,0.33898771490612922,0.062519275397062313,0.27069273153319956,0.32452057495430514,0.52278103963028311,0.063277128025077234,473.1344537515875,1.885062858382849,0.26459563041153661,0.64973940345808945,0.53562841973896758,1.0811904107687687,2.9805593097060923,1.1254605812858789,1.2731225832365454,2.2899351082742214,0.41315919975215681,0.57049499461427333,0.37024618624709549
