year,beta_0_4,beta_5_9,beta_10_14,beta_15_19,beta_20_24,beta_25_29,beta_30_34,beta_35_39,beta_40_44,beta_45_49,beta_50_54,beta_55_59,beta_60_64,beta_65_69,beta_70_74,beta_75_79,beta_80_84,beta_85p,mu_pat_0_4,mu_pat_5_9,mu_pat_10_14,mu_pat_15_19,mu_pat_20_24,mu_pat_25_29,mu_pat_30_34,mu_pat_35_39,mu_pat_40_44,mu_pat_45_49,mu_pat_50_54,mu_pat_55_59,mu_pat_60_64,mu_pat_65_69,mu_pat_70_74,mu_pat_75_79,mu_pat_80_84,mu_pat_85p,mu_mat_0_4,mu_mat_5_9,mu_mat_10_14,mu_mat_15_19,mu_mat_20_24,mu_mat_25_29,mu_mat_30_34,mu_mat_35_39,mu_mat_40_44,mu_mat_45_49,mu_mat_50_54,mu_mat_55_59,mu_mat_60_64,mu_mat_65_69,mu_mat_70_74,mu_mat_75_79,mu_mat_80_84,mu_mat_85p,quality,quality_note
1650,0.0,0.0,0.0,0.184912,0.450954,0.380567,0.234849,0.120244,0.034129,0.002346,0.0,0.0,0.0,0.0,0.0,0.0,0.0,0.0,0.08885728558426319,0.008465550448665789,0.0053744454799788096,0.008520509106368306,0.013172184332143068,0.014360825068499856,0.016949633467952193,0.01906554178949914,0.02225889542367918,0.026713102914220473,0.0342533029401741,0.04742165294736117,0.06566920541291586,0.09395565966741076,0.140489027333301,0.20483858590719708,0.3259118697716852,0.5023713385712842,0.0746715613554202,0.007995206587397725,0.00525941573129912,0.008225266084757104,0.012597674642903955,0.013946078919093646,0.015968685333378176,0.01690489967679898,0.01943938847270813,0.02262379534865753,0.03043623244648641,0.040844507539520285,0.058070851458463066,0.08283931256583747,0.12672188357882022,0.18672395670678338,0.29511840605013245,0.4651911675813715,assumed,"1900-02 HLD age pattern, level relative to assumed colonial CDR 28/1000; TFR held at 1800 level"
1651,0.0,0.0,0.0,0.184912,0.450954,0.380567,0.234849,0.120244,0.034129,0.002346,0.0,0.0,0.0,0.0,0.0,0.0,0.0,0.0,0.08885728558426319,0.008465550448665789,0.0053744454799788096,0.008520509106368306,0.013172184332143068,0.014360825068499856,0.016949633467952193,0.01906554178949914,0.02225889542367918,0.026713102914220473,0.0342533029401741,0.04742165294736117,0.06566920541291586,0.09395565966741076,0.140489027333301,0.20483858590719708,0.3259118697716852,0.5023713385712842,0.0746715613554202,0.007995206587397725,0.00525941573129912,0.008225266084757104,0.012597674642903955,0.013946078919093646,0.015968685333378176,0.01690489967679898,0.01943938847270813,0.02262379534865753,0.03043623244648641,0.040844507539520285,0.058070851458463066,0.08283931256583747,0.12672188357882022,0.18672395670678338,0.29511840605013245,0.4651911675813715,assumed,"1900-02 HLD age pattern, level relative to assumed colonial CDR 28/1000; TFR held at 1800 level"
1652,0.0,0.0,0.0,0.184912,0.450954,0.380567,0.234849,0.120244,0.034129,0.002346,0.0,0.0,0.0,0.0,0.0,0.0,0.0,0.0,0.08885728558426319,0.008465550448665789,0.0053744454799788096,0.008520509106368306,0.013172184332143068,0.014360825068499856,0.016949633467952193,0.01906554178949914,0.02225889542367918,0.026713102914220473,0.0342533029401741,0.04742165294736117,0.06566920541291586,0.09395565966741076,0.140489027333301,0.20483858590719708,0.3259118697716852,0.5023713385712842,0.0746715613554202,0.007995206587397725,0.00525941573129912,0.008225266084757104,0.012597674642903955,0.013946078919093646,0.015968685333378176,0.01690489967679898,0.01943938847270813,0.02262379534865753,0.03043623244648641,0.040844507539520285,0.058070851458463066,0.08283931256583747,0.12672188357882022,0.18672395670678338,0.29511840605013245,0.4651911675813715,assumed,"1900-02 HLD age pattern, level relative to assumed colonial CDR 28/1000; TFR held at 1800 level"
1653,0.0,0.0,0.0,0.184912,0.450954,0.380567,0.234849,0.120244,0.034129,0.002346,0.0,0.0,0.0,0.0,0.0,0.0,0.0,0.0,0.08885728558426319,0.008465550448665789,0.0053744454799788096,0.008520509106368306,0.013172184332143068,0.014360825068499856,0.016949633467952193,0.01906554178949914,0.02225889542367918,0.026713102914220473,0.0342533029401741,0.04742165294736117,0.06566920541291586,0.09395565966741076,0.140489027333301,0.20483858590719708,0.3259118697716852,0.5023713385712842,0.0746715613554202,0.007995206587397725,0.00525941573129912,0.008225266084757104,0.012597674642903955,0.013946078919093646,0.015968685333378176,0.01690489967679898,0.01943938847270813,0.02262379534865753,0.03043623244648641,0.040844507539520285,0.058070851458463066,0.08283931256583747,0.12672188357882022,0.18672395670678338,0.29511840605013245,0.4651911675813715,assumed,"1900-02 HLD age pattern, level relative to assumed colonial CDR 28/1000; TFR held at 1800 level"
1654,0.0,0.0,0.0,0.184912,0.450954,0.380567,0.234849,0.120244,0.034129,0.002346,0.0,0.0,0.0,0.0,0.0,0.0,0.0,0.0,0.08885728558426319,0.008465550448665789,0.0053744454799788096,0.008520509106368306,0.013172184332143068,0.014360825068499856,0.016949633467952193,0.01906554178949914,0.02225889542367918,0.026713102914220473,0.0342533029401741,0.04742165294736117,0.06566920541291586,0.09395565966741076,0.140489027333301,0.20483858590719708,0.3259118697716852,0.5023713385712842,0.0746715613554202,0.007995206587397725,0.00525941573129912,0.008225266084757104,0.012597674642903955,0.013946078919093646,0.015968685333378176,0.01690489967679898,0.01943938847270813,0.02262379534865753,0.03043623244648641,0.040844507539520285,0.058070851458463066,0.08283931256583747,0.12672188357882022,0.18672395670678338,0.29511840605013245,0.4651911675813715,assumed,"1900-02 HLD age pattern, level relative to assumed colonial CDR 28/1000; TFR held at 1800 level"
1655,0.0,0.0,0.0,0.184912,0.450954,0.380567,0.234849,0.120244,0.034129,0.002346,0.0,0.0,0.0,0.0,0.0,0.0,0.0,0.0,0.08885728558426319,0.008465550448665789,0.0053744454799788096,0.008520509106368306,0.013172184332143068,0.014360825068499856,0.016949633467952193,0.01906554178949914,0.02225889542367918,0.026713102914220473,0.0342533029401741,0.04742165294736117,0.06566920541291586,0.09395565966741076,0.140489027333301,0.20483858590719708,0.3259118697716852,0.5023713385712842,0.0746715613554202,0.007995206587397725,0.00525941573129912,0.008225266084757104,0.012597674642903955,0.013946078919093646,0.015968685333378176,0.01690489967679898,0.01943938847270813,0.02262379534865753,0.03043623244648641,0.040844507539520285,0.058070851458463066,0.08283931256583747,0.12672188357882022,0.18672395670678338,0.29511840605013245,0.4651911675813715,assumed,"1900-02 HLD age pattern, level relative to assumed colonial CDR 28/1000; TFR held at 1800 level"
1656,0.0,0.0,0.0,0.184912,0.450954,0.380567,0.234849,0.120244,0.034129,0.002346,0.0,0.0,0.0,0.0,0.0,0.0,0.0,0.0,0.08885728558426319,0.008465550448665789,0.0053744454799788096,0.008520509106368306,0.013172184332143068,0.014360825068499856,0.016949633467952193,0.01906554178949914,0.02225889542367918,0.026713102914220473,0.0342533029401741,0.04742165294736117,0.06566920541291586,0.09395565966741076,0.140489027333301,0.20483858590719708,0.3259118697716852,0.5023713385712842,0.0746715613554202,0.007995206587397725,0.00525941573129912,0.008225266084757104,0.012597674642903955,0.013946078919093646,0.015968685333378176,0.01690489967679898,0.01943938847270813,0.02262379534865753,0.03043623244648641,0.040844507539520285,0.058070851458463066,0.08283931256583747,0.12672188357882022,0.18672395670678338,0.29511840605013245,0.4651911675813715,assumed,"1900-02 HLD age pattern, level relative to assumed colonial CDR 28/1000; TFR held at 1800 level"
1657,0.0,0.0,0.0,0.184912,0.450954,0.380567,0.234849,0.120244,0.034129,0.002346,0.0,0.0,0.0,0.0,0.0,0.0,0.0,0.0,0.08885728558426319,0.008465550448665789,0.0053744454799788096,0.008520509106368306,0.013172184332143068,0.014360825068499856,0.016949633467952193,0.01906554178949914,0.02225889542367918,0.026713102914220473,0.0342533029401741,0.04742165294736117,0.06566920541291586,0.09395565966741076,0.140489027333301,0.20483858590719708,0.3259118697716852,0.5023713385712842,0.0746715613554202,0.007995206587397725,0.00525941573129912,0.008225266084757104,0.012597674642903955,0.013946078919093646,0.015968685333378176,0.01690489967679898,0.01943938847270813,0.02262379534865753,0.03043623244648641,0.040844507539520285,0.058070851458463066,0.08283931256583747,0.12672188357882022,0.18672395670678338,0.29511840605013245,0.4651911675813715,assumed,"1900-02 HLD age pattern, level relative to assumed colonial CDR 28/1000; TFR held at 1800 level"
1658,0.0,0.0,0.0,0.184912,0.450954,0.380567,0.234849,0.120244,0.034129,0.002346,0.0,0.0,0.0,0.0,0.0,0.0,0.0,0.0,0.08885728558426319,0.008465550448665789,0.0053744454799788096,0.008520509106368306,0.013172184332143068,0.014360825068499856,0.016949633467952193,0.01906554178949914,0.02225889542367918,0.026713102914220473,0.0342533029401741,0.04742165294736117,0.06566920541291586,0.09395565966741076,0.140489027333301,0.20483858590719708,0.3259118697716852,0.5023713385712842,0.0746715613554202,0.007995206587397725,0.00525941573129912,0.008225266084757104,0.012597674642903955,0.013946078919093646,0.015968685333378176,0.01690489967679898,0.01943938847270813,0.02262379534865753,0.03043623244648641,0.040844507539520285,0.058070851458463066,0.08283931256583747,0.12672188357882022,0.18672395670678338,0.29511840605013245,0.4651911675813715,assumed,"1900-02 HLD age pattern, level relative to assumed colonial CDR 28/1000; TFR held at 1800 level"
1659,0.0,0.0,0.0,0.184912,0.450954,0.380567,0.234849,0.120244,0.034129,0.002346,0.0,0.0,0.0,0.0,0.0,0.0,0.0,0.0,0.08885728558426319,0.008465550448665789,0.0053744454799788096,0.008520509106368306,0.013172184332143068,0.014360825068499856,0.016949633467952193,0.01906554178949914,0.02225889542367918,0.026713102914220473,0.0342533029401741,0.04742165294736117,0.06566920541291586,0.09395565966741076,0.140489027333301,0.20483858590719708,0.3259118697716852,0.5023713385712842,0.0746715613554202,0.007995206587397725,0.00525941573129912,0.008225266084757104,0.012597674642903955,0.013946078919093646,0.015968685333378176,0.01690489967679898,0.01943938847270813,0.02262379534865753,0.03043623244648641,0.040844507539520285,0.058070851458463066,0.08283931256583747,0.12672188357882022,0.18672395670678338,0.29511840605013245,0.4651911675813715,assumed,"1900-02 HLD age pattern, level relative to assumed colonial CDR 28/1000; TFR held at 1800 level"
1660,0.0,0.0,0.0,0.184912,0.450954,0.380567,0.234849,0.120244,0.034129,0.002346,0.0,0.0,0.0,0.0,0.0,0.0,0.0,0.0,0.08885728558426319,0.008465550448665789,0.0053744454799788096,0.008520509106368306,0.013172184332143068,0.014360825068499856,0.016949633467952193,0.01906554178949914,0.02225889542367918,0.026713102914220473,0.0342533029401741,0.04742165294736117,0.06566920541291586,0.09395565966741076,0.140489027333301,0.20483858590719708,0.3259118697716852,0.5023713385712842,0.0746715613554202,0.007995206587397725,0.00525941573129912,0.008225266084757104,0.012597674642903955,0.013946078919093646,0.015968685333378176,0.01690489967679898,0.01943938847270813,0.02262379534865753,0.03043623244648641,0.040844507539520285,0.058070851458463066,0.08283931256583747,0.12672188357882022,0.18672395670678338,0.29511840605013245,0.4651911675813715,assumed,"1900-02 HLD age pattern, level relative to assumed colonial CDR 28/1000; TFR held at 1800 level"
1661,0.0,0.0,0.0,0.184912,0.450954,0.380567,0.234849,0.120244,0.034129,0.002346,0.0,0.0,0.0,0.0,0.0,0.0,0.0,0.0,0.08885728558426319,0.008465550448665789,0.0053744454799788096,0.008520509106368306,0.013172184332143068,0.014360825068499856,0.016949633467952193,0.01906554178949914,0.02225889542367918,0.026713102914220473,0.0342533029401741,0.04742165294736117,0.06566920541291586,0.09395565966741076,0.140489027333301,0.20483858590719708,0.3259118697716852,0.5023713385712842,0.0746715613554202,0.007995206587397725,0.00525941573129912,0.008225266084757104,0.012597674642903955,0.013946078919093646,0.015968685333378176,0.01690489967679898,0.01943938847270813,0.02262379534865753,0.03043623244648641,0.040844507539520285,0.058070851458463066,0.08283931256583747,0.12672188357882022,0.18672395670678338,0.29511840605013245,0.4651911675813715,assumed,"1900-02 HLD age pattern, level relative to assumed colonial CDR 28/1000; TFR held at 1800 level"
1662,0.0,0.0,0.0,0.184912,0.450954,0.380567,0.234849,0.120244,0.034129,0.002346,0.0,0.0,0.0,0.0,0.0,0.0,0.0,0.0,0.08885728558426319,0.008465550448665789,0.0053744454799788096,0.008520509106368306,0.013172184332143068,0.014360825068499856,0.016949633467952193,0.01906554178949914,0.02225889542367918,0.026713102914220473,0.0342533029401741,0.04742165294736117,0.06566920541291586,0.09395565966741076,0.140489027333301,0.20483858590719708,0.3259118697716852,0.5023713385712842,0.0746715613554202,0.007995206587397725,0.00525941573129912,0.008225266084757104,0.012597674642903955,0.013946078919093646,0.015968685333378176,0.01690489967679898,0.01943938847270813,0.02262379534865753,0.03043623244648641,0.040844507539520285,0.058070851458463066,0.08283931256583747,0.12672188357882022,0.18672395670678338,0.29511840605013245,0.4651911675813715,assumed,"1900-02 HLD age pattern, level relative to assumed colonial CDR 28/1000; TFR held at 1800 level"
1663,0.0,0.0,0.0,0.184912,0.450954,0.380567,0.234849,0.120244,0.034129,0.002346,0.0,0.0,0.0,0.0,0.0,0.0,0.0,0.0,0.08885728558426319,0.008465550448665789,0.0053744454799788096,0.008520509106368306,0.013172184332143068,0.014360825068499856,0.016949633467952193,0.01906554178949914,0.02225889542367918,0.026713102914220473,0.0342533029401741,0.04742165294736117,0.06566920541291586,0.09395565966741076,0.140489027333301,0.20483858590719708,0.3259118697716852,0.5023713385712842,0.0746715613554202,0.007995206587397725,0.00525941573129912,0.008225266084757104,0.012597674642903955,0.013946078919093646,0.015968685333378176,0.01690489967679898,0.01943938847270813,0.02262379534865753,0.03043623244648641,0.040844507539520285,0.058070851458463066,0.08283931256583747,0.12672188357882022,0.18672395670678338,0.29511840605013245,0.4651911675813715,assumed,"1900-02 HLD age pattern, level relative to assumed colonial CDR 28/1000; TFR held at 1800 level"
1664,0.0,0.0,0.0,0.184912,0.450954,0.380567,0.234849,0.120244,0.034129,0.002346,0.0,0.0,0.0,0.0,0.0,0.0,0.0,0.0,0.08885728558426319,0.008465550448665789,0.0053744454799788096,0.008520509106368306,0.013172184332143068,0.014360825068499856,0.016949633467952193,0.01906554178949914,0.02225889542367918,0.026713102914220473,0.0342533029401741,0.04742165294736117,0.06566920541291586,0.09395565966741076,0.140489027333301,0.20483858590719708,0.3259118697716852,0.5023713385712842,0.0746715613554202,0.007995206587397725,0.00525941573129912,0.008225266084757104,0.012597674642903955,0.013946078919093646,0.015968685333378176,0.01690489967679898,0.01943938847270813,0.02262379534865753,0.03043623244648641,0.040844507539520285,0.058070851458463066,0.08283931256583747,0.12672188357882022,0.18672395670678338,0.29511840605013245,0.4651911675813715,assumed,"1900-02 HLD age pattern, level relative to assumed colonial CDR 28/1000; TFR held at 1800 level"
1665,0.0,0.0,0.0,0.184912,0.450954,0.380567,0.234849,0.120244,0.034129,0.002346,0.0,0.0,0.0,0.0,0.0,0.0,0.0,0.0,0.08885728558426319,0.008465550448665789,0.0053744454799788096,0.008520509106368306,0.013172184332143068,0.014360825068499856,0.016949633467952193,0.01906554178949914,0.02225889542367918,0.026713102914220473,0.0342533029401741,0.04742165294736117,0.06566920541291586,0.09395565966741076,0.140489027333301,0.20483858590719708,0.3259118697716852,0.5023713385712842,0.0746715613554202,0.007995206587397725,0.00525941573129912,0.008225266084757104,0.012597674642903955,0.013946078919093646,0.015968685333378176,0.01690489967679898,0.01943938847270813,0.02262379534865753,0.03043623244648641,0.040844507539520285,0.058070851458463066,0.08283931256583747,0.12672188357882022,0.18672395670678338,0.29511840605013245,0.4651911675813715,assumed,"1900-02 HLD age pattern, level relative to assumed colonial CDR 28/1000; TFR held at 1800 level"
1666,0.0,0.0,0.0,0.184912,0.450954,0.380567,0.234849,0.120244,0.034129,0.002346,0.0,0.0,0.0,0.0,0.0,0.0,0.0,0.0,0.08885728558426319,0.008465550448665789,0.0053744454799788096,0.008520509106368306,0.013172184332143068,0.014360825068499856,0.016949633467952193,0.01906554178949914,0.02225889542367918,0.026713102914220473,0.0342533029401741,0.04742165294736117,0.06566920541291586,0.09395565966741076,0.140489027333301,0.20483858590719708,0.3259118697716852,0.5023713385712842,0.0746715613554202,0.007995206587397725,0.00525941573129912,0.008225266084757104,0.012597674642903955,0.013946078919093646,0.015968685333378176,0.01690489967679898,0.01943938847270813,0.02262379534865753,0.03043623244648641,0.040844507539520285,0.058070851458463066,0.08283931256583747,0.12672188357882022,0.18672395670678338,0.29511840605013245,0.4651911675813715,assumed,"1900-02 HLD age pattern, level relative to assumed colonial CDR 28/1000; TFR held at 1800 level"
1667,0.0,0.0,0.0,0.184912,0.450954,0.380567,0.234849,0.120244,0.034129,0.002346,0.0,0.0,0.0,0.0,0.0,0.0,0.0,0.0,0.08885728558426319,0.008465550448665789,0.0053744454799788096,0.008520509106368306,0.013172184332143068,0.014360825068499856,0.016949633467952193,0.01906554178949914,0.02225889542367918,0.026713102914220473,0.0342533029401741,0.04742165294736117,0.06566920541291586,0.09395565966741076,0.140489027333301,0.20483858590719708,0.3259118697716852,0.5023713385712842,0.0746715613554202,0.007995206587397725,0.00525941573129912,0.008225266084757104,0.012597674642903955,0.013946078919093646,0.015968685333378176,0.01690489967679898,0.01943938847270813,0.02262379534865753,0.03043623244648641,0.040844507539520285,0.058070851458463066,0.08283931256583747,0.12672188357882022,0.18672395670678338,0.29511840605013245,0.4651911675813715,assumed,"1900-02 HLD age pattern, level relative to assumed colonial CDR 28/1000; TFR held at 1800 level"
1668,0.0,0.0,0.0,0.184912,0.450954,0.380567,0.234849,0.120244,0.034129,0.002346,0.0,0.0,0.0,0.0,0.0,0.0,0.0,0.0,0.08885728558426319,0.008465550448665789,0.0053744454799788096,0.008520509106368306,0.013172184332143068,0.014360825068499856,0.016949633467952193,0.01906554178949914,0.02225889542367918,0.026713102914220473,0.0342533029401741,0.04742165294736117,0.06566920541291586,0.09395565966741076,0.140489027333301,0.20483858590719708,0.3259118697716852,0.5023713385712842,0.0746715613554202,0.007995206587397725,0.00525941573129912,0.008225266084757104,0.012597674642903955,0.013946078919093646,0.015968685333378176,0.01690489967679898,0.01943938847270813,0.02262379534865753,0.03043623244648641,0.040844507539520285,0.058070851458463066,0.08283931256583747,0.12672188357882022,0.18672395670678338,0.29511840605013245,0.4651911675813715,assumed,"1900-02 HLD age pattern, level relative to assumed colonial CDR 28/1000; TFR held at 1800 level"
1669,0.0,0.0,0.0,0.184912,0.450954,0.380567,0.234849,0.120244,0.034129,0.002346,0.0,0.0,0.0,0.0,0.0,0.0,0.0,0.0,0.08885728558426319,0.008465550448665789,0.0053744454799788096,0.008520509106368306,0.013172184332143068,0.014360825068499856,0.016949633467952193,0.01906554178949914,0.02225889542367918,0.026713102914220473,0.0342533029401741,0.04742165294736117,0.06566920541291586,0.09395565966741076,0.140489027333301,0.20483858590719708,0.3259118697716852,0.5023713385712842,0.0746715613554202,0.007995206587397725,0.00525941573129912,0.008225266084757104,0.012597674642903955,0.013946078919093646,0.015968685333378176,0.01690489967679898,0.01943938847270813,0.02262379534865753,0.03043623244648641,0.040844507539520285,0.058070851458463066,0.08283931256583747,0.12672188357882022,0.18672395670678338,0.29511840605013245,0.4651911675813715,assumed,"1900-02 HLD age pattern, level relative to assumed colonial CDR 28/1000; TFR held at 1800 level"
1670,0.0,0.0,0.0,0.184912,0.450954,0.380567,0.234849,0.120244,0.034129,0.002346,0.0,0.0,0.0,0.0,0.0,0.0,0.0,0.0,0.08885728558426319,0.008465550448665789,0.0053744454799788096,0.008520509106368306,0.013172184332143068,0.014360825068499856,0.016949633467952193,0.01906554178949914,0.02225889542367918,0.026713102914220473,0.0342533029401741,0.04742165294736117,0.06566920541291586,0.09395565966741076,0.140489027333301,0.20483858590719708,0.3259118697716852,0.5023713385712842,0.0746715613554202,0.007995206587397725,0.00525941573129912,0.008225266084757104,0.012597674642903955,0.013946078919093646,0.015968685333378176,0.01690489967679898,0.01943938847270813,0.02262379534865753,0.03043623244648641,0.040844507539520285,0.058070851458463066,0.08283931256583747,0.12672188357882022,0.18672395670678338,0.29511840605013245,0.4651911675813715,assumed,"1900-02 HLD age pattern, level relative to assumed colonial CDR 28/1000; TFR held at 1800 level"
1671,0.0,0.0,0.0,0.184912,0.450954,0.380567,0.234849,0.120244,0.034129,0.002346,0.0,0.0,0.0,0.0,0.0,0.0,0.0,0.0,0.08885728558426319,0.008465550448665789,0.0053744454799788096,0.008520509106368306,0.013172184332143068,0.014360825068499856,0.016949633467952193,0.01906554178949914,0.02225889542367918,0.026713102914220473,0.0342533029401741,0.04742165294736117,0.06566920541291586,0.09395565966741076,0.140489027333301,0.20483858590719708,0.3259118697716852,0.5023713385712842,0.0746715613554202,0.007995206587397725,0.00525941573129912,0.008225266084757104,0.012597674642903955,0.013946078919093646,0.015968685333378176,0.01690489967679898,0.01943938847270813,0.02262379534865753,0.03043623244648641,0.040844507539520285,0.058070851458463066,0.08283931256583747,0.12672188357882022,0.18672395670678338,0.29511840605013245,0.4651911675813715,assumed,"1900-02 HLD age pattern, level relative to assumed colonial CDR 28/1000; TFR held at 1800 level"
1672,0.0,0.0,0.0,0.184912,0.450954,0.380567,0.234849,0.120244,0.034129,0.002346,0.0,0.0,0.0,0.0,0.0,0.0,0.0,0.0,0.08885728558426319,0.008465550448665789,0.0053744454799788096,0.008520509106368306,0.013172184332143068,0.014360825068499856,0.016949633467952193,0.01906554178949914,0.02225889542367918,0.026713102914220473,0.0342533029401741,0.04742165294736117,0.06566920541291586,0.09395565966741076,0.140489027333301,0.20483858590719708,0.3259118697716852,0.5023713385712842,0.0746715613554202,0.007995206587397725,0.00525941573129912,0.008225266084757104,0.012597674642903955,0.013946078919093646,0.015968685333378176,0.01690489967679898,0.01943938847270813,0.02262379534865753,0.03043623244648641,0.040844507539520285,0.058070851458463066,0.08283931256583747,0.12672188357882022,0.18672395670678338,0.29511840605013245,0.4651911675813715,assumed,"1900-02 HLD age pattern, level relative to assumed colonial CDR 28/1000; TFR held at 1800 level"
1673,0.0,0.0,0.0,0.184912,0.450954,0.380567,0.234849,0.120244,0.034129,0.002346,0.0,0.0,0.0,0.0,0.0,0.0,0.0,0.0,0.08885728558426319,0.008465550448665789,0.0053744454799788096,0.008520509106368306,0.013172184332143068,0.014360825068499856,0.016949633467952193,0.01906554178949914,0.02225889542367918,0.026713102914220473,0.0342533029401741,0.04742165294736117,0.06566920541291586,0.09395565966741076,0.140489027333301,0.20483858590719708,0.3259118697716852,0.5023713385712842,0.0746715613554202,0.007995206587397725,0.00525941573129912,0.008225266084757104,0.012597674642903955,0.013946078919093646,0.015968685333378176,0.01690489967679898,0.01943938847270813,0.02262379534865753,0.03043623244648641,0.040844507539520285,0.058070851458463066,0.08283931256583747,0.12672188357882022,0.18672395670678338,0.29511840605013245,0.4651911675813715,assumed,"1900-02 HLD age pattern, level relative to assumed colonial CDR 28/1000; TFR held at 1800 level"
1674,0.0,0.0,0.0,0.184912,0.450954,0.380567,0.234849,0.120244,0.034129,0.002346,0.0,0.0,0.0,0.0,0.0,0.0,0.0,0.0,0.08885728558426319,0.008465550448665789,0.0053744454799788096,0.008520509106368306,0.013172184332143068,0.014360825068499856,0.016949633467952193,0.01906554178949914,0.02225889542367918,0.026713102914220473,0.0342533029401741,0.04742165294736117,0.06566920541291586,0.09395565966741076,0.140489027333301,0.20483858590719708,0.3259118697716852,0.5023713385712842,0.0746715613554202,0.007995206587397725,0.00525941573129912,0.008225266084757104,0.012597674642903955,0.013946078919093646,0.015968685333378176,0.01690489967679898,0.01943938847270813,0.02262379534865753,0.03043623244648641,0.040844507539520285,0.058070851458463066,0.08283931256583747,0.12672188357882022,0.18672395670678338,0.29511840605013245,0.4651911675813715,assumed,"1900-02 HLD age pattern, level relative to assumed colonial CDR 28/1000; TFR held at 1800 level"
1675,0.0,0.0,0.0,0.184912,0.450954,0.380567,0.234849,0.120244,0.034129,0.002346,0.0,0.0,0.0,0.0,0.0,0.0,0.0,0.0,0.08885728558426319,0.008465550448665789,0.0053744454799788096,0.008520509106368306,0.013172184332143068,0.014360825068499856,0.016949633467952193,0.01906554178949914,0.02225889542367918,0.026713102914220473,0.0342533029401741,0.04742165294736117,0.06566920541291586,0.09395565966741076,0.140489027333301,0.20483858590719708,0.3259118697716852,0.5023713385712842,0.0746715613554202,0.007995206587397725,0.00525941573129912,0.008225266084757104,0.012597674642903955,0.013946078919093646,0.015968685333378176,0.01690489967679898,0.01943938847270813,0.02262379534865753,0.03043623244648641,0.040844507539520285,0.058070851458463066,0.08283931256583747,0.12672188357882022,0.18672395670678338,0.29511840605013245,0.4651911675813715,assumed,"1900-02 HLD age pattern, level relative to assumed colonial CDR 28/1000; TFR held at 1800 level"
1676,0.0,0.0,0.0,0.184912,0.450954,0.380567,0.234849,0.120244,0.034129,0.002346,0.0,0.0,0.0,0.0,0.0,0.0,0.0,0.0,0.08885728558426319,0.008465550448665789,0.0053744454799788096,0.008520509106368306,0.013172184332143068,0.014360825068499856,0.016949633467952193,0.01906554178949914,0.02225889542367918,0.026713102914220473,0.0342533029401741,0.04742165294736117,0.06566920541291586,0.09395565966741076,0.140489027333301,0.20483858590719708,0.3259118697716852,0.5023713385712842,0.0746715613554202,0.007995206587397725,0.00525941573129912,0.008225266084757104,0.012597674642903955,0.013946078919093646,0.015968685333378176,0.01690489967679898,0.01943938847270813,0.02262379534865753,0.03043623244648641,0.040844507539520285,0.058070851458463066,0.08283931256583747,0.12672188357882022,0.18672395670678338,0.29511840605013245,0.4651911675813715,assumed,"1900-02 HLD age pattern, level relative to assumed colonial CDR 28/1000; TFR held at 1800 level"
1677,0.0,0.0,0.0,0.184912,0.450954,0.380567,0.234849,0.120244,0.034129,0.002346,0.0,0.0,0.0,0.0,0.0,0.0,0.0,0.0,0.08885728558426319,0.008465550448665789,0.0053744454799788096,0.008520509106368306,0.013172184332143068,0.014360825068499856,0.016949633467952193,0.01906554178949914,0.02225889542367918,0.026713102914220473,0.0342533029401741,0.04742165294736117,0.06566920541291586,0.09395565966741076,0.140489027333301,0.20483858590719708,0.3259118697716852,0.5023713385712842,0.0746715613554202,0.007995206587397725,0.00525941573129912,0.008225266084757104,0.012597674642903955,0.013946078919093646,0.015968685333378176,0.01690489967679898,0.01943938847270813,0.02262379534865753,0.03043623244648641,0.040844507539520285,0.058070851458463066,0.08283931256583747,0.12672188357882022,0.18672395670678338,0.29511840605013245,0.4651911675813715,assumed,"1900-02 HLD age pattern, level relative to assumed colonial CDR 28/1000; TFR held at 1800 level"
1678,0.0,0.0,0.0,0.184912,0.450954,0.380567,0.234849,0.120244,0.034129,0.002346,0.0,0.0,0.0,0.0,0.0,0.0,0.0,0.0,0.08885728558426319,0.008465550448665789,0.0053744454799788096,0.008520509106368306,0.013172184332143068,0.014360825068499856,0.016949633467952193,0.01906554178949914,0.02225889542367918,0.026713102914220473,0.0342533029401741,0.04742165294736117,0.06566920541291586,0.09395565966741076,0.140489027333301,0.20483858590719708,0.3259118697716852,0.5023713385712842,0.0746715613554202,0.007995206587397725,0.00525941573129912,0.008225266084757104,0.012597674642903955,0.013946078919093646,0.015968685333378176,0.01690489967679898,0.01943938847270813,0.02262379534865753,0.03043623244648641,0.040844507539520285,0.058070851458463066,0.08283931256583747,0.12672188357882022,0.18672395670678338,0.29511840605013245,0.4651911675813715,assumed,"1900-02 HLD age pattern, level relative to assumed colonial CDR 28/1000; TFR held at 1800 level"
1679,0.0,0.0,0.0,0.184912,0.450954,0.380567,0.234849,0.120244,0.034129,0.002346,0.0,0.0,0.0,0.0,0.0,0.0,0.0,0.0,0.08885728558426319,0.008465550448665789,0.0053744454799788096,0.008520509106368306,0.013172184332143068,0.014360825068499856,0.016949633467952193,0.01906554178949914,0.02225889542367918,0.026713102914220473,0.0342533029401741,0.04742165294736117,0.06566920541291586,0.09395565966741076,0.140489027333301,0.20483858590719708,0.3259118697716852,0.5023713385712842,0.0746715613554202,0.007995206587397725,0.00525941573129912,0.008225266084757104,0.012597674642903955,0.013946078919093646,0.015968685333378176,0.01690489967679898,0.01943938847270813,0.02262379534865753,0.03043623244648641,0.040844507539520285,0.058070851458463066,0.08283931256583747,0.12672188357882022,0.18672395670678338,0.29511840605013245,0.4651911675813715,assumed,"1900-02 HLD age pattern, level relative to assumed colonial CDR 28/1000; TFR held at 1800 level"
1680,0.0,0.0,0.0,0.184912,0.450954,0.380567,0.234849,0.120244,0.034129,0.002346,0.0,0.0,0.0,0.0,0.0,0.0,0.0,0.0,0.08885728558426319,0.008465550448665789,0.0053744454799788096,0.008520509106368306,0.013172184332143068,0.014360825068499856,0.016949633467952193,0.01906554178949914,0.02225889542367918,0.026713102914220473,0.0342533029401741,0.04742165294736117,0.06566920541291586,0.09395565966741076,0.140489027333301,0.20483858590719708,0.3259118697716852,0.5023713385712842,0.0746715613554202,0.007995206587397725,0.00525941573129912,0.008225266084757104,0.012597674642903955,0.013946078919093646,0.015968685333378176,0.01690489967679898,0.01943938847270813,0.02262379534865753,0.03043623244648641,0.040844507539520285,0.058070851458463066,0.08283931256583747,0.12672188357882022,0.18672395670678338,0.29511840605013245,0.4651911675813715,assumed,"1900-02 HLD age pattern, level relative to assumed colonial CDR 28/1000; TFR held at 1800 level"
1681,0.0,0.0,0.0,0.184912,0.450954,0.380567,0.234849,0.120244,0.034129,0.002346,0.0,0.0,0.0,0.0,0.0,0.0,0.0,0.0,0.08885728558426319,0.008465550448665789,0.0053744454799788096,0.008520509106368306,0.013172184332143068,0.014360825068499856,0.016949633467952193,0.01906554178949914,0.02225889542367918,0.026713102914220473,0.0342533029401741,0.04742165294736117,0.06566920541291586,0.09395565966741076,0.140489027333301,0.20483858590719708,0.3259118697716852,0.5023713385712842,0.0746715613554202,0.007995206587397725,0.00525941573129912,0.008225266084757104,0.012597674642903955,0.013946078919093646,0.015968685333378176,0.01690489967679898,0.01943938847270813,0.02262379534865753,0.03043623244648641,0.040844507539520285,0.058070851458463066,0.08283931256583747,0.12672188357882022,0.18672395670678338,0.29511840605013245,0.4651911675813715,assumed,"1900-02 HLD age pattern, level relative to assumed colonial CDR 28/1000; TFR held at 1800 level"
1682,0.0,0.0,0.0,0.184912,0.450954,0.380567,0.234849,0.120244,0.034129,0.002346,0.0,0.0,0.0,0.0,0.0,0.0,0.0,0.0,0.08885728558426319,0.008465550448665789,0.0053744454799788096,0.008520509106368306,0.013172184332143068,0.014360825068499856,0.016949633467952193,0.01906554178949914,0.02225889542367918,0.026713102914220473,0.0342533029401741,0.04742165294736117,0.06566920541291586,0.09395565966741076,0.140489027333301,0.20483858590719708,0.3259118697716852,0.5023713385712842,0.0746715613554202,0.007995206587397725,0.00525941573129912,0.008225266084757104,0.012597674642903955,0.013946078919093646,0.015968685333378176,0.01690489967679898,0.01943938847270813,0.02262379534865753,0.03043623244648641,0.040844507539520285,0.058070851458463066,0.08283931256583747,0.12672188357882022,0.18672395670678338,0.29511840605013245,0.4651911675813715,assumed,"1900-02 HLD age pattern, level relative to assumed colonial CDR 28/1000; TFR held at 1800 level"
1683,0.0,0.0,0.0,0.184912,0.450954,0.380567,0.234849,0.120244,0.034129,0.002346,0.0,0.0,0.0,0.0,0.0,0.0,0.0,0.0,0.08885728558426319,0.008465550448665789,0.0053744454799788096,0.008520509106368306,0.013172184332143068,0.014360825068499856,0.016949633467952193,0.01906554178949914,0.02225889542367918,0.026713102914220473,0.0342533029401741,0.04742165294736117,0.06566920541291586,0.09395565966741076,0.140489027333301,0.20483858590719708,0.3259118697716852,0.5023713385712842,0.0746715613554202,0.007995206587397725,0.00525941573129912,0.008225266084757104,0.012597674642903955,0.013946078919093646,0.015968685333378176,0.01690489967679898,0.01943938847270813,0.02262379534865753,0.03043623244648641,0.040844507539520285,0.058070851458463066,0.08283931256583747,0.12672188357882022,0.18672395670678338,0.29511840605013245,0.4651911675813715,assumed,"1900-02 HLD age pattern, level relative to assumed colonial CDR 28/1000; TFR held at 1800 level"
1684,0.0,0.0,0.0,0.184912,0.450954,0.380567,0.234849,0.120244,0.034129,0.002346,0.0,0.0,0.0,0.0,0.0,0.0,0.0,0.0,0.08885728558426319,0.008465550448665789,0.0053744454799788096,0.008520509106368306,0.013172184332143068,0.014360825068499856,0.016949633467952193,0.01906554178949914,0.02225889542367918,0.026713102914220473,0.0342533029401741,0.04742165294736117,0.06566920541291586,0.09395565966741076,0.140489027333301,0.20483858590719708,0.3259118697716852,0.5023713385712842,0.0746715613554202,0.007995206587397725,0.00525941573129912,0.008225266084757104,0.012597674642903955,0.013946078919093646,0.015968685333378176,0.01690489967679898,0.01943938847270813,0.02262379534865753,0.03043623244648641,0.040844507539520285,0.058070851458463066,0.08283931256583747,0.12672188357882022,0.18672395670678338,0.29511840605013245,0.4651911675813715,assumed,"1900-02 HLD age pattern, level relative to assumed colonial CDR 28/1000; TFR held at 1800 level"
1685,0.0,0.0,0.0,0.184912,0.450954,0.380567,0.234849,0.120244,0.034129,0.002346,0.0,0.0,0.0,0.0,0.0,0.0,0.0,0.0,0.08885728558426319,0.008465550448665789,0.0053744454799788096,0.008520509106368306,0.013172184332143068,0.014360825068499856,0.016949633467952193,0.01906554178949914,0.02225889542367918,0.026713102914220473,0.0342533029401741,0.04742165294736117,0.06566920541291586,0.09395565966741076,0.140489027333301,0.20483858590719708,0.3259118697716852,0.5023713385712842,0.0746715613554202,0.007995206587397725,0.00525941573129912,0.008225266084757104,0.012597674642903955,0.013946078919093646,0.015968685333378176,0.01690489967679898,0.01943938847270813,0.02262379534865753,0.03043623244648641,0.040844507539520285,0.058070851458463066,0.08283931256583747,0.12672188357882022,0.18672395670678338,0.29511840605013245,0.4651911675813715,assumed,"1900-02 HLD age pattern, level relative to assumed colonial CDR 28/1000; TFR held at 1800 level"
1686,0.0,0.0,0.0,0.184912,0.450954,0.380567,0.234849,0.120244,0.034129,0.002346,0.0,0.0,0.0,0.0,0.0,0.0,0.0,0.0,0.08885728558426319,0.008465550448665789,0.0053744454799788096,0.008520509106368306,0.013172184332143068,0.014360825068499856,0.016949633467952193,0.01906554178949914,0.02225889542367918,0.026713102914220473,0.0342533029401741,0.04742165294736117,0.06566920541291586,0.09395565966741076,0.140489027333301,0.20483858590719708,0.3259118697716852,0.5023713385712842,0.0746715613554202,0.007995206587397725,0.00525941573129912,0.008225266084757104,0.012597674642903955,0.013946078919093646,0.015968685333378176,0.01690489967679898,0.01943938847270813,0.02262379534865753,0.03043623244648641,0.040844507539520285,0.058070851458463066,0.08283931256583747,0.12672188357882022,0.18672395670678338,0.29511840605013245,0.4651911675813715,assumed,"1900-02 HLD age pattern, level relative to assumed colonial CDR 28/1000; TFR held at 1800 level"
1687,0.0,0.0,0.0,0.184912,0.450954,0.380567,0.234849,0.120244,0.034129,0.002346,0.0,0.0,0.0,0.0,0.0,0.0,0.0,0.0,0.08885728558426319,0.008465550448665789,0.0053744454799788096,0.008520509106368306,0.013172184332143068,0.014360825068499856,0.016949633467952193,0.01906554178949914,0.02225889542367918,0.026713102914220473,0.0342533029401741,0.04742165294736117,0.06566920541291586,0.09395565966741076,0.140489027333301,0.20483858590719708,0.3259118697716852,0.5023713385712842,0.0746715613554202,0.007995206587397725,0.00525941573129912,0.008225266084757104,0.012597674642903955,0.013946078919093646,0.015968685333378176,0.01690489967679898,0.01943938847270813,0.02262379534865753,0.03043623244648641,0.040844507539520285,0.058070851458463066,0.08283931256583747,0.12672188357882022,0.18672395670678338,0.29511840605013245,0.4651911675813715,assumed,"1900-02 HLD age pattern, level relative to assumed colonial CDR 28/1000; TFR held at 1800 level"
1688,0.0,0.0,0.0,0.184912,0.450954,0.380567,0.234849,0.120244,0.034129,0.002346,0.0,0.0,0.0,0.0,0.0,0.0,0.0,0.0,0.08885728558426319,0.008465550448665789,0.0053744454799788096,0.008520509106368306,0.013172184332143068,0.014360825068499856,0.016949633467952193,0.01906554178949914,0.02225889542367918,0.026713102914220473,0.0342533029401741,0.04742165294736117,0.06566920541291586,0.09395565966741076,0.140489027333301,0.20483858590719708,0.3259118697716852,0.5023713385712842,0.0746715613554202,0.007995206587397725,0.00525941573129912,0.008225266084757104,0.012597674642903955,0.013946078919093646,0.015968685333378176,0.01690489967679898,0.01943938847270813,0.02262379534865753,0.03043623244648641,0.040844507539520285,0.058070851458463066,0.08283931256583747,0.12672188357882022,0.18672395670678338,0.29511840605013245,0.4651911675813715,assumed,"1900-02 HLD age pattern, level relative to assumed colonial CDR 28/1000; TFR held at 1800 level"
1689,0.0,0.0,0.0,0.184912,0.450954,0.380567,0.234849,0.120244,0.034129,0.002346,0.0,0.0,0.0,0.0,0.0,0.0,0.0,0.0,0.08885728558426319,0.008465550448665789,0.0053744454799788096,0.008520509106368306,0.013172184332143068,0.014360825068499856,0.016949633467952193,0.01906554178949914,0.02225889542367918,0.026713102914220473,0.0342533029401741,0.04742165294736117,0.06566920541291586,0.09395565966741076,0.140489027333301,0.20483858590719708,0.3259118697716852,0.5023713385712842,0.0746715613554202,0.007995206587397725,0.00525941573129912,0.008225266084757104,0.012597674642903955,0.013946078919093646,0.015968685333378176,0.01690489967679898,0.01943938847270813,0.02262379534865753,0.03043623244648641,0.040844507539520285,0.058070851458463066,0.08283931256583747,0.12672188357882022,0.18672395670678338,0.29511840605013245,0.4651911675813715,assumed,"1900-02 HLD age pattern, level relative to assumed colonial CDR 28/1000; TFR held at 1800 level"
1690,0.0,0.0,0.0,0.184912,0.450954,0.380567,0.234849,0.120244,0.034129,0.002346,0.0,0.0,0.0,0.0,0.0,0.0,0.0,0.0,0.08885728558426319,0.008465550448665789,0.0053744454799788096,0.008520509106368306,0.013172184332143068,0.014360825068499856,0.016949633467952193,0.01906554178949914,0.02225889542367918,0.026713102914220473,0.0342533029401741,0.04742165294736117,0.06566920541291586,0.09395565966741076,0.140489027333301,0.20483858590719708,0.3259118697716852,0.5023713385712842,0.0746715613554202,0.007995206587397725,0.00525941573129912,0.008225266084757104,0.012597674642903955,0.013946078919093646,0.015968685333378176,0.01690489967679898,0.01943938847270813,0.02262379534865753,0.03043623244648641,0.040844507539520285,0.058070851458463066,0.08283931256583747,0.12672188357882022,0.18672395670678338,0.29511840605013245,0.4651911675813715,assumed,"1900-02 HLD age pattern, level relative to assumed colonial CDR 28/1000; TFR held at 1800 level"
1691,0.0,0.0,0.0,0.184912,0.450954,0.380567,0.234849,0.120244,0.034129,0.002346,0.0,0.0,0.0,0.0,0.0,0.0,0.0,0.0,0.08885728558426319,0.008465550448665789,0.0053744454799788096,0.008520509106368306,0.013172184332143068,0.014360825068499856,0.016949633467952193,0.01906554178949914,0.02225889542367918,0.026713102914220473,0.0342533029401741,0.04742165294736117,0.06566920541291586,0.09395565966741076,0.140489027333301,0.20483858590719708,0.3259118697716852,0.5023713385712842,0.0746715613554202,0.007995206587397725,0.00525941573129912,0.008225266084757104,0.012597674642903955,0.013946078919093646,0.015968685333378176,0.01690489967679898,0.01943938847270813,0.02262379534865753,0.03043623244648641,0.040844507539520285,0.058070851458463066,0.08283931256583747,0.12672188357882022,0.18672395670678338,0.29511840605013245,0.4651911675813715,assumed,"1900-02 HLD age pattern, level relative to assumed colonial CDR 28/1000; TFR held at 1800 level"
1692,0.0,0.0,0.0,0.184912,0.450954,0.380567,0.234849,0.120244,0.034129,0.002346,0.0,0.0,0.0,0.0,0.0,0.0,0.0,0.0,0.08885728558426319,0.008465550448665789,0.0053744454799788096,0.008520509106368306,0.013172184332143068,0.014360825068499856,0.016949633467952193,0.01906554178949914,0.02225889542367918,0.026713102914220473,0.0342533029401741,0.04742165294736117,0.06566920541291586,0.09395565966741076,0.140489027333301,0.20483858590719708,0.3259118697716852,0.5023713385712842,0.0746715613554202,0.007995206587397725,0.00525941573129912,0.008225266084757104,0.012597674642903955,0.013946078919093646,0.015968685333378176,0.01690489967679898,0.01943938847270813,0.02262379534865753,0.03043623244648641,0.040844507539520285,0.058070851458463066,0.08283931256583747,0.12672188357882022,0.18672395670678338,0.29511840605013245,0.4651911675813715,assumed,"1900-02 HLD age pattern, level relative to assumed colonial CDR 28/1000; TFR held at 1800 level"
1693,0.0,0.0,0.0,0.184912,0.450954,0.380567,0.234849,0.120244,0.034129,0.002346,0.0,0.0,0.0,0.0,0.0,0.0,0.0,0.0,0.08885728558426319,0.008465550448665789,0.0053744454799788096,0.008520509106368306,0.013172184332143068,0.014360825068499856,0.016949633467952193,0.01906554178949914,0.02225889542367918,0.026713102914220473,0.0342533029401741,0.04742165294736117,0.06566920541291586,0.09395565966741076,0.140489027333301,0.20483858590719708,0.3259118697716852,0.5023713385712842,0.0746715613554202,0.007995206587397725,0.00525941573129912,0.008225266084757104,0.012597674642903955,0.013946078919093646,0.015968685333378176,0.01690489967679898,0.01943938847270813,0.02262379534865753,0.03043623244648641,0.040844507539520285,0.058070851458463066,0.08283931256583747,0.12672188357882022,0.18672395670678338,0.29511840605013245,0.4651911675813715,assumed,"1900-02 HLD age pattern, level relative to assumed colonial CDR 28/1000; TFR held at 1800 level"
1694,0.0,0.0,0.0,0.184912,0.450954,0.380567,0.234849,0.120244,0.034129,0.002346,0.0,0.0,0.0,0.0,0.0,0.0,0.0,0.0,0.08885728558426319,0.008465550448665789,0.0053744454799788096,0.008520509106368306,0.013172184332143068,0.014360825068499856,0.016949633467952193,0.01906554178949914,0.02225889542367918,0.026713102914220473,0.0342533029401741,0.04742165294736117,0.06566920541291586,0.09395565966741076,0.140489027333301,0.20483858590719708,0.3259118697716852,0.5023713385712842,0.0746715613554202,0.007995206587397725,0.00525941573129912,0.008225266084757104,0.012597674642903955,0.013946078919093646,0.015968685333378176,0.01690489967679898,0.01943938847270813,0.02262379534865753,0.03043623244648641,0.040844507539520285,0.058070851458463066,0.08283931256583747,0.12672188357882022,0.18672395670678338,0.29511840605013245,0.4651911675813715,assumed,"1900-02 HLD age pattern, level relative to assumed colonial CDR 28/1000; TFR held at 1800 level"
1695,0.0,0.0,0.0,0.184912,0.450954,0.380567,0.234849,0.120244,0.034129,0.002346,0.0,0.0,0.0,0.0,0.0,0.0,0.0,0.0,0.08885728558426319,0.008465550448665789,0.0053744454799788096,0.008520509106368306,0.013172184332143068,0.014360825068499856,0.016949633467952193,0.01906554178949914,0.02225889542367918,0.026713102914220473,0.0342533029401741,0.04742165294736117,0.06566920541291586,0.09395565966741076,0.140489027333301,0.20483858590719708,0.3259118697716852,0.5023713385712842,0.0746715613554202,0.007995206587397725,0.00525941573129912,0.008225266084757104,0.012597674642903955,0.013946078919093646,0.015968685333378176,0.01690489967679898,0.01943938847270813,0.02262379534865753,0.03043623244648641,0.040844507539520285,0.058070851458463066,0.08283931256583747,0.12672188357882022,0.18672395670678338,0.29511840605013245,0.4651911675813715,assumed,"1900-02 HLD age pattern, level relative to assumed colonial CDR 28/1000; TFR held at 1800 level"
1696,0.0,0.0,0.0,0.184912,0.450954,0.380567,0.234849,0.120244,0.034129,0.002346,0.0,0.0,0.0,0.0,0.0,0.0,0.0,0.0,0.08885728558426319,0.008465550448665789,0.0053744454799788096,0.008520509106368306,0.013172184332143068,0.014360825068499856,0.016949633467952193,0.01906554178949914,0.02225889542367918,0.026713102914220473,0.0342533029401741,0.04742165294736117,0.06566920541291586,0.09395565966741076,0.140489027333301,0.20483858590719708,0.3259118697716852,0.5023713385712842,0.0746715613554202,0.007995206587397725,0.00525941573129912,0.008225266084757104,0.012597674642903955,0.013946078919093646,0.015968685333378176,0.01690489967679898,0.01943938847270813,0.02262379534865753,0.03043623244648641,0.040844507539520285,0.058070851458463066,0.08283931256583747,0.12672188357882022,0.18672395670678338,0.29511840605013245,0.4651911675813715,assumed,"1900-02 HLD age pattern, level relative to assumed colonial CDR 28/1000; TFR held at 1800 level"
1697,0.0,0.0,0.0,0.184912,0.450954,0.380567,0.234849,0.120244,0.034129,0.002346,0.0,0.0,0.0,0.0,0.0,0.0,0.0,0.0,0.08885728558426319,0.008465550448665789,0.0053744454799788096,0.008520509106368306,0.013172184332143068,0.014360825068499856,0.016949633467952193,0.01906554178949914,0.02225889542367918,0.026713102914220473,0.0342533029401741,0.04742165294736117,0.06566920541291586,0.09395565966741076,0.140489027333301,0.20483858590719708,0.3259118697716852,0.5023713385712842,0.0746715613554202,0.007995206587397725,0.00525941573129912,0.008225266084757104,0.012597674642903955,0.013946078919093646,0.015968685333378176,0.01690489967679898,0.01943938847270813,0.02262379534865753,0.03043623244648641,0.040844507539520285,0.058070851458463066,0.08283931256583747,0.12672188357882022,0.18672395670678338,0.29511840605013245,0.4651911675813715,assumed,"1900-02 HLD age pattern, level relative to assumed colonial CDR 28/1000; TFR held at 1800 level"
1698,0.0,0.0,0.0,0.184912,0.450954,0.380567,0.234849,0.120244,0.034129,0.002346,0.0,0.0,0.0,0.0,0.0,0.0,0.0,0.0,0.08885728558426319,0.008465550448665789,0.0053744454799788096,0.008520509106368306,0.013172184332143068,0.014360825068499856,0.016949633467952193,0.01906554178949914,0.02225889542367918,0.026713102914220473,0.0342533029401741,0.04742165294736117,0.06566920541291586,0.09395565966741076,0.140489027333301,0.20483858590719708,0.3259118697716852,0.5023713385712842,0.0746715613554202,0.007995206587397725,0.00525941573129912,0.008225266084757104,0.012597674642903955,0.013946078919093646,0.015968685333378176,0.01690489967679898,0.01943938847270813,0.02262379534865753,0.03043623244648641,0.040844507539520285,0.058070851458463066,0.08283931256583747,0.12672188357882022,0.18672395670678338,0.29511840605013245,0.4651911675813715,assumed,"1900-02 HLD age pattern, level relative to assumed colonial CDR 28/1000; TFR held at 1800 level"
1699,0.0,0.0,0.0,0.184912,0.450954,0.380567,0.234849,0.120244,0.034129,0.002346,0.0,0.0,0.0,0.0,0.0,0.0,0.0,0.0,0.08885728558426319,0.008465550448665789,0.0053744454799788096,0.008520509106368306,0.013172184332143068,0.014360825068499856,0.016949633467952193,0.01906554178949914,0.02225889542367918,0.026713102914220473,0.0342533029401741,0.04742165294736117,0.06566920541291586,0.09395565966741076,0.140489027333301,0.20483858590719708,0.3259118697716852,0.5023713385712842,0.0746715613554202,0.007995206587397725,0.00525941573129912,0.008225266084757104,0.012597674642903955,0.013946078919093646,0.015968685333378176,0.01690489967679898,0.01943938847270813,0.02262379534865753,0.03043623244648641,0.040844507539520285,0.058070851458463066,0.08283931256583747,0.12672188357882022,0.18672395670678338,0.29511840605013245,0.4651911675813715,assumed,"1900-02 HLD age pattern, level relative to assumed colonial CDR 28/1000; TFR held at 1800 level"
1700,0.0,0.0,0.0,0.184912,0.450954,0.380567,0.234849,0.120244,0.034129,0.002346,0.0,0.0,0.0,0.0,0.0,0.0,0.0,0.0,0.08885728558426319,0.008465550448665789,0.0053744454799788096,0.008520509106368306,0.013172184332143068,0.014360825068499856,0.016949633467952193,0.01906554178949914,0.02225889542367918,0.026713102914220473,0.0342533029401741,0.04742165294736117,0.06566920541291586,0.09395565966741076,0.140489027333301,0.20483858590719708,0.3259118697716852,0.5023713385712842,0.0746715613554202,0.007995206587397725,0.00525941573129912,0.008225266084757104,0.012597674642903955,0.013946078919093646,0.015968685333378176,0.01690489967679898,0.01943938847270813,0.02262379534865753,0.03043623244648641,0.040844507539520285,0.058070851458463066,0.08283931256583747,0.12672188357882022,0.18672395670678338,0.29511840605013245,0.4651911675813715,assumed,"1900-02 HLD age pattern, level relative to assumed colonial CDR 28/1000; TFR held at 1800 level"
1701,0.0,0.0,0.0,0.184912,0.450954,0.380567,0.234849,0.120244,0.034129,0.002346,0.0,0.0,0.0,0.0,0.0,0.0,0.0,0.0,0.08885728558426319,0.008465550448665789,0.0053744454799788096,0.008520509106368306,0.013172184332143068,0.014360825068499856,0.016949633467952193,0.01906554178949914,0.02225889542367918,0.026713102914220473,0.0342533029401741,0.04742165294736117,0.06566920541291586,0.09395565966741076,0.140489027333301,0.20483858590719708,0.3259118697716852,0.5023713385712842,0.0746715613554202,0.007995206587397725,0.00525941573129912,0.008225266084757104,0.012597674642903955,0.013946078919093646,0.015968685333378176,0.01690489967679898,0.01943938847270813,0.02262379534865753,0.03043623244648641,0.040844507539520285,0.058070851458463066,0.08283931256583747,0.12672188357882022,0.18672395670678338,0.29511840605013245,0.4651911675813715,assumed,"1900-02 HLD age pattern, level relative to assumed colonial CDR 28/1000; TFR held at 1800 level"
1702,0.0,0.0,0.0,0.184912,0.450954,0.380567,0.234849,0.120244,0.034129,0.002346,0.0,0.0,0.0,0.0,0.0,0.0,0.0,0.0,0.08885728558426319,0.008465550448665789,0.0053744454799788096,0.008520509106368306,0.013172184332143068,0.014360825068499856,0.016949633467952193,0.01906554178949914,0.02225889542367918,0.026713102914220473,0.0342533029401741,0.04742165294736117,0.06566920541291586,0.09395565966741076,0.140489027333301,0.20483858590719708,0.3259118697716852,0.5023713385712842,0.0746715613554202,0.007995206587397725,0.00525941573129912,0.008225266084757104,0.012597674642903955,0.013946078919093646,0.015968685333378176,0.01690489967679898,0.01943938847270813,0.02262379534865753,0.03043623244648641,0.040844507539520285,0.058070851458463066,0.08283931256583747,0.12672188357882022,0.18672395670678338,0.29511840605013245,0.4651911675813715,assumed,"1900-02 HLD age pattern, level relative to assumed colonial CDR 28/1000; TFR held at 1800 level"
1703,0.0,0.0,0.0,0.184912,0.450954,0.380567,0.234849,0.120244,0.034129,0.002346,0.0,0.0,0.0,0.0,0.0,0.0,0.0,0.0,0.08885728558426319,0.008465550448665789,0.0053744454799788096,0.008520509106368306,0.013172184332143068,0.014360825068499856,0.016949633467952193,0.01906554178949914,0.02225889542367918,0.026713102914220473,0.0342533029401741,0.04742165294736117,0.06566920541291586,0.09395565966741076,0.140489027333301,0.20483858590719708,0.3259118697716852,0.5023713385712842,0.0746715613554202,0.007995206587397725,0.00525941573129912,0.008225266084757104,0.012597674642903955,0.013946078919093646,0.015968685333378176,0.01690489967679898,0.01943938847270813,0.02262379534865753,0.03043623244648641,0.040844507539520285,0.058070851458463066,0.08283931256583747,0.12672188357882022,0.18672395670678338,0.29511840605013245,0.4651911675813715,assumed,"1900-02 HLD age pattern, level relative to assumed colonial CDR 28/1000; TFR held at 1800 level"
1704,0.0,0.0,0.0,0.184912,0.450954,0.380567,0.234849,0.120244,0.034129,0.002346,0.0,0.0,0.0,0.0,0.0,0.0,0.0,0.0,0.08885728558426319,0.008465550448665789,0.0053744454799788096,0.008520509106368306,0.013172184332143068,0.014360825068499856,0.016949633467952193,0.01906554178949914,0.02225889542367918,0.026713102914220473,0.0342533029401741,0.04742165294736117,0.06566920541291586,0.09395565966741076,0.140489027333301,0.20483858590719708,0.3259118697716852,0.5023713385712842,0.0746715613554202,0.007995206587397725,0.00525941573129912,0.008225266084757104,0.012597674642903955,0.013946078919093646,0.015968685333378176,0.01690489967679898,0.01943938847270813,0.02262379534865753,0.03043623244648641,0.040844507539520285,0.058070851458463066,0.08283931256583747,0.12672188357882022,0.18672395670678338,0.29511840605013245,0.4651911675813715,assumed,"1900-02 HLD age pattern, level relative to assumed colonial CDR 28/1000; TFR held at 1800 level"
1705,0.0,0.0,0.0,0.184912,0.450954,0.380567,0.234849,0.120244,0.034129,0.002346,0.0,0.0,0.0,0.0,0.0,0.0,0.0,0.0,0.08885728558426319,0.008465550448665789,0.0053744454799788096,0.008520509106368306,0.013172184332143068,0.014360825068499856,0.016949633467952193,0.01906554178949914,0.02225889542367918,0.026713102914220473,0.0342533029401741,0.04742165294736117,0.06566920541291586,0.09395565966741076,0.140489027333301,0.20483858590719708,0.3259118697716852,0.5023713385712842,0.0746715613554202,0.007995206587397725,0.00525941573129912,0.008225266084757104,0.012597674642903955,0.013946078919093646,0.015968685333378176,0.01690489967679898,0.01943938847270813,0.02262379534865753,0.03043623244648641,0.040844507539520285,0.058070851458463066,0.08283931256583747,0.12672188357882022,0.18672395670678338,0.29511840605013245,0.4651911675813715,assumed,"1900-02 HLD age pattern, level relative to assumed colonial CDR 28/1000; TFR held at 1800 level"
1706,0.0,0.0,0.0,0.184912,0.450954,0.380567,0.234849,0.120244,0.034129,0.002346,0.0,0.0,0.0,0.0,0.0,0.0,0.0,0.0,0.08885728558426319,0.008465550448665789,0.0053744454799788096,0.008520509106368306,0.013172184332143068,0.014360825068499856,0.016949633467952193,0.01906554178949914,0.02225889542367918,0.026713102914220473,0.0342533029401741,0.04742165294736117,0.06566920541291586,0.09395565966741076,0.140489027333301,0.20483858590719708,0.3259118697716852,0.5023713385712842,0.0746715613554202,0.007995206587397725,0.00525941573129912,0.008225266084757104,0.012597674642903955,0.013946078919093646,0.015968685333378176,0.01690489967679898,0.01943938847270813,0.02262379534865753,0.03043623244648641,0.040844507539520285,0.058070851458463066,0.08283931256583747,0.12672188357882022,0.18672395670678338,0.29511840605013245,0.4651911675813715,assumed,"1900-02 HLD age pattern, level relative to assumed colonial CDR 28/1000; TFR held at 1800 level"
1707,0.0,0.0,0.0,0.184912,0.450954,0.380567,0.234849,0.120244,0.034129,0.002346,0.0,0.0,0.0,0.0,0.0,0.0,0.0,0.0,0.08885728558426319,0.008465550448665789,0.0053744454799788096,0.008520509106368306,0.013172184332143068,0.014360825068499856,0.016949633467952193,0.01906554178949914,0.02225889542367918,0.026713102914220473,0.0342533029401741,0.04742165294736117,0.06566920541291586,0.09395565966741076,0.140489027333301,0.20483858590719708,0.3259118697716852,0.5023713385712842,0.0746715613554202,0.007995206587397725,0.00525941573129912,0.008225266084757104,0.012597674642903955,0.013946078919093646,0.015968685333378176,0.01690489967679898,0.01943938847270813,0.02262379534865753,0.03043623244648641,0.040844507539520285,0.058070851458463066,0.08283931256583747,0.12672188357882022,0.18672395670678338,0.29511840605013245,0.4651911675813715,assumed,"1900-02 HLD age pattern, level relative to assumed colonial CDR 28/1000; TFR held at 1800 level"
1708,0.0,0.0,0.0,0.184912,0.450954,0.380567,0.234849,0.120244,0.034129,0.002346,0.0,0.0,0.0,0.0,0.0,0.0,0.0,0.0,0.08885728558426319,0.008465550448665789,0.0053744454799788096,0.008520509106368306,0.013172184332143068,0.014360825068499856,0.016949633467952193,0.01906554178949914,0.02225889542367918,0.026713102914220473,0.0342533029401741,0.04742165294736117,0.06566920541291586,0.09395565966741076,0.140489027333301,0.20483858590719708,0.3259118697716852,0.5023713385712842,0.0746715613554202,0.007995206587397725,0.00525941573129912,0.008225266084757104,0.012597674642903955,0.013946078919093646,0.015968685333378176,0.01690489967679898,0.01943938847270813,0.02262379534865753,0.03043623244648641,0.040844507539520285,0.058070851458463066,0.08283931256583747,0.12672188357882022,0.18672395670678338,0.29511840605013245,0.4651911675813715,assumed,"1900-02 HLD age pattern, level relative to assumed colonial CDR 28/1000; TFR held at 1800 level"
1709,0.0,0.0,0.0,0.184912,0.450954,0.380567,0.234849,0.120244,0.034129,0.002346,0.0,0.0,0.0,0.0,0.0,0.0,0.0,0.0,0.08885728558426319,0.008465550448665789,0.0053744454799788096,0.008520509106368306,0.013172184332143068,0.014360825068499856,0.016949633467952193,0.01906554178949914,0.02225889542367918,0.026713102914220473,0.0342533029401741,0.04742165294736117,0.06566920541291586,0.09395565966741076,0.140489027333301,0.20483858590719708,0.3259118697716852,0.5023713385712842,0.0746715613554202,0.007995206587397725,0.00525941573129912,0.008225266084757104,0.012597674642903955,0.013946078919093646,0.015968685333378176,0.01690489967679898,0.01943938847270813,0.02262379534865753,0.03043623244648641,0.040844507539520285,0.058070851458463066,0.08283931256583747,0.12672188357882022,0.18672395670678338,0.29511840605013245,0.4651911675813715,assumed,"1900-02 HLD age pattern, level relative to assumed colonial CDR 28/1000; TFR held at 1800 level"
1710,0.0,0.0,0.0,0.184912,0.450954,0.380567,0.234849,0.120244,0.034129,0.002346,0.0,0.0,0.0,0.0,0.0,0.0,0.0,0.0,0.08885728558426319,0.008465550448665789,0.0053744454799788096,0.008520509106368306,0.013172184332143068,0.014360825068499856,0.016949633467952193,0.01906554178949914,0.02225889542367918,0.026713102914220473,0.0342533029401741,0.04742165294736117,0.06566920541291586,0.09395565966741076,0.140489027333301,0.20483858590719708,0.3259118697716852,0.5023713385712842,0.0746715613554202,0.007995206587397725,0.00525941573129912,0.008225266084757104,0.012597674642903955,0.013946078919093646,0.015968685333378176,0.01690489967679898,0.01943938847270813,0.02262379534865753,0.03043623244648641,0.040844507539520285,0.058070851458463066,0.08283931256583747,0.12672188357882022,0.18672395670678338,0.29511840605013245,0.4651911675813715,assumed,"1900-02 HLD age pattern, level relative to assumed colonial CDR 28/1000; TFR held at 1800 level"
1711,0.0,0.0,0.0,0.184912,0.450954,0.380567,0.234849,0.120244,0.034129,0.002346,0.0,0.0,0.0,0.0,0.0,0.0,0.0,0.0,0.08885728558426319,0.008465550448665789,0.0053744454799788096,0.008520509106368306,0.013172184332143068,0.014360825068499856,0.016949633467952193,0.01906554178949914,0.02225889542367918,0.026713102914220473,0.0342533029401741,0.04742165294736117,0.06566920541291586,0.09395565966741076,0.140489027333301,0.20483858590719708,0.3259118697716852,0.5023713385712842,0.0746715613554202,0.007995206587397725,0.00525941573129912,0.008225266084757104,0.012597674642903955,0.013946078919093646,0.015968685333378176,0.01690489967679898,0.01943938847270813,0.02262379534865753,0.03043623244648641,0.040844507539520285,0.058070851458463066,0.08283931256583747,0.12672188357882022,0.18672395670678338,0.29511840605013245,0.4651911675813715,assumed,"1900-02 HLD age pattern, level relative to assumed colonial CDR 28/1000; TFR held at 1800 level"
1712,0.0,0.0,0.0,0.184912,0.450954,0.380567,0.234849,0.120244,0.034129,0.002346,0.0,0.0,0.0,0.0,0.0,0.0,0.0,0.0,0.08885728558426319,0.008465550448665789,0.0053744454799788096,0.008520509106368306,0.013172184332143068,0.014360825068499856,0.016949633467952193,0.01906554178949914,0.02225889542367918,0.026713102914220473,0.0342533029401741,0.04742165294736117,0.06566920541291586,0.09395565966741076,0.140489027333301,0.20483858590719708,0.3259118697716852,0.5023713385712842,0.0746715613554202,0.007995206587397725,0.00525941573129912,0.008225266084757104,0.012597674642903955,0.013946078919093646,0.015968685333378176,0.01690489967679898,0.01943938847270813,0.02262379534865753,0.03043623244648641,0.040844507539520285,0.058070851458463066,0.08283931256583747,0.12672188357882022,0.18672395670678338,0.29511840605013245,0.4651911675813715,assumed,"1900-02 HLD age pattern, level relative to assumed colonial CDR 28/1000; TFR held at 1800 level"
1713,0.0,0.0,0.0,0.184912,0.450954,0.380567,0.234849,0.120244,0.034129,0.002346,0.0,0.0,0.0,0.0,0.0,0.0,0.0,0.0,0.08885728558426319,0.008465550448665789,0.0053744454799788096,0.008520509106368306,0.013172184332143068,0.014360825068499856,0.016949633467952193,0.01906554178949914,0.02225889542367918,0.026713102914220473,0.0342533029401741,0.04742165294736117,0.06566920541291586,0.09395565966741076,0.140489027333301,0.20483858590719708,0.3259118697716852,0.5023713385712842,0.0746715613554202,0.007995206587397725,0.00525941573129912,0.008225266084757104,0.012597674642903955,0.013946078919093646,0.015968685333378176,0.01690489967679898,0.01943938847270813,0.02262379534865753,0.03043623244648641,0.040844507539520285,0.058070851458463066,0.08283931256583747,0.12672188357882022,0.18672395670678338,0.29511840605013245,0.4651911675813715,assumed,"1900-02 HLD age pattern, level relative to assumed colonial CDR 28/1000; TFR held at 1800 level"
1714,0.0,0.0,0.0,0.184912,0.450954,0.380567,0.234849,0.120244,0.034129,0.002346,0.0,0.0,0.0,0.0,0.0,0.0,0.0,0.0,0.08885728558426319,0.008465550448665789,0.0053744454799788096,0.008520509106368306,0.013172184332143068,0.014360825068499856,0.016949633467952193,0.01906554178949914,0.02225889542367918,0.026713102914220473,0.0342533029401741,0.04742165294736117,0.06566920541291586,0.09395565966741076,0.140489027333301,0.20483858590719708,0.3259118697716852,0.5023713385712842,0.0746715613554202,0.007995206587397725,0.00525941573129912,0.008225266084757104,0.012597674642903955,0.013946078919093646,0.015968685333378176,0.01690489967679898,0.01943938847270813,0.02262379534865753,0.03043623244648641,0.040844507539520285,0.058070851458463066,0.08283931256583747,0.12672188357882022,0.18672395670678338,0.29511840605013245,0.4651911675813715,assumed,"1900-02 HLD age pattern, level relative to assumed colonial CDR 28/1000; TFR held at 1800 level"
1715,0.0,0.0,0.0,0.184912,0.450954,0.380567,0.234849,0.120244,0.034129,0.002346,0.0,0.0,0.0,0.0,0.0,0.0,0.0,0.0,0.08885728558426319,0.008465550448665789,0.0053744454799788096,0.008520509106368306,0.013172184332143068,0.014360825068499856,0.016949633467952193,0.01906554178949914,0.02225889542367918,0.026713102914220473,0.0342533029401741,0.04742165294736117,0.06566920541291586,0.09395565966741076,0.140489027333301,0.20483858590719708,0.3259118697716852,0.5023713385712842,0.0746715613554202,0.007995206587397725,0.00525941573129912,0.008225266084757104,0.012597674642903955,0.013946078919093646,0.015968685333378176,0.01690489967679898,0.01943938847270813,0.02262379534865753,0.03043623244648641,0.040844507539520285,0.058070851458463066,0.08283931256583747,0.12672188357882022,0.18672395670678338,0.29511840605013245,0.4651911675813715,assumed,"1900-02 HLD age pattern, level relative to assumed colonial CDR 28/1000; TFR held at 1800 level"
1716,0.0,0.0,0.0,0.184912,0.450954,0.380567,0.234849,0.120244,0.034129,0.002346,0.0,0.0,0.0,0.0,0.0,0.0,0.0,0.0,0.08885728558426319,0.008465550448665789,0.0053744454799788096,0.008520509106368306,0.013172184332143068,0.014360825068499856,0.016949633467952193,0.01906554178949914,0.02225889542367918,0.026713102914220473,0.0342533029401741,0.04742165294736117,0.06566920541291586,0.09395565966741076,0.140489027333301,0.20483858590719708,0.3259118697716852,0.5023713385712842,0.0746715613554202,0.007995206587397725,0.00525941573129912,0.008225266084757104,0.012597674642903955,0.013946078919093646,0.015968685333378176,0.01690489967679898,0.01943938847270813,0.02262379534865753,0.03043623244648641,0.040844507539520285,0.058070851458463066,0.08283931256583747,0.12672188357882022,0.18672395670678338,0.29511840605013245,0.4651911675813715,assumed,"1900-02 HLD age pattern, level relative to assumed colonial CDR 28/1000; TFR held at 1800 level"
1717,0.0,0.0,0.0,0.184912,0.450954,0.380567,0.234849,0.120244,0.034129,0.002346,0.0,0.0,0.0,0.0,0.0,0.0,0.0,0.0,0.08885728558426319,0.008465550448665789,0.0053744454799788096,0.008520509106368306,0.013172184332143068,0.014360825068499856,0.016949633467952193,0.01906554178949914,0.02225889542367918,0.026713102914220473,0.0342533029401741,0.04742165294736117,0.06566920541291586,0.09395565966741076,0.140489027333301,0.20483858590719708,0.3259118697716852,0.5023713385712842,0.0746715613554202,0.007995206587397725,0.00525941573129912,0.008225266084757104,0.012597674642903955,0.013946078919093646,0.015968685333378176,0.01690489967679898,0.01943938847270813,0.02262379534865753,0.03043623244648641,0.040844507539520285,0.058070851458463066,0.08283931256583747,0.12672188357882022,0.18672395670678338,0.29511840605013245,0.4651911675813715,assumed,"1900-02 HLD age pattern, level relative to assumed colonial CDR 28/1000; TFR held at 1800 level"
1718,0.0,0.0,0.0,0.184912,0.450954,0.380567,0.234849,0.120244,0.034129,0.002346,0.0,0.0,0.0,0.0,0.0,0.0,0.0,0.0,0.08885728558426319,0.008465550448665789,0.0053744454799788096,0.008520509106368306,0.013172184332143068,0.014360825068499856,0.016949633467952193,0.01906554178949914,0.02225889542367918,0.026713102914220473,0.0342533029401741,0.04742165294736117,0.06566920541291586,0.09395565966741076,0.140489027333301,0.20483858590719708,0.3259118697716852,0.5023713385712842,0.0746715613554202,0.007995206587397725,0.00525941573129912,0.008225266084757104,0.012597674642903955,0.013946078919093646,0.015968685333378176,0.01690489967679898,0.01943938847270813,0.02262379534865753,0.03043623244648641,0.040844507539520285,0.058070851458463066,0.08283931256583747,0.12672188357882022,0.18672395670678338,0.29511840605013245,0.4651911675813715,assumed,"1900-02 HLD age pattern, level relative to assumed colonial CDR 28/1000; TFR held at 1800 level"
1719,0.0,0.0,0.0,0.184912,0.450954,0.380567,0.234849,0.120244,0.034129,0.002346,0.0,0.0,0.0,0.0,0.0,0.0,0.0,0.0,0.08885728558426319,0.008465550448665789,0.0053744454799788096,0.008520509106368306,0.013172184332143068,0.014360825068499856,0.016949633467952193,0.01906554178949914,0.02225889542367918,0.026713102914220473,0.0342533029401741,0.04742165294736117,0.06566920541291586,0.09395565966741076,0.140489027333301,0.20483858590719708,0.3259118697716852,0.5023713385712842,0.0746715613554202,0.007995206587397725,0.00525941573129912,0.008225266084757104,0.012597674642903955,0.013946078919093646,0.015968685333378176,0.01690489967679898,0.01943938847270813,0.02262379534865753,0.03043623244648641,0.040844507539520285,0.058070851458463066,0.08283931256583747,0.12672188357882022,0.18672395670678338,0.29511840605013245,0.4651911675813715,assumed,"1900-02 HLD age pattern, level relative to assumed colonial CDR 28/1000; TFR held at 1800 level"
1720,0.0,0.0,0.0,0.184912,0.450954,0.380567,0.234849,0.120244,0.034129,0.002346,0.0,0.0,0.0,0.0,0.0,0.0,0.0,0.0,0.08885728558426319,0.008465550448665789,0.0053744454799788096,0.008520509106368306,0.013172184332143068,0.014360825068499856,0.016949633467952193,0.01906554178949914,0.02225889542367918,0.026713102914220473,0.0342533029401741,0.04742165294736117,0.06566920541291586,0.09395565966741076,0.140489027333301,0.20483858590719708,0.3259118697716852,0.5023713385712842,0.0746715613554202,0.007995206587397725,0.00525941573129912,0.008225266084757104,0.012597674642903955,0.013946078919093646,0.015968685333378176,0.01690489967679898,0.01943938847270813,0.02262379534865753,0.03043623244648641,0.040844507539520285,0.058070851458463066,0.08283931256583747,0.12672188357882022,0.18672395670678338,0.29511840605013245,0.4651911675813715,assumed,"1900-02 HLD age pattern, level relative to assumed colonial CDR 28/1000; TFR held at 1800 level"
1721,0.0,0.0,0.0,0.184912,0.450954,0.380567,0.234849,0.120244,0.034129,0.002346,0.0,0.0,0.0,0.0,0.0,0.0,0.0,0.0,0.08885728558426319,0.008465550448665789,0.0053744454799788096,0.008520509106368306,0.013172184332143068,0.014360825068499856,0.016949633467952193,0.01906554178949914,0.02225889542367918,0.026713102914220473,0.0342533029401741,0.04742165294736117,0.06566920541291586,0.09395565966741076,0.140489027333301,0.20483858590719708,0.3259118697716852,0.5023713385712842,0.0746715613554202,0.007995206587397725,0.00525941573129912,0.008225266084757104,0.012597674642903955,0.013946078919093646,0.015968685333378176,0.01690489967679898,0.01943938847270813,0.02262379534865753,0.03043623244648641,0.040844507539520285,0.058070851458463066,0.08283931256583747,0.12672188357882022,0.18672395670678338,0.29511840605013245,0.4651911675813715,assumed,"1900-02 HLD age pattern, level relative to assumed colonial CDR 28/1000; TFR held at 1800 level"
1722,0.0,0.0,0.0,0.184912,0.450954,0.380567,0.234849,0.120244,0.034129,0.002346,0.0,0.0,0.0,0.0,0.0,0.0,0.0,0.0,0.08885728558426319,0.008465550448665789,0.0053744454799788096,0.008520509106368306,0.013172184332143068,0.014360825068499856,0.016949633467952193,0.01906554178949914,0.02225889542367918,0.026713102914220473,0.0342533029401741,0.04742165294736117,0.06566920541291586,0.09395565966741076,0.140489027333301,0.20483858590719708,0.3259118697716852,0.5023713385712842,0.0746715613554202,0.007995206587397725,0.00525941573129912,0.008225266084757104,0.012597674642903955,0.013946078919093646,0.015968685333378176,0.01690489967679898,0.01943938847270813,0.02262379534865753,0.03043623244648641,0.040844507539520285,0.058070851458463066,0.08283931256583747,0.12672188357882022,0.18672395670678338,0.29511840605013245,0.4651911675813715,assumed,"1900-02 HLD age pattern, level relative to assumed colonial CDR 28/1000; TFR held at 1800 level"
1723,0.0,0.0,0.0,0.184912,0.450954,0.380567,0.234849,0.120244,0.034129,0.002346,0.0,0.0,0.0,0.0,0.0,0.0,0.0,0.0,0.08885728558426319,0.008465550448665789,0.0053744454799788096,0.008520509106368306,0.013172184332143068,0.014360825068499856,0.016949633467952193,0.01906554178949914,0.02225889542367918,0.026713102914220473,0.0342533029401741,0.04742165294736117,0.06566920541291586,0.09395565966741076,0.140489027333301,0.20483858590719708,0.3259118697716852,0.5023713385712842,0.0746715613554202,0.007995206587397725,0.00525941573129912,0.008225266084757104,0.012597674642903955,0.013946078919093646,0.015968685333378176,0.01690489967679898,0.01943938847270813,0.02262379534865753,0.03043623244648641,0.040844507539520285,0.058070851458463066,0.08283931256583747,0.12672188357882022,0.18672395670678338,0.29511840605013245,0.4651911675813715,assumed,"1900-02 HLD age pattern, level relative to assumed colonial CDR 28/1000; TFR held at 1800 level"
1724,0.0,0.0,0.0,0.184912,0.450954,0.380567,0.234849,0.120244,0.034129,0.002346,0.0,0.0,0.0,0.0,0.0,0.0,0.0,0.0,0.08885728558426319,0.008465550448665789,0.0053744454799788096,0.008520509106368306,0.013172184332143068,0.014360825068499856,0.016949633467952193,0.01906554178949914,0.02225889542367918,0.026713102914220473,0.0342533029401741,0.04742165294736117,0.06566920541291586,0.09395565966741076,0.140489027333301,0.20483858590719708,0.3259118697716852,0.5023713385712842,0.0746715613554202,0.007995206587397725,0.00525941573129912,0.008225266084757104,0.012597674642903955,0.013946078919093646,0.015968685333378176,0.01690489967679898,0.01943938847270813,0.02262379534865753,0.03043623244648641,0.040844507539520285,0.058070851458463066,0.08283931256583747,0.12672188357882022,0.18672395670678338,0.29511840605013245,0.4651911675813715,assumed,"1900-02 HLD age pattern, level relative to assumed colonial CDR 28/1000; TFR held at 1800 level"
1725,0.0,0.0,0.0,0.184912,0.450954,0.380567,0.234849,0.120244,0.034129,0.002346,0.0,0.0,0.0,0.0,0.0,0.0,0.0,0.0,0.08885728558426319,0.008465550448665789,0.0053744454799788096,0.008520509106368306,0.013172184332143068,0.014360825068499856,0.016949633467952193,0.01906554178949914,0.02225889542367918,0.026713102914220473,0.0342533029401741,0.04742165294736117,0.06566920541291586,0.09395565966741076,0.140489027333301,0.20483858590719708,0.3259118697716852,0.5023713385712842,0.0746715613554202,0.007995206587397725,0.00525941573129912,0.008225266084757104,0.012597674642903955,0.013946078919093646,0.015968685333378176,0.01690489967679898,0.01943938847270813,0.02262379534865753,0.03043623244648641,0.040844507539520285,0.058070851458463066,0.08283931256583747,0.12672188357882022,0.18672395670678338,0.29511840605013245,0.4651911675813715,assumed,"1900-02 HLD age pattern, level relative to assumed colonial CDR 28/1000; TFR held at 1800 level"
1726,0.0,0.0,0.0,0.184912,0.450954,0.380567,0.234849,0.120244,0.034129,0.002346,0.0,0.0,0.0,0.0,0.0,0.0,0.0,0.0,0.08885728558426319,0.008465550448665789,0.0053744454799788096,0.008520509106368306,0.013172184332143068,0.014360825068499856,0.016949633467952193,0.01906554178949914,0.02225889542367918,0.026713102914220473,0.0342533029401741,0.04742165294736117,0.06566920541291586,0.09395565966741076,0.140489027333301,0.20483858590719708,0.3259118697716852,0.5023713385712842,0.0746715613554202,0.007995206587397725,0.00525941573129912,0.008225266084757104,0.012597674642903955,0.013946078919093646,0.015968685333378176,0.01690489967679898,0.01943938847270813,0.02262379534865753,0.03043623244648641,0.040844507539520285,0.058070851458463066,0.08283931256583747,0.12672188357882022,0.18672395670678338,0.29511840605013245,0.4651911675813715,assumed,"1900-02 HLD age pattern, level relative to assumed colonial CDR 28/1000; TFR held at 1800 level"
1727,0.0,0.0,0.0,0.184912,0.450954,0.380567,0.234849,0.120244,0.034129,0.002346,0.0,0.0,0.0,0.0,0.0,0.0,0.0,0.0,0.08885728558426319,0.008465550448665789,0.0053744454799788096,0.008520509106368306,0.013172184332143068,0.014360825068499856,0.016949633467952193,0.01906554178949914,0.02225889542367918,0.026713102914220473,0.0342533029401741,0.04742165294736117,0.06566920541291586,0.09395565966741076,0.140489027333301,0.20483858590719708,0.3259118697716852,0.5023713385712842,0.0746715613554202,0.007995206587397725,0.00525941573129912,0.008225266084757104,0.012597674642903955,0.013946078919093646,0.015968685333378176,0.01690489967679898,0.01943938847270813,0.02262379534865753,0.03043623244648641,0.040844507539520285,0.058070851458463066,0.08283931256583747,0.12672188357882022,0.18672395670678338,0.29511840605013245,0.4651911675813715,assumed,"1900-02 HLD age pattern, level relative to assumed colonial CDR 28/1000; TFR held at 1800 level"
1728,0.0,0.0,0.0,0.184912,0.450954,0.380567,0.234849,0.120244,0.034129,0.002346,0.0,0.0,0.0,0.0,0.0,0.0,0.0,0.0,0.08885728558426319,0.008465550448665789,0.0053744454799788096,0.008520509106368306,0.013172184332143068,0.014360825068499856,0.016949633467952193,0.01906554178949914,0.02225889542367918,0.026713102914220473,0.0342533029401741,0.04742165294736117,0.06566920541291586,0.09395565966741076,0.140489027333301,0.20483858590719708,0.3259118697716852,0.5023713385712842,0.0746715613554202,0.007995206587397725,0.00525941573129912,0.008225266084757104,0.012597674642903955,0.013946078919093646,0.015968685333378176,0.01690489967679898,0.01943938847270813,0.02262379534865753,0.03043623244648641,0.040844507539520285,0.058070851458463066,0.08283931256583747,0.12672188357882022,0.18672395670678338,0.29511840605013245,0.4651911675813715,assumed,"1900-02 HLD age pattern, level relative to assumed colonial CDR 28/1000; TFR held at 1800 level"
1729,0.0,0.0,0.0,0.184912,0.450954,0.380567,0.234849,0.120244,0.034129,0.002346,0.0,0.0,0.0,0.0,0.0,0.0,0.0,0.0,0.08885728558426319,0.008465550448665789,0.0053744454799788096,0.008520509106368306,0.013172184332143068,0.014360825068499856,0.016949633467952193,0.01906554178949914,0.02225889542367918,0.026713102914220473,0.0342533029401741,0.04742165294736117,0.06566920541291586,0.09395565966741076,0.140489027333301,0.20483858590719708,0.3259118697716852,0.5023713385712842,0.0746715613554202,0.007995206587397725,0.00525941573129912,0.008225266084757104,0.012597674642903955,0.013946078919093646,0.015968685333378176,0.01690489967679898,0.01943938847270813,0.02262379534865753,0.03043623244648641,0.040844507539520285,0.058070851458463066,0.08283931256583747,0.12672188357882022,0.18672395670678338,0.29511840605013245,0.4651911675813715,assumed,"1900-02 HLD age pattern, level relative to assumed colonial CDR 28/1000; TFR held at 1800 level"
1730,0.0,0.0,0.0,0.184912,0.450954,0.380567,0.234849,0.120244,0.034129,0.002346,0.0,0.0,0.0,0.0,0.0,0.0,0.0,0.0,0.08885728558426319,0.008465550448665789,0.0053744454799788096,0.008520509106368306,0.013172184332143068,0.014360825068499856,0.016949633467952193,0.01906554178949914,0.02225889542367918,0.026713102914220473,0.0342533029401741,0.04742165294736117,0.06566920541291586,0.09395565966741076,0.140489027333301,0.20483858590719708,0.3259118697716852,0.5023713385712842,0.0746715613554202,0.007995206587397725,0.00525941573129912,0.008225266084757104,0.012597674642903955,0.013946078919093646,0.015968685333378176,0.01690489967679898,0.01943938847270813,0.02262379534865753,0.03043623244648641,0.040844507539520285,0.058070851458463066,0.08283931256583747,0.12672188357882022,0.18672395670678338,0.29511840605013245,0.4651911675813715,assumed,"1900-02 HLD age pattern, level relative to assumed colonial CDR 28/1000; TFR held at 1800 level"
1731,0.0,0.0,0.0,0.184912,0.450954,0.380567,0.234849,0.120244,0.034129,0.002346,0.0,0.0,0.0,0.0,0.0,0.0,0.0,0.0,0.08885728558426319,0.008465550448665789,0.0053744454799788096,0.008520509106368306,0.013172184332143068,0.014360825068499856,0.016949633467952193,0.01906554178949914,0.02225889542367918,0.026713102914220473,0.0342533029401741,0.04742165294736117,0.06566920541291586,0.09395565966741076,0.140489027333301,0.20483858590719708,0.3259118697716852,0.5023713385712842,0.0746715613554202,0.007995206587397725,0.00525941573129912,0.008225266084757104,0.012597674642903955,0.013946078919093646,0.015968685333378176,0.01690489967679898,0.01943938847270813,0.02262379534865753,0.03043623244648641,0.040844507539520285,0.058070851458463066,0.08283931256583747,0.12672188357882022,0.18672395670678338,0.29511840605013245,0.4651911675813715,assumed,"1900-02 HLD age pattern, level relative to assumed colonial CDR 28/1000; TFR held at 1800 level"
1732,0.0,0.0,0.0,0.184912,0.450954,0.380567,0.234849,0.120244,0.034129,0.002346,0.0,0.0,0.0,0.0,0.0,0.0,0.0,0.0,0.08885728558426319,0.008465550448665789,0.0053744454799788096,0.008520509106368306,0.013172184332143068,0.014360825068499856,0.016949633467952193,0.01906554178949914,0.02225889542367918,0.026713102914220473,0.0342533029401741,0.04742165294736117,0.06566920541291586,0.09395565966741076,0.140489027333301,0.20483858590719708,0.3259118697716852,0.5023713385712842,0.0746715613554202,0.007995206587397725,0.00525941573129912,0.008225266084757104,0.012597674642903955,0.013946078919093646,0.015968685333378176,0.01690489967679898,0.01943938847270813,0.02262379534865753,0.03043623244648641,0.040844507539520285,0.058070851458463066,0.08283931256583747,0.12672188357882022,0.18672395670678338,0.29511840605013245,0.4651911675813715,assumed,"1900-02 HLD age pattern, level relative to assumed colonial CDR 28/1000; TFR held at 1800 level"
1733,0.0,0.0,0.0,0.184912,0.450954,0.380567,0.234849,0.120244,0.034129,0.002346,0.0,0.0,0.0,0.0,0.0,0.0,0.0,0.0,0.08885728558426319,0.008465550448665789,0.0053744454799788096,0.008520509106368306,0.013172184332143068,0.014360825068499856,0.016949633467952193,0.01906554178949914,0.02225889542367918,0.026713102914220473,0.0342533029401741,0.04742165294736117,0.06566920541291586,0.09395565966741076,0.140489027333301,0.20483858590719708,0.3259118697716852,0.5023713385712842,0.0746715613554202,0.007995206587397725,0.00525941573129912,0.008225266084757104,0.012597674642903955,0.013946078919093646,0.015968685333378176,0.01690489967679898,0.01943938847270813,0.02262379534865753,0.03043623244648641,0.040844507539520285,0.058070851458463066,0.08283931256583747,0.12672188357882022,0.18672395670678338,0.29511840605013245,0.4651911675813715,assumed,"1900-02 HLD age pattern, level relative to assumed colonial CDR 28/1000; TFR held at 1800 level"
1734,0.0,0.0,0.0,0.184912,0.450954,0.380567,0.234849,0.120244,0.034129,0.002346,0.0,0.0,0.0,0.0,0.0,0.0,0.0,0.0,0.08885728558426319,0.008465550448665789,0.0053744454799788096,0.008520509106368306,0.013172184332143068,0.014360825068499856,0.016949633467952193,0.01906554178949914,0.02225889542367918,0.026713102914220473,0.0342533029401741,0.04742165294736117,0.06566920541291586,0.09395565966741076,0.140489027333301,0.20483858590719708,0.3259118697716852,0.5023713385712842,0.0746715613554202,0.007995206587397725,0.00525941573129912,0.008225266084757104,0.012597674642903955,0.013946078919093646,0.015968685333378176,0.01690489967679898,0.01943938847270813,0.02262379534865753,0.03043623244648641,0.040844507539520285,0.058070851458463066,0.08283931256583747,0.12672188357882022,0.18672395670678338,0.29511840605013245,0.4651911675813715,assumed,"1900-02 HLD age pattern, level relative to assumed colonial CDR 28/1000; TFR held at 1800 level"
1735,0.0,0.0,0.0,0.184912,0.450954,0.380567,0.234849,0.120244,0.034129,0.002346,0.0,0.0,0.0,0.0,0.0,0.0,0.0,0.0,0.08885728558426319,0.008465550448665789,0.0053744454799788096,0.008520509106368306,0.013172184332143068,0.014360825068499856,0.016949633467952193,0.01906554178949914,0.02225889542367918,0.026713102914220473,0.0342533029401741,0.04742165294736117,0.06566920541291586,0.09395565966741076,0.140489027333301,0.20483858590719708,0.3259118697716852,0.5023713385712842,0.0746715613554202,0.007995206587397725,0.00525941573129912,0.008225266084757104,0.012597674642903955,0.013946078919093646,0.015968685333378176,0.01690489967679898,0.01943938847270813,0.02262379534865753,0.03043623244648641,0.040844507539520285,0.058070851458463066,0.08283931256583747,0.12672188357882022,0.18672395670678338,0.29511840605013245,0.4651911675813715,assumed,"1900-02 HLD age pattern, level relative to assumed colonial CDR 28/1000; TFR held at 1800 level"
1736,0.0,0.0,0.0,0.184912,0.450954,0.380567,0.234849,0.120244,0.034129,0.002346,0.0,0.0,0.0,0.0,0.0,0.0,0.0,0.0,0.08885728558426319,0.008465550448665789,0.0053744454799788096,0.008520509106368306,0.013172184332143068,0.014360825068499856,0.016949633467952193,0.01906554178949914,0.02225889542367918,0.026713102914220473,0.0342533029401741,0.04742165294736117,0.06566920541291586,0.09395565966741076,0.140489027333301,0.20483858590719708,0.3259118697716852,0.5023713385712842,0.0746715613554202,0.007995206587397725,0.00525941573129912,0.008225266084757104,0.012597674642903955,0.013946078919093646,0.015968685333378176,0.01690489967679898,0.01943938847270813,0.02262379534865753,0.03043623244648641,0.040844507539520285,0.058070851458463066,0.08283931256583747,0.12672188357882022,0.18672395670678338,0.29511840605013245,0.4651911675813715,assumed,"1900-02 HLD age pattern, level relative to assumed colonial CDR 28/1000; TFR held at 1800 level"
1737,0.0,0.0,0.0,0.184912,0.450954,0.380567,0.234849,0.120244,0.034129,0.002346,0.0,0.0,0.0,0.0,0.0,0.0,0.0,0.0,0.08885728558426319,0.008465550448665789,0.0053744454799788096,0.008520509106368306,0.013172184332143068,0.014360825068499856,0.016949633467952193,0.01906554178949914,0.02225889542367918,0.026713102914220473,0.0342533029401741,0.04742165294736117,0.06566920541291586,0.09395565966741076,0.140489027333301,0.20483858590719708,0.3259118697716852,0.5023713385712842,0.0746715613554202,0.007995206587397725,0.00525941573129912,0.008225266084757104,0.012597674642903955,0.013946078919093646,0.015968685333378176,0.01690489967679898,0.01943938847270813,0.02262379534865753,0.03043623244648641,0.040844507539520285,0.058070851458463066,0.08283931256583747,0.12672188357882022,0.18672395670678338,0.29511840605013245,0.4651911675813715,assumed,"1900-02 HLD age pattern, level relative to assumed colonial CDR 28/1000; TFR held at 1800 level"
1738,0.0,0.0,0.0,0.184912,0.450954,0.380567,0.234849,0.120244,0.034129,0.002346,0.0,0.0,0.0,0.0,0.0,0.0,0.0,0.0,0.08885728558426319,0.008465550448665789,0.0053744454799788096,0.008520509106368306,0.013172184332143068,0.014360825068499856,0.016949633467952193,0.01906554178949914,0.02225889542367918,0.026713102914220473,0.0342533029401741,0.04742165294736117,0.06566920541291586,0.09395565966741076,0.140489027333301,0.20483858590719708,0.3259118697716852,0.5023713385712842,0.0746715613554202,0.007995206587397725,0.00525941573129912,0.008225266084757104,0.012597674642903955,0.013946078919093646,0.015968685333378176,0.01690489967679898,0.01943938847270813,0.02262379534865753,0.03043623244648641,0.040844507539520285,0.058070851458463066,0.08283931256583747,0.12672188357882022,0.18672395670678338,0.29511840605013245,0.4651911675813715,assumed,"1900-02 HLD age pattern, level relative to assumed colonial CDR 28/1000; TFR held at 1800 level"
1739,0.0,0.0,0.0,0.184912,0.450954,0.380567,0.234849,0.120244,0.034129,0.002346,0.0,0.0,0.0,0.0,0.0,0.0,0.0,0.0,0.08885728558426319,0.008465550448665789,0.0053744454799788096,0.008520509106368306,0.013172184332143068,0.014360825068499856,0.016949633467952193,0.01906554178949914,0.02225889542367918,0.026713102914220473,0.0342533029401741,0.04742165294736117,0.06566920541291586,0.09395565966741076,0.140489027333301,0.20483858590719708,0.3259118697716852,0.5023713385712842,0.0746715613554202,0.007995206587397725,0.00525941573129912,0.008225266084757104,0.012597674642903955,0.013946078919093646,0.015968685333378176,0.01690489967679898,0.01943938847270813,0.02262379534865753,0.03043623244648641,0.040844507539520285,0.058070851458463066,0.08283931256583747,0.12672188357882022,0.18672395670678338,0.29511840605013245,0.4651911675813715,assumed,"1900-02 HLD age pattern, level relative to assumed colonial CDR 28/1000; TFR held at 1800 level"
1740,0.0,0.0,0.0,0.184912,0.450954,0.380567,0.234849,0.120244,0.034129,0.002346,0.0,0.0,0.0,0.0,0.0,0.0,0.0,0.0,0.08885728558426319,0.008465550448665789,0.0053744454799788096,0.008520509106368306,0.013172184332143068,0.014360825068499856,0.016949633467952193,0.01906554178949914,0.02225889542367918,0.026713102914220473,0.0342533029401741,0.04742165294736117,0.06566920541291586,0.09395565966741076,0.140489027333301,0.20483858590719708,0.3259118697716852,0.5023713385712842,0.0746715613554202,0.007995206587397725,0.00525941573129912,0.008225266084757104,0.012597674642903955,0.013946078919093646,0.015968685333378176,0.01690489967679898,0.01943938847270813,0.02262379534865753,0.03043623244648641,0.040844507539520285,0.058070851458463066,0.08283931256583747,0.12672188357882022,0.18672395670678338,0.29511840605013245,0.4651911675813715,assumed,"1900-02 HLD age pattern, level relative to assumed colonial CDR 28/1000; TFR held at 1800 level"
1741,0.0,0.0,0.0,0.184912,0.450954,0.380567,0.234849,0.120244,0.034129,0.002346,0.0,0.0,0.0,0.0,0.0,0.0,0.0,0.0,0.08885728558426319,0.008465550448665789,0.0053744454799788096,0.008520509106368306,0.013172184332143068,0.014360825068499856,0.016949633467952193,0.01906554178949914,0.02225889542367918,0.026713102914220473,0.0342533029401741,0.04742165294736117,0.06566920541291586,0.09395565966741076,0.140489027333301,0.20483858590719708,0.3259118697716852,0.5023713385712842,0.0746715613554202,0.007995206587397725,0.00525941573129912,0.008225266084757104,0.012597674642903955,0.013946078919093646,0.015968685333378176,0.01690489967679898,0.01943938847270813,0.02262379534865753,0.03043623244648641,0.040844507539520285,0.058070851458463066,0.08283931256583747,0.12672188357882022,0.18672395670678338,0.29511840605013245,0.4651911675813715,assumed,"1900-02 HLD age pattern, level relative to assumed colonial CDR 28/1000; TFR held at 1800 level"
1742,0.0,0.0,0.0,0.184912,0.450954,0.380567,0.234849,0.120244,0.034129,0.002346,0.0,0.0,0.0,0.0,0.0,0.0,0.0,0.0,0.08885728558426319,0.008465550448665789,0.0053744454799788096,0.008520509106368306,0.013172184332143068,0.014360825068499856,0.016949633467952193,0.01906554178949914,0.02225889542367918,0.026713102914220473,0.0342533029401741,0.04742165294736117,0.06566920541291586,0.09395565966741076,0.140489027333301,0.20483858590719708,0.3259118697716852,0.5023713385712842,0.0746715613554202,0.007995206587397725,0.00525941573129912,0.008225266084757104,0.012597674642903955,0.013946078919093646,0.015968685333378176,0.01690489967679898,0.01943938847270813,0.02262379534865753,0.03043623244648641,0.040844507539520285,0.058070851458463066,0.08283931256583747,0.12672188357882022,0.18672395670678338,0.29511840605013245,0.4651911675813715,assumed,"1900-02 HLD age pattern, level relative to assumed colonial CDR 28/1000; TFR held at 1800 level"
1743,0.0,0.0,0.0,0.184912,0.450954,0.380567,0.234849,0.120244,0.034129,0.002346,0.0,0.0,0.0,0.0,0.0,0.0,0.0,0.0,0.08885728558426319,0.008465550448665789,0.0053744454799788096,0.008520509106368306,0.013172184332143068,0.014360825068499856,0.016949633467952193,0.01906554178949914,0.02225889542367918,0.026713102914220473,0.0342533029401741,0.04742165294736117,0.06566920541291586,0.09395565966741076,0.140489027333301,0.20483858590719708,0.3259118697716852,0.5023713385712842,0.0746715613554202,0.007995206587397725,0.00525941573129912,0.008225266084757104,0.012597674642903955,0.013946078919093646,0.015968685333378176,0.01690489967679898,0.01943938847270813,0.02262379534865753,0.03043623244648641,0.040844507539520285,0.058070851458463066,0.08283931256583747,0.12672188357882022,0.18672395670678338,0.29511840605013245,0.4651911675813715,assumed,"1900-02 HLD age pattern, level relative to assumed colonial CDR 28/1000; TFR held at 1800 level"
1744,0.0,0.0,0.0,0.184912,0.450954,0.380567,0.234849,0.120244,0.034129,0.002346,0.0,0.0,0.0,0.0,0.0,0.0,0.0,0.0,0.08885728558426319,0.008465550448665789,0.0053744454799788096,0.008520509106368306,0.013172184332143068,0.014360825068499856,0.016949633467952193,0.01906554178949914,0.02225889542367918,0.026713102914220473,0.0342533029401741,0.04742165294736117,0.06566920541291586,0.09395565966741076,0.140489027333301,0.20483858590719708,0.3259118697716852,0.5023713385712842,0.0746715613554202,0.007995206587397725,0.00525941573129912,0.008225266084757104,0.012597674642903955,0.013946078919093646,0.015968685333378176,0.01690489967679898,0.01943938847270813,0.02262379534865753,0.03043623244648641,0.040844507539520285,0.058070851458463066,0.08283931256583747,0.12672188357882022,0.18672395670678338,0.29511840605013245,0.4651911675813715,assumed,"1900-02 HLD age pattern, level relative to assumed colonial CDR 28/1000; TFR held at 1800 level"
1745,0.0,0.0,0.0,0.184912,0.450954,0.380567,0.234849,0.120244,0.034129,0.002346,0.0,0.0,0.0,0.0,0.0,0.0,0.0,0.0,0.08885728558426319,0.008465550448665789,0.0053744454799788096,0.008520509106368306,0.013172184332143068,0.014360825068499856,0.016949633467952193,0.01906554178949914,0.02225889542367918,0.026713102914220473,0.0342533029401741,0.04742165294736117,0.06566920541291586,0.09395565966741076,0.140489027333301,0.20483858590719708,0.3259118697716852,0.5023713385712842,0.0746715613554202,0.007995206587397725,0.00525941573129912,0.008225266084757104,0.012597674642903955,0.013946078919093646,0.015968685333378176,0.01690489967679898,0.01943938847270813,0.02262379534865753,0.03043623244648641,0.040844507539520285,0.058070851458463066,0.08283931256583747,0.12672188357882022,0.18672395670678338,0.29511840605013245,0.4651911675813715,assumed,"1900-02 HLD age pattern, level relative to assumed colonial CDR 28/1000; TFR held at 1800 level"
1746,0.0,0.0,0.0,0.184912,0.450954,0.380567,0.234849,0.120244,0.034129,0.002346,0.0,0.0,0.0,0.0,0.0,0.0,0.0,0.0,0.08885728558426319,0.008465550448665789,0.0053744454799788096,0.008520509106368306,0.013172184332143068,0.014360825068499856,0.016949633467952193,0.01906554178949914,0.02225889542367918,0.026713102914220473,0.0342533029401741,0.04742165294736117,0.06566920541291586,0.09395565966741076,0.140489027333301,0.20483858590719708,0.3259118697716852,0.5023713385712842,0.0746715613554202,0.007995206587397725,0.00525941573129912,0.008225266084757104,0.012597674642903955,0.013946078919093646,0.015968685333378176,0.01690489967679898,0.01943938847270813,0.02262379534865753,0.03043623244648641,0.040844507539520285,0.058070851458463066,0.08283931256583747,0.12672188357882022,0.18672395670678338,0.29511840605013245,0.4651911675813715,assumed,"1900-02 HLD age pattern, level relative to assumed colonial CDR 28/1000; TFR held at 1800 level"
1747,0.0,0.0,0.0,0.184912,0.450954,0.380567,0.234849,0.120244,0.034129,0.002346,0.0,0.0,0.0,0.0,0.0,0.0,0.0,0.0,0.08885728558426319,0.008465550448665789,0.0053744454799788096,0.008520509106368306,0.013172184332143068,0.014360825068499856,0.016949633467952193,0.01906554178949914,0.02225889542367918,0.026713102914220473,0.0342533029401741,0.04742165294736117,0.06566920541291586,0.09395565966741076,0.140489027333301,0.20483858590719708,0.3259118697716852,0.5023713385712842,0.0746715613554202,0.007995206587397725,0.00525941573129912,0.008225266084757104,0.012597674642903955,0.013946078919093646,0.015968685333378176,0.01690489967679898,0.01943938847270813,0.02262379534865753,0.03043623244648641,0.040844507539520285,0.058070851458463066,0.08283931256583747,0.12672188357882022,0.18672395670678338,0.29511840605013245,0.4651911675813715,assumed,"1900-02 HLD age pattern, level relative to assumed colonial CDR 28/1000; TFR held at 1800 level"
1748,0.0,0.0,0.0,0.184912,0.450954,0.380567,0.234849,0.120244,0.034129,0.002346,0.0,0.0,0.0,0.0,0.0,0.0,0.0,0.0,0.08885728558426319,0.008465550448665789,0.0053744454799788096,0.008520509106368306,0.013172184332143068,0.014360825068499856,0.016949633467952193,0.01906554178949914,0.02225889542367918,0.026713102914220473,0.0342533029401741,0.04742165294736117,0.06566920541291586,0.09395565966741076,0.140489027333301,0.20483858590719708,0.3259118697716852,0.5023713385712842,0.0746715613554202,0.007995206587397725,0.00525941573129912,0.008225266084757104,0.012597674642903955,0.013946078919093646,0.015968685333378176,0.01690489967679898,0.01943938847270813,0.02262379534865753,0.03043623244648641,0.040844507539520285,0.058070851458463066,0.08283931256583747,0.12672188357882022,0.18672395670678338,0.29511840605013245,0.4651911675813715,assumed,"1900-02 HLD age pattern, level relative to assumed colonial CDR 28/1000; TFR held at 1800 level"
1749,0.0,0.0,0.0,0.184912,0.450954,0.380567,0.234849,0.120244,0.034129,0.002346,0.0,0.0,0.0,0.0,0.0,0.0,0.0,0.0,0.08885728558426319,0.008465550448665789,0.0053744454799788096,0.008520509106368306,0.013172184332143068,0.014360825068499856,0.016949633467952193,0.01906554178949914,0.02225889542367918,0.026713102914220473,0.0342533029401741,0.04742165294736117,0.06566920541291586,0.09395565966741076,0.140489027333301,0.20483858590719708,0.3259118697716852,0.5023713385712842,0.0746715613554202,0.007995206587397725,0.00525941573129912,0.008225266084757104,0.012597674642903955,0.013946078919093646,0.015968685333378176,0.01690489967679898,0.01943938847270813,0.02262379534865753,0.03043623244648641,0.040844507539520285,0.058070851458463066,0.08283931256583747,0.12672188357882022,0.18672395670678338,0.29511840605013245,0.4651911675813715,assumed,"1900-02 HLD age pattern, level relative to assumed colonial CDR 28/1000; TFR held at 1800 level"
1750,0.0,0.0,0.0,0.184912,0.450954,0.380567,0.234849,0.120244,0.034129,0.002346,0.0,0.0,0.0,0.0,0.0,0.0,0.0,0.0,0.08885728558426319,0.008465550448665789,0.0053744454799788096,0.008520509106368306,0.013172184332143068,0.014360825068499856,0.016949633467952193,0.01906554178949914,0.02225889542367918,0.026713102914220473,0.0342533029401741,0.04742165294736117,0.06566920541291586,0.09395565966741076,0.140489027333301,0.20483858590719708,0.3259118697716852,0.5023713385712842,0.0746715613554202,0.007995206587397725,0.00525941573129912,0.008225266084757104,0.012597674642903955,0.013946078919093646,0.015968685333378176,0.01690489967679898,0.01943938847270813,0.02262379534865753,0.03043623244648641,0.040844507539520285,0.058070851458463066,0.08283931256583747,0.12672188357882022,0.18672395670678338,0.29511840605013245,0.4651911675813715,assumed,"1900-02 HLD age pattern, level relative to assumed colonial CDR 28/1000; TFR held at 1800 level"
1751,0.0,0.0,0.0,0.184912,0.450954,0.380567,0.234849,0.120244,0.034129,0.002346,0.0,0.0,0.0,0.0,0.0,0.0,0.0,0.0,0.08885728558426319,0.008465550448665789,0.0053744454799788096,0.008520509106368306,0.013172184332143068,0.014360825068499856,0.016949633467952193,0.01906554178949914,0.02225889542367918,0.026713102914220473,0.0342533029401741,0.04742165294736117,0.06566920541291586,0.09395565966741076,0.140489027333301,0.20483858590719708,0.3259118697716852,0.5023713385712842,0.0746715613554202,0.007995206587397725,0.00525941573129912,0.008225266084757104,0.012597674642903955,0.013946078919093646,0.015968685333378176,0.01690489967679898,0.01943938847270813,0.02262379534865753,0.03043623244648641,0.040844507539520285,0.058070851458463066,0.08283931256583747,0.12672188357882022,0.18672395670678338,0.29511840605013245,0.4651911675813715,assumed,"1900-02 HLD age pattern, level relative to assumed colonial CDR 28/1000; TFR held at 1800 level"
1752,0.0,0.0,0.0,0.184912,0.450954,0.380567,0.234849,0.120244,0.034129,0.002346,0.0,0.0,0.0,0.0,0.0,0.0,0.0,0.0,0.08885728558426319,0.008465550448665789,0.0053744454799788096,0.008520509106368306,0.013172184332143068,0.014360825068499856,0.016949633467952193,0.01906554178949914,0.02225889542367918,0.026713102914220473,0.0342533029401741,0.04742165294736117,0.06566920541291586,0.09395565966741076,0.140489027333301,0.20483858590719708,0.3259118697716852,0.5023713385712842,0.0746715613554202,0.007995206587397725,0.00525941573129912,0.008225266084757104,0.012597674642903955,0.013946078919093646,0.015968685333378176,0.01690489967679898,0.01943938847270813,0.02262379534865753,0.03043623244648641,0.040844507539520285,0.058070851458463066,0.08283931256583747,0.12672188357882022,0.18672395670678338,0.29511840605013245,0.4651911675813715,assumed,"1900-02 HLD age pattern, level relative to assumed colonial CDR 28/1000; TFR held at 1800 level"
1753,0.0,0.0,0.0,0.184912,0.450954,0.380567,0.234849,0.120244,0.034129,0.002346,0.0,0.0,0.0,0.0,0.0,0.0,0.0,0.0,0.08885728558426319,0.008465550448665789,0.0053744454799788096,0.008520509106368306,0.013172184332143068,0.014360825068499856,0.016949633467952193,0.01906554178949914,0.02225889542367918,0.026713102914220473,0.0342533029401741,0.04742165294736117,0.06566920541291586,0.09395565966741076,0.140489027333301,0.20483858590719708,0.3259118697716852,0.5023713385712842,0.0746715613554202,0.007995206587397725,0.00525941573129912,0.008225266084757104,0.012597674642903955,0.013946078919093646,0.015968685333378176,0.01690489967679898,0.01943938847270813,0.02262379534865753,0.03043623244648641,0.040844507539520285,0.058070851458463066,0.08283931256583747,0.12672188357882022,0.18672395670678338,0.29511840605013245,0.4651911675813715,assumed,"1900-02 HLD age pattern, level relative to assumed colonial CDR 28/1000; TFR held at 1800 level"
1754,0.0,0.0,0.0,0.184912,0.450954,0.380567,0.234849,0.120244,0.034129,0.002346,0.0,0.0,0.0,0.0,0.0,0.0,0.0,0.0,0.08885728558426319,0.008465550448665789,0.0053744454799788096,0.008520509106368306,0.013172184332143068,0.014360825068499856,0.016949633467952193,0.01906554178949914,0.02225889542367918,0.026713102914220473,0.0342533029401741,0.04742165294736117,0.06566920541291586,0.09395565966741076,0.140489027333301,0.20483858590719708,0.3259118697716852,0.5023713385712842,0.0746715613554202,0.007995206587397725,0.00525941573129912,0.008225266084757104,0.012597674642903955,0.013946078919093646,0.015968685333378176,0.01690489967679898,0.01943938847270813,0.02262379534865753,0.03043623244648641,0.040844507539520285,0.058070851458463066,0.08283931256583747,0.12672188357882022,0.18672395670678338,0.29511840605013245,0.4651911675813715,assumed,"1900-02 HLD age pattern, level relative to assumed colonial CDR 28/1000; TFR held at 1800 level"
1755,0.0,0.0,0.0,0.184912,0.450954,0.380567,0.234849,0.120244,0.034129,0.002346,0.0,0.0,0.0,0.0,0.0,0.0,0.0,0.0,0.08885728558426319,0.008465550448665789,0.0053744454799788096,0.008520509106368306,0.013172184332143068,0.014360825068499856,0.016949633467952193,0.01906554178949914,0.02225889542367918,0.026713102914220473,0.0342533029401741,0.04742165294736117,0.06566920541291586,0.09395565966741076,0.140489027333301,0.20483858590719708,0.3259118697716852,0.5023713385712842,0.0746715613554202,0.007995206587397725,0.00525941573129912,0.008225266084757104,0.012597674642903955,0.013946078919093646,0.015968685333378176,0.01690489967679898,0.01943938847270813,0.02262379534865753,0.03043623244648641,0.040844507539520285,0.058070851458463066,0.08283931256583747,0.12672188357882022,0.18672395670678338,0.29511840605013245,0.4651911675813715,assumed,"1900-02 HLD age pattern, level relative to assumed colonial CDR 28/1000; TFR held at 1800 level"
1756,0.0,0.0,0.0,0.184912,0.450954,0.380567,0.234849,0.120244,0.034129,0.002346,0.0,0.0,0.0,0.0,0.0,0.0,0.0,0.0,0.08885728558426319,0.008465550448665789,0.0053744454799788096,0.008520509106368306,0.013172184332143068,0.014360825068499856,0.016949633467952193,0.01906554178949914,0.02225889542367918,0.026713102914220473,0.0342533029401741,0.04742165294736117,0.06566920541291586,0.09395565966741076,0.140489027333301,0.20483858590719708,0.3259118697716852,0.5023713385712842,0.0746715613554202,0.007995206587397725,0.00525941573129912,0.008225266084757104,0.012597674642903955,0.013946078919093646,0.015968685333378176,0.01690489967679898,0.01943938847270813,0.02262379534865753,0.03043623244648641,0.040844507539520285,0.058070851458463066,0.08283931256583747,0.12672188357882022,0.18672395670678338,0.29511840605013245,0.4651911675813715,assumed,"1900-02 HLD age pattern, level relative to assumed colonial CDR 28/1000; TFR held at 1800 level"
1757,0.0,0.0,0.0,0.184912,0.450954,0.380567,0.234849,0.120244,0.034129,0.002346,0.0,0.0,0.0,0.0,0.0,0.0,0.0,0.0,0.08885728558426319,0.008465550448665789,0.0053744454799788096,0.008520509106368306,0.013172184332143068,0.014360825068499856,0.016949633467952193,0.01906554178949914,0.02225889542367918,0.026713102914220473,0.0342533029401741,0.04742165294736117,0.06566920541291586,0.09395565966741076,0.140489027333301,0.20483858590719708,0.3259118697716852,0.5023713385712842,0.0746715613554202,0.007995206587397725,0.00525941573129912,0.008225266084757104,0.012597674642903955,0.013946078919093646,0.015968685333378176,0.01690489967679898,0.01943938847270813,0.02262379534865753,0.03043623244648641,0.040844507539520285,0.058070851458463066,0.08283931256583747,0.12672188357882022,0.18672395670678338,0.29511840605013245,0.4651911675813715,assumed,"1900-02 HLD age pattern, level relative to assumed colonial CDR 28/1000; TFR held at 1800 level"
1758,0.0,0.0,0.0,0.184912,0.450954,0.380567,0.234849,0.120244,0.034129,0.002346,0.0,0.0,0.0,0.0,0.0,0.0,0.0,0.0,0.08885728558426319,0.008465550448665789,0.0053744454799788096,0.008520509106368306,0.013172184332143068,0.014360825068499856,0.016949633467952193,0.01906554178949914,0.02225889542367918,0.026713102914220473,0.0342533029401741,0.04742165294736117,0.06566920541291586,0.09395565966741076,0.140489027333301,0.20483858590719708,0.3259118697716852,0.5023713385712842,0.0746715613554202,0.007995206587397725,0.00525941573129912,0.008225266084757104,0.012597674642903955,0.013946078919093646,0.015968685333378176,0.01690489967679898,0.01943938847270813,0.02262379534865753,0.03043623244648641,0.040844507539520285,0.058070851458463066,0.08283931256583747,0.12672188357882022,0.18672395670678338,0.29511840605013245,0.4651911675813715,assumed,"1900-02 HLD age pattern, level relative to assumed colonial CDR 28/1000; TFR held at 1800 level"
1759,0.0,0.0,0.0,0.184912,0.450954,0.380567,0.234849,0.120244,0.034129,0.002346,0.0,0.0,0.0,0.0,0.0,0.0,0.0,0.0,0.08885728558426319,0.008465550448665789,0.0053744454799788096,0.008520509106368306,0.013172184332143068,0.014360825068499856,0.016949633467952193,0.01906554178949914,0.02225889542367918,0.026713102914220473,0.0342533029401741,0.04742165294736117,0.06566920541291586,0.09395565966741076,0.140489027333301,0.20483858590719708,0.3259118697716852,0.5023713385712842,0.0746715613554202,0.007995206587397725,0.00525941573129912,0.008225266084757104,0.012597674642903955,0.013946078919093646,0.015968685333378176,0.01690489967679898,0.01943938847270813,0.02262379534865753,0.03043623244648641,0.040844507539520285,0.058070851458463066,0.08283931256583747,0.12672188357882022,0.18672395670678338,0.29511840605013245,0.4651911675813715,assumed,"1900-02 HLD age pattern, level relative to assumed colonial CDR 28/1000; TFR held at 1800 level"
1760,0.0,0.0,0.0,0.184912,0.450954,0.380567,0.234849,0.120244,0.034129,0.002346,0.0,0.0,0.0,0.0,0.0,0.0,0.0,0.0,0.08885728558426319,0.008465550448665789,0.0053744454799788096,0.008520509106368306,0.013172184332143068,0.014360825068499856,0.016949633467952193,0.01906554178949914,0.02225889542367918,0.026713102914220473,0.0342533029401741,0.04742165294736117,0.06566920541291586,0.09395565966741076,0.140489027333301,0.20483858590719708,0.3259118697716852,0.5023713385712842,0.0746715613554202,0.007995206587397725,0.00525941573129912,0.008225266084757104,0.012597674642903955,0.013946078919093646,0.015968685333378176,0.01690489967679898,0.01943938847270813,0.02262379534865753,0.03043623244648641,0.040844507539520285,0.058070851458463066,0.08283931256583747,0.12672188357882022,0.18672395670678338,0.29511840605013245,0.4651911675813715,assumed,"1900-02 HLD age pattern, level relative to assumed colonial CDR 28/1000; TFR held at 1800 level"
1761,0.0,0.0,0.0,0.184912,0.450954,0.380567,0.234849,0.120244,0.034129,0.002346,0.0,0.0,0.0,0.0,0.0,0.0,0.0,0.0,0.08885728558426319,0.008465550448665789,0.0053744454799788096,0.008520509106368306,0.013172184332143068,0.014360825068499856,0.016949633467952193,0.01906554178949914,0.02225889542367918,0.026713102914220473,0.0342533029401741,0.04742165294736117,0.06566920541291586,0.09395565966741076,0.140489027333301,0.20483858590719708,0.3259118697716852,0.5023713385712842,0.0746715613554202,0.007995206587397725,0.00525941573129912,0.008225266084757104,0.012597674642903955,0.013946078919093646,0.015968685333378176,0.01690489967679898,0.01943938847270813,0.02262379534865753,0.03043623244648641,0.040844507539520285,0.058070851458463066,0.08283931256583747,0.12672188357882022,0.18672395670678338,0.29511840605013245,0.4651911675813715,assumed,"1900-02 HLD age pattern, level relative to assumed colonial CDR 28/1000; TFR held at 1800 level"
1762,0.0,0.0,0.0,0.184912,0.450954,0.380567,0.234849,0.120244,0.034129,0.002346,0.0,0.0,0.0,0.0,0.0,0.0,0.0,0.0,0.08885728558426319,0.008465550448665789,0.0053744454799788096,0.008520509106368306,0.013172184332143068,0.014360825068499856,0.016949633467952193,0.01906554178949914,0.02225889542367918,0.026713102914220473,0.0342533029401741,0.04742165294736117,0.06566920541291586,0.09395565966741076,0.140489027333301,0.20483858590719708,0.3259118697716852,0.5023713385712842,0.0746715613554202,0.007995206587397725,0.00525941573129912,0.008225266084757104,0.012597674642903955,0.013946078919093646,0.015968685333378176,0.01690489967679898,0.01943938847270813,0.02262379534865753,0.03043623244648641,0.040844507539520285,0.058070851458463066,0.08283931256583747,0.12672188357882022,0.18672395670678338,0.29511840605013245,0.4651911675813715,assumed,"1900-02 HLD age pattern, level relative to assumed colonial CDR 28/1000; TFR held at 1800 level"
1763,0.0,0.0,0.0,0.184912,0.450954,0.380567,0.234849,0.120244,0.034129,0.002346,0.0,0.0,0.0,0.0,0.0,0.0,0.0,0.0,0.08885728558426319,0.008465550448665789,0.0053744454799788096,0.008520509106368306,0.013172184332143068,0.014360825068499856,0.016949633467952193,0.01906554178949914,0.02225889542367918,0.026713102914220473,0.0342533029401741,0.04742165294736117,0.06566920541291586,0.09395565966741076,0.140489027333301,0.20483858590719708,0.3259118697716852,0.5023713385712842,0.0746715613554202,0.007995206587397725,0.00525941573129912,0.008225266084757104,0.012597674642903955,0.013946078919093646,0.015968685333378176,0.01690489967679898,0.01943938847270813,0.02262379534865753,0.03043623244648641,0.040844507539520285,0.058070851458463066,0.08283931256583747,0.12672188357882022,0.18672395670678338,0.29511840605013245,0.4651911675813715,assumed,"1900-02 HLD age pattern, level relative to assumed colonial CDR 28/1000; TFR held at 1800 level"
1764,0.0,0.0,0.0,0.184912,0.450954,0.380567,0.234849,0.120244,0.034129,0.002346,0.0,0.0,0.0,0.0,0.0,0.0,0.0,0.0,0.08885728558426319,0.008465550448665789,0.0053744454799788096,0.008520509106368306,0.013172184332143068,0.014360825068499856,0.016949633467952193,0.01906554178949914,0.02225889542367918,0.026713102914220473,0.0342533029401741,0.04742165294736117,0.06566920541291586,0.09395565966741076,0.140489027333301,0.20483858590719708,0.3259118697716852,0.5023713385712842,0.0746715613554202,0.007995206587397725,0.00525941573129912,0.008225266084757104,0.012597674642903955,0.013946078919093646,0.015968685333378176,0.01690489967679898,0.01943938847270813,0.02262379534865753,0.03043623244648641,0.040844507539520285,0.058070851458463066,0.08283931256583747,0.12672188357882022,0.18672395670678338,0.29511840605013245,0.4651911675813715,assumed,"1900-02 HLD age pattern, level relative to assumed colonial CDR 28/1000; TFR held at 1800 level"
1765,0.0,0.0,0.0,0.184912,0.450954,0.380567,0.234849,0.120244,0.034129,0.002346,0.0,0.0,0.0,0.0,0.0,0.0,0.0,0.0,0.08885728558426319,0.008465550448665789,0.0053744454799788096,0.008520509106368306,0.013172184332143068,0.014360825068499856,0.016949633467952193,0.01906554178949914,0.02225889542367918,0.026713102914220473,0.0342533029401741,0.04742165294736117,0.06566920541291586,0.09395565966741076,0.140489027333301,0.20483858590719708,0.3259118697716852,0.5023713385712842,0.0746715613554202,0.007995206587397725,0.00525941573129912,0.008225266084757104,0.012597674642903955,0.013946078919093646,0.015968685333378176,0.01690489967679898,0.01943938847270813,0.02262379534865753,0.03043623244648641,0.040844507539520285,0.058070851458463066,0.08283931256583747,0.12672188357882022,0.18672395670678338,0.29511840605013245,0.4651911675813715,assumed,"1900-02 HLD age pattern, level relative to assumed colonial CDR 28/1000; TFR held at 1800 level"
1766,0.0,0.0,0.0,0.184912,0.450954,0.380567,0.234849,0.120244,0.034129,0.002346,0.0,0.0,0.0,0.0,0.0,0.0,0.0,0.0,0.08885728558426319,0.008465550448665789,0.0053744454799788096,0.008520509106368306,0.013172184332143068,0.014360825068499856,0.016949633467952193,0.01906554178949914,0.02225889542367918,0.026713102914220473,0.0342533029401741,0.04742165294736117,0.06566920541291586,0.09395565966741076,0.140489027333301,0.20483858590719708,0.3259118697716852,0.5023713385712842,0.0746715613554202,0.007995206587397725,0.00525941573129912,0.008225266084757104,0.012597674642903955,0.013946078919093646,0.015968685333378176,0.01690489967679898,0.01943938847270813,0.02262379534865753,0.03043623244648641,0.040844507539520285,0.058070851458463066,0.08283931256583747,0.12672188357882022,0.18672395670678338,0.29511840605013245,0.4651911675813715,assumed,"1900-02 HLD age pattern, level relative to assumed colonial CDR 28/1000; TFR held at 1800 level"
1767,0.0,0.0,0.0,0.184912,0.450954,0.380567,0.234849,0.120244,0.034129,0.002346,0.0,0.0,0.0,0.0,0.0,0.0,0.0,0.0,0.08885728558426319,0.008465550448665789,0.0053744454799788096,0.008520509106368306,0.013172184332143068,0.014360825068499856,0.016949633467952193,0.01906554178949914,0.02225889542367918,0.026713102914220473,0.0342533029401741,0.04742165294736117,0.06566920541291586,0.09395565966741076,0.140489027333301,0.20483858590719708,0.3259118697716852,0.5023713385712842,0.0746715613554202,0.007995206587397725,0.00525941573129912,0.008225266084757104,0.012597674642903955,0.013946078919093646,0.015968685333378176,0.01690489967679898,0.01943938847270813,0.02262379534865753,0.03043623244648641,0.040844507539520285,0.058070851458463066,0.08283931256583747,0.12672188357882022,0.18672395670678338,0.29511840605013245,0.4651911675813715,assumed,"1900-02 HLD age pattern, level relative to assumed colonial CDR 28/1000; TFR held at 1800 level"
1768,0.0,0.0,0.0,0.184912,0.450954,0.380567,0.234849,0.120244,0.034129,0.002346,0.0,0.0,0.0,0.0,0.0,0.0,0.0,0.0,0.08885728558426319,0.008465550448665789,0.0053744454799788096,0.008520509106368306,0.013172184332143068,0.014360825068499856,0.016949633467952193,0.01906554178949914,0.02225889542367918,0.026713102914220473,0.0342533029401741,0.04742165294736117,0.06566920541291586,0.09395565966741076,0.140489027333301,0.20483858590719708,0.3259118697716852,0.5023713385712842,0.0746715613554202,0.007995206587397725,0.00525941573129912,0.008225266084757104,0.012597674642903955,0.013946078919093646,0.015968685333378176,0.01690489967679898,0.01943938847270813,0.02262379534865753,0.03043623244648641,0.040844507539520285,0.058070851458463066,0.08283931256583747,0.12672188357882022,0.18672395670678338,0.29511840605013245,0.4651911675813715,assumed,"1900-02 HLD age pattern, level relative to assumed colonial CDR 28/1000; TFR held at 1800 level"
1769,0.0,0.0,0.0,0.184912,0.450954,0.380567,0.234849,0.120244,0.034129,0.002346,0.0,0.0,0.0,0.0,0.0,0.0,0.0,0.0,0.08885728558426319,0.008465550448665789,0.0053744454799788096,0.008520509106368306,0.013172184332143068,0.014360825068499856,0.016949633467952193,0.01906554178949914,0.02225889542367918,0.026713102914220473,0.0342533029401741,0.04742165294736117,0.06566920541291586,0.09395565966741076,0.140489027333301,0.20483858590719708,0.3259118697716852,0.5023713385712842,0.0746715613554202,0.007995206587397725,0.00525941573129912,0.008225266084757104,0.012597674642903955,0.013946078919093646,0.015968685333378176,0.01690489967679898,0.01943938847270813,0.02262379534865753,0.03043623244648641,0.040844507539520285,0.058070851458463066,0.08283931256583747,0.12672188357882022,0.18672395670678338,0.29511840605013245,0.4651911675813715,assumed,"1900-02 HLD age pattern, level relative to assumed colonial CDR 28/1000; TFR held at 1800 level"
1770,0.0,0.0,0.0,0.184912,0.450954,0.380567,0.234849,0.120244,0.034129,0.002346,0.0,0.0,0.0,0.0,0.0,0.0,0.0,0.0,0.08885728558426319,0.008465550448665789,0.0053744454799788096,0.008520509106368306,0.013172184332143068,0.014360825068499856,0.016949633467952193,0.01906554178949914,0.02225889542367918,0.026713102914220473,0.0342533029401741,0.04742165294736117,0.06566920541291586,0.09395565966741076,0.140489027333301,0.20483858590719708,0.3259118697716852,0.5023713385712842,0.0746715613554202,0.007995206587397725,0.00525941573129912,0.008225266084757104,0.012597674642903955,0.013946078919093646,0.015968685333378176,0.01690489967679898,0.01943938847270813,0.02262379534865753,0.03043623244648641,0.040844507539520285,0.058070851458463066,0.08283931256583747,0.12672188357882022,0.18672395670678338,0.29511840605013245,0.4651911675813715,assumed,"1900-02 HLD age pattern, level relative to assumed colonial CDR 28/1000; TFR held at 1800 level"
1771,0.0,0.0,0.0,0.184912,0.450954,0.380567,0.234849,0.120244,0.034129,0.002346,0.0,0.0,0.0,0.0,0.0,0.0,0.0,0.0,0.08885728558426319,0.008465550448665789,0.0053744454799788096,0.008520509106368306,0.013172184332143068,0.014360825068499856,0.016949633467952193,0.01906554178949914,0.02225889542367918,0.026713102914220473,0.0342533029401741,0.04742165294736117,0.06566920541291586,0.09395565966741076,0.140489027333301,0.20483858590719708,0.3259118697716852,0.5023713385712842,0.0746715613554202,0.007995206587397725,0.00525941573129912,0.008225266084757104,0.012597674642903955,0.013946078919093646,0.015968685333378176,0.01690489967679898,0.01943938847270813,0.02262379534865753,0.03043623244648641,0.040844507539520285,0.058070851458463066,0.08283931256583747,0.12672188357882022,0.18672395670678338,0.29511840605013245,0.4651911675813715,assumed,"1900-02 HLD age pattern, level relative to assumed colonial CDR 28/1000; TFR held at 1800 level"
1772,0.0,0.0,0.0,0.184912,0.450954,0.380567,0.234849,0.120244,0.034129,0.002346,0.0,0.0,0.0,0.0,0.0,0.0,0.0,0.0,0.08885728558426319,0.008465550448665789,0.0053744454799788096,0.008520509106368306,0.013172184332143068,0.014360825068499856,0.016949633467952193,0.01906554178949914,0.02225889542367918,0.026713102914220473,0.0342533029401741,0.04742165294736117,0.06566920541291586,0.09395565966741076,0.140489027333301,0.20483858590719708,0.3259118697716852,0.5023713385712842,0.0746715613554202,0.007995206587397725,0.00525941573129912,0.008225266084757104,0.012597674642903955,0.013946078919093646,0.015968685333378176,0.01690489967679898,0.01943938847270813,0.02262379534865753,0.03043623244648641,0.040844507539520285,0.058070851458463066,0.08283931256583747,0.12672188357882022,0.18672395670678338,0.29511840605013245,0.4651911675813715,assumed,"1900-02 HLD age pattern, level relative to assumed colonial CDR 28/1000; TFR held at 1800 level"
1773,0.0,0.0,0.0,0.184912,0.450954,0.380567,0.234849,0.120244,0.034129,0.002346,0.0,0.0,0.0,0.0,0.0,0.0,0.0,0.0,0.08885728558426319,0.008465550448665789,0.0053744454799788096,0.008520509106368306,0.013172184332143068,0.014360825068499856,0.016949633467952193,0.01906554178949914,0.02225889542367918,0.026713102914220473,0.0342533029401741,0.04742165294736117,0.06566920541291586,0.09395565966741076,0.140489027333301,0.20483858590719708,0.3259118697716852,0.5023713385712842,0.0746715613554202,0.007995206587397725,0.00525941573129912,0.008225266084757104,0.012597674642903955,0.013946078919093646,0.015968685333378176,0.01690489967679898,0.01943938847270813,0.02262379534865753,0.03043623244648641,0.040844507539520285,0.058070851458463066,0.08283931256583747,0.12672188357882022,0.18672395670678338,0.29511840605013245,0.4651911675813715,assumed,"1900-02 HLD age pattern, level relative to assumed colonial CDR 28/1000; TFR held at 1800 level"
1774,0.0,0.0,0.0,0.184912,0.450954,0.380567,0.234849,0.120244,0.034129,0.002346,0.0,0.0,0.0,0.0,0.0,0.0,0.0,0.0,0.08885728558426319,0.008465550448665789,0.0053744454799788096,0.008520509106368306,0.013172184332143068,0.014360825068499856,0.016949633467952193,0.01906554178949914,0.02225889542367918,0.026713102914220473,0.0342533029401741,0.04742165294736117,0.06566920541291586,0.09395565966741076,0.140489027333301,0.20483858590719708,0.3259118697716852,0.5023713385712842,0.0746715613554202,0.007995206587397725,0.00525941573129912,0.008225266084757104,0.012597674642903955,0.013946078919093646,0.015968685333378176,0.01690489967679898,0.01943938847270813,0.02262379534865753,0.03043623244648641,0.040844507539520285,0.058070851458463066,0.08283931256583747,0.12672188357882022,0.18672395670678338,0.29511840605013245,0.4651911675813715,assumed,"1900-02 HLD age pattern, level relative to assumed colonial CDR 28/1000; TFR held at 1800 level"
1775,0.0,0.0,0.0,0.184912,0.450954,0.380567,0.234849,0.120244,0.034129,0.002346,0.0,0.0,0.0,0.0,0.0,0.0,0.0,0.0,0.08885728558426319,0.008465550448665789,0.0053744454799788096,0.008520509106368306,0.013172184332143068,0.014360825068499856,0.016949633467952193,0.01906554178949914,0.02225889542367918,0.026713102914220473,0.0342533029401741,0.04742165294736117,0.06566920541291586,0.09395565966741076,0.140489027333301,0.20483858590719708,0.3259118697716852,0.5023713385712842,0.0746715613554202,0.007995206587397725,0.00525941573129912,0.008225266084757104,0.012597674642903955,0.013946078919093646,0.015968685333378176,0.01690489967679898,0.01943938847270813,0.02262379534865753,0.03043623244648641,0.040844507539520285,0.058070851458463066,0.08283931256583747,0.12672188357882022,0.18672395670678338,0.29511840605013245,0.4651911675813715,assumed,"1900-02 HLD age pattern, level relative to assumed colonial CDR 28/1000; TFR held at 1800 level"
1776,0.0,0.0,0.0,0.184912,0.450954,0.380567,0.234849,0.120244,0.034129,0.002346,0.0,0.0,0.0,0.0,0.0,0.0,0.0,0.0,0.08885728558426319,0.008465550448665789,0.0053744454799788096,0.008520509106368306,0.013172184332143068,0.014360825068499856,0.016949633467952193,0.01906554178949914,0.02225889542367918,0.026713102914220473,0.0342533029401741,0.04742165294736117,0.06566920541291586,0.09395565966741076,0.140489027333301,0.20483858590719708,0.3259118697716852,0.5023713385712842,0.0746715613554202,0.007995206587397725,0.00525941573129912,0.008225266084757104,0.012597674642903955,0.013946078919093646,0.015968685333378176,0.01690489967679898,0.01943938847270813,0.02262379534865753,0.03043623244648641,0.040844507539520285,0.058070851458463066,0.08283931256583747,0.12672188357882022,0.18672395670678338,0.29511840605013245,0.4651911675813715,assumed,"1900-02 HLD age pattern, level relative to assumed colonial CDR 28/1000; TFR held at 1800 level"
1777,0.0,0.0,0.0,0.184912,0.450954,0.380567,0.234849,0.120244,0.034129,0.002346,0.0,0.0,0.0,0.0,0.0,0.0,0.0,0.0,0.08885728558426319,0.008465550448665789,0.0053744454799788096,0.008520509106368306,0.013172184332143068,0.014360825068499856,0.016949633467952193,0.01906554178949914,0.02225889542367918,0.026713102914220473,0.0342533029401741,0.04742165294736117,0.06566920541291586,0.09395565966741076,0.140489027333301,0.20483858590719708,0.3259118697716852,0.5023713385712842,0.0746715613554202,0.007995206587397725,0.00525941573129912,0.008225266084757104,0.012597674642903955,0.013946078919093646,0.015968685333378176,0.01690489967679898,0.01943938847270813,0.02262379534865753,0.03043623244648641,0.040844507539520285,0.058070851458463066,0.08283931256583747,0.12672188357882022,0.18672395670678338,0.29511840605013245,0.4651911675813715,assumed,"1900-02 HLD age pattern, level relative to assumed colonial CDR 28/1000; TFR held at 1800 level"
1778,0.0,0.0,0.0,0.184912,0.450954,0.380567,0.234849,0.120244,0.034129,0.002346,0.0,0.0,0.0,0.0,0.0,0.0,0.0,0.0,0.08885728558426319,0.008465550448665789,0.0053744454799788096,0.008520509106368306,0.013172184332143068,0.014360825068499856,0.016949633467952193,0.01906554178949914,0.02225889542367918,0.026713102914220473,0.0342533029401741,0.04742165294736117,0.06566920541291586,0.09395565966741076,0.140489027333301,0.20483858590719708,0.3259118697716852,0.5023713385712842,0.0746715613554202,0.007995206587397725,0.00525941573129912,0.008225266084757104,0.012597674642903955,0.013946078919093646,0.015968685333378176,0.01690489967679898,0.01943938847270813,0.02262379534865753,0.03043623244648641,0.040844507539520285,0.058070851458463066,0.08283931256583747,0.12672188357882022,0.18672395670678338,0.29511840605013245,0.4651911675813715,assumed,"1900-02 HLD age pattern, level relative to assumed colonial CDR 28/1000; TFR held at 1800 level"
1779,0.0,0.0,0.0,0.184912,0.450954,0.380567,0.234849,0.120244,0.034129,0.002346,0.0,0.0,0.0,0.0,0.0,0.0,0.0,0.0,0.08885728558426319,0.008465550448665789,0.0053744454799788096,0.008520509106368306,0.013172184332143068,0.014360825068499856,0.016949633467952193,0.01906554178949914,0.02225889542367918,0.026713102914220473,0.0342533029401741,0.04742165294736117,0.06566920541291586,0.09395565966741076,0.140489027333301,0.20483858590719708,0.3259118697716852,0.5023713385712842,0.0746715613554202,0.007995206587397725,0.00525941573129912,0.008225266084757104,0.012597674642903955,0.013946078919093646,0.015968685333378176,0.01690489967679898,0.01943938847270813,0.02262379534865753,0.03043623244648641,0.040844507539520285,0.058070851458463066,0.08283931256583747,0.12672188357882022,0.18672395670678338,0.29511840605013245,0.4651911675813715,assumed,"1900-02 HLD age pattern, level relative to assumed colonial CDR 28/1000; TFR held at 1800 level"
1780,0.0,0.0,0.0,0.184912,0.450954,0.380567,0.234849,0.120244,0.034129,0.002346,0.0,0.0,0.0,0.0,0.0,0.0,0.0,0.0,0.08885728558426319,0.008465550448665789,0.0053744454799788096,0.008520509106368306,0.013172184332143068,0.014360825068499856,0.016949633467952193,0.01906554178949914,0.02225889542367918,0.026713102914220473,0.0342533029401741,0.04742165294736117,0.06566920541291586,0.09395565966741076,0.140489027333301,0.20483858590719708,0.3259118697716852,0.5023713385712842,0.0746715613554202,0.007995206587397725,0.00525941573129912,0.008225266084757104,0.012597674642903955,0.013946078919093646,0.015968685333378176,0.01690489967679898,0.01943938847270813,0.02262379534865753,0.03043623244648641,0.040844507539520285,0.058070851458463066,0.08283931256583747,0.12672188357882022,0.18672395670678338,0.29511840605013245,0.4651911675813715,assumed,"1900-02 HLD age pattern, level relative to assumed colonial CDR 28/1000; TFR held at 1800 level"
1781,0.0,0.0,0.0,0.184912,0.450954,0.380567,0.234849,0.120244,0.034129,0.002346,0.0,0.0,0.0,0.0,0.0,0.0,0.0,0.0,0.08885728558426319,0.008465550448665789,0.0053744454799788096,0.008520509106368306,0.013172184332143068,0.014360825068499856,0.016949633467952193,0.01906554178949914,0.02225889542367918,0.026713102914220473,0.0342533029401741,0.04742165294736117,0.06566920541291586,0.09395565966741076,0.140489027333301,0.20483858590719708,0.3259118697716852,0.5023713385712842,0.0746715613554202,0.007995206587397725,0.00525941573129912,0.008225266084757104,0.012597674642903955,0.013946078919093646,0.015968685333378176,0.01690489967679898,0.01943938847270813,0.02262379534865753,0.03043623244648641,0.040844507539520285,0.058070851458463066,0.08283931256583747,0.12672188357882022,0.18672395670678338,0.29511840605013245,0.4651911675813715,assumed,"1900-02 HLD age pattern, level relative to assumed colonial CDR 28/1000; TFR held at 1800 level"
1782,0.0,0.0,0.0,0.184912,0.450954,0.380567,0.234849,0.120244,0.034129,0.002346,0.0,0.0,0.0,0.0,0.0,0.0,0.0,0.0,0.08885728558426319,0.008465550448665789,0.0053744454799788096,0.008520509106368306,0.013172184332143068,0.014360825068499856,0.016949633467952193,0.01906554178949914,0.02225889542367918,0.026713102914220473,0.0342533029401741,0.04742165294736117,0.06566920541291586,0.09395565966741076,0.140489027333301,0.20483858590719708,0.3259118697716852,0.5023713385712842,0.0746715613554202,0.007995206587397725,0.00525941573129912,0.008225266084757104,0.012597674642903955,0.013946078919093646,0.015968685333378176,0.01690489967679898,0.01943938847270813,0.02262379534865753,0.03043623244648641,0.040844507539520285,0.058070851458463066,0.08283931256583747,0.12672188357882022,0.18672395670678338,0.29511840605013245,0.4651911675813715,assumed,"1900-02 HLD age pattern, level relative to assumed colonial CDR 28/1000; TFR held at 1800 level"
1783,0.0,0.0,0.0,0.184912,0.450954,0.380567,0.234849,0.120244,0.034129,0.002346,0.0,0.0,0.0,0.0,0.0,0.0,0.0,0.0,0.08885728558426319,0.008465550448665789,0.0053744454799788096,0.008520509106368306,0.013172184332143068,0.014360825068499856,0.016949633467952193,0.01906554178949914,0.02225889542367918,0.026713102914220473,0.0342533029401741,0.04742165294736117,0.06566920541291586,0.09395565966741076,0.140489027333301,0.20483858590719708,0.3259118697716852,0.5023713385712842,0.0746715613554202,0.007995206587397725,0.00525941573129912,0.008225266084757104,0.012597674642903955,0.013946078919093646,0.015968685333378176,0.01690489967679898,0.01943938847270813,0.02262379534865753,0.03043623244648641,0.040844507539520285,0.058070851458463066,0.08283931256583747,0.12672188357882022,0.18672395670678338,0.29511840605013245,0.4651911675813715,assumed,"1900-02 HLD age pattern, level relative to assumed colonial CDR 28/1000; TFR held at 1800 level"
1784,0.0,0.0,0.0,0.184912,0.450954,0.380567,0.234849,0.120244,0.034129,0.002346,0.0,0.0,0.0,0.0,0.0,0.0,0.0,0.0,0.08885728558426319,0.008465550448665789,0.0053744454799788096,0.008520509106368306,0.013172184332143068,0.014360825068499856,0.016949633467952193,0.01906554178949914,0.02225889542367918,0.026713102914220473,0.0342533029401741,0.04742165294736117,0.06566920541291586,0.09395565966741076,0.140489027333301,0.20483858590719708,0.3259118697716852,0.5023713385712842,0.0746715613554202,0.007995206587397725,0.00525941573129912,0.008225266084757104,0.012597674642903955,0.013946078919093646,0.015968685333378176,0.01690489967679898,0.01943938847270813,0.02262379534865753,0.03043623244648641,0.040844507539520285,0.058070851458463066,0.08283931256583747,0.12672188357882022,0.18672395670678338,0.29511840605013245,0.4651911675813715,assumed,"1900-02 HLD age pattern, level relative to assumed colonial CDR 28/1000; TFR held at 1800 level"
1785,0.0,0.0,0.0,0.184912,0.450954,0.380567,0.234849,0.120244,0.034129,0.002346,0.0,0.0,0.0,0.0,0.0,0.0,0.0,0.0,0.08885728558426319,0.008465550448665789,0.0053744454799788096,0.008520509106368306,0.013172184332143068,0.014360825068499856,0.016949633467952193,0.01906554178949914,0.02225889542367918,0.026713102914220473,0.0342533029401741,0.04742165294736117,0.06566920541291586,0.09395565966741076,0.140489027333301,0.20483858590719708,0.3259118697716852,0.5023713385712842,0.0746715613554202,0.007995206587397725,0.00525941573129912,0.008225266084757104,0.012597674642903955,0.013946078919093646,0.015968685333378176,0.01690489967679898,0.01943938847270813,0.02262379534865753,0.03043623244648641,0.040844507539520285,0.058070851458463066,0.08283931256583747,0.12672188357882022,0.18672395670678338,0.29511840605013245,0.4651911675813715,assumed,"1900-02 HLD age pattern, level relative to assumed colonial CDR 28/1000; TFR held at 1800 level"
1786,0.0,0.0,0.0,0.184912,0.450954,0.380567,0.234849,0.120244,0.034129,0.002346,0.0,0.0,0.0,0.0,0.0,0.0,0.0,0.0,0.08885728558426319,0.008465550448665789,0.0053744454799788096,0.008520509106368306,0.013172184332143068,0.014360825068499856,0.016949633467952193,0.01906554178949914,0.02225889542367918,0.026713102914220473,0.0342533029401741,0.04742165294736117,0.06566920541291586,0.09395565966741076,0.140489027333301,0.20483858590719708,0.3259118697716852,0.5023713385712842,0.0746715613554202,0.007995206587397725,0.00525941573129912,0.008225266084757104,0.012597674642903955,0.013946078919093646,0.015968685333378176,0.01690489967679898,0.01943938847270813,0.02262379534865753,0.03043623244648641,0.040844507539520285,0.058070851458463066,0.08283931256583747,0.12672188357882022,0.18672395670678338,0.29511840605013245,0.4651911675813715,assumed,"1900-02 HLD age pattern, level relative to assumed colonial CDR 28/1000; TFR held at 1800 level"
1787,0.0,0.0,0.0,0.184912,0.450954,0.380567,0.234849,0.120244,0.034129,0.002346,0.0,0.0,0.0,0.0,0.0,0.0,0.0,0.0,0.08885728558426319,0.008465550448665789,0.0053744454799788096,0.008520509106368306,0.013172184332143068,0.014360825068499856,0.016949633467952193,0.01906554178949914,0.02225889542367918,0.026713102914220473,0.0342533029401741,0.04742165294736117,0.06566920541291586,0.09395565966741076,0.140489027333301,0.20483858590719708,0.3259118697716852,0.5023713385712842,0.0746715613554202,0.007995206587397725,0.00525941573129912,0.008225266084757104,0.012597674642903955,0.013946078919093646,0.015968685333378176,0.01690489967679898,0.01943938847270813,0.02262379534865753,0.03043623244648641,0.040844507539520285,0.058070851458463066,0.08283931256583747,0.12672188357882022,0.18672395670678338,0.29511840605013245,0.4651911675813715,assumed,"1900-02 HLD age pattern, level relative to assumed colonial CDR 28/1000; TFR held at 1800 level"
1788,0.0,0.0,0.0,0.184912,0.450954,0.380567,0.234849,0.120244,0.034129,0.002346,0.0,0.0,0.0,0.0,0.0,0.0,0.0,0.0,0.08885728558426319,0.008465550448665789,0.0053744454799788096,0.008520509106368306,0.013172184332143068,0.014360825068499856,0.016949633467952193,0.01906554178949914,0.02225889542367918,0.026713102914220473,0.0342533029401741,0.04742165294736117,0.06566920541291586,0.09395565966741076,0.140489027333301,0.20483858590719708,0.3259118697716852,0.5023713385712842,0.0746715613554202,0.007995206587397725,0.00525941573129912,0.008225266084757104,0.012597674642903955,0.013946078919093646,0.015968685333378176,0.01690489967679898,0.01943938847270813,0.02262379534865753,0.03043623244648641,0.040844507539520285,0.058070851458463066,0.08283931256583747,0.12672188357882022,0.18672395670678338,0.29511840605013245,0.4651911675813715,assumed,"1900-02 HLD age pattern, level relative to assumed colonial CDR 28/1000; TFR held at 1800 level"
1789,0.0,0.0,0.0,0.184912,0.450954,0.380567,0.234849,0.120244,0.034129,0.002346,0.0,0.0,0.0,0.0,0.0,0.0,0.0,0.0,0.08885728558426319,0.008465550448665789,0.0053744454799788096,0.008520509106368306,0.013172184332143068,0.014360825068499856,0.016949633467952193,0.01906554178949914,0.02225889542367918,0.026713102914220473,0.0342533029401741,0.04742165294736117,0.06566920541291586,0.09395565966741076,0.140489027333301,0.20483858590719708,0.3259118697716852,0.5023713385712842,0.0746715613554202,0.007995206587397725,0.00525941573129912,0.008225266084757104,0.012597674642903955,0.013946078919093646,0.015968685333378176,0.01690489967679898,0.01943938847270813,0.02262379534865753,0.03043623244648641,0.040844507539520285,0.058070851458463066,0.08283931256583747,0.12672188357882022,0.18672395670678338,0.29511840605013245,0.4651911675813715,assumed,"1900-02 HLD age pattern, level relative to assumed colonial CDR 28/1000; TFR held at 1800 level"
1790,0.0,0.0,0.0,0.184912,0.450954,0.380567,0.234849,0.120244,0.034129,0.002346,0.0,0.0,0.0,0.0,0.0,0.0,0.0,0.0,0.08885728558426319,0.008465550448665789,0.0053744454799788096,0.008520509106368306,0.013172184332143068,0.014360825068499856,0.016949633467952193,0.01906554178949914,0.02225889542367918,0.026713102914220473,0.0342533029401741,0.04742165294736117,0.06566920541291586,0.09395565966741076,0.140489027333301,0.20483858590719708,0.3259118697716852,0.5023713385712842,0.0746715613554202,0.007995206587397725,0.00525941573129912,0.008225266084757104,0.012597674642903955,0.013946078919093646,0.015968685333378176,0.01690489967679898,0.01943938847270813,0.02262379534865753,0.03043623244648641,0.040844507539520285,0.058070851458463066,0.08283931256583747,0.12672188357882022,0.18672395670678338,0.29511840605013245,0.4651911675813715,assumed,"1900-02 HLD age pattern, level relative to assumed colonial CDR 28/1000; TFR held at 1800 level"
1791,0.0,0.0,0.0,0.184912,0.450954,0.380567,0.234849,0.120244,0.034129,0.002346,0.0,0.0,0.0,0.0,0.0,0.0,0.0,0.0,0.08885728558426319,0.008465550448665789,0.0053744454799788096,0.008520509106368306,0.013172184332143068,0.014360825068499856,0.016949633467952193,0.01906554178949914,0.02225889542367918,0.026713102914220473,0.0342533029401741,0.04742165294736117,0.06566920541291586,0.09395565966741076,0.140489027333301,0.20483858590719708,0.3259118697716852,0.5023713385712842,0.0746715613554202,0.007995206587397725,0.00525941573129912,0.008225266084757104,0.012597674642903955,0.013946078919093646,0.015968685333378176,0.01690489967679898,0.01943938847270813,0.02262379534865753,0.03043623244648641,0.040844507539520285,0.058070851458463066,0.08283931256583747,0.12672188357882022,0.18672395670678338,0.29511840605013245,0.4651911675813715,assumed,"1900-02 HLD age pattern, level relative to assumed colonial CDR 28/1000; TFR held at 1800 level"
1792,0.0,0.0,0.0,0.184912,0.450954,0.380567,0.234849,0.120244,0.034129,0.002346,0.0,0.0,0.0,0.0,0.0,0.0,0.0,0.0,0.08885728558426319,0.008465550448665789,0.0053744454799788096,0.008520509106368306,0.013172184332143068,0.014360825068499856,0.016949633467952193,0.01906554178949914,0.02225889542367918,0.026713102914220473,0.0342533029401741,0.04742165294736117,0.06566920541291586,0.09395565966741076,0.140489027333301,0.20483858590719708,0.3259118697716852,0.5023713385712842,0.0746715613554202,0.007995206587397725,0.00525941573129912,0.008225266084757104,0.012597674642903955,0.013946078919093646,0.015968685333378176,0.01690489967679898,0.01943938847270813,0.02262379534865753,0.03043623244648641,0.040844507539520285,0.058070851458463066,0.08283931256583747,0.12672188357882022,0.18672395670678338,0.29511840605013245,0.4651911675813715,assumed,"1900-02 HLD age pattern, level relative to assumed colonial CDR 28/1000; TFR held at 1800 level"
1793,0.0,0.0,0.0,0.184912,0.450954,0.380567,0.234849,0.120244,0.034129,0.002346,0.0,0.0,0.0,0.0,0.0,0.0,0.0,0.0,0.08885728558426319,0.008465550448665789,0.0053744454799788096,0.008520509106368306,0.013172184332143068,0.014360825068499856,0.016949633467952193,0.01906554178949914,0.02225889542367918,0.026713102914220473,0.0342533029401741,0.04742165294736117,0.06566920541291586,0.09395565966741076,0.140489027333301,0.20483858590719708,0.3259118697716852,0.5023713385712842,0.0746715613554202,0.007995206587397725,0.00525941573129912,0.008225266084757104,0.012597674642903955,0.013946078919093646,0.015968685333378176,0.01690489967679898,0.01943938847270813,0.02262379534865753,0.03043623244648641,0.040844507539520285,0.058070851458463066,0.08283931256583747,0.12672188357882022,0.18672395670678338,0.29511840605013245,0.4651911675813715,assumed,"1900-02 HLD age pattern, level relative to assumed colonial CDR 28/1000; TFR held at 1800 level"
1794,0.0,0.0,0.0,0.184912,0.450954,0.380567,0.234849,0.120244,0.034129,0.002346,0.0,0.0,0.0,0.0,0.0,0.0,0.0,0.0,0.08885728558426319,0.008465550448665789,0.0053744454799788096,0.008520509106368306,0.013172184332143068,0.014360825068499856,0.016949633467952193,0.01906554178949914,0.02225889542367918,0.026713102914220473,0.0342533029401741,0.04742165294736117,0.06566920541291586,0.09395565966741076,0.140489027333301,0.20483858590719708,0.3259118697716852,0.5023713385712842,0.0746715613554202,0.007995206587397725,0.00525941573129912,0.008225266084757104,0.012597674642903955,0.013946078919093646,0.015968685333378176,0.01690489967679898,0.01943938847270813,0.02262379534865753,0.03043623244648641,0.040844507539520285,0.058070851458463066,0.08283931256583747,0.12672188357882022,0.18672395670678338,0.29511840605013245,0.4651911675813715,assumed,"1900-02 HLD age pattern, level relative to assumed colonial CDR 28/1000; TFR held at 1800 level"
1795,0.0,0.0,0.0,0.184912,0.450954,0.380567,0.234849,0.120244,0.034129,0.002346,0.0,0.0,0.0,0.0,0.0,0.0,0.0,0.0,0.08885728558426319,0.008465550448665789,0.0053744454799788096,0.008520509106368306,0.013172184332143068,0.014360825068499856,0.016949633467952193,0.01906554178949914,0.02225889542367918,0.026713102914220473,0.0342533029401741,0.04742165294736117,0.06566920541291586,0.09395565966741076,0.140489027333301,0.20483858590719708,0.3259118697716852,0.5023713385712842,0.0746715613554202,0.007995206587397725,0.00525941573129912,0.008225266084757104,0.012597674642903955,0.013946078919093646,0.015968685333378176,0.01690489967679898,0.01943938847270813,0.02262379534865753,0.03043623244648641,0.040844507539520285,0.058070851458463066,0.08283931256583747,0.12672188357882022,0.18672395670678338,0.29511840605013245,0.4651911675813715,assumed,"1900-02 HLD age pattern, level relative to assumed colonial CDR 28/1000; TFR held at 1800 level"
1796,0.0,0.0,0.0,0.184912,0.450954,0.380567,0.234849,0.120244,0.034129,0.002346,0.0,0.0,0.0,0.0,0.0,0.0,0.0,0.0,0.08885728558426319,0.008465550448665789,0.0053744454799788096,0.008520509106368306,0.013172184332143068,0.014360825068499856,0.016949633467952193,0.01906554178949914,0.02225889542367918,0.026713102914220473,0.0342533029401741,0.04742165294736117,0.06566920541291586,0.09395565966741076,0.140489027333301,0.20483858590719708,0.3259118697716852,0.5023713385712842,0.0746715613554202,0.007995206587397725,0.00525941573129912,0.008225266084757104,0.012597674642903955,0.013946078919093646,0.015968685333378176,0.01690489967679898,0.01943938847270813,0.02262379534865753,0.03043623244648641,0.040844507539520285,0.058070851458463066,0.08283931256583747,0.12672188357882022,0.18672395670678338,0.29511840605013245,0.4651911675813715,assumed,"1900-02 HLD age pattern, level relative to assumed colonial CDR 28/1000; TFR held at 1800 level"
1797,0.0,0.0,0.0,0.184912,0.450954,0.380567,0.234849,0.120244,0.034129,0.002346,0.0,0.0,0.0,0.0,0.0,0.0,0.0,0.0,0.08885728558426319,0.008465550448665789,0.0053744454799788096,0.008520509106368306,0.013172184332143068,0.014360825068499856,0.016949633467952193,0.01906554178949914,0.02225889542367918,0.026713102914220473,0.0342533029401741,0.04742165294736117,0.06566920541291586,0.09395565966741076,0.140489027333301,0.20483858590719708,0.3259118697716852,0.5023713385712842,0.0746715613554202,0.007995206587397725,0.00525941573129912,0.008225266084757104,0.012597674642903955,0.013946078919093646,0.015968685333378176,0.01690489967679898,0.01943938847270813,0.02262379534865753,0.03043623244648641,0.040844507539520285,0.058070851458463066,0.08283931256583747,0.12672188357882022,0.18672395670678338,0.29511840605013245,0.4651911675813715,assumed,"1900-02 HLD age pattern, level relative to assumed colonial CDR 28/1000; TFR held at 1800 level"
1798,0.0,0.0,0.0,0.184912,0.450954,0.380567,0.234849,0.120244,0.034129,0.002346,0.0,0.0,0.0,0.0,0.0,0.0,0.0,0.0,0.08885728558426319,0.008465550448665789,0.0053744454799788096,0.008520509106368306,0.013172184332143068,0.014360825068499856,0.016949633467952193,0.01906554178949914,0.02225889542367918,0.026713102914220473,0.0342533029401741,0.04742165294736117,0.06566920541291586,0.09395565966741076,0.140489027333301,0.20483858590719708,0.3259118697716852,0.5023713385712842,0.0746715613554202,0.007995206587397725,0.00525941573129912,0.008225266084757104,0.012597674642903955,0.013946078919093646,0.015968685333378176,0.01690489967679898,0.01943938847270813,0.02262379534865753,0.03043623244648641,0.040844507539520285,0.058070851458463066,0.08283931256583747,0.12672188357882022,0.18672395670678338,0.29511840605013245,0.4651911675813715,assumed,"1900-02 HLD age pattern, level relative to assumed colonial CDR 28/1000; TFR held at 1800 level"
1799,0.0,0.0,0.0,0.184912,0.450954,0.380567,0.234849,0.120244,0.034129,0.002346,0.0,0.0,0.0,0.0,0.0,0.0,0.0,0.0,0.08885728558426319,0.008465550448665789,0.0053744454799788096,0.008520509106368306,0.013172184332143068,0.014360825068499856,0.016949633467952193,0.01906554178949914,0.02225889542367918,0.026713102914220473,0.0342533029401741,0.04742165294736117,0.06566920541291586,0.09395565966741076,0.140489027333301,0.20483858590719708,0.3259118697716852,0.5023713385712842,0.0746715613554202,0.007995206587397725,0.00525941573129912,0.008225266084757104,0.012597674642903955,0.013946078919093646,0.015968685333378176,0.01690489967679898,0.01943938847270813,0.02262379534865753,0.03043623244648641,0.040844507539520285,0.058070851458463066,0.08283931256583747,0.12672188357882022,0.18672395670678338,0.29511840605013245,0.4651911675813715,assumed,"1900-02 HLD age pattern, level relative to assumed colonial CDR 28/1000; TFR held at 1800 level"
1800,0.0,0.0,0.0,0.184912,0.450954,0.380567,0.234849,0.120244,0.034129,0.002346,0.0,0.0,0.0,0.0,0.0,0.0,0.0,0.0,0.07475999448293368,0.007122482986913751,0.004521784699927881,0.007168722402394583,0.011082405021987336,0.012082466798665797,0.014260558334861735,0.01604077583087377,0.018727500937358862,0.02247504426179374,0.02881898453223953,0.03989816354849564,0.055250724823375626,0.07904950677021368,0.1182003123243098,0.1723407535085236,0.2742056481451748,0.42266965790168914,0.06282484861266031,0.006726759617217327,0.004425004527991256,0.006920319961090578,0.01059904182992608,0.011733520512072076,0.013435238535291069,0.014222921601330825,0.016355311389667802,0.019034509149446713,0.02560749582680918,0.03436448838420816,0.04885785679933966,0.06969677848778258,0.1066173387463614,0.1571000270989926,0.24829759611774024,0.39138815566128443,interpolated,"mortality: 1900-02 HLD age pattern, level set relative to CDR anchors (splices to measured 1900 table); TFR level from Haines historical series (white pop., census-based); age pattern = 1950 WPP shape held fixed"
1801,0.0,0.0,0.0,0.184597,0.450185,0.379918,0.234449,0.120039,0.034071,0.002342,0.0,0.0,0.0,0.0,0.0,0.0,0.0,0.0,0.07469442930799039,0.007116236506475952,0.004517819054839794,0.007162435369581329,0.011072685654977151,0.012071870368651589,0.014248051699347904,0.016026707928904923,0.01871107675376039,0.022455333449626424,0.028793710028467655,0.03986317250694908,0.05520226945009955,0.07898017965513807,0.1180966496072444,0.1721896091467323,0.27396516737179566,0.4222989728815094,0.06276975066597687,0.006720860189667142,0.004421123759968075,0.006914250779410582,0.010589746376701174,0.011723230111030778,0.01342345571252518,0.014210447973564456,0.016340967637238014,0.01901781571693679,0.02558503782697442,0.034334350424617195,0.04881500802773985,0.0696356537979516,0.10652383439934746,0.15696224898876693,0.2480798369346363,0.39104490479463916,interpolated,"mortality: 1900-02 HLD age pattern, level set relative to CDR anchors (splices to measured 1900 table); TFR level from Haines historical series (white pop., census-based); age pattern = 1950 WPP shape held fixed"
1802,0.0,0.0,0.0,0.184281,0.449416,0.379269,0.234049,0.119834,0.034012,0.002338,0.0,0.0,0.0,0.0,0.0,0.0,0.0,0.0,0.07462875202241953,0.0071099793451112345,0.00451384662885072,0.007156137586500195,0.01106294966871237,0.01206125581968292,0.014235523678597817,0.016012615972072812,0.01869462448626628,0.02243558893372044,0.028768392307538474,0.03982812163382835,0.05515373122243756,0.07891073399685129,0.11799280963613712,0.17203820634150255,0.2737242753976465,0.4219276540228586,0.0627145585066968,0.006714950674619661,0.004417236356176151,0.0069081712199688,0.010580435029076605,0.011712922114317391,0.01341165274217857,0.014197953017002149,0.016326599358265165,0.0190010937401395,0.02556254142595401,0.034304160931791304,0.04877208598854517,0.06957442459032832,0.10643017016820243,0.15682423529020617,0.2478617054026643,0.3907010669994895,interpolated,"mortality: 1900-02 HLD age pattern, level set relative to CDR anchors (splices to measured 1900 table); TFR level from Haines historical series (white pop., census-based); age pattern = 1950 WPP shape held fixed"
1803,0.0,0.0,0.0,0.183966,0.448648,0.378621,0.233648,0.119629,0.033954,0.002334,0.0,0.0,0.0,0.0,0.0,0.0,0.0,0.0,0.07456295332570946,0.007103710616747623,0.004509866859428362,0.007149828161326794,0.011053195684487205,0.012050621648641397,0.014222972498527758,0.01599849796482589,0.018678141805083148,0.02241580791806955,0.028743027784228322,0.03979300596560535,0.055105103266927274,0.07884115996120525,0.11788877770628674,0.17188652365279553,0.27348293811019375,0.4215556487435487,0.06265926431909939,0.006709030235232846,0.004413341766123118,0.006902080421843335,0.010571106468479346,0.011702595062224156,0.013399827952841366,0.014185434962242383,0.016312204518067936,0.018984340851068118,0.025540003438049297,0.03427391563061882,0.04872908460359753,0.0695130821942901,0.10633633278920411,0.156685966459293,0.2476431706323799,0.3903565935852204,interpolated,"mortality: 1900-02 HLD age pattern, level set relative to CDR anchors (splices to measured 1900 table); TFR level from Haines historical series (white pop., census-based); age pattern = 1950 WPP shape held fixed"
1804,0.0,0.0,0.0,0.183651,0.447879,0.377972,0.233248,0.119424,0.033896,0.00233,0.0,0.0,0.0,0.0,0.0,0.0,0.0,0.0,0.07449704022267185,0.007097430988742738,0.004505880170251863,0.007143507765751259,0.011043424740693388,0.012039968987621861,0.01421039949531393,0.01598435541014198,0.018661630464927782,0.02239599250852534,0.02871761915879903,0.03975782924063136,0.05505639076041396,0.07877146495492743,0.11778456489274663,0.17173457722847923,0.27324118120177376,0.4211829966465973,0.06260387398970504,0.006703099501786094,0.004409440404420075,0.00689597903344967,0.010561761688011293,0.011692250054150585,0.013387982603359517,0.014172895141934901,0.016297784649095294,0.018967558833205285,0.025517426262614204,0.03424361774096047,0.04868600845074754,0.06945163314023883,0.1062423322521122,0.15654745721588006,0.24742425588860426,0.3900115212238562,interpolated,"mortality: 1900-02 HLD age pattern, level set relative to CDR anchors (splices to measured 1900 table); TFR level from Haines historical series (white pop., census-based); age pattern = 1950 WPP shape held fixed"
1805,0.0,0.0,0.0,0.183336,0.44711,0.377323,0.232848,0.119219,0.033838,0.002326,0.0,0.0,0.0,0.0,0.0,0.0,0.0,0.0,0.07443100981673405,0.007091140185136294,0.004501886386124876,0.007137176122021757,0.011033636407943631,0.012029297368489681,0.01419780411643164,0.015970187686521944,0.018645089740203992,0.022376141834293213,0.028692165314660328,0.03972258991305381,0.05500759156221073,0.07870164591524824,0.11768016661585096,0.1715823603912189,0.272998994048301,0.42080968135568714,0.06254838508436783,0.0066971582136514055,0.004405532099620421,0.006889866786660319,0.010552400277013043,0.011681886635481947,0.013376116173185303,0.014160333005013239,0.016283339117661427,0.018950746949059794,0.02549480890748745,0.03421326593136567,0.0486428556369997,0.06939007472777593,0.10614816442604265,0.1564087014731338,0.2472049515510581,0.38966583475108013,interpolated,"mortality: 1900-02 HLD age pattern, level set relative to CDR anchors (splices to measured 1900 table); TFR level from Haines historical series (white pop., census-based); age pattern = 1950 WPP shape held fixed"
1806,0.0,0.0,0.0,0.183021,0.446342,0.376675,0.232447,0.119014,0.03378,0.002322,0.0,0.0,0.0,0.0,0.0,0.0,0.0,0.0,0.07436485943614875,0.00708483795138741,0.004497885345449394,0.007130832973944919,0.011023830290178704,0.012018606359445752,0.014185185852241888,0.01595599422070597,0.018628518961634703,0.022356255092167668,0.02866666522188912,0.03968728655700567,0.05495870369778593,0.07863170001712322,0.11757557865139705,0.17142986698195908,0.27275636685030696,0.4204356877655934,0.0624927953578746,0.006691206130430127,0.004401616693584841,0.006883743434159233,0.010543021856699633,0.01167150438688967,0.013364228182174726,0.01414774804318345,0.016268867339265768,0.018933904518382814,0.025472150457517037,0.03418285897372801,0.04859962441628852,0.06932840446610156,0.10605382550074116,0.15626969361666676,0.24698524874616617,0.3893195201795952,interpolated,"mortality: 1900-02 HLD age pattern, level set relative to CDR anchors (splices to measured 1900 table); TFR level from Haines historical series (white pop., census-based); age pattern = 1950 WPP shape held fixed"
1807,0.0,0.0,0.0,0.182705,0.445573,0.376026,0.232047,0.118809,0.033722,0.002318,0.0,0.0,0.0,0.0,0.0,0.0,0.0,0.0,0.07429859449016935,0.007078524802842772,0.004493877375398786,0.007124478840213081,0.011014007189265132,0.012007896834715995,0.01417254573456623,0.01594177617332311,0.018611919484246744,0.02233633390832873,0.028641120965680725,0.03965192205931537,0.05490973116480133,0.0785616329801731,0.11747080955175905,0.17127710947040123,0.27251331944791934,0.4200610464585454,0.06243710935591224,0.00668524373883641,0.004397694506484187,0.00687760947666561,0.010533627193963885,0.01166110415735169,0.013352319602433394,0.014135141285543886,0.01625437049729556,0.018917032918414723,0.025449452765531268,0.03415239935448727,0.048556318323720295,0.06926662739812056,0.10595932319049677,0.1561304450134388,0.24676516543948115,0.38897260582825993,interpolated,"mortality: 1900-02 HLD age pattern, level set relative to CDR anchors (splices to measured 1900 table); TFR level from Haines historical series (white pop., census-based); age pattern = 1950 WPP shape held fixed"
1808,0.0,0.0,0.0,0.18239,0.444804,0.375377,0.231647,0.118604,0.033663,0.002314,0.0,0.0,0.0,0.0,0.0,0.0,0.0,0.0,0.07423220882936432,0.007072200153637953,0.004489862104030738,0.007118113131158362,0.011004166193612552,0.011997167800449314,0.014159882590393252,0.015927532224929014,0.01859528976759746,0.02231637643407715,0.028615530175511,0.03961649313813376,0.054860669418572955,0.07849143830212975,0.11736584959429408,0.17112407368054558,0.27226982928617594,0.419685722667578,0.06238132191078236,0.006679270485556309,0.004393765174336858,0.00687146434494407,0.010524215416974785,0.011650684981719714,0.013340389328837106,0.014122511562178966,0.01623984724643413,0.018900130583459712,0.025426713725169078,0.03412188424697034,0.04851293334046054,0.0692047377908795,0.10586464872543155,0.155990942741086,0.24654468120712425,0.38862505950318943,interpolated,"mortality: 1900-02 HLD age pattern, level set relative to CDR anchors (splices to measured 1900 table); TFR level from Haines historical series (white pop., census-based); age pattern = 1950 WPP shape held fixed"
1809,0.0,0.0,0.0,0.182075,0.444036,0.374729,0.231246,0.118399,0.033605,0.00231,0.0,0.0,0.0,0.0,0.0,0.0,0.0,0.0,0.07416570056835763,0.007065863824150695,0.0044858394173101345,0.007111735665992392,0.010994307023733232,0.011986418951937377,0.014147196060085219,0.01591326197099055,0.018578629339397062,0.022296382102613664,0.028589892124592533,0.039580998787267035,0.05481151706573001,0.07842111398943971,0.11726069579810255,0.17097075526612204,0.27202588944987066,0.4193097057333639,0.06232543143810194,0.006673286200947335,0.004389828585548443,0.006865307864470718,0.010514786258434564,0.011640246564085502,0.013328437022561906,0.014109858514400116,0.016225297174216047,0.018883197033485538,0.025403932690633742,0.03409131278453745,0.04846946823436051,0.06914273388669182,0.1057697994167575,0.15585118283769483,0.24632378978726596,0.38827687133394617,interpolated,"mortality: 1900-02 HLD age pattern, level set relative to CDR anchors (splices to measured 1900 table); TFR level from Haines historical series (white pop., census-based); age pattern = 1950 WPP shape held fixed"
1810,0.0,0.0,0.0,0.18176,0.443267,0.37408,0.230846,0.118194,0.033547,0.002306,0.0,0.0,0.0,0.0,0.0,0.0,0.0,0.0,0.07409907346215136,0.00705951617212499,0.004481809542354583,0.007105346804781647,0.010984430236267856,0.01197565089605139,0.01413448685991327,0.015898966217194603,0.018561939140279725,0.022276352042801893,0.02856420826042873,0.039545441010697284,0.05476227688137419,0.07835066401255623,0.11715535410008193,0.17081716288336313,0.27178151371164755,0.41893301688551216,0.06226944109340143,0.006667291222877311,0.004385884962375532,0.006859140382835415,0.010505340250705814,0.011629789493793587,0.013316463358425245,0.014097182856588083,0.016210721102126523,0.018866233224546607,0.025381110948123866,0.0340606866932284,0.04842592545942461,0.06908061918624733,0.10567478061958913,0.15571117319399536,0.24610250365125547,0.38792806097894983,interpolated,"mortality: 1900-02 HLD age pattern, level set relative to CDR anchors (splices to measured 1900 table); TFR level from Haines historical series (white pop., census-based); age pattern = 1950 WPP shape held fixed"
1811,0.0,0.0,0.0,0.181261,0.44205,0.373053,0.230212,0.11787,0.033455,0.0023,0.0,0.0,0.0,0.0,0.0,0.0,0.0,0.0,0.07403411854776536,0.007053327832013001,0.004477880808275786,0.007099118289743288,0.010974801334147502,0.011965153094360697,0.0141220966323304,0.01588502925494647,0.018545667827949336,0.022256824692834257,0.028539169003993118,0.03951077565504316,0.054714272515864415,0.07828198217302389,0.11705265624382169,0.1706674253269763,0.27154327125961664,0.4185657820879115,0.06221485598152209,0.006661446705391006,0.004382040315351929,0.006853127691238721,0.010496131316711127,0.0116195948726519,0.013304790206563059,0.014084825329526677,0.016196510856949006,0.01884969516939113,0.02535886198046978,0.03403082924853015,0.048383475511060724,0.06902006342629889,0.10558214658238471,0.1555746774802004,0.24588677130390008,0.38758800498618917,interpolated,"mortality: 1900-02 HLD age pattern, level set relative to CDR anchors (splices to measured 1900 table); TFR level from Haines historical series (white pop., census-based); age pattern = 1950 WPP shape held fixed"
1812,0.0,0.0,0.0,0.180762,0.440833,0.372026,0.229579,0.117545,0.033363,0.002293,0.0,0.0,0.0,0.0,0.0,0.0,0.0,0.0,0.07396888542463166,0.007047112986587764,0.004473935247014652,0.007092863097318234,0.01096513119042402,0.011954610329478388,0.014109653336096267,0.015871032599219397,0.018529326823872455,0.02223721370516759,0.028514022501781845,0.03947596182401537,0.05466606254259519,0.07821300616193047,0.11694951852181379,0.17051704642884594,0.2713040083900415,0.41819697438494846,0.06216003707585269,0.006655577155220012,0.004378179201299713,0.006847089246649891,0.010486882939881075,0.01160935658687286,0.013293067057360537,0.014072414873873791,0.016182239747792947,0.01883308628000151,0.02533651771814112,0.03400084392124785,0.048340843745091726,0.06895924829964512,0.10548911578383087,0.15543759714087005,0.24567011495215238,0.3872464924977532,interpolated,"mortality: 1900-02 HLD age pattern, level set relative to CDR anchors (splices to measured 1900 table); TFR level from Haines historical series (white pop., census-based); age pattern = 1950 WPP shape held fixed"
1813,0.0,0.0,0.0,0.180263,0.439616,0.370999,0.228945,0.11722,0.033271,0.002287,0.0,0.0,0.0,0.0,0.0,0.0,0.0,0.0,0.07390337129641726,0.007040871369438955,0.00446997268943773,0.007086580959366617,0.010955419390569618,0.011944022149470233,0.014097156437807006,0.015856975650022025,0.01851291542756309,0.022217518239142274,0.028488767675845697,0.03944099802525757,0.05461764489496089,0.07814373302249744,0.11684593651287765,0.170366019742715,0.27106371484649666,0.41782657796702966,0.062104982026484006,0.0066496823207557,0.004374301454705413,0.006841024790220336,0.010477594723767655,0.011599074197574267,0.013281293408284184,0.014059950957633325,0.01616790716290206,0.018816405844408385,0.025314077203311625,0.0339707294260075,0.04829802833403169,0.06889817119933819,0.10539568423599813,0.15529992629981348,0.2454525253086553,0.3869035088741062,interpolated,"mortality: 1900-02 HLD age pattern, level set relative to CDR anchors (splices to measured 1900 table); TFR level from Haines historical series (white pop., census-based); age pattern = 1950 WPP shape held fixed"
1814,0.0,0.0,0.0,0.179764,0.438399,0.369971,0.228311,0.116896,0.033179,0.002281,0.0,0.0,0.0,0.0,0.0,0.0,0.0,0.0,0.07383757314508246,0.007034602693033964,0.00446599295300186,0.007080271586489155,0.010945665487190764,0.011933388066570485,0.014084605361767933,0.015842857759792803,0.018496432882997356,0.02219773738744717,0.02846340336277047,0.039405882648092264,0.05456901734250547,0.07807415956351872,0.11674190544530032,0.17021433831123636,0.27082237955937827,0.41745457577110134,0.06204968829719481,0.006643761930440697,0.004370406896932855,0.006834934042578708,0.010468266240490567,0.01158874723107724,0.013269468716957248,0.014047433006629986,0.01615351244201707,0.018799653094194037,0.02529153940221398,0.03394048437552447,0.04825502730550285,0.06883682931173903,0.1053018476347749,0.15516165861494735,0.24523399234970558,0.3865590383150196,interpolated,"mortality: 1900-02 HLD age pattern, level set relative to CDR anchors (splices to measured 1900 table); TFR level from Haines historical series (white pop., census-based); age pattern = 1950 WPP shape held fixed"
1815,0.0,0.0,0.0,0.179265,0.437182,0.368944,0.227677,0.116571,0.033087,0.002274,0.0,0.0,0.0,0.0,0.0,0.0,0.0,0.0,0.073771487774238,0.00702830665284858,0.004461995844376581,0.007073934672184654,0.010935869006455419,0.01192270756418912,0.014071999498263975,0.01582867824270284,0.018479878389474513,0.02217787018915403,0.02843792833039057,0.039370613986659746,0.0545201775229652,0.07800428240520547,0.11663742026538679,0.17006199476592185,0.2705799908049294,0.4170809497257769,0.06199415320188708,0.006637815696670083,0.0043664953387894485,0.006828816707844348,0.01045889703688413,0.011578375185711072,0.013257592408951484,0.014034860412757868,0.016139054885861023,0.018782827215531477,0.02526890321999089,0.03391010730053326,0.04821183857057073,0.06877521965693786,0.10520760142170019,0.15502278736940597,0.24501450545925407,0.38621306408655826,interpolated,"mortality: 1900-02 HLD age pattern, level set relative to CDR anchors (splices to measured 1900 table); TFR level from Haines historical series (white pop., census-based); age pattern = 1950 WPP shape held fixed"
1816,0.0,0.0,0.0,0.178766,0.435964,0.367917,0.227043,0.116247,0.032994,0.002268,0.0,0.0,0.0,0.0,0.0,0.0,0.0,0.0,0.07370511268251813,0.0070219830105744015,0.004457981212269247,0.007067569976597606,0.010926029577561678,0.011911980238063558,0.014059338370156627,0.015814436562050026,0.018463251320398354,0.022157915892279046,0.02841234161446274,0.039335190706022795,0.05447112358772744,0.07793409890267082,0.11653247701831854,0.1699089833404888,0.2703365394086094,0.4167056856891157,0.061938374638528505,0.006631843394375808,0.004362566632220679,0.006822672554472947,0.010449486758319105,0.011567957668888441,0.013245664034742442,0.014022232700137739,0.016124533947207875,0.018765927571552425,0.02524616779985106,0.033879597051245734,0.0481684604945192,0.06871333990297718,0.10511294202950568,0.15488330730684027,0.24479405632960757,0.38586557309341724,interpolated,"mortality: 1900-02 HLD age pattern, level set relative to CDR anchors (splices to measured 1900 table); TFR level from Haines historical series (white pop., census-based); age pattern = 1950 WPP shape held fixed"
1817,0.0,0.0,0.0,0.178266,0.434747,0.36689,0.226409,0.115922,0.032902,0.002262,0.0,0.0,0.0,0.0,0.0,0.0,0.0,0.0,0.07363844452610652,0.007015631447641648,0.00445394885443242,0.007061177179090065,0.010916146704822953,0.01190120554777709,0.014046621339608927,0.015800132000372984,0.01844655083813741,0.022137873491573073,0.028386641925990212,0.039299611021642346,0.05442185306557377,0.07786360552023992,0.11642707041730899,0.16975529632659228,0.27009201310592673,0.4163287647562247,0.061882349797130205,0.006625844722687753,0.004358620579307826,0.006816501272936941,0.010440034930728453,0.011557494155800084,0.013233682993407526,0.014009549232616028,0.016109948894527916,0.01874895331089376,0.025223331996439103,0.03384895209062945,0.04812489089206587,0.06865118693250485,0.10501786468948053,0.15474321140058261,0.24457263385507297,0.3855165478298421,interpolated,"mortality: 1900-02 HLD age pattern, level set relative to CDR anchors (splices to measured 1900 table); TFR level from Haines historical series (white pop., census-based); age pattern = 1950 WPP shape held fixed"
1818,0.0,0.0,0.0,0.177767,0.43353,0.365863,0.225776,0.115598,0.03281,0.002255,0.0,0.0,0.0,0.0,0.0,0.0,0.0,0.0,0.07357147805148494,0.007009251463540731,0.004449898453112218,0.0070547557759031146,0.010906219609458862,0.011890382644273216,0.014033847404505986,0.015785763430457775,0.018429775626676772,0.022117741407674647,0.028360827239811516,0.039263872129803236,0.05437236207393715,0.07779279670296285,0.11632119215621126,0.16960092161354,0.26984639262796106,0.4159501572253528,0.06182607426287792,0.0066198192089045125,0.004354656869097926,0.006810302376933098,0.01043054080929859,0.011546983821910575,0.013221648340828547,0.01399680901072265,0.016095298578504228,0.018731903095966555,0.02520039401027058,0.03381817000383047,0.04808112632988195,0.06858875584780388,0.10492236190943406,0.15460248861093373,0.24435022058733505,0.38516596079228876,interpolated,"mortality: 1900-02 HLD age pattern, level set relative to CDR anchors (splices to measured 1900 table); TFR level from Haines historical series (white pop., census-based); age pattern = 1950 WPP shape held fixed"
1819,0.0,0.0,0.0,0.177268,0.432313,0.364836,0.225142,0.115273,0.032718,0.002249,0.0,0.0,0.0,0.0,0.0,0.0,0.0,0.0,0.07350421312726772,0.007002843045754364,0.004445830000361909,0.007048305754438207,0.010896248271992825,0.011879511506317811,0.014021016539785837,0.015771330824113812,0.018412925653104116,0.02209751960108539,0.028334897505279222,0.03922797396038713,0.05432265051571815,0.07772167231191544,0.11621484202729625,0.16944585889845468,0.2695996774928145,0.4155698623536863,0.06176954792536123,0.006613766841204261,0.00435067549381433,0.00680407585429942,0.010421004375402413,0.01153642664659904,0.013209560053393977,0.013984012009461779,0.016080582970393446,0.018714776893318942,0.025177353796342044,0.03378725073045553,0.04803716672210304,0.06852604652638687,0.10482643350199347,0.15446113866180086,0.2441268160900275,0.38481381129291875,interpolated,"mortality: 1900-02 HLD age pattern, level set relative to CDR anchors (splices to measured 1900 table); TFR level from Haines historical series (white pop., census-based); age pattern = 1950 WPP shape held fixed"
1820,0.0,0.0,0.0,0.176769,0.431096,0.363809,0.224508,0.114949,0.032626,0.002243,0.0,0.0,0.0,0.0,0.0,0.0,0.0,0.0,0.0734366453887905,0.0069964057784552315,0.004441743232189062,0.007041826696168461,0.010886232045407958,0.011868591428508036,0.014008127912883528,0.01575683324484286,0.018395999824063876,0.022077206759659327,0.02830885103987321,0.03919191418404536,0.05427271516524945,0.07765022773200148,0.11610801312975161,0.16929009811967757,0.269351851691716,0.4151878554647762,0.06171276711671764,0.006607687226862943,0.004346676195114861,0.006797821301011345,0.010411425010242921,0.011525821944834947,0.01319741734672298,0.013971157398465783,0.016065801115334014,0.01869757359167148,0.025154209859627637,0.03375619226422493,0.047993009216292515,0.06846305489919188,0.10473007324258767,0.1543191523813148,0.24390240586695242,0.3844600764815706,interpolated,"mortality: 1900-02 HLD age pattern, level set relative to CDR anchors (splices to measured 1900 table); TFR level from Haines historical series (white pop., census-based); age pattern = 1950 WPP shape held fixed"
1821,0.0,0.0,0.0,0.176297,0.429943,0.362836,0.223907,0.114641,0.032539,0.002237,0.0,0.0,0.0,0.0,0.0,0.0,0.0,0.0,0.07336865805092291,0.00698992853537039,0.00443763108495999,0.007035307402588768,0.010876153617502413,0.011857603536411519,0.013995159246895815,0.015742245634803368,0.01837896888468982,0.02205676777436534,0.02828264282447746,0.03915563047449952,0.05422246971349447,0.07757833947729757,0.11600052081884887,0.16913337005785553,0.2691024868786956,0.41480347629197284,0.06165563369611414,0.00660156985778055,0.004342652060549432,0.006791527906601668,0.010401786156696347,0.011515151387286785,0.013185199233172438,0.013958222959625042,0.016050927464137683,0.018680263456569982,0.02513092219778709,0.03372494092320247,0.04794857748993035,0.06839967209051054,0.10463311458064521,0.15417628435817948,0.24367660204398908,0.38410414495749345,interpolated,"mortality: 1900-02 HLD age pattern, level set relative to CDR anchors (splices to measured 1900 table); TFR level from Haines historical series (white pop., census-based); age pattern = 1950 WPP shape held fixed"
1822,0.0,0.0,0.0,0.175824,0.42879,0.361863,0.223307,0.114334,0.032451,0.002231,0.0,0.0,0.0,0.0,0.0,0.0,0.0,0.0,0.07330039147465904,0.006983424688876323,0.004433502048271298,0.007028761332889561,0.010866033795358858,0.011846570514714935,0.013982137315850135,0.015727598110359797,0.018361867995640616,0.022036244841829786,0.028256326966390195,0.03911919774007371,0.05417201789302717,0.07750615596230571,0.11589258701425847,0.1689759982806887,0.26885209787157277,0.4144175183924955,0.06159826561645141,0.0065954273633676815,0.004338611398011033,0.0067852086638882135,0.010392107714336754,0.011504437003498756,0.013172930937241758,0.013945235396304476,0.01603599272370566,0.018662882225077348,0.02510753888858705,0.03369356122630342,0.04790396327305741,0.0683360289552095,0.10453575768894238,0.1540328295458138,0.24344987079689975,0.38374675154726084,interpolated,"mortality: 1900-02 HLD age pattern, level set relative to CDR anchors (splices to measured 1900 table); TFR level from Haines historical series (white pop., census-based); age pattern = 1950 WPP shape held fixed"
1823,0.0,0.0,0.0,0.175351,0.427637,0.36089,0.222707,0.114027,0.032364,0.002225,0.0,0.0,0.0,0.0,0.0,0.0,0.0,0.0,0.07323184240861517,0.00697689392920943,0.004429355925466242,0.007022188175296243,0.010855872096992887,0.011835491837940236,0.013969061499541158,0.015712889973883457,0.01834469634243932,0.022015636984591483,0.028229902212246204,0.03908261424555862,0.05412135730094067,0.0774336737490872,0.11578420657533568,0.16881797529291276,0.2686006727448816,0.4140299633840363,0.061540660145416655,0.006589259451071124,0.004334554015051983,0.006778863271899644,0.010382389222201669,0.011493678283168825,0.013160611874619555,0.013932194089935613,0.0160209961827298,0.018645429069364557,0.025084058818333022,0.033662051678983285,0.04785916444079875,0.06827212246210917,0.10443799793058908,0.1538887811117872,0.24322220132698433,0.38338787922902734,interpolated,"mortality: 1900-02 HLD age pattern, level set relative to CDR anchors (splices to measured 1900 table); TFR level from Haines historical series (white pop., census-based); age pattern = 1950 WPP shape held fixed"
1824,0.0,0.0,0.0,0.174878,0.426484,0.359917,0.222106,0.113719,0.032277,0.002219,0.0,0.0,0.0,0.0,0.0,0.0,0.0,0.0,0.07316300890887986,0.006970336071170712,0.004425192598969252,0.0070155877434074955,0.010845668234239504,0.011824367191918792,0.013955931427165455,0.01569812080828165,0.01832745343813294,0.02199494361825371,0.02820336781269345,0.03904587895352109,0.05407048650060408,0.07736089078219459,0.11567537642863275,0.1686592966133187,0.2683482043687191,0.41364080027632716,0.06148281564943642,0.006583065945981488,0.004330479796613193,0.006772491550693609,0.010372630404694516,0.011482874921201666,0.013148241695962386,0.013919098670693655,0.016005937415938844,0.01862790349449578,0.02506048132117819,0.033630411387695694,0.04781417972275101,0.068207950798952,0.10433983253331831,0.15374413497118047,0.24299358717800187,0.3830275178259073,interpolated,"mortality: 1900-02 HLD age pattern, level set relative to CDR anchors (splices to measured 1900 table); TFR level from Haines historical series (white pop., census-based); age pattern = 1950 WPP shape held fixed"
1825,0.0,0.0,0.0,0.174405,0.425331,0.358944,0.221506,0.113412,0.03219,0.002213,0.0,0.0,0.0,0.0,0.0,0.0,0.0,0.0,0.0730938870746136,0.006963750743122057,0.004421011832841889,0.007008959663172521,0.010835421628839121,0.011813195946209621,0.013942746354633224,0.015683289776576088,0.018310138305554797,0.021974163570109843,0.028176722264010134,0.039008989782148056,0.05401940260913584,0.07728780293696945,0.11556609040667394,0.16849995324948178,0.26809467843553714,0.4132500070152398,0.061424728850425235,0.006576846497108783,0.004326388511806035,0.0067660931391804935,0.010362830708776713,0.01147202630536368,0.013135819700244127,0.013905948396452613,0.015990815569942616,0.018610304507285205,0.02503680506097035,0.033598638559364624,0.047769006569600765,0.0681435103290878,0.10424125593403274,0.1535988829268021,0.24276401539423884,0.3826656469159841,interpolated,"mortality: 1900-02 HLD age pattern, level set relative to CDR anchors (splices to measured 1900 table); TFR level from Haines historical series (white pop., census-based); age pattern = 1950 WPP shape held fixed"
1826,0.0,0.0,0.0,0.173933,0.424178,0.357971,0.220905,0.113104,0.032102,0.002207,0.0,0.0,0.0,0.0,0.0,0.0,0.0,0.0,0.07302447482725971,0.0069571377470366395,0.004416813501364697,0.007002303735278894,0.010825131972666959,0.011801977764883169,0.013929505885457294,0.015668396432784108,0.01829275042402304,0.02195329621528486,0.028149964764940277,0.03897194562214847,0.05396810409039669,0.07721440801559357,0.11545634522312882,0.1683399404098016,0.2678400873215794,0.4128575718492641,0.06136639800166002,0.006570600917428504,0.004322280037601838,0.0067596678449542225,0.010352989839762457,0.011461132109427084,0.013123345513924023,0.013892742871771738,0.015975630190013402,0.01859263157851522,0.025013029325742734,0.033566732238552104,0.047723643622950056,0.06807879911473282,0.104142265168444,0.15345302061079047,0.24253347907226205,0.3823022556174689,interpolated,"mortality: 1900-02 HLD age pattern, level set relative to CDR anchors (splices to measured 1900 table); TFR level from Haines historical series (white pop., census-based); age pattern = 1950 WPP shape held fixed"
1827,0.0,0.0,0.0,0.17346,0.423025,0.356998,0.220305,0.112797,0.032015,0.002201,0.0,0.0,0.0,0.0,0.0,0.0,0.0,0.0,0.07295476903690468,0.006950496784723479,0.004412597415227936,0.0069956196595997696,0.010814798801745327,0.011790712142093004,0.013916209422602917,0.0156534401053401,0.018275289009489205,0.02193234061283507,0.028123094108943796,0.03893474480313962,0.053916588631251205,0.07714070270856799,0.11534613592940476,0.1681792508790334,0.2675844195469096,0.4124634770828464,0.0613078204729059,0.006564328925317086,0.004318154188742677,0.006753215378287605,0.010343107353910619,0.011450191842154489,0.01311081857452029,0.013879481501191983,0.01596038059141719,0.01857488391128411,0.02498915304340795,0.03353469098654914,0.047678088837308265,0.06801381423795089,0.10404285577289404,0.15330654144597147,0.24230196781680582,0.3819373275444444,interpolated,"mortality: 1900-02 HLD age pattern, level set relative to CDR anchors (splices to measured 1900 table); TFR level from Haines historical series (white pop., census-based); age pattern = 1950 WPP shape held fixed"
1828,0.0,0.0,0.0,0.172987,0.421872,0.356025,0.219704,0.112489,0.031928,0.002195,0.0,0.0,0.0,0.0,0.0,0.0,0.0,0.0,0.07288476707706508,0.006943827605954052,0.004408363415571343,0.006988907184282129,0.010804421726724913,0.011779398653355436,0.013902856465065247,0.015638420230696247,0.018257753404014917,0.021911295973162624,0.02809610928354625,0.03889738592341106,0.053864854290619636,0.07706668423870934,0.11523545837286425,0.16801787860246667,0.267327665478079,0.41206770786667024,0.061248994056987485,0.00655803028444864,0.0043140108097683896,0.006746735496054548,0.010333182878853495,0.011439205091321453,0.01309823841002339,0.013866163785030763,0.01594506619955585,0.01855706083686762,0.024965175314318234,0.03350251359605551,0.047632340496191194,0.06794855325014057,0.10394302400168076,0.15315943991307485,0.24206947290462832,0.3815708489465822,interpolated,"mortality: 1900-02 HLD age pattern, level set relative to CDR anchors (splices to measured 1900 table); TFR level from Haines historical series (white pop., census-based); age pattern = 1950 WPP shape held fixed"
1829,0.0,0.0,0.0,0.172514,0.420719,0.355052,0.219104,0.112182,0.031841,0.002189,0.0,0.0,0.0,0.0,0.0,0.0,0.0,0.0,0.07281446576419383,0.006937129907427636,0.0044041113098412035,0.006982166004056213,0.010794000275677392,0.011768036784155946,0.013889446405578862,0.015623336125779125,0.018240142810116402,0.021890161339200014,0.028069009061532518,0.03885986728395675,0.05381289871572913,0.07699234923980776,0.11512430752011654,0.1678558162412176,0.2670698134384334,0.4116702462019544,0.06118991607859871,0.006551704708373756,0.004309849712246505,0.006740227903563154,0.010323215963246092,0.011428171357272839,0.013085604448312957,0.013852789117625367,0.0159296863179619,0.018539161544708475,0.0249410950480151,0.033470198603708756,0.04758639651905709,0.06788301318336451,0.10384276531465772,0.15301170932222133,0.24183598376233256,0.3812028031571791,interpolated,"mortality: 1900-02 HLD age pattern, level set relative to CDR anchors (splices to measured 1900 table); TFR level from Haines historical series (white pop., census-based); age pattern = 1950 WPP shape held fixed"
1830,0.0,0.0,0.0,0.172041,0.419566,0.354078,0.218503,0.111874,0.031753,0.002183,0.0,0.0,0.0,0.0,0.0,0.0,0.0,0.0,0.07274386207335085,0.006930403400954213,0.004399840915076994,0.0069753958288610645,0.010783534000186324,0.011756626045613578,0.01387597866713283,0.015608187141546614,0.018222456470041233,0.02186893580156164,0.0280417922768284,0.03882218727041657,0.053760719671024,0.07691769451336088,0.11501267858853878,0.16769305682203198,0.26681085233305957,0.4112710749866327,0.061130583995719565,0.006545351924914181,0.004305670717132421,0.006733692320803328,0.01031320617822982,0.011417090165246759,0.013072916145772166,0.01383935692348772,0.015914240284866477,0.018521185264632076,0.024916911208367656,0.03343774461905243,0.0475402549290186,0.06781719121755062,0.1037420753978725,0.1528633433168272,0.24160149034329742,0.3808331743398813,interpolated,"mortality: 1900-02 HLD age pattern, level set relative to CDR anchors (splices to measured 1900 table); TFR level from Haines historical series (white pop., census-based); age pattern = 1950 WPP shape held fixed"
1831,0.0,0.0,0.0,0.170965,0.41694,0.351862,0.217136,0.111174,0.031555,0.002169,0.0,0.0,0.0,0.0,0.0,0.0,0.0,0.0,0.07267194847067181,0.006923552097457582,0.004395491291584379,0.0069685000464559475,0.01077287354365484,0.01174500360338694,0.01386226106143787,0.015592757097874952,0.018204441994907908,0.02184731646605453,0.028014070538516372,0.038783808178752724,0.05370757254734967,0.07684165471612488,0.11489897860292725,0.1675272777237464,0.26654708671657656,0.4108644979389342,0.061070151123395956,0.0065388812781227304,0.00430141418902966,0.006727035483232169,0.010303010681450994,0.011405803383620204,0.013059992436874014,0.013825675521555478,0.01589850768117779,0.018502875470234267,0.02489227868540894,0.03340468851490178,0.047493257273040726,0.06775014805535078,0.10363951737883664,0.15271222467365714,0.24136264636267826,0.38045668779097,interpolated,"mortality: 1900-02 HLD age pattern, level set relative to CDR anchors (splices to measured 1900 table); TFR level from Haines historical series (white pop., census-based); age pattern = 1950 WPP shape held fixed"
1832,0.0,0.0,0.0,0.169888,0.414314,0.349646,0.215768,0.110474,0.031356,0.002155,0.0,0.0,0.0,0.0,0.0,0.0,0.0,0.0,0.07259857221984224,0.006916561445548206,0.004391053201257674,0.006961464010983183,0.010761996264485514,0.011733144772730374,0.013848264453859368,0.015577013223105998,0.018186061124019746,0.021825257415668493,0.027985784968776614,0.038744648496138755,0.053653344466259044,0.07676406834821725,0.11478296607744182,0.16735812685040752,0.2662779563808088,0.4104496515354433,0.061008489109079134,0.0065322790250814215,0.00429707108755656,0.006720243252483654,0.010292607818833833,0.011394287040552465,0.01304680587313041,0.013811715854086712,0.015882455092634622,0.018484193273593838,0.024867145162461263,0.03337096008385053,0.04744530373344648,0.06768174130471223,0.10353487343598002,0.1525580324338974,0.24111894454302027,0.3800725438958273,interpolated,"mortality: 1900-02 HLD age pattern, level set relative to CDR anchors (splices to measured 1900 table); TFR level from Haines historical series (white pop., census-based); age pattern = 1950 WPP shape held fixed"
1833,0.0,0.0,0.0,0.168811,0.411687,0.347429,0.2144,0.109774,0.031157,0.002142,0.0,0.0,0.0,0.0,0.0,0.0,0.0,0.0,0.07252369565445987,0.006909427856698408,0.004386524365881604,0.006954284110618243,0.010750896579019217,0.01172104346612264,0.013833981659486062,0.015560947435399734,0.018167304421881348,0.021802747326779656,0.02795692104771153,0.038704688120643316,0.05359800759072456,0.0766848955820465,0.11466458145910176,0.16718551737140236,0.2660033231724524,0.41002632282208656,0.06094556629966324,0.006525541776640278,0.004292639183258692,0.006713312141886103,0.010281992250252564,0.011382535224332253,0.013033349685451784,0.013797470755132706,0.015866074278924197,0.018465129084535143,0.02484149773767457,0.03333654201200438,0.047396369694133335,0.06761193585023789,0.10342808985218296,0.15240068744568538,0.24087025978429896,0.3796805454609699,interpolated,"mortality: 1900-02 HLD age pattern, level set relative to CDR anchors (splices to measured 1900 table); TFR level from Haines historical series (white pop., census-based); age pattern = 1950 WPP shape held fixed"
1834,0.0,0.0,0.0,0.167734,0.409061,0.345213,0.213032,0.109073,0.030958,0.002128,0.0,0.0,0.0,0.0,0.0,0.0,0.0,0.0,0.07244728208250138,0.006902147835210873,0.004381902566175243,0.00694695682696962,0.010739569048038538,0.011708693753518436,0.013819405679270626,0.015544551861982423,0.018148162697080843,0.021779775168691,0.02792746463103365,0.03866390747034483,0.05354153480382496,0.07660409762030711,0.11454376673548146,0.16700936470230857,0.26572305251204253,0.4095943043536246,0.060881351860865476,0.006518666231322052,0.004288116304354608,0.006706238754963323,0.010271158773723253,0.011370542176176258,0.01301961727985576,0.013782933244118155,0.015849357212899488,0.018445673560967414,0.024815323842952233,0.03330141743335606,0.047346431175784104,0.06754069748491849,0.10331911429991511,0.15224011260471007,0.24061647022265853,0.3792805003940437,interpolated,"mortality: 1900-02 HLD age pattern, level set relative to CDR anchors (splices to measured 1900 table); TFR level from Haines historical series (white pop., census-based); age pattern = 1950 WPP shape held fixed"
1835,0.0,0.0,0.0,0.166657,0.406435,0.342997,0.211665,0.108373,0.03076,0.002114,0.0,0.0,0.0,0.0,0.0,0.0,0.0,0.0,0.07236929407267453,0.006894717814957169,0.004377185538143716,0.00693947857075745,0.01072800812273701,0.01169608958539424,0.013804529373149316,0.015527818471460118,0.01812862657301828,0.02175632968845962,0.027897401289477184,0.03862228656878627,0.05348389844228872,0.07652163488400755,0.11442046272532415,0.16682958255450148,0.2654370071086149,0.40915338450522265,0.06081581433715562,0.006511649021131513,0.00428350023530592,0.006699019626807106,0.010260102082452684,0.01135830202127352,0.013005601929504774,0.013768096199823507,0.015832295705682956,0.01842581717257596,0.024788610656976306,0.033265569142082924,0.04729546371594761,0.06746799131254383,0.10320789339735391,0.15207622925316716,0.2403574515389368,0.37887221273242827,interpolated,"mortality: 1900-02 HLD age pattern, level set relative to CDR anchors (splices to measured 1900 table); TFR level from Haines historical series (white pop., census-based); age pattern = 1950 WPP shape held fixed"
1836,0.0,0.0,0.0,0.16558,0.403808,0.34078,0.210297,0.107673,0.030561,0.002101,0.0,0.0,0.0,0.0,0.0,0.0,0.0,0.0,0.07228968695987605,0.006887133540634169,0.0043723705802622,0.006931845059053021,0.010716207181969615,0.01168322374312154,0.013789344221200275,0.015510737680326094,0.01810868486101221,0.02173239745844711,0.027866713805238273,0.0385798015789461,0.053425065496759044,0.07643746014529006,0.11429459881025703,0.16664606796358666,0.2651450231389416,0.4087033107543376,0.060748916194042483,0.006504486127189106,0.004278788332408788,0.0066916506228959305,0.010248815844079518,0.011345807749472294,0.012991295607561454,0.013752951124812837,0.015814879985849684,0.018405548547258312,0.024761342880635882,0.03322897660723879,0.04724343812466422,0.06739377569301172,0.10309436344633452,0.1519089435321821,0.24009305538858328,0.378455448642607,interpolated,"mortality: 1900-02 HLD age pattern, level set relative to CDR anchors (splices to measured 1900 table); TFR level from Haines historical series (white pop., census-based); age pattern = 1950 WPP shape held fixed"
1837,0.0,0.0,0.0,0.164503,0.401182,0.338564,0.208929,0.106972,0.030362,0.002087,0.0,0.0,0.0,0.0,0.0,0.0,0.0,0.0,0.07220842336577285,0.006879391451158927,0.004367455431739004,0.006924052707654713,0.01070416068478054,0.011670090185735896,0.013773843093461783,0.015493301468549514,0.018088328197729042,0.021707967241631636,0.02783538776946618,0.038536432552630735,0.05336500834310345,0.07635153388116095,0.11416611589275513,0.16645873476302372,0.2648469635063027,0.4082438717755493,0.06068062602050028,0.0064971741862647646,0.004273978383259453,0.006684128283223866,0.010237294759318786,0.011333053494273517,0.012976691596705614,0.013737490907941957,0.015797101876108055,0.018384858168183617,0.024733507710753094,0.03319162264734443,0.047190329974093136,0.06731801577948439,0.10297847114056095,0.15173817689523852,0.23982315762832707,0.37803001243921464,interpolated,"mortality: 1900-02 HLD age pattern, level set relative to CDR anchors (splices to measured 1900 table); TFR level from Haines historical series (white pop., census-based); age pattern = 1950 WPP shape held fixed"
1838,0.0,0.0,0.0,0.163426,0.398556,0.336348,0.207561,0.106272,0.030163,0.002073,0.0,0.0,0.0,0.0,0.0,0.0,0.0,0.0,0.07212546114600185,0.00687148753138255,0.004362437543513795,0.006916097475347137,0.010691862383698732,0.011656682102002616,0.01375801795084618,0.015475500793482824,0.01806754602593686,0.02168302636818313,0.027803406936068895,0.038492156998095675,0.053303695834896254,0.0762638115291354,0.11403494733989644,0.16626748579936393,0.26454267363307293,0.40777482929779235,0.06061090840035154,0.00648970940629026,0.0042690678933553555,0.0066764487066071415,0.01022553285318519,0.011320032641153574,0.012961782323106148,0.01372170753134012,0.015778952156497755,0.01836373530505058,0.024705090711644652,0.03315348789014753,0.04713611172165262,0.06724067228187947,0.10286015637676714,0.1515638407805242,0.23954761828565854,0.37759568348546985,interpolated,"mortality: 1900-02 HLD age pattern, level set relative to CDR anchors (splices to measured 1900 table); TFR level from Haines historical series (white pop., census-based); age pattern = 1950 WPP shape held fixed"
1839,0.0,0.0,0.0,0.162349,0.39593,0.334131,0.206194,0.105572,0.029965,0.00206,0.0,0.0,0.0,0.0,0.0,0.0,0.0,0.0,0.07204075766768454,0.006863417719614636,0.00435731433697887,0.006907975274071257,0.010679305958835728,0.01164299260173474,0.013741860661080924,0.015457326507660832,0.01804632766602985,0.02165756202140948,0.02777075487063822,0.03844695216288395,0.05324109646467879,0.07617424801018365,0.11390102574638498,0.16607222279300654,0.2642319971498443,0.40729594228808774,0.060539727506892994,0.006482087951241693,0.004264054339278967,0.006668607946641503,0.01021352408143454,0.011306738498916754,0.012946560125140071,0.013705592884197627,0.01576042150018552,0.01834216910317788,0.02467607728029639,0.03311455273884275,0.047080755505501774,0.06716170545468456,0.10273935835500145,0.15138584559966492,0.23926629576557995,0.37715223858708535,interpolated,"mortality: 1900-02 HLD age pattern, level set relative to CDR anchors (splices to measured 1900 table); TFR level from Haines historical series (white pop., census-based); age pattern = 1950 WPP shape held fixed"
1840,0.0,0.0,0.0,0.161272,0.393303,0.331915,0.204826,0.104872,0.029766,0.002046,0.0,0.0,0.0,0.0,0.0,0.0,0.0,0.0,0.07195426334566854,0.006855177291812516,0.004352082813025082,0.0068996813491157445,0.010666484059699522,0.011629013671141454,0.013725361765738912,0.015438767971913231,0.01802466069684621,0.021631559294561405,0.02773741245875676,0.038400791584225824,0.05317717358697471,0.07608279089410067,0.11376427271493708,0.1658728314375959,0.26391475218757127,0.4068069304074718,0.06046704167105134,0.00647430535954302,0.004258934786111347,0.006660601413370491,0.010201261414169256,0.0112931632852136,0.012931016091780111,0.013689137533050236,0.015741499059382873,0.018320146937778115,0.024646450432335976,0.0330747944009138,0.047024228920284086,0.06708106907096498,0.10261600636047821,0.15120408715483621,0.23897902538276433,0.37669941815279895,interpolated,"mortality: 1900-02 HLD age pattern, level set relative to CDR anchors (splices to measured 1900 table); TFR level from Haines historical series (white pop., census-based); age pattern = 1950 WPP shape held fixed"
1841,0.0,0.0,0.0,0.159381,0.388691,0.328023,0.202424,0.103642,0.029417,0.002022,0.0,0.0,0.0,0.0,0.0,0.0,0.0,0.0,0.07185173952606372,0.006845409712695647,0.004345881760683203,0.006889850358524273,0.010651285951391459,0.011612444105359445,0.013705805224566062,0.015416770088968211,0.01799897831228973,0.021600737631191264,0.027697890888539793,0.03834607632975716,0.05310140424825278,0.07597438455421243,0.113602176026972,0.16563648802364203,0.26353871403241225,0.40622729275422076,0.060380885385321076,0.006465080464673906,0.004252866455460495,0.006651111075119323,0.0101867261769736,0.011277072254862014,0.012912591371694633,0.013669632605868343,0.015719069830942015,0.01829404353052399,0.024611333010232925,0.033027667877800974,0.04695722658659722,0.06698548880782905,0.10246979424690089,0.15098864445784824,0.2386385168242933,0.37616267909945883,interpolated,"mortality: 1900-02 HLD age pattern, level set relative to CDR anchors (splices to measured 1900 table); TFR level from Haines historical series (white pop., census-based); age pattern = 1950 WPP shape held fixed"
1842,0.0,0.0,0.0,0.15749,0.384079,0.32413,0.200022,0.102412,0.029068,0.001998,0.0,0.0,0.0,0.0,0.0,0.0,0.0,0.0,0.07174348208067419,0.006835095883510309,0.004339333915627818,0.006879469571589262,0.010635237891667131,0.011594947889653784,0.013685154987419335,0.015393541978459014,0.017971859645093048,0.021568192271957005,0.02765615908176588,0.03828830113472983,0.05302139752317652,0.07585991560967285,0.11343101411149867,0.16538692714766312,0.26314164601247875,0.40561523897165197,0.06028991082513243,0.006455339669253226,0.004246458754532337,0.006641089991444191,0.010171378059306919,0.01126008133659285,0.01289313625252175,0.013649036869215536,0.015695386252019335,0.018266480295012606,0.024574251652747455,0.03297790581253702,0.04688647715970271,0.06688456323602888,0.10231540524772105,0.15076115316759345,0.23827896538721816,0.37559592301312333,interpolated,"mortality: 1900-02 HLD age pattern, level set relative to CDR anchors (splices to measured 1900 table); TFR level from Haines historical series (white pop., census-based); age pattern = 1950 WPP shape held fixed"
1843,0.0,0.0,0.0,0.155599,0.379467,0.320238,0.19762,0.101182,0.028719,0.001974,0.0,0.0,0.0,0.0,0.0,0.0,0.0,0.0,0.07162922520831205,0.0068242104810277955,0.004332423201135635,0.0068685135006826895,0.010618300478217326,0.011576482066102258,0.013663360352404334,0.01536902660911778,0.0179432381116237,0.021533843309235513,0.027612114575608804,0.03822732414547811,0.05293695697368583,0.07573910300839055,0.11325036671991164,0.16512353607048866,0.26272257321883036,0.4049692663028706,0.06019389462343586,0.00644505905700451,0.004239695950695159,0.0066305135578854655,0.010155179377406277,0.011242148813125205,0.012872602966703596,0.013627299755010815,0.01567039017304933,0.01823738955607655,0.024535115315158965,0.03292538602584816,0.04681180693070097,0.0667780445561011,0.10215246029636053,0.15052105473167882,0.23789948827591464,0.37499775835494303,interpolated,"mortality: 1900-02 HLD age pattern, level set relative to CDR anchors (splices to measured 1900 table); TFR level from Haines historical series (white pop., census-based); age pattern = 1950 WPP shape held fixed"
1844,0.0,0.0,0.0,0.153708,0.374855,0.316346,0.195218,0.099953,0.02837,0.00195,0.0,0.0,0.0,0.0,0.0,0.0,0.0,0.0,0.07150868480887651,0.006812726438657896,0.0043251324336916214,0.0068569549034970725,0.010600431596106028,0.01155700071937195,0.013640367127087142,0.015343163023395459,0.0179130425443416,0.02149760533421444,0.027565647853254563,0.03816299374251134,0.05284787263806789,0.07561164634942251,0.11305978467185876,0.16484565986931152,0.2622804536255438,0.40428776853464393,0.06009259803562009,0.00643421306515052,0.004232561228214274,0.006619355476105215,0.010138089853194166,0.011223230095178628,0.012850940458155317,0.01360436721384595,0.015644019441196838,0.018206698979494743,0.024493826684831254,0.032869977927106574,0.04673303023181422,0.06666566790898663,0.10198055422964493,0.1502677521445288,0.23749914191925794,0.37436669778646586,interpolated,"mortality: 1900-02 HLD age pattern, level set relative to CDR anchors (splices to measured 1900 table); TFR level from Haines historical series (white pop., census-based); age pattern = 1950 WPP shape held fixed"
1845,0.0,0.0,0.0,0.151817,0.370243,0.312454,0.192817,0.098723,0.028021,0.001926,0.0,0.0,0.0,0.0,0.0,0.0,0.0,0.0,0.07138156092016464,0.006800615178607076,0.004317443470377105,0.006844765016710813,0.01058158677900272,0.011536455370548667,0.013616118093318901,0.015315886860312787,0.017881197802224132,0.021459388169468886,0.02751664328325955,0.038095149840999216,0.05275392283186103,0.07547722845960204,0.11285879370799433,0.16455260705515515,0.261814187027478,0.4035690497743684,0.05998576898729532,0.006422774703672766,0.004225036832485562,0.006607587979455852,0.010120066959755515,0.011203278103928606,0.012828094820188238,0.0135801821785833,0.015616208433460304,0.01817433219242453,0.02445028301589184,0.03281154363444498,0.046649951028914095,0.0665471536478054,0.10179925926300816,0.15000061506807913,0.23707693006391192,0.37370117092697963,interpolated,"mortality: 1900-02 HLD age pattern, level set relative to CDR anchors (splices to measured 1900 table); TFR level from Haines historical series (white pop., census-based); age pattern = 1950 WPP shape held fixed"
1846,0.0,0.0,0.0,0.149926,0.365631,0.308562,0.190415,0.097493,0.027672,0.001902,0.0,0.0,0.0,0.0,0.0,0.0,0.0,0.0,0.07124753560909801,0.00678784641097286,0.004309337081322696,0.0068319133537783,0.010561718896578288,0.011514794636323855,0.013590552604984764,0.015287129902994209,0.017847624242514962,0.021419096235002377,0.02746497830664643,0.03802362276535457,0.05265487258938409,0.07533551316377013,0.11264689115587397,0.1642436447116158,0.2613226073056888,0.40281131252772334,0.05987314030217754,0.0064107153655681625,0.004217103945218287,0.006595181637776983,0.010101065622367933,0.01118224294003629,0.012804008916538824,0.013554684163166382,0.015586887595333542,0.018140208246490618,0.024404375406915105,0.03274993700542911,0.046562361543376146,0.06642220537190233,0.10160812198311124,0.14971897540041806,0.2366317967705384,0.37299951331353143,interpolated,"mortality: 1900-02 HLD age pattern, level set relative to CDR anchors (splices to measured 1900 table); TFR level from Haines historical series (white pop., census-based); age pattern = 1950 WPP shape held fixed"
1847,0.0,0.0,0.0,0.148034,0.361019,0.30467,0.188013,0.096263,0.027322,0.001878,0.0,0.0,0.0,0.0,0.0,0.0,0.0,0.0,0.07110627229909638,0.006774388069661835,0.00430079290902514,0.0068183676404318895,0.010540778054795027,0.011491964120286913,0.013563606459699618,0.015256819934346732,0.01781223755223004,0.021376628346035653,0.027410523177615637,0.03794823289026391,0.05255047316663773,0.07518614457355567,0.11242354486648962,0.16391799694428824,0.26080447996036143,0.402012653895852,0.059754429136844305,0.006398004766327411,0.0042087426446227,0.006582105295132292,0.010081038123140616,0.011160071778080337,0.012778622260489916,0.013527809134654224,0.015555983293654665,0.018104241446528897,0.024355988570527985,0.03268500332787548,0.046470041812498745,0.06629050929977538,0.10140666238859088,0.14942212586233503,0.23616262417982817,0.37225996287955215,interpolated,"mortality: 1900-02 HLD age pattern, level set relative to CDR anchors (splices to measured 1900 table); TFR level from Haines historical series (white pop., census-based); age pattern = 1950 WPP shape held fixed"
1848,0.0,0.0,0.0,0.146143,0.356407,0.300778,0.185611,0.095033,0.026973,0.001854,0.0,0.0,0.0,0.0,0.0,0.0,0.0,0.0,0.070957442181772,0.006760208828666502,0.004291791065832663,0.006804096347294517,0.010518715511170373,0.011467910681497216,0.013535216936870358,0.015224886404048947,0.01777495536433026,0.021331885653135686,0.027353151144902582,0.037868804736168674,0.05244048156063785,0.07502877501449651,0.11218823497284026,0.1635749057664217,0.2602585989839554,0.40117121489883173,0.05962935917590359,0.0063846133204081374,0.004199933468704259,0.006568328514664947,0.0100599378455124,0.011136713011850916,0.012751875761358687,0.01349949453798709,0.015523423594716262,0.01806634807522092,0.024305009880191703,0.03261659146036014,0.04637277695032272,0.06615175889200434,0.10119441155652245,0.14910937549863423,0.23566832023268167,0.37148079822699537,interpolated,"mortality: 1900-02 HLD age pattern, level set relative to CDR anchors (splices to measured 1900 table); TFR level from Haines historical series (white pop., census-based); age pattern = 1950 WPP shape held fixed"
1849,0.0,0.0,0.0,0.144252,0.351795,0.296885,0.183209,0.093804,0.026624,0.00183,0.0,0.0,0.0,0.0,0.0,0.0,0.0,0.0,0.07080067008635559,0.006745272944974307,0.004282308859910465,0.006789063499308706,0.010495475650472591,0.011442573686077045,0.013505312472224168,0.015191248814098548,0.017735683697924064,0.021284755368979467,0.02729271758516063,0.03778513808067965,0.05232462050468482,0.07486300778960955,0.11194036830604714,0.1632135063142141,0.259683588320404,0.4002848744383156,0.05949761514315792,0.006370507270670609,0.0041906542113035825,0.006553816567884375,0.01003771159993044,0.011112107758600009,0.012723701996604362,0.013469668997765935,0.015489126422070919,0.01802643261100479,0.024251310828888904,0.03254452895033501,0.04627032177170796,0.06600560438673886,0.1009708344452801,0.14877993592859914,0.23514763888834153,0.3706600552386021,interpolated,"mortality: 1900-02 HLD age pattern, level set relative to CDR anchors (splices to measured 1900 table); TFR level from Haines historical series (white pop., census-based); age pattern = 1950 WPP shape held fixed"
1850,0.0,0.0,0.0,0.142361,0.347183,0.292993,0.180807,0.092574,0.026275,0.001806,0.0,0.0,0.0,0.0,0.0,0.0,0.0,0.0,0.07063557514871287,0.006729544133158325,0.004272323255066168,0.006773232575481237,0.010471002013486781,0.011415891580005577,0.013473820415472052,0.015155825444904165,0.017694327145922673,0.021235122994651703,0.02722907568032658,0.03769702966295362,0.052202608524447004,0.0746884401818779,0.11167934269565886,0.1628329205992127,0.25907805103144466,0.39935147922744946,0.05935887697796867,0.006355652347697124,0.004180882329274026,0.006538534199281408,0.010014305389669366,0.01108619624201058,0.012694032520522399,0.013438260055441773,0.015453008453728625,0.017984398082741077,0.024194760959457353,0.03246864072821629,0.04616242737073278,0.06585169071435401,0.10073538789376943,0.14843300680752358,0.23459931519688842,0.3697957399908562,interpolated,"mortality: 1900-02 HLD age pattern, level set relative to CDR anchors (splices to measured 1900 table); TFR level from Haines historical series (white pop., census-based); age pattern = 1950 WPP shape held fixed"
1851,0.0,0.0,0.0,0.141809,0.345838,0.291858,0.180107,0.092215,0.026174,0.001799,0.0,0.0,0.0,0.0,0.0,0.0,0.0,0.0,0.07017309944353776,0.006685483464551367,0.004244350867130445,0.006728885863430465,0.010402444717395092,0.011341147762919779,0.01338560262174801,0.015056594978593301,0.017578476225091618,0.021096089250525526,0.027050797440926495,0.03745021408398118,0.05186081986995534,0.07419942895815926,0.11094813915328057,0.16176679677108083,0.25738177682267804,0.39673678604232854,0.05897023374216303,0.006314039678795361,0.0041535086369183785,0.006495724139219495,0.009948738245391492,0.011013611055099607,0.012610920269661775,0.013350275087776652,0.015351832226782519,0.017866647966486564,0.024036349435056083,0.03225605723207791,0.04586018588539161,0.0654205367662765,0.10007583823406643,0.1474611642289073,0.23306331179490786,0.36737455852156176,interpolated,"mortality: 1900-02 HLD age pattern, level set relative to CDR anchors (splices to measured 1900 table); TFR level from Haines historical series (white pop., census-based); age pattern = 1950 WPP shape held fixed"
1852,0.0,0.0,0.0,0.141258,0.344493,0.290723,0.179406,0.091857,0.026072,0.001792,0.0,0.0,0.0,0.0,0.0,0.0,0.0,0.0,0.06974591190102003,0.006644784745606188,0.004218512848988302,0.00668792292693948,0.01033911853071901,0.011272107103741394,0.013304116087243368,0.014964936068575147,0.017471465046743347,0.020967664161778834,0.026886122319354694,0.037222231209515566,0.051545110625688215,0.0737477306298225,0.1102727284433697,0.1607820211102992,0.25581493298078395,0.3943216011067939,0.058611245049433554,0.00627560217047475,0.004128223632244201,0.006456180603962953,0.009888174053758194,0.01094656431670294,0.012534149711120057,0.013269003614065107,0.01525837602299348,0.017757882506526025,0.02389002514372959,0.03205969443879172,0.04558100625298062,0.06502228104502446,0.09946661401937984,0.14656347590014196,0.23164450965838798,0.36513811982806155,interpolated,"mortality: 1900-02 HLD age pattern, level set relative to CDR anchors (splices to measured 1900 table); TFR level from Haines historical series (white pop., census-based); age pattern = 1950 WPP shape held fixed"
1853,0.0,0.0,0.0,0.140706,0.343147,0.289588,0.178706,0.091498,0.02597,0.001785,0.0,0.0,0.0,0.0,0.0,0.0,0.0,0.0,0.0692817213527968,0.006600560701646943,0.004190436740458277,0.006643411778897764,0.010270307026673722,0.011197086139307776,0.013215571185157536,0.014865337659314175,0.01735518455492298,0.020828114885600046,0.02670718303074478,0.036974500447377746,0.05120205463133085,0.07325690617032073,0.10953881362492354,0.15971194413389456,0.25411236904911494,0.39169721273470137,0.05822116073868351,0.006233835203314328,0.004100748439235627,0.006413211805759629,0.009822363788900597,0.010873709986566109,0.012450729283064376,0.013180692401348726,0.01515682463828779,0.01763969577713483,0.023731026235173168,0.03184632269080265,0.045277644067234675,0.06458952839383182,0.0988046187735927,0.14558802976468763,0.2301028108118115,0.36270796070618033,interpolated,"mortality: 1900-02 HLD age pattern, level set relative to CDR anchors (splices to measured 1900 table); TFR level from Haines historical series (white pop., census-based); age pattern = 1950 WPP shape held fixed"
1854,0.0,0.0,0.0,0.140155,0.341802,0.288452,0.178005,0.091139,0.025868,0.001778,0.0,0.0,0.0,0.0,0.0,0.0,0.0,0.0,0.06885278999820324,0.006559695847432115,0.004164493249558699,0.006602281628580991,0.010206722337681795,0.011127763650901675,0.013133752016414433,0.014773304590646161,0.01724773654879656,0.020699165555862445,0.026541835692787903,0.03674558692945931,0.05088505663788964,0.07280336397501411,0.10886064583706716,0.15872314854388203,0.25253912923135435,0.3892721688303609,0.05786070662677591,0.006195240790158012,0.004075360219247099,0.006373506850781215,0.009761552369625523,0.01080638955827818,0.012373645341257166,0.013099089171293253,0.015062986939158867,0.01753048632828503,0.023584104636947937,0.03164915832964265,0.04499732480230666,0.06418964696240133,0.09819290765927371,0.1446866770038118,0.2286782170169388,0.3604623926996446,interpolated,"mortality: 1900-02 HLD age pattern, level set relative to CDR anchors (splices to measured 1900 table); TFR level from Haines historical series (white pop., census-based); age pattern = 1950 WPP shape held fixed"
1855,0.0,0.0,0.0,0.139603,0.340457,0.287317,0.177305,0.090781,0.025766,0.001771,0.0,0.0,0.0,0.0,0.0,0.0,0.0,0.0,0.06838688650237847,0.0065153086087022735,0.004136313535078593,0.006557606226302364,0.010137656906663491,0.01105246584545614,0.013044880367525508,0.01467333864512898,0.017131026960799343,0.020559101317457817,0.026362236085637644,0.03649694199572438,0.05054073470447992,0.07231072828393104,0.10812402273937488,0.15764912278868984,0.25083028252892586,0.38663809598755977,0.057469182833927275,0.006153319695287547,0.004047783637776079,0.006330379489892577,0.00969549925291371,0.010733266382404297,0.012289917076640174,0.013010452074130084,0.014961060811362155,0.017411863468353432,0.023424518993482538,0.03143499920107172,0.04469284315488606,0.06375529737516861,0.0975284695305523,0.143707631294595,0.22713082902104278,0.358023265848336,interpolated,"mortality: 1900-02 HLD age pattern, level set relative to CDR anchors (splices to measured 1900 table); TFR level from Haines historical series (white pop., census-based); age pattern = 1950 WPP shape held fixed"
1856,0.0,0.0,0.0,0.139052,0.339112,0.286182,0.176604,0.090422,0.025664,0.001764,0.0,0.0,0.0,0.0,0.0,0.0,0.0,0.0,0.06792011447527668,0.0064708386238555154,0.004108081288338861,0.006512847540716056,0.010068462724761069,0.01097702767081461,0.012955843045257027,0.014573186344387819,0.01701409980429618,0.020418775973109714,0.026182301671220324,0.0362478335413167,0.0501957708905709,0.07181717422775795,0.10738602643842173,0.15657309484856222,0.24911825021655454,0.3839991127401997,0.057076929167482866,0.006111320451653684,0.0040201556483981955,0.006287171731535015,0.009629323000835192,0.010660006891250769,0.01220603272687413,0.012921649740835657,0.014858944674194982,0.017293019473219068,0.023264635852522583,0.031220440839820444,0.04438779389671252,0.06332013807904756,0.09686279276485646,0.14272676046101723,0.2255805564044385,0.355579592008267,interpolated,"mortality: 1900-02 HLD age pattern, level set relative to CDR anchors (splices to measured 1900 table); TFR level from Haines historical series (white pop., census-based); age pattern = 1950 WPP shape held fixed"
1857,0.0,0.0,0.0,0.1385,0.337767,0.285047,0.175903,0.090063,0.025563,0.001757,0.0,0.0,0.0,0.0,0.0,0.0,0.0,0.0,0.06748854551192701,0.006429722481185927,0.0040819782642691664,0.006471464470570842,0.010004487037231396,0.010907278900672614,0.012873520749490022,0.01448058734080931,0.0169059910728608,0.020289033700917405,0.02601593757013404,0.036017512375547886,0.04987682359527936,0.07136084308533241,0.10670368842314733,0.15557821890121912,0.24753533614422069,0.3815591566197959,0.05671425853092262,0.006072488711566175,0.0039946113097425965,0.006247222620619315,0.009568137636568141,0.010592272492407373,0.01212847477616622,0.012839544711618578,0.01476452994302066,0.017183138467497864,0.02311681079576071,0.031022064064506475,0.04410575087682986,0.06291779767427866,0.09624732008222577,0.14181986505116279,0.22414720241745806,0.35332021542893033,interpolated,"mortality: 1900-02 HLD age pattern, level set relative to CDR anchors (splices to measured 1900 table); TFR level from Haines historical series (white pop., census-based); age pattern = 1950 WPP shape held fixed"
1858,0.0,0.0,0.0,0.137948,0.336422,0.283911,0.175203,0.089704,0.025461,0.00175,0.0,0.0,0.0,0.0,0.0,0.0,0.0,0.0,0.0670199997222515,0.006385083507646199,0.004053638733245606,0.006426535699210898,0.009935029913157957,0.010831554056301455,0.012784145079889796,0.014380054455130723,0.01678861958593076,0.020148175111581394,0.025835319393812655,0.03576745729360563,0.04953054889754083,0.07086541349321863,0.10596288769060411,0.15449810198836464,0.24581679800316994,0.3789101450728698,0.0563205142762841,0.0060303298682087714,0.003966878332296235,0.006203850670107513,0.0095017099106386,0.010518734610656225,0.01204427166068266,0.012750404923965042,0.01466202575821618,0.017063842857831264,0.022956320088976034,0.030806690368211605,0.04379954241260739,0.062480984745916936,0.09557911370364694,0.14083526684774875,0.2225910386690234,0.3508672554771232,interpolated,"mortality: 1900-02 HLD age pattern, level set relative to CDR anchors (splices to measured 1900 table); TFR level from Haines historical series (white pop., census-based); age pattern = 1950 WPP shape held fixed"
1859,0.0,0.0,0.0,0.137397,0.335076,0.282776,0.174502,0.089346,0.025359,0.001743,0.0,0.0,0.0,0.0,0.0,0.0,0.0,0.0,0.06658663918140452,0.006343796679032441,0.004027427347373959,0.006384980835022234,0.009870788642576936,0.010761515737239904,0.012701481038573069,0.014287071044180104,0.016680062061400994,0.020017894238713297,0.025668264663405965,0.03553617999277431,0.04921027755245517,0.07040718797776,0.1052777170772109,0.15349909600037626,0.2442273127603558,0.3764600599328863,0.05595633808069025,0.005991336925445374,0.003941227951116253,0.006163735717960787,0.009440270546823169,0.010450719025177397,0.011966391742708736,0.012667959051139516,0.01456721908201765,0.01695350570175183,0.022807881364254403,0.030607490068972554,0.043516328544098884,0.06207697410052219,0.09496108600176774,0.13992460663192655,0.22115173438216779,0.3485984995202565,interpolated,"mortality: 1900-02 HLD age pattern, level set relative to CDR anchors (splices to measured 1900 table); TFR level from Haines historical series (white pop., census-based); age pattern = 1950 WPP shape held fixed"
1860,0.0,0.0,0.0,0.136845,0.333731,0.281641,0.173802,0.088987,0.025257,0.001736,0.0,0.0,0.0,0.0,0.0,0.0,0.0,0.0,0.06611631572254786,0.006298988344612115,0.003998980295779262,0.006339881603284769,0.009801067997217854,0.010685503591765943,0.012611766276451055,0.014186156735348216,0.01656224526543252,0.019876501229948742,0.02548696121923525,0.035285176198406175,0.0488626890837428,0.06990987871894822,0.10453410573648242,0.15241488110907372,0.2425022544619217,0.3738009979996559,0.05556109995492503,0.005949018130855452,0.003913389754371384,0.006120199213671212,0.009373590793186278,0.010376902139689757,0.011881869159444971,0.012578481065903546,0.014464325994923826,0.01683375748289863,0.022646781753517115,0.03039129924190675,0.04320895832074454,0.06163850389789231,0.09429034443898274,0.13893627284936397,0.2195896665270324,0.346136233004598,interpolated,"mortality: 1900-02 HLD age pattern, level set relative to CDR anchors (splices to measured 1900 table); TFR level from Haines historical series (white pop., census-based); age pattern = 1950 WPP shape held fixed"
1861,0.0,0.0,0.0,0.135112,0.329504,0.278073,0.1716,0.08786,0.024937,0.001714,0.0,0.0,0.0,0.0,0.0,0.0,0.0,0.0,0.06555913786424583,0.006245905277339456,0.003965279941301791,0.0062864539188319584,0.009718472074924198,0.010595454321157412,0.012505483933786848,0.01406660663124823,0.016422671300295205,0.019708997244513214,0.025272176558118427,0.034987819658054774,0.048450911625228535,0.0693207316064225,0.1036531720589589,0.15113044479253604,0.2404586305046898,0.3706508884204922,0.05509287340086687,0.005898884345496635,0.0038804106916663188,0.00606862284476758,0.009294597322578146,0.010289453526638405,0.011781737832728791,0.012472479225595275,0.014342431692563516,0.016691895419972177,0.02245593195771467,0.030135184562230993,0.04284482619097428,0.06111906162081672,0.0934957373650868,0.13776542395827437,0.2177391323772739,0.34321926095498234,interpolated,"mortality: 1900-02 HLD age pattern, level set relative to CDR anchors (splices to measured 1900 table); TFR level from Haines historical series (white pop., census-based); age pattern = 1950 WPP shape held fixed"
1862,0.0,0.0,0.0,0.133378,0.325276,0.274505,0.169398,0.086733,0.024617,0.001692,0.0,0.0,0.0,0.0,0.0,0.0,0.0,0.0,0.06502853063724377,0.006195353629052237,0.003933186685312094,0.006235574087427605,0.009639814977128762,0.010509699309433221,0.012404269970812447,0.013952757618264092,0.016289753321772363,0.019549481169171327,0.025067634522322028,0.03470464342095948,0.04805877096107857,0.06875967967118195,0.10281424824165582,0.14990726052197703,0.23851246264316292,0.3676510008914967,0.05464697557891348,0.00585114133411886,0.003849004330572954,0.006019506043597142,0.009219370883181609,0.010206175152623762,0.011686381556786992,0.012371532388413892,0.014226350271166302,0.01655679845819486,0.022274183384228194,0.029891283448874817,0.04249805875080975,0.060624390445141056,0.0927390234186263,0.1366504103695565,0.2159768462794949,0.3404413931208122,interpolated,"mortality: 1900-02 HLD age pattern, level set relative to CDR anchors (splices to measured 1900 table); TFR level from Haines historical series (white pop., census-based); age pattern = 1950 WPP shape held fixed"
1863,0.0,0.0,0.0,0.131645,0.321048,0.270938,0.167197,0.085605,0.024297,0.00167,0.0,0.0,0.0,0.0,0.0,0.0,0.0,0.0,0.06445199701942736,0.006140426513117007,0.0038983156167671194,0.0061802903826820455,0.009554349761332208,0.01041652182401792,0.01229429549387804,0.013829054472132013,0.016145330707207556,0.019376158275443797,0.02484538847309365,0.034396957034223644,0.047632688796550436,0.06815006622163522,0.10190271187567974,0.1485782042693022,0.2363978453877146,0.3643914598937119,0.05416248333797713,0.005799265954979004,0.0038148796107007605,0.005966137967111724,0.009137633264367447,0.010115688668811991,0.011582771775478807,0.012261848158185566,0.014100221491847682,0.01641000825978473,0.02207670367179163,0.029626271620696035,0.04212127706250037,0.060086903302055676,0.09191681254963767,0.1354388874473188,0.21406202656375026,0.3374230885995965,interpolated,"mortality: 1900-02 HLD age pattern, level set relative to CDR anchors (splices to measured 1900 table); TFR level from Haines historical series (white pop., census-based); age pattern = 1950 WPP shape held fixed"
1864,0.0,0.0,0.0,0.129911,0.316821,0.26737,0.164995,0.084478,0.023977,0.001648,0.0,0.0,0.0,0.0,0.0,0.0,0.0,0.0,0.06390133939405873,0.006087964637010292,0.0038650096321624938,0.00612748792219055,0.009472720396924294,0.010327526332218258,0.012189256893441833,0.013710903372881786,0.016007390071088208,0.019210614463023114,0.02463311727513789,0.034103080233561234,0.047225730059574055,0.06756781345415296,0.10103208710166116,0.14730879874382552,0.23437813642285163,0.361278213674992,0.05369973608671712,0.005749718847560637,0.003782286477134046,0.005915165157617534,0.009059564194865546,0.010029263401032355,0.011483812210282567,0.012157086777597437,0.013979753626724245,0.016269806301761783,0.021888087247443885,0.02937315405826797,0.04176140609686157,0.059573539666820434,0.09113150416400642,0.13428174011917893,0.2122331478217361,0.33454025167746365,interpolated,"mortality: 1900-02 HLD age pattern, level set relative to CDR anchors (splices to measured 1900 table); TFR level from Haines historical series (white pop., census-based); age pattern = 1950 WPP shape held fixed"
1865,0.0,0.0,0.0,0.128177,0.312593,0.263802,0.162793,0.083351,0.023657,0.001626,0.0,0.0,0.0,0.0,0.0,0.0,0.0,0.0,0.06330388124948363,0.0060310440138941325,0.0038288729642069644,0.006070197768343812,0.009384153333916047,0.010230967092943983,0.012075291038009668,0.013582710584322304,0.015857725828334456,0.019031001043616564,0.024402805098869593,0.03378422677549845,0.04678418380522088,0.06693607488901315,0.10008746772631329,0.14593150614852735,0.23218677192495527,0.3579003719385833,0.05319765983932119,0.005695960719999207,0.003746923245591358,0.005859860157230421,0.008974860017052545,0.00993549282971327,0.011376442048704354,0.012043421702992487,0.013849047169823027,0.016117688546831745,0.02168344026947504,0.029098523975543866,0.041370949614445526,0.05901654513724382,0.09027945223666878,0.1330262465714274,0.21024883225155735,0.33141240177716114,interpolated,"mortality: 1900-02 HLD age pattern, level set relative to CDR anchors (splices to measured 1900 table); TFR level from Haines historical series (white pop., census-based); age pattern = 1950 WPP shape held fixed"
1866,0.0,0.0,0.0,0.126444,0.308365,0.260234,0.160592,0.082223,0.023338,0.001604,0.0,0.0,0.0,0.0,0.0,0.0,0.0,0.0,0.06269536781890145,0.005973070139141915,0.0037920676281560737,0.006011847525113546,0.009293947437758975,0.01013262113435473,0.011959216373553334,0.013452145733461152,0.015705292218347704,0.018848064081397387,0.024168231256737876,0.03345947329547557,0.04633446723773104,0.06629264671752562,0.09912536923973876,0.14452872831431376,0.22995485870998142,0.3544600270681531,0.052686293239851696,0.0056412078591986485,0.003710905657517775,0.005803531800475247,0.008888588484404361,0.009839987140219976,0.011267085123943395,0.011927653384971773,0.013715922138035625,0.015962756025205863,0.02147500653105699,0.028818812174312397,0.04097326817723453,0.0584492440550078,0.08941163405384506,0.13174752153812921,0.2082277991701089,0.32822667455850746,interpolated,"mortality: 1900-02 HLD age pattern, level set relative to CDR anchors (splices to measured 1900 table); TFR level from Haines historical series (white pop., census-based); age pattern = 1950 WPP shape held fixed"
1867,0.0,0.0,0.0,0.12471,0.304137,0.256666,0.15839,0.081096,0.023018,0.001582,0.0,0.0,0.0,0.0,0.0,0.0,0.0,0.0,0.06211151093318475,0.005917445325843421,0.003756753618958494,0.00595586159352837,0.009207396622351068,0.010038260086234872,0.011847844974510836,0.013326871280381415,0.015559035113191831,0.018672539598820925,0.023943162185038676,0.03314787860266754,0.04590297287564504,0.06567528981214443,0.09820225432083428,0.14318279007125348,0.22781338108041155,0.35115908260104567,0.05219564686259729,0.005588673546586173,0.0036763474772923198,0.005749485829918523,0.008805812614807229,0.00974835127544961,0.01116215926641318,0.011816575919418435,0.013588191240796483,0.01581410126258842,0.02127501838408278,0.028550434102510486,0.040591700517807174,0.05790492962168273,0.0885789792657543,0.1305206095619791,0.20628865695637663,0.32517003081138995,interpolated,"mortality: 1900-02 HLD age pattern, level set relative to CDR anchors (splices to measured 1900 table); TFR level from Haines historical series (white pop., census-based); age pattern = 1950 WPP shape held fixed"
1868,0.0,0.0,0.0,0.122977,0.29991,0.253099,0.156188,0.079969,0.022698,0.00156,0.0,0.0,0.0,0.0,0.0,0.0,0.0,0.0,0.06147953291503887,0.005857235948977093,0.0037185290504187633,0.005895261335223944,0.009113712340931217,0.00993612185743287,0.011727294411921147,0.013191271782424895,0.01540072358562853,0.01848254849423956,0.023699543056176657,0.03281060246318367,0.04543591500844614,0.06500705072291532,0.0972030568269929,0.1417259204098606,0.22549540415601846,0.34758607628157506,0.05166456170681109,0.005531809387608697,0.003638941032692797,0.00569098542306063,0.00871621440795542,0.00964916283796536,0.011048585482980267,0.011696343516138828,0.013449932840034286,0.015653194464081456,0.021058547334636673,0.028259936471874532,0.04017868428199203,0.05731575312100874,0.08767769757215686,0.12919257624063704,0.20418969181077729,0.32186146032992663,interpolated,"mortality: 1900-02 HLD age pattern, level set relative to CDR anchors (splices to measured 1900 table); TFR level from Haines historical series (white pop., census-based); age pattern = 1950 WPP shape held fixed"
1869,0.0,0.0,0.0,0.121243,0.295682,0.249531,0.153986,0.078842,0.022378,0.001538,0.0,0.0,0.0,0.0,0.0,0.0,0.0,0.0,0.06087127486969475,0.005799286405112347,0.0036817391610926885,0.005836935580838146,0.009023544303025266,0.009837817173373946,0.011611268462504326,0.013060761727947593,0.015248353950061763,0.01829968830830386,0.023465067661660892,0.03248598527800761,0.04498638718119912,0.06436389258993226,0.09624136212074381,0.14032373130341066,0.22326442764623317,0.34414717527951255,0.051153409721307656,0.0054770795058776,0.003602938560736365,0.0056346807065902485,0.008629979082356739,0.00955369723097809,0.010939274453910118,0.011580623784587976,0.013316863679105647,0.015498326965636548,0.020850201073170208,0.02798034206207825,0.03978116974655085,0.05674869012771975,0.08681024360143114,0.12791438787174203,0.20216950693084532,0.3186770701198964,interpolated,"mortality: 1900-02 HLD age pattern, level set relative to CDR anchors (splices to measured 1900 table); TFR level from Haines historical series (white pop., census-based); age pattern = 1950 WPP shape held fixed"
1870,0.0,0.0,0.0,0.11951,0.291454,0.245963,0.151785,0.077714,0.022058,0.001516,0.0,0.0,0.0,0.0,0.0,0.0,0.0,0.0,0.06021384396078745,0.0057366520978715625,0.0036419750995017623,0.005773894649424137,0.008926086890717042,0.009731565331272722,0.011485862730568994,0.01291970096534311,0.015083666431717702,0.018102045319176356,0.02321163678160457,0.032135125354771435,0.044500518576076224,0.06366874019667629,0.09520192198565611,0.1388081862715455,0.2208530942889421,0.3404302662657582,0.05060093513097294,0.005417925145049529,0.003564025572996374,0.0055738241980603075,0.00853677231111513,0.009450513982928295,0.010821126490648042,0.011455549025816898,0.013173036926485625,0.015330939651909797,0.020625011660400764,0.02767814465036333,0.03935151929747029,0.05613578456578056,0.08587266282173622,0.12653286805864694,0.19998600604344963,0.31523524708751655,interpolated,"mortality: 1900-02 HLD age pattern, level set relative to CDR anchors (splices to measured 1900 table); TFR level from Haines historical series (white pop., census-based); age pattern = 1950 WPP shape held fixed"
1871,0.0,0.0,0.0,0.118695,0.289469,0.244287,0.150751,0.077185,0.021907,0.001506,0.0,0.0,0.0,0.0,0.0,0.0,0.0,0.0,0.05966978669868537,0.005684819047053005,0.003609068331374332,0.005721725096577166,0.008845435962697708,0.009643636568685372,0.011382083157317646,0.012802966063997837,0.014947379197395881,0.017938485769295888,0.023001909935988607,0.03184477105802184,0.04409843778026472,0.06309346650221741,0.09434173280630222,0.13755399625787634,0.21885759421949189,0.33735433643935736,0.05014373452034442,0.005368971925543908,0.0035318231114400424,0.005523462365412488,0.008459639003137004,0.009365124636811183,0.01072335308732245,0.011352043349565423,0.01305401302878428,0.01519241820063188,0.020438656054502412,0.027428061038223428,0.03899596186349412,0.05562857427578977,0.08509676740049996,0.12538959067866864,0.19817904884308246,0.31238696479615186,interpolated,"mortality: 1900-02 HLD age pattern, level set relative to CDR anchors (splices to measured 1900 table); TFR level from Haines historical series (white pop., census-based); age pattern = 1950 WPP shape held fixed"
1872,0.0,0.0,0.0,0.117881,0.287483,0.242611,0.149716,0.076655,0.021757,0.001496,0.0,0.0,0.0,0.0,0.0,0.0,0.0,0.0,0.059158969413158354,0.005636152812514716,0.0035781720505207795,0.005672742919095547,0.008769712521442843,0.009561079942842205,0.011284644149341574,0.012693363252703559,0.014819418631592066,0.01778491913006172,0.022804996659680592,0.03157215638298989,0.043720922700536895,0.06255333999806381,0.09353409814678211,0.13637643282302347,0.21698401215423813,0.33446633505817397,0.04971446725174811,0.005323009574799699,0.00350158810651439,0.00547617746281248,0.008387218267766484,0.009284952278063613,0.010631553293509302,0.0112548615044502,0.012942261070724327,0.015062359920634559,0.020263686117735217,0.027193256651246743,0.03866212773255925,0.0551523527425574,0.08436827644828403,0.12431616350743942,0.19648249034372756,0.3097127024898864,interpolated,"mortality: 1900-02 HLD age pattern, level set relative to CDR anchors (splices to measured 1900 table); TFR level from Haines historical series (white pop., census-based); age pattern = 1950 WPP shape held fixed"
1873,0.0,0.0,0.0,0.117067,0.285497,0.240936,0.148682,0.076126,0.021607,0.001485,0.0,0.0,0.0,0.0,0.0,0.0,0.0,0.0,0.05860894474820351,0.005583751239378991,0.0035449043499039268,0.0056200011530640965,0.008688176986946461,0.00947218674804293,0.0111797262868611,0.012575347963737663,0.014681636553091995,0.017619565604082524,0.02259296945955416,0.03127861738275515,0.04331443174745868,0.06197175650843342,0.09266447412348743,0.13510848643187934,0.21496662476954262,0.33135666739993164,0.049252251911203825,0.005273519419934367,0.003469032437539753,0.005425263244662716,0.008309238935749835,0.009198626352907658,0.01053270747864439,0.01115022054316392,0.01282193167892123,0.014922319119536127,0.020075286500936304,0.02694043003802135,0.03830267042518072,0.054639579199684464,0.08358387074536852,0.12316034627701886,0.19465571382965316,0.3068331792813335,interpolated,"mortality: 1900-02 HLD age pattern, level set relative to CDR anchors (splices to measured 1900 table); TFR level from Haines historical series (white pop., census-based); age pattern = 1950 WPP shape held fixed"
1874,0.0,0.0,0.0,0.116253,0.283511,0.23926,0.147648,0.075596,0.021457,0.001475,0.0,0.0,0.0,0.0,0.0,0.0,0.0,0.0,0.05809203348164488,0.0055345044232539805,0.0035136394806043617,0.005570434624839233,0.008611550175293352,0.009388645232834864,0.011081124844716942,0.01246443760574917,0.014552149435069026,0.017464166935641248,0.02239370703452958,0.0310027504515728,0.04293241296396007,0.061425186368239605,0.0918472044918647,0.13391687482473702,0.21307069112400698,0.32843421255341954,0.0488178635422328,0.005227008744570888,0.0034384367331003448,0.005377414239578922,0.008235954230814956,0.009117497548778714,0.01043981252572435,0.011051879331798712,0.012708846535137226,0.014790709261873439,0.019898229196521275,0.02670282446650977,0.03796485369827804,0.05415767640805972,0.08284668899475893,0.12207411326502106,0.1929389156171816,0.3041270133879545,interpolated,"mortality: 1900-02 HLD age pattern, level set relative to CDR anchors (splices to measured 1900 table); TFR level from Haines historical series (white pop., census-based); age pattern = 1950 WPP shape held fixed"
1875,0.0,0.0,0.0,0.115439,0.281526,0.237584,0.146614,0.075067,0.021306,0.001465,0.0,0.0,0.0,0.0,0.0,0.0,0.0,0.0,0.05753583714725443,0.005481514867055122,0.003479998492634829,0.005517101058537476,0.00852909975388693,0.009298754592923885,0.010975029728912433,0.012345098100983052,0.014412821343277494,0.017296958025045002,0.022179300737839098,0.030705917734180747,0.04252136089217063,0.06083707709662907,0.09096782266615316,0.1326347011698231,0.21103066721252423,0.32528965220387795,0.04835046181556503,0.005176963274834048,0.0034055157662764143,0.005325928727550878,0.00815709991501907,0.009030202985109379,0.010339857590244838,0.010946064224217494,0.012587166961647902,0.014649097103003356,0.019707715601512365,0.026447160958176272,0.03760136302327312,0.0536391491799367,0.08205348169982356,0.1209053269400696,0.1910916413663766,0.30121517987314145,interpolated,"mortality: 1900-02 HLD age pattern, level set relative to CDR anchors (splices to measured 1900 table); TFR level from Haines historical series (white pop., census-based); age pattern = 1950 WPP shape held fixed"
1876,0.0,0.0,0.0,0.114624,0.27954,0.235908,0.14558,0.074537,0.021156,0.001454,0.0,0.0,0.0,0.0,0.0,0.0,0.0,0.0,0.05697643212099789,0.0054282196145626176,0.0034461634300952376,0.005463459811350749,0.00844617367670904,0.00920834537468492,0.010868322551297977,0.012225070127641059,0.01427268946892357,0.017128784487682642,0.021963657533068337,0.030407372591396812,0.04210793746451683,0.06024557502769229,0.09008336769425765,0.1313451306661292,0.208978874420654,0.32212695091274407,0.04788036365235889,0.005126629093213022,0.0033724048786782173,0.0052741461960470635,0.008077790689354034,0.008942404819853552,0.010239326015602828,0.010839638670191358,0.012464785419746377,0.014506667984807563,0.01951610293521354,0.026190022529263616,0.03723577537369254,0.05311763057269745,0.08125569839883061,0.11972979789686887,0.18923371020631763,0.2982865480158427,interpolated,"mortality: 1900-02 HLD age pattern, level set relative to CDR anchors (splices to measured 1900 table); TFR level from Haines historical series (white pop., census-based); age pattern = 1950 WPP shape held fixed"
1877,0.0,0.0,0.0,0.11381,0.277554,0.234232,0.144546,0.074008,0.021006,0.001444,0.0,0.0,0.0,0.0,0.0,0.0,0.0,0.0,0.056450019859740956,0.005378067626178492,0.003414323902480646,0.00541298223445594,0.00836813843970643,0.009123268339660533,0.010767908783055193,0.012112121201736931,0.014140822336183518,0.016970529541925503,0.0217607326008279,0.03012643513763125,0.04171889705337826,0.05968895875320001,0.08925107638495157,0.1301316168558539,0.2070480929072541,0.3191507804097952,0.047437991085987646,0.005079263536734288,0.003341246815388314,0.0052254177109189535,0.008003158988061948,0.008859784842310956,0.010144723623684468,0.010739489915852619,0.012349621734787012,0.014372639095793085,0.019335791260814,0.025948049691218552,0.036891749467112524,0.052626870253360436,0.08050496701145093,0.11862359957408027,0.18748535669263675,0.2955306419262847,interpolated,"mortality: 1900-02 HLD age pattern, level set relative to CDR anchors (splices to measured 1900 table); TFR level from Haines historical series (white pop., census-based); age pattern = 1950 WPP shape held fixed"
1878,0.0,0.0,0.0,0.112996,0.275568,0.232557,0.143512,0.073478,0.020855,0.001434,0.0,0.0,0.0,0.0,0.0,0.0,0.0,0.0,0.05588419720340558,0.005324160957628924,0.003380100675900902,0.0053587256018771375,0.008284261014467229,0.009031821924951852,0.01065997743482992,0.011990716238386148,0.01399908283499457,0.01680042667697189,0.021542615484933216,0.02982446501259243,0.041300730731935395,0.059090670829129416,0.08835647473119837,0.12882725208670864,0.2049727614510555,0.31595179584270977,0.04696249984268642,0.005028351909179094,0.003307756071660455,0.00517304111765999,0.007922939907732995,0.00877097943521824,0.010043038726446104,0.010631843422069746,0.012225836202167602,0.014228575996223989,0.019141980367554372,0.025687961307910852,0.03652196770738585,0.05209936865822619,0.07969803134702086,0.1174345845767102,0.18560611089588777,0.2925684120943252,interpolated,"mortality: 1900-02 HLD age pattern, level set relative to CDR anchors (splices to measured 1900 table); TFR level from Haines historical series (white pop., census-based); age pattern = 1950 WPP shape held fixed"
1879,0.0,0.0,0.0,0.112182,0.273583,0.230881,0.142477,0.072949,0.020705,0.001423,0.0,0.0,0.0,0.0,0.0,0.0,0.0,0.0,0.05535118046727518,0.005273379752238443,0.003347861683122617,0.005307614723076557,0.00820524673157234,0.008945677496210636,0.010558303855108343,0.01187635023237576,0.01386556127049273,0.01664018623260505,0.021337144615383146,0.02954000286061794,0.04090680934098455,0.058527071134094714,0.08751374132651521,0.12759851328632874,0.20301775596163926,0.31293828570170057,0.04651457718047901,0.004980392094833181,0.0032762070929963304,0.005123701275085755,0.007847371861997163,0.008687322890699747,0.00994724943375362,0.010530438181170342,0.012109227650286193,0.014092865553615564,0.0189594064663592,0.025442952629619372,0.03617362558208706,0.051602451160501626,0.07893788113156748,0.11631450766566363,0.18383582218483238,0.28977792984865974,interpolated,"mortality: 1900-02 HLD age pattern, level set relative to CDR anchors (splices to measured 1900 table); TFR level from Haines historical series (white pop., census-based); age pattern = 1950 WPP shape held fixed"
1880,0.0,0.0,0.0,0.111367,0.271597,0.229205,0.141443,0.072419,0.020555,0.001413,0.0,0.0,0.0,0.0,0.0,0.0,0.0,0.0,0.054778665101730156,0.005218835460481279,0.0033132336546121805,0.0052527163278173845,0.00812037718060241,0.00885314942763911,0.010449095864599151,0.011753509257039213,0.013722145234696417,0.016468071343215665,0.021116447549014608,0.029234460948174962,0.04048369683090935,0.05792170649251446,0.08660855807328027,0.1262787201245494,0.20091787690241622,0.30970146264717757,0.04603346169327818,0.004928878270256004,0.0032423202113505646,0.005070705156779236,0.007766203927868005,0.008597467068323617,0.009844361779007034,0.010421518414441855,0.011983977947639467,0.01394709843526521,0.018763303123449978,0.02517978784790522,0.035799469939905924,0.05106871012842661,0.07812140080558586,0.11511142866513957,0.1819343481412816,0.28678066193072854,interpolated,"mortality: 1900-02 HLD age pattern, level set relative to CDR anchors (splices to measured 1900 table); TFR level from Haines historical series (white pop., census-based); age pattern = 1950 WPP shape held fixed"
1881,0.0,0.0,0.0,0.110395,0.269227,0.227205,0.140209,0.071788,0.020375,0.001401,0.0,0.0,0.0,0.0,0.0,0.0,0.0,0.0,0.05417467525350937,0.005161292553369332,0.00327670192298906,0.005194799850084796,0.008030841859292568,0.008755534555696807,0.0103338840788869,0.011623915002432296,0.013570844789492503,0.01628649430236215,0.020883617487778075,0.028912121628695144,0.040037323377687964,0.05728306145346262,0.08565361165850081,0.12488637029528837,0.1987025553397281,0.3062866926985007,0.045525896503626956,0.004874532432641633,0.003206570371724134,0.005014795535171485,0.007680573722697187,0.008502671351413823,0.009735817794488778,0.01030661069783943,0.011851842544043307,0.01379331765489402,0.01855641884497027,0.024902155375258354,0.03540474479691033,0.05050562626316599,0.0772600338312769,0.11384220944997947,0.17992833906610736,0.2836186168507595,interpolated,"mortality: 1900-02 HLD age pattern, level set relative to CDR anchors (splices to measured 1900 table); TFR level from Haines historical series (white pop., census-based); age pattern = 1950 WPP shape held fixed"
1882,0.0,0.0,0.0,0.109424,0.266857,0.225205,0.138975,0.071156,0.020196,0.001388,0.0,0.0,0.0,0.0,0.0,0.0,0.0,0.0,0.053601685072983525,0.005106703025364543,0.0032420451757617427,0.005139855924902653,0.007945901921855058,0.008662929749074658,0.0102245855168524,0.011500972149069658,0.013427309811766618,0.016114236669680926,0.02066273738654333,0.028606326315407354,0.03961385995972374,0.05667719475339105,0.08474767769254288,0.12356548256452013,0.19660093474814586,0.3030471851883821,0.04504438200383262,0.00482297588513141,0.003172655386030814,0.004961755464593268,0.007599338472032252,0.008412741007211476,0.009632844809980312,0.010197600598623707,0.011726488965695179,0.0136474296447464,0.018360152863972,0.024638772338125565,0.035030278849164036,0.04997144257356043,0.0764428763582462,0.11263813267722615,0.17802528803717618,0.2806188631520185,interpolated,"mortality: 1900-02 HLD age pattern, level set relative to CDR anchors (splices to measured 1900 table); TFR level from Haines historical series (white pop., census-based); age pattern = 1950 WPP shape held fixed"
1883,0.0,0.0,0.0,0.108452,0.264487,0.223205,0.13774,0.070524,0.020017,0.001376,0.0,0.0,0.0,0.0,0.0,0.0,0.0,0.0,0.05298745800880329,0.0050481848052257704,0.003204894256205083,0.005080957802376025,0.007854849037919043,0.008563660371633842,0.010107420969955696,0.011369181360240479,0.01327344492721513,0.01592958202183456,0.02042596101457698,0.02827852356432275,0.03915992078093154,0.05602772511653269,0.08377654558738039,0.12214953335534362,0.19434806499599122,0.2995745372182129,0.04452821393041562,0.004767708922637549,0.003136299611006877,0.004904898213033962,0.007512256893290226,0.008316338567558089,0.009522461078959881,0.010080745274600839,0.01159211395713465,0.01349104238503833,0.018149762038083172,0.024356434184434204,0.03462886338422781,0.049398814820850484,0.07556690980124176,0.11134740106207498,0.17598527847643144,0.27740322356470387,interpolated,"mortality: 1900-02 HLD age pattern, level set relative to CDR anchors (splices to measured 1900 table); TFR level from Haines historical series (white pop., census-based); age pattern = 1950 WPP shape held fixed"
1884,0.0,0.0,0.0,0.10748,0.262117,0.221204,0.136506,0.069892,0.019837,0.001364,0.0,0.0,0.0,0.0,0.0,0.0,0.0,0.0,0.052403946125186805,0.0049925928607310556,0.0031696011141200404,0.005025004952980083,0.007768349365546049,0.008469355081629673,0.009996115380476317,0.011243980932063885,0.013127274245649837,0.01575416125699546,0.02020102493660335,0.027967112993387836,0.03872868138965224,0.05541073300847452,0.0828539761387676,0.12080439042964958,0.19220785276946414,0.2962755432852204,0.044037857477001716,0.004715205652646353,0.0031017618512732387,0.004850884178339957,0.007429529936105631,0.008224756850587591,0.009417597222310531,0.009969733444924783,0.011464458536315994,0.01334247546279164,0.017949892064470292,0.02408821469772512,0.03424752119382736,0.048854822023918276,0.07473474703038617,0.1101212140704526,0.1740472821053752,0.27434838599395955,interpolated,"mortality: 1900-02 HLD age pattern, level set relative to CDR anchors (splices to measured 1900 table); TFR level from Haines historical series (white pop., census-based); age pattern = 1950 WPP shape held fixed"
1885,0.0,0.0,0.0,0.106508,0.259747,0.219204,0.135272,0.06926,0.019658,0.001351,0.0,0.0,0.0,0.0,0.0,0.0,0.0,0.0,0.05177909732718739,0.004933062694043306,0.0031318077494454743,0.004965088314311118,0.0076757219181415115,0.008368369054166314,0.009876924725153665,0.01110991110546448,0.012970748599397779,0.01556631340482405,0.019960154027381383,0.027633641599922813,0.03826689231070356,0.05475003219342711,0.08186605039599805,0.11936395542934074,0.18991602448840034,0.29274284334968226,0.04351276338875807,0.004658982967100158,0.0030647773814430745,0.004793043703104958,0.0073409424690628585,0.008126687338424327,0.009305304642466528,0.009850857359819398,0.01132775980147228,0.013183383822338727,0.017735862982501738,0.02380099411391891,0.03383916411321168,0.048272291907861836,0.07384363251891081,0.10880816203269611,0.17197199497415783,0.2710771388475732,interpolated,"mortality: 1900-02 HLD age pattern, level set relative to CDR anchors (splices to measured 1900 table); TFR level from Haines historical series (white pop., census-based); age pattern = 1950 WPP shape held fixed"
1886,0.0,0.0,0.0,0.105536,0.257377,0.217204,0.134038,0.068628,0.019479,0.001339,0.0,0.0,0.0,0.0,0.0,0.0,0.0,0.0,0.05114880764657738,0.004873014167314255,0.0030936852983402194,0.004904649950388839,0.007582287915503995,0.008266503688977574,0.009756696214967614,0.01097467386333913,0.012812860003149604,0.01537682986396189,0.01971718573020639,0.027297266498054015,0.03780108219470165,0.054083578313659224,0.08086952227132169,0.11791097781429057,0.1876042400696583,0.2891793823632958,0.04298309703390721,0.0046022707214666446,0.003027470868649228,0.004734699580848628,0.007251583624991765,0.008027763884147278,0.009192034272880546,0.009730946158976673,0.011189870759834854,0.01302290688844714,0.01751997023829365,0.02351127255150021,0.03342725125566893,0.04768468939991034,0.0729447586111382,0.1074836765697303,0.16987863724137992,0.26777740725539645,interpolated,"mortality: 1900-02 HLD age pattern, level set relative to CDR anchors (splices to measured 1900 table); TFR level from Haines historical series (white pop., census-based); age pattern = 1950 WPP shape held fixed"
1887,0.0,0.0,0.0,0.104564,0.255007,0.215204,0.132803,0.067996,0.019299,0.001327,0.0,0.0,0.0,0.0,0.0,0.0,0.0,0.0,0.050548806516200306,0.004815851270596609,0.003057394820390842,0.0048471159500916875,0.00749334388084376,0.008169533460621046,0.009642245281953185,0.010845935442513718,0.012662558738291725,0.015196451948532409,0.01948589326670025,0.02697705589083505,0.03735765656877085,0.05344915085354611,0.07992088227347231,0.11652782299157645,0.18540354837645012,0.2857871633794515,0.042478883778621725,0.004548283780964306,0.002991957119122073,0.004679159183501846,0.0071665189172847405,0.00793359419326865,0.009084207107244512,0.009616797287015331,0.011058607971637218,0.012870141668427657,0.017314452212931583,0.023235473549400743,0.033035132857183805,0.047125324111489196,0.07208908005995511,0.10622283921288457,0.16788587574680058,0.26463624415824594,interpolated,"mortality: 1900-02 HLD age pattern, level set relative to CDR anchors (splices to measured 1900 table); TFR level from Haines historical series (white pop., census-based); age pattern = 1950 WPP shape held fixed"
1888,0.0,0.0,0.0,0.103593,0.252636,0.213204,0.131569,0.067364,0.01912,0.001314,0.0,0.0,0.0,0.0,0.0,0.0,0.0,0.0,0.04990723070631671,0.0047547274994899314,0.0030185897388624082,0.004785595361266645,0.00739823682490273,0.008065844067980504,0.00951986392911387,0.01070827660751737,0.012501842948194595,0.015003575466609693,0.019238574316649833,0.026634657569800695,0.036883505536920456,0.05277076327904493,0.07890651005966384,0.11504882798531785,0.1830503685507941,0.28215989414331744,0.04193973308167133,0.004490556031261307,0.002953982586306495,0.004619770336373134,0.007075559990748473,0.007832899390153905,0.008968908489262052,0.009494738925342127,0.01091824985332409,0.012706791193246966,0.017094693637669432,0.02294056415810368,0.032615844181977056,0.04652719984176651,0.07117411068459693,0.1048746371722627,0.16575503381157605,0.26127742672274495,interpolated,"mortality: 1900-02 HLD age pattern, level set relative to CDR anchors (splices to measured 1900 table); TFR level from Haines historical series (white pop., census-based); age pattern = 1950 WPP shape held fixed"
1889,0.0,0.0,0.0,0.102621,0.250266,0.211204,0.130335,0.066732,0.018941,0.001302,0.0,0.0,0.0,0.0,0.0,0.0,0.0,0.0,0.049295714616185926,0.004696467557413895,0.002981602789903439,0.0047269571935532155,0.007307585815159295,0.007967012829335323,0.00940321650375849,0.010577067495122376,0.012348657167078083,0.014819735816974272,0.019002842989158657,0.026308301620401254,0.036431569879961635,0.0521241601640872,0.07793966417712034,0.11363912825908547,0.18080744214335842,0.2787025731736648,0.041425843185713095,0.004435532996965746,0.002917787272402533,0.004563164031967558,0.00698886275830755,0.00773692243567928,0.008859011951736875,0.009378399358063694,0.010784467927000321,0.012551094169817069,0.01688523140008693,0.022659472141960568,0.032216200418374016,0.04595709945893021,0.07030201032422026,0.10358960237530392,0.16372402810836595,0.25807597979476093,interpolated,"mortality: 1900-02 HLD age pattern, level set relative to CDR anchors (splices to measured 1900 table); TFR level from Haines historical series (white pop., census-based); age pattern = 1950 WPP shape held fixed"
1890,0.0,0.0,0.0,0.101649,0.247896,0.209204,0.1291,0.0661,0.018761,0.00129,0.0,0.0,0.0,0.0,0.0,0.0,0.0,0.0,0.04864238520914388,0.004634224005649459,0.0029420868036168155,0.004664309554414149,0.007210736408579048,0.007861423858606073,0.009278593138207942,0.01043688676564852,0.012184997081661984,0.014623325859451424,0.01875099318357447,0.025959630600379237,0.035948732454181204,0.05143334460501249,0.07690670877768335,0.1121330382295496,0.1784111523262001,0.2750088527703733,0.040876815308229966,0.00437674768133769,0.002879117050388394,0.004502687187794533,0.00689623747439932,0.007634382915021375,0.008741601075954456,0.009254104900841333,0.010641538463640892,0.012384751132181035,0.01666144687227801,0.022359160043563035,0.03178923042148157,0.0453480176194103,0.06937027881212843,0.10221670142392271,0.16155414938695167,0.25465562919909795,interpolated,"mortality: 1900-02 HLD age pattern, level set relative to CDR anchors (splices to measured 1900 table); TFR level from Haines historical series (white pop., census-based); age pattern = 1950 WPP shape held fixed"
1891,0.0,0.0,0.0,0.100835,0.245911,0.207528,0.128066,0.06557,0.018611,0.001279,0.0,0.0,0.0,0.0,0.0,0.0,0.0,0.0,0.04802083376344484,0.0045750079820515216,0.0029044928760514305,0.004604709098263225,0.007118597759949118,0.007760970738481301,0.009160031456779082,0.010303524430929651,0.012029297427556169,0.014436469287969779,0.01851139335985216,0.025627918948902786,0.03548938025482104,0.050776130334804936,0.07592399635889065,0.11070020446281441,0.17613141811537988,0.2714947950348302,0.0403544921626613,0.00432082168516997,0.0028423277490967035,0.004445151939079425,0.006808117486991897,0.007536830919627868,0.008629901068581823,0.009135856129630021,0.010505561093532517,0.01222649902472922,0.016448547230404457,0.02207345513435804,0.031383028257644885,0.04476856153826336,0.06848386674785904,0.1009105784147105,0.1594898136295994,0.2514016445557967,interpolated,"mortality: 1900-02 HLD age pattern, level set relative to CDR anchors (splices to measured 1900 table); TFR level from Haines historical series (white pop., census-based); age pattern = 1950 WPP shape held fixed"
1892,0.0,0.0,0.0,0.10002,0.243925,0.205852,0.127032,0.065041,0.018461,0.001269,0.0,0.0,0.0,0.0,0.0,0.0,0.0,0.0,0.04743083296234977,0.004518797829855424,0.002868807258178011,0.004548134027739289,0.007031136171886464,0.007665616730770067,0.00904748809853215,0.010176931717060972,0.011881501261545578,0.014259097764458863,0.018283955890409202,0.025313045350815397,0.035053345285418834,0.050152276993948364,0.07499116751850128,0.1093401029361273,0.17396740575570296,0.2681591147891942,0.03985868272251202,0.004267734554942342,0.002807405913769921,0.004390537243758524,0.006724470568426057,0.007444230772320897,0.008523871078163155,0.009023609797929004,0.010376486086387268,0.012076279970751244,0.01624645461180073,0.021802252924992795,0.030997445368684408,0.044218519294066505,0.06764244994859299,0.09967075566617321,0.15753026585765714,0.2483128358021792,interpolated,"mortality: 1900-02 HLD age pattern, level set relative to CDR anchors (splices to measured 1900 table); TFR level from Haines historical series (white pop., census-based); age pattern = 1950 WPP shape held fixed"
1893,0.0,0.0,0.0,0.099206,0.241939,0.204176,0.125998,0.064511,0.01831,0.001259,0.0,0.0,0.0,0.0,0.0,0.0,0.0,0.0,0.046800877389573566,0.004458781134019066,0.0028307050152563107,0.004487727701357002,0.006937751697320223,0.007563805363001166,0.008927323319814879,0.010041766162325418,0.011723696359856428,0.014069714666198458,0.018041116387364834,0.024976848556731247,0.03458778208891064,0.0494861763921556,0.07399516763958763,0.10788789552439551,0.17165684678187645,0.26459754274414327,0.03932929713646304,0.004211052371685101,0.0027701191766420262,0.004332224048913672,0.006635159092241101,0.00734535975599744,0.008410660751631948,0.008903762160353768,0.010238670137821844,0.011915888103460632,0.01603067630934748,0.021512684939963358,0.03058575086044482,0.04363122826606958,0.06674405252143466,0.09834697229461485,0.15543801778483243,0.24501485335203724,interpolated,"mortality: 1900-02 HLD age pattern, level set relative to CDR anchors (splices to measured 1900 table); TFR level from Haines historical series (white pop., census-based); age pattern = 1950 WPP shape held fixed"
1894,0.0,0.0,0.0,0.098392,0.239953,0.2025,0.124964,0.063982,0.01816,0.001248,0.0,0.0,0.0,0.0,0.0,0.0,0.0,0.0,0.046202321013357875,0.004401755880930287,0.002794501921840697,0.0044303322382761015,0.006849021832696843,0.007467068631106319,0.008813147975384163,0.009913337733198021,0.011573757008279825,0.013889771086190604,0.017810380857391363,0.024657408990738497,0.034145424195998815,0.0488532765820196,0.07304881189007574,0.10650807122655005,0.16946145417615444,0.26121349194906573,0.03882629798588823,0.004157195427366107,0.0027346909413494577,0.004276817388348586,0.006550299213465597,0.007251416818112906,0.00830309322508387,0.008789888149637569,0.01010772341979455,0.011763490729727035,0.01582565315475706,0.021237550039539397,0.030194576651327486,0.043073209883991194,0.06589043437494922,0.09708917093207962,0.1534500546986496,0.24188125392139734,interpolated,"mortality: 1900-02 HLD age pattern, level set relative to CDR anchors (splices to measured 1900 table); TFR level from Haines historical series (white pop., census-based); age pattern = 1950 WPP shape held fixed"
1895,0.0,0.0,0.0,0.097578,0.237968,0.200825,0.12393,0.063452,0.01801,0.001238,0.0,0.0,0.0,0.0,0.0,0.0,0.0,0.0,0.04556385994877909,0.0043409288557048195,0.00275588523261701,0.0043691103218171925,0.006754376505909846,0.0073638826334565324,0.008691360763935903,0.009776347209262291,0.011413821466977773,0.013697830987945733,0.017564262600270122,0.02431667295738143,0.03367357508962234,0.048178182467901384,0.0720393642869549,0.10503625649841386,0.1671196986525067,0.2576038325100102,0.03828976477712245,0.004099747936417528,0.002696900768660879,0.00421771686432979,0.006459781877595615,0.007151210871748039,0.008188354362976675,0.008668422361286296,0.009968046717119717,0.011600933294305279,0.01560696147132584,0.02094407238495643,0.02977732355385347,0.04247798940947418,0.06497990702580532,0.09574751419118892,0.15132955765145045,0.23853874299352298,interpolated,"mortality: 1900-02 HLD age pattern, level set relative to CDR anchors (splices to measured 1900 table); TFR level from Haines historical series (white pop., census-based); age pattern = 1950 WPP shape held fixed"
1896,0.0,0.0,0.0,0.096763,0.235982,0.199149,0.122896,0.062923,0.017859,0.001228,0.0,0.0,0.0,0.0,0.0,0.0,0.0,0.0,0.044920931180385884,0.0042796761864617346,0.00271699831872448,0.004307459998044411,0.006659068887699046,0.007259974580068551,0.008568721332643208,0.009638398078576233,0.011252766758560328,0.013504547767063255,0.017316422102691097,0.023973552584930887,0.033198424165532404,0.04749836430604391,0.07102285295958037,0.103554142579552,0.1647615564286107,0.25396891406905253,0.03774947711629005,0.004041898450126274,0.0026588461549467866,0.004158202777681663,0.00636863113638712,0.007050303722892311,0.008072812602650095,0.008546106602285216,0.00982739261085374,0.011437238344766237,0.015386739468001285,0.02064854108715296,0.02935715068043918,0.041878603812082874,0.06406300815812005,0.09439646905487138,0.14919422218532208,0.2351728424657957,interpolated,"mortality: 1900-02 HLD age pattern, level set relative to CDR anchors (splices to measured 1900 table); TFR level from Haines historical series (white pop., census-based); age pattern = 1950 WPP shape held fixed"
1897,0.0,0.0,0.0,0.095949,0.233996,0.197473,0.121861,0.062393,0.017709,0.001217,0.0,0.0,0.0,0.0,0.0,0.0,0.0,0.0,0.04430902958101061,0.004221379516413014,0.0026799880526182118,0.004248784863918979,0.006568360730150604,0.007161081036674964,0.008452000370938505,0.009507106249918159,0.011099484406747316,0.013320592222056343,0.017080542166508457,0.023646990895670274,0.032746203601313605,0.04685135356243607,0.07005539756237039,0.10214355415670937,0.16251721604551891,0.25050941355054346,0.03723526325615698,0.0039868407284549875,0.002622628022954564,0.004101560787782284,0.00628187924866383,0.006954266263054368,0.007962846784640175,0.008429693692735975,0.009693526346325015,0.011281443167513667,0.015177145182169746,0.02036727186623548,0.0289572549751982,0.041308144029107444,0.06319035801212616,0.0931106241520107,0.14716193610456044,0.23196937729592665,interpolated,"mortality: 1900-02 HLD age pattern, level set relative to CDR anchors (splices to measured 1900 table); TFR level from Haines historical series (white pop., census-based); age pattern = 1950 WPP shape held fixed"
1898,0.0,0.0,0.0,0.095135,0.23201,0.195797,0.120827,0.061864,0.017559,0.001207,0.0,0.0,0.0,0.0,0.0,0.0,0.0,0.0,0.04365722497344724,0.004159281234300087,0.002640564292327601,0.004186283437527218,0.006471737359507314,0.00705573849907085,0.008327667862711649,0.0093672526869562,0.010936206286095443,0.01312464066392224,0.01682928015086319,0.02329913363572675,0.0322644930653489,0.046162150291424606,0.06902485296801515,0.10064097917680562,0.16012651890706842,0.24682431388724096,0.03668751674977446,0.00392819261133301,0.002584048053015001,0.004041225089958211,0.006189470142051606,0.006851966058438198,0.007845709933018084,0.008305689325201192,0.009550930464722152,0.011115488356359303,0.014953882943006737,0.020067660663475182,0.028531281479644365,0.040700483720076376,0.0622608010596188,0.09174092740150025,0.14499712164308537,0.22855700942497942,interpolated,"mortality: 1900-02 HLD age pattern, level set relative to CDR anchors (splices to measured 1900 table); TFR level from Haines historical series (white pop., census-based); age pattern = 1950 WPP shape held fixed"
1899,0.0,0.0,0.0,0.094321,0.230025,0.194122,0.119793,0.061335,0.017409,0.001197,0.0,0.0,0.0,0.0,0.0,0.0,0.0,0.0,0.04303631987355351,0.004100126788916994,0.0026030094583522245,0.004126744959359121,0.006379694525036391,0.006955389839249844,0.00820922947251796,0.009234029034539865,0.010780668542671384,0.01293797840292287,0.01658992948486079,0.022967766928238424,0.0318056185422443,0.045505619452475526,0.06804316246310281,0.09920963540112626,0.15784915537152308,0.24331391038899827,0.03616573676338673,0.00387232477210995,0.002547297008589633,0.003983749671635135,0.006101441789833223,0.006754515506494721,0.007734126081486966,0.008187563519832509,0.00941509449626829,0.010957400813862718,0.014741204693572105,0.019782252856257322,0.0281255017218153,0.04012163021014058,0.06137531076734992,0.09043616261795717,0.1429349325700772,0.22530640857128933,interpolated,"mortality: 1900-02 HLD age pattern, level set relative to CDR anchors (splices to measured 1900 table); TFR level from Haines historical series (white pop., census-based); age pattern = 1950 WPP shape held fixed"
1900,0.0,0.0,0.0,0.093507,0.228039,0.192446,0.118759,0.060805,0.017258,0.001186,0.0,0.0,0.0,0.0,0.0,0.0,0.0,0.0,0.051633,0.004688,0.002921,0.004712,0.007242,0.007709,0.008942,0.010112,0.011451,0.01395,0.01798,0.024809,0.03409,0.049722,0.074489,0.109611,0.170421,0.268377,0.043502,0.004581,0.003089,0.004611,0.006983,0.007808,0.008629,0.009322,0.010332,0.012423,0.01638,0.022068,0.03054,0.044212,0.068088,0.09974,0.158248,0.250058,interpolated,"TFR level from Haines historical series (white pop., census-based); age pattern = 1950 WPP shape held fixed; mortality: HLD/NCHS life tables"
1901,0.0,0.0,0.0,0.093139,0.227142,0.191689,0.118292,0.060566,0.01719,0.001182,0.0,0.0,0.0,0.0,0.0,0.0,0.0,0.0,0.044276,0.004379,0.00289,0.004491,0.006981,0.00778,0.00906,0.010163,0.012058,0.014441,0.01828,0.025367,0.035259,0.050021,0.073969,0.108221,0.178178,0.267495,0.03698,0.004118,0.002639,0.00426,0.006578,0.007238,0.008451,0.008891,0.010468,0.01185,0.016367,0.021773,0.031549,0.044358,0.067499,0.101248,0.159029,0.250195,interpolated,"TFR level from Haines historical series (white pop., census-based); age pattern = 1950 WPP shape held fixed; mortality: HLD/NCHS life tables"
1902,0.0,0.0,0.0,0.092771,0.226245,0.190932,0.117825,0.060327,0.017123,0.001177,0.0,0.0,0.0,0.0,0.0,0.0,0.0,0.0,0.043136,0.00418,0.002599,0.00413,0.006389,0.006983,0.008521,0.009559,0.011322,0.01341,0.01734,0.02403,0.033411,0.04728,0.071381,0.102702,0.161392,0.250245,0.036365,0.003812,0.002502,0.004,0.006152,0.006777,0.007908,0.00824,0.009619,0.011129,0.01488,0.020073,0.028781,0.041058,0.062709,0.0912,0.144528,0.227684,interpolated,"TFR level from Haines historical series (white pop., census-based); age pattern = 1950 WPP shape held fixed; mortality: HLD/NCHS life tables"
1903,0.0,0.0,0.0,0.092403,0.225349,0.190175,0.117358,0.060088,0.017055,0.001172,0.0,0.0,0.0,0.0,0.0,0.0,0.0,0.0,0.040703,0.004181,0.002829,0.004278,0.006447,0.007092,0.008462,0.00965,0.011492,0.014051,0.017423,0.024864,0.034772,0.049132,0.073608,0.108549,0.168562,0.261716,0.03433,0.00404,0.002602,0.004108,0.005969,0.006819,0.007841,0.00859,0.009652,0.011311,0.015247,0.02155,0.030458,0.043271,0.065219,0.097501,0.153012,0.24438,interpolated,"TFR level from Haines historical series (white pop., census-based); age pattern = 1950 WPP shape held fixed; mortality: HLD/NCHS life tables"
1904,0.0,0.0,0.0,0.092036,0.224452,0.189418,0.116891,0.059849,0.016987,0.001168,0.0,0.0,0.0,0.0,0.0,0.0,0.0,0.0,0.042774,0.00425,0.003101,0.00453,0.006502,0.007172,0.009048,0.010358,0.012112,0.01479,0.01841,0.02604,0.037973,0.05117,0.078698,0.112379,0.17798,0.277876,0.035747,0.004159,0.003083,0.004578,0.006432,0.007179,0.008111,0.00883,0.009819,0.011871,0.015981,0.021681,0.031651,0.044707,0.070669,0.101148,0.15999,0.256077,interpolated,"TFR level from Haines historical series (white pop., census-based); age pattern = 1950 WPP shape held fixed; mortality: HLD/NCHS life tables"
1905,0.0,0.0,0.0,0.091668,0.223555,0.188662,0.116424,0.059609,0.016919,0.001163,0.0,0.0,0.0,0.0,0.0,0.0,0.0,0.0,0.042543,0.003999,0.00284,0.004271,0.006339,0.006819,0.00856,0.009948,0.011503,0.01484,0.017407,0.024948,0.036441,0.049601,0.07398,0.110689,0.169439,0.270331,0.035054,0.003812,0.002829,0.00421,0.005997,0.006711,0.007778,0.008328,0.009622,0.011789,0.0151,0.021329,0.03107,0.04459,0.067321,0.100569,0.150001,0.25135,interpolated,"TFR level from Haines historical series (white pop., census-based); age pattern = 1950 WPP shape held fixed; mortality: HLD/NCHS life tables"
1906,0.0,0.0,0.0,0.0913,0.222658,0.187905,0.115957,0.05937,0.016851,0.001158,0.0,0.0,0.0,0.0,0.0,0.0,0.0,0.0,0.043914,0.003872,0.002839,0.00459,0.006758,0.007232,0.008707,0.010291,0.011808,0.01487,0.01741,0.02511,0.035439,0.049228,0.072929,0.109868,0.16477,0.264235,0.036672,0.003582,0.002668,0.004048,0.005861,0.006541,0.007678,0.008108,0.009063,0.011702,0.01443,0.020561,0.029872,0.043019,0.065408,0.09852,0.148712,0.2488,interpolated,"TFR level from Haines historical series (white pop., census-based); age pattern = 1950 WPP shape held fixed; mortality: HLD/NCHS life tables"
1907,0.0,0.0,0.0,0.090932,0.221762,0.187148,0.11549,0.059131,0.016783,0.001154,0.0,0.0,0.0,0.0,0.0,0.0,0.0,0.0,0.041336,0.00372,0.002831,0.00458,0.007019,0.007361,0.009121,0.0107,0.012391,0.015691,0.01828,0.026299,0.037621,0.052732,0.078697,0.1147,0.176861,0.274429,0.034637,0.003491,0.00254,0.0039,0.005711,0.006233,0.007642,0.008361,0.009269,0.011718,0.01484,0.021638,0.031362,0.045239,0.069838,0.105109,0.162332,0.260667,interpolated,"TFR level from Haines historical series (white pop., census-based); age pattern = 1950 WPP shape held fixed; mortality: HLD/NCHS life tables"
1908,0.0,0.0,0.0,0.090565,0.220865,0.186391,0.115023,0.058892,0.016715,0.001149,0.0,0.0,0.0,0.0,0.0,0.0,0.0,0.0,0.039475,0.003639,0.002551,0.00402,0.006061,0.00638,0.007778,0.009018,0.01085,0.014052,0.01654,0.024403,0.0339,0.047059,0.071558,0.109279,0.16326,0.254591,0.033041,0.003339,0.002471,0.003703,0.005259,0.005832,0.00697,0.00755,0.00865,0.010881,0.013879,0.019791,0.028978,0.042289,0.064781,0.096232,0.149702,0.245214,interpolated,"TFR level from Haines historical series (white pop., census-based); age pattern = 1950 WPP shape held fixed; mortality: HLD/NCHS life tables"
1909,0.0,0.0,0.0,0.090197,0.219968,0.185634,0.114556,0.058653,0.016648,0.001144,0.0,0.0,0.0,0.0,0.0,0.0,0.0,0.0,0.037579,0.003362,0.002441,0.003692,0.00548,0.006071,0.007322,0.008691,0.010632,0.013552,0.016292,0.023501,0.033411,0.04809,0.07142,0.107871,0.16007,0.254741,0.03149,0.003123,0.002232,0.003379,0.004973,0.005592,0.006561,0.007442,0.00831,0.010509,0.013237,0.019517,0.02821,0.042417,0.063829,0.09792,0.144952,0.240924,interpolated,"TFR level from Haines historical series (white pop., census-based); age pattern = 1950 WPP shape held fixed; mortality: HLD/NCHS life tables"
1910,0.0,0.0,0.0,0.089829,0.219071,0.184878,0.114089,0.058414,0.01658,0.00114,0.0,0.0,0.0,0.0,0.0,0.0,0.0,0.0,0.039626,0.003571,0.002463,0.003862,0.005922,0.006418,0.007722,0.009099,0.011212,0.013879,0.017127,0.024659,0.034537,0.049429,0.074681,0.110251,0.167577,0.257978,0.033183,0.003339,0.002372,0.003491,0.005161,0.00583,0.006691,0.007368,0.00883,0.010621,0.014131,0.020039,0.028658,0.043497,0.066921,0.100309,0.154507,0.246478,interpolated,"TFR level from Haines historical series (white pop., census-based); age pattern = 1950 WPP shape held fixed; mortality: HLD/NCHS life tables"
1911,0.0,0.0,0.0,0.089173,0.21747,0.183526,0.113255,0.057987,0.016458,0.001131,0.0,0.0,0.0,0.0,0.0,0.0,0.0,0.0,0.033633,0.003218,0.00237,0.003772,0.005719,0.006189,0.007502,0.009011,0.010971,0.013461,0.016952,0.02425,0.033529,0.048617,0.07451,0.107862,0.166008,0.252872,0.028307,0.002961,0.002172,0.003501,0.005198,0.00571,0.006559,0.007462,0.008631,0.010319,0.014042,0.020001,0.028123,0.042719,0.066801,0.098601,0.152047,0.244398,interpolated,"TFR level from Haines historical series (white pop., census-based); age pattern = 1950 WPP shape held fixed; mortality: HLD/NCHS life tables"
1912,0.0,0.0,0.0,0.088516,0.215868,0.182175,0.112421,0.05756,0.016337,0.001123,0.0,0.0,0.0,0.0,0.0,0.0,0.0,0.0,0.032392,0.003019,0.002149,0.003561,0.005527,0.006052,0.007171,0.008648,0.010898,0.013197,0.017439,0.024727,0.033398,0.048791,0.073649,0.108911,0.163608,0.249859,0.026908,0.002718,0.001972,0.003333,0.00485,0.00541,0.006231,0.007059,0.008453,0.009959,0.01368,0.019858,0.027842,0.042399,0.065221,0.099148,0.151781,0.239385,interpolated,"TFR level from Haines historical series (white pop., census-based); age pattern = 1950 WPP shape held fixed; mortality: HLD/NCHS life tables"
1913,0.0,0.0,0.0,0.087859,0.214267,0.180823,0.111587,0.057133,0.016216,0.001115,0.0,0.0,0.0,0.0,0.0,0.0,0.0,0.0,0.034095,0.003361,0.00226,0.003809,0.005689,0.006238,0.007311,0.008813,0.011122,0.0133,0.017449,0.02474,0.032778,0.048353,0.074,0.10577,0.16303,0.244914,0.028357,0.002989,0.002119,0.003372,0.004911,0.005407,0.00618,0.007048,0.008548,0.010088,0.013929,0.019548,0.027142,0.041569,0.065021,0.097231,0.14898,0.234807,interpolated,"TFR level from Haines historical series (white pop., census-based); age pattern = 1950 WPP shape held fixed; mortality: HLD/NCHS life tables"
1914,0.0,0.0,0.0,0.087203,0.212666,0.179472,0.110753,0.056706,0.016095,0.001106,0.0,0.0,0.0,0.0,0.0,0.0,0.0,0.0,0.031066,0.003071,0.002223,0.00353,0.005452,0.00594,0.007067,0.008412,0.01091,0.012671,0.01696,0.024092,0.032282,0.047961,0.074828,0.103939,0.160919,0.241845,0.025724,0.002799,0.002009,0.003277,0.004841,0.005311,0.006099,0.00696,0.0084,0.0101,0.013759,0.019539,0.027021,0.041271,0.065292,0.094229,0.147868,0.23119,interpolated,"TFR level from Haines historical series (white pop., census-based); age pattern = 1950 WPP shape held fixed; mortality: HLD/NCHS life tables"
1915,0.0,0.0,0.0,0.086546,0.211064,0.17812,0.109919,0.056279,0.015974,0.001098,0.0,0.0,0.0,0.0,0.0,0.0,0.0,0.0,0.029247,0.002788,0.002101,0.003381,0.00523,0.005719,0.006902,0.008219,0.01051,0.01275,0.016653,0.024811,0.032001,0.048371,0.076618,0.107219,0.166521,0.250181,0.023876,0.002447,0.001901,0.003241,0.004758,0.005182,0.005963,0.006838,0.008472,0.010118,0.013849,0.02019,0.02744,0.042501,0.068609,0.099161,0.152613,0.236515,interpolated,"TFR level from Haines historical series (white pop., census-based); age pattern = 1950 WPP shape held fixed; mortality: HLD/NCHS life tables"
1916,0.0,0.0,0.0,0.085889,0.209463,0.176769,0.109085,0.055852,0.015852,0.00109,0.0,0.0,0.0,0.0,0.0,0.0,0.0,0.0,0.031264,0.003007,0.00219,0.003612,0.005501,0.006019,0.007269,0.008602,0.011141,0.013278,0.017402,0.025979,0.0329,0.05031,0.077389,0.110899,0.169669,0.254933,0.025566,0.00261,0.001929,0.003418,0.005022,0.005359,0.006159,0.007031,0.008662,0.010462,0.013832,0.020802,0.027731,0.043652,0.068669,0.100878,0.157661,0.243856,interpolated,"TFR level from Haines historical series (white pop., census-based); age pattern = 1950 WPP shape held fixed; mortality: HLD/NCHS life tables"
1917,0.0,0.0,0.0,0.085233,0.207861,0.175418,0.108251,0.055425,0.015731,0.001081,0.0,0.0,0.0,0.0,0.0,0.0,0.0,0.0,0.030706,0.003092,0.00228,0.0038,0.00576,0.006341,0.007728,0.008889,0.011569,0.013592,0.017881,0.02612,0.033518,0.050818,0.077886,0.110268,0.172712,0.251918,0.024973,0.002702,0.002111,0.00363,0.005229,0.0055,0.006333,0.007189,0.008709,0.01049,0.013971,0.020859,0.027947,0.043568,0.06822,0.100832,0.157039,0.240209,interpolated,"TFR level from Haines historical series (white pop., census-based); age pattern = 1950 WPP shape held fixed; mortality: HLD/NCHS life tables"
1918,0.0,0.0,0.0,0.084576,0.20626,0.174066,0.107417,0.054998,0.01561,0.001073,0.0,0.0,0.0,0.0,0.0,0.0,0.0,0.0,0.036232,0.004591,0.003718,0.008119,0.012448,0.016262,0.018171,0.015478,0.014948,0.015538,0.01823,0.025508,0.03285,0.04931,0.07366,0.102829,0.154957,0.233025,0.030889,0.004371,0.003827,0.00699,0.01189,0.014269,0.01373,0.011519,0.01116,0.012249,0.015301,0.021028,0.02787,0.042583,0.0651,0.092511,0.141509,0.221815,interpolated,"TFR level from Haines historical series (white pop., census-based); age pattern = 1950 WPP shape held fixed; mortality: HLD/NCHS life tables"
1919,0.0,0.0,0.0,0.083919,0.204659,0.172715,0.106583,0.054571,0.015489,0.001065,0.0,0.0,0.0,0.0,0.0,0.0,0.0,0.0,0.026522,0.003182,0.002472,0.004509,0.0062,0.006919,0.008041,0.008602,0.009677,0.011509,0.014768,0.021098,0.028733,0.043577,0.065769,0.096532,0.146241,0.234269,0.0217,0.002812,0.002272,0.004217,0.006458,0.00746,0.007791,0.007849,0.008538,0.010112,0.013392,0.01859,0.025481,0.039787,0.060401,0.090339,0.136038,0.220883,interpolated,"TFR level from Haines historical series (white pop., census-based); age pattern = 1950 WPP shape held fixed; mortality: HLD/NCHS life tables"
1920,0.0,0.0,0.0,0.083263,0.203057,0.171363,0.105749,0.054144,0.015368,0.001056,0.0,0.0,0.0,0.0,0.0,0.0,0.0,0.0,0.027276,0.003122,0.002453,0.004128,0.005488,0.005871,0.00708,0.007772,0.008807,0.010982,0.014699,0.021,0.029229,0.045278,0.069642,0.105268,0.16246,0.253311,0.022398,0.002769,0.002158,0.003882,0.00609,0.006758,0.007589,0.007778,0.008299,0.010239,0.013541,0.01895,0.026828,0.04148,0.06411,0.09856,0.1519,0.242007,interpolated,"TFR level from Haines historical series (white pop., census-based); age pattern = 1950 WPP shape held fixed; mortality: HLD/NCHS life tables"
1921,0.0,0.0,0.0,0.081372,0.198445,0.167471,0.103347,0.052914,0.015019,0.001032,0.0,0.0,0.0,0.0,0.0,0.0,0.0,0.0,0.023196,0.003029,0.002261,0.00328,0.00444,0.004472,0.005179,0.00628,0.007771,0.010162,0.01339,0.019289,0.028329,0.042168,0.065938,0.098671,0.15222,0.243841,0.019008,0.002598,0.00194,0.00321,0.00466,0.004692,0.005329,0.006137,0.007081,0.009321,0.012478,0.017119,0.02548,0.038239,0.060031,0.091834,0.142641,0.236417,interpolated,"TFR level from Haines historical series (white pop., census-based); age pattern = 1950 WPP shape held fixed; mortality: HLD/NCHS life tables"
1922,0.0,0.0,0.0,0.079481,0.193833,0.163579,0.100945,0.051684,0.01467,0.001008,0.0,0.0,0.0,0.0,0.0,0.0,0.0,0.0,0.022169,0.002592,0.002018,0.003222,0.004398,0.004581,0.005471,0.006727,0.008243,0.011,0.014277,0.020111,0.03095,0.045242,0.071658,0.104497,0.162571,0.25669,0.017947,0.002193,0.001729,0.003151,0.00457,0.004789,0.005393,0.00639,0.007321,0.009529,0.012901,0.017219,0.027009,0.039933,0.063921,0.096408,0.14956,0.251499,interpolated,"TFR level from Haines historical series (white pop., census-based); age pattern = 1950 WPP shape held fixed; mortality: HLD/NCHS life tables"
1923,0.0,0.0,0.0,0.077589,0.189221,0.159687,0.098543,0.050455,0.014321,0.000984,0.0,0.0,0.0,0.0,0.0,0.0,0.0,0.0,0.023252,0.002578,0.002061,0.003271,0.00454,0.004761,0.005488,0.00713,0.008428,0.011428,0.015122,0.020382,0.032768,0.045879,0.073848,0.10929,0.169709,0.273731,0.019226,0.002219,0.001713,0.003232,0.004608,0.004783,0.005228,0.006479,0.007328,0.00956,0.013339,0.017647,0.027818,0.040591,0.066052,0.100031,0.160161,0.267733,interpolated,"TFR level from Haines historical series (white pop., census-based); age pattern = 1950 WPP shape held fixed; mortality: HLD/NCHS life tables"
1924,0.0,0.0,0.0,0.075698,0.184609,0.155795,0.096141,0.049225,0.013971,0.00096,0.0,0.0,0.0,0.0,0.0,0.0,0.0,0.0,0.021496,0.002391,0.001988,0.003192,0.0044,0.00457,0.005119,0.007008,0.008258,0.011239,0.015349,0.019948,0.031989,0.045111,0.071119,0.104794,0.165029,0.26073,0.017336,0.002038,0.001621,0.003067,0.004538,0.004619,0.004811,0.00618,0.007139,0.009361,0.013218,0.016653,0.026811,0.037869,0.062199,0.092719,0.151747,0.252671,interpolated,"TFR level from Haines historical series (white pop., census-based); age pattern = 1950 WPP shape held fixed; mortality: HLD/NCHS life tables"
1925,0.0,0.0,0.0,0.073807,0.179997,0.151902,0.09374,0.047995,0.013622,0.000936,0.0,0.0,0.0,0.0,0.0,0.0,0.0,0.0,0.020772,0.00231,0.002001,0.003191,0.0044,0.004691,0.005149,0.007022,0.008292,0.011313,0.015701,0.020301,0.032148,0.04617,0.070998,0.106408,0.169129,0.26967,0.016875,0.001918,0.001628,0.003081,0.004518,0.004759,0.004779,0.006362,0.007159,0.009311,0.013112,0.01699,0.027038,0.039389,0.061819,0.09488,0.152612,0.261762,interpolated,"TFR level from Haines historical series (white pop., census-based); age pattern = 1950 WPP shape held fixed; mortality: HLD/NCHS life tables"
1926,0.0,0.0,0.0,0.071916,0.175385,0.14801,0.091338,0.046765,0.013273,0.000912,0.0,0.0,0.0,0.0,0.0,0.0,0.0,0.0,0.021971,0.00233,0.001899,0.003139,0.004399,0.004712,0.00521,0.00721,0.008649,0.01182,0.016481,0.021179,0.03286,0.048501,0.07268,0.113111,0.17484,0.276582,0.017934,0.001942,0.00154,0.003008,0.00443,0.004848,0.004839,0.006428,0.007281,0.009603,0.013691,0.017857,0.02773,0.041172,0.063841,0.100238,0.158709,0.268581,interpolated,"TFR level from Haines historical series (white pop., census-based); age pattern = 1950 WPP shape held fixed; mortality: HLD/NCHS life tables"
1927,0.0,0.0,0.0,0.070025,0.170773,0.144118,0.088936,0.045535,0.012924,0.000888,0.0,0.0,0.0,0.0,0.0,0.0,0.0,0.0,0.019072,0.002291,0.001861,0.002978,0.004102,0.004551,0.004981,0.006963,0.008289,0.011168,0.015829,0.020641,0.031321,0.04687,0.068608,0.10634,0.160911,0.25582,0.01538,0.001869,0.001501,0.002818,0.004157,0.00456,0.004701,0.005972,0.007081,0.009132,0.012911,0.016912,0.0256,0.039221,0.059248,0.09315,0.143799,0.244728,interpolated,"TFR level from Haines historical series (white pop., census-based); age pattern = 1950 WPP shape held fixed; mortality: HLD/NCHS life tables"
1928,0.0,0.0,0.0,0.068134,0.166161,0.140226,0.086534,0.044306,0.012575,0.000864,0.0,0.0,0.0,0.0,0.0,0.0,0.0,0.0,0.020459,0.002321,0.001932,0.003219,0.004381,0.004882,0.005343,0.00718,0.008979,0.01194,0.01696,0.022188,0.03239,0.049781,0.072004,0.114752,0.172892,0.270193,0.016467,0.001939,0.001558,0.002958,0.004337,0.004701,0.005011,0.00633,0.00758,0.009513,0.013578,0.018032,0.026759,0.041599,0.062432,0.101168,0.154491,0.259402,interpolated,"TFR level from Haines historical series (white pop., census-based); age pattern = 1950 WPP shape held fixed; mortality: HLD/NCHS life tables"
1929,0.0,0.0,0.0,0.066243,0.161549,0.136334,0.084132,0.043076,0.012226,0.00084,0.0,0.0,0.0,0.0,0.0,0.0,0.0,0.0,0.019842,0.002272,0.001867,0.00314,0.004382,0.004919,0.005423,0.006941,0.0092,0.011973,0.016741,0.02285,0.032451,0.049681,0.07141,0.11178,0.168569,0.262412,0.016169,0.001888,0.00145,0.00284,0.004209,0.004663,0.005019,0.006002,0.007421,0.009488,0.01322,0.018251,0.026518,0.04127,0.061593,0.098768,0.151568,0.248829,interpolated,"TFR level from Haines historical series (white pop., census-based); age pattern = 1950 WPP shape held fixed; mortality: HLD/NCHS life tables"
1930,0.0,0.0,0.0,0.064351,0.156937,0.132442,0.08173,0.041846,0.011877,0.000816,0.0,0.0,0.0,0.0,0.0,0.0,0.0,0.0,0.018812,0.002098,0.0017,0.00293,0.004128,0.004551,0.005269,0.006452,0.008632,0.011548,0.016119,0.022299,0.032301,0.046838,0.069301,0.103829,0.154923,0.242549,0.015232,0.001701,0.001361,0.002649,0.003778,0.00423,0.004666,0.005493,0.00695,0.009103,0.012519,0.017611,0.025932,0.038448,0.059113,0.091102,0.13895,0.226673,interpolated,"TFR level from Haines historical series (white pop., census-based); age pattern = 1950 WPP shape held fixed; mortality: HLD/NCHS life tables"
1931,0.0,0.0,0.0,0.063747,0.155464,0.131198,0.080963,0.041453,0.011766,0.000809,0.0,0.0,0.0,0.0,0.0,0.0,0.0,0.0,0.017599,0.002008,0.00167,0.00287,0.003909,0.004282,0.0052,0.006528,0.008479,0.011573,0.015719,0.02205,0.031681,0.044808,0.068778,0.102699,0.151739,0.240694,0.014196,0.001659,0.001323,0.002438,0.003627,0.003989,0.00461,0.005371,0.006729,0.008919,0.012239,0.017098,0.025537,0.036822,0.05805,0.089051,0.134989,0.220644,interpolated,"TFR level from Haines historical series (white pop., census-based); age pattern = 1950 WPP shape held fixed; mortality: HLD/NCHS life tables"
1932,0.0,0.0,0.0,0.063143,0.15399,0.129955,0.080196,0.04106,0.011654,0.000801,0.0,0.0,0.0,0.0,0.0,0.0,0.0,0.0,0.016336,0.001812,0.001572,0.002561,0.003513,0.003938,0.00475,0.00608,0.007839,0.011008,0.015239,0.021749,0.031879,0.04397,0.069542,0.105802,0.155761,0.246969,0.01328,0.00155,0.001239,0.002231,0.003298,0.003751,0.004349,0.005231,0.006339,0.008659,0.011877,0.016751,0.025623,0.036401,0.059753,0.092658,0.139242,0.230159,interpolated,"TFR level from Haines historical series (white pop., census-based); age pattern = 1950 WPP shape held fixed; mortality: HLD/NCHS life tables"
1933,0.0,0.0,0.0,0.062539,0.152517,0.128712,0.079428,0.040668,0.011543,0.000793,0.0,0.0,0.0,0.0,0.0,0.0,0.0,0.0,0.016421,0.001788,0.001539,0.002458,0.003431,0.003898,0.004678,0.006001,0.007689,0.011039,0.015221,0.02135,0.032292,0.043581,0.069309,0.103701,0.15132,0.23959,0.013358,0.001509,0.00118,0.002069,0.00308,0.003631,0.004142,0.005061,0.00604,0.00841,0.011589,0.016331,0.025142,0.035513,0.05765,0.09078,0.133308,0.220501,interpolated,"TFR level from Haines historical series (white pop., census-based); age pattern = 1950 WPP shape held fixed; mortality: HLD/NCHS life tables"
1934,0.0,0.0,0.0,0.061935,0.151044,0.127468,0.078661,0.040275,0.011431,0.000786,0.0,0.0,0.0,0.0,0.0,0.0,0.0,0.0,0.017894,0.001849,0.00156,0.002501,0.003518,0.003969,0.004759,0.006118,0.007813,0.011381,0.016099,0.021919,0.032898,0.044509,0.069843,0.108369,0.152838,0.240782,0.014424,0.001539,0.00121,0.002041,0.003029,0.003608,0.004061,0.004991,0.006018,0.008388,0.011881,0.01637,0.02532,0.035579,0.057741,0.09233,0.135261,0.222114,interpolated,"TFR level from Haines historical series (white pop., census-based); age pattern = 1950 WPP shape held fixed; mortality: HLD/NCHS life tables"
1935,0.0,0.0,0.0,0.061331,0.149571,0.126225,0.077894,0.039882,0.01132,0.000778,0.0,0.0,0.0,0.0,0.0,0.0,0.0,0.0,0.016235,0.001811,0.001592,0.002487,0.003438,0.004,0.004648,0.006199,0.007807,0.011231,0.015838,0.022058,0.031922,0.045048,0.067378,0.108678,0.15033,0.240858,0.012892,0.001528,0.001209,0.002022,0.002943,0.003562,0.003979,0.005,0.005928,0.00831,0.011639,0.016308,0.02437,0.035829,0.055767,0.092452,0.130811,0.222491,interpolated,"TFR level from Haines historical series (white pop., census-based); age pattern = 1950 WPP shape held fixed; mortality: HLD/NCHS life tables"
1936,0.0,0.0,0.0,0.060727,0.148097,0.124982,0.077127,0.039489,0.011208,0.00077,0.0,0.0,0.0,0.0,0.0,0.0,0.0,0.0,0.016576,0.001758,0.001569,0.00259,0.003549,0.004069,0.004781,0.006412,0.008409,0.011801,0.01683,0.023288,0.033419,0.047541,0.069573,0.11629,0.16122,0.255157,0.013227,0.001411,0.00119,0.002072,0.002993,0.003633,0.00399,0.005122,0.006121,0.008382,0.011949,0.01666,0.025038,0.037479,0.057639,0.099612,0.141143,0.236825,interpolated,"TFR level from Haines historical series (white pop., census-based); age pattern = 1950 WPP shape held fixed; mortality: HLD/NCHS life tables"
1937,0.0,0.0,0.0,0.060123,0.146624,0.123738,0.076359,0.039096,0.011097,0.000763,0.0,0.0,0.0,0.0,0.0,0.0,0.0,0.0,0.016022,0.00163,0.00143,0.002481,0.003382,0.003869,0.004611,0.006029,0.008109,0.011501,0.016541,0.02299,0.032618,0.046769,0.066829,0.112248,0.15667,0.243894,0.012853,0.001297,0.001081,0.001931,0.002798,0.00332,0.003782,0.004809,0.005999,0.008109,0.011688,0.016181,0.023978,0.036067,0.054762,0.095262,0.134382,0.225659,interpolated,"TFR level from Haines historical series (white pop., census-based); age pattern = 1950 WPP shape held fixed; mortality: HLD/NCHS life tables"
1938,0.0,0.0,0.0,0.059518,0.145151,0.122495,0.075592,0.038703,0.010985,0.000755,0.0,0.0,0.0,0.0,0.0,0.0,0.0,0.0,0.015086,0.00145,0.001269,0.002133,0.002892,0.00333,0.003972,0.005258,0.007259,0.010411,0.015328,0.021373,0.030431,0.044717,0.064658,0.105679,0.147052,0.231966,0.012073,0.00118,0.000968,0.001728,0.002448,0.002903,0.003312,0.004299,0.005507,0.007538,0.010938,0.015438,0.022609,0.034541,0.052962,0.090701,0.12955,0.215443,interpolated,"TFR level from Haines historical series (white pop., census-based); age pattern = 1950 WPP shape held fixed; mortality: HLD/NCHS life tables"
1939,0.0,0.0,0.0,0.058914,0.143677,0.121252,0.074825,0.038311,0.010874,0.000747,0.0,0.0,0.0,0.0,0.0,0.0,0.0,0.0,0.013682,0.001288,0.001232,0.002008,0.002749,0.003109,0.003801,0.004998,0.006997,0.010209,0.015102,0.021681,0.030488,0.044638,0.065391,0.105172,0.153478,0.240836,0.010865,0.000998,0.000871,0.001599,0.002212,0.002688,0.003172,0.004098,0.00527,0.007372,0.010732,0.01542,0.022561,0.034018,0.053502,0.089959,0.13491,0.223308,interpolated,"TFR level from Haines historical series (white pop., census-based); age pattern = 1950 WPP shape held fixed; mortality: HLD/NCHS life tables"
1940,0.0,0.0,0.0,0.05831,0.142204,0.120008,0.074058,0.037918,0.010762,0.00074,0.0,0.0,0.0,0.0,0.0,0.0,0.0,0.0,0.0137,0.001231,0.001139,0.001902,0.002713,0.00307,0.003721,0.004862,0.006959,0.010148,0.015148,0.021949,0.031191,0.045401,0.068019,0.103679,0.156142,0.246896,0.010875,0.000948,0.000849,0.001538,0.002099,0.00247,0.003032,0.003859,0.00523,0.007142,0.010299,0.01476,0.021839,0.033808,0.054401,0.086398,0.135212,0.229208,interpolated,"TFR level from Haines historical series (white pop., census-based); age pattern = 1950 WPP shape held fixed; mortality: HLD/NCHS life tables"
1941,0.0,0.0,0.0,0.060643,0.147893,0.12481,0.077021,0.039435,0.011193,0.000769,0.0,0.0,0.0,0.0,0.0,0.0,0.0,0.0,0.013177,0.001172,0.0011,0.001942,0.002731,0.003003,0.003629,0.004771,0.00682,0.01001,0.014781,0.021532,0.030261,0.044101,0.065868,0.097841,0.15217,0.239533,0.010581,0.000902,0.000782,0.00144,0.00199,0.0023,0.002852,0.00358,0.00502,0.006891,0.00997,0.014198,0.020858,0.032182,0.051499,0.080889,0.129688,0.217434,interpolated,"TFR level from Haines historical series (white pop., census-based); age pattern = 1950 WPP shape held fixed; mortality: HLD/NCHS life tables"
1942,0.0,0.0,0.0,0.062976,0.153583,0.129611,0.079983,0.040952,0.011623,0.000799,0.0,0.0,0.0,0.0,0.0,0.0,0.0,0.0,0.011762,0.001121,0.001031,0.00183,0.002779,0.002909,0.003551,0.00471,0.006611,0.00986,0.014781,0.021439,0.029828,0.04325,0.063727,0.094417,0.14674,0.231494,0.009447,0.000801,0.000678,0.001271,0.001862,0.002121,0.002653,0.003462,0.00477,0.00656,0.009671,0.01375,0.020379,0.03111,0.050211,0.077642,0.124842,0.213134,interpolated,"TFR level from Haines historical series (white pop., census-based); age pattern = 1950 WPP shape held fixed; mortality: HLD/NCHS life tables"
1943,0.0,0.0,0.0,0.065309,0.159272,0.134412,0.082946,0.042469,0.012054,0.000829,0.0,0.0,0.0,0.0,0.0,0.0,0.0,0.0,0.011605,0.001179,0.001069,0.002028,0.003368,0.00297,0.003432,0.004608,0.006561,0.009702,0.01504,0.021971,0.030521,0.04364,0.06636,0.099621,0.15504,0.248064,0.009195,0.000881,0.000732,0.00128,0.001812,0.00207,0.002663,0.003492,0.004752,0.00662,0.009929,0.014298,0.020749,0.031849,0.052229,0.082259,0.13231,0.226322,interpolated,"TFR level from Haines historical series (white pop., census-based); age pattern = 1950 WPP shape held fixed; mortality: HLD/NCHS life tables"
1944,0.0,0.0,0.0,0.067642,0.164962,0.139214,0.085909,0.043986,0.012485,0.000858,0.0,0.0,0.0,0.0,0.0,0.0,0.0,0.0,0.011187,0.001158,0.001089,0.002071,0.003772,0.003013,0.003428,0.004482,0.006309,0.009232,0.014438,0.021419,0.029628,0.04182,0.063279,0.095491,0.14422,0.234127,0.009002,0.000811,0.0007,0.001161,0.001722,0.001912,0.002543,0.003338,0.004561,0.00615,0.009418,0.013613,0.019779,0.030052,0.04965,0.078356,0.12486,0.216778,interpolated,"TFR level from Haines historical series (white pop., census-based); age pattern = 1950 WPP shape held fixed; mortality: HLD/NCHS life tables"
1945,0.0,0.0,0.0,0.069975,0.170651,0.144015,0.088872,0.045503,0.012915,0.000888,0.0,0.0,0.0,0.0,0.0,0.0,0.0,0.0,0.01064,0.00108,0.00104,0.002043,0.003838,0.003349,0.003612,0.004623,0.006311,0.00923,0.014302,0.021451,0.029498,0.04114,0.06146,0.094308,0.137319,0.230548,0.008421,0.000788,0.000692,0.00111,0.001612,0.001812,0.002408,0.00325,0.00434,0.00614,0.009067,0.013281,0.01909,0.02901,0.047448,0.076849,0.117401,0.211676,interpolated,"TFR level from Haines historical series (white pop., census-based); age pattern = 1950 WPP shape held fixed; mortality: HLD/NCHS life tables"
1946,0.0,0.0,0.0,0.072308,0.17634,0.148816,0.091835,0.04702,0.013346,0.000917,0.0,0.0,0.0,0.0,0.0,0.0,0.0,0.0,0.009808,0.000999,0.000949,0.001761,0.002479,0.00236,0.002902,0.004009,0.005789,0.00884,0.013978,0.0206,0.02884,0.039811,0.05943,0.091943,0.130742,0.229846,0.007731,0.000701,0.00062,0.00103,0.00153,0.00169,0.002182,0.00298,0.004052,0.005869,0.00865,0.012681,0.018537,0.027778,0.046171,0.074768,0.112751,0.21331,interpolated,"TFR level from Haines historical series (white pop., census-based); age pattern = 1950 WPP shape held fixed; mortality: HLD/NCHS life tables"
1947,0.0,0.0,0.0,0.074641,0.18203,0.153618,0.094798,0.048537,0.013776,0.000947,0.0,0.0,0.0,0.0,0.0,0.0,0.0,0.0,0.008844,0.000852,0.00082,0.001573,0.002267,0.002221,0.002692,0.003848,0.005839,0.008852,0.014169,0.021129,0.029772,0.04116,0.061627,0.094331,0.132779,0.236881,0.006913,0.000601,0.000533,0.000968,0.001368,0.00158,0.00202,0.0028,0.00392,0.0058,0.008618,0.012548,0.018528,0.02782,0.046593,0.07571,0.113939,0.215963,interpolated,"TFR level from Haines historical series (white pop., census-based); age pattern = 1950 WPP shape held fixed; mortality: HLD/NCHS life tables"
1948,0.0,0.0,0.0,0.076973,0.187719,0.158419,0.097761,0.050054,0.014207,0.000977,0.0,0.0,0.0,0.0,0.0,0.0,0.0,0.0,0.008809,0.000812,0.00079,0.001489,0.002151,0.002111,0.002572,0.003708,0.005696,0.008742,0.013999,0.020747,0.029439,0.04108,0.06081,0.09306,0.130418,0.23386,0.006881,0.000588,0.000521,0.000889,0.001209,0.001401,0.00182,0.00265,0.003798,0.005519,0.00824,0.012161,0.01802,0.027097,0.045117,0.073991,0.11075,0.211723,interpolated,"TFR level from Haines historical series (white pop., census-based); age pattern = 1950 WPP shape held fixed; mortality: HLD/NCHS life tables"
1949,0.0,0.0,0.0,0.079306,0.193408,0.16322,0.100724,0.051571,0.014637,0.001006,0.0,0.0,0.0,0.0,0.0,0.0,0.0,0.0,0.008563,0.000799,0.00078,0.00144,0.001987,0.001999,0.002393,0.003551,0.005429,0.008641,0.013291,0.02014,0.02921,0.040951,0.060001,0.091721,0.128911,0.22349,0.006693,0.000559,0.000492,0.000799,0.001078,0.001299,0.001723,0.002459,0.00362,0.005478,0.007859,0.011671,0.017599,0.026737,0.044032,0.07158,0.107399,0.204215,interpolated,"TFR level from Haines historical series (white pop., census-based); age pattern = 1950 WPP shape held fixed; mortality: HLD/NCHS life tables"
1950,0.0,0.0,0.0,0.081639,0.199098,0.168022,0.103687,0.053088,0.015068,0.001036,0.0,0.0,0.0,0.0,0.0,0.0,0.0,0.0,0.007965,0.000701,0.000711,0.001419,0.001939,0.001977,0.002368,0.00335,0.005312,0.00841,0.01316,0.019841,0.029019,0.04102,0.060587,0.089969,0.131249,0.222945,0.006232,0.000512,0.00045,0.000769,0.001009,0.001238,0.00163,0.002342,0.003529,0.005233,0.00771,0.011312,0.017439,0.025842,0.043271,0.070101,0.10792,0.201084,estimated,ASFR: UN WPP 2024 single-year estimates (US inputs are NCHS registered births); mortality: HLD/NCHS life tables
1951,0.0,0.0,0.0,0.0842,0.209024,0.173032,0.107098,0.053704,0.015171,0.001008,0.0,0.0,0.0,0.0,0.0,0.0,0.0,0.0,0.007851,0.000701,0.000719,0.00145,0.002019,0.002021,0.00235,0.003322,0.005338,0.008221,0.013347,0.019951,0.02866,0.04128,0.060072,0.08951,0.132798,0.216391,0.00614,0.000518,0.000411,0.000739,0.000952,0.00119,0.001563,0.002261,0.00345,0.005029,0.007851,0.011129,0.017067,0.02553,0.042208,0.069231,0.10937,0.198682,estimated,ASFR: UN WPP 2024 single-year estimates (US inputs are NCHS registered births); mortality: HLD/NCHS life tables
1952,0.0,0.0,0.0,0.084007,0.215757,0.178042,0.111649,0.055337,0.015225,0.000999,0.0,0.0,0.0,0.0,0.0,0.0,0.0,0.0,0.007814,0.000699,0.000698,0.001549,0.00209,0.00202,0.002298,0.003219,0.005219,0.008236,0.013228,0.019849,0.028709,0.040877,0.058658,0.087748,0.13311,0.207251,0.006166,0.000518,0.000448,0.000758,0.000908,0.001149,0.001499,0.002209,0.003328,0.004903,0.007622,0.010861,0.016491,0.02513,0.041401,0.067589,0.10643,0.195706,estimated,ASFR: UN WPP 2024 single-year estimates (US inputs are NCHS registered births); mortality: HLD/NCHS life tables
1953,0.0,0.0,0.0,0.085919,0.22139,0.182074,0.111536,0.056526,0.015479,0.000995,0.0,0.0,0.0,0.0,0.0,0.0,0.0,0.0,0.007573,0.00065,0.000671,0.001471,0.002107,0.001908,0.002222,0.003098,0.00512,0.0081,0.013051,0.01953,0.028802,0.041152,0.058798,0.087593,0.135,0.20963,0.005921,0.00046,0.000398,0.000689,0.000817,0.001029,0.001399,0.002059,0.00321,0.004741,0.007488,0.010668,0.016027,0.025031,0.040802,0.06653,0.107798,0.196303,estimated,ASFR: UN WPP 2024 single-year estimates (US inputs are NCHS registered births); mortality: HLD/NCHS life tables
1954,0.0,0.0,0.0,0.088272,0.232102,0.187361,0.114439,0.057993,0.015886,0.000993,0.0,0.0,0.0,0.0,0.0,0.0,0.0,0.0,0.007179,0.0006,0.000608,0.001353,0.001981,0.001831,0.002092,0.0029,0.004721,0.007682,0.012458,0.018372,0.027433,0.039901,0.05697,0.083871,0.128142,0.200436,0.005622,0.000439,0.000358,0.000588,0.000762,0.000939,0.0013,0.001922,0.003028,0.004492,0.007127,0.009909,0.015228,0.02379,0.038499,0.063202,0.101341,0.189726,estimated,ASFR: UN WPP 2024 single-year estimates (US inputs are NCHS registered births); mortality: HLD/NCHS life tables
1955,0.0,0.0,0.0,0.088435,0.238474,0.188263,0.114802,0.058167,0.015834,0.000988,0.0,0.0,0.0,0.0,0.0,0.0,0.0,0.0,0.007077,0.00059,0.000599,0.00138,0.001983,0.001811,0.002022,0.00291,0.004701,0.007589,0.01231,0.018452,0.0274,0.040259,0.057748,0.086001,0.130912,0.208148,0.005546,0.000411,0.000342,0.000589,0.000772,0.00092,0.00126,0.001893,0.002938,0.004347,0.00675,0.009859,0.014967,0.024001,0.03802,0.064342,0.103592,0.196826,estimated,ASFR: UN WPP 2024 single-year estimates (US inputs are NCHS registered births); mortality: HLD/NCHS life tables
1956,0.0,0.0,0.0,0.092061,0.249064,0.193364,0.11596,0.05908,0.016092,0.000989,0.0,0.0,0.0,0.0,0.0,0.0,0.0,0.0,0.006982,0.000558,0.000591,0.001382,0.002022,0.001778,0.00205,0.002831,0.004658,0.007579,0.012099,0.01867,0.027819,0.040568,0.057759,0.085868,0.131819,0.211801,0.005437,0.000401,0.000342,0.000582,0.000742,0.0009,0.001252,0.001837,0.002898,0.004352,0.00654,0.009951,0.014851,0.023798,0.037631,0.063522,0.103857,0.197302,estimated,ASFR: UN WPP 2024 single-year estimates (US inputs are NCHS registered births); mortality: HLD/NCHS life tables
1957,0.0,0.0,0.0,0.09376,0.255794,0.198293,0.116896,0.059904,0.016197,0.00099,0.0,0.0,0.0,0.0,0.0,0.0,0.0,0.0,0.007038,0.000579,0.000601,0.001418,0.001953,0.001769,0.002089,0.00293,0.004772,0.007631,0.01253,0.018902,0.028822,0.042083,0.059209,0.08608,0.131978,0.216569,0.00554,0.000418,0.000352,0.000611,0.00076,0.000938,0.001322,0.001892,0.00288,0.004408,0.00676,0.009998,0.015213,0.024188,0.0381,0.06341,0.105027,0.200526,estimated,ASFR: UN WPP 2024 single-year estimates (US inputs are NCHS registered births); mortality: HLD/NCHS life tables
1958,0.0,0.0,0.0,0.093109,0.261563,0.202237,0.118711,0.059167,0.016184,0.001009,0.0,0.0,0.0,0.0,0.0,0.0,0.0,0.0,0.007171,0.000552,0.000562,0.001303,0.00187,0.001708,0.00204,0.002879,0.004657,0.007477,0.012469,0.018541,0.028299,0.041431,0.058439,0.086448,0.132508,0.216998,0.005687,0.000407,0.000331,0.000549,0.000708,0.000891,0.001253,0.001819,0.002787,0.004308,0.006612,0.009679,0.014957,0.02345,0.037611,0.062769,0.105289,0.199816,estimated,ASFR: UN WPP 2024 single-year estimates (US inputs are NCHS registered births); mortality: HLD/NCHS life tables
1959,0.0,0.0,0.0,0.091623,0.262193,0.202689,0.118108,0.058663,0.016082,0.001001,0.0,0.0,0.0,0.0,0.0,0.0,0.0,0.0,0.007019,0.000571,0.000591,0.001321,0.001839,0.001721,0.002049,0.002858,0.004571,0.007522,0.012291,0.018509,0.027943,0.04069,0.057774,0.084541,0.13009,0.21441,0.005495,0.000409,0.00033,0.000551,0.000709,0.000881,0.001251,0.00178,0.002732,0.004197,0.006399,0.009483,0.014568,0.02275,0.036491,0.06106,0.103642,0.196044,estimated,ASFR: UN WPP 2024 single-year estimates (US inputs are NCHS registered births); mortality: HLD/NCHS life tables
1960,0.0,0.0,0.0,0.091054,0.260735,0.203339,0.11693,0.058398,0.016136,0.000994,0.0,0.0,0.0,0.0,0.0,0.0,0.0,0.0,0.007005,0.000559,0.000552,0.001302,0.00179,0.001749,0.00201,0.002899,0.004619,0.007629,0.012498,0.018523,0.028621,0.041329,0.059387,0.086009,0.132929,0.217178,0.005418,0.00041,0.000328,0.000539,0.000699,0.000892,0.001222,0.00181,0.002818,0.00425,0.006401,0.00934,0.01497,0.022561,0.036559,0.060668,0.104719,0.195903,estimated,ASFR: UN WPP 2024 single-year estimates (US inputs are NCHS registered births); mortality: HLD/NCHS life tables
1961,0.0,0.0,0.0,0.089094,0.256476,0.201969,0.116627,0.057485,0.016246,0.00099,0.0,0.0,0.0,0.0,0.0,0.0,0.0,0.0,0.006721,0.000523,0.00052,0.001249,0.001758,0.001678,0.001981,0.002823,0.004559,0.007358,0.012063,0.017889,0.028151,0.040749,0.057058,0.084341,0.128831,0.217965,0.005239,0.000389,0.000309,0.000521,0.000671,0.000861,0.001212,0.001782,0.002701,0.004158,0.006291,0.00887,0.014582,0.021898,0.0353,0.058733,0.100489,0.195351,estimated,ASFR: UN WPP 2024 single-year estimates (US inputs are NCHS registered births); mortality: HLD/NCHS life tables
1962,0.0,0.0,0.0,0.08367,0.246607,0.194383,0.112222,0.05424,0.015583,0.000978,0.0,0.0,0.0,0.0,0.0,0.0,0.0,0.0,0.006622,0.00051,0.00054,0.00123,0.0018,0.00169,0.00201,0.00291,0.00455,0.00744,0.01232,0.01841,0.02806,0.04272,0.0585,0.08442,0.12765,0.25764,0.00513,0.00039,0.00031,0.00053,0.00071,0.00089,0.00122,0.00184,0.00275,0.00419,0.00636,0.00916,0.01459,0.02274,0.0358,0.05898,0.10073,0.22982,estimated,ASFR: UN WPP 2024 single-year estimates (US inputs are NCHS registered births); mortality: HLD/NCHS life tables
1963,0.0,0.0,0.0,0.078552,0.234941,0.188515,0.108609,0.053025,0.014769,0.000954,0.0,0.0,0.0,0.0,0.0,0.0,0.0,0.0,0.006625,0.00052,0.00052,0.00126,0.00182,0.00177,0.00206,0.00297,0.00459,0.00757,0.01235,0.0191,0.02839,0.04389,0.06071,0.08616,0.1294,0.25764,0.00512,0.00038,0.00032,0.00055,0.00071,0.0009,0.00124,0.00188,0.00279,0.00424,0.00639,0.00942,0.01461,0.02296,0.03605,0.05912,0.10077,0.22982,estimated,ASFR: UN WPP 2024 single-year estimates (US inputs are NCHS registered births); mortality: HLD/NCHS life tables
1964,0.0,0.0,0.0,0.075904,0.222938,0.181596,0.105657,0.051974,0.014311,0.000929,0.0,0.0,0.0,0.0,0.0,0.0,0.0,0.0,0.006429,0.00051,0.00053,0.00133,0.00185,0.0018,0.00216,0.00301,0.00467,0.00747,0.01211,0.01887,0.02811,0.04265,0.05944,0.08346,0.12395,0.25764,0.005005,0.00037,0.00031,0.00055,0.00072,0.00088,0.00127,0.00187,0.00276,0.00419,0.00641,0.00923,0.01417,0.02244,0.03473,0.05661,0.0964,0.22982,estimated,ASFR: UN WPP 2024 single-year estimates (US inputs are NCHS registered births); mortality: HLD/NCHS life tables
1965,0.0,0.0,0.0,0.073733,0.20181,0.16465,0.096676,0.047765,0.013378,0.000903,0.0,0.0,0.0,0.0,0.0,0.0,0.0,0.0,0.006275,0.00051,0.00052,0.00137,0.00186,0.00184,0.00213,0.00303,0.00465,0.00746,0.01221,0.01897,0.02821,0.04308,0.06022,0.08448,0.12453,0.25764,0.004884,0.00037,0.0003,0.00054,0.00071,0.00086,0.00127,0.00186,0.00279,0.00424,0.0063,0.00922,0.0139,0.02249,0.03433,0.05638,0.09516,0.22982,estimated,ASFR: UN WPP 2024 single-year estimates (US inputs are NCHS registered births); mortality: HLD/NCHS life tables
1966,0.0,0.0,0.0,0.072954,0.187621,0.151791,0.086913,0.043304,0.012127,0.000867,0.0,0.0,0.0,0.0,0.0,0.0,0.0,0.0,0.006299,0.000513,0.000518,0.001452,0.00199,0.00188,0.002162,0.003042,0.004742,0.007623,0.012348,0.018642,0.029102,0.041742,0.05941,0.087766,0.12852,0.224331,0.004903,0.00037,0.000309,0.000583,0.000711,0.000872,0.001259,0.001812,0.002797,0.004297,0.006322,0.008881,0.013886,0.021477,0.033759,0.057438,0.094879,0.19522,estimated,ASFR: UN WPP 2024 single-year estimates (US inputs are NCHS registered births); mortality: HLD/NCHS life tables
1967,0.0,0.0,0.0,0.069661,0.176623,0.14511,0.079964,0.039586,0.0109,0.000822,0.0,0.0,0.0,0.0,0.0,0.0,0.0,0.0,0.005952,0.000499,0.000511,0.001471,0.002032,0.001919,0.002182,0.00309,0.004712,0.00755,0.012071,0.018382,0.028459,0.040721,0.05913,0.086089,0.125029,0.218648,0.004611,0.00036,0.000301,0.00058,0.000717,0.000843,0.001209,0.001832,0.002736,0.004233,0.006221,0.008873,0.013488,0.020998,0.032769,0.05531,0.091111,0.188804,estimated,ASFR: UN WPP 2024 single-year estimates (US inputs are NCHS registered births); mortality: HLD/NCHS life tables
1968,0.0,0.0,0.0,0.067901,0.169143,0.143235,0.075594,0.036318,0.009966,0.000774,0.0,0.0,0.0,0.0,0.0,0.0,0.0,0.0,0.005822,0.000521,0.000529,0.001569,0.002189,0.002019,0.002281,0.003182,0.004859,0.007749,0.012279,0.018911,0.029139,0.041608,0.060421,0.088547,0.13081,0.224889,0.004512,0.000369,0.000303,0.000602,0.000737,0.000871,0.001219,0.001872,0.002841,0.004341,0.006351,0.009177,0.013791,0.0202,0.03274,0.055398,0.093599,0.188467,estimated,ASFR: UN WPP 2024 single-year estimates (US inputs are NCHS registered births); mortality: HLD/NCHS life tables
1969,0.0,0.0,0.0,0.067498,0.16957,0.145912,0.074856,0.034141,0.009186,0.000713,0.0,0.0,0.0,0.0,0.0,0.0,0.0,0.0,0.00557,0.000519,0.000518,0.00165,0.00227,0.002069,0.002292,0.003212,0.004913,0.007661,0.011931,0.018662,0.028139,0.040359,0.05879,0.08593,0.1279,0.21735,0.004345,0.000361,0.000312,0.000632,0.000747,0.000862,0.001223,0.001863,0.002827,0.004213,0.006152,0.009038,0.013211,0.019401,0.031749,0.053192,0.090118,0.182078,estimated,ASFR: UN WPP 2024 single-year estimates (US inputs are NCHS registered births); mortality: HLD/NCHS life tables
1970,0.0,0.0,0.0,0.068688,0.171214,0.147496,0.074297,0.032867,0.00851,0.000651,0.0,0.0,0.0,0.0,0.0,0.0,0.0,0.0,0.005328,0.000499,0.000512,0.00158,0.002222,0.002011,0.002292,0.003148,0.00485,0.007552,0.01179,0.01856,0.0278,0.040229,0.05799,0.08462,0.124512,0.211359,0.004177,0.000343,0.000294,0.000612,0.000748,0.000871,0.001179,0.001837,0.002758,0.004222,0.006199,0.00906,0.013121,0.0192,0.031309,0.051909,0.086651,0.175013,estimated,ASFR: UN WPP 2024 single-year estimates (US inputs are NCHS registered births); mortality: HLD/NCHS life tables
1971,0.0,0.0,0.0,0.065973,0.156819,0.135882,0.068683,0.029545,0.007433,0.000592,0.0,0.0,0.0,0.0,0.0,0.0,0.0,0.0,0.005055,0.00049,0.000498,0.001581,0.002179,0.00204,0.002243,0.003121,0.00466,0.007351,0.011477,0.018071,0.02714,0.039962,0.058088,0.084598,0.125329,0.214076,0.003939,0.000351,0.000302,0.000622,0.000729,0.000868,0.001169,0.001769,0.002739,0.00411,0.006047,0.008848,0.012979,0.019098,0.030821,0.05152,0.086501,0.176932,estimated,ASFR: UN WPP 2024 single-year estimates (US inputs are NCHS registered births); mortality: HLD/NCHS life tables
1972,0.0,0.0,0.0,0.063152,0.135042,0.121045,0.06114,0.025489,0.00644,0.000548,0.0,0.0,0.0,0.0,0.0,0.0,0.0,0.0,0.004918,0.00047,0.000501,0.001598,0.002198,0.001989,0.00224,0.003041,0.004623,0.00749,0.01144,0.01806,0.027362,0.039961,0.058711,0.08564,0.126038,0.212778,0.003792,0.000352,0.000301,0.000611,0.000732,0.000827,0.001152,0.001721,0.002688,0.004102,0.005859,0.008821,0.012829,0.019137,0.030839,0.051132,0.085341,0.175404,estimated,ASFR: UN WPP 2024 single-year estimates (US inputs are NCHS registered births); mortality: HLD/NCHS life tables
1973,0.0,0.0,0.0,0.060715,0.124546,0.114309,0.057261,0.02274,0.005647,0.000501,0.0,0.0,0.0,0.0,0.0,0.0,0.0,0.0,0.004743,0.000481,0.00051,0.001609,0.002202,0.002038,0.002222,0.003042,0.004519,0.007328,0.011073,0.017749,0.026768,0.039392,0.057619,0.08425,0.124931,0.21304,0.003678,0.000343,0.000291,0.000609,0.00072,0.000802,0.001102,0.001701,0.002601,0.00403,0.00582,0.008821,0.012699,0.018549,0.029792,0.050002,0.083716,0.174925,estimated,ASFR: UN WPP 2024 single-year estimates (US inputs are NCHS registered births); mortality: HLD/NCHS life tables
1974,0.0,0.0,0.0,0.059064,0.120989,0.113968,0.055545,0.020982,0.005057,0.000439,0.0,0.0,0.0,0.0,0.0,0.0,0.0,0.0,0.00447,0.000442,0.00048,0.001532,0.00209,0.001938,0.002128,0.002848,0.004291,0.007082,0.010749,0.016891,0.025679,0.038158,0.055419,0.080719,0.119369,0.205931,0.003497,0.000301,0.000278,0.000558,0.000672,0.000777,0.001032,0.00156,0.002502,0.00382,0.005612,0.008361,0.012441,0.017992,0.028623,0.047699,0.080529,0.169397,estimated,ASFR: UN WPP 2024 single-year estimates (US inputs are NCHS registered births); mortality: HLD/NCHS life tables
1975,0.0,0.0,0.0,0.056983,0.115597,0.1123,0.054324,0.020057,0.00481,0.000386,0.0,0.0,0.0,0.0,0.0,0.0,0.0,0.0,0.004249,0.000418,0.000443,0.001459,0.002062,0.001958,0.002038,0.00276,0.00417,0.006689,0.010478,0.016159,0.024959,0.037069,0.054122,0.078819,0.115827,0.198998,0.003378,0.000288,0.00025,0.000538,0.000662,0.000732,0.000969,0.001471,0.002377,0.003651,0.005429,0.008127,0.011999,0.017422,0.027609,0.045592,0.076549,0.162068,estimated,ASFR: UN WPP 2024 single-year estimates (US inputs are NCHS registered births); mortality: HLD/NCHS life tables
1976,0.0,0.0,0.0,0.054561,0.11324,0.111647,0.054848,0.019698,0.004501,0.000343,0.0,0.0,0.0,0.0,0.0,0.0,0.0,0.0,0.004044,0.000401,0.00043,0.001379,0.001949,0.001821,0.001932,0.00261,0.004041,0.006491,0.010209,0.015781,0.02462,0.036651,0.053388,0.078542,0.115018,0.202088,0.003243,0.000278,0.000247,0.000522,0.000632,0.000709,0.000929,0.001399,0.002261,0.003549,0.005342,0.007961,0.011981,0.017319,0.027158,0.044632,0.075221,0.164046,estimated,ASFR: UN WPP 2024 single-year estimates (US inputs are NCHS registered births); mortality: HLD/NCHS life tables
1977,0.0,0.0,0.0,0.054428,0.116042,0.114048,0.057948,0.019884,0.004409,0.000294,0.0,0.0,0.0,0.0,0.0,0.0,0.0,0.0,0.003807,0.0004,0.00043,0.00143,0.001978,0.001878,0.0019,0.002589,0.00392,0.006261,0.010027,0.015219,0.023888,0.035749,0.052639,0.077209,0.112468,0.196421,0.002995,0.000267,0.000248,0.000552,0.000639,0.000693,0.000888,0.001362,0.00222,0.003438,0.005259,0.007711,0.011778,0.017177,0.026498,0.043191,0.07223,0.158401,estimated,ASFR: UN WPP 2024 single-year estimates (US inputs are NCHS registered births); mortality: HLD/NCHS life tables
1978,0.0,0.0,0.0,0.053144,0.11362,0.112674,0.058982,0.019735,0.004117,0.00026,0.0,0.0,0.0,0.0,0.0,0.0,0.0,0.0,0.003715,0.000383,0.000421,0.00142,0.001982,0.001851,0.001892,0.00255,0.003818,0.006089,0.009859,0.014829,0.02367,0.035522,0.052362,0.076671,0.112381,0.196656,0.002949,0.000269,0.000239,0.000541,0.00065,0.000702,0.000868,0.0013,0.002159,0.003392,0.005168,0.007568,0.0117,0.017131,0.026491,0.042868,0.071779,0.160021,estimated,ASFR: UN WPP 2024 single-year estimates (US inputs are NCHS registered births); mortality: HLD/NCHS life tables
1979,0.0,0.0,0.0,0.05379,0.115837,0.114115,0.061659,0.020183,0.004076,0.000227,0.0,0.0,0.0,0.0,0.0,0.0,0.0,0.0,0.003543,0.000381,0.00041,0.00148,0.002058,0.002017,0.001969,0.002461,0.003702,0.00592,0.00952,0.014539,0.023109,0.033448,0.050422,0.078651,0.113052,0.25764,0.00282,0.000259,0.000238,0.00054,0.000646,0.000703,0.000852,0.001262,0.002003,0.003208,0.005061,0.007559,0.011777,0.016628,0.026369,0.046232,0.073322,0.19473,estimated,ASFR: UN WPP 2024 single-year estimates (US inputs are NCHS registered births); mortality: HLD/NCHS life tables
1980,0.0,0.0,0.0,0.054263,0.117313,0.113751,0.06339,0.020387,0.004,0.000204,0.0,0.0,0.0,0.0,0.0,0.0,0.0,0.0,0.003407,0.00036,0.00038,0.00141,0.002029,0.001942,0.001941,0.002441,0.003641,0.005849,0.009421,0.014618,0.02225,0.034749,0.051471,0.076213,0.111818,0.196858,0.002704,0.000258,0.000228,0.000531,0.000617,0.000679,0.000841,0.00124,0.002009,0.003219,0.004988,0.00749,0.011418,0.01737,0.026599,0.04264,0.071132,0.158415,estimated,ASFR: UN WPP 2024 single-year estimates (US inputs are NCHS registered births); mortality: HLD/NCHS life tables
1981,0.0,0.0,0.0,0.053439,0.115093,0.11308,0.064082,0.020452,0.003934,0.000187,0.0,0.0,0.0,0.0,0.0,0.0,0.0,0.0,0.003205,0.000349,0.000369,0.001303,0.00186,0.001902,0.001911,0.002402,0.00353,0.005761,0.009222,0.0143,0.021748,0.032981,0.049379,0.072077,0.108369,0.25764,0.002577,0.000237,0.000219,0.000502,0.000591,0.000672,0.00082,0.001212,0.001908,0.003158,0.004941,0.007458,0.011273,0.017019,0.025981,0.04056,0.069722,0.19473,estimated,ASFR: UN WPP 2024 single-year estimates (US inputs are NCHS registered births); mortality: HLD/NCHS life tables
1982,0.0,0.0,0.0,0.053266,0.113832,0.113036,0.065501,0.021743,0.003999,0.000176,0.0,0.0,0.0,0.0,0.0,0.0,0.0,0.0,0.003094,0.000331,0.000349,0.001221,0.001738,0.001748,0.001871,0.002279,0.00334,0.005479,0.008812,0.013948,0.02126,0.032863,0.049049,0.072939,0.106749,0.185346,0.002475,0.000236,0.00021,0.00046,0.000561,0.000629,0.000789,0.001141,0.001852,0.003029,0.004721,0.007337,0.011211,0.016862,0.025692,0.04064,0.066592,0.149229,estimated,ASFR: UN WPP 2024 single-year estimates (US inputs are NCHS registered births); mortality: HLD/NCHS life tables
1983,0.0,0.0,0.0,0.051999,0.110039,0.110582,0.066516,0.022359,0.00399,0.000174,0.0,0.0,0.0,0.0,0.0,0.0,0.0,0.0,0.002989,0.000308,0.000338,0.001139,0.00161,0.001663,0.00183,0.002223,0.003277,0.00527,0.008633,0.013889,0.021211,0.032778,0.049877,0.07465,0.110098,0.190785,0.002391,0.000218,0.000199,0.000453,0.000548,0.000621,0.000769,0.001119,0.0018,0.002948,0.004772,0.007369,0.011328,0.017009,0.026178,0.041162,0.067943,0.152901,estimated,ASFR: UN WPP 2024 single-year estimates (US inputs are NCHS registered births); mortality: HLD/NCHS life tables
1984,0.0,0.0,0.0,0.051074,0.108631,0.110289,0.067799,0.023331,0.003977,0.000172,0.0,0.0,0.0,0.0,0.0,0.0,0.0,0.0,0.002865,0.000297,0.000339,0.001128,0.001638,0.001651,0.001868,0.00227,0.003301,0.005177,0.008461,0.013621,0.02104,0.03225,0.049058,0.073743,0.108551,0.190999,0.002319,0.000208,0.000209,0.000462,0.00055,0.000601,0.000783,0.00113,0.001808,0.0029,0.00465,0.007301,0.011241,0.017099,0.026092,0.041299,0.067127,0.152281,estimated,ASFR: UN WPP 2024 single-year estimates (US inputs are NCHS registered births); mortality: HLD/NCHS life tables
1985,0.0,0.0,0.0,0.051308,0.109511,0.111996,0.069037,0.024619,0.004061,0.000167,0.0,0.0,0.0,0.0,0.0,0.0,0.0,0.0,0.002881,0.000279,0.00034,0.001131,0.001619,0.001679,0.00193,0.002381,0.00333,0.005162,0.0084,0.013552,0.020842,0.032048,0.048911,0.073762,0.110219,0.193398,0.002238,0.000211,0.0002,0.000461,0.000523,0.0006,0.000793,0.001112,0.001749,0.002889,0.00467,0.007269,0.011252,0.017022,0.026169,0.041249,0.067551,0.153972,estimated,ASFR: UN WPP 2024 single-year estimates (US inputs are NCHS registered births); mortality: HLD/NCHS life tables
1986,0.0,0.0,0.0,0.050874,0.108383,0.111449,0.07005,0.025336,0.004134,0.000169,0.0,0.0,0.0,0.0,0.0,0.0,0.0,0.0,0.002794,0.000277,0.000359,0.001229,0.00172,0.001788,0.00213,0.002509,0.00338,0.005071,0.008248,0.01305,0.02048,0.03143,0.048047,0.072856,0.108938,0.191077,0.002199,0.000197,0.0002,0.000481,0.000552,0.000628,0.000821,0.00111,0.001779,0.002822,0.004633,0.007021,0.011237,0.017061,0.026181,0.041001,0.066999,0.152428,estimated,ASFR: UN WPP 2024 single-year estimates (US inputs are NCHS registered births); mortality: HLD/NCHS life tables
1987,0.0,0.0,0.0,0.051389,0.108669,0.11263,0.072625,0.026782,0.004476,0.000174,0.0,0.0,0.0,0.0,0.0,0.0,0.0,0.0,0.002725,0.00029,0.00035,0.001172,0.00166,0.00177,0.002142,0.002618,0.003317,0.00503,0.008181,0.0128,0.020269,0.030791,0.04707,0.071859,0.10752,0.189488,0.002167,0.000191,0.000188,0.000479,0.000543,0.000648,0.000848,0.001159,0.001683,0.002801,0.004601,0.007029,0.011109,0.016852,0.025858,0.040748,0.06628,0.152072,estimated,ASFR: UN WPP 2024 single-year estimates (US inputs are NCHS registered births); mortality: HLD/NCHS life tables
1988,0.0,0.0,0.0,0.053687,0.110428,0.115349,0.074957,0.028469,0.004811,0.000174,0.0,0.0,0.0,0.0,0.0,0.0,0.0,0.0,0.002678,0.000279,0.000347,0.001221,0.00169,0.001801,0.002199,0.002713,0.003419,0.005029,0.007961,0.012698,0.019989,0.031489,0.046521,0.07153,0.108638,0.197191,0.002148,0.000207,0.000208,0.000479,0.000543,0.000658,0.00084,0.00117,0.001703,0.002767,0.004518,0.00713,0.011068,0.017008,0.025701,0.04058,0.06708,0.155031,estimated,ASFR: UN WPP 2024 single-year estimates (US inputs are NCHS registered births); mortality: HLD/NCHS life tables
1989,0.0,0.0,0.0,0.057327,0.113546,0.118276,0.077571,0.030101,0.005217,0.000183,0.0,0.0,0.0,0.0,0.0,0.0,0.0,0.0,0.002627,0.00027,0.00034,0.001198,0.001628,0.00184,0.00225,0.002781,0.003451,0.005018,0.007762,0.012467,0.019399,0.030389,0.04491,0.068979,0.10505,0.191078,0.002123,0.000207,0.000207,0.000482,0.000531,0.000649,0.000861,0.001138,0.001703,0.002678,0.004402,0.006968,0.010778,0.016683,0.025181,0.03985,0.065153,0.151034,estimated,ASFR: UN WPP 2024 single-year estimates (US inputs are NCHS registered births); mortality: HLD/NCHS life tables
1990,0.0,0.0,0.0,0.060109,0.116008,0.12025,0.080268,0.031286,0.005511,0.000194,0.0,0.0,0.0,0.0,0.0,0.0,0.0,0.0,0.002486,0.000256,0.00032,0.001268,0.001662,0.001852,0.00223,0.002792,0.00342,0.004908,0.007562,0.012083,0.018991,0.029818,0.043829,0.067679,0.103481,0.18946,0.001962,0.000181,0.0002,0.000463,0.000513,0.000639,0.00084,0.001142,0.001632,0.002679,0.004327,0.006811,0.010679,0.0165,0.024661,0.039049,0.063691,0.148878,estimated,ASFR: UN WPP 2024 single-year estimates (US inputs are NCHS registered births); mortality: HLD/NCHS life tables
1991,0.0,0.0,0.0,0.061029,0.115254,0.117534,0.079426,0.031755,0.00565,0.000209,0.0,0.0,0.0,0.0,0.0,0.0,0.0,0.0,0.002418,0.000247,0.000332,0.001278,0.001662,0.001829,0.002241,0.002809,0.003451,0.004978,0.0074,0.011922,0.018578,0.029231,0.042958,0.066112,0.102177,0.187955,0.00191,0.000181,0.000181,0.000471,0.000529,0.000628,0.000849,0.001162,0.001632,0.002679,0.004259,0.006852,0.010508,0.016311,0.02446,0.038573,0.062668,0.147342,estimated,ASFR: UN WPP 2024 single-year estimates (US inputs are NCHS registered births); mortality: HLD/NCHS life tables
1992,0.0,0.0,0.0,0.060067,0.113495,0.115438,0.079601,0.032309,0.005907,0.000225,0.0,0.0,0.0,0.0,0.0,0.0,0.0,0.0,0.002263,0.000238,0.000311,0.001218,0.001598,0.001782,0.002241,0.002838,0.003599,0.004889,0.007322,0.011591,0.018068,0.028888,0.042781,0.06497,0.100311,0.187477,0.001831,0.000169,0.000181,0.00044,0.000502,0.000621,0.000832,0.001178,0.001669,0.002569,0.004189,0.006693,0.010331,0.016269,0.024429,0.038182,0.062161,0.145607,estimated,ASFR: UN WPP 2024 single-year estimates (US inputs are NCHS registered births); mortality: HLD/NCHS life tables
1993,0.0,0.0,0.0,0.059004,0.111098,0.112408,0.079783,0.032672,0.006157,0.000249,0.0,0.0,0.0,0.0,0.0,0.0,0.0,0.0,0.00225,0.00023,0.00032,0.001252,0.001649,0.001808,0.002341,0.002909,0.003721,0.00492,0.007408,0.01159,0.018171,0.029128,0.043092,0.066018,0.102798,0.192436,0.001806,0.00019,0.00019,0.000452,0.000513,0.000647,0.000861,0.00121,0.001701,0.002647,0.004199,0.006712,0.010522,0.016542,0.024738,0.039194,0.064169,0.150598,estimated,ASFR: UN WPP 2024 single-year estimates (US inputs are NCHS registered births); mortality: HLD/NCHS life tables
1994,0.0,0.0,0.0,0.057913,0.108838,0.110116,0.08016,0.033277,0.006375,0.000269,0.0,0.0,0.0,0.0,0.0,0.0,0.0,0.0,0.002145,0.000227,0.000312,0.001259,0.00164,0.00179,0.002361,0.002931,0.00378,0.004961,0.00743,0.011228,0.017939,0.028423,0.041469,0.063988,0.100987,0.191851,0.001751,0.00017,0.000188,0.000448,0.000513,0.00065,0.000882,0.001249,0.00171,0.002651,0.004189,0.006552,0.010368,0.016401,0.02441,0.038898,0.063858,0.149844,estimated,ASFR: UN WPP 2024 single-year estimates (US inputs are NCHS registered births); mortality: HLD/NCHS life tables
1995,0.0,0.0,0.0,0.055956,0.107123,0.10796,0.080671,0.033894,0.006519,0.000298,0.0,0.0,0.0,0.0,0.0,0.0,0.0,0.0,0.002028,0.000221,0.00031,0.001188,0.00161,0.001753,0.002318,0.00292,0.003789,0.005008,0.007329,0.011112,0.017613,0.028029,0.04108,0.063601,0.100423,0.192508,0.001653,0.000168,0.000197,0.000459,0.000502,0.000648,0.00089,0.001263,0.001761,0.00261,0.004169,0.006573,0.010387,0.016346,0.024501,0.038847,0.063909,0.151125,estimated,ASFR: UN WPP 2024 single-year estimates (US inputs are NCHS registered births); mortality: HLD/NCHS life tables
1996,0.0,0.0,0.0,0.053701,0.106784,0.107752,0.081419,0.034799,0.006775,0.000322,0.0,0.0,0.0,0.0,0.0,0.0,0.0,0.0,0.001951,0.000219,0.000288,0.001112,0.001531,0.00157,0.001998,0.002569,0.00346,0.004752,0.007072,0.010876,0.017462,0.027568,0.040458,0.062762,0.099588,0.191914,0.001597,0.000167,0.000189,0.000439,0.000482,0.000621,0.000851,0.00121,0.00172,0.002549,0.00412,0.006419,0.010362,0.016281,0.024351,0.038746,0.063929,0.151318,estimated,ASFR: UN WPP 2024 single-year estimates (US inputs are NCHS registered births); mortality: HLD/NCHS life tables
1997,0.0,0.0,0.0,0.051699,0.106594,0.107589,0.082093,0.035493,0.007037,0.000346,0.0,0.0,0.0,0.0,0.0,0.0,0.0,0.0,0.001922,0.0002,0.000279,0.001049,0.001451,0.001452,0.001732,0.002221,0.003131,0.004589,0.006707,0.010561,0.016811,0.02548,0.039439,0.058428,0.093901,0.182987,0.001498,0.000167,0.000181,0.000432,0.000494,0.000583,0.000798,0.001152,0.001691,0.002532,0.00397,0.00642,0.010201,0.015248,0.024228,0.037701,0.063579,0.152023,estimated,ASFR: UN WPP 2024 single-year estimates (US inputs are NCHS registered births); mortality: HLD/NCHS life tables
1998,0.0,0.0,0.0,0.050584,0.107542,0.108847,0.083965,0.036705,0.007317,0.000371,0.0,0.0,0.0,0.0,0.0,0.0,0.0,0.0,0.001885,0.000199,0.000269,0.00099,0.001422,0.001392,0.001629,0.002131,0.003061,0.004531,0.006581,0.0103,0.016381,0.025062,0.038659,0.057379,0.09301,0.182045,0.001568,0.000151,0.00017,0.000407,0.00047,0.000562,0.000788,0.001159,0.001681,0.002478,0.003871,0.006208,0.009957,0.015272,0.024253,0.037529,0.064139,0.149936,estimated,ASFR: UN WPP 2024 single-year estimates (US inputs are NCHS registered births); mortality: HLD/NCHS life tables
1999,0.0,0.0,0.0,0.049063,0.107145,0.110133,0.085598,0.037598,0.007386,0.000383,0.0,0.0,0.0,0.0,0.0,0.0,0.0,0.0,0.001867,0.00019,0.000251,0.000968,0.001378,0.001382,0.001608,0.002109,0.003038,0.004581,0.006589,0.010339,0.01602,0.024786,0.038123,0.057348,0.0923,0.181812,0.001527,0.000157,0.000168,0.000417,0.000482,0.000563,0.000761,0.001158,0.001698,0.002529,0.003871,0.006239,0.009918,0.01547,0.024101,0.038334,0.065,0.151779,estimated,ASFR: UN WPP 2024 single-year estimates (US inputs are NCHS registered births); mortality: HLD/NCHS life tables
2000,0.0,0.0,0.0,0.047795,0.107902,0.112361,0.089437,0.039412,0.007872,0.000407,0.0,0.0,0.0,0.0,0.0,0.0,0.0,0.0,0.001817,0.000177,0.000241,0.000939,0.00138,0.001289,0.001478,0.00205,0.003068,0.004579,0.006459,0.009988,0.015427,0.023607,0.037451,0.06023,0.095748,0.186358,0.001487,0.000139,0.00016,0.00039,0.000473,0.00053,0.000731,0.001129,0.001738,0.002528,0.003839,0.006131,0.009778,0.014949,0.023761,0.040327,0.06771,0.154509,estimated,ASFR: UN WPP 2024 single-year estimates (US inputs are NCHS registered births); mortality: HLD/NCHS life tables
2001,0.0,0.0,0.0,0.045229,0.105132,0.112018,0.090323,0.040045,0.008025,0.000428,0.0,0.0,0.0,0.0,0.0,0.0,0.0,0.0,0.001811,0.000169,0.000229,0.000939,0.001412,0.001359,0.001511,0.002132,0.003051,0.004569,0.006499,0.00967,0.015053,0.023172,0.036683,0.058989,0.09359,0.183041,0.001468,0.00014,0.000152,0.000389,0.00047,0.000558,0.00075,0.001179,0.001771,0.00258,0.003858,0.006021,0.009562,0.014672,0.023442,0.039851,0.067063,0.153881,estimated,ASFR: UN WPP 2024 single-year estimates (US inputs are NCHS registered births); mortality: HLD/NCHS life tables
2002,0.0,0.0,0.0,0.042886,0.102769,0.11278,0.091215,0.04104,0.008244,0.00045,0.0,0.0,0.0,0.0,0.0,0.0,0.0,0.0,0.00182,0.000168,0.00023,0.000941,0.001409,0.001342,0.001498,0.002062,0.003062,0.004559,0.006568,0.009689,0.01486,0.022648,0.03596,0.058342,0.093549,0.184771,0.001478,0.000138,0.000159,0.0004,0.000472,0.000539,0.00073,0.001159,0.001798,0.00263,0.003801,0.005948,0.009318,0.014411,0.023171,0.03958,0.067031,0.154707,estimated,ASFR: UN WPP 2024 single-year estimates (US inputs are NCHS registered births); mortality: HLD/NCHS life tables
2003,0.0,0.0,0.0,0.041361,0.102042,0.114374,0.093763,0.04303,0.008652,0.000474,0.0,0.0,0.0,0.0,0.0,0.0,0.0,0.0,0.001815,0.000162,0.00023,0.000923,0.001402,0.001333,0.001491,0.002022,0.00304,0.004591,0.006638,0.009482,0.014731,0.02215,0.034943,0.056938,0.091621,0.182652,0.001447,0.000131,0.000149,0.000391,0.000499,0.000552,0.00073,0.00115,0.001791,0.002638,0.003828,0.005839,0.009352,0.014112,0.022719,0.038949,0.066249,0.154143,estimated,ASFR: UN WPP 2024 single-year estimates (US inputs are NCHS registered births); mortality: HLD/NCHS life tables
2004,0.0,0.0,0.0,0.040671,0.10159,0.11457,0.094403,0.044472,0.008898,0.000498,0.0,0.0,0.0,0.0,0.0,0.0,0.0,0.0,0.001766,0.000162,0.000218,0.000911,0.001381,0.001359,0.001431,0.001932,0.002892,0.004458,0.006593,0.009229,0.014222,0.021221,0.033388,0.054561,0.08812,0.178322,0.001445,0.00013,0.000153,0.0004,0.000471,0.000548,0.000721,0.001089,0.001741,0.002631,0.003741,0.005662,0.009003,0.013671,0.021991,0.037531,0.063683,0.149989,estimated,ASFR: UN WPP 2024 single-year estimates (US inputs are NCHS registered births); mortality: HLD/NCHS life tables
2005,0.0,0.0,0.0,0.040145,0.101922,0.115048,0.094793,0.045414,0.009034,0.000512,0.0,0.0,0.0,0.0,0.0,0.0,0.0,0.0,0.001793,0.000158,0.000211,0.000918,0.00144,0.001388,0.001483,0.00189,0.00292,0.004448,0.00668,0.009309,0.01422,0.020809,0.032993,0.054173,0.088187,0.179701,0.00144,0.000132,0.000142,0.000372,0.000481,0.000543,0.000739,0.00109,0.001742,0.00265,0.003829,0.005577,0.008958,0.013509,0.021759,0.03744,0.064017,0.151523,estimated,ASFR: UN WPP 2024 single-year estimates (US inputs are NCHS registered births); mortality: HLD/NCHS life tables
2006,0.0,0.0,0.0,0.041063,0.104936,0.116825,0.096796,0.04662,0.009265,0.000527,0.0,0.0,0.0,0.0,0.0,0.0,0.0,0.0,0.001725,0.000151,0.000191,0.000909,0.00148,0.001431,0.001508,0.001889,0.002858,0.004358,0.006618,0.009242,0.01386,0.020332,0.031799,0.052371,0.08523,0.175429,0.001425,0.000122,0.00013,0.000367,0.000492,0.000563,0.000722,0.001073,0.001729,0.002628,0.003799,0.005542,0.008779,0.013092,0.021101,0.036279,0.061963,0.14821,estimated,ASFR: UN WPP 2024 single-year estimates (US inputs are NCHS registered births); mortality: HLD/NCHS life tables
2007,0.0,0.0,0.0,0.041238,0.104668,0.116769,0.09836,0.046728,0.00942,0.000548,0.0,0.0,0.0,0.0,0.0,0.0,0.0,0.0,0.001738,0.00015,0.000199,0.000867,0.001451,0.001401,0.001482,0.001851,0.002763,0.004239,0.006489,0.009261,0.013378,0.019952,0.031099,0.051191,0.08331,0.172679,0.001436,0.000121,0.000139,0.000358,0.000482,0.000568,0.00072,0.001053,0.001663,0.00258,0.003779,0.005442,0.00836,0.012869,0.020589,0.03552,0.060847,0.146907,estimated,ASFR: UN WPP 2024 single-year estimates (US inputs are NCHS registered births); mortality: HLD/NCHS life tables
2008,0.0,0.0,0.0,0.040028,0.101121,0.114115,0.097444,0.045994,0.00967,0.000577,0.0,0.0,0.0,0.0,0.0,0.0,0.0,0.0,0.001703,0.000138,0.00018,0.000809,0.001391,0.001369,0.001469,0.001807,0.002651,0.00418,0.006441,0.009292,0.013369,0.020017,0.030562,0.048698,0.079469,0.174838,0.001399,0.000111,0.000129,0.00033,0.000462,0.00056,0.00071,0.00103,0.001661,0.002599,0.00379,0.005382,0.008362,0.013021,0.020611,0.03364,0.057019,0.147991,estimated,ASFR: UN WPP 2024 single-year estimates (US inputs are NCHS registered births); mortality: HLD/NCHS life tables
2009,0.0,0.0,0.0,0.03774,0.095705,0.110984,0.095815,0.045274,0.009811,0.000605,0.0,0.0,0.0,0.0,0.0,0.0,0.0,0.0,0.001639,0.000131,0.000179,0.000738,0.001273,0.001311,0.001449,0.001811,0.002638,0.0041,0.006429,0.009289,0.013133,0.019589,0.029328,0.046291,0.075891,0.17117,0.001338,0.000111,0.00013,0.000317,0.000458,0.000572,0.000742,0.001051,0.00165,0.0026,0.00386,0.005391,0.008147,0.01262,0.019853,0.032248,0.054521,0.143272,estimated,ASFR: UN WPP 2024 single-year estimates (US inputs are NCHS registered births); mortality: HLD/NCHS life tables
2010,0.0,0.0,0.0,0.034357,0.08947,0.107571,0.094749,0.045269,0.009991,0.000645,0.0,0.0,0.0,0.0,0.0,0.0,0.0,0.0,0.001581,0.000129,0.00016,0.000698,0.001261,0.001359,0.001479,0.001751,0.002478,0.004,0.006149,0.00914,0.012752,0.01889,0.028688,0.045827,0.076019,0.171856,0.001307,0.0001,0.00012,0.000279,0.000448,0.000561,0.000727,0.001023,0.001539,0.002481,0.00375,0.005261,0.007861,0.012341,0.019519,0.032161,0.054837,0.144807,estimated,ASFR: UN WPP 2024 single-year estimates (US inputs are NCHS registered births); mortality: HLD/NCHS life tables
2011,0.0,0.0,0.0,0.031333,0.085333,0.106248,0.095068,0.04613,0.010126,0.000675,0.0,0.0,0.0,0.0,0.0,0.0,0.0,0.0,0.001557,0.000131,0.000168,0.000682,0.001267,0.001362,0.001499,0.001778,0.002467,0.003963,0.00617,0.009102,0.012641,0.018531,0.028308,0.044988,0.07536,0.170787,0.001295,0.000109,0.000111,0.00028,0.000439,0.000561,0.00076,0.00103,0.001561,0.002508,0.003778,0.005293,0.00776,0.012199,0.019242,0.031957,0.054917,0.145316,estimated,ASFR: UN WPP 2024 single-year estimates (US inputs are NCHS registered births); mortality: HLD/NCHS life tables
2012,0.0,0.0,0.0,0.029113,0.082903,0.105438,0.095828,0.047241,0.010181,0.000689,0.0,0.0,0.0,0.0,0.0,0.0,0.0,0.0,0.001541,0.000128,0.00016,0.000659,0.00123,0.00138,0.00151,0.001788,0.002441,0.00385,0.006121,0.009137,0.012843,0.01817,0.027852,0.044281,0.07397,0.169636,0.001278,0.0001,0.000111,0.000271,0.00044,0.000573,0.000747,0.001022,0.001531,0.002467,0.003752,0.005361,0.007731,0.011862,0.018931,0.0316,0.054378,0.14436,estimated,ASFR: UN WPP 2024 single-year estimates (US inputs are NCHS registered births); mortality: HLD/NCHS life tables
2013,0.0,0.0,0.0,0.026401,0.0803,0.104414,0.096651,0.048204,0.010226,0.000701,0.0,0.0,0.0,0.0,0.0,0.0,0.0,0.0,0.001541,0.00013,0.00016,0.000619,0.001209,0.00137,0.00154,0.001791,0.00246,0.003852,0.006089,0.009162,0.012998,0.018139,0.027809,0.044179,0.07385,0.17003,0.001258,0.000102,0.00012,0.00026,0.00044,0.00057,0.000751,0.001049,0.001542,0.002449,0.003778,0.00542,0.00774,0.011828,0.018892,0.031392,0.054292,0.14429,estimated,ASFR: UN WPP 2024 single-year estimates (US inputs are NCHS registered births); mortality: HLD/NCHS life tables
2014,0.0,0.0,0.0,0.02422,0.078916,0.104752,0.099624,0.049956,0.010436,0.000713,0.0,0.0,0.0,0.0,0.0,0.0,0.0,0.0,0.001484,0.00013,0.000168,0.000629,0.001218,0.001402,0.00158,0.001861,0.002462,0.003783,0.006048,0.009211,0.013131,0.018031,0.027679,0.043641,0.072768,0.167815,0.001238,9.9e-05,0.00011,0.000268,0.000439,0.000583,0.00076,0.001088,0.001589,0.002431,0.003802,0.00554,0.007812,0.011618,0.01873,0.030909,0.05374,0.142254,estimated,ASFR: UN WPP 2024 single-year estimates (US inputs are NCHS registered births); mortality: HLD/NCHS life tables
2015,0.0,0.0,0.0,0.022173,0.076606,0.103324,0.100628,0.051004,0.010812,0.000744,0.0,0.0,0.0,0.0,0.0,0.0,0.0,0.0,0.00151,0.00013,0.000169,0.000661,0.001299,0.001508,0.001711,0.001987,0.002539,0.003741,0.00608,0.009182,0.013249,0.018223,0.02774,0.043692,0.073098,0.168831,0.001257,0.0001,0.000121,0.000289,0.000462,0.00061,0.000838,0.001101,0.00159,0.00242,0.003808,0.005573,0.007838,0.011639,0.018879,0.031099,0.054237,0.144259,estimated,ASFR: UN WPP 2024 single-year estimates (US inputs are NCHS registered births); mortality: HLD/NCHS life tables
2016,0.0,0.0,0.0,0.020283,0.073518,0.101245,0.101112,0.051604,0.011133,0.000756,0.0,0.0,0.0,0.0,0.0,0.0,0.0,0.0,0.001486,0.000128,0.000187,0.000722,0.001379,0.001711,0.001962,0.002271,0.002738,0.003863,0.006032,0.009192,0.013318,0.018449,0.02709,0.043161,0.071998,0.168317,0.001221,0.000102,0.000121,0.000291,0.000508,0.00069,0.000938,0.001208,0.00164,0.0024,0.00375,0.005631,0.007971,0.011632,0.01841,0.030592,0.053477,0.14354,estimated,ASFR: UN WPP 2024 single-year estimates (US inputs are NCHS registered births); mortality: HLD/NCHS life tables
2017,0.0,0.0,0.0,0.018631,0.070534,0.097652,0.099015,0.051387,0.011359,0.000789,0.0,0.0,0.0,0.0,0.0,0.0,0.0,0.0,0.001486,0.000128,0.000187,0.000722,0.001379,0.001711,0.001962,0.002271,0.002738,0.003863,0.006032,0.009192,0.013318,0.018449,0.02709,0.043161,0.071998,0.168317,0.00122,0.000108,0.000121,0.000292,0.000508,0.000688,0.000939,0.001207,0.00164,0.002401,0.003749,0.005631,0.007971,0.01163,0.018412,0.030591,0.053479,0.143542,estimated,ASFR: UN WPP 2024 single-year estimates (US inputs are NCHS registered births); mortality: HLD/NCHS life tables
2018,0.0,0.0,0.0,0.017206,0.067644,0.094863,0.097899,0.051672,0.011552,0.000821,0.0,0.0,0.0,0.0,0.0,0.0,0.0,0.0,0.001473,0.000122,0.000168,0.000683,0.001301,0.001632,0.001899,0.002272,0.002741,0.003889,0.00593,0.0092,0.013392,0.018619,0.026861,0.0427,0.070788,0.167386,0.001183,0.000102,0.000129,0.00029,0.00048,0.00068,0.000929,0.001218,0.001608,0.002372,0.00366,0.005559,0.007928,0.011422,0.01813,0.030161,0.05274,0.143096,estimated,ASFR: UN WPP 2024 single-year estimates (US inputs are NCHS registered births); mortality: HLD/NCHS life tables
2019,0.0,0.0,0.0,0.01619,0.065701,0.092967,0.096423,0.051709,0.011658,0.000857,0.0,0.0,0.0,0.0,0.0,0.0,0.0,0.0,0.001425,0.000128,0.00018,0.000682,0.001299,0.00162,0.001931,0.002321,0.00285,0.003899,0.005883,0.009108,0.013302,0.01853,0.026382,0.042019,0.06971,0.165827,0.001185,0.000107,0.000122,0.00028,0.000481,0.000652,0.00093,0.001238,0.001611,0.002361,0.00357,0.005458,0.008003,0.011251,0.017788,0.029582,0.051763,0.141743,estimated,ASFR: UN WPP 2024 single-year estimates (US inputs are NCHS registered births); mortality: HLD/NCHS life tables
2020,0.0,0.0,0.0,0.014711,0.061846,0.08954,0.093046,0.050435,0.011417,0.000883,0.0,0.0,0.0,0.0,0.0,0.0,0.0,0.0,0.001383,0.000119,0.000199,0.000838,0.001588,0.001982,0.002449,0.002932,0.003609,0.004873,0.007111,0.010793,0.015799,0.021891,0.031073,0.049359,0.080721,0.181078,0.001148,9.8e-05,0.000129,0.00032,0.000569,0.000802,0.001111,0.001471,0.001961,0.002799,0.004148,0.006261,0.009239,0.013098,0.020381,0.033964,0.059091,0.154156,estimated,ASFR: UN WPP 2024 single-year estimates (US inputs are NCHS registered births); mortality: HLD/NCHS life tables
2021,0.0,0.0,0.0,0.013798,0.060359,0.090683,0.095439,0.052618,0.011745,0.000903,0.0,0.0,0.0,0.0,0.0,0.0,0.0,0.0,0.001392,0.000132,0.00019,0.000881,0.00166,0.00223,0.002783,0.00333,0.004169,0.005489,0.007791,0.011482,0.016521,0.022588,0.03149,0.049863,0.080032,0.177685,0.001198,0.000101,0.00014,0.000351,0.000631,0.00089,0.001271,0.001719,0.002328,0.003221,0.004602,0.006871,0.010081,0.014039,0.021008,0.035012,0.058489,0.149375,estimated,ASFR: UN WPP 2024 single-year estimates (US inputs are NCHS registered births); mortality: HLD/NCHS life tables
2022,0.0,0.0,0.0,0.013759,0.060741,0.092995,0.09658,0.054402,0.012343,0.000908,0.0,0.0,0.0,0.0,0.0,0.0,0.0,0.0,0.001469,0.00014,0.000201,0.000829,0.001419,0.001981,0.00254,0.003001,0.003667,0.004683,0.006571,0.009962,0.014639,0.02053,0.029171,0.045311,0.075871,0.173765,0.001231,0.000118,0.00015,0.000339,0.000543,0.000812,0.001139,0.001512,0.002031,0.002762,0.003982,0.006103,0.009098,0.012911,0.019557,0.032379,0.055822,0.14717,estimated,ASFR: UN WPP 2024 single-year estimates (US inputs are NCHS registered births); mortality: HLD/NCHS life tables
2023,0.0,0.0,0.0,0.013289,0.058895,0.090899,0.094437,0.053015,0.012044,0.00095,0.0,0.0,0.0,0.0,0.0,0.0,0.0,0.0,0.00146,0.000138,0.0002,0.000819,0.001383,0.001801,0.00233,0.002801,0.003459,0.00433,0.006019,0.009019,0.013322,0.018878,0.026699,0.041228,0.06965,0.165308,0.001224,0.000111,0.000137,0.000323,0.000519,0.000701,0.001031,0.001362,0.001871,0.002469,0.003601,0.005427,0.008251,0.01191,0.017899,0.029848,0.052377,0.142326,estimated,ASFR: UN WPP 2024 single-year estimates (US inputs are NCHS registered births); mortality: HLD/NCHS life tables
2024,0.0,0.0,0.0,0.013289,0.058895,0.090899,0.094437,0.053015,0.012044,0.00095,0.0,0.0,0.0,0.0,0.0,0.0,0.0,0.0,0.00146,0.000138,0.0002,0.000819,0.001383,0.001801,0.00233,0.002801,0.003459,0.00433,0.006019,0.009019,0.013322,0.018878,0.026699,0.041228,0.06965,0.165308,0.001224,0.000111,0.000137,0.000323,0.000519,0.000701,0.001031,0.001362,0.001871,0.002469,0.003601,0.005427,0.008251,0.01191,0.017899,0.029848,0.052377,0.142326,interpolated,2023 schedules held for 2024
