ticker,fy_end,NetIncomeLoss,Equity,Equity_filed,Assets,Revenues,Assets_filed,Revenues_filed,NetIncomeLoss_filed
A,2006-10-31,,3648000000.0,2009-12-21,,,,,
A,2007-10-31,,3234000000.0,2009-12-21,,,,,
A,2008-10-31,,2559000000.0,2009-12-21,7007000000.0,,2009-12-21,,
A,2009-10-31,,2506000000.0,2009-12-21,7612000000.0,4481000000.0,2009-12-21,2011-12-16,
A,2010-10-31,,3228000000.0,2010-12-20,9696000000.0,5444000000.0,2010-12-20,2011-12-16,
A,2011-10-31,,4308000000.0,2011-12-16,9057000000.0,6615000000.0,2011-12-16,2011-12-16,
A,2012-10-31,,5182000000.0,2012-12-20,10536000000.0,6858000000.0,2012-12-20,2012-12-20,
A,2013-10-31,,5286000000.0,2013-12-19,10686000000.0,3894000000.0,2013-12-19,2015-12-21,
A,2014-10-31,,5298000000.0,2014-12-22,10831000000.0,4048000000.0,2014-12-22,2015-12-21,
A,2015-10-31,,4167000000.0,2015-12-21,7479000000.0,4038000000.0,2015-12-21,2015-12-21,
A,2016-10-31,,4243000000.0,2016-12-20,7802000000.0,4202000000.0,2016-12-20,2016-12-20,
A,2017-10-31,,4831000000.0,2017-12-21,8426000000.0,4472000000.0,2017-12-21,2017-12-21,
A,2018-10-31,,4567000000.0,2018-12-20,8541000000.0,,2018-12-20,,
A,2018-11-01,,4593000000.0,2019-12-19,8558000000.0,,2019-12-19,,
A,2019-10-31,,4748000000.0,2019-12-19,9452000000.0,,2019-12-19,,
A,2020-10-31,719000000.0,4873000000.0,2020-12-18,9627000000.0,,2020-12-18,,2022-12-21
A,2021-10-31,1210000000.0,5389000000.0,2021-12-17,10705000000.0,,2021-12-17,,2022-12-21
A,2022-10-31,1254000000.0,5305000000.0,2022-12-21,10532000000.0,,2022-12-21,,2022-12-21
A,2023-10-31,1240000000.0,5845000000.0,2023-12-20,10763000000.0,,2023-12-20,,2023-12-20
A,2024-10-31,1289000000.0,5898000000.0,2024-12-20,11846000000.0,,2024-12-20,,2024-12-20
A,2025-10-31,1303000000.0,6741000000.0,2025-12-22,12727000000.0,,2025-12-22,,2025-12-22
AAL,2007-12-31,,2704000000.0,2011-02-16,,,,,
AAL,2008-12-31,-2118000000.0,-2935000000.0,2011-02-16,,,,,2011-02-16
AAL,2009-12-31,-1468000000.0,-3489000000.0,2011-02-16,25438000000.0,,2011-02-16,,2011-02-16
AAL,2010-12-31,-471000000.0,-3945000000.0,2011-02-16,25088000000.0,,2011-02-16,,2011-02-16
AAL,2011-12-31,-1979000000.0,-7111000000.0,2012-02-15,23848000000.0,,2012-02-15,,2012-02-15
AAL,2012-12-31,-1876000000.0,-7987000000.0,2013-02-20,23510000000.0,,2013-02-20,,2013-02-20
AAL,2013-12-31,-1834000000.0,-2731000000.0,2014-02-28,42278000000.0,26743000000.0,2014-02-28,2016-02-24,2014-02-28
AAL,2014-12-31,2882000000.0,2021000000.0,2015-02-25,43771000000.0,42650000000.0,2015-02-25,2015-02-25,2015-02-25
AAL,2015-12-31,7610000000.0,5635000000.0,2016-02-24,48415000000.0,40990000000.0,2016-02-24,2016-02-24,2016-02-24
AAL,2016-12-31,2676000000.0,3785000000.0,2017-02-22,51274000000.0,40180000000.0,2017-02-22,2017-02-22,2017-02-22
AAL,2017-12-31,1919000000.0,3926000000.0,2018-02-21,51396000000.0,42207000000.0,2018-02-21,2018-02-21,2018-02-21
AAL,2018-12-31,1412000000.0,-169000000.0,2019-02-25,60580000000.0,,2019-02-25,,2019-02-25
AAL,2019-12-31,1686000000.0,-118000000.0,2020-02-19,59995000000.0,,2020-02-19,,2020-02-19
AAL,2020-12-31,-8885000000.0,-6867000000.0,2021-02-17,62008000000.0,,2021-02-17,,2021-02-17
AAL,2021-12-31,-1993000000.0,-7340000000.0,2022-02-22,66467000000.0,,2022-02-22,,2022-02-22
AAL,2022-12-31,127000000.0,-5799000000.0,2023-02-22,64716000000.0,,2023-02-22,,2023-02-22
AAL,2023-12-31,822000000.0,-5202000000.0,2024-02-21,63058000000.0,,2024-02-21,,2024-02-21
AAL,2024-12-31,846000000.0,-3977000000.0,2025-02-19,61783000000.0,,2025-02-19,,2025-02-19
AAL,2025-12-31,111000000.0,-3727000000.0,2026-02-18,61774000000.0,,2026-02-18,,2026-02-18
AAP,2007-12-29,,1023795000.0,2011-03-01,,,,,
AAP,2009-01-03,238038000.0,1075166000.0,2011-03-01,,5142255000.0,,2011-03-01,2011-03-01
AAP,2010-01-02,270373000.0,1282365000.0,2011-03-01,3072963000.0,5412623000.0,2011-03-01,2011-03-01,2011-03-01
AAP,2011-01-01,346053000.0,1039374000.0,2011-03-01,3354217000.0,5925203000.0,2011-03-01,2011-03-01,2011-03-01
AAP,2011-12-31,394682000.0,847914000.0,2012-02-28,3655754000.0,6170462000.0,2012-02-28,2012-02-28,2012-02-28
AAP,2012-12-29,387670000.0,1210694000.0,2013-02-25,4613814000.0,6205003000.0,2013-02-25,2013-02-25,2013-02-25
AAP,2013-12-28,391758000.0,1516205000.0,2014-02-25,5564774000.0,6493814000.0,2014-02-25,2014-02-25,2014-02-25
AAP,2015-01-03,493825000.0,2002912000.0,2015-03-03,7962358000.0,9843861000.0,2015-03-03,2015-03-03,2015-03-03
AAP,2016-01-02,473398000.0,2460648000.0,2016-03-01,8134565000.0,9737018000.0,2016-03-01,2016-03-01,2016-03-01
AAP,2016-12-31,459622000.0,2916192000.0,2017-02-28,8315033000.0,9567679000.0,2017-02-28,2017-02-28,2017-02-28
AAP,2017-12-30,475505000.0,3415196000.0,2018-02-21,8482301000.0,9373784000.0,2018-02-21,2018-02-21,2018-02-21
AAP,2018-12-29,423847000.0,3550813000.0,2019-02-19,9040648000.0,,2019-02-19,,2019-02-19
AAP,2019-12-28,486896000.0,3549081000.0,2020-02-18,11248525000.0,,2020-02-18,,2020-02-18
AAP,2021-01-02,493021000.0,3559512000.0,2021-02-22,11839636000.0,,2021-02-22,,2021-02-22
AAP,2022-01-01,616108000.0,3128291000.0,2022-02-15,12194209000.0,,2022-02-15,,2022-02-15
AAP,2022-12-31,501872000.0,2678281000.0,2023-02-28,12018482000.0,,2023-02-28,,2023-02-28
AAP,2023-04-22,,2562720000.0,2024-03-12,12177286000.0,,2024-03-12,,
AAP,2023-07-15,,2642654000.0,2024-03-12,12299222000.0,,2024-03-12,,
AAP,2023-10-07,,2566336000.0,2024-03-12,12249161000.0,,2024-03-12,,
AAP,2023-12-30,29735000.0,2519728000.0,2024-03-12,12276326000.0,,2024-03-12,,2024-03-12
AAP,2024-12-28,-335788000.0,2169942000.0,2025-02-26,10798109000.0,,2025-02-26,,2025-02-26
AAP,2026-01-03,44000000.0,2198000000.0,2026-02-13,11826000000.0,,2026-02-13,,2026-02-13
AAPL,2006-09-30,,9984000000.0,2009-10-27,,,,,
AAPL,2007-09-29,3496000000.0,14532000000.0,2009-10-27,,,,,2009-10-27
AAPL,2008-09-27,4834000000.0,21030000000.0,2009-10-27,39572000000.0,,2009-10-27,,2009-10-27
AAPL,2009-09-26,5704000000.0,27832000000.0,2009-10-27,53851000000.0,,2009-10-27,,2009-10-27
AAPL,2010-09-25,14013000000.0,47791000000.0,2010-10-27,75183000000.0,,2010-10-27,,2010-10-27
AAPL,2011-09-24,25922000000.0,76615000000.0,2011-10-26,116371000000.0,,2011-10-26,,2011-10-26
AAPL,2012-09-29,41733000000.0,118210000000.0,2012-10-31,176064000000.0,,2012-10-31,,2012-10-31
AAPL,2013-09-28,37037000000.0,123549000000.0,2013-10-30,207000000000.0,,2013-10-30,,2013-10-30
AAPL,2014-09-27,39510000000.0,111547000000.0,2014-10-27,231839000000.0,,2014-10-27,,2014-10-27
AAPL,2015-09-26,53394000000.0,119355000000.0,2015-10-28,290479000000.0,,2015-10-28,,2015-10-28
AAPL,2016-09-24,45687000000.0,128249000000.0,2016-10-26,321686000000.0,215639000000.0,2016-10-26,2018-11-05,2016-10-26
AAPL,2017-09-30,48351000000.0,134047000000.0,2017-11-03,375319000000.0,229234000000.0,2017-11-03,2018-11-05,2017-11-03
AAPL,2018-09-29,59531000000.0,107147000000.0,2018-11-05,365725000000.0,265595000000.0,2018-11-05,2018-11-05,2018-11-05
AAPL,2019-09-28,55256000000.0,90488000000.0,2019-10-31,338516000000.0,,2019-10-31,,2019-10-31
AAPL,2020-09-26,57411000000.0,65339000000.0,2020-10-30,323888000000.0,,2020-10-30,,2020-10-30
AAPL,2021-09-25,94680000000.0,63090000000.0,2021-10-29,351002000000.0,,2021-10-29,,2021-10-29
AAPL,2022-09-24,99803000000.0,50672000000.0,2022-10-28,352755000000.0,,2022-10-28,,2022-10-28
AAPL,2023-09-30,96995000000.0,62146000000.0,2023-11-03,352583000000.0,,2023-11-03,,2023-11-03
AAPL,2024-09-28,93736000000.0,56950000000.0,2024-11-01,364980000000.0,,2024-11-01,,2024-11-01
AAPL,2025-09-27,112010000000.0,73733000000.0,2025-10-31,359241000000.0,,2025-10-31,,2025-10-31
ABBV,2012-12-31,,-350000000.0,2014-02-21,27008000000.0,,2014-02-21,,
ABBV,2013-12-31,,4492000000.0,2014-02-21,29198000000.0,,2014-02-21,,
ABBV,2014-12-31,1774000000.0,1742000000.0,2015-02-20,27547000000.0,,2015-02-20,,2017-02-17
ABBV,2015-12-31,5144000000.0,3945000000.0,2016-02-19,53050000000.0,,2016-02-19,,2017-02-17
ABBV,2016-12-31,5953000000.0,4636000000.0,2017-02-17,66099000000.0,25638000000.0,2017-02-17,2019-02-27,2017-02-17
ABBV,2017-12-31,5309000000.0,5097000000.0,2018-02-16,70786000000.0,28216000000.0,2018-02-16,2019-02-27,2018-02-16
ABBV,2018-12-31,5687000000.0,-8446000000.0,2019-02-27,59352000000.0,32753000000.0,2019-02-27,2019-02-27,2019-02-27
ABBV,2019-12-31,7882000000.0,-8172000000.0,2020-02-21,89115000000.0,33266000000.0,2020-02-21,2020-02-21,2020-02-21
ABBV,2020-12-31,4616000000.0,13076000000.0,2021-02-19,150565000000.0,45804000000.0,2021-02-19,2021-02-19,2021-02-19
ABBV,2021-12-31,11542000000.0,15408000000.0,2022-02-18,146529000000.0,56197000000.0,2022-02-18,2022-02-18,2022-02-18
ABBV,2022-12-31,11836000000.0,17254000000.0,2023-02-17,138805000000.0,58054000000.0,2023-02-17,2023-02-17,2023-02-17
ABBV,2023-12-31,4863000000.0,10360000000.0,2024-02-20,134711000000.0,54318000000.0,2024-02-20,2024-02-20,2024-02-20
ABBV,2024-12-31,4278000000.0,3325000000.0,2025-02-14,135161000000.0,56334000000.0,2025-02-14,2025-02-14,2025-02-14
ABBV,2025-12-31,4226000000.0,-3270000000.0,2026-02-20,133960000000.0,61160000000.0,2026-02-20,2026-02-20,2026-02-20
ABT,2007-12-31,,17778540000.0,2010-02-19,39713924000.0,25914238000.0,2010-02-19,2010-02-19,
ABT,2008-12-31,,17479551000.0,2010-02-19,42419204000.0,29527552000.0,2010-02-19,2010-02-19,
ABT,2009-12-31,,22855627000.0,2010-02-19,52416623000.0,30764707000.0,2010-02-19,2010-02-19,
ABT,2010-12-31,,22388135000.0,2011-02-18,59462266000.0,35166721000.0,2011-02-18,2011-02-18,
ABT,2011-12-31,4728000000.0,24439833000.0,2012-02-21,60276893000.0,38851259000.0,2012-02-21,2012-02-21,2014-02-21
ABT,2012-12-31,5963000000.0,26720961000.0,2013-02-15,67234944000.0,39873910000.0,2013-02-15,2013-02-15,2014-02-21
ABT,2013-12-31,2576000000.0,25171000000.0,2014-02-21,42953000000.0,21848000000.0,2014-02-21,2014-02-21,2014-02-21
ABT,2014-12-31,2284000000.0,21526000000.0,2015-02-27,41275000000.0,20247000000.0,2015-02-27,2015-02-27,2015-02-27
ABT,2015-12-31,4423000000.0,21211000000.0,2016-02-19,41247000000.0,20405000000.0,2016-02-19,2016-02-19,2016-02-19
ABT,2016-12-31,1400000000.0,20538000000.0,2017-02-17,52666000000.0,20853000000.0,2017-02-17,2017-02-17,2017-02-17
ABT,2017-12-31,477000000.0,30897000000.0,2018-02-16,76250000000.0,27390000000.0,2018-02-16,2018-02-16,2018-02-16
ABT,2018-12-31,2368000000.0,30524000000.0,2019-02-22,67173000000.0,,2019-02-22,,2019-02-22
ABT,2019-12-31,3687000000.0,31088000000.0,2020-02-21,67887000000.0,,2020-02-21,,2020-02-21
ABT,2020-12-31,4495000000.0,32784000000.0,2021-02-19,72548000000.0,,2021-02-19,,2021-02-19
ABT,2021-12-31,7071000000.0,35802000000.0,2022-02-18,75196000000.0,,2022-02-18,,2022-02-18
ABT,2022-12-31,6933000000.0,36686000000.0,2023-02-17,74438000000.0,,2023-02-17,,2023-02-17
ABT,2023-12-31,5723000000.0,38603000000.0,2024-02-16,73214000000.0,,2024-02-16,,2024-02-16
ABT,2024-12-31,13402000000.0,47664000000.0,2025-02-21,81414000000.0,,2025-02-21,,2025-02-21
ABT,2025-12-31,6524000000.0,52130000000.0,2026-02-20,86713000000.0,,2026-02-20,,2026-02-20
ABX,2020-12-31,,5000004.0,2021-03-26,345850539.0,,2021-03-26,,
ABX,2021-12-31,15839365.0,-28237411.0,2022-06-22,345993643.0,,2022-06-22,,2022-06-22
ABX,2022-12-31,-643564.0,-18389856.0,2023-04-18,99374190.0,44713552.0,2023-04-18,2024-03-21,2023-04-18
ABX,2023-12-31,9516626.0,,,331826067.0,66401451.0,2024-03-21,2024-03-21,2024-03-21
ABX,2024-12-31,-23961050.0,,,874164752.0,111923786.0,2025-03-28,2025-03-28,2025-03-28
ABX,2025-12-31,36525269.0,,,902240258.0,235237636.0,2026-03-13,2026-03-13,2026-03-13
ACN,2008-08-31,1691751000.0,,,,25313826000.0,,2010-10-26,2010-10-26
ACN,2009-08-31,1589963000.0,2835221000.0,2010-10-26,12255734000.0,23170968000.0,2010-10-26,2010-10-26,2010-10-26
ACN,2010-08-31,1780656000.0,2835746000.0,2010-10-26,12835253000.0,23094078000.0,2010-10-26,2010-10-26,2010-10-26
ACN,2011-08-31,2277677000.0,3878951000.0,2011-10-21,15731510000.0,27352914000.0,2011-10-21,2011-10-21,2011-10-21
ACN,2012-08-31,2553510000.0,4145833000.0,2012-10-30,16665415000.0,29777985000.0,2012-10-30,2012-10-30,2012-10-30
ACN,2013-08-31,3281878000.0,4960186000.0,2013-10-29,16867049000.0,30394285000.0,2013-10-29,2013-10-29,2013-10-29
ACN,2014-08-31,2941498000.0,5732035000.0,2014-10-24,17930452000.0,31874678000.0,2014-10-24,2014-10-24,2014-10-24
ACN,2015-08-31,3053581000.0,6133725000.0,2015-10-30,18266058000.0,32914424000.0,2015-10-30,2015-10-30,2015-10-30
ACN,2016-08-31,4111892000.0,7555262000.0,2016-10-28,20609004000.0,34797661000.0,2016-10-28,2016-10-28,2016-10-28
ACN,2017-08-31,3445149000.0,8949477000.0,2017-10-26,22689890000.0,36765478000.0,2017-10-26,2017-10-26,2017-10-26
ACN,2018-08-31,4059907000.0,10364753000.0,2018-10-24,24449083000.0,41603428000.0,2018-10-24,2018-10-24,2018-10-24
ACN,2019-08-31,4779112000.0,14409008000.0,2019-10-29,29789880000.0,43215013000.0,2019-10-29,2019-10-29,2019-10-29
ACN,2020-08-31,5107839000.0,17000536000.0,2020-10-22,37078593000.0,44327039000.0,2020-10-22,2020-10-22,2020-10-22
ACN,2021-08-31,5906809000.0,19529454000.0,2021-10-15,43175843000.0,50533389000.0,2021-10-15,2021-10-15,2021-10-15
ACN,2022-08-31,6877169000.0,22106097000.0,2022-10-12,47263390000.0,61594305000.0,2022-10-12,2022-10-12,2022-10-12
ACN,2023-08-31,6871557000.0,25692839000.0,2023-10-12,51245305000.0,64111745000.0,2023-10-12,2023-10-12,2023-10-12
ACN,2024-08-31,7264787000.0,28288646000.0,2024-10-10,55932363000.0,64896464000.0,2024-10-10,2024-10-10,2024-10-10
ACN,2025-08-31,7678433000.0,31195446000.0,2025-10-10,65394897000.0,69672977000.0,2025-10-10,2025-10-10,2025-10-10
ADBE,2006-12-01,,5151876000.0,2010-01-22,,,,,
ADBE,2007-11-30,723807000.0,4649982000.0,2010-01-22,,3157881000.0,,2010-01-22,2010-01-22
ADBE,2008-11-28,871814000.0,4410354000.0,2010-01-22,5821598000.0,3579889000.0,2010-01-22,2010-01-22,2010-01-22
ADBE,2009-11-27,386508000.0,4890568000.0,2010-01-22,7282237000.0,2945853000.0,2010-01-22,2010-01-22,2010-01-22
ADBE,2010-12-03,774680000.0,5192387000.0,2011-01-27,8141148000.0,3800000000.0,2011-01-27,2011-01-27,2011-01-27
ADBE,2011-12-02,832847000.0,5783113000.0,2012-01-26,8991183000.0,4216258000.0,2012-01-26,2012-01-26,2012-01-26
ADBE,2012-11-30,832775000.0,6665182000.0,2013-01-22,9974523000.0,4403677000.0,2013-01-22,2013-01-22,2013-01-22
ADBE,2013-11-29,289985000.0,6724634000.0,2014-01-21,10380298000.0,4055240000.0,2014-01-21,2014-01-21,2014-01-21
ADBE,2014-11-28,268395000.0,6775905000.0,2015-01-20,10785829000.0,4147065000.0,2015-01-20,2015-01-20,2015-01-20
ADBE,2015-11-27,629551000.0,7001580000.0,2016-01-19,11726472000.0,4795511000.0,2016-01-19,2016-01-19,2016-01-19
ADBE,2016-12-02,1168782000.0,7424835000.0,2017-01-20,12707114000.0,5854430000.0,2017-01-20,2017-01-20,2017-01-20
ADBE,2017-12-01,1693954000.0,8459869000.0,2018-01-22,14535556000.0,7301505000.0,2018-01-22,2018-01-22,2018-01-22
ADBE,2018-11-30,2590774000.0,9362114000.0,2019-01-25,18768682000.0,9030008000.0,2019-01-25,2019-01-25,2019-01-25
ADBE,2019-11-29,2951458000.0,10530155000.0,2020-01-21,20762400000.0,11171297000.0,2020-01-21,2020-01-21,2020-01-21
ADBE,2020-11-27,5260000000.0,13264000000.0,2021-01-15,24284000000.0,12868000000.0,2021-01-15,2021-01-15,2021-01-15
ADBE,2021-12-03,4822000000.0,14797000000.0,2022-01-21,27241000000.0,15785000000.0,2022-01-21,2022-01-21,2022-01-21
ADBE,2022-12-02,4756000000.0,14051000000.0,2023-01-17,27165000000.0,17606000000.0,2023-01-17,2023-01-17,2023-01-17
ADBE,2023-12-01,5428000000.0,16518000000.0,2024-01-17,29779000000.0,19409000000.0,2024-01-17,2024-01-17,2024-01-17
ADBE,2024-11-29,5560000000.0,14105000000.0,2025-01-13,30230000000.0,21505000000.0,2025-01-13,2025-01-13,2025-01-13
ADBE,2025-11-28,7130000000.0,11623000000.0,2026-01-15,29496000000.0,23769000000.0,2026-01-15,2026-01-15,2026-01-15
ADCT,2021-12-31,,154026000.0,2024-03-13,,,,,
ADCT,2022-12-31,-157128000.0,79451000.0,2024-03-13,490859000.0,209908000.0,2024-03-13,2024-03-13,2024-03-13
ADCT,2023-12-31,-240053000.0,-148249000.0,2024-03-13,354782000.0,69558000.0,2024-03-13,2024-03-13,2024-03-13
ADCT,2024-12-31,-157846000.0,-202642000.0,2025-03-27,321980000.0,70837000.0,2025-03-27,2025-03-27,2025-03-27
ADCT,2025-12-31,-142623000.0,-185834000.0,2026-03-10,323150000.0,81357000.0,2026-03-10,2026-03-10,2026-03-10
ADI,2008-11-01,,2420263000.0,2009-11-24,3090992000.0,,2009-11-24,,
ADI,2009-10-31,247772000.0,2529149000.0,2009-11-24,3404294000.0,,2009-11-24,,2011-11-22
ADI,2010-10-30,712084000.0,3199717000.0,2010-11-22,4328831000.0,,2010-11-22,,2011-11-22
ADI,2011-10-29,867394000.0,3795413000.0,2011-11-22,5277635000.0,,2011-11-22,,2011-11-22
ADI,2012-11-03,651236000.0,4165359000.0,2012-11-27,5620347000.0,,2012-11-27,,2012-11-27
ADI,2013-11-02,673487000.0,4739576000.0,2013-11-26,6381750000.0,,2013-11-26,,2013-11-26
ADI,2014-11-01,629320000.0,4757897000.0,2014-12-10,6859690000.0,,2014-12-10,,2014-12-10
ADI,2015-10-31,696878000.0,5072959000.0,2015-11-24,7062178000.0,,2015-11-24,,2015-11-24
ADI,2016-10-29,861664000.0,5165618000.0,2016-11-22,7970278000.0,3421409000.0,2016-11-22,2018-11-27,2016-11-22
ADI,2017-10-28,727259000.0,10161540000.0,2017-11-22,21141294000.0,5107503000.0,2017-11-22,2018-11-27,2017-11-22
ADI,2018-11-03,1495432000.0,10988540000.0,2018-11-27,20449779000.0,6200942000.0,2018-11-27,2018-11-27,2018-11-27
ADI,2019-11-02,1363011000.0,11709188000.0,2019-11-26,21392641000.0,,2019-11-26,,2019-11-26
ADI,2020-10-31,1220761000.0,11997945000.0,2020-11-24,21468603000.0,,2020-11-24,,2020-11-24
ADI,2021-10-30,1390422000.0,37992542000.0,2021-12-03,52322071000.0,,2021-12-03,,2021-12-03
ADI,2022-10-29,2748561000.0,36465323000.0,2022-11-22,50302350000.0,,2022-11-22,,2022-11-22
ADI,2023-10-28,3314579000.0,35565122000.0,2023-11-21,48794478000.0,,2023-11-21,,2023-11-21
ADI,2024-11-02,1635273000.0,35176317000.0,2024-11-26,48228277000.0,,2024-11-26,,2024-11-26
ADI,2025-11-01,2267342000.0,33815755000.0,2025-11-25,47992712000.0,,2025-11-25,,2025-11-25
ADM,2007-06-30,,11446000000.0,2010-08-30,,,,,
ADM,2008-06-30,1780000000.0,13666000000.0,2010-08-30,,69816000000.0,,2010-08-30,2010-08-30
ADM,2009-06-30,1684000000.0,13653000000.0,2010-08-30,31582000000.0,69207000000.0,2010-08-30,2010-08-30,2010-08-30
ADM,2010-06-30,1930000000.0,14631000000.0,2010-08-30,31548000000.0,61682000000.0,2010-08-30,2010-08-30,2010-08-30
ADM,2011-06-30,2036000000.0,18838000000.0,2011-08-25,42193000000.0,80676000000.0,2011-08-25,2011-08-25,2011-08-25
ADM,2012-06-30,1223000000.0,18169000000.0,2012-08-27,41553000000.0,89038000000.0,2012-08-27,2012-08-27,2012-08-27
ADM,2012-12-31,1375000000.0,19131000000.0,2014-02-26,45136000000.0,90559000000.0,2014-02-26,2014-02-26,2014-02-26
ADM,2013-12-31,1342000000.0,20194000000.0,2014-02-26,43752000000.0,89804000000.0,2014-02-26,2014-02-26,2014-02-26
ADM,2014-12-31,2248000000.0,19630000000.0,2015-02-20,44027000000.0,81201000000.0,2015-02-20,2015-02-20,2015-02-20
ADM,2015-12-31,1849000000.0,17915000000.0,2016-02-19,40157000000.0,67702000000.0,2016-02-19,2016-02-19,2016-02-19
ADM,2016-12-31,1279000000.0,17181000000.0,2017-02-17,39769000000.0,62346000000.0,2017-02-17,2017-02-17,2017-02-17
ADM,2017-12-31,1595000000.0,18322000000.0,2018-02-16,39963000000.0,60828000000.0,2018-02-16,2018-02-16,2018-02-16
ADM,2018-01-01,,18322000000.0,2019-02-19,39956000000.0,,2019-02-19,,
ADM,2018-12-31,1810000000.0,18996000000.0,2019-02-19,40833000000.0,64341000000.0,2019-02-19,2019-02-19,2019-02-19
ADM,2019-12-31,1379000000.0,19225000000.0,2020-02-18,43997000000.0,64656000000.0,2020-02-18,2020-02-18,2020-02-18
ADM,2020-12-31,1772000000.0,20022000000.0,2021-02-18,49719000000.0,64355000000.0,2021-02-18,2021-02-18,2021-02-18
ADM,2021-12-31,2709000000.0,22508000000.0,2022-02-17,56136000000.0,85249000000.0,2022-02-17,2022-02-17,2022-02-17
ADM,2022-12-31,4340000000.0,24317000000.0,2023-02-14,59774000000.0,101556000000.0,2023-02-14,2023-02-14,2023-02-14
ADM,2023-12-31,3483000000.0,24145000000.0,2024-03-12,54631000000.0,93935000000.0,2024-03-12,2024-03-12,2024-03-12
ADM,2024-12-31,1800000000.0,22178000000.0,2025-02-20,53271000000.0,85530000000.0,2025-02-20,2025-02-20,2025-02-20
ADM,2025-12-31,1078000000.0,22740000000.0,2026-02-17,52389000000.0,80269000000.0,2026-02-17,2026-02-17,2026-02-17
ADP,2008-06-30,1235700000.0,,,23734400000.0,8733700000.0,2010-08-25,2010-08-25,2010-08-25
ADP,2009-06-30,1332600000.0,5322600000.0,2010-08-25,25351700000.0,8838400000.0,2010-08-25,2010-08-25,2010-08-25
ADP,2010-06-30,1211400000.0,5478900000.0,2010-08-25,26862200000.0,8927700000.0,2010-08-25,2010-08-25,2010-08-25
ADP,2011-06-30,1254200000.0,6010400000.0,2011-08-24,34238300000.0,9879500000.0,2011-08-24,2011-08-24,2011-08-24
ADP,2012-06-30,1388500000.0,6114000000.0,2012-08-20,30815500000.0,10665200000.0,2012-08-20,2012-08-20,2012-08-20
ADP,2013-06-30,1405800000.0,6189900000.0,2013-08-19,32268100000.0,11310100000.0,2013-08-19,2013-08-19,2013-08-19
ADP,2014-06-30,1515900000.0,6670200000.0,2014-08-08,32051700000.0,12206500000.0,2014-08-08,2014-08-08,2014-08-08
ADP,2015-06-30,1452500000.0,4808500000.0,2015-08-07,33110500000.0,10938500000.0,2015-08-07,2015-08-07,2015-08-07
ADP,2016-06-30,1492500000.0,4481600000.0,2016-08-05,43670000000.0,11667800000.0,2016-08-05,2016-08-05,2016-08-05
ADP,2017-06-30,1733400000.0,3977000000.0,2017-08-04,37180000000.0,12379800000.0,2017-08-04,2017-08-04,2017-08-04
ADP,2018-06-30,1620800000.0,3459600000.0,2018-08-03,37088700000.0,13325800000.0,2018-08-03,2018-08-03,2018-08-03
ADP,2019-06-30,2292800000.0,5399900000.0,2019-08-09,41887700000.0,14175200000.0,2019-08-09,2019-08-09,2019-08-09
ADP,2020-06-30,2466500000.0,5752200000.0,2020-08-05,39165500000.0,14589800000.0,2020-08-05,2020-08-05,2020-08-05
ADP,2021-06-30,2598500000.0,5670100000.0,2021-08-04,48772500000.0,15005400000.0,2021-08-04,2021-08-04,2021-08-04
ADP,2022-06-30,2948900000.0,3225300000.0,2022-08-03,63068200000.0,16498300000.0,2022-08-03,2022-08-03,2022-08-03
ADP,2023-06-30,3412000000.0,3509100000.0,2023-08-03,50971000000.0,18012200000.0,2023-08-03,2023-08-03,2023-08-03
ADP,2024-06-30,3752000000.0,4547600000.0,2024-08-07,54362700000.0,19202600000.0,2024-08-07,2024-08-07,2024-08-07
ADP,2025-06-30,4079700000.0,6188000000.0,2025-08-06,53369300000.0,20560900000.0,2025-08-06,2025-08-06,2025-08-06
ADP,2026-06-30,4413500000.0,6031200000.0,2026-08-05,63193300000.0,21947400000.0,2026-08-05,2026-08-05,2026-08-05
ADSK,2007-01-31,,1115000000.0,2010-03-19,,,,,
ADSK,2008-01-31,356200000.0,1230500000.0,2010-03-19,,2171900000.0,,2010-03-19,2010-03-19
ADSK,2009-01-31,183600000.0,1310700000.0,2010-03-19,2420700000.0,2315200000.0,2010-03-19,2010-03-19,2010-03-19
ADSK,2010-01-31,58000000.0,1473500000.0,2010-03-19,2447200000.0,1713700000.0,2010-03-19,2010-03-19,2010-03-19
ADSK,2011-01-31,212000000.0,1609300000.0,2011-03-18,2787600000.0,1951800000.0,2011-03-18,2011-03-18,2011-03-18
ADSK,2012-01-31,285300000.0,1882900000.0,2012-03-15,3227800000.0,2215600000.0,2012-03-15,2012-03-15,2012-03-15
ADSK,2013-01-31,247400000.0,2043200000.0,2013-03-18,4308400000.0,2312200000.0,2013-03-18,2013-03-18,2013-03-18
ADSK,2014-01-31,228800000.0,2261500000.0,2014-03-10,4595000000.0,2273900000.0,2014-03-10,2014-03-10,2014-03-10
ADSK,2015-01-31,81800000.0,2219200000.0,2015-03-18,4913800000.0,2512200000.0,2015-03-18,2015-03-18,2015-03-18
ADSK,2016-01-31,-330500000.0,1619600000.0,2016-03-23,5515300000.0,2504100000.0,2016-03-23,2016-03-23,2016-03-23
ADSK,2017-01-31,-582100000.0,733600000.0,2017-03-21,4798100000.0,2031000000.0,2017-03-21,2017-03-21,2017-03-21
ADSK,2018-01-31,-566900000.0,-256000000.0,2018-03-22,4113600000.0,2056600000.0,2018-03-22,2018-03-22,2018-03-22
ADSK,2019-01-31,-80800000.0,-210900000.0,2019-03-25,4729200000.0,,2019-03-25,,2019-03-25
ADSK,2020-01-31,214500000.0,-139100000.0,2020-03-19,6179300000.0,,2020-03-19,,2020-03-19
ADSK,2021-01-31,1208200000.0,965500000.0,2021-03-19,7279800000.0,,2021-03-19,,2021-03-19
ADSK,2022-01-31,497000000.0,849100000.0,2022-03-14,8606800000.0,,2022-03-14,,2022-03-14
ADSK,2023-01-31,823000000.0,1145000000.0,2023-03-14,9438000000.0,,2023-03-14,,2023-03-14
ADSK,2024-01-31,906000000.0,1855000000.0,2024-06-10,9912000000.0,,2024-06-10,,2024-06-10
ADSK,2025-01-31,1112000000.0,2621000000.0,2025-03-06,10833000000.0,,2025-03-06,,2025-03-06
ADSK,2026-01-31,1124000000.0,3045000000.0,2026-03-03,12467000000.0,,2026-03-03,,2026-03-03
ADT,2015-12-31,,702897000.0,2019-03-11,,,,,
ADT,2016-12-31,-536587000.0,3804976000.0,2019-03-11,,,,,2019-03-11
ADT,2017-12-31,342627000.0,3433112000.0,2019-03-11,17014820000.0,,2019-03-11,,2019-03-11
ADT,2018-12-31,-609155000.0,4224805000.0,2019-03-11,17208608000.0,,2019-03-11,,2019-03-11
ADT,2019-12-31,-424150000.0,3184369000.0,2020-03-10,16083652000.0,5125657000.0,2020-03-10,2022-03-01,2020-03-10
ADT,2020-12-31,-632193000.0,3039336000.0,2021-02-25,16116936000.0,5314787000.0,2021-02-25,2022-03-01,2021-02-25
ADT,2021-12-31,-340820000.0,3248719000.0,2022-03-01,16894351000.0,5307111000.0,2022-03-01,2022-03-01,2022-03-01
ADT,2022-12-31,172618000.0,3433103000.0,2023-02-28,17872825000.0,6395310000.0,2023-02-28,2023-02-28,2023-02-28
ADT,2023-12-31,463009000.0,3788646000.0,2024-02-28,15964094000.0,4982659000.0,2024-02-28,2024-02-28,2024-02-28
ADT,2024-12-31,501053000.0,3800801000.0,2025-02-27,16050957000.0,4898446000.0,2025-02-27,2025-02-27,2025-02-27
ADT,2025-12-31,595951000.0,3778610000.0,2026-03-02,15818511000.0,5128607000.0,2026-03-02,2026-03-02,2026-03-02
AEE,2007-12-31,618000000.0,,,,7562000000.0,,2010-02-26,2010-02-26
AEE,2008-12-31,605000000.0,6963000000.0,2010-02-26,22671000000.0,7839000000.0,2010-02-26,2010-02-26,2010-02-26
AEE,2009-12-31,612000000.0,7853000000.0,2010-02-26,23790000000.0,7090000000.0,2010-02-26,2010-02-26,2010-02-26
AEE,2010-12-31,139000000.0,7730000000.0,2011-02-24,23515000000.0,7638000000.0,2011-02-24,2011-02-24,2011-02-24
AEE,2011-12-31,519000000.0,7919000000.0,2012-02-28,23645000000.0,7531000000.0,2012-02-28,2012-02-28,2012-02-28
AEE,2012-12-31,-974000000.0,6616000000.0,2013-03-01,21835000000.0,6828000000.0,2013-03-01,2013-03-01,2013-03-01
AEE,2013-12-31,289000000.0,6544000000.0,2014-03-03,21042000000.0,5838000000.0,2014-03-03,2014-03-03,2014-03-03
AEE,2014-12-31,586000000.0,6713000000.0,2015-03-02,22676000000.0,6053000000.0,2015-03-02,2015-03-02,2015-03-02
AEE,2015-12-31,630000000.0,6946000000.0,2016-02-26,23640000000.0,6098000000.0,2016-02-26,2016-02-26,2016-02-26
AEE,2016-12-31,653000000.0,7103000000.0,2017-02-28,24699000000.0,6076000000.0,2017-02-28,2017-02-28,2017-02-28
AEE,2017-12-31,523000000.0,7184000000.0,2018-02-28,25945000000.0,6177000000.0,2018-02-28,2018-02-28,2018-02-28
AEE,2018-12-31,,7631000000.0,2019-02-26,27215000000.0,6291000000.0,2019-02-26,2019-02-26,
AEE,2019-12-31,,8059000000.0,2020-02-28,28933000000.0,5910000000.0,2020-02-28,2022-02-23,
AEE,2020-12-31,,8938000000.0,2021-02-22,32030000000.0,5794000000.0,2021-02-22,2022-02-23,
AEE,2021-12-31,,9700000000.0,2022-02-23,35735000000.0,6394000000.0,2022-02-23,2022-02-23,
AEE,2022-12-31,,10508000000.0,2023-02-22,37904000000.0,7957000000.0,2023-02-22,2023-02-22,
AEE,2023-12-31,,11349000000.0,2024-02-29,40830000000.0,7500000000.0,2024-02-29,2024-02-29,
AEE,2024-12-31,,12114000000.0,2025-02-18,44598000000.0,7623000000.0,2025-02-18,2025-02-18,
AEE,2025-12-31,,13401000000.0,2026-02-18,48476000000.0,8799000000.0,2026-02-18,2026-02-18,
AEP,2007-12-31,1092000000.0,,,,13380000000.0,,2010-02-26,2010-02-26
AEP,2008-12-31,1383000000.0,10693000000.0,2010-02-26,45155000000.0,14440000000.0,2010-02-26,2010-02-26,2010-02-26
AEP,2009-12-31,1360000000.0,13140000000.0,2010-02-26,48348000000.0,13489000000.0,2010-02-26,2010-02-26,2010-02-26
AEP,2010-12-31,1214000000.0,13622000000.0,2011-02-25,50455000000.0,14427000000.0,2011-02-25,2011-02-25,2011-02-25
AEP,2011-12-31,1946000000.0,14664000000.0,2012-02-28,52223000000.0,15116000000.0,2012-02-28,2012-02-28,2012-02-28
AEP,2012-12-31,1259000000.0,15237000000.0,2013-02-26,54367000000.0,14945000000.0,2013-02-26,2013-02-26,2013-02-26
AEP,2013-12-31,1480000000.0,16085000000.0,2014-02-25,56414000000.0,15357000000.0,2014-02-25,2014-02-25,2014-02-25
AEP,2014-12-31,,16820000000.0,2015-02-20,59633000000.0,17020000000.0,2015-02-20,2015-02-20,
AEP,2015-12-31,,17891700000.0,2016-02-24,61683100000.0,16453200000.0,2016-02-24,2016-02-24,
AEP,2016-12-31,,17397000000.0,2017-02-28,63467700000.0,16380100000.0,2017-02-28,2017-02-28,
AEP,2017-12-31,,18287000000.0,2018-02-23,64729100000.0,15424900000.0,2018-02-23,2018-02-23,
AEP,2018-12-31,,19028400000.0,2019-02-21,68802800000.0,16195700000.0,2019-02-21,2019-02-21,
AEP,2019-12-31,,19632200000.0,2020-02-20,75892300000.0,15561400000.0,2020-02-20,2020-02-20,
AEP,2020-12-31,,20550900000.0,2021-02-25,80757200000.0,14918500000.0,2021-02-25,2021-02-25,
AEP,2021-12-31,,22433200000.0,2022-02-24,87668700000.0,16792000000.0,2022-02-24,2022-02-24,
AEP,2022-12-31,,23893400000.0,2023-02-23,93469400000.0,19639500000.0,2023-02-23,2023-02-23,
AEP,2023-12-31,,25246700000.0,2024-02-26,96684000000.0,18982300000.0,2024-02-26,2024-02-26,
AEP,2024-12-31,,26943800000.0,2025-02-13,103078000000.0,19721300000.0,2025-02-13,2025-02-13,
AEP,2025-12-31,,31138000000.0,2026-02-12,114460000000.0,21876000000.0,2026-02-12,2026-02-12,
AES,2007-12-31,-95000000.0,,,,,,,2010-02-26
AES,2008-12-31,1234000000.0,3669000000.0,2010-02-26,34806000000.0,,2010-02-26,,2010-02-26
AES,2009-12-31,658000000.0,4675000000.0,2010-02-26,39535000000.0,13110000000.0,2010-02-26,2012-02-27,2010-02-26
AES,2010-12-31,9000000.0,6473000000.0,2011-02-28,40511000000.0,15828000000.0,2011-02-28,2012-02-27,2011-02-28
AES,2011-12-31,58000000.0,5946000000.0,2012-02-27,45333000000.0,17274000000.0,2012-02-27,2012-02-27,2012-02-27
AES,2012-12-31,-912000000.0,4569000000.0,2013-02-27,41830000000.0,18141000000.0,2013-02-27,2013-02-27,2013-02-27
AES,2013-12-31,114000000.0,4330000000.0,2014-02-26,40411000000.0,15891000000.0,2014-02-26,2014-02-26,2014-02-26
AES,2014-12-31,769000000.0,4272000000.0,2015-02-26,38966000000.0,17146000000.0,2015-02-26,2015-02-26,2015-02-26
AES,2015-12-31,306000000.0,3149000000.0,2016-02-24,36850000000.0,14963000000.0,2016-02-24,2016-02-24,2016-02-24
AES,2016-12-31,-1130000000.0,2794000000.0,2018-02-27,36119000000.0,13586000000.0,2017-02-27,2017-02-27,2017-02-27
AES,2017-12-31,-1161000000.0,2465000000.0,2018-02-27,33112000000.0,10530000000.0,2018-02-27,2018-02-27,2018-02-27
AES,2018-12-31,1203000000.0,3208000000.0,2019-02-27,32521000000.0,10736000000.0,2019-02-27,2019-02-27,2019-02-27
AES,2019-12-31,303000000.0,2996000000.0,2020-02-28,33648000000.0,10189000000.0,2020-02-28,2020-02-28,2020-02-28
AES,2020-12-31,46000000.0,2634000000.0,2021-02-25,34603000000.0,9660000000.0,2021-02-25,2021-02-25,2021-02-25
AES,2021-12-31,-409000000.0,2798000000.0,2022-02-28,32963000000.0,11141000000.0,2022-02-28,2022-02-28,2022-02-28
AES,2022-12-31,-546000000.0,2437000000.0,2023-03-01,38363000000.0,12617000000.0,2023-03-01,2023-03-01,2023-03-01
AES,2023-12-31,249000000.0,2488000000.0,2024-02-26,44799000000.0,12668000000.0,2024-02-26,2024-02-26,2024-02-26
AES,2024-06-30,,3175000000.0,2025-03-11,47915000000.0,,2025-03-11,,
AES,2024-09-30,,3378000000.0,2025-03-11,50265000000.0,,2025-03-11,,
AES,2024-12-31,1679000000.0,3644000000.0,2025-03-11,47406000000.0,12278000000.0,2025-03-11,2025-03-11,2025-03-11
AES,2025-12-31,910000000.0,4063000000.0,2026-03-02,51768000000.0,12233000000.0,2026-03-02,2026-03-02,2026-03-02
AFL,2007-12-31,,,,,15393000000.0,,2010-02-26,
AFL,2008-12-31,1254000000.0,6639000000.0,2011-02-25,79331000000.0,16554000000.0,2010-02-26,2010-02-26,2011-02-25
AFL,2009-12-31,1497000000.0,8417000000.0,2011-02-25,84106000000.0,18254000000.0,2010-02-26,2010-02-26,2011-02-25
AFL,2010-12-31,2344000000.0,11056000000.0,2011-02-25,101039000000.0,20732000000.0,2011-02-25,2011-02-25,2011-02-25
AFL,2011-12-31,1964000000.0,13506000000.0,2012-02-27,117102000000.0,22171000000.0,2012-02-27,2012-02-27,2012-02-27
AFL,2012-12-31,2866000000.0,15978000000.0,2013-02-27,131094000000.0,25364000000.0,2013-02-27,2013-02-27,2013-02-27
AFL,2013-12-31,3158000000.0,14620000000.0,2014-02-27,121307000000.0,23939000000.0,2014-02-27,2014-02-27,2014-02-27
AFL,2014-12-31,2951000000.0,18347000000.0,2015-02-26,119767000000.0,22728000000.0,2015-02-26,2015-02-26,2015-02-26
AFL,2015-12-31,2533000000.0,17708000000.0,2016-02-25,118296000000.0,20872000000.0,2016-02-25,2016-02-25,2016-02-25
AFL,2016-12-31,2659000000.0,20482000000.0,2017-02-24,129819000000.0,22559000000.0,2017-02-24,2017-02-24,2017-02-24
AFL,2017-12-31,4604000000.0,24598000000.0,2018-02-23,137217000000.0,21667000000.0,2018-02-23,2018-02-23,2018-02-23
AFL,2018-12-31,2920000000.0,23462000000.0,2019-02-25,140406000000.0,21758000000.0,2019-02-25,2019-02-25,2019-02-25
AFL,2019-12-31,3304000000.0,28959000000.0,2020-02-21,152768000000.0,22307000000.0,2020-02-21,2020-02-21,2020-02-21
AFL,2020-12-31,4778000000.0,33559000000.0,2021-02-23,165086000000.0,22147000000.0,2021-02-23,2021-02-23,2021-02-23
AFL,2021-12-31,4325000000.0,33253000000.0,2022-02-23,157542000000.0,22106000000.0,2022-02-23,2022-02-23,2022-02-23
AFL,2022-12-31,4201000000.0,22365000000.0,2023-02-24,131017000000.0,19502000000.0,2023-02-24,2023-02-24,2023-02-24
AFL,2023-12-31,4659000000.0,21985000000.0,2024-02-22,126724000000.0,18701000000.0,2024-02-22,2024-02-22,2024-02-22
AFL,2024-12-31,5443000000.0,26098000000.0,2025-02-26,117566000000.0,18927000000.0,2025-02-26,2025-02-26,2025-02-26
AFL,2025-12-31,3646000000.0,29490000000.0,2026-02-25,116470000000.0,17164000000.0,2026-02-25,2026-02-25,2026-02-25
AIG,2007-12-31,6200000000.0,,,,103632000000.0,,2010-02-26,2010-02-26
AIG,2008-12-31,-99289000000.0,52710000000.0,2010-02-26,860418000000.0,6896000000.0,2010-02-26,2010-02-26,2010-02-26
AIG,2009-12-31,-10949000000.0,69824000000.0,2010-02-26,847585000000.0,96004000000.0,2010-02-26,2010-02-26,2010-02-26
AIG,2010-12-31,7786000000.0,85319000000.0,2011-02-24,683443000000.0,77301000000.0,2011-02-24,2011-02-24,2011-02-24
AIG,2011-12-31,17798000000.0,104951000000.0,2012-02-23,555773000000.0,64237000000.0,2012-02-23,2012-02-23,2012-02-23
AIG,2012-12-31,3438000000.0,98002000000.0,2013-02-21,548633000000.0,65656000000.0,2013-02-21,2013-02-21,2013-02-21
AIG,2013-12-31,9085000000.0,100470000000.0,2014-02-20,541329000000.0,68678000000.0,2014-02-20,2014-02-20,2014-02-20
AIG,2014-12-31,7529000000.0,106898000000.0,2015-02-20,515581000000.0,64406000000.0,2015-02-20,2015-02-20,2015-02-20
AIG,2015-12-31,2196000000.0,89658000000.0,2016-02-19,496943000000.0,58327000000.0,2016-02-19,2016-02-19,2016-02-19
AIG,2016-12-31,-849000000.0,76300000000.0,2017-02-23,498264000000.0,52367000000.0,2017-02-23,2017-02-23,2017-02-23
AIG,2017-12-31,-6084000000.0,65171000000.0,2018-02-16,498301000000.0,49520000000.0,2018-02-16,2018-02-16,2018-02-16
AIG,2018-12-31,-6000000.0,56361000000.0,2019-02-15,491984000000.0,47389000000.0,2019-02-15,2019-02-15,2019-02-15
AIG,2019-12-31,3348000000.0,65675000000.0,2020-02-21,525064000000.0,49746000000.0,2020-02-21,2020-02-21,2020-02-21
AIG,2020-12-31,-5944000000.0,66362000000.0,2021-02-19,586481000000.0,43736000000.0,2021-02-19,2021-02-19,2021-02-19
AIG,2021-01-01,,65098000000.0,2024-02-14,598841000000.0,,2024-02-14,,
AIG,2021-12-31,9388000000.0,65956000000.0,2022-02-17,596112000000.0,52057000000.0,2022-02-17,2022-02-17,2022-02-17
AIG,2022-12-31,10276000000.0,40002000000.0,2023-02-17,526634000000.0,56437000000.0,2023-02-17,2023-02-17,2023-02-17
AIG,2023-12-31,3643000000.0,45351000000.0,2024-02-14,539306000000.0,46802000000.0,2024-02-14,2024-02-14,2024-02-14
AIG,2024-12-31,-1404000000.0,42521000000.0,2025-02-13,161322000000.0,27251000000.0,2025-02-13,2025-02-13,2025-02-13
AIG,2025-12-31,3096000000.0,41139000000.0,2026-02-12,161254000000.0,26775000000.0,2026-02-12,2026-02-12,2026-02-12
AIV,2008-12-31,412007000.0,,,,1178878000.0,,2011-02-25,2011-02-25
AIV,2009-12-31,-64274000.0,1239718000.0,2011-02-25,7906468000.0,1131103000.0,2011-02-25,2011-02-25,2011-02-25
AIV,2010-12-31,-71728000.0,1046042000.0,2011-02-25,7378566000.0,1144934000.0,2011-02-25,2011-02-25,2011-02-25
AIV,2011-12-31,-57087000.0,908329000.0,2012-02-23,6871862000.0,1079584000.0,2012-02-23,2012-02-23,2012-02-23
AIV,2012-12-31,132456000.0,915425000.0,2013-02-25,6401380000.0,1033197000.0,2013-02-25,2013-02-25,2013-02-25
AIV,2013-12-31,207290000.0,967457000.0,2014-02-21,6079413000.0,974053000.0,2014-02-21,2014-02-21,2014-02-21
AIV,2014-12-31,309249000.0,1227735000.0,2015-02-27,6097028000.0,984363000.0,2015-02-27,2015-02-27,2015-02-27
AIV,2015-12-31,248710000.0,1622391000.0,2016-02-29,6144194000.0,981310000.0,2016-02-29,2016-02-29,2016-02-29
AIV,2016-12-31,430410000.0,1793903000.0,2017-02-24,6232818000.0,995854000.0,2017-02-24,2017-02-24,2017-02-24
AIV,2017-12-31,315774000.0,1663144000.0,2018-03-01,6079040000.0,1005437000.0,2018-03-01,2018-03-01,2018-03-01
AIV,2018-12-31,666227000.0,1699419000.0,2019-02-20,6190004000.0,972410000.0,2019-02-20,2019-02-20,2019-02-20
AIV,2019-12-31,474083000.0,1780649000.0,2020-02-24,6828739000.0,914294000.0,2020-02-24,2020-02-24,2020-02-24
AIV,2020-12-31,-5041000.0,499778000.0,2021-03-12,1840492000.0,151451000.0,2021-03-12,2021-03-12,2021-03-12
AIV,2021-12-31,-5910000.0,500565000.0,2022-03-01,2434101000.0,169836000.0,2022-03-01,2022-03-01,2022-03-01
AIV,2022-12-31,74639000.0,547852000.0,2023-02-27,2181223000.0,190344000.0,2023-02-27,2023-02-27,2023-02-27
AIV,2023-12-31,-166196000.0,349652000.0,2024-02-26,2089475000.0,186995000.0,2024-02-26,2024-02-26,2024-02-26
AIV,2024-12-31,-103988000.0,122957000.0,2025-02-24,1956910000.0,208679000.0,2025-02-24,2025-02-24,2025-02-24
AIV,2025-12-31,547161000.0,361853000.0,2026-03-02,1675733000.0,138486000.0,2026-03-02,2026-03-02,2026-03-02
AIZ,2007-12-31,653746000.0,,,,8453515000.0,,2010-02-25,2010-02-25
AIZ,2008-12-31,447796000.0,,,24514586000.0,8601228000.0,2010-02-25,2010-02-25,2010-02-25
AIZ,2009-12-31,430574000.0,4707156000.0,2013-02-20,25841796000.0,8700501000.0,2010-02-25,2010-02-25,2010-02-25
AIZ,2010-12-31,279177000.0,4633136000.0,2013-02-20,26397018000.0,8527722000.0,2011-02-23,2011-02-23,2011-02-23
AIZ,2011-12-31,545839000.0,4873950000.0,2013-02-20,27115445000.0,8272804000.0,2012-02-23,2012-02-23,2012-02-23
AIZ,2012-12-31,483705000.0,5185366000.0,2013-02-20,28946607000.0,8508270000.0,2013-02-20,2013-02-20,2013-02-20
AIZ,2013-12-31,488907000.0,4833479000.0,2014-02-19,29714689000.0,9047657000.0,2014-02-19,2014-02-19,2014-02-19
AIZ,2014-12-31,470907000.0,5181307000.0,2015-02-19,31562466000.0,10381653000.0,2015-02-19,2015-02-19,2015-02-19
AIZ,2015-12-31,141555000.0,4523967000.0,2016-02-16,30043128000.0,10325494000.0,2016-02-16,2016-02-16,2016-02-16
AIZ,2016-12-31,565350000.0,4098100000.0,2017-02-14,29709128000.0,7531780000.0,2017-02-14,2017-02-14,2017-02-14
AIZ,2017-12-31,519600000.0,4270600000.0,2018-02-14,31843000000.0,6415000000.0,2018-02-14,2018-02-14,2018-02-14
AIZ,2018-12-31,251000000.0,5112000000.0,2019-02-22,41089300000.0,8057600000.0,2019-02-22,2019-02-22,2019-02-22
AIZ,2019-12-31,382600000.0,5652800000.0,2020-02-19,44291200000.0,10086800000.0,2020-02-19,2020-02-19,2020-02-19
AIZ,2020-12-31,441800000.0,5951400000.0,2021-02-19,44649900000.0,10094800000.0,2021-02-19,2021-02-19,2021-02-19
AIZ,2021-12-31,1372400000.0,5489700000.0,2022-02-22,33911500000.0,10187600000.0,2022-02-22,2022-02-22,2022-02-22
AIZ,2022-12-31,276600000.0,4228700000.0,2023-02-17,33123800000.0,10193000000.0,2023-02-17,2023-02-17,2023-02-17
AIZ,2023-12-31,642500000.0,4809500000.0,2024-02-15,33635200000.0,11131600000.0,2024-02-15,2024-02-15,2024-02-15
AIZ,2024-12-31,760200000.0,5106700000.0,2025-02-20,35020600000.0,11877500000.0,2025-02-20,2025-02-20,2025-02-20
AIZ,2025-12-31,872700000.0,5871600000.0,2026-02-19,36289600000.0,12814300000.0,2026-02-19,2026-02-19,2026-02-19
AJG,2007-12-31,,715500000.0,2011-02-07,,,,,
AJG,2008-12-31,77300000.0,738500000.0,2011-02-07,,1645000000.0,,2011-02-07,2011-02-07
AJG,2009-12-31,128600000.0,892900000.0,2011-02-07,3250300000.0,1729300000.0,2011-02-07,2011-02-07,2011-02-07
AJG,2010-12-31,174100000.0,1106700000.0,2011-02-07,3596000000.0,1864200000.0,2011-02-07,2011-02-07,2011-02-07
AJG,2011-12-31,144100000.0,1243600000.0,2012-02-14,4483500000.0,2134700000.0,2012-02-14,2012-02-14,2012-02-14
AJG,2012-12-31,195000000.0,1658600000.0,2013-02-08,5352300000.0,2520300000.0,2013-02-08,2013-02-08,2013-02-08
AJG,2013-12-31,268600000.0,2085500000.0,2014-02-07,6860500000.0,3179600000.0,2014-02-07,2014-02-07,2014-02-07
AJG,2014-12-31,303400000.0,3229400000.0,2015-02-13,10010000000.0,4626500000.0,2015-02-13,2015-02-13,2015-02-13
AJG,2015-12-31,356800000.0,3638300000.0,2016-02-10,10913800000.0,5392400000.0,2016-02-10,2016-02-10,2016-02-10
AJG,2016-12-31,414400000.0,3596600000.0,2017-02-13,11489600000.0,5594800000.0,2017-02-13,2017-02-13,2017-02-13
AJG,2017-12-31,463100000.0,4105200000.0,2018-02-12,12897400000.0,6159600000.0,2018-02-12,2018-02-12,2018-02-12
AJG,2018-12-31,633500000.0,4498900000.0,2019-02-08,16334000000.0,,2019-02-08,,2019-02-08
AJG,2019-12-31,668800000.0,5155500000.0,2020-02-07,19634800000.0,,2020-02-07,,2020-02-07
AJG,2020-12-31,818800000.0,6186200000.0,2021-02-08,22331400000.0,,2021-02-08,,2021-02-08
AJG,2021-12-31,906800000.0,8508400000.0,2022-02-18,33345000000.0,,2022-02-18,,2022-02-18
AJG,2022-12-31,1114200000.0,9143600000.0,2023-02-10,38907800000.0,,2023-02-10,,2023-02-10
AJG,2023-12-31,969500000.0,10775300000.0,2024-02-09,51615800000.0,,2024-02-09,,2024-02-09
AJG,2024-12-31,1462700000.0,20153500000.0,2025-02-18,64255200000.0,,2025-02-18,,2025-02-18
AJG,2025-12-31,1494000000.0,23321000000.0,2026-02-17,70665000000.0,,2026-02-17,,2026-02-17
AKAM,2006-12-31,,954693000.0,2010-03-01,,,,,
AKAM,2007-12-31,100967000.0,1358552000.0,2010-03-01,,636406000.0,,2010-03-01,2010-03-01
AKAM,2008-12-31,145138000.0,1568770000.0,2010-03-01,1880951000.0,790924000.0,2010-03-01,2010-03-01,2010-03-01
AKAM,2009-12-31,145913000.0,1738722000.0,2010-03-01,2087510000.0,859773000.0,2010-03-01,2010-03-01,2010-03-01
AKAM,2010-12-31,171220000.0,2177605000.0,2011-03-01,2352676000.0,1023586000.0,2011-03-01,2011-03-01,2011-03-01
AKAM,2011-12-31,200904000.0,2156250000.0,2012-02-29,2345501000.0,1158538000.0,2012-02-29,2012-02-29,2012-02-29
AKAM,2012-12-31,203989000.0,2345754000.0,2013-03-01,2600627000.0,1373947000.0,2013-03-01,2013-03-01,2013-03-01
AKAM,2013-12-31,293487000.0,2629431000.0,2014-03-03,2957685000.0,1577922000.0,2014-03-03,2014-03-03,2014-03-03
AKAM,2014-12-31,333948000.0,2945335000.0,2015-03-02,4001546000.0,1963874000.0,2015-03-02,2015-03-02,2015-03-02
AKAM,2015-12-31,321406000.0,3120878000.0,2016-02-29,4187925000.0,2197448000.0,2016-02-29,2016-02-29,2016-02-29
AKAM,2016-12-31,316132000.0,3224370000.0,2017-02-28,4373146000.0,2340049000.0,2017-02-28,2017-02-28,2017-02-28
AKAM,2017-12-31,218321000.0,3310723000.0,2018-03-01,4602844000.0,2502996000.0,2018-03-01,2018-03-01,2018-03-01
AKAM,2018-12-31,298373000.0,3191860000.0,2019-02-28,5461770000.0,,2019-02-28,,2019-02-28
AKAM,2019-12-31,478035000.0,3657958000.0,2020-02-28,7006886000.0,,2020-02-28,,2020-02-28
AKAM,2020-12-31,557054000.0,4251296000.0,2021-02-26,7764130000.0,,2021-02-26,,2021-02-26
AKAM,2021-12-31,651642000.0,4530014000.0,2022-02-28,8138673000.0,,2022-02-28,,2022-02-28
AKAM,2022-03-31,,4314735000.0,2023-02-28,8312389000.0,,2023-02-28,,
AKAM,2022-06-30,,4312994000.0,2023-02-28,8230752000.0,,2023-02-28,,
AKAM,2022-09-30,,4281240000.0,2023-02-28,8136481000.0,,2023-02-28,,
AKAM,2022-12-31,523672000.0,4360187000.0,2023-02-28,8303400000.0,,2023-02-28,,2023-02-28
AKAM,2023-12-31,547629000.0,4597155000.0,2024-02-28,9900037000.0,,2024-02-28,,2024-02-28
AKAM,2024-12-31,504918000.0,4878357000.0,2025-02-24,10368785000.0,,2025-02-24,,2025-02-24
AKAM,2025-12-31,452031000.0,4977371000.0,2026-02-20,11479643000.0,,2026-02-20,,2026-02-20
ALB,2008-12-31,194202000.0,,,,,,,2011-02-25
ALB,2009-12-31,178368000.0,1205696000.0,2011-02-25,2771557000.0,,2011-02-25,,2011-02-25
ALB,2010-12-31,323720000.0,1416074000.0,2011-02-25,3068081000.0,,2011-02-25,,2011-02-25
ALB,2011-12-31,436280000.0,1591277000.0,2012-02-22,3203824000.0,,2012-02-22,,2012-02-22
ALB,2012-12-31,311536000.0,1833598000.0,2013-02-15,3437291000.0,,2013-02-15,,2013-02-15
ALB,2013-12-31,413171000.0,1627361000.0,2014-02-25,3584797000.0,,2014-02-25,,2014-02-25
ALB,2014-12-31,133316000.0,1359465000.0,2015-03-02,5223103000.0,,2015-03-02,,2015-03-02
ALB,2015-12-31,334906000.0,3254392000.0,2016-02-29,9615014000.0,,2016-02-29,,2016-02-29
ALB,2016-12-31,643675000.0,3795062000.0,2017-02-28,8161207000.0,2677203000.0,2017-02-28,2019-02-27,2017-02-28
ALB,2017-12-31,54850000.0,3674549000.0,2018-02-28,7750772000.0,3071976000.0,2018-02-28,2019-02-27,2018-02-28
ALB,2018-12-31,693562000.0,3585321000.0,2019-02-27,7581674000.0,3374950000.0,2019-02-27,2019-02-27,2019-02-27
ALB,2019-12-31,533228000.0,3932250000.0,2020-02-26,9860863000.0,3589427000.0,2020-02-26,2020-02-26,2020-02-26
ALB,2020-12-31,375764000.0,4268227000.0,2021-02-19,10450946000.0,3128909000.0,2021-02-19,2021-02-19,2021-02-19
ALB,2021-12-31,123672000.0,5625266000.0,2022-02-22,10974118000.0,3327957000.0,2022-02-22,2022-02-22,2022-02-22
ALB,2022-12-31,2689816000.0,7982627000.0,2023-02-15,15456522000.0,7320104000.0,2023-02-15,2023-02-15,2023-02-15
ALB,2023-12-31,1573476000.0,9412180000.0,2024-02-15,18270652000.0,9617203000.0,2024-02-15,2024-02-15,2024-02-15
ALB,2024-12-31,-1179449000.0,9961517000.0,2025-02-12,16609649000.0,5377526000.0,2025-02-12,2025-02-12,2025-02-12
ALB,2025-12-31,-510628000.0,9533365000.0,2026-02-11,16374211000.0,5142733000.0,2026-02-11,2026-02-11,2026-02-11
ALGN,2007-12-31,,161154000.0,2011-02-24,,,,,
ALGN,2008-12-31,79987000.0,218540000.0,2011-02-24,,303976000.0,,2011-02-24,2011-02-24
ALGN,2009-12-31,-31269000.0,273036000.0,2011-02-24,355240000.0,312333000.0,2011-02-24,2011-02-24,2011-02-24
ALGN,2010-12-31,74253000.0,377747000.0,2011-02-24,476943000.0,387126000.0,2011-02-24,2011-02-24,2011-02-24
ALGN,2011-12-31,66716000.0,490781000.0,2012-02-29,649264000.0,,2012-02-29,,2012-02-29
ALGN,2012-12-31,58691000.0,581317000.0,2013-03-01,756312000.0,,2013-03-01,,2013-03-01
ALGN,2013-12-31,64295000.0,633970000.0,2014-02-28,832147000.0,,2014-02-28,,2014-02-28
ALGN,2014-12-31,145832000.0,752771000.0,2015-02-26,987997000.0,,2015-02-26,,2015-02-26
ALGN,2015-12-31,144020000.0,847926000.0,2016-02-25,1158633000.0,,2016-02-25,,2016-02-25
ALGN,2016-12-31,189682000.0,995389000.0,2017-02-28,1396151000.0,,2017-02-28,,2017-02-28
ALGN,2017-12-31,231418000.0,1150370000.0,2018-02-28,1777856000.0,,2018-02-28,,2018-02-28
ALGN,2018-12-31,400235000.0,1252891000.0,2019-02-28,2052458000.0,,2019-02-28,,2019-02-28
ALGN,2019-12-31,442776000.0,1346169000.0,2020-02-28,2500702000.0,,2020-02-28,,2020-02-28
ALGN,2020-12-31,1775888000.0,3233865000.0,2021-02-26,4829683000.0,,2021-02-26,,2021-02-26
ALGN,2021-12-31,772020000.0,3622714000.0,2022-02-25,5942110000.0,,2022-02-25,,2022-02-25
ALGN,2022-12-31,361573000.0,3601358000.0,2023-02-27,5947947000.0,,2023-02-27,,2023-02-27
ALGN,2023-12-31,445053000.0,3630489000.0,2024-02-28,6083877000.0,,2024-02-28,,2024-02-28
ALGN,2024-12-31,421362000.0,3851985000.0,2025-02-28,6214600000.0,,2025-02-28,,2025-02-28
ALGN,2025-12-31,410351000.0,4049147000.0,2026-02-27,6233693000.0,,2026-02-27,,2026-02-27
ALK,2007-12-31,,1025400000.0,2011-02-23,,,,,
ALK,2008-12-31,-135900000.0,661900000.0,2011-02-23,,,,,2011-02-23
ALK,2009-12-31,121600000.0,872100000.0,2011-02-23,4996200000.0,,2011-02-23,,2011-02-23
ALK,2010-12-31,251100000.0,1105400000.0,2011-02-23,5016600000.0,,2011-02-23,,2011-02-23
ALK,2011-12-31,244500000.0,1173200000.0,2012-02-21,5195000000.0,0.0,2012-02-21,2014-02-13,2012-02-21
ALK,2012-12-31,316000000.0,1421000000.0,2013-02-14,5505000000.0,0.0,2013-02-14,2014-02-13,2013-02-14
ALK,2013-12-31,508000000.0,2029000000.0,2014-02-13,5838000000.0,0.0,2014-02-13,2014-02-13,2014-02-13
ALK,2014-12-31,605000000.0,2127000000.0,2015-02-11,6181000000.0,0.0,2015-02-11,2015-02-11,2015-02-11
ALK,2015-12-31,848000000.0,2411000000.0,2016-02-11,6533000000.0,0.0,2016-02-11,2016-02-11,2016-02-11
ALK,2016-12-31,814000000.0,2931000000.0,2017-02-28,9962000000.0,0.0,2017-02-28,2017-02-28,2017-02-28
ALK,2017-12-31,1034000000.0,3721000000.0,2018-02-15,10740000000.0,0.0,2018-02-15,2018-02-15,2018-02-15
ALK,2018-12-31,437000000.0,3751000000.0,2019-02-15,10912000000.0,8264000000.0,2019-02-15,2019-02-15,2019-02-15
ALK,2019-12-31,769000000.0,4331000000.0,2020-02-12,12993000000.0,8781000000.0,2020-02-12,2020-02-12,2020-02-12
ALK,2020-12-31,-1324000000.0,2988000000.0,2021-02-26,14046000000.0,3566000000.0,2021-02-26,2021-02-26,2021-02-26
ALK,2021-12-31,478000000.0,3801000000.0,2022-02-11,13951000000.0,6176000000.0,2022-02-11,2022-02-11,2022-02-11
ALK,2022-12-31,58000000.0,3816000000.0,2023-02-13,14186000000.0,9646000000.0,2023-02-13,2023-02-13,2023-02-13
ALK,2023-12-31,235000000.0,4113000000.0,2024-02-14,14613000000.0,10426000000.0,2024-02-14,2024-02-14,2024-02-14
ALK,2024-12-31,395000000.0,4372000000.0,2025-02-14,19768000000.0,,2025-02-14,,2025-02-14
ALK,2025-12-31,100000000.0,4118000000.0,2026-02-12,20361000000.0,,2026-02-12,,2026-02-12
ALL,2007-12-31,,,,,36769000000.0,,2010-02-25,
ALL,2008-12-31,,12641000000.0,2010-02-25,134798000000.0,29394000000.0,2010-02-25,2010-02-25,
ALL,2009-12-31,854000000.0,16692000000.0,2010-02-25,132652000000.0,32013000000.0,2010-02-25,2010-02-25,2012-02-22
ALL,2010-12-31,928000000.0,19016000000.0,2011-02-24,130874000000.0,31400000000.0,2011-02-24,2011-02-24,2012-02-22
ALL,2011-12-31,788000000.0,18674000000.0,2012-02-22,125563000000.0,32654000000.0,2012-02-22,2012-02-22,2012-02-22
ALL,2012-12-31,2306000000.0,20580000000.0,2013-02-20,126947000000.0,33315000000.0,2013-02-20,2013-02-20,2013-02-20
ALL,2013-12-31,2280000000.0,21480000000.0,2014-02-20,123520000000.0,34507000000.0,2014-02-20,2014-02-20,2014-02-20
ALL,2014-12-31,2850000000.0,22304000000.0,2015-02-19,108533000000.0,35239000000.0,2015-02-19,2015-02-19,2015-02-19
ALL,2015-12-31,2171000000.0,20025000000.0,2016-02-19,104656000000.0,35653000000.0,2016-02-19,2016-02-19,2016-02-19
ALL,2016-12-31,1877000000.0,20573000000.0,2017-02-17,108610000000.0,36534000000.0,2017-02-17,2017-02-17,2017-02-17
ALL,2017-12-31,3189000000.0,22551000000.0,2018-02-26,112422000000.0,38524000000.0,2018-02-26,2018-02-26,2018-02-26
ALL,2018-12-31,2252000000.0,21312000000.0,2019-02-15,112249000000.0,39815000000.0,2019-02-15,2019-02-15,2019-02-15
ALL,2019-12-31,4847000000.0,25998000000.0,2020-02-21,119950000000.0,44675000000.0,2020-02-21,2020-02-21,2020-02-21
ALL,2020-12-31,5576000000.0,30217000000.0,2021-02-22,125987000000.0,44791000000.0,2021-02-22,2021-02-22,2021-02-22
ALL,2021-12-31,1599000000.0,25179000000.0,2022-02-18,99440000000.0,50588000000.0,2022-02-18,2022-02-18,2022-02-18
ALL,2022-12-31,-1311000000.0,17475000000.0,2023-02-16,97957000000.0,51412000000.0,2023-02-16,2023-02-16,2023-02-16
ALL,2023-12-31,-188000000.0,17770000000.0,2024-02-21,103362000000.0,57094000000.0,2024-02-21,2024-02-21,2024-02-21
ALL,2024-12-31,4667000000.0,21442000000.0,2025-02-24,111617000000.0,64106000000.0,2025-02-24,2025-02-24,2025-02-24
ALL,2025-12-31,10282000000.0,30610000000.0,2026-02-20,119758000000.0,67685000000.0,2026-02-20,2026-02-20,2026-02-20
ALLE,2012-12-31,220100000.0,,,,,,,2015-02-27
ALLE,2013-12-31,32300000.0,-66100000.0,2015-02-27,2000600000.0,,2015-02-27,,2015-02-27
ALLE,2014-12-31,175200000.0,-4800000.0,2015-02-27,2015900000.0,,2015-02-27,,2015-02-27
ALLE,2015-12-31,153900000.0,25600000.0,2016-02-26,2285300000.0,2068100000.0,2016-02-26,2018-02-20,2016-02-26
ALLE,2016-12-31,229100000.0,113300000.0,2017-02-17,2247400000.0,2238000000.0,2017-02-17,2018-02-20,2017-02-17
ALLE,2017-12-31,273300000.0,401600000.0,2018-02-20,2542000000.0,2408200000.0,2018-02-20,2018-02-20,2018-02-20
ALLE,2018-12-31,434900000.0,651000000.0,2019-02-19,2810200000.0,,2019-02-19,,2019-02-19
ALLE,2019-12-31,401800000.0,757400000.0,2020-02-18,2967200000.0,,2020-02-18,,2020-02-18
ALLE,2020-12-31,314300000.0,829400000.0,2021-02-16,3069400000.0,,2021-02-16,,2021-02-16
ALLE,2021-12-31,483000000.0,759100000.0,2022-02-15,3051000000.0,,2022-02-15,,2022-02-15
ALLE,2022-12-31,458000000.0,941800000.0,2023-02-22,3991200000.0,,2023-02-22,,2023-02-22
ALLE,2023-12-31,540400000.0,1318300000.0,2024-02-20,4311500000.0,,2024-02-20,,2024-02-20
ALLE,2024-12-31,597500000.0,,,4487800000.0,,2025-02-18,,2025-02-18
ALLE,2025-12-31,643800000.0,,,5223700000.0,,2026-02-17,,2026-02-17
AM,2015-12-31,781000.0,,,,1264000.0,,2018-02-13,2018-02-13
AM,2016-12-31,9711000.0,,,17369000.0,16944000.0,2018-02-13,2018-02-13,2018-02-13
AM,2017-12-31,2325000.0,,,29759000.0,69720000.0,2018-02-13,2018-02-13,2018-02-13
AM,2018-12-31,,,,47705000.0,142906000.0,2019-02-13,2019-02-13,
AM,2019-12-31,,3143414000.0,2020-02-12,6282878000.0,792588000.0,2020-02-12,2020-02-12,
AM,2020-12-31,,2418286000.0,2021-02-17,5610912000.0,900719000.0,2021-02-17,2021-02-17,
AM,2021-12-31,,2286698000.0,2022-02-16,5544001000.0,898202000.0,2022-02-16,2022-02-16,
AM,2022-12-31,,2192318000.0,2023-02-15,5791320000.0,919985000.0,2023-02-15,2023-02-15,
AM,2023-12-31,,2151731000.0,2024-02-14,5737618000.0,1041771000.0,2024-02-14,2024-02-14,
AM,2024-12-31,,2115171000.0,2025-02-12,5761748000.0,1106193000.0,2025-02-12,2025-02-12,
AM,2025-12-31,,1972041000.0,2026-02-11,5884116000.0,1188426000.0,2026-02-11,2026-02-11,
AMAT,2007-10-28,1710196000.0,7821409000.0,2010-12-10,,,,,2009-12-11
AMAT,2008-10-26,960746000.0,7548958000.0,2009-12-11,11006318000.0,,2009-12-11,,2009-12-11
AMAT,2009-10-25,-305327000.0,7094608000.0,2009-12-11,9574243000.0,,2009-12-11,,2009-12-11
AMAT,2010-10-31,937866000.0,7536113000.0,2010-12-10,10943345000.0,,2010-12-10,,2010-12-10
AMAT,2011-10-30,1926000000.0,8800000000.0,2011-12-06,13861000000.0,,2011-12-06,,2011-12-06
AMAT,2012-10-28,109000000.0,7235000000.0,2012-12-05,12102000000.0,,2012-12-05,,2012-12-05
AMAT,2013-10-27,256000000.0,7088000000.0,2013-12-04,12043000000.0,,2013-12-04,,2013-12-04
AMAT,2014-10-26,1072000000.0,7868000000.0,2014-12-17,13174000000.0,,2014-12-17,,2014-12-17
AMAT,2015-10-25,1377000000.0,7613000000.0,2015-12-09,15308000000.0,,2015-12-09,,2015-12-09
AMAT,2016-10-30,1721000000.0,7217000000.0,2016-12-15,14588000000.0,10825000000.0,2016-12-15,2018-12-13,2016-12-15
AMAT,2017-10-29,3434000000.0,9349000000.0,2017-12-15,19419000000.0,14537000000.0,2017-12-15,2018-12-13,2017-12-15
AMAT,2018-10-28,3313000000.0,6839000000.0,2018-12-13,17773000000.0,17253000000.0,2018-12-13,2018-12-13,2018-12-13
AMAT,2019-10-27,2706000000.0,8214000000.0,2019-12-13,19024000000.0,14608000000.0,2019-12-13,2019-12-13,2019-12-13
AMAT,2020-10-25,3619000000.0,10578000000.0,2020-12-11,22353000000.0,,2020-12-11,,2020-12-11
AMAT,2021-10-31,5888000000.0,12247000000.0,2021-12-17,25825000000.0,,2021-12-17,,2021-12-17
AMAT,2022-10-30,6525000000.0,12194000000.0,2022-12-16,26726000000.0,,2022-12-16,,2022-12-16
AMAT,2023-10-29,6856000000.0,16349000000.0,2023-12-15,30729000000.0,,2023-12-15,,2023-12-15
AMAT,2024-10-27,7177000000.0,19001000000.0,2024-12-13,34409000000.0,,2024-12-13,,2024-12-13
AMAT,2025-10-26,6998000000.0,20415000000.0,2025-12-12,36299000000.0,,2025-12-12,,2025-12-12
AMCR,2017-06-30,564000000.0,,,,9101000000.0,,2019-09-03,2019-09-03
AMCR,2018-06-30,575200000.0,626600000.0,2019-09-03,9057500000.0,9319100000.0,2019-09-03,2019-09-03,2019-09-03
AMCR,2019-06-30,430200000.0,5609000000.0,2019-09-03,17165000000.0,9458200000.0,2019-09-03,2019-09-03,2019-09-03
AMCR,2020-06-30,612200000.0,4625900000.0,2020-08-27,16442100000.0,12467500000.0,2020-08-27,2020-08-27,2020-08-27
AMCR,2021-06-30,939000000.0,4764000000.0,2021-08-24,17188000000.0,,2021-08-24,,2021-08-24
AMCR,2022-06-30,805000000.0,4082000000.0,2022-08-18,17426000000.0,,2022-08-18,,2022-08-18
AMCR,2023-06-30,1048000000.0,4026000000.0,2023-08-17,17003000000.0,,2023-08-17,,2023-08-17
AMCR,2024-06-30,730000000.0,3881000000.0,2024-08-16,16524000000.0,13640000000.0,2024-08-16,2025-08-15,2024-08-16
AMCR,2025-06-30,511000000.0,11728000000.0,2025-08-15,37066000000.0,,2025-08-15,,2025-08-15
AMCR,2026-06-30,1106000000.0,11790000000.0,2026-08-14,37095000000.0,,2026-08-14,,2026-08-14
AMD,2007-12-29,,3230000000.0,2011-02-18,,,,,
AMD,2008-12-27,,127000000.0,2011-02-18,,,,,
AMD,2009-12-26,,648000000.0,2011-02-18,9078000000.0,,2011-02-18,,
AMD,2010-12-25,471000000.0,1013000000.0,2011-02-18,4964000000.0,6494000000.0,2011-02-18,2013-02-21,2013-02-21
AMD,2011-12-31,491000000.0,1590000000.0,2012-02-24,4954000000.0,6568000000.0,2012-02-24,2013-02-21,2013-02-21
AMD,2012-12-29,-1183000000.0,538000000.0,2013-02-21,4000000000.0,5422000000.0,2013-02-21,2013-02-21,2013-02-21
AMD,2013-12-28,-83000000.0,544000000.0,2014-02-18,4337000000.0,5299000000.0,2014-02-18,2014-02-18,2014-02-18
AMD,2014-12-27,-403000000.0,187000000.0,2015-02-19,3767000000.0,5506000000.0,2015-02-19,2015-02-19,2015-02-19
AMD,2015-12-26,-660000000.0,-412000000.0,2016-02-18,3109000000.0,3991000000.0,2016-02-18,2016-02-18,2016-02-18
AMD,2016-12-31,-497000000.0,416000000.0,2017-02-21,3321000000.0,4272000000.0,2017-02-21,2017-02-21,2017-02-21
AMD,2017-12-30,43000000.0,611000000.0,2018-02-27,3540000000.0,5329000000.0,2018-02-27,2018-02-27,2018-02-27
AMD,2018-12-29,337000000.0,1266000000.0,2019-02-08,4556000000.0,,2019-02-08,,2019-02-08
AMD,2019-12-28,341000000.0,2827000000.0,2020-02-04,6028000000.0,,2020-02-04,,2020-02-04
AMD,2020-12-26,2490000000.0,5837000000.0,2021-01-29,8962000000.0,,2021-01-29,,2021-01-29
AMD,2021-12-25,3162000000.0,7497000000.0,2022-02-03,12419000000.0,,2022-02-03,,2022-02-03
AMD,2022-12-31,1320000000.0,54750000000.0,2023-02-27,67580000000.0,,2023-02-27,,2023-02-27
AMD,2023-12-30,854000000.0,55892000000.0,2024-01-31,67885000000.0,,2024-01-31,,2024-01-31
AMD,2024-12-28,1641000000.0,57568000000.0,2025-02-05,69226000000.0,,2025-02-05,,2025-02-05
AMD,2025-12-27,4335000000.0,62999000000.0,2026-02-04,76926000000.0,,2026-02-04,,2026-02-04
AME,2007-12-31,228020000.0,1240707000.0,2010-02-25,,2136850000.0,,2010-02-25,2010-02-25
AME,2008-12-31,246952000.0,1287772000.0,2010-02-25,3055542000.0,2531135000.0,2010-02-25,2010-02-25,2010-02-25
AME,2009-12-31,205770000.0,1567024000.0,2010-02-25,3246032000.0,2098355000.0,2010-02-25,2010-02-25,2010-02-25
AME,2010-12-31,283932000.0,1775204000.0,2011-02-24,3818915000.0,2470952000.0,2011-02-24,2011-02-24,2011-02-24
AME,2011-12-31,384464000.0,2052805000.0,2012-02-23,4319490000.0,2989914000.0,2012-02-23,2012-02-23,2012-02-23
AME,2012-12-31,459132000.0,2535151000.0,2013-02-21,5190056000.0,3334213000.0,2013-02-21,2013-02-21,2013-02-21
AME,2013-12-31,516999000.0,3136121000.0,2014-02-26,5877902000.0,3594136000.0,2014-02-26,2014-02-26,2014-02-26
AME,2014-12-31,584460000.0,3239561000.0,2015-02-24,6420963000.0,4021964000.0,2015-02-24,2015-02-24,2015-02-24
AME,2015-12-31,590859000.0,3254626000.0,2016-02-25,6664530000.0,3974295000.0,2016-02-25,2016-02-25,2016-02-25
AME,2016-12-31,512158000.0,3256513000.0,2017-02-23,7100674000.0,3840087000.0,2017-02-23,2017-02-23,2017-02-23
AME,2017-12-31,681470000.0,4027633000.0,2018-02-22,7796064000.0,4300170000.0,2018-02-22,2018-02-22,2018-02-22
AME,2018-12-31,777933000.0,4241922000.0,2019-02-21,8662288000.0,,2019-02-21,,2019-02-21
AME,2019-12-31,861297000.0,5115492000.0,2020-02-20,9844559000.0,,2020-02-20,,2020-02-20
AME,2020-12-31,872439000.0,5949346000.0,2021-02-18,10357483000.0,,2021-02-18,,2021-02-18
AME,2021-12-31,990053000.0,6871884000.0,2022-02-22,11898187000.0,,2022-02-22,,2022-02-22
AME,2022-12-31,1159542000.0,7476512000.0,2023-02-21,12431120000.0,,2023-02-21,,2023-02-21
AME,2023-12-31,1313188000.0,8730191000.0,2024-02-22,15023533000.0,,2024-02-22,,2024-02-22
AME,2024-12-31,1376124000.0,9655304000.0,2025-02-20,14631169000.0,,2025-02-20,,2025-02-20
AME,2025-12-31,1480142000.0,10628786000.0,2026-02-17,16067543000.0,,2026-02-17,,2026-02-17
AMG,2008-12-31,-1325000.0,,,,,,,2011-03-01
AMG,2009-12-31,59473000.0,1109690000.0,2011-03-01,3390906000.0,,2011-03-01,,2011-03-01
AMG,2010-12-31,138633000.0,1799963000.0,2011-03-01,5291215000.0,,2011-03-01,,2011-03-01
AMG,2011-12-31,164900000.0,1866000000.0,2012-02-23,5218900000.0,,2012-02-23,,2012-02-23
AMG,2012-12-31,174000000.0,2084200000.0,2013-02-22,6187100000.0,,2013-02-22,,2013-02-22
AMG,2013-12-31,360500000.0,2134200000.0,2014-02-27,6318800000.0,,2014-02-27,,2014-02-27
AMG,2014-12-31,452100000.0,2627000000.0,2015-02-23,7698100000.0,,2015-02-23,,2015-02-23
AMG,2015-12-31,516000000.0,2837100000.0,2016-02-25,7784800000.0,,2016-02-25,,2016-02-25
AMG,2016-12-31,472800000.0,3619600000.0,2017-02-24,8749100000.0,2194600000.0,2017-02-24,2019-02-22,2017-02-24
AMG,2017-12-31,689500000.0,3822200000.0,2018-02-23,8702100000.0,2305000000.0,2018-02-23,2019-02-22,2018-02-23
AMG,2018-12-31,243600000.0,3457400000.0,2019-02-22,8219100000.0,2378400000.0,2019-02-22,2019-02-22,2019-02-22
AMG,2019-12-31,15700000.0,2937500000.0,2020-02-28,7653500000.0,2239600000.0,2020-02-28,2020-02-28,2020-02-28
AMG,2020-12-31,202200000.0,2779700000.0,2021-02-19,7888900000.0,2027500000.0,2021-02-19,2021-02-19,2021-02-19
AMG,2021-12-31,565700000.0,2786400000.0,2022-02-18,8876400000.0,2412400000.0,2022-02-18,2022-02-18,2022-02-18
AMG,2022-12-31,1145900000.0,3230300000.0,2023-02-17,8881000000.0,2329600000.0,2023-02-17,2023-02-17,2023-02-17
AMG,2023-12-31,672900000.0,3587900000.0,2024-02-16,9059600000.0,2057800000.0,2024-02-16,2024-02-16,2024-02-16
AMG,2024-12-31,511600000.0,3345300000.0,2025-02-14,8830900000.0,2040900000.0,2025-02-14,2025-02-14,2025-02-14
AMG,2025-12-31,716600000.0,3238400000.0,2026-02-17,9207400000.0,2074400000.0,2026-02-17,2026-02-17,2026-02-17
AMGN,2006-12-31,,19841000000.0,2010-03-01,,,,,
AMGN,2007-12-31,3078000000.0,18512000000.0,2010-03-01,,14771000000.0,,2010-03-01,2010-03-01
AMGN,2008-12-31,4052000000.0,20885000000.0,2010-03-01,36427000000.0,15003000000.0,2010-03-01,2010-03-01,2010-03-01
AMGN,2009-12-31,4605000000.0,22667000000.0,2010-03-01,39629000000.0,14642000000.0,2010-03-01,2010-03-01,2010-03-01
AMGN,2010-12-31,4627000000.0,23944000000.0,2011-02-25,43486000000.0,15053000000.0,2011-02-25,2011-02-25,2011-02-25
AMGN,2011-12-31,3683000000.0,19029000000.0,2012-02-29,48871000000.0,15582000000.0,2012-02-29,2012-02-29,2012-02-29
AMGN,2012-12-31,4345000000.0,19060000000.0,2013-02-27,54298000000.0,17265000000.0,2013-02-27,2013-02-27,2013-02-27
AMGN,2013-12-31,5081000000.0,22096000000.0,2014-02-24,66125000000.0,18676000000.0,2014-02-24,2014-02-24,2014-02-24
AMGN,2014-12-31,5158000000.0,25778000000.0,2015-02-19,69009000000.0,20063000000.0,2015-02-19,2015-02-19,2015-02-19
AMGN,2015-12-31,6939000000.0,28083000000.0,2016-02-16,71576000000.0,21662000000.0,2016-02-16,2016-02-16,2016-02-16
AMGN,2016-12-31,7722000000.0,29875000000.0,2017-02-14,77626000000.0,22991000000.0,2017-02-14,2017-02-14,2017-02-14
AMGN,2017-12-31,1979000000.0,25241000000.0,2018-02-13,79954000000.0,22849000000.0,2018-02-13,2018-02-13,2018-02-13
AMGN,2018-12-31,8394000000.0,12500000000.0,2019-02-13,66416000000.0,23747000000.0,2019-02-13,2019-02-13,2019-02-13
AMGN,2019-12-31,7842000000.0,9673000000.0,2020-02-12,59707000000.0,23362000000.0,2020-02-12,2020-02-12,2020-02-12
AMGN,2020-12-31,7264000000.0,9409000000.0,2021-02-09,62948000000.0,25424000000.0,2021-02-09,2021-02-09,2021-02-09
AMGN,2021-12-31,5893000000.0,6700000000.0,2022-02-16,61165000000.0,,2022-02-16,,2022-02-16
AMGN,2022-12-31,6552000000.0,3661000000.0,2023-02-09,65121000000.0,,2023-02-09,,2023-02-09
AMGN,2023-12-31,6717000000.0,6232000000.0,2024-02-14,97154000000.0,,2024-02-14,,2024-02-14
AMGN,2024-12-31,4090000000.0,5877000000.0,2025-02-14,91839000000.0,,2025-02-14,,2025-02-14
AMGN,2025-12-31,7711000000.0,8658000000.0,2026-02-13,90586000000.0,,2026-02-13,,2026-02-13
AMP,2007-12-31,814000000.0,,,,8755000000.0,,2010-02-24,2010-02-24
AMP,2008-12-31,-38000000.0,6178000000.0,2010-02-24,95577000000.0,7095000000.0,2010-02-24,2010-02-24,2010-02-24
AMP,2009-12-31,722000000.0,9273000000.0,2010-02-24,113774000000.0,7946000000.0,2010-02-24,2010-02-24,2010-02-24
AMP,2010-12-31,1097000000.0,10725000000.0,2011-02-28,131192000000.0,10046000000.0,2011-02-28,2011-02-28,2011-02-28
AMP,2011-12-31,,10255000000.0,2012-02-24,133986000000.0,10239000000.0,2012-02-24,2012-02-24,
AMP,2012-12-31,1029000000.0,9092000000.0,2013-02-27,134729000000.0,10259000000.0,2013-02-27,2013-02-27,2015-02-24
AMP,2013-12-31,1334000000.0,8192000000.0,2014-02-27,144576000000.0,11230000000.0,2014-02-27,2014-02-27,2015-02-24
AMP,2014-12-31,1619000000.0,8124000000.0,2015-02-24,148810000000.0,12296000000.0,2015-02-24,2015-02-24,2015-02-24
AMP,2015-12-31,1562000000.0,7217000000.0,2016-02-25,145342000000.0,12200000000.0,2016-02-25,2016-02-25,2016-02-25
AMP,2016-12-31,1314000000.0,6292000000.0,2017-02-23,139821000000.0,11735000000.0,2017-02-23,2017-02-23,2017-02-23
AMP,2017-12-31,1480000000.0,5995000000.0,2020-02-26,147470000000.0,12075000000.0,2018-02-23,2018-02-23,2018-02-23
AMP,2018-12-31,2098000000.0,5588000000.0,2020-02-26,137216000000.0,12924000000.0,2019-02-27,2019-02-27,2019-02-27
AMP,2019-12-31,1893000000.0,5729000000.0,2020-02-26,151828000000.0,13103000000.0,2020-02-26,2020-02-26,2020-02-26
AMP,2020-12-31,1534000000.0,5867000000.0,2021-02-24,165883000000.0,11958000000.0,2021-02-24,2021-02-24,2021-02-24
AMP,2021-12-31,2760000000.0,5685000000.0,2022-02-25,175979000000.0,13443000000.0,2022-02-25,2022-02-25,2022-02-25
AMP,2022-12-31,2559000000.0,3613000000.0,2023-02-23,158468000000.0,14347000000.0,2023-02-23,2023-02-23,2023-02-23
AMP,2023-12-31,2556000000.0,4729000000.0,2024-02-22,175191000000.0,16096000000.0,2024-02-22,2024-02-22,2024-02-22
AMP,2024-12-31,3401000000.0,5228000000.0,2025-02-20,181403000000.0,17926000000.0,2025-02-20,2025-02-20,2025-02-20
AMP,2025-12-31,3563000000.0,6549000000.0,2026-02-19,190904000000.0,18911000000.0,2026-02-19,2026-02-19,2026-02-19
AMT,2007-12-31,56316000.0,,,,,,,2010-03-01
AMT,2008-12-31,347246000.0,2991322000.0,2010-03-01,8211665000.0,,2010-03-01,,2010-03-01
AMT,2009-12-31,246595000.0,3315082000.0,2010-03-01,8512668000.0,,2010-03-01,,2010-03-01
AMT,2010-12-31,372936000.0,3501444000.0,2011-02-28,10368014000.0,,2011-02-28,,2011-02-28
AMT,2011-12-31,396462000.0,3287220000.0,2012-02-29,12232430000.0,,2012-02-29,,2012-02-29
AMT,2012-12-31,637283000.0,3573101000.0,2013-02-27,14089129000.0,,2013-02-27,,2013-02-27
AMT,2013-12-31,551333000.0,3534165000.0,2014-02-26,20272571000.0,,2014-02-26,,2014-02-26
AMT,2014-12-31,824910000.0,3953560000.0,2015-02-24,21331545000.0,,2015-02-24,,2015-02-24
AMT,2015-12-31,685074000.0,6651679000.0,2016-02-26,26904272000.0,,2016-02-26,,2016-02-26
AMT,2016-12-31,956425000.0,6763895000.0,2017-02-27,30879150000.0,5785700000.0,2017-02-27,2019-02-27,2017-02-27
AMT,2017-12-31,1238900000.0,6241500000.0,2018-02-28,33214300000.0,6663900000.0,2018-02-28,2019-02-27,2018-02-28
AMT,2018-12-31,1236400000.0,5336100000.0,2019-02-27,33010400000.0,7440100000.0,2019-02-27,2019-02-27,2019-02-27
AMT,2019-12-31,1887800000.0,5055400000.0,2020-02-25,42801600000.0,7580300000.0,2020-02-25,2020-02-25,2020-02-25
AMT,2020-12-31,1690600000.0,4093500000.0,2021-02-25,47233500000.0,8041500000.0,2021-02-25,2021-02-25,2021-02-25
AMT,2021-12-31,,5081200000.0,2022-02-25,69887900000.0,9356900000.0,2022-02-25,2022-02-25,
AMT,2022-12-31,,5572400000.0,2023-02-23,67194500000.0,10711100000.0,2023-02-23,2023-02-23,
AMT,2023-12-31,,4198200000.0,2024-02-27,66027600000.0,11144200000.0,2024-02-27,2024-02-27,
AMT,2024-12-31,,3382200000.0,2025-02-25,61077400000.0,10127200000.0,2025-02-25,2025-02-25,
AMT,2025-12-31,,3652500000.0,2026-02-24,63190400000.0,10644600000.0,2026-02-24,2026-02-24,
AMZN,2006-12-31,,431000000.0,2010-01-29,,,,,
AMZN,2007-12-31,476000000.0,1197000000.0,2010-01-29,,14835000000.0,,2010-01-29,2010-01-29
AMZN,2008-12-31,645000000.0,2672000000.0,2010-01-29,8314000000.0,19166000000.0,2010-01-29,2010-01-29,2010-01-29
AMZN,2009-12-31,902000000.0,5257000000.0,2010-01-29,13813000000.0,24509000000.0,2010-01-29,2010-01-29,2010-01-29
AMZN,2010-12-31,1152000000.0,6864000000.0,2011-01-28,18797000000.0,34204000000.0,2011-01-28,2011-01-28,2011-01-28
AMZN,2011-12-31,631000000.0,7757000000.0,2012-02-01,25278000000.0,48077000000.0,2012-02-01,2012-02-01,2012-02-01
AMZN,2012-12-31,-39000000.0,8192000000.0,2013-01-30,32555000000.0,61093000000.0,2013-01-30,2013-01-30,2013-01-30
AMZN,2013-12-31,274000000.0,9746000000.0,2014-01-31,40159000000.0,74452000000.0,2014-01-31,2014-01-31,2014-01-31
AMZN,2014-12-31,-241000000.0,10741000000.0,2015-01-30,54505000000.0,88988000000.0,2015-01-30,2015-01-30,2015-01-30
AMZN,2015-12-31,596000000.0,13384000000.0,2016-01-29,65444000000.0,107006000000.0,2016-01-29,2016-01-29,2016-01-29
AMZN,2016-12-31,2371000000.0,19285000000.0,2017-02-10,83402000000.0,135987000000.0,2017-02-10,2017-02-10,2017-02-10
AMZN,2017-12-31,3033000000.0,27709000000.0,2018-02-02,131310000000.0,177866000000.0,2018-02-02,2018-02-02,2018-02-02
AMZN,2018-12-31,10073000000.0,43549000000.0,2019-02-01,162648000000.0,,2019-02-01,,2019-02-01
AMZN,2019-12-31,11588000000.0,62060000000.0,2020-01-31,225248000000.0,,2020-01-31,,2020-01-31
AMZN,2020-12-31,21331000000.0,93404000000.0,2021-02-03,321195000000.0,,2021-02-03,,2021-02-03
AMZN,2021-12-31,33364000000.0,138245000000.0,2022-02-04,420549000000.0,,2022-02-04,,2022-02-04
AMZN,2022-12-31,-2722000000.0,146043000000.0,2023-02-03,462675000000.0,,2023-02-03,,2023-02-03
AMZN,2023-12-31,30425000000.0,201875000000.0,2024-02-02,527854000000.0,,2024-02-02,,2024-02-02
AMZN,2024-12-31,59248000000.0,285970000000.0,2025-02-07,624894000000.0,,2025-02-07,,2025-02-07
AMZN,2025-12-31,77670000000.0,411065000000.0,2026-02-06,818042000000.0,,2026-02-06,,2026-02-06
AN,2008-12-31,-1243100000.0,,,,13238700000.0,,2011-02-15,2011-02-15
AN,2009-12-31,198000000.0,2303200000.0,2011-02-15,5407300000.0,10666000000.0,2011-02-15,2011-02-15,2011-02-15
AN,2010-12-31,226600000.0,2078900000.0,2011-02-15,5974200000.0,12461000000.0,2011-02-15,2011-02-15,2011-02-15
AN,2011-12-31,281400000.0,1894600000.0,2012-02-13,6198800000.0,13832300000.0,2012-02-13,2012-02-13,2012-02-13
AN,2012-12-31,316400000.0,1688500000.0,2013-02-15,7203000000.0,15668800000.0,2013-02-15,2013-02-15,2013-02-15
AN,2013-12-31,374900000.0,2061700000.0,2014-02-13,7914100000.0,17517600000.0,2014-02-13,2014-02-13,2014-02-13
AN,2014-12-31,418700000.0,2072100000.0,2015-02-11,8399700000.0,19108800000.0,2015-02-11,2015-02-11,2015-02-11
AN,2015-12-31,442600000.0,2349300000.0,2016-02-11,9558300000.0,20862000000.0,2016-02-11,2016-02-11,2016-02-11
AN,2016-12-31,430500000.0,2310300000.0,2017-02-09,10060000000.0,21609000000.0,2017-02-09,2017-02-09,2017-02-09
AN,2017-12-31,434600000.0,2369300000.0,2018-02-15,10271500000.0,21534600000.0,2018-02-15,2018-02-15,2018-02-15
AN,2018-12-31,396000000.0,2716000000.0,2019-02-22,10665100000.0,21412800000.0,2019-02-22,2019-02-22,2019-02-22
AN,2019-12-31,450000000.0,3162100000.0,2020-02-18,10543300000.0,21335700000.0,2020-02-18,2020-02-18,2020-02-18
AN,2020-12-31,381600000.0,3235700000.0,2021-02-16,9887200000.0,20390000000.0,2021-02-16,2021-02-16,2021-02-16
AN,2021-12-31,1373000000.0,2377000000.0,2022-02-17,8943600000.0,25844000000.0,2022-02-17,2022-02-17,2022-02-17
AN,2022-12-31,1377400000.0,2047800000.0,2023-02-17,10059700000.0,26985000000.0,2023-02-17,2023-02-17,2023-02-17
AN,2023-12-31,1021100000.0,2211400000.0,2024-02-16,11980000000.0,26948900000.0,2024-02-16,2024-02-16,2024-02-16
AN,2024-12-31,692200000.0,2457300000.0,2025-02-14,13001700000.0,26765400000.0,2025-02-14,2025-02-14,2025-02-14
AN,2025-12-31,649100000.0,2341100000.0,2026-02-12,14392200000.0,27631400000.0,2026-02-12,2026-02-12,2026-02-12
ANET,2011-12-31,,-8194000.0,2015-03-12,,,,,
ANET,2012-12-31,21349000.0,18910000.0,2015-03-12,,193408000.0,,2015-03-12,2015-03-12
ANET,2013-12-31,42460000.0,77732000.0,2015-03-12,364520000.0,361224000.0,2015-03-12,2015-03-12,2015-03-12
ANET,2014-12-31,86850000.0,555658000.0,2015-03-12,811023000.0,584106000.0,2015-03-12,2015-03-12,2015-03-12
ANET,2015-12-31,121102000.0,788152000.0,2016-02-25,1159890000.0,837591000.0,2016-02-25,2016-02-25,2016-02-25
ANET,2016-12-31,184189000.0,1107820000.0,2017-02-17,1729007000.0,1129167000.0,2017-02-17,2017-02-17,2017-02-17
ANET,2017-12-31,423201000.0,1661914000.0,2018-02-20,2460860000.0,1646186000.0,2018-02-20,2018-02-20,2018-02-20
ANET,2018-12-31,328115000.0,2143389000.0,2019-02-15,3081983000.0,,2019-02-15,,2019-02-15
ANET,2019-12-31,859867000.0,2894686000.0,2020-02-14,4185290000.0,,2020-02-14,,2020-02-14
ANET,2020-12-31,634557000.0,3320291000.0,2021-02-19,4738919000.0,,2021-02-19,,2021-02-19
ANET,2021-12-31,840854000.0,3978600000.0,2022-02-15,5734429000.0,,2022-02-15,,2022-02-15
ANET,2022-12-31,1352446000.0,4885820000.0,2023-02-14,6775410000.0,,2023-02-14,,2023-02-14
ANET,2023-12-31,2087321000.0,7219059000.0,2024-02-13,9946806000.0,,2024-02-13,,2024-02-13
ANET,2024-12-31,2852054000.0,9994807000.0,2025-02-19,14043921000.0,,2025-02-19,,2025-02-19
ANET,2025-12-31,3511400000.0,12370500000.0,2026-02-17,19448600000.0,,2026-02-17,,2026-02-17
ANF,2008-02-02,,1618313000.0,2011-03-29,,,,,
ANF,2009-01-31,,1845578000.0,2011-03-29,,,,,
ANF,2010-01-30,,1827917000.0,2011-03-29,2821866000.0,,2011-03-29,,
ANF,2011-01-29,,1890784000.0,2011-03-29,2947902000.0,,2011-03-29,,
ANF,2012-01-28,,1862456000.0,2012-03-27,3048153000.0,,2012-03-27,,
ANF,2013-02-02,,1818268000.0,2013-04-02,2987401000.0,,2013-04-02,,
ANF,2014-02-01,54628000.0,1729493000.0,2014-03-31,2850997000.0,,2014-03-31,,2016-03-28
ANF,2015-01-31,51821000.0,1389701000.0,2015-03-30,2505167000.0,,2015-03-30,,2016-03-28
ANF,2016-01-30,35576000.0,1291063000.0,2016-03-28,2433039000.0,,2016-03-28,,2016-03-28
ANF,2017-01-28,3956000.0,1243435000.0,2017-03-27,2295757000.0,,2017-03-27,,2017-03-27
ANF,2018-02-03,7094000.0,1242379000.0,2018-04-02,2325692000.0,3492690000.0,2018-04-02,2020-03-31,2018-04-02
ANF,2019-02-02,74541000.0,1208900000.0,2019-04-01,2385593000.0,3590109000.0,2019-04-01,2020-03-31,2020-03-31
ANF,2019-02-03,,1133735000.0,2020-03-31,3557727000.0,,2020-03-31,,
ANF,2020-02-01,39358000.0,1058810000.0,2020-03-31,3549665000.0,3623073000.0,2020-03-31,2020-03-31,2021-03-29
ANF,2021-01-30,-114021000.0,936628000.0,2021-03-29,3314902000.0,3125384000.0,2021-03-29,2021-03-29,2022-03-28
ANF,2022-01-29,263010000.0,826090000.0,2022-03-28,2939491000.0,3712768000.0,2022-03-28,2022-03-28,2024-04-01
ANF,2023-01-28,2816000.0,694841000.0,2023-03-27,2713100000.0,3697751000.0,2023-03-27,2023-03-27,2024-04-01
ANF,2024-02-03,328123000.0,1035160000.0,2024-04-01,2974233000.0,4280677000.0,2024-04-01,2024-04-01,2024-04-01
ANF,2025-02-01,566223000.0,1335628000.0,2025-03-31,3299887000.0,4948587000.0,2025-03-31,2025-03-31,2025-03-31
ANF,2026-01-31,506921000.0,1403895000.0,2026-03-26,3541874000.0,5266292000.0,2026-03-26,2026-03-26,2026-03-26
AON,2007-12-31,864000000.0,,,,7234000000.0,,2010-02-26,2010-02-26
AON,2008-12-31,1462000000.0,5310000000.0,2010-02-26,22940000000.0,7528000000.0,2010-02-26,2010-02-26,2010-02-26
AON,2009-12-31,747000000.0,5379000000.0,2010-02-26,22958000000.0,7595000000.0,2010-02-26,2010-02-26,2010-02-26
AON,2010-12-31,706000000.0,8251000000.0,2011-02-25,28982000000.0,8512000000.0,2011-02-25,2011-02-25,2011-02-25
AON,2011-12-31,,8078000000.0,2012-02-24,29552000000.0,11287000000.0,2012-02-24,2012-02-24,
AON,2012-12-31,,7762000000.0,2013-02-22,30486000000.0,11514000000.0,2013-02-22,2013-02-22,
AON,2013-12-31,,8145000000.0,2014-02-18,30251000000.0,11815000000.0,2014-02-18,2014-02-18,
AON,2014-12-31,,6571000000.0,2015-02-24,29772000000.0,12045000000.0,2015-02-24,2015-02-24,
AON,2015-12-31,,6106000000.0,2016-02-22,27164000000.0,11682000000.0,2016-02-22,2016-02-22,
AON,2016-12-31,,5475000000.0,2017-02-23,26615000000.0,11627000000.0,2017-02-23,2017-02-23,
AON,2017-12-31,,4583000000.0,2018-02-20,26088000000.0,9998000000.0,2018-02-20,2018-02-20,
AON,2018-12-31,,4151000000.0,2019-02-19,26422000000.0,10770000000.0,2019-02-19,2019-02-19,
AON,2019-12-31,1532000000.0,3375000000.0,2020-02-14,29405000000.0,,2020-02-14,,2022-02-18
AON,2020-12-31,1969000000.0,3495000000.0,2021-02-19,32114000000.0,,2021-02-19,,2022-02-18
AON,2021-12-31,1255000000.0,1061000000.0,2022-02-18,31917000000.0,,2022-02-18,,2022-02-18
AON,2022-12-31,2589000000.0,-529000000.0,2023-02-17,32704000000.0,,2023-02-17,,2023-02-17
AON,2023-12-31,2564000000.0,-826000000.0,2024-02-16,33959000000.0,,2024-02-16,,2024-02-16
AON,2024-12-31,2654000000.0,6121000000.0,2025-02-18,48965000000.0,,2025-02-18,,2025-02-18
AON,2025-12-31,3695000000.0,9352000000.0,2026-02-13,50784000000.0,,2026-02-13,,2026-02-13
AOS,2008-12-31,21700000.0,,,,,,,2011-02-24
AOS,2009-12-31,81300000.0,,,1974500000.0,,2011-02-24,,2011-02-24
AOS,2010-12-31,111700000.0,,,2112000000.0,,2011-02-24,,2011-02-24
AOS,2011-12-31,305700000.0,,,2349000000.0,,2012-02-27,,2012-02-27
AOS,2012-12-31,158700000.0,,,2265200000.0,,2013-02-27,,2013-02-27
AOS,2013-12-31,169700000.0,1328700000.0,2015-02-18,2391500000.0,,2014-02-20,,2015-02-18
AOS,2014-12-31,207800000.0,1381300000.0,2015-02-18,2515300000.0,,2015-02-18,,2015-02-18
AOS,2015-12-31,282900000.0,1442300000.0,2016-02-17,2646500000.0,,2016-02-17,,2016-02-17
AOS,2016-12-31,326500000.0,1515300000.0,2017-02-17,2891000000.0,2685900000.0,2017-02-17,2019-02-15,2017-02-17
AOS,2017-12-31,296500000.0,1648800000.0,2018-02-16,3197300000.0,2996700000.0,2018-02-16,2019-02-15,2018-02-16
AOS,2018-12-31,444200000.0,1717000000.0,2019-02-15,3071500000.0,3187900000.0,2019-02-15,2019-02-15,2019-02-15
AOS,2019-12-31,370000000.0,1666800000.0,2020-02-24,3058000000.0,2992700000.0,2020-02-24,2020-02-24,2020-02-24
AOS,2020-12-31,344900000.0,1848300000.0,2021-02-12,3160700000.0,2895300000.0,2021-02-12,2021-02-12,2021-02-12
AOS,2021-12-31,487100000.0,1832200000.0,2022-02-11,3474400000.0,3538900000.0,2022-02-11,2022-02-11,2022-02-11
AOS,2022-12-31,235700000.0,1747700000.0,2023-02-14,3332300000.0,3753900000.0,2023-02-14,2023-02-14,2023-02-14
AOS,2023-12-31,556600000.0,1844400000.0,2024-02-13,3213900000.0,3852800000.0,2024-02-13,2024-02-13,2024-02-13
AOS,2024-12-31,533600000.0,1883500000.0,2026-02-10,3240000000.0,3818100000.0,2026-02-10,2026-02-10,2026-02-10
AOS,2025-12-31,546200000.0,1858000000.0,2026-02-10,3142800000.0,3830200000.0,2026-02-10,2026-02-10,2026-02-10
APA,2019-12-31,,,,18107000000.0,,2022-02-22,,
APA,2020-12-31,,-1639000000.0,2022-02-22,12746000000.0,,2022-02-22,,
APA,2021-12-31,,-1595000000.0,2022-02-22,13303000000.0,,2022-02-22,,
APA,2022-12-31,,423000000.0,2023-02-23,13147000000.0,,2023-02-23,,
APA,2023-12-31,2855000000.0,2655000000.0,2024-02-22,15244000000.0,,2024-02-22,,2026-02-26
APA,2024-12-31,804000000.0,5280000000.0,2025-02-28,19390000000.0,,2025-02-28,,2026-02-26
APA,2025-12-31,1434000000.0,6093000000.0,2026-02-26,17761000000.0,,2026-02-26,,2026-02-26
APD,2006-09-30,,4924000000.0,2009-11-25,,,,,
APD,2007-09-30,1035600000.0,5495600000.0,2009-11-25,,,,,2009-11-25
APD,2008-09-30,909700000.0,5030700000.0,2009-11-25,12571300000.0,,2009-11-25,,2009-11-25
APD,2009-09-30,631300000.0,4791900000.0,2009-11-25,13029100000.0,,2009-11-25,,2009-11-25
APD,2010-09-30,1029100000.0,5546900000.0,2010-11-23,13505900000.0,,2010-11-23,,2010-11-23
APD,2011-09-30,1224200000.0,5795800000.0,2011-11-22,14290700000.0,,2011-11-22,,2011-11-22
APD,2012-09-30,1167300000.0,6477200000.0,2012-11-20,16941800000.0,,2012-11-20,,2012-11-20
APD,2013-09-30,994200000.0,7042100000.0,2013-11-26,17850100000.0,,2013-11-26,,2013-11-26
APD,2014-09-30,991700000.0,7365800000.0,2014-11-24,17779100000.0,,2014-11-24,,2014-11-24
APD,2015-09-30,1277900000.0,7249000000.0,2015-11-24,17438100000.0,,2015-11-24,,2015-11-24
APD,2016-09-30,631100000.0,7079600000.0,2016-11-21,18055300000.0,7503700000.0,2016-11-21,2018-11-20,2016-11-21
APD,2017-09-30,3000400000.0,10086200000.0,2017-11-16,18467200000.0,8187600000.0,2017-11-16,2018-11-20,2017-11-16
APD,2018-09-30,1497800000.0,10857500000.0,2018-11-20,19178300000.0,8930200000.0,2018-11-20,2018-11-20,2018-11-20
APD,2018-10-01,,,,19204500000.0,,2018-11-20,,
APD,2019-09-30,1760000000.0,11053600000.0,2019-11-26,18942800000.0,8918900000.0,2019-11-26,2019-11-26,2019-11-26
APD,2020-09-30,1886700000.0,12079800000.0,2020-11-19,25168500000.0,8856300000.0,2020-11-19,2020-11-19,2020-11-19
APD,2021-09-30,2099100000.0,13539700000.0,2021-11-18,26859200000.0,10323000000.0,2021-11-18,2021-11-18,2021-11-18
APD,2022-09-30,2256100000.0,13144000000.0,2022-11-22,27192600000.0,12698600000.0,2022-11-22,2022-11-22,2022-11-22
APD,2023-09-30,2300200000.0,14312900000.0,2023-11-16,32002500000.0,12600000000.0,2023-11-16,2023-11-16,2023-11-16
APD,2024-09-30,3828200000.0,17036500000.0,2024-11-21,39574600000.0,12100600000.0,2024-11-21,2024-11-21,2024-11-21
APD,2025-09-30,-394500000.0,15024900000.0,2025-11-20,41059500000.0,12037300000.0,2025-11-20,2025-11-20,2025-11-20
APH,2007-12-31,353194000.0,,,,,,,2010-02-23
APH,2008-12-31,419151000.0,1349425000.0,2010-02-23,2994159000.0,,2010-02-23,,2010-02-23
APH,2009-12-31,317834000.0,1746077000.0,2010-02-23,3219184000.0,,2010-02-23,,2010-02-23
APH,2010-12-31,496405000.0,2320855000.0,2011-02-28,4015857000.0,,2011-02-28,,2011-02-28
APH,2011-12-31,,2171769000.0,2012-02-24,4445225000.0,,2012-02-24,,
APH,2012-12-31,,2429959000.0,2013-02-22,5215463000.0,,2013-02-22,,
APH,2013-12-31,,2859509000.0,2014-02-21,6168028000.0,,2014-02-21,,
APH,2014-12-31,709100000.0,2907400000.0,2015-02-20,7027000000.0,,2015-02-20,,2017-02-17
APH,2015-12-31,763500000.0,3238500000.0,2016-02-19,7458400000.0,,2016-02-19,,2017-02-17
APH,2016-12-31,822900000.0,3674900000.0,2017-02-17,8498700000.0,6286400000.0,2017-02-17,2019-02-13,2017-02-17
APH,2017-12-31,650500000.0,3989800000.0,2018-02-21,10003900000.0,7011300000.0,2018-02-21,2019-02-13,2018-02-21
APH,2018-12-31,1205000000.0,4017000000.0,2019-02-13,10044900000.0,8202000000.0,2019-02-13,2019-02-13,2019-02-13
APH,2019-12-31,1155000000.0,4530300000.0,2020-02-12,10815500000.0,8225400000.0,2020-02-12,2020-02-12,2020-02-12
APH,2020-12-31,1203400000.0,5384900000.0,2021-02-10,12327300000.0,8598900000.0,2021-02-10,2021-02-10,2021-02-10
APH,2021-12-31,1590800000.0,6302000000.0,2022-02-09,14678400000.0,10876300000.0,2022-02-09,2022-02-09,2022-02-09
APH,2022-12-31,1902300000.0,7015600000.0,2023-02-08,15326200000.0,12623000000.0,2023-02-08,2023-02-08,2023-02-08
APH,2023-12-31,1928000000.0,8346500000.0,2024-02-07,16526400000.0,12554700000.0,2024-02-07,2024-02-07,2024-02-07
APH,2024-12-31,2424000000.0,9792000000.0,2025-02-07,21440200000.0,15222700000.0,2025-02-07,2025-02-07,2025-02-07
APH,2025-12-31,4270300000.0,13413100000.0,2026-02-11,36236900000.0,23094700000.0,2026-02-11,2026-02-11,2026-02-11
APTV,2010-12-31,631000000.0,,,,,,,2013-02-11
APTV,2011-12-31,1145000000.0,1688000000.0,2013-02-11,9128000000.0,,2013-02-11,,2013-02-11
APTV,2012-12-31,1077000000.0,2345000000.0,2013-02-11,10176000000.0,,2013-02-11,,2013-02-11
APTV,2013-12-31,1212000000.0,2911000000.0,2014-02-10,11047000000.0,,2014-02-10,,2014-02-10
APTV,2014-12-31,1351000000.0,2510000000.0,2015-02-09,10746000000.0,,2015-02-09,,2015-02-09
APTV,2015-12-31,1450000000.0,2250000000.0,2016-02-08,11973000000.0,,2016-02-08,,2016-02-08
APTV,2016-12-31,1257000000.0,2401000000.0,2017-02-06,12292000000.0,12274000000.0,2017-02-06,2019-02-04,2017-02-06
APTV,2017-12-31,1355000000.0,3299000000.0,2018-02-05,12169000000.0,12884000000.0,2018-02-05,2019-02-04,2018-02-05
APTV,2018-12-31,1067000000.0,3459000000.0,2019-02-04,12480000000.0,14435000000.0,2019-02-04,2019-02-04,2019-02-04
APTV,2019-12-31,990000000.0,3819000000.0,2020-02-03,13459000000.0,14357000000.0,2020-02-03,2020-02-03,2020-02-03
APTV,2020-12-31,1804000000.0,7905000000.0,2021-02-08,17522000000.0,13066000000.0,2021-02-08,2021-02-08,2021-02-08
APTV,2021-12-31,590000000.0,8347000000.0,2022-02-07,18007000000.0,15618000000.0,2022-02-07,2022-02-07,2022-02-07
APTV,2022-12-31,594000000.0,8809000000.0,2023-02-08,21884000000.0,17489000000.0,2023-02-08,2023-02-08,2023-02-08
APTV,2023-12-31,2938000000.0,11548000000.0,2024-02-06,24427000000.0,20051000000.0,2024-02-06,2024-02-06,2024-02-06
APTV,2024-12-31,1787000000.0,8796000000.0,2025-02-07,23458000000.0,19713000000.0,2025-02-07,2025-02-07,2025-02-07
APTV,2025-12-31,165000000.0,9207000000.0,2026-02-06,23413000000.0,20398000000.0,2026-02-06,2026-02-06,2026-02-06
ARE,2009-12-31,127969000.0,2323408000.0,2011-03-01,5457227000.0,,2011-03-01,,2012-02-21
ARE,2010-12-31,134187000.0,2928825000.0,2011-03-01,5905861000.0,,2011-03-01,,2012-02-21
ARE,2011-12-31,132306000.0,3374301000.0,2012-02-21,6574129000.0,,2012-02-21,,2012-02-21
ARE,2012-12-31,99908000.0,3441851000.0,2013-02-26,7150116000.0,,2013-02-26,,2013-02-26
ARE,2013-12-31,135317000.0,3916789000.0,2014-03-03,7529764000.0,,2014-03-03,,2014-03-03
ARE,2014-12-31,101574000.0,3828439000.0,2015-02-24,8136036000.0,,2015-02-24,,2016-02-03
ARE,2015-12-31,144217000.0,3975087000.0,2016-02-03,8911120000.0,,2016-02-03,,2016-02-03
ARE,2016-12-31,-65901000.0,4895796000.0,2017-01-31,10354888000.0,,2017-01-31,,2017-01-31
ARE,2017-12-31,169093000.0,5949666000.0,2018-01-30,12103953000.0,,2018-01-30,,2018-01-30
ARE,2018-12-31,379312000.0,7341965000.0,2019-02-05,14464956000.0,,2019-02-05,,2019-02-05
ARE,2019-12-31,363165000.0,8865826000.0,2020-02-04,18390503000.0,,2020-02-04,,2020-02-04
ARE,2020-12-31,770959000.0,11725712000.0,2021-02-01,22827878000.0,,2021-02-01,,2021-02-01
ARE,2021-12-31,571247000.0,16189542000.0,2022-01-31,30219373000.0,,2022-01-31,,2022-01-31
ARE,2022-12-31,521660000.0,18972387000.0,2023-01-30,35523399000.0,,2023-01-30,,2023-01-30
ARE,2023-12-31,103639000.0,18471175000.0,2024-01-29,36771402000.0,,2024-01-29,,2024-01-29
ARE,2024-12-31,322949000.0,17889042000.0,2025-01-27,37527449000.0,,2025-01-27,,2025-01-27
ARE,2025-12-31,-1429570000.0,15470070000.0,2026-01-26,34081835000.0,,2026-01-26,,2026-01-26
ASH,2014-09-30,233000000.0,,,10907000000.0,6121000000.0,2016-11-21,2016-11-21,2016-11-21
ASH,2015-09-30,309000000.0,3037000000.0,2016-11-21,10054000000.0,5387000000.0,2016-11-21,2016-11-21,2016-11-21
ASH,2016-09-30,-29000000.0,3347000000.0,2016-11-21,9697000000.0,4948000000.0,2016-11-21,2016-11-21,2016-11-21
ASH,2017-09-30,1000000.0,3406000000.0,2017-11-20,8618000000.0,3260000000.0,2017-11-20,2017-11-20,2017-11-20
ASH,2018-09-30,114000000.0,3406000000.0,2018-11-19,8252000000.0,,2018-11-19,,2018-11-19
ASH,2019-09-30,505000000.0,3571000000.0,2019-11-25,7251000000.0,,2019-11-25,,2019-11-25
ASH,2020-09-30,,3036000000.0,2020-11-23,6877000000.0,,2020-11-23,,
ASH,2021-09-30,,2752000000.0,2021-11-22,6612000000.0,,2021-11-22,,
ASH,2022-09-30,,3220000000.0,2022-11-21,6213000000.0,,2022-11-21,,
ASH,2023-09-30,,3097000000.0,2023-11-17,5939000000.0,,2023-11-17,,
ASH,2024-09-30,,2868000000.0,2024-11-18,5645000000.0,,2024-11-18,,
ASH,2025-09-30,,1904000000.0,2025-11-20,4611000000.0,,2025-11-20,,
ASO,2019-02-02,21442000.0,,,,4783893000.0,,2021-04-07,2021-04-07
ASO,2020-02-01,120043000.0,,,4331321000.0,4829897000.0,2021-04-07,2021-04-07,2021-04-07
ASO,2021-01-30,308764000.0,1111983000.0,2021-04-07,4384482000.0,5689233000.0,2021-04-07,2021-04-07,2021-04-07
ASO,2022-01-29,671381000.0,1466946000.0,2022-03-29,4584940000.0,6773128000.0,2022-03-29,2022-03-29,2022-03-29
ASO,2023-01-28,628001000.0,1628306000.0,2023-03-16,4595439000.0,6395073000.0,2023-03-16,2023-03-16,2023-03-16
ASO,2024-02-03,519190000.0,1954650000.0,2024-03-21,4676713000.0,6159291000.0,2024-03-21,2024-03-21,2024-03-21
ASO,2025-02-01,418447000.0,2004035000.0,2025-03-20,4900963000.0,5933450000.0,2025-03-20,2025-03-20,2025-03-20
ASO,2026-01-31,376768000.0,2171377000.0,2026-03-17,5277036000.0,6053414000.0,2026-03-17,2026-03-17,2026-03-17
ATI,2007-12-31,747100000.0,,,,,,,2010-02-25
ATI,2008-12-31,565900000.0,1957400000.0,2010-02-25,4170400000.0,,2010-02-25,,2010-02-25
ATI,2009-12-31,31700000.0,2012200000.0,2010-02-25,4346000000.0,3054900000.0,2010-02-25,2012-02-27,2010-02-25
ATI,2010-12-31,70700000.0,2040800000.0,2011-02-28,4493600000.0,4047800000.0,2011-02-28,2012-02-27,2011-02-28
ATI,2011-12-31,214300000.0,2475300000.0,2012-02-27,6046900000.0,5183000000.0,2012-02-27,2012-02-27,2012-02-27
ATI,2012-12-31,158400000.0,2479600000.0,2013-02-28,6247800000.0,5031500000.0,2013-02-28,2013-02-28,2013-02-28
ATI,2013-12-31,154000000.0,2894200000.0,2014-02-27,6898500000.0,4043500000.0,2014-02-27,2014-02-27,2014-02-27
ATI,2014-12-31,-2600000.0,2598400000.0,2015-02-26,6582600000.0,,2015-02-26,,2015-02-26
ATI,2015-12-31,-377900000.0,2082800000.0,2016-02-26,5751700000.0,,2016-02-26,,2016-02-26
ATI,2016-12-31,-640900000.0,1355200000.0,2017-02-24,5170000000.0,,2017-02-24,,2017-02-24
ATI,2017-12-31,-91900000.0,1739400000.0,2018-02-20,5185400000.0,,2018-02-20,,2018-02-20
ATI,2018-12-31,222400000.0,1885700000.0,2019-02-28,5501800000.0,,2019-02-28,,2019-02-28
ATI,2019-12-31,257600000.0,2090100000.0,2020-02-25,5634600000.0,,2020-02-25,,2020-02-25
ATI,2020-12-31,-1572600000.0,521100000.0,2021-02-26,4034900000.0,,2021-02-26,,2021-02-26
ATI,2021-12-31,-38200000.0,685600000.0,2022-02-25,4285200000.0,,2022-02-25,,2022-02-25
ATI,2022-01-02,184600000.0,,,4285200000.0,,2024-02-23,,2024-02-23
ATI,2022-12-31,130900000.0,1045900000.0,2023-02-24,4445600000.0,,2023-02-24,,2023-02-24
ATI,2023-01-01,323500000.0,1045900000.0,2024-02-23,4445600000.0,,2024-02-23,,2024-02-23
ATI,2023-12-31,410800000.0,1373000000.0,2024-02-23,4985100000.0,,2024-02-23,,2024-02-23
ATI,2024-12-29,367800000.0,1850400000.0,2025-02-21,5230600000.0,,2025-02-21,,2025-02-21
ATI,2025-12-28,404300000.0,1804500000.0,2026-02-20,5099600000.0,,2026-02-20,,2026-02-20
ATO,2007-09-30,,1965754000.0,2010-11-12,,,,,
ATO,2008-09-30,180331000.0,2052492000.0,2010-11-12,,,,,2010-11-12
ATO,2009-09-30,190978000.0,2176761000.0,2010-11-12,6367083000.0,,2010-11-12,,2010-11-12
ATO,2010-09-30,205839000.0,2178348000.0,2010-11-12,6763791000.0,,2010-11-12,,2010-11-12
ATO,2011-09-30,207601000.0,2255421000.0,2011-11-22,7282871000.0,,2011-11-22,,2011-11-22
ATO,2012-09-30,216717000.0,2359243000.0,2012-11-13,7495675000.0,,2012-11-13,,2012-11-13
ATO,2013-09-30,243194000.0,2580409000.0,2013-11-13,7940401000.0,,2013-11-13,,2013-11-13
ATO,2014-09-30,289817000.0,3086232000.0,2014-11-06,8594704000.0,,2014-11-06,,2014-11-06
ATO,2015-09-30,315075000.0,3194797000.0,2015-11-06,9092945000.0,,2015-11-06,,2015-11-06
ATO,2016-09-30,350104000.0,3463059000.0,2016-11-14,10010889000.0,2454648000.0,2016-11-14,2018-11-13,2016-11-14
ATO,2017-09-30,396421000.0,3898666000.0,2017-11-13,10749596000.0,2759735000.0,2017-11-13,2018-11-13,2017-11-13
ATO,2018-09-30,603064000.0,4769951000.0,2018-11-13,11874437000.0,3115546000.0,2018-11-13,2018-11-13,2018-11-13
ATO,2019-09-30,511406000.0,5750223000.0,2019-11-12,13367619000.0,2901848000.0,2019-11-12,2019-11-12,2019-11-12
ATO,2020-09-30,601443000.0,6791203000.0,2020-11-13,15359032000.0,2821137000.0,2020-11-13,2020-11-13,2020-11-13
ATO,2021-09-30,665563000.0,7906889000.0,2021-11-12,19608662000.0,3407490000.0,2021-11-12,2021-11-12,2021-11-12
ATO,2022-09-30,774398000.0,9419091000.0,2022-11-14,22192989000.0,4201662000.0,2022-11-14,2022-11-14,2022-11-14
ATO,2023-09-30,885862000.0,10870064000.0,2023-11-14,22516968000.0,4275357000.0,2023-11-14,2023-11-14,2023-11-14
ATO,2024-09-30,1042895000.0,12157669000.0,2024-11-18,25194465000.0,4165187000.0,2024-11-18,2024-11-18,2024-11-18
ATO,2025-09-30,1198754000.0,13558890000.0,2025-11-14,28249522000.0,4702755000.0,2025-11-14,2025-11-14,2025-11-14
AVGO,2016-10-30,-1739000000.0,,,,13240000000.0,,2018-12-21,2018-12-21
AVGO,2017-10-29,1692000000.0,20285000000.0,2018-12-21,54418000000.0,17636000000.0,2018-12-21,2018-12-21,2018-12-21
AVGO,2018-11-04,12259000000.0,26657000000.0,2018-12-21,50124000000.0,20848000000.0,2018-12-21,2018-12-21,2018-12-21
AVGO,2019-11-03,,24941000000.0,2019-12-20,67493000000.0,,2019-12-20,,
AVGO,2020-11-01,,,,75933000000.0,,2020-12-18,,
AVGO,2021-10-31,,,,75570000000.0,,2021-12-17,,
AVGO,2022-10-30,11495000000.0,,,73249000000.0,,2022-12-16,,2024-12-20
AVGO,2023-10-29,14082000000.0,,,72861000000.0,,2023-12-14,,2024-12-20
AVGO,2024-11-03,5895000000.0,,,165645000000.0,,2024-12-20,,2024-12-20
AVGO,2025-11-02,,,,171092000000.0,,2025-12-18,,
AVY,2007-12-29,,1989400000.0,2011-02-28,,,,,
AVY,2008-12-27,266100000.0,1750000000.0,2011-02-28,,6710400000.0,,2011-02-28,2011-02-28
AVY,2010-01-02,-746700000.0,1362600000.0,2011-02-28,5002800000.0,5952700000.0,2011-02-28,2011-02-28,2011-02-28
AVY,2011-01-01,316900000.0,1645700000.0,2011-02-28,5099400000.0,6512700000.0,2011-02-28,2011-02-28,2011-02-28
AVY,2011-12-31,190100000.0,1658500000.0,2012-02-27,4972700000.0,6026300000.0,2012-02-27,2012-02-27,2012-02-27
AVY,2012-12-29,,1580900000.0,2013-02-27,5105300000.0,6035600000.0,2013-02-27,2013-02-27,
AVY,2013-12-28,,1492200000.0,2014-02-26,4610600000.0,6140000000.0,2014-02-26,2014-02-26,
AVY,2015-01-03,,1066500000.0,2015-02-25,4360200000.0,6330300000.0,2015-02-25,2015-02-25,
AVY,2016-01-02,,965700000.0,2016-02-24,4133700000.0,5966900000.0,2016-02-24,2016-02-24,
AVY,2016-12-31,320700000.0,925500000.0,2017-02-23,4396400000.0,6086500000.0,2017-02-23,2017-02-23,2019-02-27
AVY,2017-12-30,281800000.0,1046200000.0,2018-02-21,5136900000.0,6613800000.0,2018-02-21,2018-02-21,2019-02-27
AVY,2017-12-31,,1032400000.0,2019-02-27,,,,,
AVY,2018-12-29,467400000.0,955100000.0,2019-02-27,5177500000.0,,2019-02-27,,2019-02-27
AVY,2019-12-28,303600000.0,1204000000.0,2020-02-26,5488800000.0,,2020-02-26,,2020-02-26
AVY,2021-01-02,555900000.0,1484900000.0,2021-02-25,6083900000.0,,2021-02-25,,2021-02-25
AVY,2022-01-01,740100000.0,1924400000.0,2022-02-23,7971600000.0,,2022-02-23,,2022-02-23
AVY,2022-12-31,757100000.0,2032200000.0,2023-02-22,7950500000.0,,2023-02-22,,2023-02-22
AVY,2023-12-30,503000000.0,2127900000.0,2024-02-21,8209800000.0,,2024-02-21,,2024-02-21
AVY,2024-12-28,704900000.0,2312300000.0,2025-02-26,8404200000.0,,2025-02-26,,2025-02-26
AVY,2025-12-31,688000000.0,2242100000.0,2026-02-25,8801700000.0,,2026-02-25,,2026-02-25
AWK,2007-12-31,,4546614000.0,2011-02-28,,,,,
AWK,2008-12-31,-562421000.0,4106558000.0,2011-02-28,,2336928000.0,,2011-02-28,2011-02-28
AWK,2009-12-31,-233083000.0,4005416000.0,2011-02-28,13452651000.0,2440703000.0,2011-02-28,2011-02-28,2011-02-28
AWK,2010-12-31,267827000.0,4132272000.0,2011-02-28,14079773000.0,2710677000.0,2011-02-28,2011-02-28,2011-02-28
AWK,2011-12-31,309613000.0,4235837000.0,2012-02-28,14776391000.0,2666236000.0,2012-02-28,2012-02-28,2012-02-28
AWK,2012-12-31,358070000.0,4443268000.0,2013-03-01,14718976000.0,2876889000.0,2013-03-01,2013-03-01,2013-03-01
AWK,2013-12-31,369264000.0,4727804000.0,2014-02-27,15069533000.0,2901858000.0,2014-02-27,2014-02-27,2014-02-27
AWK,2014-12-31,423108000.0,4915000000.0,2016-02-25,16130956000.0,3011328000.0,2015-02-25,2015-02-25,2015-02-25
AWK,2015-12-31,476000000.0,5049000000.0,2016-02-25,17241000000.0,,2016-02-25,,2016-02-25
AWK,2016-12-31,468000000.0,5218000000.0,2017-02-21,18482000000.0,,2017-02-21,,2017-02-21
AWK,2017-12-31,426000000.0,5385000000.0,2018-02-20,19482000000.0,,2018-02-20,,2018-02-20
AWK,2018-12-31,567000000.0,5864000000.0,2019-02-19,21223000000.0,,2019-02-19,,2019-02-19
AWK,2019-12-31,621000000.0,6121000000.0,2020-02-18,22682000000.0,,2020-02-18,,2020-02-18
AWK,2020-12-31,709000000.0,6454000000.0,2021-02-24,24766000000.0,,2021-02-24,,2021-02-24
AWK,2021-12-31,1263000000.0,7298000000.0,2022-02-16,26075000000.0,,2022-02-16,,2022-02-16
AWK,2022-12-31,820000000.0,7693000000.0,2023-02-15,27787000000.0,,2023-02-15,,2023-02-15
AWK,2023-12-31,944000000.0,9797000000.0,2024-02-14,30298000000.0,,2024-02-14,,2024-02-14
AWK,2024-12-31,1051000000.0,10332000000.0,2025-02-19,32830000000.0,,2025-02-19,,2025-02-19
AWK,2025-12-31,1111000000.0,10837000000.0,2026-02-18,35442000000.0,,2026-02-18,,2026-02-18
AXP,2006-12-31,,10511000000.0,2010-02-26,,,,,
AXP,2007-12-31,4012000000.0,11029000000.0,2010-02-26,,,,,2010-02-26
AXP,2008-12-31,2699000000.0,11841000000.0,2010-02-26,126074000000.0,28365000000.0,2010-02-26,2011-02-28,2010-02-26
AXP,2009-12-31,2130000000.0,14406000000.0,2010-02-26,124088000000.0,24523000000.0,2010-02-26,2011-02-28,2010-02-26
AXP,2010-12-31,4057000000.0,16230000000.0,2011-02-28,147042000000.0,27819000000.0,2011-02-28,2011-02-28,2011-02-28
AXP,2011-12-31,4935000000.0,18794000000.0,2012-02-24,153337000000.0,,2012-02-24,,2012-02-24
AXP,2012-12-31,4482000000.0,18886000000.0,2013-02-22,153140000000.0,,2013-02-22,,2013-02-22
AXP,2013-12-31,5359000000.0,19496000000.0,2014-02-25,153375000000.0,,2014-02-25,,2014-02-25
AXP,2014-12-31,5885000000.0,20673000000.0,2015-02-24,159103000000.0,,2015-02-24,,2015-02-24
AXP,2015-12-31,5163000000.0,20673000000.0,2016-02-19,161184000000.0,,2016-02-19,,2016-02-19
AXP,2016-12-31,5408000000.0,20501000000.0,2017-02-17,158893000000.0,,2017-02-17,,2017-02-17
AXP,2017-12-31,2736000000.0,18227000000.0,2018-02-16,181159000000.0,,2018-02-16,,2018-02-16
AXP,2018-12-31,6921000000.0,22290000000.0,2019-02-13,188602000000.0,,2019-02-13,,2019-02-13
AXP,2019-12-31,6759000000.0,23071000000.0,2020-02-13,198321000000.0,,2020-02-13,,2020-02-13
AXP,2020-12-31,3135000000.0,22984000000.0,2021-02-12,191367000000.0,,2021-02-12,,2021-02-12
AXP,2021-12-31,8060000000.0,22177000000.0,2022-02-11,188548000000.0,,2022-02-11,,2022-02-11
AXP,2022-12-31,7514000000.0,24711000000.0,2023-02-10,228354000000.0,,2023-02-10,,2023-02-10
AXP,2023-12-31,8374000000.0,28057000000.0,2024-02-09,261108000000.0,,2024-02-09,,2024-02-09
AXP,2024-12-31,10129000000.0,30264000000.0,2025-02-07,271461000000.0,,2025-02-07,,2025-02-07
AXP,2025-12-31,10833000000.0,33474000000.0,2026-02-06,300052000000.0,,2026-02-06,,2026-02-06
AYI,2008-08-31,,575500000.0,2011-10-28,,,,,
AYI,2009-08-31,84900000.0,672200000.0,2011-10-28,,,,,2011-10-28
AYI,2010-08-31,79600000.0,694400000.0,2011-10-28,1503600000.0,,2011-10-28,,2011-10-28
AYI,2011-08-31,105500000.0,757000000.0,2011-10-28,1597400000.0,,2011-10-28,,2011-10-28
AYI,2012-08-31,116300000.0,834000000.0,2012-10-26,1736900000.0,,2012-10-26,,2012-10-26
AYI,2013-08-31,127400000.0,993500000.0,2013-10-29,1903800000.0,,2013-10-29,,2013-10-29
AYI,2014-08-31,175800000.0,1163500000.0,2014-10-29,2168100000.0,,2014-10-29,,2014-10-29
AYI,2015-08-31,222100000.0,1360000000.0,2015-10-27,2429600000.0,,2015-10-27,,2015-10-27
AYI,2016-08-31,290800000.0,1659800000.0,2016-10-27,2948000000.0,3291300000.0,2016-10-27,2018-10-25,2016-10-27
AYI,2017-08-31,321700000.0,1665600000.0,2017-10-26,2899600000.0,3505100000.0,2017-10-26,2018-10-25,2017-10-26
AYI,2018-08-31,349600000.0,1716800000.0,2018-10-25,2988800000.0,3680100000.0,2018-10-25,2018-10-25,2018-10-25
AYI,2019-08-31,330400000.0,1918900000.0,2019-10-29,3172400000.0,3672700000.0,2019-10-29,2019-10-29,2019-10-29
AYI,2020-08-31,248300000.0,2127500000.0,2020-10-23,3491700000.0,3326300000.0,2020-10-23,2020-10-23,2020-10-23
AYI,2021-08-31,306300000.0,2044500000.0,2021-10-27,3575100000.0,3461000000.0,2021-10-27,2021-10-27,2021-10-27
AYI,2022-08-31,384000000.0,1911800000.0,2022-10-26,3480200000.0,,2022-10-26,,2022-10-26
AYI,2023-08-31,346000000.0,2015400000.0,2023-10-26,3408500000.0,,2023-10-26,,2023-10-26
AYI,2024-08-31,422600000.0,2378800000.0,2024-10-28,3814600000.0,,2024-10-28,,2024-10-28
AYI,2025-08-31,396600000.0,2724900000.0,2025-10-27,4755200000.0,,2025-10-27,,2025-10-27
AZO,2007-08-25,,403200000.0,2010-10-25,,,,,
AZO,2008-08-30,641606000.0,229687000.0,2010-10-25,,,,,2010-10-25
AZO,2009-08-29,657049000.0,-433074000.0,2010-10-25,5318405000.0,,2010-10-25,,2010-10-25
AZO,2010-08-28,738311000.0,-738765000.0,2010-10-25,5571594000.0,,2010-10-25,,2010-10-25
AZO,2011-08-27,848974000.0,-1254232000.0,2011-10-24,5869602000.0,,2011-10-24,,2011-10-24
AZO,2012-08-25,930373000.0,-1548025000.0,2012-10-22,6265639000.0,,2012-10-22,,2012-10-22
AZO,2013-08-31,1016480000.0,-1687319000.0,2013-10-28,6892089000.0,,2013-10-28,,2013-10-28
AZO,2014-08-30,1069744000.0,-1621857000.0,2014-10-27,7517858000.0,,2014-10-27,,2014-10-27
AZO,2015-08-29,1160241000.0,-1701390000.0,2015-10-26,8102349000.0,,2015-10-26,,2015-10-26
AZO,2016-08-27,1241007000.0,-1787538000.0,2016-10-24,8599787000.0,10635676000.0,2016-10-24,2018-10-24,2016-10-24
AZO,2017-08-26,1280869000.0,-1428377000.0,2017-10-25,9259781000.0,10888676000.0,2017-10-25,2018-10-24,2017-10-25
AZO,2018-08-25,1337536000.0,-1520355000.0,2018-10-24,9346980000.0,11221077000.0,2018-10-24,2018-10-24,2018-10-24
AZO,2019-08-31,1617221000.0,-1713851000.0,2019-10-28,9895913000.0,11863743000.0,2019-10-28,2019-10-28,2019-10-28
AZO,2020-08-29,1732972000.0,-877977000.0,2020-10-26,14423872000.0,12631967000.0,2020-10-26,2020-10-26,2020-10-26
AZO,2021-08-28,2170314000.0,-1797536000.0,2021-10-25,14516199000.0,14629585000.0,2021-10-25,2021-10-25,2021-10-25
AZO,2022-08-27,2429604000.0,-3538913000.0,2022-10-24,15275043000.0,16252230000.0,2022-10-24,2022-10-24,2022-10-24
AZO,2023-08-26,2528426000.0,-4349894000.0,2023-10-24,15985878000.0,17457209000.0,2023-10-24,2023-10-24,2023-10-24
AZO,2024-08-31,2662427000.0,-4749614000.0,2024-10-28,17176538000.0,18490268000.0,2024-10-28,2024-10-28,2024-10-28
AZO,2025-08-30,2498247000.0,-3414313000.0,2025-10-27,19355324000.0,18938717000.0,2025-10-27,2025-10-27,2025-10-27
BA,2007-12-31,4074000000.0,,,,66387000000.0,,2010-02-08,2010-02-08
BA,2008-12-31,2672000000.0,-1294000000.0,2010-02-08,53779000000.0,60909000000.0,2010-02-08,2010-02-08,2010-02-08
BA,2009-12-31,1312000000.0,2128000000.0,2010-02-08,62053000000.0,68281000000.0,2010-02-08,2010-02-08,2010-02-08
BA,2010-12-31,3307000000.0,2766000000.0,2011-02-09,68565000000.0,64306000000.0,2011-02-09,2011-02-09,2011-02-09
BA,2011-12-31,4018000000.0,3515000000.0,2012-02-09,79986000000.0,68735000000.0,2012-02-09,2012-02-09,2012-02-09
BA,2012-12-31,3900000000.0,5867000000.0,2013-02-11,88896000000.0,81698000000.0,2013-02-11,2013-02-11,2013-02-11
BA,2013-12-31,4585000000.0,14875000000.0,2014-02-14,92663000000.0,86623000000.0,2014-02-14,2014-02-14,2014-02-14
BA,2014-12-31,5446000000.0,8665000000.0,2015-02-12,99198000000.0,90762000000.0,2015-02-12,2015-02-12,2015-02-12
BA,2015-12-31,5176000000.0,6335000000.0,2016-02-10,94408000000.0,96114000000.0,2016-02-10,2016-02-10,2016-02-10
BA,2016-12-31,4895000000.0,817000000.0,2017-02-08,89997000000.0,94571000000.0,2017-02-08,2017-02-08,2017-02-08
BA,2017-12-31,8197000000.0,355000000.0,2018-02-12,92333000000.0,93392000000.0,2018-02-12,2018-02-12,2018-02-12
BA,2018-12-31,10460000000.0,339000000.0,2019-02-08,117359000000.0,101127000000.0,2019-02-08,2019-02-08,2019-02-08
BA,2019-12-31,-636000000.0,-8617000000.0,2020-01-31,133625000000.0,76559000000.0,2020-01-31,2020-01-31,2020-01-31
BA,2020-12-31,-11873000000.0,-18316000000.0,2021-02-01,152136000000.0,58158000000.0,2021-02-01,2021-02-01,2021-02-01
BA,2021-12-31,-4202000000.0,-14999000000.0,2022-01-31,138552000000.0,62286000000.0,2022-01-31,2022-01-31,2022-01-31
BA,2022-12-31,-4935000000.0,-15883000000.0,2023-01-27,137100000000.0,66608000000.0,2023-01-27,2023-01-27,2023-01-27
BA,2023-12-31,-2222000000.0,-17233000000.0,2024-01-31,137012000000.0,77794000000.0,2024-01-31,2024-01-31,2024-01-31
BA,2024-12-31,-11817000000.0,-3908000000.0,2025-02-03,156363000000.0,66517000000.0,2025-02-03,2025-02-03,2025-02-03
BA,2025-12-31,2235000000.0,5454000000.0,2026-01-30,168235000000.0,89463000000.0,2026-01-30,2026-01-30,2026-01-30
BAC,2006-12-31,,135272000000.0,2010-02-26,,,,,
BAC,2007-12-31,14982000000.0,146803000000.0,2010-02-26,,66833000000.0,,2010-02-26,2010-02-26
BAC,2008-12-31,4008000000.0,177052000000.0,2010-02-26,1817943000000.0,72782000000.0,2010-02-26,2010-02-26,2010-02-26
BAC,2009-12-31,6276000000.0,231444000000.0,2010-02-26,2223299000000.0,119643000000.0,2010-02-26,2010-02-26,2010-02-26
BAC,2010-12-31,-2238000000.0,228248000000.0,2011-02-25,2264909000000.0,110220000000.0,2011-02-25,2011-02-25,2011-02-25
BAC,2011-12-31,1446000000.0,230101000000.0,2012-02-23,2129046000000.0,93454000000.0,2012-02-23,2012-02-23,2012-02-23
BAC,2012-12-31,4188000000.0,236956000000.0,2013-02-28,2209974000000.0,83334000000.0,2013-02-28,2013-02-28,2013-02-28
BAC,2013-12-31,11431000000.0,232685000000.0,2014-02-25,2102273000000.0,88942000000.0,2014-02-25,2014-02-25,2014-02-25
BAC,2014-12-31,4833000000.0,243471000000.0,2015-02-25,2104534000000.0,84247000000.0,2015-02-25,2015-02-25,2015-02-25
BAC,2015-12-31,15888000000.0,256205000000.0,2016-02-24,2144316000000.0,82507000000.0,2016-02-24,2016-02-24,2016-02-24
BAC,2016-12-31,17906000000.0,266840000000.0,2017-02-23,2187702000000.0,83701000000.0,2017-02-23,2017-02-23,2017-02-23
BAC,2017-12-31,18232000000.0,267146000000.0,2018-02-22,2281234000000.0,87352000000.0,2018-02-22,2018-02-22,2018-02-22
BAC,2018-12-31,28147000000.0,265325000000.0,2019-02-26,2354507000000.0,91247000000.0,2019-02-26,2019-02-26,2019-02-26
BAC,2019-12-31,27430000000.0,264810000000.0,2020-02-19,2434079000000.0,91244000000.0,2020-02-19,2020-02-19,2020-02-19
BAC,2020-12-31,17894000000.0,272924000000.0,2021-02-24,2819627000000.0,85528000000.0,2021-02-24,2021-02-24,2021-02-24
BAC,2021-12-31,31978000000.0,270066000000.0,2022-02-22,3169495000000.0,89113000000.0,2022-02-22,2022-02-22,2022-02-22
BAC,2022-12-31,27528000000.0,273197000000.0,2023-02-22,3051375000000.0,94950000000.0,2023-02-22,2023-02-22,2023-02-22
BAC,2023-12-31,26515000000.0,291646000000.0,2024-02-20,3180151000000.0,98581000000.0,2024-02-20,2024-02-20,2024-02-20
BAC,2024-12-31,27132000000.0,295559000000.0,2025-02-25,3261519000000.0,101887000000.0,2025-02-25,2025-02-25,2025-02-25
BAC,2025-12-31,30509000000.0,303243000000.0,2026-02-25,3411738000000.0,113097000000.0,2026-02-25,2026-02-25,2026-02-25
BALL,2007-12-31,,1343600000.0,2011-02-28,,,,,
BALL,2008-12-31,319500000.0,1087300000.0,2011-02-28,,6826100000.0,,2011-02-28,2011-02-28
BALL,2009-12-31,387900000.0,1583000000.0,2011-02-28,6488300000.0,6710400000.0,2011-02-28,2011-02-28,2011-02-28
BALL,2010-12-31,468000000.0,1658100000.0,2011-02-28,6927700000.0,7630000000.0,2011-02-28,2011-02-28,2011-02-28
BALL,2011-12-31,444000000.0,1219100000.0,2012-02-22,7284600000.0,8630900000.0,2012-02-22,2012-02-22,2012-02-22
BALL,2012-12-31,,1114600000.0,2013-02-22,7507100000.0,8735700000.0,2013-02-22,2013-02-22,
BALL,2013-12-31,,1199900000.0,2014-02-24,7819800000.0,8468100000.0,2014-02-24,2014-02-24,
BALL,2014-12-31,,1033100000.0,2015-02-20,7571000000.0,8570000000.0,2015-02-20,2015-02-20,
BALL,2015-12-31,,1251300000.0,2016-02-16,9777000000.0,7997000000.0,2016-02-16,2016-02-16,
BALL,2016-12-31,,3435000000.0,2017-03-02,16173000000.0,9061000000.0,2017-03-02,2017-03-02,
BALL,2017-12-31,,3941000000.0,2018-03-01,17169000000.0,10983000000.0,2018-03-01,2018-03-01,
BALL,2018-12-31,,3458000000.0,2019-02-22,16554000000.0,,2019-02-22,,
BALL,2019-12-31,,2949000000.0,2020-02-19,17360000000.0,,2020-02-19,,
BALL,2020-12-31,,3275000000.0,2021-02-17,18252000000.0,,2021-02-17,,
BALL,2021-12-31,,3627000000.0,2022-02-16,19714000000.0,,2022-02-16,,
BALL,2022-12-31,,3461000000.0,2023-02-21,19909000000.0,,2023-02-21,,
BALL,2023-12-31,,3769000000.0,2024-02-20,19303000000.0,,2024-02-20,,
BALL,2024-12-31,,5862000000.0,2025-02-20,17628000000.0,,2025-02-20,,
BALL,2025-12-31,,5421000000.0,2026-02-19,19524000000.0,,2026-02-19,,
BAX,2007-12-31,1707000000.0,,,,11263000000.0,,2010-02-23,2010-02-23
BAX,2008-12-31,2014000000.0,6229000000.0,2010-02-23,15405000000.0,12348000000.0,2010-02-23,2010-02-23,2010-02-23
BAX,2009-12-31,2205000000.0,7191000000.0,2010-02-23,17354000000.0,12562000000.0,2010-02-23,2010-02-23,2010-02-23
BAX,2010-12-31,1420000000.0,6567000000.0,2011-02-23,17489000000.0,12843000000.0,2011-02-23,2011-02-23,2011-02-23
BAX,2011-12-31,2224000000.0,6585000000.0,2012-02-23,19073000000.0,13893000000.0,2012-02-23,2012-02-23,2012-02-23
BAX,2012-12-31,2326000000.0,6938000000.0,2013-02-21,20390000000.0,14190000000.0,2013-02-21,2013-02-21,2013-02-21
BAX,2013-12-31,2012000000.0,8463000000.0,2014-02-21,25869000000.0,15259000000.0,2014-02-21,2014-02-21,2014-02-21
BAX,2014-12-31,2497000000.0,8120000000.0,2015-02-26,25917000000.0,16671000000.0,2015-02-26,2015-02-26,2015-02-26
BAX,2015-12-31,968000000.0,8846000000.0,2016-02-26,20975000000.0,9968000000.0,2016-02-26,2016-02-26,2016-02-26
BAX,2016-12-31,4965000000.0,8290000000.0,2017-02-23,15546000000.0,10163000000.0,2017-02-23,2017-02-23,2017-02-23
BAX,2017-12-31,717000000.0,9124000000.0,2018-02-23,17111000000.0,10561000000.0,2018-02-23,2018-02-23,2018-02-23
BAX,2018-03-31,,9068000000.0,2020-03-17,16843000000.0,,2020-03-17,,
BAX,2018-06-30,,8842000000.0,2020-03-17,16519000000.0,,2020-03-17,,
BAX,2018-09-30,,9107000000.0,2020-03-17,16803000000.0,,2020-03-17,,
BAX,2018-12-31,1624000000.0,7794000000.0,2019-02-21,15641000000.0,,2019-02-21,,2019-02-21
BAX,2019-03-31,,7570000000.0,2020-03-17,16241000000.0,,2020-03-17,,
BAX,2019-06-30,,7779000000.0,2020-03-17,17503000000.0,,2020-03-17,,
BAX,2019-12-31,1001000000.0,7882000000.0,2020-03-17,18193000000.0,,2020-03-17,,2020-03-17
BAX,2020-12-31,1102000000.0,8689000000.0,2021-02-11,20019000000.0,,2021-02-11,,2021-02-11
BAX,2021-12-31,1284000000.0,9077000000.0,2022-02-23,33521000000.0,,2022-02-23,,2022-02-23
BAX,2022-12-31,-2433000000.0,5833000000.0,2023-02-09,28287000000.0,,2023-02-09,,2023-02-09
BAX,2023-12-31,2656000000.0,8402000000.0,2024-02-08,28276000000.0,,2024-02-08,,2024-02-08
BAX,2024-12-31,-649000000.0,6964000000.0,2025-02-21,25782000000.0,,2025-02-21,,2025-02-21
BAX,2025-12-31,-957000000.0,6129000000.0,2026-02-12,20055000000.0,,2026-02-12,,2026-02-12
BBT,2008-12-31,,408856000.0,2012-03-15,,,,,
BBT,2009-12-31,-15931000.0,385148000.0,2012-03-15,,94773000.0,,2012-03-15,2012-03-15
BBT,2010-12-31,13858000.0,388647000.0,2012-03-15,2881403000.0,106698000.0,2012-03-15,2012-03-15,2012-03-15
BBT,2011-12-31,17581000.0,553365000.0,2012-03-15,3991204000.0,142323000.0,2012-03-15,2012-03-15,2012-03-15
BBT,2012-12-31,,667265000.0,2013-03-18,5296809000.0,197444000.0,2013-03-18,2013-03-18,
BBT,2013-12-31,41143000.0,678062000.0,2014-03-17,5672799000.0,226984000.0,2014-03-17,2014-03-17,2016-02-29
BBT,2014-12-31,33744000.0,709287000.0,2015-03-16,6502031000.0,226461000.0,2015-03-16,2015-03-16,2016-02-29
BBT,2015-12-31,49518000.0,887189000.0,2016-02-29,7831915000.0,268137000.0,2016-02-29,2016-02-29,2016-02-29
BBT,2016-12-31,58670000.0,1093298000.0,2017-03-01,9162542000.0,298118000.0,2017-03-01,2017-03-01,2017-03-01
BBT,2017-12-31,55247000.0,1496264000.0,2018-03-01,11570751000.0,420484000.0,2018-03-01,2018-03-01,2018-03-01
BBT,2018-12-31,105765000.0,1552918000.0,2019-03-01,12212231000.0,469235000.0,2019-03-01,2019-03-01,2019-03-01
BBT,2019-12-31,97450000.0,1758564000.0,2020-02-28,13215970000.0,449260000.0,2020-02-28,2020-02-28,2020-02-28
BBT,2020-12-31,-533017000.0,1187773000.0,2021-03-01,12838013000.0,383089000.0,2021-03-01,2021-03-01,2021-03-01
BBT,2021-12-31,118664000.0,1182435000.0,2022-03-01,11554913000.0,434414000.0,2022-03-01,2022-03-01,2022-03-01
BBT,2022-12-31,92533000.0,954062000.0,2023-03-01,11662864000.0,413534000.0,2023-03-01,2023-03-01,2023-03-01
BBT,2023-12-31,69598000.0,1012221000.0,2024-02-28,12430821000.0,411829000.0,2024-02-28,2024-02-28,2024-02-28
BBT,2024-12-31,61003000.0,1167424000.0,2025-03-03,12273408000.0,400000000.0,2025-03-03,2025-03-03,2025-03-03
BBT,2025-12-31,90271000.0,2496061000.0,2026-03-02,23220372000.0,,2026-03-02,,2026-03-02
BBWI,2008-02-02,718000000.0,,,,10134000000.0,,2010-03-26,2010-03-26
BBWI,2009-01-31,220000000.0,1874000000.0,2010-03-26,6972000000.0,9043000000.0,2010-03-26,2010-03-26,2010-03-26
BBWI,2010-01-30,448000000.0,2183000000.0,2010-03-26,7173000000.0,8632000000.0,2010-03-26,2010-03-26,2010-03-26
BBWI,2011-01-29,805000000.0,1476000000.0,2011-03-18,6451000000.0,9613000000.0,2011-03-18,2011-03-18,2011-03-18
BBWI,2012-01-28,850000000.0,137000000.0,2012-03-23,6108000000.0,10364000000.0,2012-03-23,2012-03-23,2012-03-23
BBWI,2013-02-02,753000000.0,-1015000000.0,2013-03-22,6019000000.0,10459000000.0,2013-03-22,2013-03-22,2013-03-22
BBWI,2014-02-01,903000000.0,-370000000.0,2014-03-21,7198000000.0,10773000000.0,2014-03-21,2014-03-21,2014-03-21
BBWI,2015-01-31,1042000000.0,18000000.0,2015-03-20,7544000000.0,11454000000.0,2015-03-20,2015-03-20,2015-03-20
BBWI,2016-01-30,1253000000.0,-259000000.0,2016-03-18,8493000000.0,12154000000.0,2016-03-18,2016-03-18,2016-03-18
BBWI,2017-01-28,1158000000.0,-729000000.0,2017-03-17,8170000000.0,12574000000.0,2017-03-17,2017-03-17,2017-03-17
BBWI,2018-02-03,983000000.0,-753000000.0,2018-03-23,8149000000.0,12632000000.0,2018-03-23,2018-03-23,2018-03-23
BBWI,2019-02-02,644000000.0,-869000000.0,2019-03-22,8090000000.0,13237000000.0,2019-03-22,2019-03-22,2019-03-22
BBWI,2020-02-01,-366000000.0,-1499000000.0,2020-03-30,10125000000.0,,2020-03-30,,2020-03-30
BBWI,2021-01-30,844000000.0,-662000000.0,2021-03-19,11571000000.0,,2021-03-19,,2021-03-19
BBWI,2022-01-29,1333000000.0,-1518000000.0,2022-03-18,6026000000.0,,2022-03-18,,2022-03-18
BBWI,2023-01-28,800000000.0,-2206000000.0,2023-03-17,5494000000.0,,2023-03-17,,2023-03-17
BBWI,2024-02-03,878000000.0,-1627000000.0,2024-03-22,5463000000.0,,2024-03-22,,2024-03-22
BBWI,2025-02-01,798000000.0,-1385000000.0,2025-03-14,4872000000.0,,2025-03-14,,2025-03-14
BBWI,2026-01-31,649000000.0,-1281000000.0,2026-03-12,5069000000.0,,2026-03-12,,2026-03-12
BBY,2008-03-01,1407000000.0,,,,,,,2010-04-28
BBY,2009-02-28,1003000000.0,4643000000.0,2010-04-28,15826000000.0,,2010-04-28,,2010-04-28
BBY,2010-02-27,1317000000.0,6320000000.0,2010-04-28,18302000000.0,,2010-04-28,,2010-04-28
BBY,2011-02-26,1277000000.0,6602000000.0,2011-04-25,17849000000.0,,2011-04-25,,2011-04-25
BBY,2012-03-03,-1231000000.0,3745000000.0,2012-05-01,16005000000.0,,2012-05-01,,2012-05-01
BBY,2013-02-02,,3061000000.0,2014-03-28,16787000000.0,,2014-03-28,,
BBY,2014-02-01,532000000.0,3986000000.0,2014-03-28,14013000000.0,,2014-03-28,,2014-03-28
BBY,2015-01-31,1233000000.0,4995000000.0,2015-03-31,15256000000.0,,2015-03-31,,2015-03-31
BBY,2016-01-30,897000000.0,4378000000.0,2016-03-23,13519000000.0,,2016-03-23,,2016-03-23
BBY,2017-01-28,1228000000.0,,,13856000000.0,39403000000.0,2017-03-24,2019-03-28,2017-03-24
BBY,2018-02-03,1000000000.0,,,13049000000.0,42151000000.0,2018-04-02,2019-03-28,2018-04-02
BBY,2019-02-02,1464000000.0,3306000000.0,2020-03-23,12901000000.0,42879000000.0,2019-03-28,2019-03-28,2019-03-28
BBY,2020-02-01,1541000000.0,3479000000.0,2020-03-23,15591000000.0,43638000000.0,2020-03-23,2020-03-23,2020-03-23
BBY,2021-01-30,1798000000.0,4587000000.0,2021-03-19,19067000000.0,47262000000.0,2021-03-19,2021-03-19,2021-03-19
BBY,2022-01-29,2454000000.0,3020000000.0,2022-03-18,17504000000.0,51761000000.0,2022-03-18,2022-03-18,2022-03-18
BBY,2023-01-28,1419000000.0,2795000000.0,2023-03-17,15803000000.0,46298000000.0,2023-03-17,2023-03-17,2023-03-17
BBY,2024-02-03,1241000000.0,3053000000.0,2024-03-15,14967000000.0,43452000000.0,2024-03-15,2024-03-15,2024-03-15
BBY,2025-02-01,927000000.0,2808000000.0,2025-03-19,14782000000.0,41528000000.0,2025-03-19,2025-03-19,2025-03-19
BBY,2026-01-31,1069000000.0,2964000000.0,2026-03-18,14670000000.0,41691000000.0,2026-03-18,2026-03-18,2026-03-18
BC,2008-12-31,,729900000.0,2012-02-23,,,,,
BC,2009-12-31,-586200000.0,210300000.0,2012-02-23,,,,,2012-02-23
BC,2010-12-31,-110600000.0,70400000.0,2012-02-23,2678000000.0,,2012-02-23,,2012-02-23
BC,2011-12-31,71900000.0,30900000.0,2012-02-23,2494000000.0,,2012-02-23,,2012-02-23
BC,2012-12-31,50000000.0,77700000.0,2013-02-21,2424200000.0,,2013-02-21,,2013-02-21
BC,2013-12-31,769200000.0,1038400000.0,2014-02-14,2915800000.0,,2014-02-14,,2014-02-14
BC,2014-12-31,245700000.0,1171500000.0,2015-02-20,3134400000.0,,2015-02-20,,2015-02-20
BC,2015-12-31,241400000.0,1281300000.0,2016-02-17,3152500000.0,,2016-02-17,,2016-02-17
BC,2016-12-31,276000000.0,1440100000.0,2017-02-17,3284700000.0,4488500000.0,2017-02-17,2019-02-19,2017-02-17
BC,2017-12-31,146400000.0,1482900000.0,2018-02-20,3358200000.0,4835900000.0,2018-02-20,2019-02-19,2018-02-20
BC,2018-12-31,265300000.0,1582600000.0,2019-02-19,4285700000.0,5159200000.0,2019-02-19,2019-02-19,2019-02-19
BC,2019-12-31,-131000000.0,1300900000.0,2020-02-18,3564400000.0,4108400000.0,2020-02-18,2020-02-18,2020-02-18
BC,2020-12-31,372700000.0,1510000000.0,2021-02-16,3770600000.0,4347500000.0,2021-02-16,2021-02-16,2021-02-16
BC,2021-12-31,593300000.0,1914200000.0,2022-02-16,5425000000.0,5846200000.0,2022-02-16,2022-02-16,2022-02-16
BC,2022-12-31,677000000.0,2042300000.0,2023-02-16,6321300000.0,6812200000.0,2023-02-16,2023-02-16,2023-02-16
BC,2023-12-31,420400000.0,2087400000.0,2024-02-16,6230500000.0,6401400000.0,2024-02-16,2024-02-16,2024-02-16
BC,2024-12-31,130100000.0,1892300000.0,2025-02-14,5677700000.0,5237100000.0,2025-02-14,2025-02-14,2025-02-14
BC,2025-12-31,-137300000.0,1625600000.0,2026-02-13,5312200000.0,5362800000.0,2026-02-13,2026-02-13,2026-02-13
BDX,2007-09-30,890033000.0,,,,,,,2009-11-25
BDX,2008-09-30,1126996000.0,4935568000.0,2009-11-25,7912943000.0,,2009-11-25,,2009-11-25
BDX,2009-09-30,1231603000.0,5142712000.0,2009-11-25,9304624000.0,,2009-11-25,,2009-11-25
BDX,2010-09-30,,5434580000.0,2010-11-24,9650694000.0,,2010-11-24,,
BDX,2011-09-30,,4828175000.0,2011-11-23,10430428000.0,,2011-11-23,,
BDX,2012-09-30,1170000000.0,4135889000.0,2012-11-21,11360909000.0,,2012-11-21,,2014-11-26
BDX,2013-09-30,1293000000.0,5043000000.0,2013-11-27,12149000000.0,,2013-11-27,,2014-11-26
BDX,2014-09-30,1185000000.0,5053000000.0,2014-11-26,12447000000.0,,2014-11-26,,2014-11-26
BDX,2015-09-30,695000000.0,7164000000.0,2015-11-25,26820000000.0,,2015-11-25,,2015-11-25
BDX,2016-09-30,976000000.0,7633000000.0,2016-11-23,25586000000.0,12483000000.0,2016-11-23,2018-11-21,2016-11-23
BDX,2017-09-30,1100000000.0,12948000000.0,2017-11-22,37734000000.0,12093000000.0,2017-11-22,2018-11-21,2017-11-22
BDX,2018-09-30,311000000.0,20994000000.0,2018-11-21,53904000000.0,15983000000.0,2018-11-21,2018-11-21,2018-11-21
BDX,2019-09-30,1233000000.0,21081000000.0,2019-11-27,51765000000.0,17290000000.0,2019-11-27,2019-11-27,2019-11-27
BDX,2020-09-30,874000000.0,23765000000.0,2020-11-25,54012000000.0,17117000000.0,2020-11-25,2020-11-25,2020-11-25
BDX,2021-09-30,2092000000.0,23677000000.0,2021-11-24,53866000000.0,20248000000.0,2021-11-24,2021-11-24,2021-11-24
BDX,2022-09-30,1779000000.0,25282000000.0,2022-11-22,52934000000.0,18870000000.0,2022-11-22,2022-11-22,2022-11-22
BDX,2023-09-30,1484000000.0,25796000000.0,2023-11-21,52780000000.0,19372000000.0,2023-11-21,2023-11-21,2023-11-21
BDX,2024-09-30,1705000000.0,25890000000.0,2024-11-27,57286000000.0,20178000000.0,2024-11-27,2024-11-27,2024-11-27
BDX,2025-09-30,1678000000.0,25390000000.0,2025-11-25,55325000000.0,21840000000.0,2025-11-25,2025-11-25,2025-11-25
BEAM,2018-12-31,,-117406000.0,2021-03-15,,,,,
BEAM,2019-12-31,-78326000.0,-201104000.0,2021-03-15,156099000.0,18000.0,2021-03-15,2021-03-15,2021-03-15
BEAM,2020-12-31,-194592000.0,245561000.0,2021-03-15,451677000.0,24000.0,2021-03-15,2021-03-15,2021-03-15
BEAM,2021-12-31,-370638000.0,826738000.0,2022-02-28,1474453000.0,,2022-02-28,,2022-02-28
BEAM,2022-12-31,-289088000.0,733474000.0,2023-02-28,1341714000.0,,2023-02-28,,2023-02-28
BEAM,2023-12-31,-132527000.0,981329000.0,2024-02-27,1459714000.0,,2024-02-27,,2024-02-27
BEAM,2024-12-31,-376742000.0,733545000.0,2025-02-25,1103824000.0,,2025-02-25,,2025-02-25
BEAM,2025-12-31,-79992000.0,1238358000.0,2026-02-24,1481177000.0,,2026-02-24,,2026-02-24
BEN,2006-09-30,,6684728000.0,2009-11-24,,,,,
BEN,2007-09-30,1772938000.0,7332275000.0,2009-11-24,,6205769000.0,,2009-11-24,2009-11-24
BEN,2008-09-30,1588213000.0,7074364000.0,2009-11-24,9176520000.0,6032386000.0,2009-11-24,2009-11-24,2009-11-24
BEN,2009-09-30,896778000.0,7632173000.0,2009-11-24,9468463000.0,4194087000.0,2009-11-24,2009-11-24,2009-11-24
BEN,2010-09-30,1445689000.0,7726994000.0,2010-11-16,10708088000.0,5852999000.0,2010-11-16,2010-11-16,2010-11-16
BEN,2011-09-30,1923580000.0,8524731000.0,2011-11-15,13775843000.0,7140039000.0,2011-11-15,2011-11-15,2011-11-15
BEN,2012-09-30,1931400000.0,9201300000.0,2012-11-15,14751500000.0,7101000000.0,2012-11-15,2012-11-15,2012-11-15
BEN,2013-09-30,2150200000.0,10073100000.0,2013-11-12,15390300000.0,7985000000.0,2013-11-12,2013-11-12,2013-11-12
BEN,2014-09-30,2384300000.0,11584100000.0,2014-11-12,16357100000.0,8491400000.0,2014-11-12,2014-11-12,2014-11-12
BEN,2015-09-30,2035300000.0,11841000000.0,2015-11-12,16335700000.0,7948700000.0,2015-11-12,2015-11-12,2015-11-12
BEN,2016-09-30,1726700000.0,11935800000.0,2016-11-14,16098800000.0,6618000000.0,2016-11-14,2016-11-14,2016-11-14
BEN,2017-09-30,1696700000.0,12620000000.0,2017-11-13,17534000000.0,6392200000.0,2017-11-13,2017-11-13,2017-11-13
BEN,2018-09-30,764400000.0,9899200000.0,2018-11-09,14383500000.0,6319100000.0,2018-11-09,2018-11-09,2018-11-09
BEN,2019-09-30,1195700000.0,9906500000.0,2019-11-12,14532200000.0,5774500000.0,2019-11-12,2019-11-12,2019-11-12
BEN,2020-09-30,798900000.0,10114500000.0,2020-11-23,20220900000.0,,2020-11-23,,2020-11-23
BEN,2021-09-30,1831200000.0,11223400000.0,2021-11-19,24168400000.0,,2021-11-19,,2021-11-19
BEN,2022-09-30,1291900000.0,11474600000.0,2022-11-14,28060600000.0,,2022-11-14,,2022-11-14
BEN,2023-09-30,882800000.0,11916900000.0,2023-11-14,30121200000.0,,2023-11-14,,2023-11-14
BEN,2024-09-30,464800000.0,12508100000.0,2024-11-12,32464500000.0,,2024-11-12,,2024-11-12
BEN,2025-09-30,524900000.0,12077800000.0,2025-11-10,32368300000.0,,2025-11-10,,2025-11-10
BF-B,2009-04-30,435000000.0,1816000000.0,2011-06-27,,,,,2011-06-27
BF-B,2010-04-30,449000000.0,1895000000.0,2011-06-27,3383000000.0,,2011-06-27,,2011-06-27
BF-B,2011-04-30,572000000.0,2060000000.0,2011-06-27,3712000000.0,,2011-06-27,,2011-06-27
BF-B,2012-04-30,513000000.0,2069000000.0,2012-06-27,3477000000.0,,2012-06-27,,2012-06-27
BF-B,2013-04-30,591000000.0,1628000000.0,2013-06-27,3626000000.0,,2013-06-27,,2013-06-27
BF-B,2014-04-30,659000000.0,2032000000.0,2014-06-20,4103000000.0,,2014-06-20,,2014-06-20
BF-B,2015-04-30,684000000.0,1905000000.0,2015-06-18,4193000000.0,,2015-06-18,,2015-06-18
BF-B,2016-04-30,1067000000.0,1562000000.0,2016-06-16,4183000000.0,,2016-06-16,,2016-06-16
BF-B,2017-04-30,669000000.0,1370000000.0,2017-06-15,4625000000.0,2994000000.0,2017-06-15,2019-06-13,2017-06-15
BF-B,2018-04-30,717000000.0,1316000000.0,2018-06-13,4976000000.0,3248000000.0,2018-06-13,2019-06-13,2018-06-13
BF-B,2019-04-30,835000000.0,1647000000.0,2019-06-13,5139000000.0,3324000000.0,2019-06-13,2019-06-13,2019-06-13
BF-B,2020-04-30,827000000.0,1975000000.0,2020-06-19,5766000000.0,3363000000.0,2020-06-19,2020-06-19,2020-06-19
BF-B,2021-04-30,903000000.0,2656000000.0,2021-06-21,6522000000.0,3461000000.0,2021-06-21,2021-06-21,2021-06-21
BF-B,2022-04-30,838000000.0,2737000000.0,2022-06-17,6373000000.0,3933000000.0,2022-06-17,2022-06-17,2022-06-17
BF-B,2023-04-30,783000000.0,3268000000.0,2023-06-16,7777000000.0,4228000000.0,2023-06-16,2023-06-16,2023-06-16
BF-B,2024-04-30,1024000000.0,3517000000.0,2024-06-14,8166000000.0,4178000000.0,2024-06-14,2024-06-14,2024-06-14
BF-B,2025-04-30,869000000.0,3993000000.0,2025-06-13,8086000000.0,3975000000.0,2025-06-13,2025-06-13,2025-06-13
BF-B,2026-04-30,715000000.0,4020000000.0,2026-06-12,7894000000.0,3928000000.0,2026-06-12,2026-06-12,2026-06-12
BHF,2015-12-31,,,,,8891000000.0,,2018-03-16,
BHF,2016-12-31,,14862000000.0,2018-03-16,221930000000.0,3018000000.0,2018-03-16,2018-03-16,
BHF,2017-12-31,-378000000.0,14515000000.0,2018-03-16,224192000000.0,6842000000.0,2018-03-16,2018-03-16,2020-02-26
BHF,2018-12-31,865000000.0,14418000000.0,2019-02-26,206294000000.0,8965000000.0,2019-02-26,2019-02-26,2020-02-26
BHF,2019-12-31,-740000000.0,16172000000.0,2020-02-26,227259000000.0,6554000000.0,2020-02-26,2020-02-26,2020-02-26
BHF,2020-12-31,-1061000000.0,18023000000.0,2021-02-24,247869000000.0,8503000000.0,2021-02-24,2021-02-24,2021-02-24
BHF,2021-12-31,-108000000.0,16142000000.0,2022-02-24,259840000000.0,7142000000.0,2022-02-24,2022-02-24,2022-02-24
BHF,2022-12-31,5000000.0,5973000000.0,2023-02-23,225580000000.0,8473000000.0,2023-02-23,2023-02-23,2023-02-23
BHF,2023-12-31,-1112000000.0,4943000000.0,2024-02-22,236340000000.0,4117000000.0,2024-02-22,2024-02-22,2024-02-22
BHF,2024-12-31,388000000.0,4959000000.0,2025-02-28,238537000000.0,4724000000.0,2025-02-28,2025-02-28,2025-02-28
BHF,2025-12-31,433000000.0,6768000000.0,2026-02-24,241800000000.0,6766000000.0,2026-02-24,2026-02-24,2026-02-24
BIIB,2007-12-31,638172000.0,,,,3171617000.0,,2010-02-09,2010-02-09
BIIB,2008-12-31,783167000.0,5806083000.0,2010-02-09,8478991000.0,4097507000.0,2010-02-09,2010-02-09,2010-02-09
BIIB,2009-12-31,970132000.0,6221530000.0,2010-02-09,8551854000.0,4377348000.0,2010-02-09,2010-02-09,2010-02-09
BIIB,2010-12-31,1005273000.0,5396506000.0,2011-02-04,8092493000.0,4716423000.0,2011-02-04,2011-02-04,2011-02-04
BIIB,2011-12-31,1234428000.0,6425499000.0,2012-02-03,9049604000.0,5048634000.0,2012-02-03,2012-02-03,2012-02-03
BIIB,2012-12-31,1380033000.0,6961523000.0,2013-02-05,10130118000.0,5516461000.0,2013-02-05,2013-02-05,2013-02-05
BIIB,2013-12-31,1862341000.0,8620242000.0,2014-02-06,11863335000.0,6932199000.0,2014-02-06,2014-02-06,2014-02-06
BIIB,2014-12-31,2934784000.0,10809010000.0,2015-02-04,14316559000.0,9703324000.0,2015-02-04,2015-02-04,2015-02-04
BIIB,2015-12-31,3547000000.0,9372800000.0,2016-02-03,19504800000.0,10763800000.0,2016-02-03,2016-02-03,2016-02-03
BIIB,2016-12-31,3702800000.0,12140100000.0,2017-02-02,22876800000.0,11448800000.0,2017-02-02,2017-02-02,2017-02-02
BIIB,2017-12-31,2539100000.0,12612800000.0,2018-02-01,23652600000.0,12273900000.0,2018-02-01,2018-02-01,2018-02-01
BIIB,2018-12-31,4430700000.0,13039600000.0,2019-02-06,25288900000.0,13452900000.0,2019-02-06,2019-02-06,2019-02-06
BIIB,2019-12-31,5888500000.0,13343200000.0,2020-02-06,27234300000.0,14377900000.0,2020-02-06,2020-02-06,2020-02-06
BIIB,2020-12-31,4000600000.0,10700300000.0,2021-02-03,24618900000.0,13444600000.0,2021-02-03,2021-02-03,2021-02-03
BIIB,2021-12-31,1556100000.0,10896200000.0,2022-02-03,23877300000.0,10981700000.0,2022-02-03,2022-02-03,2022-02-03
BIIB,2022-12-31,3046900000.0,13397900000.0,2023-02-15,24554100000.0,10173400000.0,2023-02-15,2023-02-15,2023-02-15
BIIB,2023-12-31,1161100000.0,14799400000.0,2024-02-14,26844800000.0,9835600000.0,2024-02-14,2024-02-14,2024-02-14
BIIB,2024-12-31,1632200000.0,,,28049300000.0,9675900000.0,2025-02-12,2025-02-12,2025-02-12
BIIB,2025-12-31,1292900000.0,,,29439500000.0,9890600000.0,2026-02-06,2026-02-06,2026-02-06
BIO,2008-12-31,89510000.0,,,,1764365000.0,,2011-02-28,2011-02-28
BIO,2009-12-31,144620000.0,1259726000.0,2011-02-28,2535853000.0,1784244000.0,2011-02-28,2011-02-28,2011-02-28
BIO,2010-12-31,185490000.0,1536696000.0,2011-02-28,3062764000.0,1927118000.0,2011-02-28,2011-02-28,2011-02-28
BIO,2011-12-31,178223000.0,1743937000.0,2012-02-29,3096803000.0,2073529000.0,2012-02-29,2012-02-29,2012-02-29
BIO,2012-12-31,163778000.0,2010735000.0,2013-03-18,3436753000.0,2069235000.0,2013-03-18,2013-03-18,2013-03-18
BIO,2013-12-31,77790000.0,2186722000.0,2014-03-18,3388790000.0,2132694000.0,2014-03-18,2014-03-18,2014-03-18
BIO,2014-12-31,88845000.0,2185155000.0,2015-03-02,3341278000.0,2175044000.0,2015-03-02,2015-03-02,2015-03-02
BIO,2015-12-31,113093000.0,2490503000.0,2016-02-29,3711542000.0,2019441000.0,2016-02-29,2016-02-29,2016-02-29
BIO,2016-12-31,28125000.0,2586759000.0,2017-03-01,3850504000.0,2068172000.0,2017-03-01,2017-03-01,2017-03-01
BIO,2017-12-31,122249000.0,2930250000.0,2018-04-16,4273012000.0,2160153000.0,2018-04-16,2018-04-16,2018-04-16
BIO,2018-12-31,365614000.0,4020331000.0,2019-04-01,5611068000.0,,2019-04-01,,2019-04-01
BIO,2019-12-31,1758675000.0,5755057000.0,2020-03-02,8008859000.0,,2020-03-02,,2020-03-02
BIO,2020-12-31,3806267000.0,9879940000.0,2021-02-16,12972618000.0,,2021-02-16,,2021-02-16
BIO,2021-12-31,4245902000.0,13667134000.0,2022-02-11,17775795000.0,,2022-02-11,,2022-02-11
BIO,2022-12-31,-3627535000.0,9615252000.0,2023-02-17,13501666000.0,,2023-02-17,,2023-02-17
BIO,2023-12-31,-637324000.0,8741133000.0,2024-02-16,12299070000.0,,2024-02-16,,2024-02-16
BIO,2024-12-31,-1844200000.0,6569300000.0,2025-02-14,9364100000.0,,2025-02-14,,2025-02-14
BIO,2025-12-31,759900000.0,7453600000.0,2026-02-13,10576500000.0,,2026-02-13,,2026-02-13
BKNG,2008-12-31,182246000.0,698826000.0,2012-02-27,,,,,2011-02-25
BKNG,2009-12-31,489472000.0,1321629000.0,2012-02-27,1834224000.0,,2011-02-25,,2011-02-25
BKNG,2010-12-31,527541000.0,1813336000.0,2012-02-27,2905953000.0,,2011-02-25,,2011-02-25
BKNG,2011-12-31,,2574295000.0,2012-02-27,3970671000.0,,2012-02-27,,
BKNG,2012-12-31,,3896975000.0,2013-02-27,6569742000.0,,2013-02-27,,
BKNG,2013-12-31,,6909729000.0,2014-02-20,10444460000.0,,2014-02-20,,
BKNG,2014-12-31,,8566694000.0,2015-02-19,14940563000.0,,2015-02-19,,
BKNG,2015-12-31,,8795469000.0,2016-02-17,17420575000.0,,2016-02-17,,
BKNG,2016-12-31,,9820142000.0,2017-02-27,19838973000.0,10743000000.0,2017-02-27,2019-02-27,
BKNG,2017-12-31,,11260598000.0,2018-02-27,25451263000.0,12681000000.0,2018-02-27,2019-02-27,
BKNG,2018-12-31,,8785000000.0,2019-02-27,22687000000.0,14527000000.0,2019-02-27,2019-02-27,
BKNG,2019-12-31,,5933000000.0,2020-02-26,21402000000.0,15066000000.0,2020-02-26,2020-02-26,
BKNG,2020-12-31,,4893000000.0,2021-02-24,21874000000.0,6796000000.0,2021-02-24,2021-02-24,
BKNG,2021-12-31,,6178000000.0,2022-02-23,23641000000.0,10958000000.0,2022-02-23,2022-02-23,
BKNG,2022-12-31,,2782000000.0,2023-02-23,25361000000.0,17090000000.0,2023-02-23,2023-02-23,
BKNG,2023-12-31,,-2744000000.0,2024-02-22,24342000000.0,21365000000.0,2024-02-22,2024-02-22,
BKNG,2024-12-31,,-4020000000.0,2025-02-20,27708000000.0,23739000000.0,2025-02-20,2025-02-20,
BKNG,2025-12-31,,-5578000000.0,2026-02-18,29264000000.0,26917000000.0,2026-02-18,2026-02-18,
BKR,2015-12-31,0.0,,,,16688000000.0,,2018-02-23,2018-02-23
BKR,2016-12-31,0.0,14688000000.0,2018-02-23,21721000000.0,13269000000.0,2018-02-23,2018-02-23,2018-02-23
BKR,2017-12-31,-73000000.0,14709000000.0,2018-02-23,57050000000.0,17259000000.0,2018-02-23,2018-02-23,2018-02-23
BKR,2018-12-31,195000000.0,17465000000.0,2019-02-19,52439000000.0,,2019-02-19,,2019-02-19
BKR,2019-12-31,128000000.0,21929000000.0,2020-02-13,53369000000.0,,2020-02-13,,2020-02-13
BKR,2020-12-31,-9940000000.0,12893000000.0,2021-02-25,38007000000.0,,2021-02-25,,2021-02-25
BKR,2021-12-31,-219000000.0,14830000000.0,2022-02-11,35308000000.0,,2022-02-11,,2022-02-11
BKR,2022-12-31,-601000000.0,14394000000.0,2023-02-14,34181000000.0,,2023-02-14,,2023-02-14
BKR,2023-12-31,1943000000.0,15368000000.0,2024-02-05,36945000000.0,,2024-02-05,,2024-02-05
BKR,2024-12-31,2979000000.0,16895000000.0,2025-02-04,38363000000.0,,2025-02-04,,2025-02-04
BKR,2025-12-31,2588000000.0,18834000000.0,2026-02-05,40881000000.0,,2026-02-05,,2026-02-05
BLK,2022-12-31,5178000000.0,,,,11061000000.0,,2025-02-25,2025-02-25
BLK,2023-12-31,5502000000.0,39347000000.0,2025-02-25,123211000000.0,11012000000.0,2025-02-25,2025-02-25,2025-02-25
BLK,2024-12-31,6369000000.0,47495000000.0,2025-02-25,138615000000.0,12794000000.0,2025-02-25,2025-02-25,2025-02-25
BLK,2025-12-31,5553000000.0,55888000000.0,2026-02-25,169998000000.0,,2026-02-25,,2026-02-25
BMY,2007-12-31,2165000000.0,,,,,,,2010-02-19
BMY,2008-12-31,5247000000.0,12241000000.0,2010-02-19,29486000000.0,,2010-02-19,,2010-02-19
BMY,2009-12-31,10612000000.0,14843000000.0,2010-02-19,31008000000.0,,2010-02-19,,2010-02-19
BMY,2010-12-31,3102000000.0,15713000000.0,2011-02-18,31076000000.0,,2011-02-18,,2011-02-18
BMY,2011-03-31,,,,30851000000.0,,2013-02-15,,
BMY,2011-06-30,,,,31833000000.0,,2013-02-15,,
BMY,2011-09-30,,,,32014000000.0,,2013-02-15,,
BMY,2011-12-31,3709000000.0,15956000000.0,2012-02-17,32970000000.0,,2012-02-17,,2012-02-17
BMY,2012-03-31,,,,32408000000.0,,2013-02-15,,
BMY,2012-06-30,,,,31667000000.0,,2013-02-15,,
BMY,2012-09-30,,,,36044000000.0,,2013-02-15,,
BMY,2012-12-31,1960000000.0,13623000000.0,2013-02-15,35897000000.0,,2013-02-15,,2013-02-15
BMY,2013-03-31,,,,35958000000.0,,2014-02-14,,
BMY,2013-06-30,,,,36252000000.0,,2014-02-14,,
BMY,2013-09-30,,,,36804000000.0,,2014-02-14,,
BMY,2013-12-31,2563000000.0,15154000000.0,2014-02-14,38592000000.0,,2014-02-14,,2014-02-14
BMY,2014-03-31,,,,33424000000.0,,2015-02-13,,
BMY,2014-06-30,,,,33503000000.0,,2015-02-13,,
BMY,2014-09-30,,,,33450000000.0,,2015-02-13,,
BMY,2014-12-31,2004000000.0,14852000000.0,2015-02-13,33749000000.0,,2015-02-13,,2015-02-13
BMY,2015-03-31,,,,33579000000.0,,2016-02-12,,
BMY,2015-06-30,,,,31954000000.0,,2016-02-12,,
BMY,2015-09-30,,,,31779000000.0,,2016-02-12,,
BMY,2015-12-31,1565000000.0,14266000000.0,2016-02-12,31748000000.0,,2016-02-12,,2016-02-12
BMY,2016-03-31,,,,31892000000.0,,2017-02-21,,
BMY,2016-06-30,,,,32831000000.0,,2017-02-21,,
BMY,2016-09-30,,,,33727000000.0,,2017-02-21,,
BMY,2016-12-31,4457000000.0,16177000000.0,2017-02-21,33707000000.0,19427000000.0,2017-02-21,2019-02-25,2017-02-21
BMY,2017-03-31,,,,32937000000.0,,2018-02-13,,
BMY,2017-06-30,,,,33409000000.0,,2018-02-13,,
BMY,2017-09-30,,,,33977000000.0,,2018-02-13,,
BMY,2017-12-31,1007000000.0,11741000000.0,2018-02-13,33551000000.0,20776000000.0,2018-02-13,2019-02-25,2018-02-13
BMY,2018-03-31,,,,33083000000.0,,2019-02-25,,
BMY,2018-06-30,,,,32641000000.0,,2019-02-25,,
BMY,2018-09-30,,,,33734000000.0,,2019-02-25,,
BMY,2018-12-31,4920000000.0,14031000000.0,2019-02-25,34986000000.0,22561000000.0,2019-02-25,2019-02-25,2019-02-25
BMY,2019-03-31,,,,34834000000.0,,2020-02-24,,
BMY,2019-06-30,,,,55163000000.0,,2020-02-24,,
BMY,2019-09-30,,,,57433000000.0,,2020-02-24,,
BMY,2019-12-31,3439000000.0,51598000000.0,2020-02-24,129944000000.0,26145000000.0,2020-02-24,2020-02-24,2020-02-24
BMY,2020-03-31,,,,129285000000.0,,2021-02-10,,
BMY,2020-06-30,,,,128076000000.0,,2021-02-10,,
BMY,2020-09-30,,,,125536000000.0,,2021-02-10,,
BMY,2020-12-31,-9015000000.0,37822000000.0,2021-02-10,118481000000.0,42518000000.0,2021-02-10,2021-02-10,2021-02-10
BMY,2021-12-31,6994000000.0,35946000000.0,2022-02-09,109314000000.0,46385000000.0,2022-02-09,2022-02-09,2022-02-09
BMY,2022-12-31,6327000000.0,31061000000.0,2023-02-14,96820000000.0,46159000000.0,2023-02-14,2023-02-14,2023-02-14
BMY,2023-12-31,8025000000.0,29430000000.0,2024-02-13,95159000000.0,45006000000.0,2024-02-13,2024-02-13,2024-02-13
BMY,2024-12-31,-8948000000.0,16335000000.0,2025-02-12,92603000000.0,48300000000.0,2025-02-12,2025-02-12,2025-02-12
BMY,2025-12-31,7054000000.0,18473000000.0,2026-02-11,90038000000.0,48194000000.0,2026-02-11,2026-02-11,2026-02-11
BR,2008-06-30,,745800000.0,2011-08-12,,,,,
BR,2009-06-30,,909000000.0,2011-08-12,2774700000.0,2073000000.0,2011-08-12,2011-08-12,
BR,2010-06-30,,807100000.0,2011-08-12,1794400000.0,2209200000.0,2011-08-12,2011-08-12,
BR,2011-06-30,169600000.0,797300000.0,2011-08-12,1904000000.0,2166900000.0,2011-08-12,2011-08-12,2013-08-08
BR,2012-06-30,123600000.0,850500000.0,2012-08-09,1987600000.0,2303500000.0,2012-08-09,2012-08-09,2013-08-08
BR,2013-06-30,212100000.0,816000000.0,2013-08-08,2018200000.0,2430800000.0,2013-08-08,2013-08-08,2013-08-08
BR,2014-06-30,,961700000.0,2014-08-07,2192100000.0,2558000000.0,2014-08-07,2014-08-07,
BR,2015-06-30,,927800000.0,2015-08-07,2368100000.0,2694200000.0,2015-08-07,2015-08-07,
BR,2016-06-30,,1045500000.0,2016-08-09,2879800000.0,2897000000.0,2016-08-09,2016-08-09,
BR,2017-06-30,,1003800000.0,2017-08-10,3149800000.0,4142600000.0,2017-08-10,2017-08-10,
BR,2018-06-30,427900000.0,1094300000.0,2018-08-07,3304700000.0,,2018-08-07,,2020-08-11
BR,2019-06-30,482100000.0,1127500000.0,2019-08-06,3880700000.0,,2019-08-06,,2020-08-11
BR,2020-06-30,462500000.0,1346500000.0,2020-08-11,4889800000.0,,2020-08-11,,2020-08-11
BR,2021-06-30,547500000.0,1809100000.0,2021-08-12,8119800000.0,,2021-08-12,,2021-08-12
BR,2022-06-30,539100000.0,1919100000.0,2022-08-12,8168800000.0,,2022-08-12,,2022-08-12
BR,2023-06-30,630600000.0,2240600000.0,2023-08-08,8233200000.0,,2023-08-08,,2023-08-08
BR,2024-06-30,698100000.0,2168200000.0,2024-08-06,8242400000.0,,2024-08-06,,2024-08-06
BR,2025-06-30,839500000.0,2655100000.0,2025-08-05,8545000000.0,,2025-08-05,,2025-08-05
BR,2026-06-30,1124300000.0,2840500000.0,2026-08-04,8945300000.0,,2026-08-04,,2026-08-04
BRK-B,2007-12-31,13213000000.0,,,,118245000000.0,,2010-03-01,2010-03-01
BRK-B,2008-12-31,4994000000.0,109267000000.0,2010-03-01,267399000000.0,107786000000.0,2010-03-01,2010-03-01,2010-03-01
BRK-B,2009-12-31,8055000000.0,131102000000.0,2010-03-01,297119000000.0,112493000000.0,2010-03-01,2010-03-01,2010-03-01
BRK-B,2010-12-31,12967000000.0,157318000000.0,2011-02-28,372229000000.0,136185000000.0,2011-02-28,2011-02-28,2011-02-28
BRK-B,2011-12-31,10254000000.0,164850000000.0,2012-02-27,392647000000.0,143688000000.0,2012-02-27,2012-02-27,2012-02-27
BRK-B,2012-12-31,14824000000.0,187647000000.0,2013-03-01,427452000000.0,162463000000.0,2013-03-01,2013-03-01,2013-03-01
BRK-B,2013-12-31,19476000000.0,221890000000.0,2014-03-03,484931000000.0,182150000000.0,2014-03-03,2014-03-03,2014-03-03
BRK-B,2014-12-31,19872000000.0,240170000000.0,2015-03-02,526186000000.0,194673000000.0,2015-03-02,2015-03-02,2015-03-02
BRK-B,2015-12-31,24083000000.0,255550000000.0,2016-02-29,552257000000.0,210821000000.0,2016-02-29,2016-02-29,2016-02-29
BRK-B,2016-12-31,24074000000.0,283001000000.0,2017-02-27,620854000000.0,223604000000.0,2017-02-27,2017-02-27,2017-02-27
BRK-B,2017-12-31,44940000000.0,348296000000.0,2018-02-26,702095000000.0,242137000000.0,2018-02-26,2018-02-26,2018-02-26
BRK-B,2018-12-31,4021000000.0,348703000000.0,2019-02-25,707794000000.0,247837000000.0,2019-02-25,2019-02-25,2019-02-25
BRK-B,2019-12-31,81417000000.0,424791000000.0,2020-02-24,817729000000.0,254616000000.0,2020-02-24,2020-02-24,2020-02-24
BRK-B,2020-12-31,42521000000.0,443164000000.0,2021-03-01,873729000000.0,245510000000.0,2021-03-01,2021-03-01,2021-03-01
BRK-B,2021-01-01,,436736000000.0,2024-02-26,,,,,
BRK-B,2021-12-31,89795000000.0,506199000000.0,2022-02-28,958784000000.0,276094000000.0,2022-02-28,2022-02-28,2022-02-28
BRK-B,2022-12-31,-22819000000.0,472360000000.0,2023-02-27,948452000000.0,302089000000.0,2023-02-27,2023-02-27,2023-02-27
BRK-B,2023-12-31,96223000000.0,561273000000.0,2024-02-26,1069978000000.0,364482000000.0,2024-02-26,2024-02-26,2024-02-26
BRK-B,2024-12-31,88995000000.0,649368000000.0,2025-02-24,1153881000000.0,371433000000.0,2025-02-24,2025-02-24,2025-02-24
BRK-B,2025-12-31,66968000000.0,717419000000.0,2026-03-02,1222176000000.0,371444000000.0,2026-03-02,2026-03-02,2026-03-02
BRO,2007-12-31,,1097458000.0,2011-03-01,,,,,
BRO,2008-12-31,166124000.0,1241741000.0,2011-03-01,,977554000.0,,2011-03-01,2011-03-01
BRO,2009-12-31,153294000.0,1369874000.0,2011-03-01,2224226000.0,967877000.0,2011-03-01,2011-03-01,2011-03-01
BRO,2010-12-31,161752000.0,1506344000.0,2011-03-01,2400814000.0,973492000.0,2011-03-01,2011-03-01,2011-03-01
BRO,2011-12-31,163995000.0,1643963000.0,2012-02-29,2607011000.0,1013542000.0,2012-02-29,2012-02-29,2012-02-29
BRO,2012-12-31,184045000.0,1807333000.0,2013-03-01,3128058000.0,1200032000.0,2013-03-01,2013-03-01,2013-03-01
BRO,2013-12-31,217112000.0,2007141000.0,2014-02-28,3649508000.0,1363279000.0,2014-02-28,2014-02-28,2014-02-28
BRO,2014-12-31,206896000.0,2113745000.0,2015-03-02,4956458000.0,1575796000.0,2015-03-02,2015-03-02,2015-03-02
BRO,2015-12-31,243318000.0,2149776000.0,2016-02-26,5012739000.0,1660509000.0,2016-02-26,2016-02-26,2016-02-26
BRO,2016-12-31,257491000.0,2360211000.0,2017-02-24,5287343000.0,1766629000.0,2017-02-24,2017-02-24,2017-02-24
BRO,2017-12-31,399630000.0,2582699000.0,2018-02-28,5747550000.0,1881347000.0,2018-02-28,2018-02-28,2018-02-28
BRO,2018-12-31,344255000.0,3000568000.0,2019-02-26,6688668000.0,2014246000.0,2019-02-26,2019-02-26,2019-02-26
BRO,2019-01-01,,,,6863968000.0,,2020-02-24,,
BRO,2019-12-31,398514000.0,3350279000.0,2020-02-24,7622821000.0,2392171000.0,2020-02-24,2020-02-24,2020-02-24
BRO,2020-12-31,480483000.0,3754223000.0,2021-02-23,8966492000.0,2613375000.0,2021-02-23,2021-02-23,2021-02-23
BRO,2021-12-31,587104000.0,4196893000.0,2022-02-23,9795443000.0,3051398000.0,2022-02-23,2022-02-23,2022-02-23
BRO,2022-12-31,671800000.0,4606600000.0,2023-02-27,13973500000.0,3573400000.0,2023-02-27,2023-02-27,2023-02-27
BRO,2023-12-31,870500000.0,5578800000.0,2024-02-22,14883400000.0,4257100000.0,2024-02-22,2024-02-22,2024-02-22
BRO,2024-12-31,993000000.0,,,17612000000.0,4805000000.0,2025-02-13,2025-02-13,2025-02-13
BRO,2025-12-31,1054000000.0,,,29991000000.0,5902000000.0,2026-02-12,2026-02-12,2026-02-12
BSX,2008-12-31,,,,27139000000.0,,2010-02-26,,
BSX,2009-12-31,,,,25177000000.0,,2010-02-26,,
BSX,2010-12-31,,,,22128000000.0,,2011-02-17,,
BSX,2011-12-31,,,,21290000000.0,,2012-02-17,,
BSX,2012-12-31,,,,17154000000.0,6958000000.0,2013-02-22,2015-02-25,
BSX,2013-12-31,,,,16571000000.0,7072000000.0,2014-02-26,2015-02-25,
BSX,2014-12-31,,,,17042000000.0,7462000000.0,2015-02-25,2015-02-25,
BSX,2015-12-31,,,,18133000000.0,8068000000.0,2016-02-24,2016-02-24,
BSX,2016-12-31,,,,18096000000.0,9076000000.0,2017-02-23,2017-02-23,
BSX,2017-12-31,,,,19042000000.0,,2018-02-20,,
BSX,2018-12-31,,,,20999000000.0,,2019-02-19,,
BSX,2019-12-31,,,,30565000000.0,,2020-02-25,,
BSX,2020-12-31,,,,30777000000.0,,2021-02-23,,
BSX,2021-12-31,,16622000000.0,2024-02-20,32229000000.0,,2022-02-23,,
BSX,2022-12-31,,17573000000.0,2024-02-20,32469000000.0,,2023-02-23,,
BSX,2023-12-31,,19282000000.0,2024-02-20,35136000000.0,,2024-02-20,,
BSX,2024-12-31,,21770000000.0,2025-02-18,39395000000.0,,2025-02-18,,
BSX,2025-12-31,,24233000000.0,2026-02-17,43673000000.0,,2026-02-17,,
BWA,2007-12-31,288500000.0,,,,,,,2010-02-11
BWA,2008-12-31,-35600000.0,2006000000.0,2010-02-11,4644000000.0,,2010-02-11,,2010-02-11
BWA,2009-12-31,27000000.0,2185300000.0,2010-02-11,4811400000.0,,2010-02-11,,2010-02-11
BWA,2010-12-31,377400000.0,2258600000.0,2011-02-10,5555000000.0,,2011-02-10,,2011-02-10
BWA,2011-12-31,550100000.0,2387900000.0,2012-02-14,5958600000.0,7114700000.0,2012-02-14,2014-02-13,2012-02-14
BWA,2012-12-31,500900000.0,3082600000.0,2013-02-14,6400800000.0,7183200000.0,2013-02-14,2014-02-13,2013-02-14
BWA,2013-12-31,624300000.0,3560600000.0,2014-02-13,6917000000.0,7436600000.0,2014-02-13,2014-02-13,2014-02-13
BWA,2014-12-31,655800000.0,3616200000.0,2015-02-12,7228000000.0,8305100000.0,2015-02-12,2015-02-12,2015-02-12
BWA,2015-12-31,609700000.0,3553700000.0,2016-02-11,8841500000.0,8023200000.0,2016-02-11,2016-02-11,2016-02-11
BWA,2016-12-31,118500000.0,3218300000.0,2017-02-09,8834700000.0,9071000000.0,2017-02-09,2017-02-09,2017-02-09
BWA,2017-12-31,439900000.0,3716800000.0,2018-02-08,9787600000.0,9799300000.0,2018-02-08,2018-02-08,2018-02-08
BWA,2018-12-31,930700000.0,4225500000.0,2019-02-19,10095300000.0,10529600000.0,2019-02-19,2019-02-19,2019-02-19
BWA,2019-12-31,746000000.0,4706000000.0,2020-02-13,9702000000.0,10168000000.0,2020-02-13,2020-02-13,2020-02-13
BWA,2020-12-31,500000000.0,6428000000.0,2021-02-22,16029000000.0,10165000000.0,2021-02-22,2021-02-22,2021-02-22
BWA,2021-12-31,537000000.0,6948000000.0,2022-02-15,16575000000.0,14838000000.0,2022-02-15,2022-02-15,2022-02-15
BWA,2022-12-31,944000000.0,7224000000.0,2023-02-09,16994000000.0,15801000000.0,2023-02-09,2023-02-09,2023-02-09
BWA,2023-12-31,625000000.0,5828000000.0,2024-02-08,14453000000.0,14198000000.0,2024-02-08,2024-02-08,2024-02-08
BWA,2024-12-31,338000000.0,5532000000.0,2025-02-06,13993000000.0,14086000000.0,2025-02-06,2025-02-06,2025-02-06
BWA,2025-12-31,277000000.0,5442000000.0,2026-02-11,13769000000.0,14316000000.0,2026-02-11,2026-02-11,2026-02-11
BXP,2007-12-31,1310106000.0,,,,1482289000.0,,2010-02-25,2010-02-25
BXP,2008-12-31,105270000.0,3688993000.0,2010-02-25,10917476000.0,1488400000.0,2010-02-25,2010-02-25,2010-02-25
BXP,2009-12-31,231014000.0,4446002000.0,2010-02-25,12348703000.0,1522249000.0,2010-02-25,2010-02-25,2010-02-25
BXP,2010-12-31,159072000.0,4372643000.0,2011-02-25,13348263000.0,1550804000.0,2011-02-25,2011-02-25,2011-02-25
BXP,2011-12-31,272679000.0,4865998000.0,2012-02-28,14782966000.0,1759526000.0,2012-02-28,2012-02-28,2012-02-28
BXP,2012-12-31,289650000.0,5097065000.0,2013-02-28,15462321000.0,1876267000.0,2013-02-28,2013-02-28,2013-02-28
BXP,2013-12-31,749811000.0,5741153000.0,2014-02-28,20162251000.0,2135539000.0,2014-02-28,2014-02-28,2014-02-28
BXP,2014-12-31,443611000.0,5697298000.0,2015-03-02,19886767000.0,2396998000.0,2015-03-02,2015-03-02,2015-03-02
BXP,2015-12-31,583106000.0,5709435000.0,2016-02-29,18379456000.0,2490821000.0,2016-02-29,2016-02-29,2016-02-29
BXP,2016-12-31,512785000.0,5786295000.0,2017-02-28,18851643000.0,2550820000.0,2017-02-28,2017-02-28,2017-02-28
BXP,2017-12-31,462439000.0,5813957000.0,2018-02-28,19372233000.0,2602076000.0,2018-02-28,2018-02-28,2018-02-28
BXP,2018-12-31,582847000.0,5883171000.0,2019-02-28,20256477000.0,2717076000.0,2019-02-28,2019-02-28,2019-02-28
BXP,2019-12-31,521534000.0,5684687000.0,2020-03-02,21284905000.0,2960562000.0,2020-03-02,2020-03-02,2020-03-02
BXP,2020-12-31,872727000.0,5996083000.0,2021-02-26,22858190000.0,2765686000.0,2021-02-26,2021-02-26,2021-02-26
BXP,2021-12-31,505195000.0,5834020000.0,2022-02-25,22365258000.0,2888621000.0,2022-02-25,2022-02-25,2022-02-25
BXP,2022-12-31,848947000.0,6132919000.0,2023-02-27,24207669000.0,3108581000.0,2023-02-27,2023-02-27,2023-02-27
BXP,2023-12-31,190215000.0,5876697000.0,2024-02-27,26026149000.0,3273569000.0,2024-02-27,2024-02-27,2024-02-27
BXP,2024-12-31,14272000.0,5413306000.0,2025-02-27,26084980000.0,3407719000.0,2025-02-27,2025-02-27,2025-02-27
BXP,2025-12-31,276800000.0,5147190000.0,2026-02-27,26166164000.0,3482279000.0,2026-02-27,2026-02-27,2026-02-27
C,2007-12-31,3617000000.0,,,,77300000000.0,,2010-02-26,2010-02-26
C,2008-12-31,-27684000000.0,141630000000.0,2010-02-26,1938470000000.0,51599000000.0,2010-02-26,2010-02-26,2010-02-26
C,2009-12-31,-1606000000.0,152700000000.0,2010-02-26,1856646000000.0,80285000000.0,2010-02-26,2010-02-26,2010-02-26
C,2010-12-31,10602000000.0,163468000000.0,2011-02-25,1913902000000.0,86601000000.0,2011-02-25,2011-02-25,2011-02-25
C,2011-12-31,11067000000.0,177806000000.0,2012-02-24,1873878000000.0,78353000000.0,2012-02-24,2012-02-24,2012-02-24
C,2012-12-31,7541000000.0,189049000000.0,2013-03-01,1864660000000.0,70173000000.0,2013-03-01,2013-03-01,2013-03-01
C,2013-12-31,13673000000.0,204339000000.0,2014-03-03,1880382000000.0,76366000000.0,2014-03-03,2014-03-03,2014-03-03
C,2014-12-31,7313000000.0,210534000000.0,2015-02-25,1842530000000.0,76882000000.0,2015-02-25,2015-02-25,2015-02-25
C,2015-12-31,17242000000.0,221857000000.0,2016-02-26,1731210000000.0,76354000000.0,2016-02-26,2016-02-26,2016-02-26
C,2016-12-31,14912000000.0,225120000000.0,2017-02-24,1792077000000.0,69875000000.0,2017-02-24,2017-02-24,2017-02-24
C,2017-12-31,-6798000000.0,200740000000.0,2018-02-23,1842465000000.0,71449000000.0,2018-02-23,2018-02-23,2018-02-23
C,2018-12-31,18045000000.0,196220000000.0,2019-02-22,1917383000000.0,72854000000.0,2019-02-22,2019-02-22,2019-02-22
C,2019-12-31,19401000000.0,193242000000.0,2020-02-21,1951158000000.0,74286000000.0,2020-02-21,2020-02-21,2020-02-21
C,2020-12-31,11047000000.0,199442000000.0,2021-02-26,2260090000000.0,74298000000.0,2021-02-26,2021-02-26,2021-02-26
C,2021-12-31,21952000000.0,201972000000.0,2022-02-28,2291413000000.0,71884000000.0,2022-02-28,2022-02-28,2022-02-28
C,2022-12-31,14845000000.0,201189000000.0,2023-02-27,2416676000000.0,75338000000.0,2023-02-27,2023-02-27,2023-02-27
C,2023-12-31,9228000000.0,205453000000.0,2024-02-23,2411834000000.0,78462000000.0,2024-02-23,2024-02-23,2024-02-23
C,2024-12-31,12682000000.0,208598000000.0,2025-02-21,2352945000000.0,81139000000.0,2025-02-21,2025-02-21,2025-02-21
C,2025-12-31,14306000000.0,212291000000.0,2026-02-20,2657202000000.0,85225000000.0,2026-02-20,2026-02-20,2026-02-20
CAG,2008-05-25,930600000.0,,,,,,,2010-07-22
CAG,2009-05-31,978400000.0,4720900000.0,2010-07-22,11073300000.0,,2010-07-22,,2010-07-22
CAG,2010-05-30,725800000.0,4923900000.0,2010-07-22,11738000000.0,,2010-07-22,,2010-07-22
CAG,2011-05-29,817000000.0,4701500000.0,2011-07-19,11408700000.0,,2011-07-19,,2011-07-19
CAG,2012-05-27,467900000.0,4439500000.0,2012-07-20,11441900000.0,1600000000.0,2012-07-20,2014-07-16,2012-07-20
CAG,2013-05-26,773900000.0,5264400000.0,2013-07-19,20405300000.0,1900000000.0,2013-07-19,2014-07-16,2013-07-19
CAG,2014-05-25,303100000.0,5258500000.0,2014-07-16,19366400000.0,2200000000.0,2014-07-16,2014-07-16,2014-07-16
CAG,2015-05-31,-252600000.0,4526000000.0,2015-07-17,17542200000.0,1900000000.0,2015-07-17,2015-07-17,2015-07-17
CAG,2016-05-29,-677000000.0,3713600000.0,2016-07-15,13390600000.0,1500000000.0,2016-07-15,2016-07-15,2016-07-15
CAG,2017-05-28,639300000.0,3990800000.0,2017-07-21,10096300000.0,,2017-07-21,,2017-07-21
CAG,2018-05-27,808400000.0,3676200000.0,2018-07-20,10389500000.0,,2018-07-20,,2018-07-20
CAG,2019-05-26,678300000.0,7384600000.0,2019-07-19,22213800000.0,,2019-07-19,,2019-07-19
CAG,2020-05-31,840100000.0,7876100000.0,2020-07-24,22304000000.0,,2020-07-24,,2020-07-24
CAG,2021-05-30,1298800000.0,8551800000.0,2021-07-23,22195600000.0,,2021-07-23,,2021-07-23
CAG,2022-05-29,888200000.0,8787700000.0,2022-07-21,22435100000.0,,2022-07-21,,2022-07-21
CAG,2023-05-28,683600000.0,8736800000.0,2023-07-13,22052600000.0,,2023-07-13,,2023-07-13
CAG,2024-05-26,347200000.0,8440400000.0,2024-07-11,20862300000.0,,2024-07-11,,2024-07-11
CAG,2025-05-25,1152400000.0,8932700000.0,2025-07-10,20933900000.0,,2025-07-10,,2025-07-10
CAG,2026-05-31,-1916200000.0,,,17274400000.0,,2026-07-15,,2026-07-15
CAH,2008-06-30,,7747500000.0,2011-08-26,,,,,
CAH,2009-06-30,1151600000.0,8724700000.0,2011-08-26,,95991500000.0,,2011-08-26,2011-08-26
CAH,2010-06-30,642200000.0,5276100000.0,2011-08-26,19990200000.0,98502800000.0,2011-08-26,2011-08-26,2011-08-26
CAH,2011-06-30,959000000.0,5848600000.0,2011-08-26,22845900000.0,102644200000.0,2011-08-26,2011-08-26,2011-08-26
CAH,2012-06-30,1069000000.0,6244000000.0,2012-08-22,24260000000.0,107552000000.0,2012-08-22,2012-08-22,2012-08-22
CAH,2013-06-30,334000000.0,5975000000.0,2013-08-20,25819000000.0,101093000000.0,2013-08-20,2013-08-20,2013-08-20
CAH,2014-06-30,1166000000.0,6401000000.0,2014-08-13,26033000000.0,91084000000.0,2014-08-13,2014-08-13,2014-08-13
CAH,2015-06-30,1215000000.0,6256000000.0,2015-08-13,30142000000.0,102531000000.0,2015-08-13,2015-08-13,2015-08-13
CAH,2016-06-30,1427000000.0,6554000000.0,2016-08-12,34122000000.0,121546000000.0,2016-08-12,2016-08-12,2016-08-12
CAH,2017-06-30,1288000000.0,6808000000.0,2017-08-10,40112000000.0,129976000000.0,2017-08-10,2017-08-10,2018-08-22
CAH,2018-06-30,256000000.0,6059000000.0,2018-08-22,39951000000.0,136809000000.0,2018-08-22,2018-08-22,2018-08-22
CAH,2019-06-30,1363000000.0,6328000000.0,2019-08-20,40963000000.0,145534000000.0,2019-08-20,2019-08-20,2019-08-20
CAH,2020-06-30,-3696000000.0,1789000000.0,2020-08-13,40766000000.0,152922000000.0,2020-08-13,2020-08-13,2020-08-13
CAH,2021-06-30,611000000.0,1791000000.0,2021-08-16,44453000000.0,162467000000.0,2021-08-16,2021-08-16,2021-08-16
CAH,2022-06-30,-933000000.0,-709000000.0,2022-08-11,43878000000.0,181364000000.0,2022-08-11,2022-08-11,2022-08-11
CAH,2023-06-30,261000000.0,-2852000000.0,2023-08-15,43417000000.0,205012000000.0,2023-08-15,2023-08-15,2023-08-15
CAH,2024-06-30,852000000.0,-3213000000.0,2024-08-14,45121000000.0,226827000000.0,2024-08-14,2024-08-14,2024-08-14
CAH,2025-06-30,1561000000.0,-2781000000.0,2025-08-12,53122000000.0,222578000000.0,2025-08-12,2025-08-12,2025-08-12
CAH,2026-06-30,1714000000.0,-2883000000.0,2026-08-11,57299000000.0,254248000000.0,2026-08-11,2026-08-11,2026-08-11
CAR,2009-12-31,,,,10093000000.0,,2011-02-24,,
CAR,2010-12-31,,,,10327000000.0,,2011-02-24,,
CAR,2011-12-31,,,,12938000000.0,,2012-02-29,,
CAR,2012-12-31,,,,15218000000.0,,2013-02-21,,
CAR,2013-12-31,,,,16284000000.0,,2014-02-21,,
CAR,2014-12-31,,,,16969000000.0,,2015-02-23,,
CAR,2015-12-31,,,,17634000000.0,,2016-02-24,,
CAR,2016-12-31,,,,17643000000.0,8659000000.0,2017-02-21,2019-02-21,
CAR,2017-12-31,,,,17699000000.0,8848000000.0,2018-02-22,2019-02-21,
CAR,2018-12-31,,,,19149000000.0,9124000000.0,2019-02-21,2019-02-21,
CAR,2019-12-31,302000000.0,,,23126000000.0,9172000000.0,2020-02-20,2020-02-20,2022-02-17
CAR,2020-12-31,-684000000.0,-155000000.0,2022-02-17,17538000000.0,5402000000.0,2021-02-17,2021-02-17,2022-02-17
CAR,2021-12-31,1285000000.0,-220000000.0,2022-02-17,22600000000.0,9313000000.0,2022-02-17,2022-02-17,2022-02-17
CAR,2022-12-31,2764000000.0,-703000000.0,2023-02-16,25927000000.0,11994000000.0,2023-02-16,2023-02-16,2023-02-16
CAR,2023-12-31,1632000000.0,-349000000.0,2024-02-16,32569000000.0,12008000000.0,2024-02-16,2024-02-16,2024-02-16
CAR,2024-12-31,-1821000000.0,-2327000000.0,2025-02-14,29041000000.0,11789000000.0,2025-02-14,2025-02-14,2025-02-14
CAR,2025-12-31,-889000000.0,-3129000000.0,2026-02-19,31257000000.0,11652000000.0,2026-02-19,2026-02-19,2026-02-19
CARR,2017-12-31,,14784000000.0,2021-02-09,,,,,
CARR,2018-12-31,,14269000000.0,2021-02-09,,18914000000.0,,2021-02-09,
CARR,2019-12-31,,14435000000.0,2021-02-09,22406000000.0,18608000000.0,2021-02-09,2021-02-09,
CARR,2020-12-31,,6578000000.0,2021-02-09,25093000000.0,17456000000.0,2021-02-09,2021-02-09,
CARR,2021-12-31,,7094000000.0,2022-02-08,26172000000.0,20613000000.0,2022-02-08,2022-02-08,
CARR,2022-12-31,3534000000.0,8076000000.0,2023-02-07,26086000000.0,20421000000.0,2023-02-07,2023-02-07,2025-02-11
CARR,2023-12-31,1349000000.0,9005000000.0,2024-02-06,32822000000.0,22098000000.0,2024-02-06,2024-02-06,2025-02-11
CARR,2024-12-31,5604000000.0,14395000000.0,2025-02-11,37403000000.0,22486000000.0,2025-02-11,2025-02-11,2025-02-11
CARR,2025-12-31,1484000000.0,14128000000.0,2026-02-05,37190000000.0,21747000000.0,2026-02-05,2026-02-05,2026-02-05
CAT,2006-12-31,,6937000000.0,2010-02-19,,,,,
CAT,2007-12-31,3541000000.0,8996000000.0,2010-02-19,56132000000.0,44958000000.0,2010-02-19,2010-02-19,2010-02-19
CAT,2008-12-31,3557000000.0,6190000000.0,2010-02-19,67782000000.0,51324000000.0,2010-02-19,2010-02-19,2010-02-19
CAT,2009-12-31,895000000.0,8823000000.0,2010-02-19,60038000000.0,32396000000.0,2010-02-19,2010-02-19,2010-02-19
CAT,2010-12-31,2700000000.0,10864000000.0,2011-02-22,64020000000.0,42588000000.0,2011-02-22,2011-02-22,2011-02-22
CAT,2011-12-31,,12929000000.0,2012-02-21,81446000000.0,60138000000.0,2012-02-21,2012-02-21,
CAT,2012-12-31,,17582000000.0,2013-02-19,89356000000.0,65875000000.0,2013-02-19,2013-02-19,
CAT,2013-12-31,,20878000000.0,2014-02-18,84896000000.0,55656000000.0,2014-02-18,2014-02-18,
CAT,2014-12-31,,16826000000.0,2015-02-17,84681000000.0,55184000000.0,2015-02-17,2015-02-17,
CAT,2015-12-31,,14885000000.0,2016-02-16,78497000000.0,47011000000.0,2016-02-16,2016-02-16,
CAT,2016-12-31,,13213000000.0,2017-02-15,74704000000.0,38537000000.0,2017-02-15,2017-02-15,
CAT,2017-01-01,,13228000000.0,2018-02-15,,,,,
CAT,2017-12-31,,13766000000.0,2018-02-15,76962000000.0,45462000000.0,2018-02-15,2018-02-15,
CAT,2018-01-01,,13719000000.0,2019-02-14,,,,,
CAT,2018-12-31,,14080000000.0,2019-02-14,78509000000.0,54722000000.0,2019-02-14,2019-02-14,
CAT,2019-01-01,,14315000000.0,2020-02-19,,,,,
CAT,2019-12-31,,14629000000.0,2020-02-19,78453000000.0,53800000000.0,2020-02-19,2020-02-19,
CAT,2020-12-31,,15378000000.0,2021-02-17,78324000000.0,41748000000.0,2021-02-17,2021-02-17,
CAT,2021-12-31,,16516000000.0,2022-02-16,82793000000.0,50971000000.0,2022-02-16,2022-02-16,
CAT,2022-12-31,,15891000000.0,2023-02-15,81943000000.0,59427000000.0,2023-02-15,2023-02-15,
CAT,2023-12-31,,19503000000.0,2024-02-16,87476000000.0,67060000000.0,2024-02-16,2024-02-16,
CAT,2024-12-31,,19494000000.0,2025-02-14,87764000000.0,64809000000.0,2025-02-14,2025-02-14,
CAT,2025-12-31,,21318000000.0,2026-02-13,98585000000.0,67589000000.0,2026-02-13,2026-02-13,
CB,2007-12-31,2578000000.0,,,,14154000000.0,,2010-02-25,2010-02-25
CB,2008-12-31,1197000000.0,,,72057000000.0,13632000000.0,2010-02-25,2010-02-25,2010-02-25
CB,2009-12-31,2549000000.0,,,77980000000.0,15075000000.0,2010-02-25,2010-02-25,2010-02-25
CB,2010-12-31,3108000000.0,,,83355000000.0,16006000000.0,2011-02-25,2011-02-25,2011-02-25
CB,2011-12-31,1585000000.0,,,87505000000.0,16834000000.0,2012-02-24,2012-02-24,2012-02-24
CB,2012-12-31,2706000000.0,,,92545000000.0,17936000000.0,2013-02-28,2013-02-28,2013-02-28
CB,2013-12-31,3758000000.0,,,94510000000.0,19261000000.0,2014-02-28,2014-02-28,2014-02-28
CB,2014-12-31,2853000000.0,29587000000.0,2017-02-28,98248000000.0,19171000000.0,2015-02-27,2015-02-27,2015-02-27
CB,2015-12-31,2834000000.0,29135000000.0,2017-02-28,102366000000.0,18987000000.0,2016-02-26,2016-02-26,2016-02-26
CB,2016-12-31,4135000000.0,48275000000.0,2017-02-28,159786000000.0,31469000000.0,2017-02-28,2017-02-28,2017-02-28
CB,2017-12-31,3861000000.0,51172000000.0,2018-02-23,167022000000.0,32243000000.0,2018-02-23,2018-02-23,2018-02-23
CB,2018-12-31,3962000000.0,50312000000.0,2019-02-28,167771000000.0,32717000000.0,2019-02-28,2019-02-28,2019-02-28
CB,2019-12-31,4454000000.0,55331000000.0,2020-02-27,176943000000.0,34186000000.0,2020-02-27,2020-02-27,2020-02-27
CB,2020-12-31,3533000000.0,59441000000.0,2021-02-25,190774000000.0,35994000000.0,2021-02-25,2021-02-25,2021-02-25
CB,2021-12-31,8539000000.0,59714000000.0,2022-02-24,200054000000.0,40963000000.0,2022-02-24,2022-02-24,2022-02-24
CB,2022-12-31,5313000000.0,50540000000.0,2023-02-24,199144000000.0,43166000000.0,2023-02-24,2023-02-24,2023-02-24
CB,2023-12-31,9028000000.0,59507000000.0,2024-02-23,230682000000.0,49735000000.0,2024-02-23,2024-02-23,2024-02-23
CB,2024-12-31,9272000000.0,64021000000.0,2025-02-27,246548000000.0,55753000000.0,2025-02-27,2025-02-27,2025-02-27
CB,2025-12-31,10310000000.0,73757000000.0,2026-02-27,272327000000.0,59402000000.0,2026-02-27,2026-02-27,2026-02-27
CBOE,2009-12-31,,,,,426082000.0,,2012-02-28,
CBOE,2010-12-31,,,,254112000.0,437104000.0,2012-02-28,2012-02-28,
CBOE,2011-12-31,139406000.0,,,327868000.0,508144000.0,2012-02-28,2012-02-28,2014-02-21
CBOE,2012-12-31,157395000.0,239122000.0,2014-02-21,338858000.0,512338000.0,2013-02-28,2013-02-28,2014-02-21
CBOE,2013-12-31,175999000.0,284517000.0,2014-02-21,441589000.0,572050000.0,2014-02-21,2014-02-21,2014-02-21
CBOE,2014-12-31,189714000.0,250067000.0,2015-02-20,383901000.0,617225000.0,2015-02-20,2015-02-20,2015-02-20
CBOE,2015-12-31,205023000.0,259645000.0,2016-02-19,384788000.0,634545000.0,2016-02-19,2016-02-19,2016-02-19
CBOE,2016-12-31,186820000.0,317946000.0,2017-02-21,476615000.0,656946000.0,2017-02-21,2017-02-21,2017-02-21
CBOE,2017-12-31,401700000.0,3110600000.0,2018-02-22,5265700000.0,2229100000.0,2018-02-22,2018-02-22,2018-02-22
CBOE,2018-12-31,426500000.0,3241000000.0,2019-02-22,5321000000.0,,2019-02-22,,2019-02-22
CBOE,2019-12-31,374900000.0,3355600000.0,2020-02-21,5113900000.0,,2020-02-21,,2020-02-21
CBOE,2020-12-31,468200000.0,3348900000.0,2021-02-19,6516500000.0,,2021-02-19,,2021-02-19
CBOE,2021-12-31,529000000.0,3604800000.0,2022-02-18,6814500000.0,,2022-02-18,,2022-02-18
CBOE,2022-12-31,,3465300000.0,2023-02-17,6998900000.0,,2023-02-17,,
CBOE,2023-12-31,761400000.0,3985000000.0,2024-02-16,7487500000.0,,2024-02-16,,2026-02-20
CBOE,2024-12-31,764900000.0,4279600000.0,2025-02-21,7789100000.0,,2025-02-21,,2026-02-20
CBOE,2025-12-31,1100000000.0,5138300000.0,2026-02-20,9305300000.0,,2026-02-20,,2026-02-20
CBRE,2008-12-31,-1012066000.0,,,,5128817000.0,,2011-03-01,2011-03-01
CBRE,2009-12-31,33341000.0,629122000.0,2011-03-01,5039406000.0,4165820000.0,2011-03-01,2011-03-01,2011-03-01
CBRE,2010-12-31,200345000.0,908215000.0,2011-03-01,5121568000.0,5115316000.0,2011-03-01,2011-03-01,2011-03-01
CBRE,2011-12-31,239162000.0,1151481000.0,2012-02-29,7219143000.0,5905411000.0,2012-02-29,2012-02-29,2012-02-29
CBRE,2012-12-31,315555000.0,1539211000.0,2013-03-01,7809542000.0,6514099000.0,2013-03-01,2013-03-01,2013-03-01
CBRE,2013-12-31,316538000.0,1895785000.0,2014-03-03,6998414000.0,7184794000.0,2014-03-03,2014-03-03,2014-03-03
CBRE,2014-12-31,484503000.0,2259830000.0,2015-03-02,7647105000.0,9049918000.0,2015-03-02,2015-03-02,2015-03-02
CBRE,2015-12-31,547132000.0,2712652000.0,2016-02-29,11017943000.0,10855810000.0,2016-02-29,2016-02-29,2016-02-29
CBRE,2016-12-31,571973000.0,3014487000.0,2017-03-01,10779587000.0,13071589000.0,2017-03-01,2017-03-01,2017-03-01
CBRE,2017-12-31,691479000.0,4019430000.0,2018-03-01,11483830000.0,14209608000.0,2018-03-01,2018-03-01,2018-03-01
CBRE,2018-12-31,1063219000.0,4938797000.0,2019-03-01,13456793000.0,21340088000.0,2019-03-01,2019-03-01,2019-03-01
CBRE,2019-12-31,1282357000.0,6232693000.0,2020-03-02,16197196000.0,23894091000.0,2020-03-02,2020-03-02,2020-03-02
CBRE,2020-12-31,751989000.0,7078326000.0,2021-02-24,18039143000.0,23826195000.0,2021-02-24,2021-02-24,2021-02-24
CBRE,2021-12-31,1836574000.0,8528193000.0,2022-03-01,22073491000.0,27746036000.0,2022-03-01,2022-03-01,2022-03-01
CBRE,2022-12-31,1407370000.0,7853273000.0,2023-02-27,20513389000.0,30828246000.0,2023-02-27,2023-02-27,2023-02-27
CBRE,2023-12-31,986000000.0,8267000000.0,2024-02-20,22548000000.0,31949000000.0,2024-02-20,2024-02-20,2024-02-20
CBRE,2024-12-31,968000000.0,8411000000.0,2025-02-14,24383000000.0,35767000000.0,2025-02-14,2025-02-14,2025-02-14
CBRE,2025-12-31,1157000000.0,8878000000.0,2026-02-12,30877000000.0,40550000000.0,2026-02-12,2026-02-12,2026-02-12
CCI,2007-12-31,-222813000.0,,,,,,,2010-02-16
CCI,2008-12-31,-48858000.0,2715865000.0,2010-02-16,10361722000.0,,2010-02-16,,2010-02-16
CCI,2009-12-31,-114332000.0,2936241000.0,2010-02-16,10956606000.0,,2010-02-16,,2010-02-16
CCI,2010-12-31,-310940000.0,2445373000.0,2012-02-13,10469529000.0,,2012-02-13,,2012-02-13
CCI,2011-12-31,171077000.0,2386245000.0,2012-02-13,10545096000.0,,2012-02-13,,2012-02-13
CCI,2012-12-31,188584000.0,2938746000.0,2013-02-12,16088709000.0,,2013-02-12,,2013-02-12
CCI,2013-12-31,90111000.0,6926717000.0,2014-02-24,20594908000.0,,2014-02-24,,2014-02-24
CCI,2014-12-31,390513000.0,6716225000.0,2015-02-19,21143276000.0,,2015-02-19,,2015-02-19
CCI,2015-12-31,1520992000.0,7089221000.0,2016-02-22,22036245000.0,,2016-02-22,,2016-02-22
CCI,2016-12-31,356973000.0,,,22675092000.0,3921000000.0,2017-02-22,2019-02-25,2017-02-22
CCI,2017-12-31,444550000.0,,,32229570000.0,4356000000.0,2018-02-26,2019-02-25,2018-02-26
CCI,2018-03-31,,,,32227000000.0,,2020-03-10,,
CCI,2018-06-30,,,,32351000000.0,,2020-03-10,,
CCI,2018-09-30,,,,32621000000.0,,2020-03-10,,
CCI,2018-12-31,,,,32785000000.0,5423000000.0,2019-02-25,2019-02-25,
CCI,2019-03-31,,,,37755000000.0,,2020-03-10,,
CCI,2019-06-30,,,,38124000000.0,,2020-03-10,,
CCI,2019-09-30,,,,38321000000.0,,2020-03-10,,
CCI,2019-12-31,,,,38457000000.0,5763000000.0,2020-03-10,2020-03-10,
CCI,2020-12-31,,,,38768000000.0,5840000000.0,2021-02-22,2021-02-22,
CCI,2021-12-31,,,,39040000000.0,6340000000.0,2022-02-22,2022-02-22,
CCI,2022-12-31,,,,38921000000.0,6986000000.0,2023-02-24,2023-02-24,
CCI,2023-12-31,1502000000.0,,,38527000000.0,6981000000.0,2024-02-23,2024-02-23,2026-02-23
CCI,2024-12-31,-3903000000.0,,,32736000000.0,6568000000.0,2025-03-14,2025-03-14,2026-02-23
CCI,2025-12-31,444000000.0,,,31518000000.0,4264000000.0,2026-02-23,2026-02-23,2026-02-23
CCK,2008-12-31,226000000.0,,,,,,,2011-02-28
CCK,2009-12-31,334000000.0,-6000000.0,2011-02-28,6532000000.0,,2011-02-28,,2011-02-28
CCK,2010-12-31,324000000.0,-96000000.0,2011-02-28,6899000000.0,,2011-02-28,,2011-02-28
CCK,2011-12-31,282000000.0,-473000000.0,2012-02-29,6868000000.0,392000000.0,2012-02-29,2014-03-03,2012-02-29
CCK,2012-12-31,557000000.0,-162000000.0,2013-03-01,7490000000.0,314000000.0,2013-03-01,2014-03-03,2013-03-01
CCK,2013-12-31,324000000.0,4000000.0,2014-03-03,8030000000.0,261000000.0,2014-03-03,2014-03-03,2014-03-03
CCK,2014-01-01,,-49000000.0,2017-02-24,,,,,
CCK,2014-12-31,387000000.0,119000000.0,2015-03-02,9708000000.0,,2015-03-02,,2015-03-02
CCK,2015-12-31,393000000.0,144000000.0,2016-02-29,10020000000.0,,2016-02-29,,2016-02-29
CCK,2016-12-31,496000000.0,366000000.0,2017-02-24,9599000000.0,8284000000.0,2017-02-24,2019-02-28,2017-02-24
CCK,2017-12-31,323000000.0,601000000.0,2018-02-26,10663000000.0,8698000000.0,2018-02-26,2019-02-28,2018-02-26
CCK,2018-01-01,,610000000.0,2019-02-28,10700000000.0,,2019-02-28,,
CCK,2018-12-31,439000000.0,937000000.0,2019-02-28,15262000000.0,11151000000.0,2019-02-28,2019-02-28,2019-02-28
CCK,2019-12-31,510000000.0,1713000000.0,2020-02-28,15505000000.0,11665000000.0,2020-02-28,2020-02-28,2020-02-28
CCK,2020-12-31,579000000.0,2198000000.0,2021-02-26,16670000000.0,,2021-02-26,,2021-02-26
CCK,2021-12-31,-560000000.0,1912000000.0,2022-02-28,13858000000.0,,2022-02-28,,2022-02-28
CCK,2022-12-31,727000000.0,1849000000.0,2023-02-27,14301000000.0,,2023-02-27,,2023-02-27
CCK,2023-12-31,450000000.0,2410000000.0,2024-02-27,15034000000.0,,2024-02-27,,2024-02-27
CCK,2024-12-31,424000000.0,2756000000.0,2025-03-03,13848000000.0,,2025-03-03,,2025-03-03
CCK,2025-12-31,738000000.0,2999000000.0,2026-02-27,14272000000.0,,2026-02-27,,2026-02-27
CCL,2006-11-30,,18210000000.0,2010-01-29,,,,,
CCL,2007-11-30,2408000000.0,19963000000.0,2010-01-29,,13033000000.0,,2010-01-29,2010-01-29
CCL,2008-11-30,2330000000.0,19098000000.0,2010-01-29,33400000000.0,14646000000.0,2010-01-29,2010-01-29,2010-01-29
CCL,2009-11-30,1790000000.0,22035000000.0,2010-01-29,36835000000.0,13157000000.0,2010-01-29,2010-01-29,2010-01-29
CCL,2010-11-30,1978000000.0,23031000000.0,2011-01-31,37490000000.0,,2011-01-31,,2011-01-31
CCL,2011-11-30,1912000000.0,23832000000.0,2012-01-30,38637000000.0,,2012-01-30,,2012-01-30
CCL,2012-11-30,1298000000.0,23929000000.0,2013-01-29,39161000000.0,,2013-01-29,,2013-01-29
CCL,2013-11-30,1078000000.0,24556000000.0,2014-01-29,40104000000.0,,2014-01-29,,2014-01-29
CCL,2014-11-30,1236000000.0,24288000000.0,2015-01-29,39532000000.0,15884000000.0,2015-01-29,2017-01-30,2015-01-29
CCL,2015-11-30,1757000000.0,23771000000.0,2016-01-29,39237000000.0,15714000000.0,2016-01-29,2017-01-30,2016-01-29
CCL,2016-11-30,2779000000.0,22597000000.0,2017-01-30,38936000000.0,16389000000.0,2017-01-30,2017-01-30,2017-01-30
CCL,2017-11-30,2606000000.0,24216000000.0,2018-01-29,40778000000.0,17510000000.0,2018-01-29,2018-01-29,2018-01-29
CCL,2018-11-30,3152000000.0,24443000000.0,2019-01-28,42401000000.0,18881000000.0,2019-01-28,2019-01-28,2019-01-28
CCL,2019-11-30,2990000000.0,25365000000.0,2020-01-28,45058000000.0,,2020-01-28,,2020-01-28
CCL,2020-11-30,-10236000000.0,20555000000.0,2021-01-26,53593000000.0,,2021-01-26,,2021-01-26
CCL,2021-11-30,-9501000000.0,12144000000.0,2022-01-27,53344000000.0,,2022-01-27,,2022-01-27
CCL,2022-11-30,-6093000000.0,7065000000.0,2023-01-27,51703000000.0,,2023-01-27,,2023-01-27
CCL,2023-11-30,-74000000.0,6882000000.0,2024-01-26,49120000000.0,,2024-01-26,,2024-01-26
CCL,2024-11-30,1916000000.0,9251000000.0,2025-01-27,49057000000.0,,2025-01-27,,2025-01-27
CCL,2025-11-30,2760000000.0,12284000000.0,2026-01-27,51687000000.0,,2026-01-27,,2026-01-27
CDNS,2007-12-29,,2173648000.0,2011-02-24,,,,,
CDNS,2009-01-03,-1856715000.0,186713000.0,2011-02-24,,1038614000.0,,2011-02-24,2011-02-24
CDNS,2010-01-02,-149871000.0,108373000.0,2011-02-24,1410587000.0,852632000.0,2011-02-24,2011-02-24,2011-02-24
CDNS,2011-01-01,126538000.0,276654000.0,2011-02-24,1732116000.0,935954000.0,2011-02-24,2011-02-24,2011-02-24
CDNS,2011-12-31,72229000.0,411130000.0,2012-02-24,1761269000.0,1149835000.0,2012-02-24,2012-02-24,2012-02-24
CDNS,2012-12-29,439948000.0,915171000.0,2013-02-21,2287003000.0,1326424000.0,2013-02-21,2013-02-21,2013-02-21
CDNS,2013-12-28,164243000.0,1156105000.0,2014-02-20,2428601000.0,1460116000.0,2014-02-20,2014-02-20,2014-02-20
CDNS,2015-01-03,158898000.0,1333574000.0,2015-02-20,3209556000.0,1580932000.0,2015-02-20,2015-02-20,2015-02-20
CDNS,2016-01-02,252417000.0,1376115000.0,2016-02-18,2351015000.0,1702091000.0,2016-02-18,2016-02-18,2016-02-18
CDNS,2016-12-31,203086000.0,741770000.0,2017-02-10,2096908000.0,1816083000.0,2017-02-10,2017-02-10,2017-02-10
CDNS,2017-12-30,204101000.0,989202000.0,2018-02-20,2418714000.0,1943032000.0,2018-02-20,2018-02-20,2018-02-20
CDNS,2018-12-29,345777000.0,1288401000.0,2019-02-27,2468654000.0,,2019-02-27,,2019-02-27
CDNS,2019-12-28,988979000.0,2102894000.0,2020-02-24,3357225000.0,,2020-02-24,,2020-02-24
CDNS,2021-01-02,590644000.0,2493018000.0,2021-02-22,3950785000.0,,2021-02-22,,2021-02-22
CDNS,2022-01-01,695955000.0,2740675000.0,2022-02-22,4386299000.0,,2022-02-22,,2022-02-22
CDNS,2022-12-31,848952000.0,2745113000.0,2023-02-13,5137071000.0,,2023-02-13,,2023-02-13
CDNS,2023-12-31,1041144000.0,3404271000.0,2024-02-14,5669491000.0,,2024-02-14,,2024-02-14
CDNS,2024-12-31,1055484000.0,4673578000.0,2025-02-21,8974482000.0,,2025-02-21,,2025-02-21
CDNS,2025-12-31,1108888000.0,5474181000.0,2026-02-19,10153148000.0,,2026-02-19,,2026-02-19
CDW,2008-12-31,,262200000.0,2012-03-09,,,,,
CDW,2009-12-31,-373400000.0,-44700000.0,2012-03-09,,,,,2012-03-09
CDW,2010-12-31,-29200000.0,-43500000.0,2012-03-09,5943800000.0,8801200000.0,2012-03-09,2013-03-08,2012-03-09
CDW,2011-12-31,17100000.0,-7300000.0,2012-03-09,5949600000.0,9602400000.0,2012-03-09,2013-03-08,2012-03-09
CDW,2012-12-31,119000000.0,136500000.0,2013-03-08,5700100000.0,10128200000.0,2013-03-08,2013-03-08,2013-03-08
CDW,2013-12-31,132800000.0,711700000.0,2014-03-05,5924600000.0,10768600000.0,2014-03-05,2014-03-05,2014-03-05
CDW,2014-12-31,244900000.0,936500000.0,2015-02-26,6099900000.0,,2015-02-26,,2015-02-26
CDW,2015-12-31,403100000.0,1095900000.0,2016-02-25,6755300000.0,,2016-02-25,,2016-02-25
CDW,2016-12-31,424400000.0,1045500000.0,2017-03-01,6948400000.0,,2017-03-01,,2017-03-01
CDW,2017-12-31,523000000.0,982900000.0,2018-03-01,6956600000.0,,2018-03-01,,2018-03-01
CDW,2018-12-31,643000000.0,975200000.0,2019-02-27,7167700000.0,,2019-02-27,,2019-02-27
CDW,2019-12-31,736800000.0,960300000.0,2020-02-28,7999400000.0,,2020-02-28,,2020-02-28
CDW,2020-12-31,788500000.0,1297100000.0,2021-02-26,9344700000.0,,2021-02-26,,2021-02-26
CDW,2021-12-31,988600000.0,705700000.0,2022-02-28,13199400000.0,,2022-02-28,,2022-02-28
CDW,2022-12-31,1114500000.0,1603300000.0,2023-02-24,13131500000.0,,2023-02-24,,2023-02-24
CDW,2023-12-31,1104300000.0,2042500000.0,2024-02-26,13284600000.0,,2024-02-26,,2024-02-26
CDW,2024-12-31,1077800000.0,2352700000.0,2025-02-21,14678400000.0,,2025-02-21,,2025-02-21
CDW,2025-12-31,1066600000.0,2606100000.0,2026-02-20,16028200000.0,,2026-02-20,,2026-02-20
CE,2007-12-31,426000000.0,,,,6444000000.0,,2010-02-12,2010-02-12
CE,2008-12-31,282000000.0,182000000.0,2010-02-12,7166000000.0,6823000000.0,2010-02-12,2010-02-12,2010-02-12
CE,2009-12-31,488000000.0,584000000.0,2010-02-12,8410000000.0,5082000000.0,2010-02-12,2010-02-12,2010-02-12
CE,2010-12-31,377000000.0,926000000.0,2011-02-11,8281000000.0,5918000000.0,2011-02-11,2011-02-11,2011-02-11
CE,2011-12-31,607000000.0,1341000000.0,2012-02-10,8518000000.0,6763000000.0,2012-02-10,2012-02-10,2012-02-10
CE,2012-12-31,605000000.0,1730000000.0,2013-02-08,9000000000.0,6418000000.0,2013-02-08,2013-02-08,2013-02-08
CE,2013-12-31,1101000000.0,2699000000.0,2014-02-07,9018000000.0,6510000000.0,2014-02-07,2014-02-07,2014-02-07
CE,2014-12-31,624000000.0,2818000000.0,2015-02-06,8818000000.0,6802000000.0,2015-02-06,2015-02-06,2015-02-06
CE,2015-12-31,304000000.0,2378000000.0,2016-02-05,8586000000.0,5674000000.0,2016-02-05,2016-02-05,2016-02-05
CE,2016-12-31,900000000.0,2588000000.0,2017-02-10,8357000000.0,5389000000.0,2017-02-10,2017-02-10,2017-02-10
CE,2017-12-31,843000000.0,2887000000.0,2018-02-09,9538000000.0,6140000000.0,2018-02-09,2018-02-09,2018-02-09
CE,2018-12-31,1207000000.0,2984000000.0,2019-02-07,9313000000.0,,2019-02-07,,2019-02-07
CE,2019-12-31,852000000.0,2507000000.0,2020-02-06,9476000000.0,,2020-02-06,,2020-02-06
CE,2020-12-31,1985000000.0,3526000000.0,2021-02-11,10909000000.0,,2021-02-11,,2021-02-11
CE,2021-12-31,1890000000.0,4189000000.0,2022-02-10,11975000000.0,,2022-02-10,,2022-02-10
CE,2022-12-31,1894000000.0,5637000000.0,2023-02-24,26272000000.0,,2023-02-24,,2023-02-24
CE,2023-12-31,1960000000.0,7091000000.0,2024-02-23,26597000000.0,,2024-02-23,,2024-02-23
CE,2024-12-31,-1522000000.0,5175000000.0,2025-02-21,22857000000.0,,2025-02-21,,2025-02-21
CE,2025-12-31,-1165000000.0,4049000000.0,2026-02-24,21695000000.0,,2026-02-24,,2026-02-24
CEG,2020-12-31,589000000.0,,,,17603000000.0,,2023-02-16,2023-02-16
CEG,2021-12-31,-205000000.0,11219000000.0,2023-02-16,48086000000.0,19649000000.0,2023-02-16,2023-02-16,2023-02-16
CEG,2022-12-31,-160000000.0,11018000000.0,2023-02-16,46909000000.0,24440000000.0,2023-02-16,2023-02-16,2023-02-16
CEG,2023-12-31,1623000000.0,10925000000.0,2024-02-27,50758000000.0,24918000000.0,2024-02-27,2024-02-27,2024-02-27
CEG,2024-12-31,3749000000.0,13166000000.0,2025-02-18,52926000000.0,23568000000.0,2025-02-18,2025-02-18,2025-02-18
CEG,2025-12-31,2319000000.0,14517000000.0,2026-02-24,57249000000.0,25533000000.0,2026-02-24,2026-02-24,2026-02-24
CF,2007-12-31,372700000.0,,,,,,,2010-02-25
CF,2008-12-31,684600000.0,1338100000.0,2010-02-25,2387600000.0,,2010-02-25,,2010-02-25
CF,2009-12-31,365600000.0,1728900000.0,2010-02-25,2494900000.0,,2010-02-25,,2010-02-25
CF,2010-12-31,349200000.0,4050400000.0,2011-02-25,8758500000.0,,2011-02-25,,2011-02-25
CF,2011-12-31,1539200000.0,4547000000.0,2012-02-27,8974500000.0,,2012-02-27,,2012-02-27
CF,2012-12-31,,5902200000.0,2013-02-27,10166900000.0,,2013-02-27,,
CF,2013-12-31,,5076100000.0,2014-02-27,10678100000.0,,2014-02-27,,
CF,2014-12-31,,4209700000.0,2015-02-26,11338200000.0,,2015-02-26,,
CF,2015-12-31,,4035200000.0,2016-02-25,12738900000.0,,2016-02-25,,
CF,2016-12-31,,3348000000.0,2017-02-23,15131000000.0,3685000000.0,2017-02-23,2019-02-22,
CF,2017-12-31,,3579000000.0,2018-02-22,13463000000.0,4130000000.0,2018-02-22,2019-02-22,
CF,2018-12-31,,2958000000.0,2019-02-22,12661000000.0,4429000000.0,2019-02-22,2019-02-22,
CF,2019-12-31,,2897000000.0,2020-02-24,12172000000.0,4590000000.0,2020-02-24,2020-02-24,
CF,2020-12-31,,2922000000.0,2021-02-24,12023000000.0,4124000000.0,2021-02-24,2021-02-24,
CF,2021-12-31,,3206000000.0,2022-02-24,12375000000.0,6538000000.0,2022-02-24,2022-02-24,
CF,2022-12-31,,5051000000.0,2023-02-23,13313000000.0,11186000000.0,2023-02-23,2023-02-23,
CF,2023-12-31,,5717000000.0,2024-02-22,14376000000.0,6631000000.0,2024-02-22,2024-02-22,
CF,2024-12-31,,4985000000.0,2025-02-20,13466000000.0,5936000000.0,2025-02-20,2025-02-20,
CF,2025-12-31,,4838000000.0,2026-02-25,14088000000.0,7084000000.0,2026-02-25,2026-02-25,
CFG,2012-12-31,643000000.0,,,,4894000000.0,,2015-03-03,2015-03-03
CFG,2013-12-31,-3426000000.0,19196000000.0,2017-02-24,122154000000.0,4690000000.0,2015-03-03,2015-03-03,2015-03-03
CFG,2014-12-31,865000000.0,19268000000.0,2017-02-24,132857000000.0,4979000000.0,2015-03-03,2015-03-03,2015-03-03
CFG,2015-12-31,840000000.0,19646000000.0,2017-02-24,138208000000.0,4824000000.0,2016-02-26,2016-02-26,2016-02-26
CFG,2016-12-31,1045000000.0,19747000000.0,2017-02-24,149520000000.0,5255000000.0,2017-02-24,2017-02-24,2017-02-24
CFG,2017-12-31,1652000000.0,20270000000.0,2018-02-22,152336000000.0,5707000000.0,2018-02-22,2018-02-22,2018-02-22
CFG,2018-12-31,1721000000.0,20817000000.0,2019-02-21,160518000000.0,6128000000.0,2019-02-21,2019-02-21,2019-02-21
CFG,2019-12-31,1791000000.0,22201000000.0,2020-02-24,165733000000.0,6491000000.0,2020-02-24,2020-02-24,2020-02-24
CFG,2020-12-31,1057000000.0,22673000000.0,2021-02-23,183349000000.0,6905000000.0,2021-02-23,2021-02-23,2021-02-23
CFG,2021-12-31,2319000000.0,23420000000.0,2022-02-23,188409000000.0,6647000000.0,2022-02-23,2022-02-23,2022-02-23
CFG,2022-12-31,2073000000.0,23690000000.0,2023-02-17,226733000000.0,8021000000.0,2023-02-17,2023-02-17,2023-02-17
CFG,2023-12-31,1608000000.0,24342000000.0,2024-02-16,221964000000.0,8224000000.0,2024-02-16,2024-02-16,2024-02-16
CFG,2024-12-31,1509000000.0,24254000000.0,2025-02-13,217521000000.0,7809000000.0,2025-02-13,2025-02-13,2025-02-13
CFG,2025-12-31,1831000000.0,26317000000.0,2026-02-12,226351000000.0,8247000000.0,2026-02-12,2026-02-12,2026-02-12
CG,2010-12-31,,,,17062800000.0,2798900000.0,2013-03-14,2013-03-14,
CG,2011-12-31,,,,24651700000.0,2845300000.0,2013-03-14,2013-03-14,
CG,2012-12-31,20300000.0,,,31566600000.0,2973100000.0,2013-03-14,2013-03-14,2013-03-14
CG,2013-12-31,104100000.0,,,35622300000.0,4441200000.0,2014-02-27,2014-02-27,2014-02-27
CG,2014-12-31,85800000.0,,,35994300000.0,3880300000.0,2015-02-26,2015-02-26,2015-02-26
CG,2015-12-31,-18400000.0,,,32191000000.0,3006200000.0,2016-02-24,2016-02-24,2016-02-24
CG,2016-12-31,6400000.0,,,9973000000.0,2274300000.0,2017-02-16,2017-02-16,2017-02-16
CG,2017-12-31,244100000.0,,,12280600000.0,3676200000.0,2018-02-15,2018-02-15,2018-02-15
CG,2018-12-31,116500000.0,,,12914200000.0,2427200000.0,2019-02-13,2019-02-13,2019-02-13
CG,2019-12-31,380900000.0,2969600000.0,2021-02-11,13808800000.0,3377000000.0,2020-02-12,2020-02-12,2020-02-12
CG,2020-12-31,348200000.0,2930200000.0,2021-02-11,15644800000.0,2934600000.0,2021-02-11,2021-02-11,2021-02-11
CG,2021-12-31,2974700000.0,5706200000.0,2022-02-10,21250400000.0,8782100000.0,2022-02-10,2022-02-10,2022-02-10
CG,2022-12-31,1225000000.0,6821300000.0,2023-02-09,21403000000.0,4438700000.0,2023-02-09,2023-02-09,2023-02-09
CG,2023-12-31,-608400000.0,5784500000.0,2024-02-22,21176000000.0,2963900000.0,2024-02-22,2024-02-22,2024-02-22
CG,2024-12-31,1020400000.0,6347600000.0,2025-02-27,23103500000.0,5425800000.0,2025-02-27,2025-02-27,2025-02-27
CG,2025-12-31,808700000.0,7057100000.0,2026-02-27,29116000000.0,4779800000.0,2026-02-27,2026-02-27,2026-02-27
CHD,2008-12-31,195174000.0,,,,,,,2011-02-24
CHD,2009-12-31,243533000.0,1601583000.0,2011-02-24,3118446000.0,,2011-02-24,,2011-02-24
CHD,2010-12-31,270717000.0,1870689000.0,2011-02-24,2945194000.0,,2011-02-24,,2011-02-24
CHD,2011-12-31,309600000.0,2040600000.0,2012-02-24,3117600000.0,,2012-02-24,,2012-02-24
CHD,2012-12-31,349800000.0,2060900000.0,2013-02-22,4098100000.0,,2013-02-22,,2013-02-22
CHD,2013-12-31,394400000.0,2299900000.0,2014-02-21,4259700000.0,,2014-02-21,,2014-02-21
CHD,2014-12-31,413900000.0,2101900000.0,2015-02-20,4381300000.0,,2015-02-20,,2015-02-20
CHD,2015-12-31,410400000.0,2023200000.0,2019-02-21,4256900000.0,,2016-02-19,,2016-02-19
CHD,2016-12-31,459000000.0,1977900000.0,2019-02-21,4354100000.0,3493100000.0,2017-02-24,2019-02-21,2017-02-24
CHD,2017-12-31,743400000.0,2218000000.0,2019-02-21,6014800000.0,3776200000.0,2018-02-23,2019-02-21,2020-02-18
CHD,2018-12-31,568600000.0,2453800000.0,2019-02-21,6069200000.0,4145900000.0,2019-02-21,2019-02-21,2020-02-18
CHD,2019-12-31,615900000.0,2667800000.0,2020-02-18,6657400000.0,4357700000.0,2020-02-18,2020-02-18,2020-02-18
CHD,2020-12-31,785900000.0,3020400000.0,2021-02-18,7414500000.0,4895800000.0,2021-02-18,2021-02-18,2021-02-18
CHD,2021-12-31,827500000.0,3233200000.0,2022-02-17,7996500000.0,5190100000.0,2022-02-17,2022-02-17,2022-02-17
CHD,2022-12-31,413900000.0,3489900000.0,2023-02-16,8345600000.0,5375600000.0,2023-02-16,2023-02-16,2023-02-16
CHD,2023-12-31,755600000.0,3855400000.0,2024-02-15,8569200000.0,5867900000.0,2024-02-15,2024-02-15,2024-02-15
CHD,2024-12-31,585300000.0,4360800000.0,2025-02-13,8883100000.0,6107100000.0,2025-02-13,2025-02-13,2025-02-13
CHD,2025-12-31,736800000.0,4002200000.0,2026-02-12,8912400000.0,6203200000.0,2026-02-12,2026-02-12,2026-02-12
CHRW,2006-12-31,,943722000.0,2010-03-01,,,,,
CHRW,2007-12-31,324261000.0,1042249000.0,2010-03-01,,7316223000.0,,2010-03-01,2010-03-01
CHRW,2008-12-31,359177000.0,1107221000.0,2010-03-01,1815721000.0,8578614000.0,2010-03-01,2010-03-01,2010-03-01
CHRW,2009-12-31,360830000.0,1079900000.0,2010-03-01,1834248000.0,7577189000.0,2010-03-01,2010-03-01,2010-03-01
CHRW,2010-12-31,387026000.0,1204068000.0,2011-03-01,1995699000.0,9274305000.0,2011-03-01,2011-03-01,2011-03-01
CHRW,2011-12-31,431612000.0,1248474000.0,2012-02-29,2138041000.0,10336346000.0,2012-02-29,2012-02-29,2012-02-29
CHRW,2012-12-31,593804000.0,1504372000.0,2013-03-01,2804225000.0,11359113000.0,2013-03-01,2013-03-01,2013-03-01
CHRW,2013-12-31,415904000.0,939724000.0,2014-03-03,2802818000.0,12752076000.0,2014-03-03,2014-03-03,2014-03-03
CHRW,2014-12-31,449711000.0,1047015000.0,2015-03-02,3214338000.0,13470067000.0,2015-03-02,2015-03-02,2015-03-02
CHRW,2015-12-31,509699000.0,1150450000.0,2016-02-29,3184358000.0,13476084000.0,2016-02-29,2016-02-29,2016-02-29
CHRW,2016-12-31,513384000.0,1257847000.0,2017-03-01,3687758000.0,13144413000.0,2017-03-01,2017-03-01,2017-03-01
CHRW,2017-12-31,504893000.0,1425745000.0,2018-02-28,4235834000.0,14869380000.0,2018-02-28,2018-02-28,2018-02-28
CHRW,2018-12-31,664505000.0,1595087000.0,2019-02-25,4427412000.0,,2019-02-25,,2019-02-25
CHRW,2019-12-31,576968000.0,1670730000.0,2020-02-19,4641060000.0,,2020-02-19,,2020-02-19
CHRW,2020-12-31,506421000.0,1879933000.0,2021-02-19,5144258000.0,,2021-02-19,,2021-02-19
CHRW,2021-12-31,844245000.0,2021934000.0,2022-02-23,7028112000.0,,2022-02-23,,2022-02-23
CHRW,2022-12-31,940524000.0,1353422000.0,2023-02-17,5954564000.0,,2023-02-17,,2023-02-17
CHRW,2023-12-31,325129000.0,1418697000.0,2024-02-16,5225280000.0,,2024-02-16,,2024-02-16
CHRW,2024-12-31,465690000.0,1722051000.0,2025-02-14,5297926000.0,,2025-02-14,,2025-02-14
CHRW,2025-12-31,587081000.0,1845647000.0,2026-02-13,5058381000.0,,2026-02-13,,2026-02-13
CHTR,2010-12-31,-237000000.0,,,,7059000000.0,,2013-02-22,2013-02-22
CHTR,2011-12-31,-369000000.0,409000000.0,2013-02-22,15601000000.0,7204000000.0,2013-02-22,2013-02-22,2013-02-22
CHTR,2012-12-31,-304000000.0,149000000.0,2013-02-22,15599000000.0,7504000000.0,2013-02-22,2013-02-22,2013-02-22
CHTR,2013-12-31,-169000000.0,151000000.0,2014-02-21,17295000000.0,8155000000.0,2014-02-21,2014-02-21,2014-02-21
CHTR,2014-12-31,-183000000.0,146000000.0,2015-02-24,24550000000.0,9108000000.0,2015-02-24,2015-02-24,2015-02-24
CHTR,2015-12-31,-271000000.0,-46000000.0,2017-02-16,39316000000.0,9754000000.0,2016-02-10,2016-02-10,2016-02-10
CHTR,2016-12-31,3522000000.0,40139000000.0,2017-02-16,149067000000.0,29003000000.0,2017-02-16,2017-02-16,2017-02-16
CHTR,2017-12-31,9895000000.0,39084000000.0,2018-02-02,146623000000.0,41581000000.0,2018-02-02,2018-02-02,2018-02-02
CHTR,2018-12-31,1230000000.0,36285000000.0,2019-01-31,146130000000.0,43634000000.0,2019-01-31,2019-01-31,2019-01-31
CHTR,2019-12-31,1668000000.0,31445000000.0,2020-01-31,148188000000.0,45764000000.0,2020-01-31,2020-01-31,2020-01-31
CHTR,2020-12-31,3222000000.0,23805000000.0,2021-01-29,144206000000.0,48097000000.0,2021-01-29,2021-01-29,2021-01-29
CHTR,2021-12-31,4654000000.0,14050000000.0,2022-01-28,142491000000.0,51682000000.0,2022-01-28,2022-01-28,2022-01-28
CHTR,2022-12-31,5055000000.0,9119000000.0,2023-01-27,144523000000.0,54022000000.0,2023-01-27,2023-01-27,2023-01-27
CHTR,2023-12-31,4557000000.0,11086000000.0,2024-02-02,147193000000.0,54607000000.0,2024-02-02,2024-02-02,2024-02-02
CHTR,2024-12-31,5083000000.0,15587000000.0,2025-01-31,150020000000.0,55085000000.0,2025-01-31,2025-01-31,2025-01-31
CHTR,2025-12-31,4987000000.0,16054000000.0,2026-01-30,154213000000.0,54774000000.0,2026-01-30,2026-01-30,2026-01-30
CI,2016-12-31,,,,,39838000000.0,,2019-02-28,
CI,2017-12-31,,13711000000.0,2019-02-28,61759000000.0,41806000000.0,2019-02-28,2019-02-28,
CI,2018-12-31,,41028000000.0,2019-02-28,153226000000.0,48650000000.0,2019-02-28,2019-02-28,
CI,2019-12-31,,45338000000.0,2020-02-27,155774000000.0,153566000000.0,2020-02-27,2020-02-27,
CI,2020-12-31,,50321000000.0,2021-02-25,155451000000.0,160401000000.0,2021-02-25,2021-02-25,
CI,2021-12-31,,47112000000.0,2022-02-24,154889000000.0,174078000000.0,2022-02-24,2022-02-24,
CI,2022-12-31,,44872000000.0,2023-02-23,143932000000.0,180516000000.0,2023-02-23,2023-02-23,
CI,2023-12-31,5164000000.0,46223000000.0,2024-02-29,152761000000.0,195265000000.0,2024-02-29,2024-02-29,2026-02-26
CI,2024-12-31,3434000000.0,41033000000.0,2025-02-27,155881000000.0,247121000000.0,2025-02-27,2025-02-27,2026-02-26
CI,2025-12-31,5957000000.0,41713000000.0,2026-02-26,157919000000.0,274900000000.0,2026-02-26,2026-02-26,2026-02-26
CIEN,2008-10-31,38894000.0,,,,,,,2010-12-22
CIEN,2009-10-31,-581154000.0,455838000.0,2010-12-22,1504383000.0,,2010-12-22,,2010-12-22
CIEN,2010-10-31,-333514000.0,159293000.0,2010-12-22,2118093000.0,,2010-12-22,,2010-12-22
CIEN,2011-10-31,-195521000.0,13873000.0,2011-12-22,1951418000.0,,2011-12-22,,2011-12-22
CIEN,2012-10-31,-144021000.0,-88972000.0,2012-12-21,1881143000.0,,2012-12-21,,2012-12-21
CIEN,2013-10-31,-85431000.0,-82677000.0,2013-12-20,1802770000.0,,2013-12-20,,2013-12-20
CIEN,2014-10-31,-40637000.0,-69615000.0,2014-12-19,2072632000.0,,2014-12-19,,2014-12-19
CIEN,2015-10-31,11667000.0,620876000.0,2015-12-21,2695051000.0,,2015-12-21,,2015-12-21
CIEN,2016-10-31,72584000.0,766341000.0,2016-12-21,2882442000.0,2600573000.0,2016-12-21,2018-12-21,2016-12-21
CIEN,2017-10-31,1261953000.0,2136342000.0,2017-12-22,3951711000.0,2801687000.0,2017-12-22,2018-12-21,2017-12-22
CIEN,2018-10-31,-344690000.0,1929334000.0,2018-12-21,3756523000.0,3094286000.0,2018-12-21,2018-12-21,2018-12-21
CIEN,2018-11-01,,,,3777575000.0,,2019-12-20,,
CIEN,2018-11-03,-344690000.0,1929334000.0,2020-12-18,,3094286000.0,,2020-12-18,2020-12-18
CIEN,2019-10-31,253434000.0,2172761000.0,2019-12-20,3893346000.0,3572131000.0,2019-12-20,2019-12-20,2019-12-20
CIEN,2019-11-02,253434000.0,2172761000.0,2020-12-18,3893346000.0,3572131000.0,2020-12-18,2020-12-18,2020-12-18
CIEN,2019-11-03,,,,3946680000.0,,2020-12-18,,
CIEN,2020-10-31,361291000.0,2509597000.0,2020-12-18,4180917000.0,3532157000.0,2020-12-18,2020-12-18,2020-12-18
CIEN,2021-10-30,500196000.0,3020018000.0,2021-12-17,4865227000.0,3620684000.0,2021-12-17,2021-12-17,2021-12-17
CIEN,2022-10-29,152902000.0,2712861000.0,2022-12-16,5069632000.0,3632661000.0,2022-12-16,2022-12-16,2022-12-16
CIEN,2023-10-28,254827000.0,2848361000.0,2023-12-15,5601495000.0,4386549000.0,2023-12-15,2023-12-15,2023-12-15
CIEN,2024-11-02,83956000.0,2816138000.0,2024-12-20,5641337000.0,4014955000.0,2024-12-20,2024-12-20,2024-12-20
CIEN,2025-11-01,123338000.0,2729323000.0,2025-12-12,5864667000.0,4769507000.0,2025-12-12,2025-12-12,2025-12-12
CINF,2007-12-31,,5929000000.0,2011-02-25,,,,,
CINF,2008-12-31,429000000.0,4182000000.0,2011-02-25,,3824000000.0,,2011-02-25,2011-02-25
CINF,2009-12-31,432000000.0,4760000000.0,2011-02-25,14440000000.0,3903000000.0,2011-02-25,2011-02-25,2011-02-25
CINF,2010-12-31,377000000.0,5032000000.0,2011-02-25,15095000000.0,3772000000.0,2011-02-25,2011-02-25,2011-02-25
CINF,2011-12-31,166000000.0,5055000000.0,2012-02-29,15668000000.0,3803000000.0,2012-02-29,2012-02-29,2012-02-29
CINF,2012-12-31,421000000.0,5453000000.0,2013-02-27,16548000000.0,4111000000.0,2013-02-27,2013-02-27,2013-02-27
CINF,2013-12-31,517000000.0,6070000000.0,2014-02-27,17662000000.0,4531000000.0,2014-02-27,2014-02-27,2014-02-27
CINF,2014-12-31,525000000.0,6573000000.0,2015-02-27,18753000000.0,4945000000.0,2015-02-27,2015-02-27,2015-02-27
CINF,2015-12-31,634000000.0,6427000000.0,2016-02-26,18888000000.0,5142000000.0,2016-02-26,2016-02-26,2016-02-26
CINF,2016-12-31,591000000.0,7060000000.0,2017-02-24,20386000000.0,5449000000.0,2017-02-24,2017-02-24,2017-02-24
CINF,2017-12-31,1045000000.0,8243000000.0,2018-02-23,21843000000.0,5732000000.0,2018-02-23,2018-02-23,2018-02-23
CINF,2018-12-31,287000000.0,7833000000.0,2019-02-22,21935000000.0,5407000000.0,2019-02-22,2019-02-22,2019-02-22
CINF,2019-12-31,1997000000.0,9864000000.0,2020-02-25,25408000000.0,7924000000.0,2020-02-25,2020-02-25,2020-02-25
CINF,2020-12-31,1216000000.0,10789000000.0,2021-02-25,27542000000.0,7536000000.0,2021-02-25,2021-02-25,2021-02-25
CINF,2021-12-31,2946000000.0,13105000000.0,2022-02-24,31387000000.0,9630000000.0,2022-02-24,2022-02-24,2022-02-24
CINF,2022-12-31,-486000000.0,10531000000.0,2023-02-23,29736000000.0,6557000000.0,2023-02-23,2023-02-23,2023-02-23
CINF,2023-12-31,1843000000.0,12098000000.0,2024-02-26,32769000000.0,10013000000.0,2024-02-26,2024-02-26,2024-02-26
CINF,2024-12-31,2292000000.0,13935000000.0,2025-02-24,36501000000.0,11337000000.0,2025-02-24,2025-02-24,2025-02-24
CINF,2025-12-31,2393000000.0,15911000000.0,2026-02-23,41002000000.0,12631000000.0,2026-02-23,2026-02-23,2026-02-23
CL,2007-12-31,1737000000.0,,,,,,,2010-02-25
CL,2008-12-31,1957000000.0,1923000000.0,2010-02-25,9979000000.0,,2010-02-25,,2010-02-25
CL,2009-12-31,2291000000.0,3116000000.0,2010-02-25,11134000000.0,,2010-02-25,,2010-02-25
CL,2010-12-31,2203000000.0,2675000000.0,2011-02-24,11172000000.0,,2011-02-24,,2011-02-24
CL,2011-12-31,2431000000.0,2375000000.0,2012-02-23,12724000000.0,16734000000.0,2012-02-23,2014-02-20,2012-02-23
CL,2012-12-31,2472000000.0,2189000000.0,2013-02-21,13394000000.0,17085000000.0,2013-02-21,2014-02-20,2013-02-21
CL,2013-12-31,2241000000.0,2305000000.0,2014-02-20,13876000000.0,17420000000.0,2014-02-20,2014-02-20,2014-02-20
CL,2014-12-31,2180000000.0,1145000000.0,2015-02-19,13459000000.0,17277000000.0,2015-02-19,2015-02-19,2015-02-19
CL,2015-12-31,1384000000.0,-299000000.0,2016-02-18,11958000000.0,16034000000.0,2016-02-18,2016-02-18,2016-02-18
CL,2016-12-31,2441000000.0,-243000000.0,2017-02-23,12123000000.0,15195000000.0,2017-02-23,2017-02-23,2017-02-23
CL,2017-12-31,2024000000.0,-60000000.0,2018-02-15,12676000000.0,15454000000.0,2018-02-15,2018-02-15,2018-02-15
CL,2018-12-31,2400000000.0,-102000000.0,2019-02-21,12161000000.0,,2019-02-21,,2019-02-21
CL,2019-12-31,2367000000.0,117000000.0,2020-02-21,15034000000.0,,2020-02-21,,2020-02-21
CL,2020-12-31,2695000000.0,743000000.0,2021-02-18,15920000000.0,,2021-02-18,,2021-02-18
CL,2021-12-31,2166000000.0,609000000.0,2022-02-17,15040000000.0,,2022-02-17,,2022-02-17
CL,2022-12-31,1785000000.0,401000000.0,2023-02-16,15731000000.0,,2023-02-16,,2023-02-16
CL,2023-12-31,2300000000.0,609000000.0,2024-02-15,16393000000.0,,2024-02-15,,2024-02-15
CL,2024-12-31,2889000000.0,212000000.0,2025-02-13,16046000000.0,,2025-02-13,,2025-02-13
CL,2025-12-31,2132000000.0,54000000.0,2026-02-23,16330000000.0,,2026-02-23,,2026-02-23
CLF,2007-12-31,270000000.0,,,,2275200000.0,,2010-02-18,2010-02-18
CLF,2008-12-31,515800000.0,1750500000.0,2010-02-18,4111100000.0,3609100000.0,2010-02-18,2010-02-18,2010-02-18
CLF,2009-12-31,205100000.0,2542800000.0,2010-02-18,4639300000.0,2342000000.0,2010-02-18,2010-02-18,2010-02-18
CLF,2010-12-31,1019900000.0,3845900000.0,2011-02-17,7778200000.0,4682200000.0,2011-02-17,2011-02-17,2011-02-17
CLF,2011-12-31,1619100000.0,5785000000.0,2012-02-16,14541700000.0,6794300000.0,2012-02-16,2012-02-16,2012-02-16
CLF,2012-12-31,-899400000.0,4632700000.0,2013-02-12,13574900000.0,5872700000.0,2013-02-12,2013-02-12,2013-02-12
CLF,2013-12-31,413500000.0,6069500000.0,2014-02-14,13121900000.0,5691400000.0,2014-02-14,2014-02-14,2014-02-14
CLF,2014-12-31,-7224200000.0,-1431300000.0,2015-02-25,3164000000.0,4623700000.0,2015-02-25,2015-02-25,2015-02-25
CLF,2015-12-31,-749300000.0,-1981400000.0,2016-02-24,2135500000.0,2013300000.0,2016-02-24,2016-02-24,2016-02-24
CLF,2016-12-31,174100000.0,-1464300000.0,2017-02-09,1923900000.0,2109000000.0,2017-02-09,2017-02-09,2017-02-09
CLF,2017-12-31,367000000.0,-444300000.0,2018-02-14,2953400000.0,2330200000.0,2018-02-14,2018-02-14,2018-02-14
CLF,2018-01-01,,-410300000.0,2019-02-08,2990200000.0,,2019-02-08,,
CLF,2018-12-31,1128100000.0,424200000.0,2019-02-08,3529600000.0,2332400000.0,2019-02-08,2019-02-08,2019-02-08
CLF,2019-12-31,292800000.0,358000000.0,2021-02-26,3503800000.0,1989900000.0,2020-02-20,2020-02-20,2020-02-20
CLF,2020-12-31,-122000000.0,2018000000.0,2021-02-26,16771000000.0,5354000000.0,2021-02-26,2021-02-26,2021-02-26
CLF,2021-12-31,2988000000.0,5490000000.0,2022-02-11,18975000000.0,20444000000.0,2022-02-11,2022-02-11,2022-02-11
CLF,2022-12-31,1335000000.0,7791000000.0,2023-02-14,18755000000.0,22989000000.0,2023-02-14,2023-02-14,2023-02-14
CLF,2023-12-31,399000000.0,7887000000.0,2024-02-08,17537000000.0,21996000000.0,2024-02-08,2024-02-08,2024-02-08
CLF,2024-12-31,-754000000.0,6664000000.0,2025-02-25,20947000000.0,19185000000.0,2025-02-25,2025-02-25,2025-02-25
CLF,2025-12-31,-1478000000.0,6116000000.0,2026-02-09,20012000000.0,18610000000.0,2026-02-09,2026-02-09,2026-02-09
CLX,2008-06-30,461000000.0,,,,,,,2010-08-26
CLX,2009-06-30,537000000.0,-175000000.0,2010-08-26,4576000000.0,,2010-08-26,,2010-08-26
CLX,2010-06-30,603000000.0,83000000.0,2010-08-26,4555000000.0,,2010-08-26,,2010-08-26
CLX,2011-06-30,557000000.0,-86000000.0,2011-08-26,4163000000.0,5231000000.0,2011-08-26,2013-08-23,2011-08-26
CLX,2012-06-30,541000000.0,-135000000.0,2012-08-24,4355000000.0,5468000000.0,2012-08-24,2013-08-23,2012-08-24
CLX,2013-06-30,572000000.0,146000000.0,2013-08-23,4311000000.0,5623000000.0,2013-08-23,2013-08-23,2013-08-23
CLX,2014-06-30,558000000.0,154000000.0,2014-08-25,4258000000.0,5514000000.0,2014-08-25,2018-08-14,2014-08-25
CLX,2015-06-30,580000000.0,118000000.0,2015-08-21,4164000000.0,5655000000.0,2015-08-21,2018-08-14,2015-08-21
CLX,2016-06-30,648000000.0,297000000.0,2016-08-16,4518000000.0,5761000000.0,2016-08-16,2018-08-14,2016-08-16
CLX,2017-06-30,701000000.0,542000000.0,2017-08-15,4573000000.0,5973000000.0,2017-08-15,2018-08-14,2017-08-15
CLX,2018-06-30,823000000.0,726000000.0,2018-08-14,5060000000.0,6124000000.0,2018-08-14,2018-08-14,2018-08-14
CLX,2019-06-30,820000000.0,559000000.0,2019-08-14,5116000000.0,,2019-08-14,,2019-08-14
CLX,2020-06-30,939000000.0,908000000.0,2020-08-13,6213000000.0,,2020-08-13,,2020-08-13
CLX,2021-06-30,710000000.0,411000000.0,2021-08-10,6334000000.0,,2021-08-10,,2021-08-10
CLX,2022-06-30,462000000.0,556000000.0,2022-08-10,6158000000.0,,2022-08-10,,2022-08-10
CLX,2023-06-30,149000000.0,220000000.0,2023-08-10,5945000000.0,,2023-08-10,,2023-08-10
CLX,2024-06-30,280000000.0,328000000.0,2024-08-08,5751000000.0,,2024-08-08,,2024-08-08
CLX,2025-06-30,810000000.0,321000000.0,2025-08-08,5561000000.0,,2025-08-08,,2025-08-08
CMCSA,2007-12-31,2587000000.0,,,,31060000000.0,,2010-02-23,2010-02-23
CMCSA,2008-12-31,2547000000.0,40450000000.0,2010-02-23,113017000000.0,34423000000.0,2010-02-23,2010-02-23,2010-02-23
CMCSA,2009-12-31,3638000000.0,42721000000.0,2010-02-23,112733000000.0,35756000000.0,2010-02-23,2010-02-23,2010-02-23
CMCSA,2010-12-31,3635000000.0,44354000000.0,2011-02-25,118534000000.0,37937000000.0,2011-02-25,2011-02-25,2011-02-25
CMCSA,2011-12-31,4160000000.0,47274000000.0,2012-02-23,157818000000.0,55842000000.0,2012-02-23,2012-02-23,2012-02-23
CMCSA,2012-12-31,6203000000.0,49356000000.0,2013-02-21,164971000000.0,62570000000.0,2013-02-21,2013-02-21,2013-02-21
CMCSA,2013-12-31,6816000000.0,50694000000.0,2014-02-12,158813000000.0,64657000000.0,2014-02-12,2014-02-12,2014-02-12
CMCSA,2014-12-31,8380000000.0,52711000000.0,2015-02-27,159339000000.0,68775000000.0,2015-02-27,2015-02-27,2015-02-27
CMCSA,2015-12-31,8163000000.0,52269000000.0,2016-02-05,166574000000.0,74510000000.0,2016-02-05,2016-02-05,2016-02-05
CMCSA,2016-12-31,8695000000.0,53943000000.0,2017-02-03,180500000000.0,80403000000.0,2017-02-03,2017-02-03,2017-02-03
CMCSA,2017-12-31,22714000000.0,68606000000.0,2018-01-31,186949000000.0,84526000000.0,2018-01-31,2018-01-31,2018-01-31
CMCSA,2018-12-31,11731000000.0,71613000000.0,2019-01-31,251684000000.0,94507000000.0,2019-01-31,2019-01-31,2019-01-31
CMCSA,2019-12-31,13057000000.0,82726000000.0,2020-01-30,263414000000.0,108942000000.0,2020-01-30,2020-01-30,2020-01-30
CMCSA,2020-12-31,10534000000.0,90323000000.0,2021-02-04,273869000000.0,103564000000.0,2021-02-04,2021-02-04,2021-02-04
CMCSA,2021-12-31,14159000000.0,96092000000.0,2022-02-02,275905000000.0,116385000000.0,2022-02-02,2022-02-02,2022-02-02
CMCSA,2022-12-31,5370000000.0,80943000000.0,2023-02-03,257275000000.0,121427000000.0,2023-02-03,2023-02-03,2023-02-03
CMCSA,2023-12-31,15388000000.0,82703000000.0,2024-01-31,264811000000.0,121572000000.0,2024-01-31,2024-01-31,2024-01-31
CMCSA,2024-12-31,16192000000.0,85560000000.0,2025-01-31,266211000000.0,,2025-01-31,,2025-01-31
CMCSA,2025-12-31,19998000000.0,96903000000.0,2026-02-03,272631000000.0,,2026-02-03,,2026-02-03
CME,2006-12-31,,1519100000.0,2010-02-26,,,,,
CME,2007-12-31,658500000.0,12305600000.0,2010-02-26,,1756100000.0,,2010-02-26,2010-02-26
CME,2008-12-31,715500000.0,18688600000.0,2010-02-26,48158700000.0,2561000000.0,2010-02-26,2010-02-26,2010-02-26
CME,2009-12-31,825800000.0,19301000000.0,2010-02-26,35651000000.0,2612800000.0,2010-02-26,2010-02-26,2010-02-26
CME,2010-12-31,951400000.0,20060100000.0,2011-02-28,35046100000.0,3003700000.0,2011-02-28,2011-02-28,2011-02-28
CME,2011-12-31,1812300000.0,21552000000.0,2012-02-28,40758700000.0,3280600000.0,2012-02-28,2012-02-28,2012-02-28
CME,2012-12-31,896300000.0,21419100000.0,2013-03-01,38863200000.0,2914600000.0,2013-03-01,2013-03-01,2013-03-01
CME,2013-12-31,976800000.0,21154800000.0,2014-03-03,54277800000.0,2936300000.0,2014-03-03,2014-03-03,2014-03-03
CME,2014-12-31,1127100000.0,20923500000.0,2015-02-26,72241500000.0,3112500000.0,2015-02-26,2015-02-26,2015-02-26
CME,2015-12-31,1247000000.0,20551800000.0,2016-02-26,67371500000.0,3326800000.0,2016-02-26,2016-02-26,2016-02-26
CME,2016-12-31,1534100000.0,20340700000.0,2017-02-27,69369400000.0,3595200000.0,2017-02-27,2017-02-27,2017-02-27
CME,2017-12-31,4063400000.0,22411800000.0,2018-03-01,75791200000.0,3644700000.0,2018-03-01,2018-03-01,2018-03-01
CME,2018-12-31,1962200000.0,25918500000.0,2019-02-28,77475700000.0,4309400000.0,2019-02-28,2019-02-28,2019-02-28
CME,2019-12-31,2116500000.0,26128900000.0,2020-02-28,75215300000.0,4868000000.0,2020-02-28,2020-02-28,2020-02-28
CME,2020-12-31,2105200000.0,26319900000.0,2021-02-26,124659600000.0,4883600000.0,2021-02-26,2021-02-26,2021-02-26
CME,2021-12-31,2636400000.0,27399300000.0,2022-02-25,196780300000.0,4689700000.0,2022-02-25,2022-02-25,2022-02-25
CME,2022-12-31,2691000000.0,26878700000.0,2023-02-27,174175700000.0,5019400000.0,2023-02-27,2023-02-27,2023-02-27
CME,2023-12-31,3226200000.0,26737900000.0,2024-02-28,129706100000.0,5578900000.0,2024-02-28,2024-02-28,2024-02-28
CME,2024-12-31,3525800000.0,26486900000.0,2025-02-27,137447000000.0,6130100000.0,2025-02-27,2025-02-27,2025-02-27
CME,2025-12-31,4072200000.0,28728200000.0,2026-02-26,198424200000.0,6520600000.0,2026-02-26,2026-02-26,2026-02-26
CMG,2007-12-31,,562110000.0,2011-02-17,,,,,
CMG,2008-12-31,78202000.0,622590000.0,2011-02-17,,,,,2011-02-17
CMG,2009-12-31,126845000.0,703461000.0,2011-02-17,961505000.0,,2011-02-17,,2011-02-17
CMG,2010-12-31,178981000.0,810873000.0,2011-02-17,1121605000.0,,2011-02-17,,2011-02-17
CMG,2011-12-31,214945000.0,1044226000.0,2012-02-10,1425308000.0,,2012-02-10,,2012-02-10
CMG,2012-12-31,278000000.0,1245926000.0,2013-02-08,1668667000.0,,2013-02-08,,2013-02-08
CMG,2013-12-31,327438000.0,1538288000.0,2014-02-05,2009280000.0,,2014-02-05,,2014-02-05
CMG,2014-12-31,445374000.0,2012369000.0,2015-02-04,2546285000.0,,2015-02-04,,2015-02-04
CMG,2015-12-31,475602000.0,2127974000.0,2016-02-05,2725066000.0,,2016-02-05,,2016-02-05
CMG,2016-12-31,22938000.0,1402493000.0,2017-02-07,2026103000.0,3904384000.0,2017-02-07,2019-02-08,2017-02-07
CMG,2017-12-31,176253000.0,1364445000.0,2018-02-08,2045692000.0,4476412000.0,2018-02-08,2019-02-08,2018-02-08
CMG,2018-12-31,176553000.0,1441339000.0,2019-02-08,2265518000.0,4864985000.0,2019-02-08,2019-02-08,2019-02-08
CMG,2019-12-31,350158000.0,1683026000.0,2020-02-05,5104604000.0,5586369000.0,2020-02-05,2020-02-05,2020-02-05
CMG,2020-12-31,355766000.0,2020135000.0,2021-02-10,5982896000.0,5984634000.0,2021-02-10,2021-02-10,2021-02-10
CMG,2021-12-31,652984000.0,2297374000.0,2022-02-11,6652958000.0,7547061000.0,2022-02-11,2022-02-11,2022-02-11
CMG,2022-12-31,899101000.0,2368023000.0,2023-02-09,6927504000.0,8634652000.0,2023-02-09,2023-02-09,2023-02-09
CMG,2023-12-31,1228737000.0,3062207000.0,2024-02-08,8044362000.0,9871649000.0,2024-02-08,2024-02-08,2024-02-08
CMG,2024-12-31,1534110000.0,3655546000.0,2025-02-05,9204374000.0,11313853000.0,2025-02-05,2025-02-05,2025-02-05
CMG,2025-12-31,1535761000.0,2830607000.0,2026-02-04,8994531000.0,11925601000.0,2026-02-04,2026-02-04,2026-02-04
CMI,2007-12-31,739000000.0,,,,,,,2010-02-26
CMI,2008-12-31,755000000.0,3234000000.0,2010-02-26,8519000000.0,,2010-02-26,,2010-02-26
CMI,2009-12-31,428000000.0,3773000000.0,2010-02-26,8816000000.0,,2010-02-26,,2010-02-26
CMI,2010-12-31,1040000000.0,4670000000.0,2011-02-24,10402000000.0,,2011-02-24,,2011-02-24
CMI,2011-12-31,,5492000000.0,2012-02-21,11668000000.0,,2012-02-21,,
CMI,2012-12-31,,6603000000.0,2013-02-20,12548000000.0,,2013-02-20,,
CMI,2013-12-31,,7510000000.0,2014-02-18,14728000000.0,,2014-02-18,,
CMI,2014-12-31,,7749000000.0,2015-02-17,15776000000.0,,2015-02-17,,
CMI,2015-12-31,,7406000000.0,2016-02-12,15134000000.0,,2016-02-12,,
CMI,2016-12-31,,6875000000.0,2017-02-13,15011000000.0,17509000000.0,2017-02-13,2019-02-11,
CMI,2017-12-31,,7259000000.0,2018-02-14,18075000000.0,20428000000.0,2018-02-14,2019-02-11,
CMI,2018-12-31,,7348000000.0,2019-02-11,19062000000.0,23771000000.0,2019-02-11,2019-02-11,
CMI,2019-12-31,,7507000000.0,2020-02-11,19737000000.0,23571000000.0,2020-02-11,2020-02-11,
CMI,2020-12-31,,8062000000.0,2021-02-10,22624000000.0,19811000000.0,2021-02-10,2021-02-10,
CMI,2021-12-31,,8474000000.0,2022-02-08,23710000000.0,24021000000.0,2022-02-08,2022-02-08,
CMI,2022-12-31,,8975000000.0,2023-02-14,30299000000.0,28074000000.0,2023-02-14,2023-02-14,
CMI,2023-12-31,,8850000000.0,2024-02-12,32005000000.0,34065000000.0,2024-02-12,2024-02-12,
CMI,2024-12-31,,10271000000.0,2025-02-11,31540000000.0,34102000000.0,2025-02-11,2025-02-11,
CMI,2025-12-31,,12349000000.0,2026-02-10,33992000000.0,33670000000.0,2026-02-10,2026-02-10,
CMS,2008-12-31,295000000.0,,,,6807000000.0,,2011-02-24,2011-02-24
CMS,2009-12-31,229000000.0,2602000000.0,2011-02-24,15256000000.0,6205000000.0,2011-02-24,2011-02-24,2011-02-24
CMS,2010-12-31,340000000.0,2793000000.0,2011-02-24,15616000000.0,6432000000.0,2011-02-24,2011-02-24,2011-02-24
CMS,2011-12-31,415000000.0,3028000000.0,2012-02-23,16452000000.0,6503000000.0,2012-02-23,2012-02-23,2012-02-23
CMS,2012-12-31,382000000.0,3194000000.0,2013-02-21,17131000000.0,6253000000.0,2013-02-21,2013-02-21,2013-02-21
CMS,2013-12-31,452000000.0,3454000000.0,2014-02-06,17416000000.0,6566000000.0,2014-02-06,2014-02-06,2015-02-05
CMS,2014-12-31,477000000.0,3670000000.0,2015-02-05,19185000000.0,7179000000.0,2015-02-05,2015-02-05,2015-02-05
CMS,2015-12-31,523000000.0,3938000000.0,2016-02-11,20340000000.0,6456000000.0,2016-02-11,2016-02-11,2016-02-11
CMS,2016-12-31,551000000.0,4253000000.0,2017-02-07,21622000000.0,6399000000.0,2017-02-07,2017-02-07,2017-02-07
CMS,2017-12-31,460000000.0,4441000000.0,2018-02-14,23050000000.0,6583000000.0,2018-02-14,2018-02-14,2018-02-14
CMS,2018-12-31,657000000.0,4755000000.0,2019-02-05,24529000000.0,6873000000.0,2019-02-05,2019-02-05,2019-02-05
CMS,2019-12-31,680000000.0,5018000000.0,2020-02-06,26837000000.0,6845000000.0,2020-02-06,2020-02-06,2020-02-06
CMS,2020-12-31,755000000.0,5496000000.0,2021-02-11,29666000000.0,6680000000.0,2021-02-11,2021-02-11,2021-02-11
CMS,2021-12-31,1353000000.0,6631000000.0,2022-02-10,28753000000.0,7329000000.0,2022-02-10,2022-02-10,2022-02-10
CMS,2022-12-31,837000000.0,7015000000.0,2023-02-09,31353000000.0,8596000000.0,2023-02-09,2023-02-09,2023-02-09
CMS,2023-12-31,887000000.0,7544000000.0,2024-02-08,33517000000.0,7462000000.0,2024-02-08,2024-02-08,2024-02-08
CMS,2024-12-31,1003000000.0,8230000000.0,2025-02-11,35920000000.0,7515000000.0,2025-02-11,2025-02-11,2025-02-11
CMS,2025-12-31,1071000000.0,9144000000.0,2026-02-10,39941000000.0,8539000000.0,2026-02-10,2026-02-10,2026-02-10
CNC,2008-12-31,83497000.0,,,,3364515000.0,,2011-02-22,2011-02-22
CNC,2009-12-31,83671000.0,600845000.0,2011-02-22,1702364000.0,4102864000.0,2011-02-22,2011-02-22,2011-02-22
CNC,2010-12-31,94836000.0,793939000.0,2011-02-22,1943882000.0,4448323000.0,2011-02-22,2011-02-22,2011-02-22
CNC,2011-12-31,111218000.0,935634000.0,2012-02-21,2190336000.0,5340582000.0,2012-02-21,2012-02-21,2012-02-21
CNC,2012-12-31,1859000.0,953056000.0,2013-02-19,2741682000.0,8667612000.0,2013-02-19,2013-02-19,2013-02-19
CNC,2013-12-31,165099000.0,1234041000.0,2014-02-21,3529300000.0,10863329000.0,2014-02-21,2014-02-21,2014-02-21
CNC,2014-12-31,271000000.0,1744000000.0,2015-02-23,5838000000.0,16560000000.0,2015-02-23,2015-02-23,2015-02-23
CNC,2015-12-31,355000000.0,2157000000.0,2016-02-22,7339000000.0,22760000000.0,2016-02-22,2016-02-22,2016-02-22
CNC,2016-12-31,562000000.0,5895000000.0,2017-02-21,20197000000.0,40607000000.0,2017-02-21,2017-02-21,2017-02-21
CNC,2017-12-31,828000000.0,6850000000.0,2018-02-20,21855000000.0,48382000000.0,2018-02-20,2018-02-20,2018-02-20
CNC,2018-12-31,900000000.0,10917000000.0,2019-02-19,30901000000.0,60116000000.0,2019-02-19,2019-02-19,2019-02-19
CNC,2019-12-31,1321000000.0,12551000000.0,2020-02-18,40994000000.0,74639000000.0,2020-02-18,2020-02-18,2020-02-18
CNC,2020-12-31,1808000000.0,25773000000.0,2021-02-22,68719000000.0,111115000000.0,2021-02-22,2021-02-22,2021-02-22
CNC,2021-12-31,1347000000.0,26795000000.0,2022-02-22,78375000000.0,125982000000.0,2022-02-22,2022-02-22,2022-02-22
CNC,2022-12-31,1202000000.0,24057000000.0,2023-02-21,76870000000.0,144547000000.0,2023-02-21,2023-02-21,2023-02-21
CNC,2023-12-31,2702000000.0,25840000000.0,2024-02-20,84641000000.0,153999000000.0,2024-02-20,2024-02-20,2024-02-20
CNC,2024-12-31,3305000000.0,26410000000.0,2025-02-18,82445000000.0,163071000000.0,2025-02-18,2025-02-18,2025-02-18
CNC,2025-12-31,-6674000000.0,19953000000.0,2026-02-17,76747000000.0,194777000000.0,2026-02-17,2026-02-17,2026-02-17
CNP,2007-12-31,395000000.0,1811000000.0,2010-02-26,,9623000000.0,,2010-02-26,2010-02-26
CNP,2008-12-31,446000000.0,2022000000.0,2010-02-26,19676000000.0,11322000000.0,2010-02-26,2010-02-26,2010-02-26
CNP,2009-12-31,372000000.0,2639000000.0,2010-02-26,19773000000.0,8281000000.0,2010-02-26,2010-02-26,2010-02-26
CNP,2010-12-31,442000000.0,3198000000.0,2012-02-29,20111000000.0,8785000000.0,2012-02-29,2012-02-29,2012-02-29
CNP,2011-12-31,1357000000.0,4222000000.0,2012-02-29,21703000000.0,8450000000.0,2012-02-29,2012-02-29,2012-02-29
CNP,2012-12-31,417000000.0,4301000000.0,2013-02-27,22871000000.0,7452000000.0,2013-02-27,2013-02-27,2013-02-27
CNP,2013-12-31,311000000.0,4329000000.0,2014-02-26,21870000000.0,8106000000.0,2014-02-26,2014-02-26,2014-02-26
CNP,2014-12-31,611000000.0,4548000000.0,2015-02-26,23200000000.0,9226000000.0,2015-02-26,2015-02-26,2015-02-26
CNP,2015-12-31,-692000000.0,3461000000.0,2016-02-26,21334000000.0,7386000000.0,2016-02-26,2016-02-26,2016-02-26
CNP,2016-12-31,432000000.0,3460000000.0,2017-02-28,21829000000.0,7528000000.0,2017-02-28,2017-02-28,2017-02-28
CNP,2017-12-31,1792000000.0,4688000000.0,2018-02-22,22736000000.0,9614000000.0,2018-02-22,2018-02-22,2018-02-22
CNP,2018-12-31,368000000.0,8058000000.0,2019-02-28,27009000000.0,10589000000.0,2019-02-28,2019-02-28,2019-02-28
CNP,2019-12-31,791000000.0,8359000000.0,2020-02-27,35439000000.0,12301000000.0,2020-02-27,2020-02-27,2020-02-27
CNP,2020-12-31,-773000000.0,8348000000.0,2021-02-25,33471000000.0,7418000000.0,2021-02-25,2021-02-25,2021-02-25
CNP,2021-12-31,1486000000.0,9415000000.0,2022-02-22,37679000000.0,8352000000.0,2022-02-22,2022-02-22,2022-02-22
CNP,2022-12-31,1057000000.0,10042000000.0,2023-02-17,38546000000.0,9321000000.0,2023-02-17,2023-02-17,2023-02-17
CNP,2023-12-31,917000000.0,9667000000.0,2024-02-20,39715000000.0,8696000000.0,2024-02-20,2024-02-20,2024-02-20
CNP,2024-12-31,1019000000.0,10666000000.0,2025-02-20,43768000000.0,8643000000.0,2025-02-20,2025-02-20,2025-02-20
CNP,2025-12-31,1052000000.0,11153000000.0,2026-02-19,46534000000.0,9357000000.0,2026-02-19,2026-02-19,2026-02-19
CNX,2007-12-31,267782000.0,,,,3762197000.0,,2010-02-09,2010-02-09
CNX,2008-12-31,442470000.0,1462187000.0,2010-02-09,7370458000.0,4652445000.0,2010-02-09,2010-02-09,2010-02-09
CNX,2009-12-31,539717000.0,1785548000.0,2010-02-09,7725401000.0,4621875000.0,2010-02-09,2010-02-09,2010-02-09
CNX,2010-12-31,346781000.0,2944477000.0,2011-02-10,12070610000.0,5236021000.0,2011-02-10,2011-02-10,2011-02-10
CNX,2011-12-31,632497000.0,3610885000.0,2012-02-10,12525700000.0,6117242000.0,2012-02-10,2012-02-10,2012-02-10
CNX,2012-12-31,388470000.0,3953792000.0,2013-02-07,12670909000.0,5430307000.0,2013-02-07,2013-02-07,2013-02-07
CNX,2013-12-31,660442000.0,5006289000.0,2014-02-07,11393667000.0,3299685000.0,2014-02-07,2014-02-07,2014-02-07
CNX,2014-12-31,163090000.0,5329458000.0,2015-02-06,11759530000.0,3726804000.0,2015-02-06,2015-02-06,2015-02-06
CNX,2015-12-31,-374885000.0,4702027000.0,2016-02-05,10929902000.0,3114401000.0,2016-02-05,2016-02-05,2016-02-05
CNX,2016-12-31,-848102000.0,3798395000.0,2017-02-08,9183981000.0,2026375000.0,2017-02-08,2017-02-08,2017-02-08
CNX,2017-12-31,380747000.0,3899899000.0,2018-02-07,6931913000.0,1455131000.0,2018-02-07,2018-02-07,2019-02-07
CNX,2018-12-31,796533000.0,4329958000.0,2019-02-07,8592170000.0,1730434000.0,2019-02-07,2019-02-07,2019-02-07
CNX,2019-12-31,-80730000.0,4160546000.0,2020-02-10,9060806000.0,1922449000.0,2020-02-10,2020-02-10,2020-02-10
CNX,2020-12-31,-483775000.0,4422437000.0,2021-02-09,8041764000.0,1257978000.0,2021-02-09,2021-02-09,2021-02-09
CNX,2021-12-31,-498643000.0,3700273000.0,2022-02-10,8100751000.0,756792000.0,2022-02-10,2022-02-10,2022-02-10
CNX,2022-12-31,-142077000.0,2950461000.0,2023-02-09,8515773000.0,1261211000.0,2023-02-09,2023-02-09,2023-02-09
CNX,2023-12-31,1720716000.0,4361017000.0,2024-02-08,8626657000.0,3434948000.0,2024-02-08,2024-02-08,2024-02-08
CNX,2024-12-31,-90494000.0,4098030000.0,2025-02-11,8511903000.0,1266786000.0,2025-02-11,2025-02-11,2025-02-11
CNX,2025-12-31,633162000.0,4337016000.0,2026-02-10,9094446000.0,2239134000.0,2026-02-10,2026-02-10,2026-02-10
COF,2006-12-31,,25235206000.0,2010-02-26,,,,,
COF,2007-12-31,1570332000.0,24294112000.0,2010-02-26,,,,,2010-02-26
COF,2008-12-31,-45998000.0,26612433000.0,2010-02-26,165913452000.0,,2010-02-26,,2010-02-26
COF,2009-12-31,883781000.0,26589410000.0,2010-02-26,169646363000.0,12983000000.0,2010-02-26,2012-02-29,2010-02-26
COF,2010-12-31,2743000000.0,26541000000.0,2012-02-29,197503000000.0,16171000000.0,2012-02-29,2012-02-29,2012-02-29
COF,2011-12-31,3147000000.0,29666000000.0,2012-02-29,206019000000.0,16279000000.0,2012-02-29,2012-02-29,2012-02-29
COF,2012-09-30,,39700000000.0,2013-02-28,,,,,
COF,2012-12-31,3517000000.0,40499000000.0,2013-02-28,312918000000.0,21396000000.0,2013-02-28,2014-02-27,2013-02-28
COF,2013-09-30,,41800000000.0,2014-02-27,,,,,
COF,2013-12-31,4159000000.0,41744000000.0,2014-02-27,297048000000.0,22384000000.0,2014-02-27,2014-02-27,2014-02-27
COF,2014-09-30,,44000000000.0,2015-02-24,,,,,
COF,2014-12-31,4428000000.0,45053000000.0,2015-02-24,308854000000.0,22290000000.0,2015-02-24,2015-02-24,2015-02-24
COF,2015-12-31,4050000000.0,47284000000.0,2016-02-25,334048000000.0,23413000000.0,2016-02-25,2016-02-25,2016-02-25
COF,2016-12-31,3751000000.0,47514000000.0,2017-02-23,357033000000.0,25501000000.0,2017-02-23,2017-02-23,2017-02-23
COF,2017-12-31,1982000000.0,48730000000.0,2018-02-21,365693000000.0,27237000000.0,2018-02-21,2018-02-21,2018-02-21
COF,2018-12-31,6015000000.0,51668000000.0,2019-02-20,372538000000.0,28076000000.0,2019-02-20,2019-02-20,2019-02-20
COF,2019-12-31,5546000000.0,58011000000.0,2020-02-20,390365000000.0,28593000000.0,2020-02-20,2020-02-20,2020-02-20
COF,2020-12-31,2714000000.0,60204000000.0,2021-02-25,421602000000.0,28523000000.0,2021-02-25,2021-02-25,2021-02-25
COF,2021-12-31,12390000000.0,61029000000.0,2022-02-25,432381000000.0,30435000000.0,2022-02-25,2022-02-25,2022-02-25
COF,2022-12-31,7360000000.0,52582000000.0,2023-02-24,455249000000.0,34250000000.0,2023-02-24,2023-02-24,2023-02-24
COF,2023-12-31,4887000000.0,58089000000.0,2024-02-23,478464000000.0,36787000000.0,2024-02-23,2024-02-23,2024-02-23
COF,2024-12-31,4750000000.0,60784000000.0,2025-02-20,490144000000.0,39112000000.0,2025-02-20,2025-02-20,2025-02-20
COF,2025-12-31,2453000000.0,113616000000.0,2026-02-19,669009000000.0,53434000000.0,2026-02-19,2026-02-19,2026-02-19
COO,2007-10-31,,1461007000.0,2010-12-17,,,,,
COO,2008-10-31,63956000.0,1417076000.0,2010-12-17,,,,,2010-12-17
COO,2009-10-31,100548000.0,1540342000.0,2010-12-17,2551907000.0,,2010-12-17,,2010-12-17
COO,2010-10-31,112803000.0,1666776000.0,2010-12-17,2525018000.0,,2010-12-17,,2010-12-17
COO,2011-10-31,175430000.0,1937488000.0,2011-12-16,2624518000.0,,2011-12-16,,2011-12-16
COO,2012-10-31,248339000.0,2192751000.0,2012-12-20,2941384000.0,,2012-12-20,,2012-12-20
COO,2013-10-31,296151000.0,2404535000.0,2013-12-20,3137261000.0,,2013-12-20,,2013-12-20
COO,2014-10-31,269856000.0,2569878000.0,2014-12-19,4458340000.0,,2014-12-19,,2014-12-19
COO,2015-10-31,203523000.0,2667509000.0,2015-12-18,4460610000.0,,2015-12-18,,2015-12-18
COO,2016-10-31,273917000.0,2699867000.0,2016-12-22,4475918000.0,1966800000.0,2016-12-22,2018-12-21,2016-12-22
COO,2017-10-31,372900000.0,3175700000.0,2017-12-22,4858700000.0,2139000000.0,2017-12-22,2018-12-21,2017-12-22
COO,2018-10-31,139900000.0,3307600000.0,2018-12-21,6112800000.0,2532800000.0,2018-12-21,2018-12-21,2018-12-21
COO,2019-10-31,466700000.0,3628400000.0,2019-12-20,6274500000.0,,2019-12-20,,2019-12-20
COO,2020-10-31,238400000.0,3824600000.0,2020-12-11,6737500000.0,,2020-12-11,,2020-12-11
COO,2021-10-31,2944700000.0,6941800000.0,2021-12-10,9606200000.0,,2021-12-10,,2021-12-10
COO,2022-10-31,385800000.0,7174500000.0,2022-12-09,11492300000.0,,2022-12-09,,2022-12-09
COO,2023-10-31,294200000.0,7550800000.0,2023-12-08,11658900000.0,,2023-12-08,,2023-12-08
COO,2024-10-31,392300000.0,8083400000.0,2024-12-06,12315200000.0,,2024-12-06,,2024-12-06
COO,2025-10-31,374900000.0,8238900000.0,2025-12-05,12394800000.0,,2025-12-05,,2025-12-05
COP,2007-12-31,11891000000.0,,,,,,,2010-02-25
COP,2008-12-31,-16998000000.0,55165000000.0,2010-02-25,142865000000.0,,2010-02-25,,2010-02-25
COP,2009-12-31,4858000000.0,62467000000.0,2010-02-25,152588000000.0,,2010-02-25,,2010-02-25
COP,2010-12-31,11358000000.0,68562000000.0,2011-02-23,156314000000.0,63335000000.0,2011-02-23,2013-02-19,2011-02-23
COP,2011-12-31,12436000000.0,65224000000.0,2012-02-21,153230000000.0,66069000000.0,2012-02-21,2013-02-19,2012-02-21
COP,2012-12-31,8428000000.0,47987000000.0,2013-02-19,117144000000.0,62004000000.0,2013-02-19,2013-02-19,2013-02-19
COP,2013-12-31,9156000000.0,52090000000.0,2014-02-25,118057000000.0,58248000000.0,2014-02-25,2014-02-25,2014-02-25
COP,2014-12-31,6869000000.0,51911000000.0,2015-02-24,116539000000.0,55517000000.0,2015-02-24,2015-02-24,2015-02-24
COP,2015-12-31,-4428000000.0,39762000000.0,2016-02-23,97484000000.0,30935000000.0,2016-02-23,2016-02-23,2016-02-23
COP,2016-12-31,-3615000000.0,34974000000.0,2017-02-21,89772000000.0,24360000000.0,2017-02-21,2017-02-21,2017-02-21
COP,2017-12-31,-855000000.0,30607000000.0,2018-02-20,73362000000.0,32584000000.0,2018-02-20,2018-02-20,2018-02-20
COP,2018-12-31,6257000000.0,31939000000.0,2019-02-19,69980000000.0,38727000000.0,2019-02-19,2019-02-19,2019-02-19
COP,2019-12-31,7189000000.0,34981000000.0,2020-02-18,70514000000.0,36670000000.0,2020-02-18,2020-02-18,2020-02-18
COP,2020-12-31,-2701000000.0,29849000000.0,2021-02-16,62618000000.0,19256000000.0,2021-02-16,2021-02-16,2021-02-16
COP,2021-12-31,8079000000.0,45406000000.0,2024-02-15,90661000000.0,48349000000.0,2022-02-17,2022-02-17,2022-02-17
COP,2022-12-31,18680000000.0,48003000000.0,2024-02-15,93829000000.0,78494000000.0,2023-02-16,2023-02-16,2023-02-16
COP,2023-12-31,10957000000.0,49279000000.0,2024-02-15,95924000000.0,56141000000.0,2024-02-15,2024-02-15,2024-02-15
COP,2024-12-31,9245000000.0,64796000000.0,2025-02-18,122780000000.0,54745000000.0,2025-02-18,2025-02-18,2025-02-18
COP,2025-12-31,7988000000.0,64487000000.0,2026-02-17,121939000000.0,58944000000.0,2026-02-17,2026-02-17,2026-02-17
COST,2008-08-31,1283000000.0,,,20682000000.0,72483000000.0,2010-10-18,2010-10-18,2010-10-18
COST,2009-08-30,1086000000.0,10024000000.0,2010-10-18,21979000000.0,71422000000.0,2010-10-18,2010-10-18,2010-10-18
COST,2010-08-29,1303000000.0,10829000000.0,2010-10-18,23815000000.0,77946000000.0,2010-10-18,2010-10-18,2010-10-18
COST,2011-08-28,1462000000.0,12002000000.0,2011-10-14,26761000000.0,88915000000.0,2011-10-14,2011-10-14,2011-10-14
COST,2012-09-02,1709000000.0,12361000000.0,2012-10-19,27140000000.0,99137000000.0,2012-10-19,2012-10-19,2012-10-19
COST,2013-09-01,2039000000.0,10833000000.0,2013-10-16,30283000000.0,105156000000.0,2013-10-16,2013-10-16,2013-10-16
COST,2014-08-31,2058000000.0,12303000000.0,2014-10-15,33024000000.0,112640000000.0,2014-10-15,2014-10-15,2014-10-15
COST,2015-08-30,2377000000.0,10617000000.0,2015-10-14,33440000000.0,116199000000.0,2015-10-14,2015-10-14,2015-10-14
COST,2016-08-28,2350000000.0,12079000000.0,2016-10-12,33163000000.0,118719000000.0,2016-10-12,2016-10-12,2016-10-12
COST,2017-09-03,2679000000.0,10778000000.0,2017-10-18,36347000000.0,129025000000.0,2017-10-18,2017-10-18,2017-10-18
COST,2018-09-02,3134000000.0,12799000000.0,2018-10-26,40830000000.0,141576000000.0,2018-10-26,2018-10-26,2018-10-26
COST,2019-09-01,3659000000.0,15243000000.0,2019-10-11,45400000000.0,152703000000.0,2019-10-11,2019-10-11,2019-10-11
COST,2020-08-30,4002000000.0,18284000000.0,2020-10-07,55556000000.0,166761000000.0,2020-10-07,2020-10-07,2020-10-07
COST,2021-08-29,5007000000.0,17564000000.0,2021-10-06,59268000000.0,195929000000.0,2021-10-06,2021-10-06,2021-10-06
COST,2022-08-28,5844000000.0,20642000000.0,2022-10-05,64166000000.0,226954000000.0,2022-10-05,2022-10-05,2022-10-05
COST,2023-09-03,6292000000.0,25058000000.0,2023-10-11,68994000000.0,242290000000.0,2023-10-11,2023-10-11,2023-10-11
COST,2024-09-01,7367000000.0,23622000000.0,2024-10-09,69831000000.0,254453000000.0,2024-10-09,2024-10-09,2024-10-09
COST,2025-08-31,8099000000.0,29164000000.0,2025-10-08,77099000000.0,275235000000.0,2025-10-08,2025-10-08,2025-10-08
COTY,2012-06-30,-324400000.0,,,,,,,2014-08-28
COTY,2013-06-30,168000000.0,1494000000.0,2014-08-28,6470000000.0,,2014-08-28,,2014-08-28
COTY,2014-06-30,-97400000.0,843800000.0,2014-08-28,6592500000.0,,2014-08-28,,2014-08-28
COTY,2015-06-30,232500000.0,969800000.0,2015-08-17,6018900000.0,,2015-08-17,,2015-08-17
COTY,2016-06-30,156900000.0,360200000.0,2016-08-18,7100200000.0,,2016-08-18,,2016-08-18
COTY,2017-06-30,-422200000.0,9314700000.0,2017-08-23,22548200000.0,7650300000.0,2017-08-23,2019-08-28,2017-08-23
COTY,2018-06-30,-168800000.0,8849700000.0,2018-08-21,22630200000.0,9398000000.0,2018-08-21,2019-08-28,2018-08-21
COTY,2019-06-30,-3784200000.0,4586900000.0,2019-08-28,17665400000.0,8648500000.0,2019-08-28,2019-08-28,2019-08-28
COTY,2020-06-30,-1006700000.0,3004600000.0,2020-08-27,16728800000.0,4717800000.0,2020-08-27,2020-08-27,2020-08-27
COTY,2021-06-30,-201300000.0,2860700000.0,2021-08-26,13691400000.0,4629900000.0,2021-08-26,2021-08-26,2021-08-26
COTY,2022-06-30,259500000.0,3154500000.0,2022-08-25,12116100000.0,5304400000.0,2022-08-25,2022-08-25,2022-08-25
COTY,2023-06-30,508200000.0,3811100000.0,2023-08-22,12661600000.0,5554100000.0,2023-08-22,2023-08-22,2023-08-22
COTY,2024-06-30,89400000.0,3827100000.0,2024-08-20,12082500000.0,6118000000.0,2024-08-20,2024-08-20,2024-08-20
COTY,2025-06-30,-367900000.0,3542700000.0,2025-08-21,11907700000.0,5892900000.0,2025-08-21,2025-08-21,2025-08-21
COTY,2026-06-30,-604800000.0,2989700000.0,2026-08-20,10200400000.0,5806600000.0,2026-08-20,2026-08-20,2026-08-20
CPB,2008-08-03,1165000000.0,,,,,,,2010-09-29
CPB,2009-08-02,736000000.0,728000000.0,2010-09-29,6056000000.0,,2010-09-29,,2010-09-29
CPB,2010-08-01,844000000.0,926000000.0,2010-09-29,6276000000.0,,2010-09-29,,2010-09-29
CPB,2011-07-31,805000000.0,1088000000.0,2011-09-28,6862000000.0,,2011-09-28,,2011-09-28
CPB,2012-07-29,774000000.0,898000000.0,2012-09-27,6530000000.0,,2012-09-27,,2012-09-27
CPB,2013-07-28,458000000.0,1217000000.0,2013-09-26,8323000000.0,,2013-09-26,,2013-09-26
CPB,2014-08-03,818000000.0,1615000000.0,2014-09-24,8113000000.0,,2014-09-24,,2014-09-24
CPB,2015-08-02,691000000.0,1380000000.0,2015-09-29,8089000000.0,,2015-09-29,,2015-09-29
CPB,2016-07-31,563000000.0,1525000000.0,2016-09-22,7837000000.0,,2016-09-22,,2016-09-22
CPB,2017-07-30,887000000.0,1637000000.0,2017-09-27,7726000000.0,5837000000.0,2017-09-27,2019-09-26,2017-09-27
CPB,2018-07-29,261000000.0,1364000000.0,2018-09-27,14529000000.0,6615000000.0,2018-09-27,2019-09-26,2018-09-27
CPB,2019-07-28,211000000.0,1103000000.0,2019-09-26,13148000000.0,8107000000.0,2019-09-26,2019-09-26,2019-09-26
CPB,2020-08-02,1628000000.0,2563000000.0,2020-09-24,12372000000.0,8691000000.0,2020-09-24,2020-09-24,2020-09-24
CPB,2021-08-01,1002000000.0,3152000000.0,2021-09-23,11734000000.0,8476000000.0,2021-09-23,2021-09-23,2021-09-23
CPB,2022-07-31,757000000.0,3331000000.0,2022-09-22,11892000000.0,8562000000.0,2022-09-22,2022-09-22,2022-09-22
CPB,2023-07-30,858000000.0,3661000000.0,2023-09-21,12058000000.0,9357000000.0,2023-09-21,2023-09-21,2023-09-21
CPB,2024-07-28,567000000.0,3794000000.0,2024-09-19,15235000000.0,9636000000.0,2024-09-19,2024-09-19,2024-09-19
CPB,2025-08-03,602000000.0,3902000000.0,2025-09-18,14896000000.0,10253000000.0,2025-09-18,2025-09-18,2025-09-18
CPB,2026-08-02,403000000.0,3850000000.0,2026-09-24,15648000000.0,9744000000.0,2026-09-24,2026-09-24,2026-09-24
CPRI,2010-04-03,,49011000.0,2013-05-29,,,,,
CPRI,2011-04-02,72506000.0,125320000.0,2013-05-29,,803339000.0,,2013-05-29,2013-05-29
CPRI,2012-03-31,147364000.0,456237000.0,2013-05-29,674425000.0,1302254000.0,2013-05-29,2013-05-29,2013-05-29
CPRI,2013-03-30,397602000.0,1047246000.0,2013-05-29,1289565000.0,2181732000.0,2013-05-29,2013-05-29,2013-05-29
CPRI,2014-03-29,661485000.0,1806131000.0,2014-05-28,2216973000.0,3310843000.0,2014-05-28,2014-05-28,2014-05-28
CPRI,2015-03-28,881023000.0,2240965000.0,2015-05-27,2691893000.0,4371469000.0,2015-05-27,2015-05-27,2015-05-27
CPRI,2016-04-02,839100000.0,1995700000.0,2016-06-01,2566800000.0,4712100000.0,2016-06-01,2016-06-01,2016-06-01
CPRI,2017-04-01,552500000.0,1592600000.0,2017-05-31,2409600000.0,4493700000.0,2017-05-31,2017-05-31,2017-05-31
CPRI,2018-03-31,591900000.0,2017700000.0,2018-05-30,4059000000.0,4718600000.0,2018-05-30,2018-05-30,2018-05-30
CPRI,2019-03-30,543000000.0,2429000000.0,2019-05-29,6650000000.0,,2019-05-29,,2019-05-29
CPRI,2020-03-28,-223000000.0,2167000000.0,2020-07-08,7946000000.0,,2020-07-08,,2020-07-08
CPRI,2021-03-27,-62000000.0,2158000000.0,2021-05-26,7481000000.0,,2021-05-26,,2021-05-26
CPRI,2022-04-02,822000000.0,2559000000.0,2022-06-01,7480000000.0,,2022-06-01,,2022-06-01
CPRI,2023-04-01,616000000.0,1848000000.0,2023-05-31,7295000000.0,,2023-05-31,,2023-05-31
CPRI,2024-03-30,-229000000.0,1599000000.0,2024-05-29,6689000000.0,,2024-05-29,,2024-05-29
CPRI,2025-03-29,-1182000000.0,368000000.0,2025-05-28,5213000000.0,,2025-05-28,,2025-05-28
CPRI,2026-03-28,137000000.0,80000000.0,2026-05-27,3234000000.0,,2026-05-27,,2026-05-27
CPRT,2009-07-31,,921459000.0,2012-10-01,,,,,
CPRT,2010-07-31,151627000.0,1087234000.0,2012-10-01,,,,,2012-10-01
CPRT,2011-07-31,166375000.0,555172000.0,2012-10-01,1084436000.0,,2012-10-01,,2012-10-01
CPRT,2012-07-31,182119000.0,561117000.0,2012-10-01,1155066000.0,,2012-10-01,,2012-10-01
CPRT,2013-07-31,180025000.0,762401000.0,2013-09-30,1334481000.0,,2013-09-30,,2013-09-30
CPRT,2014-07-31,178687000.0,1003499000.0,2014-09-29,1506804000.0,1163489000.0,2014-09-29,2016-09-28,2014-09-29
CPRT,2015-07-31,219783000.0,964464000.0,2015-09-25,1799952000.0,1146079000.0,2015-09-25,2016-09-28,2015-09-25
CPRT,2016-07-31,270360000.0,774456000.0,2016-09-28,1649820000.0,1268449000.0,2016-09-28,2016-09-28,2016-09-28
CPRT,2017-07-31,394227000.0,,,1982501000.0,1447981000.0,2017-09-28,2017-09-28,2017-09-28
CPRT,2018-07-31,417867000.0,,,2307698000.0,1805695000.0,2018-10-01,2018-10-01,2018-10-01
CPRT,2019-07-31,591693000.0,1778381000.0,2022-09-27,2547617000.0,,2019-09-30,,2019-09-30
CPRT,2020-07-31,699907000.0,2489516000.0,2022-09-27,3455261000.0,,2020-09-28,,2020-09-28
CPRT,2021-07-31,936495000.0,3529201000.0,2022-09-27,4562143000.0,,2021-09-27,,2022-09-27
CPRT,2022-07-31,1090130000.0,4625599000.0,2022-09-27,5308864000.0,,2022-09-27,,2022-09-27
CPRT,2023-07-31,1237741000.0,5987440000.0,2023-09-28,6737879000.0,,2023-09-28,,2023-09-28
CPRT,2024-07-31,1363020000.0,,,8427764000.0,,2024-09-30,,2024-09-30
CPRT,2025-07-31,1552449000.0,,,10090902000.0,,2025-09-26,,2025-09-26
CPT,2009-12-31,-50800000.0,1530411000.0,2011-02-24,4607999000.0,,2011-02-24,,2012-02-17
CPT,2010-12-31,23216000.0,1686419000.0,2011-02-24,4699737000.0,,2011-02-24,,2012-02-17
CPT,2011-12-31,49379000.0,1758717000.0,2012-02-17,4622075000.0,,2012-02-17,,2012-02-17
CPT,2012-12-31,283390000.0,2563099000.0,2013-02-15,5385172000.0,,2013-02-15,,2013-02-15
CPT,2013-12-31,336364000.0,2691536000.0,2014-02-21,5632141000.0,,2014-02-21,,2014-02-21
CPT,2014-12-31,292089000.0,2815602000.0,2015-02-20,6056907000.0,,2015-02-20,,2015-02-20
CPT,2015-12-31,249315000.0,2816557000.0,2016-02-19,6037612000.0,,2016-02-19,,2016-02-19
CPT,2016-12-31,819823000.0,3014873000.0,2017-02-13,6028152000.0,876447000.0,2017-02-13,2019-02-15,2017-02-13
CPT,2017-12-31,196422000.0,3405363000.0,2018-02-16,6173748000.0,900896000.0,2018-02-16,2019-02-15,2018-02-16
CPT,2018-12-31,156128000.0,3311423000.0,2019-02-15,6219586000.0,954505000.0,2019-02-15,2019-02-15,2019-02-15
CPT,2019-12-31,219623000.0,3628685000.0,2020-02-20,6748504000.0,8696000.0,2020-02-20,2020-02-20,2020-02-20
CPT,2020-12-31,123911000.0,3444905000.0,2021-02-18,7198952000.0,10800000.0,2021-02-18,2021-02-18,2021-02-18
CPT,2021-12-31,303907000.0,4197490000.0,2022-02-17,7976784000.0,10532000.0,2022-02-17,2022-02-17,2022-02-17
CPT,2022-12-31,653613000.0,4986620000.0,2023-02-23,9327935000.0,5188000.0,2023-02-23,2023-02-23,2023-02-23
CPT,2023-12-31,403309000.0,4980757000.0,2024-02-22,9383737000.0,3451000.0,2024-02-22,2024-02-22,2024-02-22
CPT,2024-12-31,163293000.0,4675198000.0,2025-02-20,8852144000.0,7137000.0,2025-02-20,2025-02-20,2025-02-20
CPT,2025-12-31,384462000.0,4362523000.0,2026-02-12,9042989000.0,12967000.0,2026-02-12,2026-02-12,2026-02-12
CPWR,2010-12-31,-400227.0,-746619.0,2012-03-29,204249.0,672755.0,2012-03-29,2012-03-29,2012-03-29
CPWR,2011-12-31,-357251.0,-1101454.0,2012-03-29,55379.0,569845.0,2012-03-29,2012-03-29,2012-03-29
CPWR,2012-12-31,-207789.0,-1306343.0,2015-08-31,28302.0,252361.0,2015-08-31,2015-08-31,2015-08-31
CPWR,2013-12-31,-173132.0,-1375974.0,2015-08-31,16119.0,122319.0,2015-08-31,2015-08-31,2015-08-31
CPWR,2014-12-31,-24349.0,-1383579.0,2015-08-31,178.0,8347.0,2015-08-31,2015-08-31,2015-08-31
CPWR,2015-12-31,-346742.0,-1555654.0,2016-03-30,7145.0,3856.0,2016-03-30,2016-03-30,2016-03-30
CPWR,2016-12-31,-496576.0,-1546770.0,2017-04-04,14343.0,49.0,2017-04-04,2017-04-04,2017-04-04
CPWR,2017-12-31,-14591675.0,-10509554.0,2018-04-02,1344006.0,0.0,2018-04-02,2018-04-02,2018-04-02
CPWR,2018-12-31,-7880013.0,-17769177.0,2019-03-22,9070.0,0.0,2019-03-22,2019-03-22,2019-03-22
CPWR,2019-12-31,-4880191.0,-22066657.0,2020-03-20,43243.0,,2020-03-20,,2020-03-20
CPWR,2020-12-31,-6450457.0,-28413169.0,2021-03-30,17442.0,,2021-03-30,,2021-03-30
CPWR,2021-12-31,-2670637.0,-30027924.0,2022-03-30,5957.0,,2022-03-30,,2022-03-30
CPWR,2022-12-31,-6912102.0,-36199026.0,2023-09-05,6404.0,,2023-09-05,,2023-09-05
CPWR,2023-12-31,-9150677.0,-43501703.0,2024-03-28,120149.0,,2024-03-28,,2024-03-28
CPWR,2024-12-31,-1185163.0,-44551904.0,2025-10-27,21142.0,0.0,2025-10-27,2026-03-24,2025-10-27
CPWR,2025-12-31,-69296723.0,-113401127.0,2026-03-24,1484775.0,3013875.0,2026-03-24,2026-03-24,2026-03-24
CRL,2008-12-27,-524505000.0,,,,,,,2011-02-23
CRL,2009-12-26,114441000.0,1375243000.0,2011-02-23,2204093000.0,,2011-02-23,,2011-02-23
CRL,2010-12-25,-336669000.0,687423000.0,2011-02-23,1733373000.0,,2011-02-23,,2011-02-23
CRL,2011-12-31,,525583000.0,2012-02-27,1558320000.0,,2012-02-27,,
CRL,2012-12-29,,600805000.0,2013-02-27,1586344000.0,1129530000.0,2013-02-27,2015-02-17,
CRL,2013-12-28,102828000.0,640984000.0,2014-02-25,1644621000.0,1165528000.0,2014-02-25,2015-02-17,2016-02-12
CRL,2014-12-27,126698000.0,672203000.0,2015-02-17,1885192000.0,1297662000.0,2015-02-17,2015-02-17,2016-02-12
CRL,2015-12-26,149313000.0,733067000.0,2016-02-12,2068497000.0,1363302000.0,2016-02-12,2016-02-12,2016-02-12
CRL,2016-12-31,154765000.0,836768000.0,2017-02-14,2711800000.0,1681432000.0,2017-02-14,2017-02-14,2017-02-14
CRL,2017-12-30,123355000.0,1045080000.0,2018-02-13,2929922000.0,1857601000.0,2018-02-13,2018-02-13,2018-02-13
CRL,2018-12-29,226373000.0,1317332000.0,2019-02-13,3855879000.0,,2019-02-13,,2019-02-13
CRL,2019-12-28,252019000.0,1634584000.0,2020-02-11,4692790000.0,,2020-02-11,,2020-02-11
CRL,2020-12-26,364304000.0,2114602000.0,2021-02-17,5490831000.0,,2021-02-17,,2021-02-17
CRL,2021-12-25,390982000.0,2534820000.0,2022-02-16,7024292000.0,,2022-02-16,,2022-02-16
CRL,2022-12-31,486226000.0,2976293000.0,2023-02-22,7602770000.0,,2023-02-22,,2023-02-22
CRL,2023-12-30,474624000.0,3596882000.0,2024-02-14,8195001000.0,,2024-02-14,,2024-02-14
CRL,2024-12-28,22203000.0,3461503000.0,2025-02-19,7528345000.0,,2025-02-19,,2025-02-19
CRL,2025-12-27,-144338000.0,3164630000.0,2026-02-18,7135422000.0,,2026-02-18,,2026-02-18
CRM,2008-01-31,18356000.0,,,,748700000.0,,2010-03-11,2010-03-11
CRM,2009-01-31,43428000.0,671784000.0,2010-03-11,1479822000.0,1076769000.0,2010-03-11,2010-03-11,2010-03-11
CRM,2010-01-31,80719000.0,1043802000.0,2010-03-11,2460201000.0,1305583000.0,2010-03-11,2010-03-11,2010-03-11
CRM,2011-01-31,64474000.0,1276491000.0,2011-03-23,3091165000.0,1657139000.0,2011-03-23,2011-03-23,2011-03-23
CRM,2012-01-31,-11572000.0,1587360000.0,2013-03-08,4164154000.0,2266539000.0,2012-03-09,2012-03-09,2012-03-09
CRM,2013-01-31,-270445000.0,2317633000.0,2013-03-08,5528956000.0,3050195000.0,2013-03-08,2013-03-08,2013-03-08
CRM,2014-01-31,-232175000.0,3038510000.0,2014-03-05,9152930000.0,4071003000.0,2014-03-05,2014-03-05,2014-03-05
CRM,2015-01-31,-262688000.0,3975183000.0,2015-03-06,10692982000.0,5373586000.0,2015-03-06,2015-03-06,2015-03-06
CRM,2016-01-31,-47426000.0,5002869000.0,2016-03-07,12770772000.0,6667216000.0,2016-03-07,2016-03-07,2016-03-07
CRM,2017-01-31,179632000.0,7500127000.0,2017-03-06,17584923000.0,8391984000.0,2017-03-06,2017-03-06,2017-03-06
CRM,2018-01-31,127478000.0,9388496000.0,2018-03-09,21009802000.0,,2018-03-09,,2018-03-09
CRM,2019-01-31,1110000000.0,15605000000.0,2019-03-08,30737000000.0,,2019-03-08,,2019-03-08
CRM,2020-01-31,126000000.0,33885000000.0,2020-03-05,55126000000.0,,2020-03-05,,2020-03-05
CRM,2021-01-31,4072000000.0,41493000000.0,2021-03-17,66301000000.0,,2021-03-17,,2021-03-17
CRM,2022-01-31,1444000000.0,58131000000.0,2022-03-11,95209000000.0,,2022-03-11,,2022-03-11
CRM,2023-01-31,208000000.0,58359000000.0,2023-03-08,98849000000.0,,2023-03-08,,2023-03-08
CRM,2024-01-31,4136000000.0,59646000000.0,2024-03-06,99823000000.0,,2024-03-06,,2024-03-06
CRM,2025-01-31,6197000000.0,61173000000.0,2025-03-05,102928000000.0,,2025-03-05,,2025-03-05
CRM,2026-01-31,7457000000.0,59142000000.0,2026-03-02,112305000000.0,,2026-03-02,,2026-03-02
CSCO,2008-07-26,8052000000.0,,,,,,,2010-09-21
CSCO,2009-07-25,6134000000.0,38647000000.0,2010-09-21,68128000000.0,,2010-09-21,,2010-09-21
CSCO,2010-07-31,7767000000.0,44267000000.0,2010-09-21,81130000000.0,40040000000.0,2010-09-21,2012-09-12,2010-09-21
CSCO,2011-07-30,6490000000.0,47226000000.0,2011-09-14,87095000000.0,43218000000.0,2011-09-14,2012-09-12,2011-09-14
CSCO,2012-07-28,8041000000.0,51286000000.0,2012-09-12,91759000000.0,46061000000.0,2012-09-12,2012-09-12,2012-09-12
CSCO,2013-07-27,9983000000.0,59120000000.0,2013-09-10,101191000000.0,48607000000.0,2013-09-10,2013-09-10,2013-09-10
CSCO,2014-07-26,7853000000.0,56654000000.0,2014-09-09,105134000000.0,47142000000.0,2014-09-09,2014-09-09,2014-09-09
CSCO,2015-07-25,8981000000.0,59698000000.0,2015-09-08,113481000000.0,49161000000.0,2015-09-08,2015-09-08,2015-09-08
CSCO,2016-07-30,10739000000.0,63586000000.0,2016-09-08,121652000000.0,49247000000.0,2016-09-08,2016-09-08,2016-09-08
CSCO,2017-07-29,9609000000.0,66137000000.0,2017-09-07,129818000000.0,48005000000.0,2017-09-07,2018-09-06,2017-09-07
CSCO,2018-07-28,110000000.0,43204000000.0,2018-09-06,108784000000.0,49330000000.0,2018-09-06,2018-09-06,2018-09-06
CSCO,2018-07-29,,,,109872000000.0,,2019-09-05,,
CSCO,2019-07-27,11621000000.0,33571000000.0,2019-09-05,97793000000.0,,2019-09-05,,2019-09-05
CSCO,2020-07-25,11214000000.0,37920000000.0,2020-09-03,94853000000.0,,2020-09-03,,2020-09-03
CSCO,2021-07-31,10591000000.0,41275000000.0,2021-09-09,97497000000.0,,2021-09-09,,2021-09-09
CSCO,2022-07-30,11812000000.0,39773000000.0,2022-09-08,94002000000.0,,2022-09-08,,2022-09-08
CSCO,2023-07-29,12613000000.0,44353000000.0,2023-09-07,101852000000.0,,2023-09-07,,2023-09-07
CSCO,2024-07-27,10320000000.0,45457000000.0,2024-09-05,124413000000.0,,2024-09-05,,2024-09-05
CSCO,2025-07-26,10180000000.0,46843000000.0,2025-09-03,122291000000.0,,2025-09-03,,2025-09-03
CSCO,2026-07-25,13267000000.0,50285000000.0,2026-09-02,129637000000.0,,2026-09-02,,2026-09-02
CSX,2006-12-29,,9031000000.0,2010-02-19,,,,,
CSX,2007-12-28,1336000000.0,8706000000.0,2010-02-19,,10030000000.0,,2010-02-19,2010-02-19
CSX,2008-12-26,1365000000.0,8068000000.0,2010-02-19,26288000000.0,11255000000.0,2010-02-19,2010-02-19,2010-02-19
CSX,2009-12-25,1152000000.0,8860000000.0,2010-02-19,27036000000.0,9041000000.0,2010-02-19,2010-02-19,2010-02-19
CSX,2010-12-31,1563000000.0,8700000000.0,2011-02-18,28141000000.0,10636000000.0,2011-02-18,2011-02-18,2011-02-18
CSX,2011-12-30,1822000000.0,8468000000.0,2012-02-21,29473000000.0,,2012-02-21,,2012-02-21
CSX,2012-12-28,1859000000.0,9002000000.0,2013-02-19,30571000000.0,,2013-02-19,,2013-02-19
CSX,2013-12-27,1864000000.0,10504000000.0,2014-02-12,31782000000.0,,2014-02-12,,2014-02-12
CSX,2014-12-26,1927000000.0,11176000000.0,2015-02-11,33053000000.0,,2015-02-11,,2015-02-11
CSX,2015-12-25,1968000000.0,11668000000.0,2016-02-10,35039000000.0,,2016-02-10,,2016-02-10
CSX,2016-12-30,1714000000.0,11694000000.0,2017-02-14,35414000000.0,,2017-02-14,,2017-02-14
CSX,2017-12-31,5471000000.0,14721000000.0,2018-02-07,35739000000.0,,2018-02-07,,2018-02-07
CSX,2018-12-31,3309000000.0,12580000000.0,2019-02-06,36729000000.0,,2019-02-06,,2019-02-06
CSX,2019-12-31,3331000000.0,11863000000.0,2020-02-12,38257000000.0,,2020-02-12,,2020-02-12
CSX,2020-12-31,2765000000.0,13110000000.0,2021-02-10,39793000000.0,,2021-02-10,,2021-02-10
CSX,2021-12-31,3781000000.0,13500000000.0,2022-02-16,40531000000.0,,2022-02-16,,2022-02-16
CSX,2022-12-31,4166000000.0,12625000000.0,2023-02-15,41912000000.0,,2023-02-15,,2023-02-15
CSX,2023-03-31,,12155000000.0,2025-02-27,41256000000.0,,2025-02-27,,
CSX,2023-06-30,,12074000000.0,2025-02-27,40979000000.0,,2025-02-27,,
CSX,2023-09-30,,11756000000.0,2025-02-27,41589000000.0,,2025-02-27,,
CSX,2023-12-31,3715000000.0,12133000000.0,2024-02-14,42408000000.0,,2024-02-14,,2024-02-14
CSX,2024-03-31,,12441000000.0,2025-02-27,42482000000.0,,2025-02-27,,
CSX,2024-12-31,3470000000.0,12507000000.0,2025-02-27,42764000000.0,,2025-02-27,,2025-02-27
CSX,2025-12-31,2889000000.0,13160000000.0,2026-02-12,43682000000.0,,2026-02-12,,2026-02-12
CTAS,2009-05-31,,,,,3774685000.0,,2011-07-29,
CTAS,2010-05-31,215620000.0,,,3969736000.0,3547339000.0,2011-07-29,2011-07-29,2012-07-30
CTAS,2011-05-31,246989000.0,2302649000.0,2012-07-30,4351940000.0,3810384000.0,2011-07-29,2011-07-29,2012-07-30
CTAS,2012-05-31,297637000.0,2139135000.0,2012-07-30,4160906000.0,4102000000.0,2012-07-30,2012-07-30,2012-07-30
CTAS,2013-05-31,315442000.0,2201492000.0,2013-07-30,4345632000.0,4316471000.0,2013-07-30,2013-07-30,2013-07-30
CTAS,2014-05-31,374442000.0,2192858000.0,2014-07-30,4462452000.0,4551812000.0,2014-07-30,2014-07-30,2014-07-30
CTAS,2015-05-31,430618000.0,1932455000.0,2015-07-30,4192460000.0,4476886000.0,2015-07-30,2015-07-30,2015-07-30
CTAS,2016-05-31,693520000.0,1842659000.0,2016-07-29,4104393000.0,4905458000.0,2016-07-29,2016-07-29,2016-07-29
CTAS,2017-05-31,480708000.0,2302793000.0,2017-07-31,6844057000.0,5323381000.0,2017-07-31,2017-07-31,2017-07-31
CTAS,2018-05-31,842586000.0,3016526000.0,2018-07-27,6958214000.0,6476632000.0,2018-07-27,2018-07-27,2018-07-27
CTAS,2018-06-01,,3205718000.0,2019-07-26,7211341000.0,,2019-07-26,,
CTAS,2019-05-31,884981000.0,3002721000.0,2019-07-26,7436662000.0,6892303000.0,2019-07-26,2019-07-26,2019-07-26
CTAS,2020-05-31,876037000.0,3235202000.0,2020-07-29,7669885000.0,,2020-07-29,,2020-07-29
CTAS,2021-05-31,1110968000.0,3687847000.0,2021-07-28,8236823000.0,,2021-07-28,,2021-07-28
CTAS,2022-05-31,1235757000.0,3308196000.0,2022-07-27,8147256000.0,,2022-07-27,,2022-07-27
CTAS,2023-05-31,1348010000.0,3863986000.0,2023-07-27,8546356000.0,,2023-07-27,,2023-07-27
CTAS,2024-05-31,1571592000.0,4316372000.0,2024-07-25,9168817000.0,,2024-07-25,,2024-07-25
CTAS,2025-05-31,1812281000.0,4684481000.0,2025-07-28,9825241000.0,,2025-07-28,,2025-07-28
CTAS,2026-05-31,1999968000.0,5139887000.0,2026-07-29,10529140000.0,,2026-07-29,,2026-07-29
CTSH,2006-12-31,,1073499000.0,2010-02-25,,,,,
CTSH,2007-12-31,350133000.0,1468210000.0,2010-02-25,,,,,2010-02-25
CTSH,2008-12-31,430845000.0,1965578000.0,2010-02-25,2374560000.0,,2010-02-25,,2010-02-25
CTSH,2009-12-31,534963000.0,2653177000.0,2010-02-25,3338240000.0,,2010-02-25,,2010-02-25
CTSH,2010-12-31,733540000.0,3584431000.0,2011-02-23,4583074000.0,,2011-02-23,,2011-02-23
CTSH,2011-12-31,883618000.0,3952886000.0,2012-02-27,5507933000.0,,2012-02-27,,2012-02-27
CTSH,2012-12-31,1051263000.0,4854383000.0,2013-02-26,6521571000.0,,2013-02-26,,2013-02-26
CTSH,2013-12-31,1228578000.0,6135791000.0,2014-02-25,8208914000.0,,2014-02-25,,2014-02-25
CTSH,2014-12-31,1439267000.0,7740218000.0,2015-02-27,11718916000.0,,2015-02-27,,2015-02-27
CTSH,2015-12-31,1623600000.0,9278100000.0,2016-02-25,13065400000.0,,2016-02-25,,2016-02-25
CTSH,2016-12-31,1553000000.0,10728000000.0,2017-03-01,14262000000.0,13487000000.0,2017-03-01,2019-02-19,2017-03-01
CTSH,2017-12-31,1504000000.0,10669000000.0,2018-02-27,15221000000.0,14810000000.0,2018-02-27,2019-02-19,2018-02-27
CTSH,2018-12-31,2101000000.0,11424000000.0,2019-02-19,15913000000.0,16125000000.0,2019-02-19,2019-02-19,2019-02-19
CTSH,2019-12-31,1842000000.0,11022000000.0,2020-02-14,16204000000.0,16783000000.0,2020-02-14,2020-02-14,2020-02-14
CTSH,2020-12-31,1392000000.0,10836000000.0,2021-02-12,16923000000.0,16652000000.0,2021-02-12,2021-02-12,2021-02-12
CTSH,2021-12-31,2137000000.0,11991000000.0,2022-02-16,17852000000.0,18507000000.0,2022-02-16,2022-02-16,2022-02-16
CTSH,2022-12-31,2290000000.0,12309000000.0,2023-02-15,17852000000.0,19428000000.0,2023-02-15,2023-02-15,2023-02-15
CTSH,2023-12-31,2126000000.0,13227000000.0,2024-02-14,18483000000.0,19353000000.0,2024-02-14,2024-02-14,2024-02-14
CTSH,2024-12-31,2240000000.0,14408000000.0,2025-02-12,19966000000.0,19736000000.0,2025-02-12,2025-02-12,2025-02-12
CTSH,2025-12-31,2230000000.0,15015000000.0,2026-02-12,20692000000.0,21108000000.0,2026-02-12,2026-02-12,2026-02-12
CTVA,2018-12-31,-5065000000.0,74660000000.0,2020-02-14,108683000000.0,14287000000.0,2020-02-14,2020-02-14,2020-02-14
CTVA,2019-12-31,-959000000.0,24309000000.0,2020-02-14,42397000000.0,13846000000.0,2020-02-14,2020-02-14,2020-02-14
CTVA,2020-12-31,681000000.0,24824000000.0,2021-02-11,42649000000.0,14217000000.0,2021-02-11,2021-02-11,2021-02-11
CTVA,2021-12-31,1759000000.0,25384000000.0,2022-02-10,42344000000.0,15655000000.0,2022-02-10,2022-02-10,2022-02-10
CTVA,2022-12-31,1147000000.0,25302000000.0,2023-02-09,42618000000.0,17455000000.0,2023-02-09,2023-02-09,2023-02-09
CTVA,2023-12-31,735000000.0,25037000000.0,2024-02-08,42996000000.0,17226000000.0,2024-02-08,2024-02-08,2024-02-08
CTVA,2024-12-31,907000000.0,23789000000.0,2025-02-14,40825000000.0,16908000000.0,2025-02-14,2025-02-14,2025-02-14
CTVA,2025-12-31,1094000000.0,24144000000.0,2026-02-12,42845000000.0,17401000000.0,2026-02-12,2026-02-12,2026-02-12
CVS,2007-12-29,2637000000.0,31322000000.0,2010-02-26,,76330000000.0,,2010-02-26,2010-02-26
CVS,2008-12-31,3212000000.0,34574000000.0,2010-02-26,60960000000.0,87472000000.0,2010-02-26,2010-02-26,2010-02-26
CVS,2009-12-31,3696000000.0,35768000000.0,2010-02-26,61641000000.0,98729000000.0,2010-02-26,2010-02-26,2010-02-26
CVS,2010-12-31,3427000000.0,37700000000.0,2011-02-18,62169000000.0,96413000000.0,2011-02-18,2011-02-18,2011-02-18
CVS,2011-12-31,,,,64543000000.0,107100000000.0,2012-02-17,2012-02-17,
CVS,2012-12-31,,37653000000.0,2015-02-10,65912000000.0,123133000000.0,2013-02-15,2013-02-15,
CVS,2013-12-31,,37938000000.0,2015-02-10,71526000000.0,126761000000.0,2014-02-11,2014-02-11,
CVS,2014-12-31,4644000000.0,37958000000.0,2015-02-10,74252000000.0,139367000000.0,2015-02-10,2015-02-10,2017-02-09
CVS,2015-12-31,5237000000.0,37196000000.0,2016-02-09,93657000000.0,153290000000.0,2016-02-09,2016-02-09,2017-02-09
CVS,2016-12-31,5317000000.0,36830000000.0,2017-02-09,94462000000.0,177526000000.0,2017-02-09,2017-02-09,2017-02-09
CVS,2017-12-31,6622000000.0,37691000000.0,2018-02-14,95131000000.0,184765000000.0,2018-02-14,2018-02-14,2018-02-14
CVS,2018-12-31,-594000000.0,58225000000.0,2019-02-28,196456000000.0,194579000000.0,2019-02-28,2019-02-28,2019-02-28
CVS,2019-01-01,,58403000000.0,2020-02-18,216668000000.0,,2020-02-18,,
CVS,2019-12-31,6634000000.0,63864000000.0,2020-02-18,222449000000.0,256776000000.0,2020-02-18,2020-02-18,2020-02-18
CVS,2020-12-31,7179000000.0,69389000000.0,2021-02-16,230715000000.0,268706000000.0,2021-02-16,2021-02-16,2021-02-16
CVS,2021-12-31,7910000000.0,75075000000.0,2022-02-09,232999000000.0,292111000000.0,2022-02-09,2022-02-09,2022-02-09
CVS,2022-12-31,4149000000.0,71015000000.0,2023-02-08,228275000000.0,322467000000.0,2023-02-08,2023-02-08,2023-02-08
CVS,2023-12-31,8344000000.0,76461000000.0,2024-02-07,249728000000.0,357776000000.0,2024-02-07,2024-02-07,2024-02-07
CVS,2024-12-31,4614000000.0,75560000000.0,2025-02-12,253215000000.0,372809000000.0,2025-02-12,2025-02-12,2025-02-12
CVS,2025-12-31,1768000000.0,75214000000.0,2026-02-10,253538000000.0,402067000000.0,2026-02-10,2026-02-10,2026-02-10
CVX,2007-12-31,18688000000.0,77088000000.0,2010-02-25,,220904000000.0,,2010-02-25,2010-02-25
CVX,2008-12-31,23931000000.0,86648000000.0,2010-02-25,161165000000.0,273005000000.0,2010-02-25,2010-02-25,2010-02-25
CVX,2009-12-31,10483000000.0,91914000000.0,2010-02-25,164621000000.0,171636000000.0,2010-02-25,2010-02-25,2010-02-25
CVX,2010-12-31,19024000000.0,105081000000.0,2011-02-24,184769000000.0,204928000000.0,2011-02-24,2011-02-24,2011-02-24
CVX,2011-12-31,26895000000.0,121382000000.0,2012-02-23,209474000000.0,253706000000.0,2012-02-23,2012-02-23,2012-02-23
CVX,2012-12-31,26179000000.0,136524000000.0,2013-02-22,232982000000.0,241909000000.0,2013-02-22,2013-02-22,2013-02-22
CVX,2013-12-31,21423000000.0,149113000000.0,2014-02-21,253753000000.0,228848000000.0,2014-02-21,2014-02-21,2014-02-21
CVX,2014-12-31,19241000000.0,155028000000.0,2015-02-20,266026000000.0,211970000000.0,2015-02-20,2015-02-20,2015-02-20
CVX,2015-12-31,4587000000.0,152716000000.0,2016-02-25,266103000000.0,138477000000.0,2016-02-25,2016-02-25,2016-02-25
CVX,2016-12-31,-497000000.0,145556000000.0,2017-02-23,260078000000.0,114472000000.0,2017-02-23,2017-02-23,2017-02-23
CVX,2017-12-31,9195000000.0,148124000000.0,2018-02-22,253806000000.0,141722000000.0,2018-02-22,2018-02-22,2018-02-22
CVX,2018-12-31,14824000000.0,154554000000.0,2019-02-22,253863000000.0,166339000000.0,2019-02-22,2019-02-22,2019-02-22
CVX,2019-12-31,2924000000.0,144213000000.0,2020-02-21,237428000000.0,146516000000.0,2020-02-21,2020-02-21,2020-02-21
CVX,2020-12-31,-5543000000.0,131688000000.0,2021-02-25,239790000000.0,94692000000.0,2021-02-25,2021-02-25,2021-02-25
CVX,2021-12-31,15625000000.0,139067000000.0,2022-02-24,239535000000.0,162465000000.0,2022-02-24,2022-02-24,2022-02-24
CVX,2022-12-31,35465000000.0,159282000000.0,2023-02-23,257709000000.0,246252000000.0,2023-02-23,2023-02-23,2023-02-23
CVX,2023-12-31,21369000000.0,160957000000.0,2024-02-26,261632000000.0,200949000000.0,2024-02-26,2024-02-26,2024-02-26
CVX,2024-12-31,17661000000.0,152318000000.0,2025-02-21,256938000000.0,202792000000.0,2025-02-21,2025-02-21,2025-02-21
CVX,2025-12-31,12299000000.0,186450000000.0,2026-02-24,324012000000.0,189031000000.0,2026-02-24,2026-02-24,2026-02-24
CZR,2011-12-31,,66023000.0,2015-03-16,,,,,
CZR,2012-12-31,-991000.0,61003000.0,2015-03-16,,296270000.0,,2015-03-16,2015-03-16
CZR,2013-12-31,18897000.0,75575000.0,2015-03-16,270182000.0,290253000.0,2015-03-16,2015-03-16,2015-03-16
CZR,2014-12-31,-14425000.0,151622000.0,2015-03-16,1175330000.0,410272000.0,2015-03-16,2015-03-16,2015-03-16
CZR,2015-12-31,114183000.0,270667000.0,2016-03-15,1325008000.0,719784000.0,2016-03-15,2016-03-15,2016-03-15
CZR,2016-12-31,24802000.0,298451000.0,2018-02-27,1294044000.0,892896000.0,2017-03-13,2017-03-13,2017-03-13
CZR,2017-12-31,73940000.0,945126000.0,2018-02-27,3546472000.0,1473504000.0,2018-02-27,2018-02-27,2018-02-27
CZR,2018-12-31,95235000.0,1029153000.0,2019-03-01,5911462000.0,,2019-03-01,,2019-03-01
CZR,2019-12-31,81001000.0,1117257000.0,2020-02-28,5640553000.0,,2020-02-28,,2020-02-28
CZR,2020-12-31,-1757000000.0,5016000000.0,2021-03-01,36385000000.0,,2021-03-01,,2021-03-01
CZR,2021-12-31,-1019000000.0,4480000000.0,2022-02-24,38031000000.0,,2022-02-24,,2022-02-24
CZR,2022-12-31,-899000000.0,3713000000.0,2023-02-22,33527000000.0,,2023-02-22,,2023-02-22
CZR,2023-12-31,786000000.0,4552000000.0,2024-02-20,33366000000.0,,2024-02-20,,2024-02-20
CZR,2024-12-31,-278000000.0,4157000000.0,2025-02-25,32590000000.0,,2025-02-25,,2025-02-25
CZR,2025-12-31,-502000000.0,3504000000.0,2026-02-17,31639000000.0,,2026-02-17,,2026-02-17
D,2006-12-31,,12936000000.0,2010-02-26,,,,,
D,2007-12-31,2539000000.0,9435000000.0,2010-02-26,,,,,2010-02-26
D,2008-12-31,1834000000.0,10077000000.0,2010-02-26,42053000000.0,,2010-02-26,,2010-02-26
D,2009-12-31,1287000000.0,11185000000.0,2010-02-26,42554000000.0,,2010-02-26,,2010-02-26
D,2010-12-31,2808000000.0,11997000000.0,2011-02-28,42817000000.0,,2011-02-28,,2011-02-28
D,2011-12-31,1408000000.0,11446000000.0,2012-02-28,45614000000.0,13765000000.0,2012-02-28,2014-02-28,2012-02-28
D,2012-12-31,302000000.0,10568000000.0,2013-02-28,46838000000.0,12835000000.0,2013-02-28,2014-02-28,2013-02-28
D,2013-12-31,1697000000.0,11642000000.0,2014-02-28,50096000000.0,13120000000.0,2014-02-28,2014-02-28,2014-02-28
D,2014-12-31,1310000000.0,11555000000.0,2015-02-27,54327000000.0,12436000000.0,2015-02-27,2015-02-27,2015-02-27
D,2015-12-31,1899000000.0,12664000000.0,2016-02-26,58797000000.0,,2016-02-26,,2016-02-26
D,2016-12-31,2123000000.0,14605000000.0,2017-02-28,71610000000.0,11737000000.0,2017-02-28,2019-02-28,2017-02-28
D,2017-12-31,2999000000.0,17142000000.0,2018-02-27,76585000000.0,12586000000.0,2018-02-27,2019-02-28,2018-02-27
D,2018-12-31,2447000000.0,20107000000.0,2019-02-28,77914000000.0,13366000000.0,2019-02-28,2019-02-28,2019-02-28
D,2019-12-31,1358000000.0,31994000000.0,2020-02-28,103823000000.0,16572000000.0,2020-02-28,2020-02-28,2020-02-28
D,2020-12-31,-401000000.0,26117000000.0,2021-02-25,95905000000.0,14172000000.0,2021-02-25,2021-02-25,2021-02-25
D,2021-12-31,3288000000.0,27308000000.0,2022-02-24,99590000000.0,13964000000.0,2022-02-24,2022-02-24,2022-02-24
D,2022-12-31,994000000.0,27881000000.0,2023-02-21,104243000000.0,17174000000.0,2023-02-21,2023-02-21,2023-02-21
D,2023-12-31,1994000000.0,27529000000.0,2024-02-23,109032000000.0,14393000000.0,2024-02-23,2024-02-23,2024-02-23
D,2024-12-31,2124000000.0,27253000000.0,2025-02-27,102415000000.0,14459000000.0,2025-02-27,2025-02-27,2025-02-27
D,2025-12-31,2998000000.0,29083000000.0,2026-02-23,115857000000.0,16506000000.0,2026-02-23,2026-02-23,2026-02-23
DAL,2008-12-31,,874000000.0,2012-02-10,,,,,
DAL,2009-12-31,-1237000000.0,245000000.0,2012-02-10,,28063000000.0,,2012-02-10,2012-02-10
DAL,2010-12-31,593000000.0,897000000.0,2012-02-10,43188000000.0,31755000000.0,2012-02-10,2012-02-10,2012-02-10
DAL,2011-12-31,854000000.0,-1396000000.0,2012-02-10,43499000000.0,35115000000.0,2012-02-10,2012-02-10,2012-02-10
DAL,2012-12-31,1009000000.0,-2131000000.0,2013-02-13,44550000000.0,36670000000.0,2013-02-13,2013-02-13,2013-02-13
DAL,2013-12-31,10540000000.0,11643000000.0,2014-02-24,52252000000.0,37773000000.0,2014-02-24,2014-02-24,2014-02-24
DAL,2014-12-31,659000000.0,8813000000.0,2015-02-11,54121000000.0,40362000000.0,2015-02-11,2015-02-11,2015-02-11
DAL,2015-12-31,4526000000.0,10850000000.0,2016-02-05,53134000000.0,40704000000.0,2016-02-05,2016-02-05,2016-02-05
DAL,2016-12-31,4373000000.0,12287000000.0,2017-02-13,51261000000.0,39639000000.0,2017-02-13,2017-02-13,2017-02-13
DAL,2017-12-31,3577000000.0,13910000000.0,2018-02-23,53292000000.0,41244000000.0,2018-02-23,2018-02-23,2018-02-23
DAL,2018-12-31,3935000000.0,13687000000.0,2019-02-15,60266000000.0,,2019-02-15,,2019-02-15
DAL,2019-12-31,4767000000.0,15358000000.0,2020-02-13,64532000000.0,,2020-02-13,,2020-02-13
DAL,2020-12-31,-12385000000.0,1534000000.0,2021-02-12,71996000000.0,,2021-02-12,,2021-02-12
DAL,2021-12-31,280000000.0,3887000000.0,2022-02-11,72459000000.0,,2022-02-11,,2022-02-11
DAL,2022-12-31,1318000000.0,6582000000.0,2023-02-10,72288000000.0,,2023-02-10,,2023-02-10
DAL,2023-12-31,4609000000.0,11105000000.0,2024-02-12,73644000000.0,,2024-02-12,,2024-02-12
DAL,2024-12-31,3457000000.0,15293000000.0,2025-02-11,75372000000.0,,2025-02-11,,2025-02-11
DAL,2025-12-31,5005000000.0,20853000000.0,2026-02-11,81317000000.0,,2026-02-11,,2026-02-11
DD,2015-12-31,7685000000.0,,,67938000000.0,,2018-02-15,,2018-02-15
DD,2016-12-31,4318000000.0,25987000000.0,2018-02-15,79511000000.0,48158000000.0,2018-02-15,2019-02-11,2018-02-15
DD,2017-12-31,1460000000.0,100330000000.0,2018-02-15,192164000000.0,62484000000.0,2018-02-15,2019-02-11,2018-02-15
DD,2018-01-01,,100289000000.0,2019-02-11,192419000000.0,,2019-02-11,,
DD,2018-12-31,3844000000.0,94571000000.0,2019-02-11,188030000000.0,85977000000.0,2019-02-11,2019-02-11,2019-02-11
DD,2019-12-31,498000000.0,40987000000.0,2020-02-14,69396000000.0,21512000000.0,2020-02-14,2020-02-14,2020-02-14
DD,2020-12-31,-2951000000.0,38504000000.0,2021-02-12,70904000000.0,20397000000.0,2021-02-12,2021-02-12,2021-02-12
DD,2021-12-31,6467000000.0,26433000000.0,2022-02-11,45707000000.0,,2022-02-11,,2022-02-11
DD,2022-12-31,5868000000.0,26569000000.0,2023-02-15,41355000000.0,,2023-02-15,,2023-02-15
DD,2023-12-31,423000000.0,24279000000.0,2024-02-15,38552000000.0,,2024-02-15,,2024-02-15
DD,2024-12-31,703000000.0,23350000000.0,2025-02-14,36636000000.0,,2025-02-14,,2025-02-14
DD,2025-12-31,-779000000.0,13919000000.0,2026-02-17,21575000000.0,,2026-02-17,,2026-02-17
DDS,2009-01-31,,2251115000.0,2012-03-22,,6988440000.0,,2011-03-23,
DDS,2010-01-30,,2304103000.0,2012-03-22,4606327000.0,6226628000.0,2011-03-23,2011-03-23,
DDS,2011-01-29,,2086720000.0,2012-03-22,4374166000.0,6253535000.0,2011-03-23,2011-03-23,
DDS,2012-01-28,463909000.0,2052019000.0,2012-03-22,4306137000.0,6399765000.0,2012-03-22,2012-03-22,2014-03-27
DDS,2013-02-02,335962000.0,1970175000.0,2013-03-28,4048744000.0,6751595000.0,2013-03-28,2013-03-28,2014-03-27
DDS,2014-02-01,323671000.0,1992197000.0,2014-03-27,4050739000.0,6691777000.0,2014-03-27,2014-03-27,2014-03-27
DDS,2015-01-31,331853000.0,2019270000.0,2015-03-25,4170071000.0,6780129000.0,2015-03-25,2015-03-25,2015-03-25
DDS,2016-01-30,269370000.0,1795305000.0,2016-03-23,3865625000.0,6754545000.0,2016-03-23,2016-03-23,2016-03-23
DDS,2017-01-28,169220000.0,1717417000.0,2017-03-24,3888136000.0,6418009000.0,2017-03-24,2017-03-24,2017-03-24
DDS,2018-02-03,221324000.0,1708155000.0,2018-03-30,3673169000.0,6422676000.0,2018-03-30,2018-03-30,2018-03-30
DDS,2019-02-02,170263000.0,1678381000.0,2019-03-29,3431369000.0,6503349000.0,2019-03-29,2019-03-29,2019-03-29
DDS,2020-02-01,111081000.0,1623259000.0,2020-03-31,3430257000.0,6343211000.0,2020-03-31,2020-03-31,2020-03-31
DDS,2021-01-30,-71654000.0,1441008000.0,2021-03-29,3092515000.0,4433185000.0,2021-03-29,2021-03-29,2021-03-29
DDS,2022-01-29,862473000.0,1451218000.0,2022-03-29,3245557000.0,6624267000.0,2022-03-29,2022-03-29,2022-03-29
DDS,2023-01-28,891637000.0,1598638000.0,2023-03-27,3329150000.0,6996215000.0,2023-03-27,2023-03-27,2023-03-27
DDS,2024-02-03,738847000.0,1697068000.0,2024-03-29,3448906000.0,6874420000.0,2024-03-29,2024-03-29,2024-03-29
DDS,2025-02-01,593476000.0,1796160000.0,2025-03-28,3531054000.0,6590231000.0,2025-03-28,2025-03-28,2025-03-28
DDS,2026-01-31,570187000.0,1778970000.0,2026-03-27,3505023000.0,6563336000.0,2026-03-27,2026-03-27,2026-03-27
DE,2007-10-31,,7155800000.0,2010-12-17,,24082200000.0,,2009-12-17,
DE,2008-10-31,2052800000.0,6532700000.0,2010-12-17,38734600000.0,28437600000.0,2009-12-17,2009-12-17,2010-12-17
DE,2009-10-31,873500000.0,4818700000.0,2010-12-17,41132600000.0,23112400000.0,2009-12-17,2009-12-17,2010-12-17
DE,2010-10-31,1865000000.0,6290300000.0,2010-12-17,43266800000.0,26004600000.0,2010-12-17,2010-12-17,2010-12-17
DE,2011-10-31,2799900000.0,6800300000.0,2011-12-19,48207400000.0,32012500000.0,2011-12-19,2011-12-19,2011-12-19
DE,2012-10-31,3064700000.0,6842100000.0,2012-12-17,56265800000.0,36157100000.0,2012-12-17,2012-12-17,2012-12-17
DE,2013-10-31,3537300000.0,10265800000.0,2013-12-16,59521300000.0,37795400000.0,2013-12-16,2013-12-16,2013-12-16
DE,2014-10-31,3161700000.0,9062600000.0,2014-12-19,61336400000.0,36066900000.0,2014-12-19,2014-12-19,2014-12-19
DE,2015-10-31,1940000000.0,6743400000.0,2015-12-18,57947600000.0,28862800000.0,2015-12-18,2015-12-18,2015-12-18
DE,2015-11-01,1940000000.0,,,57883000000.0,28862800000.0,2017-12-18,2017-12-18,2017-12-18
DE,2016-10-30,1523900000.0,6520000000.0,2017-12-18,57918500000.0,26644000000.0,2017-12-18,2017-12-18,2017-12-18
DE,2016-10-31,1523900000.0,6520000000.0,2016-12-19,57981400000.0,26644000000.0,2016-12-19,2016-12-19,2016-12-19
DE,2017-10-29,2159100000.0,9557300000.0,2017-12-18,65786300000.0,29737700000.0,2017-12-18,2017-12-18,2017-12-18
DE,2018-10-28,2368400000.0,11287800000.0,2018-12-17,70108000000.0,37357700000.0,2018-12-17,2018-12-17,2018-12-17
DE,2019-11-03,3253000000.0,11413000000.0,2019-12-19,73011000000.0,39258000000.0,2019-12-19,2019-12-19,2019-12-19
DE,2020-11-01,2751000000.0,12937000000.0,2020-12-17,75091000000.0,35540000000.0,2020-12-17,2020-12-17,2020-12-17
DE,2021-10-31,5963000000.0,18431000000.0,2021-12-16,84114000000.0,44024000000.0,2021-12-16,2021-12-16,2021-12-16
DE,2022-10-30,7131000000.0,20262000000.0,2022-12-15,90030000000.0,52577000000.0,2022-12-15,2022-12-15,2022-12-15
DE,2023-10-29,10166000000.0,21785000000.0,2023-12-15,104087000000.0,61251000000.0,2023-12-15,2023-12-15,2023-12-15
DE,2024-10-27,7100000000.0,22836000000.0,2024-12-12,107320000000.0,51716000000.0,2024-12-12,2024-12-12,2024-12-12
DE,2025-11-02,5027000000.0,25950000000.0,2025-12-18,105996000000.0,45684000000.0,2025-12-18,2025-12-18,2025-12-18
DELL,2015-01-30,-1221000000.0,,,,,,,2017-03-31
DELL,2016-01-29,-1104000000.0,1466000000.0,2017-03-31,45122000000.0,,2017-03-31,,2017-03-31
DELL,2017-02-03,-1672000000.0,13243000000.0,2017-03-31,118206000000.0,62164000000.0,2017-03-31,2019-03-29,2017-03-31
DELL,2018-02-02,-3728000000.0,9326000000.0,2018-03-29,122281000000.0,79040000000.0,2018-03-29,2019-03-29,2018-03-29
DELL,2019-02-01,-2310000000.0,-5765000000.0,2019-03-29,111820000000.0,90621000000.0,2019-03-29,2019-03-29,2019-03-29
DELL,2020-01-31,4616000000.0,-1574000000.0,2020-03-27,118861000000.0,92154000000.0,2020-03-27,2020-03-27,2020-03-27
DELL,2021-01-29,3250000000.0,2479000000.0,2021-03-26,123415000000.0,94224000000.0,2021-03-26,2021-03-26,2021-03-26
DELL,2022-01-28,5563000000.0,-1685000000.0,2022-03-24,92735000000.0,101197000000.0,2022-03-24,2022-03-24,2022-03-24
DELL,2023-02-03,2442000000.0,-3122000000.0,2023-03-30,89611000000.0,102301000000.0,2023-03-30,2023-03-30,2023-03-30
DELL,2024-02-02,3211000000.0,-2404000000.0,2024-03-25,82089000000.0,88425000000.0,2024-03-25,2024-03-25,2024-03-25
DELL,2025-01-31,4592000000.0,-1482000000.0,2025-03-25,79746000000.0,95567000000.0,2025-03-25,2025-03-25,2025-03-25
DELL,2026-01-30,5936000000.0,-2470000000.0,2026-03-16,101286000000.0,113538000000.0,2026-03-16,2026-03-16,2026-03-16
DG,2009-01-30,,2831695000.0,2012-03-22,,,,,
DG,2010-01-29,,3390298000.0,2012-03-22,,,,,
DG,2011-01-28,,4054479000.0,2012-03-22,9546222000.0,,2012-03-22,,
DG,2012-02-03,,4668495000.0,2012-03-22,9688520000.0,,2012-03-22,,
DG,2013-02-01,,4985330000.0,2013-03-25,10367682000.0,,2013-03-25,,
DG,2014-01-31,,5402193000.0,2014-03-20,10867524000.0,,2014-03-20,,
DG,2015-01-30,,5710038000.0,2015-03-20,11224104000.0,,2015-03-20,,
DG,2016-01-29,1165080000.0,5377876000.0,2016-03-22,11257885000.0,,2016-03-22,,2018-03-23
DG,2017-02-03,1251133000.0,5406294000.0,2017-03-24,11672298000.0,21986598000.0,2017-03-24,2019-03-22,2018-03-23
DG,2018-02-02,1538960000.0,6125774000.0,2018-03-23,12516911000.0,23470967000.0,2018-03-23,2019-03-22,2018-03-23
DG,2019-02-01,1589472000.0,6417393000.0,2019-03-22,13204038000.0,25625043000.0,2019-03-22,2019-03-22,2019-03-22
DG,2020-01-31,1712555000.0,6702500000.0,2020-03-19,22825084000.0,27753973000.0,2020-03-19,2020-03-19,2020-03-19
DG,2021-01-29,2655050000.0,6661238000.0,2021-03-19,25862624000.0,33746839000.0,2021-03-19,2021-03-19,2021-03-19
DG,2022-01-28,2399232000.0,6261986000.0,2022-03-18,26327371000.0,34220449000.0,2022-03-18,2022-03-18,2022-03-18
DG,2023-02-03,2415989000.0,5541772000.0,2023-03-24,29083367000.0,37844863000.0,2023-03-24,2023-03-24,2023-03-24
DG,2024-02-02,1661274000.0,6749119000.0,2024-03-25,30795591000.0,38691609000.0,2024-03-25,2024-03-25,2024-03-25
DG,2025-01-31,1125253000.0,7413707000.0,2025-03-21,31132733000.0,40612308000.0,2025-03-21,2025-03-21,2025-03-21
DG,2026-01-30,1512311000.0,8511962000.0,2026-03-20,30963730000.0,42724369000.0,2026-03-20,2026-03-20,2026-03-20
DGX,2007-12-31,339939000.0,,,,6704907000.0,,2010-02-17,2010-02-17
DGX,2008-12-31,581490000.0,3604896000.0,2010-02-17,8403830000.0,7249447000.0,2010-02-17,2010-02-17,2010-02-17
DGX,2009-12-31,729111000.0,3989639000.0,2010-02-17,8563643000.0,7455243000.0,2010-02-17,2010-02-17,2010-02-17
DGX,2010-12-31,720894000.0,4033480000.0,2011-02-16,8527630000.0,7368925000.0,2011-02-16,2011-02-16,2011-02-16
DGX,2011-12-31,470567000.0,3692872000.0,2012-02-16,9313379000.0,7510490000.0,2012-02-16,2012-02-16,2012-02-16
DGX,2012-12-31,555721000.0,4163047000.0,2013-02-27,9283863000.0,7382562000.0,2013-02-27,2013-02-27,2013-02-27
DGX,2013-12-31,849000000.0,3948000000.0,2014-02-18,8948000000.0,7146000000.0,2014-02-18,2014-02-18,2014-02-18
DGX,2014-12-31,556000000.0,4301000000.0,2015-02-24,9877000000.0,7435000000.0,2015-02-24,2015-02-24,2015-02-24
DGX,2015-12-31,709000000.0,4684000000.0,2016-02-26,9962000000.0,7493000000.0,2016-02-26,2016-02-26,2016-02-26
DGX,2016-12-31,645000000.0,4628000000.0,2017-02-22,10100000000.0,7515000000.0,2017-02-22,2017-02-22,2017-02-22
DGX,2017-12-31,772000000.0,4921000000.0,2018-02-23,10503000000.0,7709000000.0,2018-02-23,2018-02-23,2018-02-23
DGX,2018-12-31,736000000.0,5216000000.0,2019-02-21,11003000000.0,7531000000.0,2019-02-21,2019-02-21,2019-02-21
DGX,2019-12-31,858000000.0,5641000000.0,2020-02-20,12843000000.0,,2020-02-20,,2020-02-20
DGX,2020-12-31,1431000000.0,6759000000.0,2021-02-22,14026000000.0,,2021-02-22,,2021-02-22
DGX,2021-12-31,1995000000.0,6444000000.0,2022-02-28,13611000000.0,,2022-02-28,,2022-02-28
DGX,2022-12-31,946000000.0,5893000000.0,2023-02-21,12837000000.0,,2023-02-21,,2023-02-21
DGX,2023-12-31,854000000.0,6307000000.0,2024-02-22,14022000000.0,,2024-02-22,,2024-02-22
DGX,2024-12-31,871000000.0,6778000000.0,2025-02-20,16153000000.0,,2025-02-20,,2025-02-20
DGX,2025-12-31,992000000.0,7170000000.0,2026-02-26,16225000000.0,,2026-02-26,,2026-02-26
DHI,2008-09-30,-2633600000.0,,,,,,,2010-11-17
DHI,2009-09-30,-549800000.0,2391800000.0,2010-11-17,6756800000.0,3657600000.0,2010-11-17,2011-11-17,2010-11-17
DHI,2010-09-30,245100000.0,2613200000.0,2010-11-17,5938600000.0,4400200000.0,2010-11-17,2011-11-17,2010-11-17
DHI,2011-09-30,,2620600000.0,2011-11-17,5358400000.0,3636800000.0,2011-11-17,2011-11-17,
DHI,2012-09-30,,3592100000.0,2012-11-16,7248200000.0,4354000000.0,2012-11-16,2012-11-16,
DHI,2013-09-30,,4058500000.0,2013-11-26,8856400000.0,6259300000.0,2013-11-26,2013-11-26,
DHI,2014-09-30,,5115800000.0,2014-11-18,10202500000.0,8024900000.0,2014-11-18,2014-11-18,
DHI,2015-09-30,,5894300000.0,2015-11-19,11151000000.0,10824000000.0,2015-11-19,2015-11-19,
DHI,2016-09-30,886300000.0,6792500000.0,2016-11-18,11558900000.0,12157400000.0,2016-11-18,2016-11-18,2018-11-16
DHI,2017-09-30,1038400000.0,7747100000.0,2017-11-15,12184600000.0,14091000000.0,2017-11-15,2017-11-15,2018-11-16
DHI,2018-09-30,1460300000.0,8984400000.0,2018-11-16,14114600000.0,16068000000.0,2018-11-16,2018-11-16,2018-11-16
DHI,2019-09-30,1618500000.0,10020900000.0,2019-11-25,15606600000.0,17592900000.0,2019-11-25,2019-11-25,2019-11-25
DHI,2020-09-30,2373700000.0,11840000000.0,2020-11-20,18912300000.0,20311100000.0,2020-11-20,2020-11-20,2020-11-20
DHI,2021-09-30,4175800000.0,14886500000.0,2021-11-18,24015900000.0,27774200000.0,2021-11-18,2021-11-18,2021-11-18
DHI,2022-09-30,5857500000.0,19396300000.0,2022-11-18,30351100000.0,33480000000.0,2022-11-18,2022-11-18,2022-11-18
DHI,2023-09-30,4745700000.0,22696200000.0,2023-11-17,32582400000.0,35460400000.0,2023-11-17,2023-11-17,2023-11-17
DHI,2024-09-30,4756400000.0,25312800000.0,2024-11-19,36104300000.0,36801400000.0,2024-11-19,2024-11-19,2024-11-19
DHI,2025-09-30,3585200000.0,24190400000.0,2025-11-19,35471200000.0,34250400000.0,2025-11-19,2025-11-19,2025-11-19
DHR,2007-12-31,1369904000.0,,,,,,,2010-02-24
DHR,2008-12-31,1317631000.0,9808562000.0,2010-02-24,17490128000.0,,2010-02-24,,2010-02-24
DHR,2009-12-31,1151704000.0,11630176000.0,2010-02-24,19595420000.0,,2010-02-24,,2010-02-24
DHR,2010-12-31,1793000000.0,13711010000.0,2011-02-24,22217130000.0,,2011-02-24,,2011-02-24
DHR,2011-12-31,2172264000.0,16904783000.0,2012-02-24,29949447000.0,,2012-02-24,,2012-02-24
DHR,2012-12-31,2392200000.0,19016500000.0,2013-02-22,32941000000.0,,2013-02-22,,2013-02-22
DHR,2013-12-31,2695000000.0,22385300000.0,2014-02-21,34672200000.0,,2014-02-21,,2014-02-21
DHR,2014-12-31,2598400000.0,23378100000.0,2015-02-25,36991700000.0,,2015-02-25,,2015-02-25
DHR,2015-12-31,3357400000.0,23690300000.0,2016-02-24,48222200000.0,,2016-02-24,,2016-02-24
DHR,2016-12-31,2553700000.0,23002800000.0,2017-02-22,45295300000.0,16882400000.0,2017-02-22,2019-02-21,2017-02-22
DHR,2017-12-31,2492100000.0,26358200000.0,2018-02-21,46648600000.0,18329700000.0,2018-02-21,2019-02-21,2018-02-21
DHR,2018-12-31,2650900000.0,28214400000.0,2019-02-21,47832500000.0,19893000000.0,2019-02-21,2019-02-21,2019-02-21
DHR,2019-12-31,3008200000.0,30270600000.0,2020-02-21,62081600000.0,,2020-02-21,,2020-02-21
DHR,2020-12-31,3646000000.0,39766000000.0,2021-02-25,76161000000.0,,2021-02-25,,2021-02-25
DHR,2021-12-31,6433000000.0,45167000000.0,2022-02-23,83184000000.0,,2022-02-23,,2022-02-23
DHR,2022-12-31,7209000000.0,50082000000.0,2023-02-22,84350000000.0,,2023-02-22,,2023-02-22
DHR,2023-12-31,4764000000.0,53486000000.0,2024-02-21,84488000000.0,,2024-02-21,,2024-02-21
DHR,2024-12-31,3899000000.0,49543000000.0,2025-02-20,77542000000.0,,2025-02-20,,2025-02-20
DHR,2025-12-31,3614000000.0,52534000000.0,2026-02-24,83464000000.0,,2026-02-24,,2026-02-24
DIS,2017-09-30,8980000000.0,,,,55137000000.0,,2019-11-20,2019-11-20
DIS,2018-09-29,12598000000.0,48773000000.0,2019-11-20,98598000000.0,59434000000.0,2019-11-20,2019-11-20,2019-11-20
DIS,2019-09-28,11054000000.0,88877000000.0,2019-11-20,193984000000.0,69570000000.0,2019-11-20,2019-11-20,2019-11-20
DIS,2020-10-03,-2864000000.0,83583000000.0,2020-11-25,201549000000.0,65388000000.0,2020-11-25,2020-11-25,2020-11-25
DIS,2021-10-02,1995000000.0,88553000000.0,2021-11-24,203609000000.0,67418000000.0,2021-11-24,2021-11-24,2021-11-24
DIS,2022-10-01,3145000000.0,95008000000.0,2022-11-29,203631000000.0,82722000000.0,2022-11-29,2022-11-29,2022-11-29
DIS,2023-09-30,2354000000.0,99277000000.0,2023-11-21,205579000000.0,88898000000.0,2023-11-21,2023-11-21,2023-11-21
DIS,2024-09-28,4972000000.0,100696000000.0,2024-11-14,196219000000.0,91361000000.0,2024-11-14,2024-11-14,2024-11-14
DIS,2025-09-27,12404000000.0,109869000000.0,2025-11-13,197514000000.0,94425000000.0,2025-11-13,2025-11-13,2025-11-13
DLR,2009-12-31,87662000.0,,,,637142000.0,,2012-02-28,2012-02-28
DLR,2010-12-31,102294000.0,1962518000.0,2012-02-28,5329483000.0,865401000.0,2012-02-28,2012-02-28,2012-02-28
DLR,2011-12-31,156265000.0,2522917000.0,2012-02-28,6098566000.0,1062710000.0,2012-02-28,2012-02-28,2012-02-28
DLR,2012-12-31,210334000.0,3468305000.0,2013-02-28,8819214000.0,1279067000.0,2013-02-28,2013-02-28,2013-02-28
DLR,2013-12-31,314488000.0,3610516000.0,2014-03-03,9685745000.0,1482259000.0,2014-03-03,2014-03-03,2014-03-03
DLR,2014-12-31,200183000.0,3878256000.0,2015-03-02,9526784000.0,1616438000.0,2015-03-02,2015-03-02,2015-03-02
DLR,2015-12-31,296689000.0,4500132000.0,2016-02-29,11451267000.0,1763336000.0,2016-02-29,2016-02-29,2016-02-29
DLR,2016-12-31,426187000.0,5096015000.0,2017-03-01,12192585000.0,2142213000.0,2017-03-01,2017-03-01,2017-03-01
DLR,2017-12-31,248259000.0,10349081000.0,2018-03-01,21404345000.0,2457928000.0,2018-03-01,2018-03-01,2018-03-01
DLR,2018-12-31,331246000.0,9858644000.0,2019-02-25,23766695000.0,3046478000.0,2019-02-25,2019-02-25,2019-02-25
DLR,2019-12-31,579761000.0,9879312000.0,2020-03-02,23068131000.0,3209241000.0,2020-03-02,2020-03-02,2020-03-02
DLR,2020-12-31,356398000.0,17717697000.0,2021-03-01,36076291000.0,3903609000.0,2021-03-01,2021-03-01,2021-03-01
DLR,2021-12-31,1709259000.0,18004568000.0,2022-02-25,36369560000.0,4427882000.0,2022-02-25,2022-02-25,2022-02-25
DLR,2022-12-31,377684000.0,17583334000.0,2023-02-27,41484998000.0,4691834000.0,2023-02-27,2023-02-27,2023-02-27
DLR,2023-12-31,948838000.0,19117534000.0,2024-02-23,44113258000.0,5477061000.0,2024-02-23,2024-02-23,2024-02-23
DLR,2024-12-31,602490000.0,21340397000.0,2025-02-25,45283616000.0,5554968000.0,2025-02-25,2025-02-25,2025-02-25
DLR,2025-12-31,1308589000.0,22925663000.0,2026-02-13,49410468000.0,6112692000.0,2026-02-13,2026-02-13,2026-02-13
DLTR,2009-01-31,229500000.0,,,,,,,2011-03-17
DLTR,2010-01-30,320500000.0,1429200000.0,2011-03-17,2289700000.0,,2011-03-17,,2011-03-17
DLTR,2011-01-29,397300000.0,1459000000.0,2011-03-17,2380500000.0,,2011-03-17,,2011-03-17
DLTR,2012-01-28,488300000.0,,,2328600000.0,,2013-03-15,,2013-03-15
DLTR,2013-02-02,619300000.0,,,2752000000.0,,2013-03-15,,2013-03-15
DLTR,2014-02-01,596700000.0,,,2771900000.0,,2014-03-14,,2014-03-14
DLTR,2015-01-31,599200000.0,,,3567000000.0,,2015-03-13,,2015-03-13
DLTR,2016-01-30,282400000.0,,,15901200000.0,,2016-03-28,,2016-03-28
DLTR,2017-01-28,896200000.0,5389500000.0,2020-03-20,15701600000.0,,2017-03-28,,2017-03-28
DLTR,2018-02-03,1714300000.0,7182300000.0,2020-03-20,16332800000.0,,2018-03-16,,2018-03-16
DLTR,2019-02-02,-1590800000.0,5642900000.0,2020-03-20,13501200000.0,,2019-03-27,,2019-03-27
DLTR,2020-02-01,827000000.0,6254800000.0,2020-03-20,19574600000.0,23610800000.0,2020-03-20,2022-03-15,2020-03-20
DLTR,2021-01-30,1341900000.0,7285300000.0,2021-03-16,20696000000.0,25509300000.0,2021-03-16,2022-03-15,2021-03-16
DLTR,2022-01-29,1327900000.0,7718500000.0,2022-03-15,21721800000.0,26321200000.0,2022-03-15,2022-03-15,2022-03-15
DLTR,2023-01-28,1615400000.0,8751500000.0,2023-03-10,23022100000.0,28331700000.0,2023-03-10,2023-03-10,2023-03-10
DLTR,2024-02-03,-998400000.0,7313100000.0,2024-03-20,22023500000.0,30603800000.0,2024-03-20,2024-03-20,2024-03-20
DLTR,2025-02-01,-3030100000.0,3977400000.0,2025-03-26,18644000000.0,17578500000.0,2025-03-26,2025-03-26,2025-03-26
DLTR,2026-01-31,1282500000.0,3754900000.0,2026-03-16,13466200000.0,19411800000.0,2026-03-16,2026-03-16,2026-03-16
DLX,2007-12-31,,41107000.0,2011-02-22,,,,,
DLX,2008-12-31,101634000.0,53066000.0,2011-02-22,,1468662000.0,,2011-02-22,2011-02-22
DLX,2009-12-31,99365000.0,117210000.0,2011-02-22,1211210000.0,1344195000.0,2011-02-22,2011-02-22,2011-02-22
DLX,2010-12-31,152624000.0,226198000.0,2011-02-22,1308691000.0,1402237000.0,2011-02-22,2011-02-22,2011-02-22
DLX,2011-12-31,144595000.0,302689000.0,2012-02-24,1388809000.0,1417596000.0,2012-02-24,2012-02-24,2012-02-24
DLX,2012-12-31,170492000.0,432935000.0,2013-02-22,1412440000.0,1514917000.0,2013-02-22,2013-02-22,2013-02-22
DLX,2013-12-31,186652000.0,550457000.0,2014-02-28,1569529000.0,1584824000.0,2014-02-28,2014-02-28,2014-02-28
DLX,2014-12-31,199794000.0,647497000.0,2015-02-20,1688391000.0,1674082000.0,2015-02-20,2015-02-20,2015-02-20
DLX,2015-12-31,218629000.0,745069000.0,2016-02-19,1844402000.0,1772817000.0,2016-02-19,2016-02-19,2016-02-19
DLX,2016-12-31,229382000.0,880970000.0,2017-02-24,2184338000.0,1849062000.0,2017-02-24,2017-02-24,2017-02-24
DLX,2017-12-31,230155000.0,1015013000.0,2018-02-23,2208827000.0,1965556000.0,2018-02-23,2018-02-23,2018-02-23
DLX,2018-12-31,149630000.0,915413000.0,2019-02-26,2305096000.0,1998025000.0,2019-02-26,2019-02-26,2019-02-26
DLX,2019-12-31,-199897000.0,570861000.0,2020-02-21,1943311000.0,2008715000.0,2020-02-21,2020-02-21,2020-02-21
DLX,2020-12-31,8808000.0,,,1874863000.0,1790781000.0,2021-02-19,2021-02-19,2021-02-19
DLX,2021-12-31,62633000.0,,,3074384000.0,2022197000.0,2022-02-28,2022-02-28,2022-02-28
DLX,2022-12-31,65395000.0,,,3076520000.0,2238010000.0,2023-02-24,2023-02-24,2023-02-24
DLX,2023-12-31,26120000.0,,,3080622000.0,2192260000.0,2024-02-22,2024-02-22,2024-02-22
DLX,2024-12-31,52802000.0,,,2831036000.0,2121761000.0,2025-02-21,2025-02-21,2025-02-21
DLX,2025-12-31,82100000.0,,,2863600000.0,2133200000.0,2026-02-13,2026-02-13,2026-02-13
DOV,2006-12-31,,3811022000.0,2010-02-19,,,,,
DOV,2007-12-31,661080000.0,3946173000.0,2010-02-19,,,,,2010-02-19
DOV,2008-12-31,590831000.0,3792866000.0,2010-02-19,7883238000.0,,2010-02-19,,2010-02-19
DOV,2009-12-31,356438000.0,4083608000.0,2010-02-19,7882403000.0,,2010-02-19,,2010-02-19
DOV,2010-12-31,700104000.0,4526562000.0,2011-02-11,8562894000.0,,2011-02-11,,2011-02-11
DOV,2011-12-31,895243000.0,4930555000.0,2012-02-10,9501450000.0,,2012-02-10,,2012-02-10
DOV,2012-12-31,811070000.0,,,10443943000.0,,2013-02-15,,2013-02-15
DOV,2013-12-31,1003129000.0,,,10838172000.0,,2014-02-14,,2014-02-14
DOV,2014-12-31,775235000.0,,,9090385000.0,,2015-02-13,,2015-02-13
DOV,2015-12-31,869829000.0,,,8619763000.0,,2016-02-12,,2016-02-12
DOV,2016-12-31,508892000.0,,,10115991000.0,6043224000.0,2017-02-10,2019-02-15,2017-02-10
DOV,2017-12-31,811665000.0,,,10657653000.0,6820886000.0,2018-02-09,2019-02-15,2018-02-09
DOV,2018-12-31,570267000.0,,,8365771000.0,6992118000.0,2019-02-15,2019-02-15,2019-02-15
DOV,2019-12-31,677918000.0,3032660000.0,2023-02-10,8669477000.0,,2020-02-14,,2020-02-14
DOV,2020-12-31,683451000.0,3385773000.0,2023-02-10,9152074000.0,,2021-02-12,,2021-02-12
DOV,2021-12-31,1123818000.0,4189528000.0,2023-02-10,10403627000.0,,2022-02-11,,2022-02-11
DOV,2022-12-31,1065376000.0,4286366000.0,2023-02-10,10896519000.0,,2023-02-10,,2023-02-10
DOV,2023-12-31,1056828000.0,5106605000.0,2024-02-09,11348513000.0,,2024-02-09,,2024-02-09
DOV,2024-12-31,2697126000.0,6953996000.0,2025-02-14,12509160000.0,,2025-02-14,,2025-02-14
DOV,2025-12-31,1093956000.0,7405206000.0,2026-02-13,13422423000.0,,2026-02-13,,2026-02-13
DOW,2017-12-31,,31515000000.0,2020-02-07,,,,,
DOW,2018-12-31,,32483000000.0,2020-02-07,83699000000.0,49604000000.0,2020-02-07,2020-02-07,
DOW,2019-12-31,,13541000000.0,2020-02-07,60524000000.0,42951000000.0,2020-02-07,2020-02-07,
DOW,2020-12-31,,12435000000.0,2021-02-05,61470000000.0,38542000000.0,2021-02-05,2021-02-05,
DOW,2021-12-31,,18165000000.0,2022-02-04,62990000000.0,54968000000.0,2022-02-04,2022-02-04,
DOW,2022-12-31,,20718000000.0,2023-02-01,60603000000.0,56902000000.0,2023-02-01,2024-01-31,
DOW,2023-12-31,,18607000000.0,2024-01-31,57967000000.0,44622000000.0,2024-01-31,2024-01-31,
DOW,2024-12-31,,17355000000.0,2025-02-04,57312000000.0,42964000000.0,2025-02-04,2025-02-04,
DOW,2025-12-31,,16008000000.0,2026-02-03,58538000000.0,39968000000.0,2026-02-03,2026-02-03,
DPZ,2010-01-03,79744000.0,,,,1404057000.0,,2012-02-28,2012-02-28
DPZ,2011-01-02,87917000.0,-1210651000.0,2012-02-28,460837000.0,1570894000.0,2012-02-28,2012-02-28,2012-02-28
DPZ,2012-01-01,105361000.0,-1209739000.0,2012-02-28,480543000.0,1652193000.0,2012-02-28,2012-02-28,2012-02-28
DPZ,2012-12-30,112392000.0,-1335523000.0,2013-02-28,478197000.0,1678439000.0,2013-02-28,2013-02-28,2013-02-28
DPZ,2013-12-29,142985000.0,-1290202000.0,2014-02-25,525255000.0,1802223000.0,2014-02-25,2014-02-25,2014-02-25
DPZ,2014-12-28,162587000.0,-1219465000.0,2015-02-24,619280000.0,1993833000.0,2015-02-24,2015-02-24,2015-02-24
DPZ,2016-01-03,192789000.0,-1800251000.0,2016-02-25,799845000.0,2216528000.0,2016-02-25,2016-02-25,2016-02-25
DPZ,2017-01-01,214678000.0,-1883143000.0,2017-02-28,716295000.0,2472628000.0,2017-02-28,2017-02-28,2017-02-28
DPZ,2017-12-31,277905000.0,-2735384000.0,2018-02-20,836753000.0,2787979000.0,2018-02-20,2018-02-20,2018-02-20
DPZ,2018-12-30,361972000.0,-3039921000.0,2019-02-21,907385000.0,3432867000.0,2019-02-21,2019-02-21,2019-02-21
DPZ,2019-12-29,400709000.0,-3415759000.0,2020-02-20,1382092000.0,3618774000.0,2020-02-20,2020-02-20,2020-02-20
DPZ,2021-01-03,491296000.0,-3300405000.0,2021-02-25,1567168000.0,4117411000.0,2021-02-25,2021-02-25,2021-02-25
DPZ,2022-01-02,510467000.0,-4209536000.0,2022-03-01,1671816000.0,4357373000.0,2022-03-01,2022-03-01,2022-03-01
DPZ,2023-01-01,452263000.0,-4189065000.0,2023-02-23,1602221000.0,4537158000.0,2023-02-23,2023-02-23,2023-02-23
DPZ,2023-12-31,519118000.0,-4070367000.0,2024-02-26,1674899000.0,4479358000.0,2024-02-26,2024-02-26,2024-02-26
DPZ,2024-12-29,584170000.0,-3962291000.0,2025-02-24,1737013000.0,4706416000.0,2025-02-24,2025-02-24,2025-02-24
DPZ,2025-12-28,601704000.0,-3901142000.0,2026-02-23,1716459000.0,4939994000.0,2026-02-23,2026-02-23,2026-02-23
DRI,2007-05-27,,1094500000.0,2010-07-23,,,,,
DRI,2008-05-25,377200000.0,1409100000.0,2010-07-23,,6626500000.0,,2010-07-23,2010-07-23
DRI,2009-05-31,372200000.0,1606000000.0,2010-07-23,5025200000.0,7217500000.0,2010-07-23,2010-07-23,2010-07-23
DRI,2010-05-30,404500000.0,1894000000.0,2010-07-23,5247400000.0,7113100000.0,2010-07-23,2010-07-23,2010-07-23
DRI,2011-05-29,476300000.0,1936200000.0,2011-07-22,5466600000.0,7500200000.0,2011-07-22,2011-07-22,2011-07-22
DRI,2012-05-27,475500000.0,1842000000.0,2012-07-20,5944200000.0,7998700000.0,2012-07-20,2012-07-20,2012-07-20
DRI,2013-05-26,411900000.0,2059500000.0,2013-07-19,6936900000.0,8551900000.0,2013-07-19,2013-07-19,2013-07-19
DRI,2014-05-25,286200000.0,2156900000.0,2014-07-18,7100700000.0,6285600000.0,2014-07-18,2014-07-18,2014-07-18
DRI,2015-05-31,709500000.0,2333500000.0,2015-07-24,5994700000.0,6764000000.0,2015-07-24,2015-07-24,2015-07-24
DRI,2016-05-29,375000000.0,1952000000.0,2016-07-25,4582600000.0,6933500000.0,2016-07-25,2016-07-25,2016-07-25
DRI,2017-05-28,479100000.0,2101700000.0,2017-07-21,5504200000.0,7170200000.0,2017-07-21,2017-07-21,2017-07-21
DRI,2018-05-27,596000000.0,2194800000.0,2018-07-20,5469600000.0,,2018-07-20,,2018-07-20
DRI,2019-05-26,713400000.0,2392600000.0,2019-07-19,5892800000.0,,2019-07-19,,2019-07-19
DRI,2020-05-31,-52400000.0,2331200000.0,2020-07-24,9946100000.0,,2020-07-24,,2020-07-24
DRI,2021-05-30,629300000.0,2813100000.0,2021-07-23,10656100000.0,,2021-07-23,,2021-07-23
DRI,2022-05-29,952800000.0,2198200000.0,2022-07-22,10135800000.0,,2022-07-22,,2022-07-22
DRI,2023-05-28,981900000.0,2201500000.0,2023-07-21,10241500000.0,,2023-07-21,,2023-07-21
DRI,2024-05-26,1027600000.0,2242500000.0,2024-07-19,11323000000.0,,2024-07-19,,2024-07-19
DRI,2025-05-25,1049600000.0,2311300000.0,2025-07-18,12587000000.0,,2025-07-18,,2025-07-18
DRI,2026-05-31,1206700000.0,2207500000.0,2026-07-24,12862400000.0,,2026-07-24,,2026-07-24
DTE,2007-12-31,971000000.0,,,,,,,2010-02-23
DTE,2008-12-31,546000000.0,5995000000.0,2010-02-23,24590000000.0,,2010-02-23,,2010-02-23
DTE,2009-12-31,532000000.0,6278000000.0,2010-02-23,24195000000.0,,2010-02-23,,2010-02-23
DTE,2010-12-31,630000000.0,6722000000.0,2011-02-18,24896000000.0,,2011-02-18,,2011-02-18
DTE,2011-12-31,711000000.0,7009000000.0,2012-02-16,26009000000.0,8858000000.0,2012-02-16,2014-02-14,2012-02-16
DTE,2012-12-31,610000000.0,7373000000.0,2013-02-20,26339000000.0,8791000000.0,2013-02-20,2014-02-14,2013-02-20
DTE,2013-12-31,661000000.0,7921000000.0,2014-02-14,25935000000.0,9661000000.0,2014-02-14,2014-02-14,2014-02-14
DTE,2014-12-31,905000000.0,8327000000.0,2015-02-13,27974000000.0,12301000000.0,2015-02-13,2015-02-13,2015-02-13
DTE,2015-12-31,727000000.0,8772000000.0,2016-02-10,28737000000.0,10337000000.0,2016-02-10,2016-02-10,2016-02-10
DTE,2016-12-31,868000000.0,9011000000.0,2017-02-09,32041000000.0,10630000000.0,2017-02-09,2017-02-09,2017-02-09
DTE,2017-12-31,1134000000.0,9512000000.0,2018-02-16,33767000000.0,12607000000.0,2018-02-16,2018-02-16,2018-02-16
DTE,2018-12-31,1120000000.0,10237000000.0,2019-02-07,36288000000.0,,2019-02-07,,2019-02-07
DTE,2019-12-31,1169000000.0,11672000000.0,2020-02-05,41882000000.0,,2020-02-05,,2020-02-05
DTE,2020-12-31,1368000000.0,12425000000.0,2021-02-19,45496000000.0,,2021-02-19,,2021-02-19
DTE,2021-12-31,907000000.0,8705000000.0,2022-02-10,39719000000.0,,2022-02-10,,2022-02-10
DTE,2022-12-31,1083000000.0,10397000000.0,2023-02-23,42683000000.0,,2023-02-23,,2023-02-23
DTE,2023-12-31,1397000000.0,11050000000.0,2024-02-08,44755000000.0,,2024-02-08,,2024-02-08
DTE,2024-12-31,1404000000.0,11699000000.0,2025-02-13,48846000000.0,,2025-02-13,,2025-02-13
DTE,2025-12-31,1462000000.0,12303000000.0,2026-02-17,54066000000.0,,2026-02-17,,2026-02-17
DUK,2007-12-31,1500000000.0,,,,12720000000.0,,2010-02-26,2010-02-26
DUK,2008-12-31,1362000000.0,20988000000.0,2010-02-26,53077000000.0,13207000000.0,2010-02-26,2010-02-26,2010-02-26
DUK,2009-12-31,1075000000.0,21750000000.0,2010-02-26,57040000000.0,12731000000.0,2010-02-26,2010-02-26,2010-02-26
DUK,2010-12-31,1320000000.0,22522000000.0,2011-02-25,59090000000.0,14272000000.0,2011-02-25,2011-02-25,2011-02-25
DUK,2011-12-31,1706000000.0,22772000000.0,2012-02-28,62526000000.0,14529000000.0,2012-02-28,2012-02-28,2012-02-28
DUK,2012-12-31,1768000000.0,40863000000.0,2013-03-01,113856000000.0,19624000000.0,2013-03-01,2013-03-01,2013-03-01
DUK,2013-12-31,2665000000.0,41330000000.0,2014-02-28,114779000000.0,,2014-02-28,,2014-02-28
DUK,2014-12-31,1883000000.0,40875000000.0,2015-03-02,120709000000.0,,2015-03-02,,2015-03-02
DUK,2015-10-31,,-1000000.0,2019-02-28,,,,,
DUK,2015-12-31,2816000000.0,39727000000.0,2016-02-25,121156000000.0,,2016-02-25,,2016-02-25
DUK,2016-12-31,2152000000.0,41033000000.0,2017-02-24,132761000000.0,,2017-02-24,,2017-02-24
DUK,2017-12-31,3059000000.0,41739000000.0,2018-02-21,137914000000.0,,2018-02-21,,2018-02-21
DUK,2018-12-31,2666000000.0,43817000000.0,2019-02-28,145392000000.0,,2019-02-28,,2019-02-28
DUK,2019-12-31,3748000000.0,46822000000.0,2020-02-20,158838000000.0,,2020-02-20,,2020-02-20
DUK,2020-12-31,1377000000.0,47964000000.0,2021-02-25,162388000000.0,,2021-02-25,,2021-02-25
DUK,2021-12-31,3908000000.0,49296000000.0,2022-02-24,169587000000.0,,2022-02-24,,2022-02-24
DUK,2022-12-31,2550000000.0,49322000000.0,2023-02-27,178086000000.0,,2023-02-27,,2023-02-27
DUK,2023-12-31,2841000000.0,49112000000.0,2024-02-23,176893000000.0,,2024-02-23,,2024-02-23
DUK,2024-12-31,4524000000.0,50127000000.0,2025-02-27,186343000000.0,,2025-02-27,,2025-02-27
DUK,2025-12-31,4968000000.0,51842000000.0,2026-02-26,195736000000.0,,2026-02-26,,2026-02-26
DVA,2007-12-31,381778000.0,,,,,,,2010-02-25
DVA,2008-12-31,374160000.0,1767747000.0,2010-02-25,7286083000.0,,2010-02-25,,2010-02-25
DVA,2009-12-31,422684000.0,2135066000.0,2010-02-25,7558236000.0,,2010-02-25,,2010-02-25
DVA,2010-12-31,405683000.0,1978422000.0,2011-02-25,8114424000.0,,2011-02-25,,2011-02-25
DVA,2011-12-31,478001000.0,2141075000.0,2012-02-24,8892172000.0,,2012-02-24,,2012-02-24
DVA,2012-12-31,536017000.0,3763137000.0,2013-03-01,16018596000.0,,2013-03-01,,2013-03-01
DVA,2013-12-31,633446000.0,4432479000.0,2014-02-21,17098877000.0,,2014-02-21,,2014-02-21
DVA,2014-12-31,723114000.0,5170513000.0,2015-02-26,17942715000.0,,2015-02-26,,2015-02-26
DVA,2015-12-31,269732000.0,4870780000.0,2016-02-26,18514875000.0,,2016-02-26,,2016-02-26
DVA,2016-12-31,879874000.0,4648047000.0,2017-02-24,18741257000.0,10707467000.0,2017-02-24,2019-02-22,2017-02-24
DVA,2017-12-31,663618000.0,4690029000.0,2018-02-23,18948193000.0,10876634000.0,2018-02-23,2019-02-22,2018-02-23
DVA,2018-12-31,159394000.0,3703442000.0,2019-02-22,19110252000.0,11404851000.0,2019-02-22,2019-02-22,2019-02-22
DVA,2019-12-31,810981000.0,2133409000.0,2020-02-21,17311394000.0,11388479000.0,2020-02-21,2020-02-21,2020-02-21
DVA,2020-12-31,773642000.0,1383566000.0,2021-02-12,16988516000.0,11550604000.0,2021-02-12,2021-02-12,2021-02-12
DVA,2021-12-31,978450000.0,755508000.0,2022-02-11,17121488000.0,11618797000.0,2022-02-11,2022-02-11,2022-02-11
DVA,2022-12-31,560400000.0,712326000.0,2023-02-22,16928252000.0,11609894000.0,2023-02-22,2023-02-22,2023-02-22
DVA,2023-12-31,691535000.0,1056097000.0,2024-02-14,16893578000.0,12140147000.0,2024-02-14,2024-02-14,2024-02-14
DVA,2024-12-31,936342000.0,121122000.0,2025-02-13,17285268000.0,12815550000.0,2025-02-13,2025-02-13,2025-02-13
DVA,2025-12-31,746803000.0,-651082000.0,2026-02-11,17480103000.0,13643069000.0,2026-02-11,2026-02-11,2026-02-11
DVN,2007-12-31,3606000000.0,,,,9975000000.0,,2010-02-25,2010-02-25
DVN,2008-12-31,-2148000000.0,17060000000.0,2010-02-25,31908000000.0,13858000000.0,2010-02-25,2010-02-25,2010-02-25
DVN,2009-12-31,-2479000000.0,15570000000.0,2010-02-25,29686000000.0,8015000000.0,2010-02-25,2010-02-25,2010-02-25
DVN,2010-12-31,4550000000.0,19253000000.0,2011-02-25,32927000000.0,9940000000.0,2011-02-25,2011-02-25,2011-02-25
DVN,2011-12-31,4704000000.0,21430000000.0,2012-02-24,41117000000.0,11454000000.0,2012-02-24,2012-02-24,2012-02-24
DVN,2012-12-31,-206000000.0,21278000000.0,2013-02-21,43326000000.0,9502000000.0,2013-02-21,2013-02-21,2013-02-21
DVN,2013-12-31,-20000000.0,20499000000.0,2014-02-28,42877000000.0,10397000000.0,2014-02-28,2014-02-28,2014-02-28
DVN,2014-12-31,1607000000.0,21539000000.0,2015-02-20,50637000000.0,19566000000.0,2015-02-20,2015-02-20,2015-02-20
DVN,2015-12-31,-14454000000.0,7049000000.0,2016-02-17,29532000000.0,13145000000.0,2016-02-17,2016-02-17,2016-02-17
DVN,2016-12-31,-3302000000.0,5927000000.0,2017-02-15,25913000000.0,12197000000.0,2017-02-15,2017-02-15,2017-02-15
DVN,2017-12-31,898000000.0,9254000000.0,2018-02-21,30241000000.0,13949000000.0,2018-02-21,2018-02-21,2018-02-21
DVN,2018-12-31,3064000000.0,9186000000.0,2019-02-20,19566000000.0,10734000000.0,2019-02-20,2019-02-20,2019-02-20
DVN,2019-12-31,-355000000.0,5802000000.0,2020-02-19,13717000000.0,6220000000.0,2020-02-19,2020-02-19,2020-02-19
DVN,2020-12-31,-2680000000.0,2885000000.0,2021-02-17,9912000000.0,4828000000.0,2021-02-17,2021-02-17,2021-02-17
DVN,2021-12-31,2813000000.0,9262000000.0,2022-02-16,21025000000.0,12206000000.0,2022-02-16,2022-02-16,2022-02-16
DVN,2022-12-31,6015000000.0,11167000000.0,2023-02-15,23721000000.0,19169000000.0,2023-02-15,2023-02-15,2023-02-15
DVN,2023-12-31,3747000000.0,12061000000.0,2024-02-28,24490000000.0,15258000000.0,2024-02-28,2024-02-28,2024-02-28
DVN,2024-12-31,2891000000.0,14496000000.0,2025-02-19,30489000000.0,15940000000.0,2025-02-19,2025-02-19,2025-02-19
DVN,2025-12-31,2642000000.0,15528000000.0,2026-02-18,31599000000.0,17188000000.0,2026-02-18,2026-02-18,2026-02-18
DXC,2016-04-01,251000000.0,,,7736000000.0,7106000000.0,2018-05-29,2018-05-29,2018-05-29
DXC,2017-03-31,-123000000.0,1888000000.0,2018-05-29,8663000000.0,7607000000.0,2018-05-29,2018-05-29,2018-05-29
DXC,2018-03-31,1751000000.0,13487000000.0,2018-05-29,33921000000.0,24556000000.0,2018-05-29,2018-05-29,2018-05-29
DXC,2019-03-31,1257000000.0,11402000000.0,2019-06-13,29574000000.0,20753000000.0,2019-06-13,2019-06-13,2019-06-13
DXC,2020-03-31,-5369000000.0,4785000000.0,2020-06-01,26006000000.0,19577000000.0,2020-06-01,2020-06-01,2020-06-01
DXC,2021-03-31,-149000000.0,4973000000.0,2021-05-28,22038000000.0,17729000000.0,2021-05-28,2021-05-28,2021-05-28
DXC,2022-03-31,718000000.0,5052000000.0,2022-05-26,20139000000.0,16265000000.0,2022-05-26,2022-05-26,2022-05-26
DXC,2023-03-31,-568000000.0,3497000000.0,2023-05-19,15845000000.0,14430000000.0,2023-05-19,2023-05-19,2023-05-19
DXC,2024-03-31,91000000.0,2811000000.0,2024-05-17,13871000000.0,13667000000.0,2024-05-17,2024-05-17,2024-05-17
DXC,2025-03-31,389000000.0,3229000000.0,2025-05-15,13205000000.0,12871000000.0,2025-05-15,2025-05-15,2025-05-15
DXC,2026-03-31,18000000.0,2941000000.0,2026-05-08,12890000000.0,12644000000.0,2026-05-08,2026-05-08,2026-05-08
DXCM,2009-12-31,-53524000.0,,,,29693000.0,,2012-02-23,2012-02-23
DXCM,2010-12-31,-55170000.0,,,77164000.0,48631000.0,2012-02-23,2012-02-23,2012-02-23
DXCM,2011-12-31,-44746000.0,,,120475000.0,76266000.0,2012-02-23,2012-02-23,2012-02-23
DXCM,2012-12-31,-54500000.0,,,106000000.0,99900000.0,2013-02-21,2013-02-21,2013-02-21
DXCM,2013-12-31,-29800000.0,,,122500000.0,160000000.0,2014-02-20,2014-02-20,2014-02-20
DXCM,2014-12-31,-22400000.0,,,184600000.0,,2015-02-25,,2015-02-25
DXCM,2015-12-31,-57600000.0,,,292000000.0,,2016-02-23,,2016-02-23
DXCM,2016-12-31,-65600000.0,,,402800000.0,,2017-02-28,,2017-02-28
DXCM,2017-12-31,-50200000.0,,,904100000.0,,2018-02-27,,2018-02-27
DXCM,2018-12-31,-127100000.0,663300000.0,2022-02-14,1916000000.0,,2019-02-21,,2019-02-21
DXCM,2019-12-31,101100000.0,882600000.0,2022-02-14,2395000000.0,,2020-02-13,,2020-02-13
DXCM,2020-12-31,493600000.0,1826500000.0,2022-02-14,4290500000.0,,2021-02-11,,2021-02-11
DXCM,2021-12-31,154700000.0,2251500000.0,2022-02-14,4863600000.0,,2022-02-14,,2022-02-14
DXCM,2022-12-31,341200000.0,2131800000.0,2023-02-09,5391700000.0,,2023-02-09,,2023-02-09
DXCM,2023-12-31,541500000.0,2068600000.0,2024-02-08,6264500000.0,,2024-02-08,,2024-02-08
DXCM,2024-12-31,576200000.0,2102600000.0,2025-02-18,6484500000.0,,2025-02-18,,2025-02-18
DXCM,2025-12-31,836300000.0,2746000000.0,2026-02-12,6339900000.0,,2026-02-12,,2026-02-12
DYN,2018-12-31,,-4879000.0,2021-03-04,,,,,
DYN,2019-12-31,-14859000.0,14036000.0,2021-03-04,16436000.0,,2021-03-04,,2021-03-04
DYN,2020-12-31,-59437000.0,342367000.0,2021-03-04,353334000.0,,2021-03-04,,2021-03-04
DYN,2021-12-31,-149291000.0,368197000.0,2022-03-10,425663000.0,,2022-03-10,,2022-03-10
DYN,2022-12-31,-168099000.0,252364000.0,2023-03-02,306325000.0,,2023-03-02,,2023-03-02
DYN,2023-12-31,-235937000.0,91292000.0,2024-03-05,165082000.0,,2024-03-05,,2024-03-05
DYN,2024-12-31,-317418000.0,629838000.0,2025-02-27,691234000.0,,2025-02-27,,2025-02-27
DYN,2025-12-31,-446214000.0,972129000.0,2026-03-02,1186958000.0,,2026-03-02,,2026-03-02
EBAY,2007-12-31,348251000.0,11704602000.0,2010-02-17,,,,,2010-02-17
EBAY,2008-12-31,1779474000.0,11083858000.0,2010-02-17,15592439000.0,,2010-02-17,,2010-02-17
EBAY,2009-12-31,2389097000.0,13787648000.0,2010-02-17,18408320000.0,8727362000.0,2010-02-17,2012-01-31,2010-02-17
EBAY,2010-12-31,1800961000.0,15302179000.0,2011-01-28,22003762000.0,9156274000.0,2011-01-28,2012-01-31,2011-01-28
EBAY,2011-12-31,3229387000.0,17929879000.0,2012-01-31,27320218000.0,11651654000.0,2012-01-31,2012-01-31,2012-01-31
EBAY,2012-12-31,2609000000.0,20865000000.0,2013-02-01,37074000000.0,14072000000.0,2013-02-01,2013-02-01,2013-02-01
EBAY,2013-12-31,2856000000.0,23647000000.0,2014-01-31,41488000000.0,16047000000.0,2014-01-31,2014-01-31,2014-01-31
EBAY,2014-12-31,46000000.0,19906000000.0,2015-02-06,45132000000.0,17902000000.0,2015-02-06,2015-02-06,2015-02-06
EBAY,2015-12-31,1725000000.0,6576000000.0,2016-02-01,17785000000.0,,2016-02-01,,2016-02-01
EBAY,2016-12-31,7266000000.0,10539000000.0,2017-02-06,23847000000.0,,2017-02-06,,2017-02-06
EBAY,2017-12-31,-1016000000.0,8063000000.0,2018-02-05,25981000000.0,,2018-02-05,,2018-02-05
EBAY,2018-12-31,2530000000.0,6281000000.0,2019-01-30,22819000000.0,,2019-01-30,,2019-01-30
EBAY,2019-12-31,1786000000.0,2870000000.0,2020-01-31,18174000000.0,,2020-01-31,,2020-01-31
EBAY,2020-12-31,5667000000.0,3561000000.0,2021-02-04,19310000000.0,,2021-02-04,,2021-02-04
EBAY,2021-12-31,13608000000.0,9778000000.0,2022-02-24,26626000000.0,,2022-02-24,,2022-02-24
EBAY,2022-12-31,-1269000000.0,5153000000.0,2023-02-23,20850000000.0,,2023-02-23,,2023-02-23
EBAY,2023-12-31,2767000000.0,6396000000.0,2024-02-28,21620000000.0,,2024-02-28,,2024-02-28
EBAY,2024-12-31,1975000000.0,5158000000.0,2025-02-27,19365000000.0,,2025-02-27,,2025-02-27
EBAY,2025-12-31,2031000000.0,4615000000.0,2026-02-19,17610000000.0,,2026-02-19,,2026-02-19
ECL,2007-12-31,427200000.0,,,,5469600000.0,,2010-02-26,2010-02-26
ECL,2008-12-31,448100000.0,1571600000.0,2010-02-26,4756900000.0,6137500000.0,2010-02-26,2010-02-26,2010-02-26
ECL,2009-12-31,417300000.0,2000900000.0,2010-02-26,5020900000.0,5900600000.0,2010-02-26,2010-02-26,2010-02-26
ECL,2010-12-31,530300000.0,2129200000.0,2011-02-25,4872200000.0,6089700000.0,2011-02-25,2011-02-25,2011-02-25
ECL,2011-12-31,,5666700000.0,2012-02-28,18240800000.0,6798500000.0,2012-02-28,2012-02-28,
ECL,2012-12-31,,6077000000.0,2013-02-26,17572300000.0,11838700000.0,2013-02-26,2013-02-26,
ECL,2013-12-31,,7344300000.0,2014-02-28,19636500000.0,13253400000.0,2014-02-28,2014-02-28,
ECL,2014-12-31,,7315900000.0,2015-02-27,19466700000.0,14280500000.0,2015-02-27,2015-02-27,
ECL,2015-12-31,,6909900000.0,2016-02-26,18641700000.0,13545100000.0,2016-02-26,2016-02-26,
ECL,2016-12-31,,6901100000.0,2017-02-24,18330200000.0,13152800000.0,2017-02-24,2017-02-24,
ECL,2017-12-31,,7618500000.0,2018-02-23,19962400000.0,13838300000.0,2018-02-23,2018-02-23,
ECL,2018-12-31,,8003200000.0,2019-03-01,20074500000.0,,2019-03-01,,
ECL,2019-12-31,,8685300000.0,2020-02-28,20869100000.0,,2020-02-28,,
ECL,2020-12-31,,6166500000.0,2021-02-26,18126000000.0,,2021-02-26,,
ECL,2021-12-31,1129900000.0,7224200000.0,2022-02-25,21206400000.0,,2022-02-25,,2024-02-23
ECL,2022-12-31,1091700000.0,7236100000.0,2023-02-24,21464300000.0,,2023-02-24,,2024-02-23
ECL,2023-12-31,1372300000.0,8044700000.0,2024-02-23,21846600000.0,,2024-02-23,,2024-02-23
ECL,2024-12-31,2112400000.0,8757300000.0,2025-02-21,22387800000.0,,2025-02-21,,2025-02-21
ECL,2025-12-31,2075600000.0,9770800000.0,2026-02-23,24696300000.0,,2026-02-23,,2026-02-23
ED,2009-12-31,879000000.0,,,,13032000000.0,,2012-02-21,2012-02-21
ED,2010-12-31,1003000000.0,11274000000.0,2012-02-21,36348000000.0,13325000000.0,2012-02-21,2012-02-21,2012-02-21
ED,2011-12-31,1062000000.0,11649000000.0,2012-02-21,39214000000.0,12938000000.0,2012-02-21,2012-02-21,2012-02-21
ED,2012-12-31,1141000000.0,11869000000.0,2013-02-21,41209000000.0,12188000000.0,2013-02-21,2013-02-21,2013-02-21
ED,2013-12-31,1062000000.0,12245000000.0,2015-02-19,40647000000.0,12354000000.0,2014-02-21,2014-02-21,2014-02-21
ED,2014-12-31,1092000000.0,12576000000.0,2015-02-19,44308000000.0,12919000000.0,2015-02-19,2015-02-19,2015-02-19
ED,2015-12-31,1193000000.0,13052000000.0,2016-02-18,45642000000.0,12554000000.0,2016-02-18,2016-02-18,2016-02-18
ED,2016-12-31,1245000000.0,14298000000.0,2017-02-16,48255000000.0,12075000000.0,2017-02-16,2017-02-16,2017-02-16
ED,2017-12-31,1525000000.0,15418000000.0,2018-02-15,48111000000.0,12033000000.0,2018-02-15,2018-02-15,2018-02-15
ED,2018-12-31,1382000000.0,16726000000.0,2019-02-21,53920000000.0,12337000000.0,2019-02-21,2019-02-21,2019-02-21
ED,2019-12-31,1343000000.0,18022000000.0,2020-02-20,58079000000.0,12574000000.0,2020-02-20,2020-02-20,2020-02-20
ED,2020-12-31,1101000000.0,18847000000.0,2021-02-18,62895000000.0,12246000000.0,2021-02-18,2021-02-18,2021-02-18
ED,2021-12-31,1346000000.0,20037000000.0,2022-02-17,63116000000.0,13676000000.0,2022-02-17,2022-02-17,2022-02-17
ED,2022-12-31,1660000000.0,20687000000.0,2023-02-16,69065000000.0,15670000000.0,2023-02-16,2023-02-16,2023-02-16
ED,2023-12-31,2519000000.0,21158000000.0,2024-02-15,66331000000.0,14663000000.0,2024-02-15,2024-02-15,2024-02-15
ED,2024-12-31,1820000000.0,21962000000.0,2026-02-19,70562000000.0,15256000000.0,2025-02-20,2025-02-20,2025-02-20
ED,2025-12-31,2023000000.0,24190000000.0,2026-02-19,74603000000.0,16918000000.0,2026-02-19,2026-02-19,2026-02-19
EFX,2008-12-31,272800000.0,,,,,,,2011-02-23
EFX,2009-12-31,233900000.0,1601200000.0,2011-02-23,3550500000.0,,2011-02-23,,2011-02-23
EFX,2010-12-31,266700000.0,1691400000.0,2011-02-23,3433600000.0,,2011-02-23,,2011-02-23
EFX,2011-12-31,232900000.0,1702400000.0,2012-02-23,3508600000.0,,2012-02-23,,2012-02-23
EFX,2012-12-31,272100000.0,1933200000.0,2013-02-22,4511100000.0,,2013-02-22,,2013-02-22
EFX,2013-12-31,351800000.0,2300700000.0,2014-02-28,4539900000.0,,2014-02-28,,2014-02-28
EFX,2014-12-31,367400000.0,2200100000.0,2015-02-25,4674200000.0,,2015-02-25,,2015-02-25
EFX,2015-12-31,429100000.0,2310900000.0,2016-02-24,4509000000.0,,2016-02-24,,2016-02-24
EFX,2016-12-31,488800000.0,2662700000.0,2017-02-22,6664000000.0,3144900000.0,2017-02-22,2019-02-21,2017-02-22
EFX,2017-12-31,587300000.0,3174400000.0,2018-03-01,7233400000.0,3362200000.0,2018-03-01,2019-02-21,2018-03-01
EFX,2018-12-31,299800000.0,3107800000.0,2019-02-21,7153200000.0,3412100000.0,2019-02-21,2019-02-21,2019-02-21
EFX,2019-12-31,-398800000.0,2578600000.0,2020-02-20,7909000000.0,3507600000.0,2020-02-20,2020-02-20,2020-02-20
EFX,2020-12-31,520100000.0,3168400000.0,2021-02-25,9611800000.0,4127500000.0,2021-02-25,2021-02-25,2021-02-25
EFX,2021-12-31,744200000.0,3584400000.0,2022-02-24,11040900000.0,4923900000.0,2022-02-24,2022-02-24,2022-02-24
EFX,2022-12-31,696200000.0,3956500000.0,2023-02-23,11547900000.0,5122200000.0,2023-02-23,2023-02-23,2023-02-23
EFX,2023-12-31,545300000.0,4534100000.0,2024-02-22,12280000000.0,5265200000.0,2024-02-22,2024-02-22,2024-02-22
EFX,2024-12-31,604100000.0,4796900000.0,2025-02-20,11759400000.0,5681100000.0,2025-02-20,2025-02-20,2025-02-20
EFX,2025-12-31,660300000.0,4604300000.0,2026-02-19,11864200000.0,6074500000.0,2026-02-19,2026-02-19,2026-02-19
EHC,2007-12-31,,-1457300000.0,2011-02-24,,,,,
EHC,2008-12-31,252400000.0,-1087200000.0,2011-02-24,,,,,2011-02-24
EHC,2009-12-31,94800000.0,-897600000.0,2011-02-24,1681500000.0,,2011-02-24,,2011-02-24
EHC,2010-12-31,899000000.0,-2200000.0,2011-02-24,2372100000.0,,2011-02-24,,2011-02-24
EHC,2011-12-31,208700000.0,117000000.0,2012-02-23,2271200000.0,,2012-02-23,,2012-02-23
EHC,2012-12-31,185000000.0,291600000.0,2013-02-19,2423800000.0,,2013-02-19,,2013-02-19
EHC,2013-12-31,323600000.0,344600000.0,2014-02-20,2534400000.0,,2014-02-20,,2014-02-20
EHC,2014-12-31,222000000.0,473200000.0,2015-03-02,3408800000.0,,2015-03-02,,2015-03-02
EHC,2015-12-31,183100000.0,611400000.0,2016-02-25,4606100000.0,,2016-02-25,,2016-02-25
EHC,2016-12-31,247600000.0,735900000.0,2017-02-22,4681900000.0,3642600000.0,2017-02-22,2019-02-27,2017-02-22
EHC,2017-12-31,256300000.0,1181700000.0,2018-02-28,4893700000.0,3913900000.0,2018-02-28,2019-02-27,2018-02-28
EHC,2018-12-31,292300000.0,1276700000.0,2019-02-27,5175000000.0,4277300000.0,2019-02-27,2019-02-27,2019-02-27
EHC,2019-12-31,358700000.0,1352200000.0,2020-02-27,6080700000.0,4605000000.0,2020-02-27,2020-02-27,2020-02-27
EHC,2020-12-31,284200000.0,1588000000.0,2021-02-26,6445900000.0,4644400000.0,2021-02-26,2021-02-26,2021-02-26
EHC,2021-12-31,412200000.0,1911300000.0,2022-02-25,6864900000.0,5121600000.0,2022-02-25,2022-02-25,2022-02-25
EHC,2022-12-31,271000000.0,1310300000.0,2023-02-27,5636500000.0,4348600000.0,2023-02-27,2023-02-27,2023-02-27
EHC,2023-12-31,352000000.0,1647500000.0,2024-02-28,6102400000.0,4801200000.0,2024-02-28,2024-02-28,2024-02-28
EHC,2024-12-31,455700000.0,2067000000.0,2025-02-28,6534700000.0,5373200000.0,2025-02-28,2025-02-28,2025-02-28
EHC,2025-12-31,566200000.0,2438200000.0,2026-02-26,7089700000.0,5935200000.0,2026-02-26,2026-02-26,2026-02-26
EIX,2007-12-31,1098000000.0,,,,12868000000.0,,2010-03-01,2010-03-01
EIX,2008-12-31,1215000000.0,,,44615000000.0,14112000000.0,2010-03-01,2010-03-01,2010-03-01
EIX,2009-12-31,849000000.0,,,41444000000.0,12361000000.0,2010-03-01,2010-03-01,2010-03-01
EIX,2010-12-31,1256000000.0,,,45530000000.0,12409000000.0,2011-02-28,2011-02-28,2011-02-28
EIX,2011-12-31,-37000000.0,,,48039000000.0,12760000000.0,2012-02-29,2012-02-29,2012-02-29
EIX,2012-12-31,-183000000.0,,,44394000000.0,11862000000.0,2013-02-26,2013-02-26,2013-02-26
EIX,2013-12-31,915000000.0,,,46646000000.0,12581000000.0,2014-02-25,2014-02-25,2014-02-25
EIX,2014-12-31,1612000000.0,,,50186000000.0,13413000000.0,2015-02-24,2015-02-24,2015-02-24
EIX,2015-12-31,,,,50310000000.0,11524000000.0,2016-02-23,2016-02-23,
EIX,2016-12-31,,,,51319000000.0,11869000000.0,2017-02-21,2017-02-21,
EIX,2017-12-31,565000000.0,,,52580000000.0,12320000000.0,2018-02-22,2018-02-22,2020-02-27
EIX,2018-12-31,-423000000.0,,,56715000000.0,12657000000.0,2019-02-28,2019-02-28,2020-02-27
EIX,2019-12-31,1284000000.0,,,64382000000.0,12347000000.0,2020-02-27,2020-02-27,2020-02-27
EIX,2020-12-31,739000000.0,14048000000.0,2022-02-24,69372000000.0,13578000000.0,2021-02-25,2021-02-25,2021-02-25
EIX,2021-12-31,,15888000000.0,2022-02-24,74745000000.0,14905000000.0,2022-02-24,2022-02-24,
EIX,2022-12-31,,15621000000.0,2023-02-23,78041000000.0,17220000000.0,2023-02-23,2023-02-23,
EIX,2023-12-31,1197000000.0,15501000000.0,2024-02-22,81758000000.0,16338000000.0,2024-02-22,2024-02-22,2026-02-18
EIX,2024-12-31,1284000000.0,15565000000.0,2025-02-27,85579000000.0,17599000000.0,2025-02-27,2025-02-27,2026-02-18
EIX,2025-12-31,4459000000.0,17579000000.0,2026-02-18,94026000000.0,19317000000.0,2026-02-18,2026-02-18,2026-02-18
EL,2009-06-30,218400000.0,,,5176600000.0,7323800000.0,2011-08-22,2011-08-22,2011-08-22
EL,2010-06-30,478300000.0,1948400000.0,2011-08-22,5335600000.0,7795800000.0,2011-08-22,2011-08-22,2011-08-22
EL,2011-06-30,700800000.0,2629400000.0,2011-08-22,6273900000.0,8810000000.0,2011-08-22,2011-08-22,2011-08-22
EL,2012-06-30,856900000.0,2733200000.0,2012-08-17,6593000000.0,9713600000.0,2012-08-17,2012-08-17,2012-08-17
EL,2013-06-30,1019800000.0,3286900000.0,2013-08-23,7145200000.0,10181700000.0,2013-08-23,2013-08-23,2013-08-23
EL,2014-06-30,1204100000.0,3854900000.0,2014-08-20,7868800000.0,10968800000.0,2014-08-20,2014-08-20,2014-08-20
EL,2015-06-30,1088900000.0,3643200000.0,2015-08-20,8239200000.0,10780400000.0,2015-08-20,2015-08-20,2015-08-20
EL,2016-06-30,1114600000.0,3571900000.0,2016-08-24,9223300000.0,11262300000.0,2016-08-24,2016-08-24,2016-08-24
EL,2017-06-30,1249000000.0,4384000000.0,2017-08-25,11568000000.0,11824000000.0,2017-08-25,2017-08-25,2017-08-25
EL,2018-06-30,1108000000.0,4688000000.0,2018-08-24,12567000000.0,13683000000.0,2018-08-24,2018-08-24,2018-08-24
EL,2019-06-30,1785000000.0,4386000000.0,2019-08-23,13156000000.0,,2019-08-23,,2019-08-23
EL,2020-06-30,684000000.0,3935000000.0,2020-08-28,17781000000.0,,2020-08-28,,2020-08-28
EL,2021-06-30,,6057000000.0,2021-08-27,21971000000.0,,2021-08-27,,
EL,2022-06-30,,5590000000.0,2022-08-24,20910000000.0,,2022-08-24,,
EL,2023-06-30,,,,23415000000.0,,2023-08-18,,
EL,2024-06-30,,,,21677000000.0,,2024-08-19,,
EL,2025-06-30,,,,19892000000.0,,2025-08-20,,
EL,2026-06-30,,,,19762000000.0,,2026-08-19,,
ELV,2006-12-31,,24575800000.0,2010-02-18,,,,,
ELV,2007-12-31,3345400000.0,22990400000.0,2010-02-18,,61167900000.0,,2010-02-18,2010-02-18
ELV,2008-12-31,2490700000.0,21431700000.0,2010-02-18,48403200000.0,61251100000.0,2010-02-18,2010-02-18,2010-02-18
ELV,2009-12-31,4745900000.0,24863300000.0,2010-02-18,52125400000.0,65028100000.0,2010-02-18,2010-02-18,2010-02-18
ELV,2010-12-31,2887100000.0,23812600000.0,2011-02-17,50166900000.0,58801800000.0,2011-02-17,2011-02-17,2011-02-17
ELV,2011-12-31,2646700000.0,23288200000.0,2012-02-22,52018800000.0,60710700000.0,2012-02-22,2012-02-22,2012-02-22
ELV,2012-12-31,2655500000.0,23802700000.0,2013-02-22,58955400000.0,61711700000.0,2013-02-22,2013-02-22,2013-02-22
ELV,2013-12-31,2489700000.0,24765200000.0,2014-02-20,59574500000.0,71023500000.0,2014-02-20,2014-02-20,2014-02-20
ELV,2014-12-31,2569700000.0,24251300000.0,2015-02-24,62065000000.0,73874100000.0,2015-02-24,2015-02-24,2015-02-24
ELV,2015-12-31,2560000000.0,23044100000.0,2016-02-19,61717800000.0,79156500000.0,2016-02-19,2016-02-19,2016-02-19
ELV,2016-12-31,2469800000.0,25100400000.0,2017-02-22,65083100000.0,84863000000.0,2017-02-22,2017-02-22,2017-02-22
ELV,2017-12-31,3842800000.0,26502900000.0,2018-02-21,70540000000.0,90039400000.0,2018-02-21,2018-02-21,2018-02-21
ELV,2018-12-31,3750000000.0,28541000000.0,2019-02-20,71571000000.0,92105000000.0,2019-02-20,2019-02-20,2019-02-20
ELV,2019-12-31,4807000000.0,31728000000.0,2020-02-19,77453000000.0,104213000000.0,2020-02-19,2020-02-19,2020-02-19
ELV,2020-12-31,4572000000.0,33199000000.0,2021-02-18,86615000000.0,121867000000.0,2021-02-18,2021-02-18,2021-02-18
ELV,2021-12-31,6104000000.0,36060000000.0,2022-02-16,97460000000.0,138639000000.0,2022-02-16,2022-02-16,2022-02-16
ELV,2022-12-31,6025000000.0,36307000000.0,2023-02-15,102772000000.0,156595000000.0,2023-02-15,2023-02-15,2023-02-15
ELV,2023-12-31,5987000000.0,39306000000.0,2024-02-21,108928000000.0,171340000000.0,2024-02-21,2024-02-21,2024-02-21
ELV,2024-12-31,5980000000.0,41315000000.0,2025-02-20,116889000000.0,177011000000.0,2025-02-20,2025-02-20,2025-02-20
ELV,2025-12-31,5662000000.0,43882000000.0,2026-02-06,121494000000.0,199125000000.0,2026-02-06,2026-02-06,2026-02-06
EMN,2007-12-31,,2082000000.0,2011-02-23,,,,,
EMN,2008-12-31,346000000.0,1553000000.0,2011-02-23,,,,,2011-02-23
EMN,2009-12-31,136000000.0,1513000000.0,2011-02-23,5515000000.0,,2011-02-23,,2011-02-23
EMN,2010-12-31,438000000.0,1627000000.0,2011-02-23,5986000000.0,5842000000.0,2011-02-23,2013-02-28,2011-02-23
EMN,2011-12-31,696000000.0,1870000000.0,2012-02-22,6184000000.0,7178000000.0,2012-02-22,2013-02-28,2012-02-22
EMN,2012-12-31,437000000.0,2943000000.0,2013-02-28,11619000000.0,8102000000.0,2013-02-28,2013-02-28,2013-02-28
EMN,2013-12-31,1165000000.0,3796000000.0,2014-02-28,11845000000.0,9350000000.0,2014-02-28,2014-02-28,2014-02-28
EMN,2014-12-31,751000000.0,3510000000.0,2015-02-27,16072000000.0,9527000000.0,2015-02-27,2015-02-27,2015-02-27
EMN,2015-12-31,848000000.0,3941000000.0,2016-02-25,15611000000.0,9648000000.0,2016-02-25,2016-02-25,2016-02-25
EMN,2016-12-31,854000000.0,4532000000.0,2017-02-27,15457000000.0,9008000000.0,2017-02-27,2017-02-27,2017-02-27
EMN,2017-12-31,1384000000.0,5403000000.0,2018-03-01,15999000000.0,9549000000.0,2018-03-01,2018-03-01,2018-03-01
EMN,2018-12-31,1080000000.0,5803000000.0,2019-02-27,15995000000.0,10151000000.0,2019-02-27,2019-02-27,2019-02-27
EMN,2019-12-31,759000000.0,5958000000.0,2020-02-26,16008000000.0,9273000000.0,2020-02-26,2020-02-26,2020-02-26
EMN,2020-12-31,478000000.0,6023000000.0,2021-02-22,16083000000.0,8473000000.0,2021-02-22,2021-02-22,2021-02-22
EMN,2021-12-31,857000000.0,5704000000.0,2022-02-25,15519000000.0,10476000000.0,2022-02-25,2022-02-25,2022-02-25
EMN,2022-12-31,793000000.0,5153000000.0,2023-02-15,14667000000.0,10580000000.0,2023-02-15,2023-02-15,2023-02-15
EMN,2023-12-31,894000000.0,5458000000.0,2024-02-14,14633000000.0,9210000000.0,2024-02-14,2024-02-14,2024-02-14
EMN,2024-12-31,905000000.0,5779000000.0,2025-02-14,15213000000.0,9382000000.0,2025-02-14,2025-02-14,2025-02-14
EMN,2025-12-31,474000000.0,5961000000.0,2026-02-13,14859000000.0,8752000000.0,2026-02-13,2026-02-13,2026-02-13
EMR,2007-09-30,2136000000.0,,,,,,,2009-11-23
EMR,2008-09-30,2412000000.0,9113000000.0,2009-11-23,21040000000.0,,2009-11-23,,2009-11-23
EMR,2009-09-30,1724000000.0,8555000000.0,2009-11-23,19763000000.0,,2009-11-23,,2009-11-23
EMR,2010-09-30,2164000000.0,9792000000.0,2010-11-23,22843000000.0,21039000000.0,2010-11-23,2012-11-20,2010-11-23
EMR,2011-09-30,2480000000.0,10399000000.0,2011-11-22,23861000000.0,24222000000.0,2011-11-22,2012-11-20,2011-11-22
EMR,2012-09-30,1968000000.0,10295000000.0,2012-11-20,23818000000.0,24412000000.0,2012-11-20,2012-11-20,2012-11-20
EMR,2013-09-30,2004000000.0,10585000000.0,2013-11-19,24711000000.0,,2013-11-19,,2013-11-19
EMR,2014-09-30,2147000000.0,10119000000.0,2014-11-19,24177000000.0,,2014-11-19,,2014-11-19
EMR,2015-09-30,2710000000.0,8081000000.0,2015-11-18,22088000000.0,,2015-11-18,,2015-11-18
EMR,2016-09-30,1635000000.0,7568000000.0,2016-11-16,21743000000.0,,2016-11-16,,2016-11-16
EMR,2017-09-30,1518000000.0,8718000000.0,2017-11-20,19589000000.0,,2017-11-20,,2017-11-20
EMR,2018-09-30,2203000000.0,8947000000.0,2018-11-19,20390000000.0,,2018-11-19,,2018-11-19
EMR,2019-09-30,2306000000.0,8233000000.0,2019-11-18,20497000000.0,,2019-11-18,,2019-11-18
EMR,2020-09-30,1965000000.0,8405000000.0,2020-11-16,22882000000.0,,2020-11-16,,2020-11-16
EMR,2021-09-30,2303000000.0,9883000000.0,2021-11-15,24715000000.0,,2021-11-15,,2021-11-15
EMR,2022-09-30,3231000000.0,10364000000.0,2022-11-14,35672000000.0,,2022-11-14,,2022-11-14
EMR,2023-09-30,13219000000.0,20689000000.0,2023-11-13,42746000000.0,,2023-11-13,,2023-11-13
EMR,2024-09-30,1968000000.0,21636000000.0,2024-11-12,44246000000.0,,2024-11-12,,2024-11-12
EMR,2025-09-30,2293000000.0,20282000000.0,2025-11-10,41964000000.0,,2025-11-10,,2025-11-10
ENPH,2009-12-31,,13627000.0,2013-03-05,,,,,
ENPH,2010-12-31,-21777000.0,38481000.0,2013-03-05,,61661000.0,,2013-03-05,2013-03-05
ENPH,2011-12-31,-32290000.0,13974000.0,2013-03-05,106242000.0,149523000.0,2013-03-05,2013-03-05,2013-03-05
ENPH,2012-12-31,-38218000.0,56655000.0,2013-03-05,122291000.0,216678000.0,2013-03-05,2013-03-05,2013-03-05
ENPH,2013-12-31,-25913000.0,40206000.0,2014-03-04,116669000.0,232846000.0,2014-03-04,2014-03-04,2014-03-04
ENPH,2014-12-31,-8052000.0,46952000.0,2015-03-04,152192000.0,343904000.0,2015-03-04,2015-03-04,2015-03-04
ENPH,2015-12-31,-22082000.0,41449000.0,2016-03-01,165528000.0,357249000.0,2016-03-01,2016-03-01,2016-03-01
ENPH,2016-12-31,-67462000.0,1300000.0,2017-03-16,163576000.0,322591000.0,2017-03-16,2017-03-16,2017-03-16
ENPH,2017-12-31,-45192000.0,-9126000.0,2018-04-02,169147000.0,286166000.0,2018-04-02,2018-04-02,2018-04-02
ENPH,2018-12-31,-11627000.0,7776000.0,2019-03-15,339937000.0,,2019-03-15,,2019-03-15
ENPH,2019-12-31,161148000.0,272212000.0,2020-02-21,713223000.0,,2020-02-21,,2020-02-21
ENPH,2020-12-31,133995000.0,483993000.0,2021-02-16,1200102000.0,,2021-02-16,,2021-02-16
ENPH,2021-12-31,145449000.0,430168000.0,2022-02-11,2079256000.0,,2022-02-11,,2022-02-11
ENPH,2022-12-31,397362000.0,825573000.0,2023-02-13,3084280000.0,,2023-02-13,,2023-02-13
ENPH,2023-12-31,438936000.0,983624000.0,2024-02-09,3383012000.0,,2024-02-09,,2024-02-09
ENPH,2024-12-31,102658000.0,833016000.0,2025-02-10,3249676000.0,,2025-02-10,,2025-02-10
ENPH,2025-12-31,172133000.0,1087023000.0,2026-02-17,3509792000.0,,2026-02-17,,2026-02-17
EOG,2007-12-31,1089918000.0,,,,4239303000.0,,2010-02-25,2010-02-25
EOG,2008-12-31,2436919000.0,,,15951226000.0,7127143000.0,2010-02-25,2010-02-25,2010-02-25
EOG,2009-12-31,546627000.0,,,18118667000.0,4786959000.0,2010-02-25,2010-02-25,2010-02-25
EOG,2010-12-31,160654000.0,,,21624233000.0,6099896000.0,2011-02-24,2011-02-24,2011-02-24
EOG,2011-12-31,1091123000.0,,,24838797000.0,10126115000.0,2012-02-24,2012-02-24,2012-02-24
EOG,2012-12-31,570279000.0,,,27336578000.0,11682636000.0,2013-02-22,2013-02-22,2013-02-22
EOG,2013-12-31,2197109000.0,,,30574238000.0,14487118000.0,2014-02-24,2014-02-24,2014-02-24
EOG,2014-12-31,2915487000.0,,,34762687000.0,18035340000.0,2015-02-18,2015-02-18,2015-02-18
EOG,2015-12-31,-4524515000.0,,,26975244000.0,8757428000.0,2016-02-25,2016-02-25,2016-02-25
EOG,2016-12-31,-1096686000.0,,,29459433000.0,7650632000.0,2017-02-27,2017-02-27,2017-02-27
EOG,2017-12-31,2582579000.0,,,29833078000.0,11208320000.0,2018-02-27,2018-02-27,2018-02-27
EOG,2018-12-31,3419040000.0,,,33934474000.0,17275399000.0,2019-02-26,2019-02-26,2019-02-26
EOG,2019-12-31,2734910000.0,21640000000.0,2023-02-23,37124608000.0,17379973000.0,2020-02-27,2020-02-27,2020-02-27
EOG,2020-12-31,-604572000.0,20302000000.0,2023-02-23,35804601000.0,11032048000.0,2021-02-25,2021-02-25,2021-02-25
EOG,2021-12-31,4664000000.0,22180000000.0,2023-02-23,38236000000.0,18642000000.0,2022-02-24,2022-02-24,2022-02-24
EOG,2022-12-31,7759000000.0,24779000000.0,2023-02-23,41371000000.0,25702000000.0,2023-02-23,2023-02-23,2023-02-23
EOG,2023-12-31,7594000000.0,28090000000.0,2024-02-22,43857000000.0,24186000000.0,2024-02-22,2024-02-22,2024-02-22
EOG,2024-12-31,6403000000.0,29351000000.0,2025-02-27,47186000000.0,23698000000.0,2025-02-27,2025-02-27,2025-02-27
EOG,2025-12-31,4980000000.0,29833000000.0,2026-02-24,51799000000.0,22632000000.0,2026-02-24,2026-02-24,2026-02-24
EP,2010-12-31,-2627902.0,228090.0,2012-03-21,377155.0,,2012-03-21,,2012-03-21
EP,2011-12-31,-247432.0,215443.0,2012-03-21,326930.0,,2012-03-21,,2012-03-21
EP,2012-12-31,-253348.0,314262.0,2014-03-03,324397.0,,2014-03-03,,2014-03-03
EP,2013-12-31,-227823.0,136439.0,2014-03-03,228591.0,,2014-03-03,,2014-03-03
EP,2014-12-31,-236585.0,-146.0,2015-03-27,82.0,,2015-03-27,,2015-03-27
EP,2015-12-31,-174924.0,191405.0,2016-04-01,199580.0,,2016-04-01,,2016-04-01
EP,2016-12-31,-381915.0,301381.0,2017-03-31,382743.0,,2017-03-31,,2017-03-31
EP,2017-12-31,-830067.0,128194.0,2018-04-02,377780.0,0.0,2018-04-02,2019-04-01,2018-04-02
EP,2018-12-31,-1017131.0,-150183.0,2019-04-01,1997273.0,465455.0,2019-04-01,2019-04-01,2019-04-01
EP,2019-12-31,-6654602.0,-4938655.0,2020-03-30,11014580.0,5859089.0,2020-03-30,2020-03-30,2020-03-30
EP,2020-12-31,-16835433.0,-18441038.0,2021-03-31,11249601.0,7727834.0,2021-03-31,2021-03-31,2021-03-31
EP,2021-12-31,-18614962.0,9834153.0,2022-03-31,50089651.0,27903895.0,2022-03-31,2022-03-31,2022-03-31
EP,2022-12-31,7084130.0,23235881.0,2023-03-31,71545075.0,52886874.0,2023-03-31,2023-03-31,2023-03-31
EP,2023-12-31,-12469605.0,34956460.0,2024-03-28,92615616.0,40076291.0,2024-03-28,2024-03-28,2024-03-28
EP,2024-12-31,-16197989.0,62765184.0,2025-03-27,123868471.0,43650292.0,2025-03-27,2025-03-27,2025-03-27
EP,2025-12-31,-72074000.0,-4606000.0,2026-03-13,65873000.0,34203000.0,2026-03-13,2026-03-13,2026-03-13
EPAM,2009-12-31,,16534000.0,2013-03-11,,,,,
EPAM,2010-12-31,28308000.0,66249000.0,2013-03-11,,,,,2013-03-11
EPAM,2011-12-31,44353000.0,95059000.0,2013-03-11,235613000.0,,2013-03-11,,2013-03-11
EPAM,2012-12-31,54484000.0,286280000.0,2013-03-11,350814000.0,433799000.0,2013-03-11,2015-03-02,2013-03-11
EPAM,2013-12-31,61994000.0,376101000.0,2014-03-11,432877000.0,555117000.0,2014-03-11,2015-03-02,2014-03-11
EPAM,2014-12-31,69641000.0,464050000.0,2015-03-02,594026000.0,730027000.0,2015-03-02,2015-03-02,2015-03-02
EPAM,2015-12-31,84456000.0,613223000.0,2016-02-23,778536000.0,914128000.0,2016-02-23,2016-02-23,2016-02-23
EPAM,2016-12-31,99266000.0,781412000.0,2017-03-01,925811000.0,1160132000.0,2017-03-01,2017-03-01,2017-03-01
EPAM,2017-12-31,72760000.0,974947000.0,2018-02-27,1250256000.0,1450448000.0,2018-02-27,2018-02-27,2018-02-27
EPAM,2018-12-31,240256000.0,1262596000.0,2019-02-26,1611802000.0,,2019-02-26,,2019-02-26
EPAM,2019-12-31,261057000.0,1596145000.0,2020-03-02,2244208000.0,,2020-03-02,,2020-03-02
EPAM,2020-12-31,327160000.0,1983018000.0,2021-02-25,2721332000.0,,2021-02-25,,2021-02-25
EPAM,2021-12-31,481652000.0,2487117000.0,2022-02-25,3523227000.0,,2022-02-25,,2022-02-25
EPAM,2022-12-31,419416000.0,3001532000.0,2023-02-24,4009151000.0,,2023-02-24,,2023-02-24
EPAM,2023-12-31,417083000.0,3470891000.0,2024-02-22,4352365000.0,,2024-02-22,,2024-02-22
EPAM,2024-12-31,454533000.0,3629211000.0,2025-02-28,4750473000.0,,2025-02-28,,2025-02-28
EPAM,2025-12-31,377678000.0,3677226000.0,2026-02-26,4902136000.0,,2026-02-26,,2026-02-26
EQ,2017-03-15,,0.0,2019-03-27,,,,,
EQ,2017-12-31,,-2252085.0,2019-03-27,7151443.0,,2019-03-27,,
EQ,2018-12-31,-13250475.0,64935136.0,2019-03-27,67162643.0,,2019-03-27,,2019-03-27
EQ,2019-12-31,-25600000.0,41848000.0,2020-03-26,55539000.0,,2020-03-26,,2020-03-26
EQ,2020-12-31,-29813000.0,69854000.0,2021-03-24,85428000.0,,2021-03-24,,2021-03-24
EQ,2021-12-31,-39052000.0,66505000.0,2022-03-23,85405000.0,,2022-03-23,,2022-03-23
EQ,2022-12-31,-62428000.0,31942000.0,2023-03-23,78421000.0,15759000.0,2023-03-23,2023-03-23,2023-03-23
EQ,2023-12-31,-13335000.0,22573000.0,2024-03-25,50530000.0,36084000.0,2024-03-25,2024-03-25,2024-03-25
EQ,2024-12-31,-8067000.0,19061000.0,2025-03-27,25604000.0,41095000.0,2025-03-27,2025-03-27,2025-03-27
EQ,2025-12-31,-22398000.0,28597000.0,2026-03-25,31887000.0,,2026-03-25,,2026-03-25
EQIX,2007-12-31,,861992000.0,2011-02-25,,,,,
EQIX,2008-12-31,107924000.0,916661000.0,2011-02-25,,704680000.0,,2011-02-25,2011-02-25
EQIX,2009-12-31,69431000.0,1182483000.0,2011-02-25,3038150000.0,882509000.0,2011-02-25,2011-02-25,2011-02-25
EQIX,2010-12-31,36881000.0,1880515000.0,2011-02-25,4448009000.0,1220334000.0,2011-02-25,2011-02-25,2011-02-25
EQIX,2011-12-31,94004000.0,1952212000.0,2012-02-24,5785324000.0,1606842000.0,2012-02-24,2012-02-24,2012-02-24
EQIX,2012-12-31,144666000.0,2335273000.0,2013-02-26,6132964000.0,1895744000.0,2013-02-26,2013-02-26,2013-02-26
EQIX,2013-12-31,94685000.0,2459064000.0,2014-02-28,7492359000.0,2152766000.0,2014-02-28,2014-02-28,2014-02-28
EQIX,2014-12-31,-259547000.0,2270131000.0,2015-03-02,7817433000.0,2443776000.0,2015-03-02,2015-03-02,2015-03-02
EQIX,2015-12-31,187774000.0,2745386000.0,2016-02-26,10356695000.0,2725867000.0,2016-02-26,2016-02-26,2016-02-26
EQIX,2016-12-31,126800000.0,4365829000.0,2017-02-27,12608371000.0,3611989000.0,2017-02-27,2017-02-27,2017-02-27
EQIX,2017-12-31,232982000.0,6849790000.0,2018-02-26,18691457000.0,4368428000.0,2018-02-26,2018-02-26,2018-02-26
EQIX,2018-12-31,365359000.0,7219279000.0,2019-02-22,20244638000.0,5071654000.0,2019-02-22,2019-02-22,2019-02-22
EQIX,2019-12-31,507450000.0,8840606000.0,2020-02-21,23965615000.0,5562140000.0,2020-02-21,2020-02-21,2020-02-21
EQIX,2020-12-31,369777000.0,10633988000.0,2021-02-19,27006841000.0,5998545000.0,2021-02-19,2021-02-19,2021-02-19
EQIX,2021-12-31,500191000.0,10882082000.0,2022-02-18,27918698000.0,,2022-02-18,,2022-02-18
EQIX,2022-12-31,704345000.0,11505966000.0,2023-02-17,30310742000.0,,2023-02-17,,2023-02-17
EQIX,2023-12-31,969178000.0,12488894000.0,2024-02-16,32650724000.0,,2024-02-16,,2024-02-16
EQIX,2024-12-31,815000000.0,13528000000.0,2025-02-12,35085000000.0,,2025-02-12,,2025-02-12
EQIX,2025-12-31,1350000000.0,14156000000.0,2026-02-11,40141000000.0,,2026-02-11,,2026-02-11
EQT,2008-12-31,,2050093000.0,2012-02-16,5329662000.0,,2010-02-18,,
EQT,2009-12-31,,2151030000.0,2012-02-16,5957257000.0,,2010-02-18,,
EQT,2010-12-31,,3078696000.0,2012-02-16,7098438000.0,,2011-02-24,,
EQT,2011-12-31,,3593830000.0,2012-02-16,8772719000.0,,2012-02-16,,
EQT,2012-12-31,,3603820000.0,2013-02-21,8849862000.0,,2013-02-21,,
EQT,2013-12-31,390572000.0,4034788000.0,2014-02-20,9792053000.0,,2014-02-20,,2016-02-11
EQT,2014-12-31,386965000.0,4582815000.0,2015-02-12,12064900000.0,,2015-02-12,,2016-02-11
EQT,2015-12-31,85171000.0,5077791000.0,2016-02-11,13976172000.0,,2016-02-11,,2016-02-11
EQT,2016-12-31,-452983000.0,5860281000.0,2017-02-09,15472922000.0,1387054000.0,2017-02-09,2019-02-14,2017-02-09
EQT,2017-12-31,1508529000.0,13319618000.0,2018-02-15,29522604000.0,3091020000.0,2018-02-15,2019-02-14,2018-02-15
EQT,2018-12-31,-2244568000.0,10958229000.0,2019-02-14,20721344000.0,4557868000.0,2019-02-14,2019-02-14,2019-02-14
EQT,2019-12-31,-1221695000.0,9803588000.0,2020-02-27,18809227000.0,4416484000.0,2020-02-27,2020-02-27,2020-02-27
EQT,2020-12-31,-967166000.0,9255240000.0,2021-02-17,18113469000.0,3058843000.0,2021-02-17,2021-02-17,2021-02-17
EQT,2021-12-31,-1155759000.0,10029527000.0,2022-02-10,21607388000.0,3064663000.0,2022-02-10,2022-02-10,2022-02-10
EQT,2022-12-31,1770965000.0,11172474000.0,2023-02-16,22669926000.0,7497689000.0,2023-02-16,2023-02-16,2023-02-16
EQT,2023-12-31,1735232000.0,14773200000.0,2024-02-14,25285098000.0,6908923000.0,2024-02-14,2024-02-14,2024-02-14
EQT,2024-12-31,230577000.0,20597628000.0,2025-02-19,39830255000.0,5273309000.0,2025-02-19,2025-02-19,2025-02-19
EQT,2025-12-31,2039247000.0,23752677000.0,2026-02-18,41792874000.0,8644211000.0,2026-02-18,2026-02-18,2026-02-18
ES,2009-12-31,335592000.0,,,,5439430000.0,,2012-02-24,2012-02-24
ES,2010-12-31,394107000.0,3811176000.0,2012-02-24,14472601000.0,4898167000.0,2012-02-24,2012-02-24,2012-02-24
ES,2011-12-31,400513000.0,4012670000.0,2012-02-24,15647066000.0,4465657000.0,2012-02-24,2012-02-24,2012-02-24
ES,2012-12-31,533077000.0,9237050000.0,2013-02-28,28302824000.0,6273787000.0,2013-02-28,2013-02-28,2013-02-28
ES,2013-12-31,793689000.0,9611528000.0,2014-02-25,27795537000.0,7301204000.0,2014-02-25,2014-02-25,2014-02-25
ES,2014-12-31,827065000.0,9976815000.0,2015-02-25,29777975000.0,7741856000.0,2015-02-25,2015-02-25,2015-02-25
ES,2015-12-31,886004000.0,10352215000.0,2016-02-26,30580309000.0,7954827000.0,2016-02-26,2016-02-26,2016-02-26
ES,2016-12-31,949821000.0,10711734000.0,2017-02-23,32053173000.0,7639129000.0,2017-02-23,2017-02-23,2017-02-23
ES,2017-12-31,995515000.0,11086242000.0,2018-02-26,36220386000.0,7751952000.0,2018-02-26,2018-02-26,2018-02-26
ES,2018-12-31,1040519000.0,11486817000.0,2019-02-26,38241256000.0,8448201000.0,2019-02-26,2019-02-26,2019-02-26
ES,2019-12-31,916572000.0,12629994000.0,2020-02-27,41123915000.0,8526470000.0,2020-02-27,2020-02-27,2020-02-27
ES,2020-12-31,1212686000.0,14063566000.0,2021-02-17,46099598000.0,8904430000.0,2021-02-17,2021-02-17,2021-02-17
ES,2021-12-31,1228046000.0,14599844000.0,2022-02-17,48492144000.0,9863085000.0,2022-02-17,2022-02-17,2022-02-17
ES,2022-12-31,1412394000.0,15473158000.0,2023-02-15,53230900000.0,12289336000.0,2023-02-15,2023-02-15,2023-02-15
ES,2023-12-31,-434700000.0,14173892000.0,2024-02-14,55612245000.0,11910705000.0,2024-02-14,2024-02-14,2024-02-14
ES,2024-12-31,,15039387000.0,2025-02-14,59594529000.0,11900809000.0,2025-02-14,2025-02-14,
ES,2025-12-31,,16197271000.0,2026-02-17,63786711000.0,13547244000.0,2026-02-17,2026-02-17,
ESS,2008-12-31,62140000.0,,,,,,,2011-02-25
ESS,2009-12-31,37108000.0,1053096000.0,2011-02-25,3254637000.0,,2011-02-25,,2011-02-25
ESS,2010-12-31,35934000.0,1149946000.0,2011-02-25,3732887000.0,,2011-02-25,,2011-02-25
ESS,2011-12-31,47070000.0,1437527000.0,2012-02-27,4036964000.0,,2012-02-27,,2012-02-27
ESS,2012-12-31,125284000.0,1764804000.0,2013-02-25,4847223000.0,,2013-02-25,,2013-02-25
ESS,2013-12-31,156283000.0,1884619000.0,2014-02-26,5186839000.0,,2014-02-26,,2014-02-26
ESS,2014-12-31,122150000.0,6022672000.0,2015-03-02,11562874000.0,,2015-03-02,,2015-03-02
ESS,2015-12-31,232120000.0,6237733000.0,2016-02-26,12005091000.0,,2016-02-26,,2016-02-26
ESS,2016-12-31,414979000.0,6192178000.0,2017-02-24,12217408000.0,,2017-02-24,,2017-02-24
ESS,2017-12-31,433059000.0,6277406000.0,2018-02-22,12495706000.0,1363899000.0,2018-02-22,2020-02-20,2018-02-22
ESS,2018-12-31,390153000.0,6267073000.0,2019-02-21,12383596000.0,1400053000.0,2019-02-21,2020-02-20,2019-02-21
ESS,2019-12-31,,6220427000.0,2020-02-20,12705405000.0,1460155000.0,2020-02-20,2020-02-20,
ESS,2020-12-31,,6000410000.0,2021-02-19,12936177000.0,1495748000.0,2021-02-19,2021-02-19,
ESS,2021-12-31,,5993603000.0,2022-02-25,12997873000.0,1440556000.0,2022-02-25,2022-02-25,
ESS,2022-12-31,,5716372000.0,2023-02-23,12372905000.0,1606814000.0,2023-02-23,2023-02-23,
ESS,2023-12-31,,5422746000.0,2024-02-23,12361427000.0,1669395000.0,2024-02-23,2024-02-23,
ESS,2024-12-31,,5537046000.0,2025-02-21,12927359000.0,1774450000.0,2025-02-21,2025-02-21,
ESS,2025-12-31,,5541372000.0,2026-02-20,13159009000.0,1887345000.0,2026-02-20,2026-02-20,
ETN,2010-12-31,929000000.0,,,17252000000.0,,2013-02-28,,2013-02-28
ETN,2011-12-31,1350000000.0,7469000000.0,2013-02-28,17873000000.0,0.0,2013-02-28,2014-02-26,2013-02-28
ETN,2012-12-31,1217000000.0,15086000000.0,2013-02-28,35848000000.0,0.0,2013-02-28,2014-02-26,2013-02-28
ETN,2013-12-31,,16791000000.0,2014-02-26,35491000000.0,0.0,2014-02-26,2014-02-26,
ETN,2014-12-31,,15786000000.0,2015-02-26,33529000000.0,0.0,2015-02-26,2015-02-26,
ETN,2015-12-31,,15186000000.0,2016-02-24,31031000000.0,0.0,2016-02-24,2016-02-24,
ETN,2016-12-31,,14897000000.0,2017-02-22,30419000000.0,0.0,2017-02-22,2017-02-22,
ETN,2017-12-31,,17253000000.0,2018-02-28,32623000000.0,,2018-02-28,,
ETN,2018-01-01,,17251000000.0,2019-02-27,,,,,
ETN,2018-12-31,2145000000.0,16107000000.0,2019-02-27,31092000000.0,,2019-02-27,,2019-02-27
ETN,2019-12-31,2211000000.0,16082000000.0,2020-02-26,32805000000.0,,2020-02-26,,2021-02-24
ETN,2020-12-31,1410000000.0,14930000000.0,2021-02-24,31824000000.0,,2021-02-24,,2021-02-24
ETN,2021-12-31,2144000000.0,16413000000.0,2022-02-23,34027000000.0,,2022-02-23,,2022-02-23
ETN,2022-12-31,2462000000.0,17038000000.0,2023-02-23,35014000000.0,,2023-02-23,,2023-02-23
ETN,2023-12-31,3218000000.0,19036000000.0,2024-02-29,38432000000.0,,2024-02-29,,2024-02-29
ETN,2024-12-31,3794000000.0,18488000000.0,2025-02-27,38381000000.0,,2025-02-27,,2025-02-27
ETN,2025-12-31,4087000000.0,19425000000.0,2026-02-26,41251000000.0,,2026-02-26,,2026-02-26
ETR,2008-12-31,1220566000.0,,,,,,,2011-02-28
ETR,2009-12-31,1231092000.0,8613360000.0,2011-02-28,37561953000.0,10745650000.0,2011-02-28,2012-02-28,2011-02-28
ETR,2010-12-31,1250242000.0,8496400000.0,2011-02-28,38685276000.0,11487577000.0,2011-02-28,2012-02-28,2011-02-28
ETR,2011-12-31,1346439000.0,8961270000.0,2012-02-28,40701699000.0,11229073000.0,2012-02-28,2012-02-28,2012-02-28
ETR,2012-12-31,846673000.0,9197089000.0,2013-02-27,43202502000.0,10302079000.0,2013-02-27,2013-02-27,2013-02-27
ETR,2013-12-31,711902000.0,9632466000.0,2014-02-27,43406446000.0,,2014-02-27,,2014-02-27
ETR,2014-12-31,940721000.0,10007725000.0,2015-02-26,46527854000.0,,2015-02-26,,2015-02-26
ETR,2015-12-31,-176562000.0,9256791000.0,2016-02-26,44647681000.0,,2016-02-26,,2016-02-26
ETR,2016-12-31,-583618000.0,8081809000.0,2017-02-24,45904434000.0,,2017-02-24,,2017-02-24
ETR,2017-12-31,411612000.0,7992515000.0,2018-02-26,46707149000.0,,2018-02-26,,2018-02-26
ETR,2018-12-31,848661000.0,8844305000.0,2019-02-26,48275066000.0,,2019-02-26,,2019-02-26
ETR,2019-12-31,1241226000.0,10223675000.0,2020-02-21,51723912000.0,,2020-02-21,,2020-02-21
ETR,2020-12-31,1388334000.0,10926142000.0,2021-02-26,58239212000.0,,2021-02-26,,2021-02-26
ETR,2021-12-31,1118492000.0,11637284000.0,2022-02-25,59454242000.0,,2022-02-25,,2022-02-25
ETR,2022-12-31,1103166000.0,12966985000.0,2023-02-24,58595191000.0,13764237000.0,2023-02-24,2025-02-18,2023-02-24
ETR,2023-12-31,2356536000.0,14622647000.0,2024-02-23,59703396000.0,12147412000.0,2024-02-23,2025-02-18,2024-02-23
ETR,2024-12-31,,15083908000.0,2025-02-18,64790032000.0,11879653000.0,2025-02-18,2025-02-18,
ETR,2025-12-31,,16923076000.0,2026-02-19,71890730000.0,12946686000.0,2026-02-19,2026-02-19,
ETSY,2012-12-31,,-652000.0,2016-03-01,,,,,
ETSY,2013-12-31,-796000.0,4003000.0,2016-03-01,,125022000.0,,2016-03-01,2016-03-01
ETSY,2014-12-31,-15243000.0,67088000.0,2016-03-01,246203000.0,195591000.0,2016-03-01,2016-03-01,2016-03-01
ETSY,2015-12-31,-54063000.0,330498000.0,2016-03-01,553061000.0,273499000.0,2016-03-01,2016-03-01,2016-03-01
ETSY,2016-12-31,-29901000.0,344757000.0,2017-02-28,581193000.0,364967000.0,2017-02-28,2017-02-28,2017-02-28
ETSY,2017-12-31,81800000.0,396894000.0,2018-03-01,605583000.0,441231000.0,2018-03-01,2018-03-01,2018-03-01
ETSY,2018-12-31,77491000.0,400898000.0,2019-02-28,901851000.0,,2019-02-28,,2019-02-28
ETSY,2019-12-31,95894000.0,406634000.0,2020-02-27,1542352000.0,,2020-02-27,,2020-02-27
ETSY,2020-12-31,349246000.0,742424000.0,2021-02-26,2404489000.0,,2021-02-26,,2021-02-26
ETSY,2021-12-31,493507000.0,628619000.0,2022-02-25,3831809000.0,,2022-02-25,,2022-02-25
ETSY,2022-12-31,-694288000.0,-547274000.0,2023-02-23,2634961000.0,,2023-02-23,,2023-02-23
ETSY,2023-12-31,307568000.0,-543715000.0,2024-02-22,2685400000.0,,2024-02-22,,2024-02-22
ETSY,2024-12-31,303281000.0,-758866000.0,2025-02-19,2417782000.0,,2025-02-19,,2025-02-19
ETSY,2025-12-31,162982000.0,-1098095000.0,2026-02-19,2827254000.0,,2026-02-19,,2026-02-19
EVRG,2016-12-31,346600000.0,,,,2562100000.0,,2019-02-22,2019-02-22
EVRG,2017-12-31,323900000.0,3908100000.0,2019-02-22,11624400000.0,2571000000.0,2019-02-22,2019-02-22,2019-02-22
EVRG,2018-12-31,535800000.0,10028200000.0,2019-02-22,25598100000.0,4275900000.0,2019-02-22,2019-02-22,2019-02-22
EVRG,2019-12-31,669900000.0,8571900000.0,2020-03-02,25975900000.0,5147800000.0,2020-03-02,2020-03-02,2020-03-02
EVRG,2020-12-31,618300000.0,8733400000.0,2021-02-26,27114800000.0,4913400000.0,2021-02-26,2021-02-26,2021-02-26
EVRG,2021-12-31,879700000.0,9244400000.0,2022-02-25,28520500000.0,5586700000.0,2022-02-25,2022-02-25,2022-02-25
EVRG,2022-12-31,752700000.0,9483700000.0,2023-02-24,29489900000.0,5859100000.0,2023-02-24,2023-02-24,2023-02-24
EVRG,2023-12-31,731300000.0,9663100000.0,2024-02-29,30976100000.0,5508200000.0,2024-02-29,2024-02-29,2024-02-29
EVRG,2024-12-31,873500000.0,9955000000.0,2025-02-27,32282100000.0,5847300000.0,2025-02-27,2025-02-27,2025-02-27
EVRG,2025-12-31,855600000.0,10221300000.0,2026-02-19,33948500000.0,5961600000.0,2026-02-19,2026-02-19,2026-02-19
EW,2008-12-31,,878800000.0,2012-02-27,,1237700000.0,,2011-02-28,
EW,2009-12-31,,1157900000.0,2012-02-27,1615500000.0,1321400000.0,2011-02-28,2011-02-28,
EW,2010-12-31,,1308200000.0,2012-02-27,1767200000.0,1447000000.0,2011-02-28,2011-02-28,
EW,2011-12-31,,1337900000.0,2012-02-27,1980500000.0,1678600000.0,2012-02-27,2012-02-27,
EW,2012-12-31,,1479300000.0,2013-02-28,2221500000.0,1899600000.0,2013-02-28,2013-02-28,
EW,2013-12-31,,1559200000.0,2014-02-28,2724700000.0,2045500000.0,2014-02-28,2014-02-28,
EW,2014-12-31,,2191400000.0,2015-02-20,3524300000.0,2322900000.0,2015-02-20,2015-02-20,
EW,2015-12-31,,2503100000.0,2016-02-19,4059300000.0,2493700000.0,2016-02-19,2016-02-19,
EW,2016-12-31,,2619000000.0,2017-02-17,4510000000.0,2963700000.0,2017-02-17,2017-02-17,
EW,2017-12-31,,2956200000.0,2018-02-16,5695800000.0,3435300000.0,2018-02-16,2018-02-16,
EW,2018-12-31,,3140400000.0,2019-02-15,5323700000.0,,2019-02-15,,
EW,2019-12-31,,4148300000.0,2020-02-14,6488100000.0,,2020-02-14,,
EW,2020-12-31,,4574300000.0,2021-02-12,7237100000.0,,2021-02-12,,
EW,2021-12-31,1503100000.0,5835900000.0,2022-02-14,8502600000.0,,2022-02-14,,2024-02-12
EW,2022-12-31,1521900000.0,5806700000.0,2023-02-13,8292500000.0,,2023-02-13,,2024-02-12
EW,2023-12-31,1402400000.0,6650000000.0,2024-02-12,9363200000.0,,2024-02-12,,2024-02-12
EW,2024-12-31,4174600000.0,9998400000.0,2025-02-28,13055300000.0,,2025-02-28,,2025-02-28
EW,2025-12-31,1073500000.0,10337600000.0,2026-02-25,13697200000.0,,2026-02-25,,2026-02-25
EXC,2008-12-31,2737000000.0,,,,18859000000.0,,2011-02-10,2011-02-10
EXC,2009-12-31,2707000000.0,12640000000.0,2011-02-10,49180000000.0,17318000000.0,2011-02-10,2011-02-10,2011-02-10
EXC,2010-12-31,2563000000.0,13560000000.0,2011-02-10,52240000000.0,18644000000.0,2011-02-10,2011-02-10,2011-02-10
EXC,2011-12-31,2495000000.0,14385000000.0,2012-02-09,55092000000.0,18924000000.0,2012-02-09,2012-02-09,2012-02-09
EXC,2012-12-31,1171000000.0,21431000000.0,2013-02-22,78554000000.0,23489000000.0,2013-02-22,2013-02-22,2013-02-22
EXC,2013-12-31,,22732000000.0,2014-02-14,79924000000.0,24888000000.0,2014-02-14,2014-02-14,
EXC,2014-12-31,,22608000000.0,2015-02-13,86814000000.0,27429000000.0,2015-02-13,2015-02-13,
EXC,2015-12-31,,25793000000.0,2016-02-10,95384000000.0,29447000000.0,2016-02-10,2016-02-10,
EXC,2016-12-31,,25837000000.0,2017-02-13,114904000000.0,31360000000.0,2017-02-13,2017-02-13,
EXC,2017-12-31,,29857000000.0,2018-02-09,116700000000.0,33531000000.0,2018-02-09,2018-02-09,
EXC,2018-12-31,,30764000000.0,2019-02-08,119666000000.0,35985000000.0,2019-02-08,2019-02-08,
EXC,2019-12-31,,32224000000.0,2020-02-11,124977000000.0,34438000000.0,2020-02-11,2020-02-11,
EXC,2020-12-31,,32585000000.0,2021-02-24,129317000000.0,33039000000.0,2021-02-24,2021-02-24,
EXC,2021-12-31,,34393000000.0,2022-02-25,133013000000.0,36347000000.0,2022-02-25,2022-02-25,
EXC,2022-12-31,,24744000000.0,2023-02-14,95349000000.0,19078000000.0,2023-02-14,2023-02-14,
EXC,2023-12-31,,25755000000.0,2024-02-21,101546000000.0,21727000000.0,2024-02-21,2024-02-21,
EXC,2024-12-31,,26921000000.0,2025-02-12,107784000000.0,23028000000.0,2025-02-12,2025-02-12,
EXC,2025-12-31,,28798000000.0,2026-02-12,116570000000.0,24258000000.0,2026-02-12,2026-02-12,
EXPD,2007-12-31,269154000.0,,,,5235171000.0,,2010-02-26,2010-02-26
EXPD,2008-12-31,301014000.0,1366418000.0,2010-02-26,2100839000.0,5633878000.0,2010-02-26,2010-02-26,2010-02-26
EXPD,2009-12-31,240217000.0,1553007000.0,2010-02-26,2323722000.0,4092283000.0,2010-02-26,2010-02-26,2010-02-26
EXPD,2010-12-31,344172000.0,1740906000.0,2011-02-28,2679179000.0,5967573000.0,2011-02-28,2011-02-28,2011-02-28
EXPD,2011-12-31,385679000.0,2003638000.0,2012-02-28,2866827000.0,6150498000.0,2012-02-28,2012-02-28,2012-02-28
EXPD,2012-12-31,333360000.0,2027699000.0,2013-02-27,2954125000.0,5980943000.0,2013-02-27,2013-02-27,2013-02-27
EXPD,2013-12-31,348526000.0,2084783000.0,2014-02-27,3014812000.0,6080257000.0,2014-02-27,2014-02-27,2014-02-27
EXPD,2014-12-31,376888000.0,1868408000.0,2015-02-26,2890905000.0,6564721000.0,2015-02-26,2015-02-26,2015-02-26
EXPD,2015-12-31,457223000.0,1691993000.0,2016-02-25,2582438000.0,6616632000.0,2016-02-25,2016-02-25,2016-02-25
EXPD,2016-12-31,430807000.0,1844638000.0,2017-02-23,2790871000.0,6098037000.0,2017-02-23,2017-02-23,2017-02-23
EXPD,2017-12-31,489345000.0,1991858000.0,2018-02-23,3117008000.0,6920948000.0,2018-02-23,2018-02-23,2018-02-23
EXPD,2018-12-31,618199000.0,1986838000.0,2019-02-22,3314559000.0,,2019-02-22,,2019-02-22
EXPD,2019-12-31,590395000.0,2195028000.0,2020-02-21,3691884000.0,,2020-02-21,,2020-02-21
EXPD,2020-12-31,696140000.0,2659637000.0,2021-02-19,4927503000.0,,2021-02-19,,2021-02-19
EXPD,2021-12-31,1415492000.0,3494426000.0,2022-03-15,7609929000.0,,2022-03-15,,2022-03-15
EXPD,2022-12-31,1357399000.0,3110021000.0,2023-03-01,5590434000.0,,2023-03-01,,2023-03-01
EXPD,2023-12-31,752883000.0,2390350000.0,2024-02-23,4523809000.0,,2024-02-23,,2024-02-23
EXPD,2024-12-31,810073000.0,2223012000.0,2025-02-21,4754458000.0,,2025-02-21,,2025-02-21
EXPD,2025-12-31,810332000.0,2355633000.0,2026-02-25,4893638000.0,,2026-02-25,,2026-02-25
EXPE,2008-12-31,-2517763000.0,,,,2937013000.0,,2011-02-11,2011-02-11
EXPE,2009-12-31,299526000.0,2682681000.0,2011-02-11,5937156000.0,2955426000.0,2011-02-11,2011-02-11,2011-02-11
EXPE,2010-12-31,421500000.0,2672544000.0,2011-02-11,6650994000.0,3348109000.0,2011-02-11,2011-02-11,2011-02-11
EXPE,2011-12-31,472294000.0,2199864000.0,2012-02-10,6505258000.0,3449009000.0,2012-02-10,2012-02-10,2012-02-10
EXPE,2012-12-31,280171000.0,2280259000.0,2013-02-06,7085195000.0,4030347000.0,2013-02-06,2013-02-06,2013-02-06
EXPE,2013-12-31,232850000.0,2145464000.0,2014-02-07,7739481000.0,4771259000.0,2014-02-07,2014-02-07,2014-02-07
EXPE,2014-12-31,398097000.0,1784267000.0,2015-02-06,9020538000.0,5763485000.0,2015-02-06,2015-02-06,2015-02-06
EXPE,2015-12-31,764465000.0,4864394000.0,2016-02-11,15503812000.0,6672317000.0,2016-02-11,2016-02-11,2016-02-11
EXPE,2016-12-31,281848000.0,4132301000.0,2017-02-10,15777546000.0,8773564000.0,2017-02-10,2017-02-10,2017-02-10
EXPE,2017-12-31,377964000.0,4522335000.0,2018-02-09,18515628000.0,10059844000.0,2018-02-09,2018-02-09,2018-02-09
EXPE,2018-12-31,406000000.0,4104000000.0,2019-02-08,18033000000.0,,2019-02-08,,2019-02-08
EXPE,2019-12-31,565000000.0,3967000000.0,2020-02-14,21416000000.0,,2020-02-14,,2020-02-14
EXPE,2020-12-31,-2612000000.0,1510000000.0,2021-02-12,18690000000.0,,2021-02-12,,2021-02-12
EXPE,2021-12-31,12000000.0,2057000000.0,2022-02-11,21548000000.0,,2022-02-11,,2022-02-11
EXPE,2022-12-31,352000000.0,2283000000.0,2023-02-10,21561000000.0,,2023-02-10,,2023-02-10
EXPE,2023-12-31,797000000.0,1534000000.0,2024-02-09,21642000000.0,,2024-02-09,,2024-02-09
EXPE,2024-12-31,1234000000.0,1557000000.0,2025-02-07,22388000000.0,,2025-02-07,,2025-02-07
EXPE,2025-12-31,1294000000.0,1284000000.0,2026-02-13,24452000000.0,,2026-02-13,,2026-02-13
EXR,2008-12-31,35781000.0,,,,,,,2011-02-25
EXR,2009-12-31,31977000.0,884179000.0,2011-02-25,2407556000.0,,2011-02-25,,2011-02-25
EXR,2010-12-31,26331000.0,881401000.0,2011-02-25,2248468000.0,,2011-02-25,,2011-02-25
EXR,2011-12-31,50449000.0,1018947000.0,2012-02-29,2516250000.0,,2012-02-29,,2014-03-03
EXR,2012-12-31,117309000.0,1491807000.0,2013-02-28,3223477000.0,,2013-02-28,,2014-03-03
EXR,2013-12-31,172076000.0,1758470000.0,2014-03-03,3977140000.0,,2014-03-03,,2014-03-03
EXR,2014-12-31,178355000.0,1737425000.0,2015-03-02,4402107000.0,,2015-03-02,,2015-03-02
EXR,2015-12-31,189474000.0,2089077000.0,2016-02-29,6071407000.0,,2016-02-29,,2016-02-29
EXR,2016-12-31,366127000.0,2244892000.0,2017-02-27,7091446000.0,991875000.0,2017-02-27,2019-02-26,2017-02-27
EXR,2017-12-31,479013000.0,2350751000.0,2018-03-01,7455137000.0,1105009000.0,2018-03-01,2019-02-26,2018-03-01
EXR,2018-12-31,415289000.0,2413724000.0,2019-02-26,7847978000.0,1196604000.0,2019-02-26,2019-02-26,2019-02-26
EXR,2019-12-31,419967000.0,2539961000.0,2020-02-25,8532377000.0,1308454000.0,2020-02-25,2020-02-25,2020-02-25
EXR,2020-12-31,481779000.0,2547779000.0,2021-02-26,9395848000.0,1356212000.0,2021-02-26,2021-02-26,2021-02-26
EXR,2021-12-31,827649000.0,3116496000.0,2022-02-28,10474477000.0,1577362000.0,2022-02-28,2022-02-28,2022-02-28
EXR,2022-12-31,860688000.0,3259597000.0,2023-02-28,12167458000.0,1924170000.0,2023-02-28,2023-02-28,2023-02-28
EXR,2023-12-31,803198000.0,14390921000.0,2024-02-29,27456262000.0,2560244000.0,2024-02-29,2024-02-29,2024-02-29
EXR,2024-12-31,854681000.0,13947535000.0,2025-02-28,28847926000.0,3256902000.0,2025-02-28,2025-02-28,2025-02-28
EXR,2025-12-31,973999000.0,13433166000.0,2026-02-20,29264046000.0,3377542000.0,2026-02-20,2026-02-20,2026-02-20
F,2007-12-31,-2795000000.0,,,,170572000000.0,,2010-02-25,2010-02-25
F,2008-12-31,-14766000000.0,-15722000000.0,2010-02-25,218298000000.0,145114000000.0,2010-02-25,2010-02-25,2010-02-25
F,2009-12-31,2717000000.0,-7820000000.0,2010-02-25,194850000000.0,118308000000.0,2010-02-25,2010-02-25,2010-02-25
F,2010-12-31,6561000000.0,-673000000.0,2011-02-28,164687000000.0,128954000000.0,2011-02-28,2011-02-28,2011-02-28
F,2011-12-31,20213000000.0,15028000000.0,2012-02-21,178348000000.0,136264000000.0,2012-02-21,2012-02-21,2012-02-21
F,2012-12-31,5665000000.0,15947000000.0,2013-02-19,190554000000.0,134252000000.0,2013-02-19,2013-02-19,2013-02-19
F,2013-12-31,7155000000.0,26383000000.0,2014-02-18,202026000000.0,146917000000.0,2014-02-18,2014-02-18,2014-02-18
F,2014-12-31,3187000000.0,24805000000.0,2015-02-13,208527000000.0,144077000000.0,2015-02-13,2015-02-13,2015-02-13
F,2015-12-31,7373000000.0,28642000000.0,2016-02-11,224925000000.0,149558000000.0,2016-02-11,2016-02-11,2016-02-11
F,2016-12-31,,29170000000.0,2017-02-09,237951000000.0,151800000000.0,2017-02-09,2017-02-09,
F,2017-12-31,,34890000000.0,2018-02-08,257808000000.0,156776000000.0,2018-02-08,2018-02-08,
F,2018-12-31,,35932000000.0,2019-02-21,256540000000.0,160338000000.0,2019-02-21,2019-02-21,
F,2019-12-31,,33185000000.0,2020-02-05,258537000000.0,155900000000.0,2020-02-05,2020-02-05,
F,2020-12-31,,30690000000.0,2021-02-05,267261000000.0,127144000000.0,2021-02-05,2021-02-05,
F,2021-12-31,17937000000.0,48519000000.0,2022-02-04,257035000000.0,136341000000.0,2022-02-04,2022-02-04,2024-02-07
F,2022-12-31,-1981000000.0,43242000000.0,2023-02-03,255884000000.0,158057000000.0,2023-02-03,2023-02-03,2024-02-07
F,2023-12-31,4347000000.0,42773000000.0,2024-02-07,273310000000.0,176191000000.0,2024-02-07,2024-02-07,2024-02-07
F,2024-12-31,5879000000.0,44835000000.0,2025-02-06,285196000000.0,184992000000.0,2025-02-06,2025-02-06,2025-02-06
F,2025-12-31,,35952000000.0,2026-02-11,289160000000.0,,2026-02-11,,
FANG,2010-12-31,8231000.0,,,,,,,2013-03-01
FANG,2011-12-31,-386000.0,,,263578000.0,,2013-03-01,,2013-03-01
FANG,2012-12-31,-36521000.0,462068000.0,2014-02-19,606701000.0,,2013-03-01,,2013-03-01
FANG,2013-12-31,54587000.0,845541000.0,2014-02-19,1521614000.0,,2014-02-19,,2014-02-19
FANG,2014-12-31,193755000.0,1751011000.0,2015-02-20,3095481000.0,,2015-02-20,,2015-02-20
FANG,2015-12-31,-550628000.0,1875972000.0,2016-02-19,2758412000.0,,2016-02-19,,2016-02-19
FANG,2016-12-31,-165034000.0,3697462000.0,2017-02-15,5349680000.0,,2017-02-15,,2017-02-15
FANG,2017-12-31,482261000.0,5254860000.0,2018-02-15,7770985000.0,1205000000.0,2018-02-15,2020-02-27,2018-02-15
FANG,2018-12-31,845672000.0,13699287000.0,2019-02-25,21595687000.0,2176000000.0,2019-02-25,2020-02-27,2019-02-25
FANG,2019-12-31,240000000.0,13249000000.0,2020-02-27,23531000000.0,3964000000.0,2020-02-27,2020-02-27,2020-02-27
FANG,2020-12-31,-4517000000.0,8794000000.0,2021-02-25,17619000000.0,2813000000.0,2021-02-25,2021-02-25,2021-02-25
FANG,2021-12-31,2182000000.0,12088000000.0,2022-02-24,22898000000.0,6797000000.0,2022-02-24,2022-02-24,2022-02-24
FANG,2022-12-31,4386000000.0,15009000000.0,2023-02-23,26209000000.0,9643000000.0,2023-02-23,2023-02-23,2023-02-23
FANG,2023-12-31,3143000000.0,16625000000.0,2024-02-22,29001000000.0,8412000000.0,2024-02-22,2024-02-22,2024-02-22
FANG,2024-12-31,3338000000.0,37736000000.0,2025-02-26,67292000000.0,11066000000.0,2025-02-26,2025-02-26,2025-02-26
FANG,2025-12-31,1664000000.0,36972000000.0,2026-02-25,71059000000.0,15026000000.0,2026-02-25,2026-02-25,2026-02-25
FAST,2006-12-31,,922093000.0,2010-02-09,,,,,
FAST,2007-12-31,232622000.0,1010161000.0,2010-02-09,,2061819000.0,,2010-02-09,2010-02-09
FAST,2008-12-31,279705000.0,1142259000.0,2010-02-09,1304149000.0,2340425000.0,2010-02-09,2010-02-09,2010-02-09
FAST,2009-12-31,184357000.0,1190843000.0,2010-02-09,1327358000.0,1930330000.0,2010-02-09,2010-02-09,2010-02-09
FAST,2010-12-31,265356000.0,1282512000.0,2011-02-09,1468283000.0,2269471000.0,2011-02-09,2011-02-09,2011-02-09
FAST,2011-12-31,357929000.0,1458976000.0,2012-02-09,1684948000.0,2766859000.0,2012-02-09,2012-02-09,2012-02-09
FAST,2012-12-31,420536000.0,1560360000.0,2013-02-07,1815832000.0,3133577000.0,2013-02-07,2013-02-07,2013-02-07
FAST,2013-12-31,448636000.0,1772697000.0,2014-02-06,2075784000.0,3326106000.0,2014-02-06,2014-02-06,2014-02-06
FAST,2014-12-31,494150000.0,1915217000.0,2015-02-05,2359102000.0,3733507000.0,2015-02-05,2015-02-05,2015-02-05
FAST,2015-12-31,516361000.0,1801289000.0,2016-02-05,2532462000.0,3869187000.0,2016-02-05,2016-02-05,2016-02-05
FAST,2016-12-31,499478000.0,1933094000.0,2017-02-06,2668884000.0,3962036000.0,2017-02-06,2017-02-06,2017-02-06
FAST,2017-12-31,578600000.0,2096900000.0,2018-02-05,2910500000.0,4390500000.0,2018-02-05,2018-02-05,2018-02-05
FAST,2018-12-31,751900000.0,2302700000.0,2019-02-06,3321500000.0,,2019-02-06,,2019-02-06
FAST,2019-12-31,790900000.0,2665600000.0,2020-02-06,3799900000.0,,2020-02-06,,2020-02-06
FAST,2020-12-31,859100000.0,2733200000.0,2021-02-08,3964700000.0,,2021-02-08,,2021-02-08
FAST,2021-12-31,925000000.0,3042200000.0,2022-02-07,4299000000.0,,2022-02-07,,2022-02-07
FAST,2022-12-31,1086900000.0,3163200000.0,2023-02-07,4548600000.0,,2023-02-07,,2023-02-07
FAST,2023-12-31,1155000000.0,3348800000.0,2024-02-06,4462900000.0,,2024-02-06,,2024-02-06
FAST,2024-12-31,1150600000.0,3616300000.0,2025-02-06,4698000000.0,,2025-02-06,,2025-02-06
FAST,2025-12-31,1258400000.0,3943600000.0,2026-02-05,5052900000.0,,2026-02-05,,2026-02-05
FCX,2008-12-31,,5773000000.0,2010-02-26,23353000000.0,,2010-02-26,,
FCX,2009-12-31,,9119000000.0,2010-02-26,25996000000.0,,2010-02-26,,
FCX,2010-12-31,,12504000000.0,2011-02-25,29386000000.0,,2011-02-25,,
FCX,2011-12-31,,15642000000.0,2012-02-27,32070000000.0,,2012-02-27,,
FCX,2012-12-31,,17543000000.0,2013-02-22,35440000000.0,,2013-02-22,,
FCX,2013-12-31,,20934000000.0,2014-02-27,63473000000.0,,2014-02-27,,
FCX,2014-12-31,,18287000000.0,2015-02-27,58795000000.0,20001000000.0,2015-02-27,2017-02-24,
FCX,2015-12-31,,7828000000.0,2016-02-26,46577000000.0,14607000000.0,2016-02-26,2017-02-24,
FCX,2016-12-31,,6051000000.0,2017-02-24,37317000000.0,14830000000.0,2017-02-24,2017-02-24,
FCX,2017-12-31,,7977000000.0,2018-02-20,37302000000.0,16403000000.0,2018-02-20,2018-02-20,
FCX,2018-12-31,,9798000000.0,2019-02-15,42216000000.0,18628000000.0,2019-02-15,2019-02-15,
FCX,2019-12-31,,9298000000.0,2020-02-14,40809000000.0,14402000000.0,2020-02-14,2020-02-14,
FCX,2020-12-31,,10174000000.0,2021-02-16,42144000000.0,14198000000.0,2021-02-16,2021-02-16,
FCX,2021-12-31,,13980000000.0,2022-02-15,48022000000.0,22845000000.0,2022-02-15,2022-02-15,
FCX,2022-12-31,,15555000000.0,2023-02-15,51093000000.0,22780000000.0,2023-02-15,2023-02-15,
FCX,2023-12-31,,16693000000.0,2024-02-16,52506000000.0,22855000000.0,2024-02-16,2024-02-16,
FCX,2024-12-31,,17581000000.0,2025-02-14,54848000000.0,25455000000.0,2025-02-14,2025-02-14,
FCX,2025-12-31,,18899000000.0,2026-02-13,58167000000.0,25915000000.0,2026-02-13,2026-02-13,
FDS,2008-08-31,,465471000.0,2011-10-31,,,,,
FDS,2009-08-31,144950000.0,500829000.0,2011-10-31,633952000.0,622023000.0,2011-10-31,2011-10-31,2011-10-31
FDS,2010-08-31,150211000.0,502406000.0,2011-10-31,644608000.0,641059000.0,2011-10-31,2011-10-31,2011-10-31
FDS,2011-08-31,171046000.0,515188000.0,2011-10-31,657440000.0,726510000.0,2011-10-31,2011-10-31,2011-10-31
FDS,2012-08-31,188809000.0,552264000.0,2012-10-30,694143000.0,805793000.0,2012-10-30,2012-10-30,2012-10-30
FDS,2013-08-31,198637000.0,541779000.0,2013-10-30,690197000.0,858112000.0,2013-10-30,2013-10-30,2013-10-30
FDS,2014-08-31,211543000.0,511082000.0,2014-10-30,663212000.0,920335000.0,2014-10-30,2014-10-30,2014-10-30
FDS,2015-08-31,241051000.0,531584000.0,2015-11-02,736671000.0,1006768000.0,2015-11-02,2015-11-02,2015-11-02
FDS,2016-08-31,338815000.0,517381000.0,2016-10-31,1019161000.0,1127092000.0,2016-10-31,2016-10-31,2016-10-31
FDS,2017-08-31,258259000.0,559691000.0,2017-10-30,1413315000.0,1221179000.0,2017-10-30,2017-10-30,2017-10-30
FDS,2018-08-31,267085000.0,525900000.0,2018-10-30,1419448000.0,1350145000.0,2018-10-30,2018-10-30,2018-10-30
FDS,2019-08-31,352790000.0,672256000.0,2019-10-30,1560130000.0,1435351000.0,2019-10-30,2019-10-30,2019-10-30
FDS,2020-08-31,372938000.0,896375000.0,2020-10-29,2083388000.0,,2020-10-29,,2020-10-29
FDS,2021-08-31,399590000.0,1016353000.0,2021-10-22,2224940000.0,,2021-10-22,,2021-10-22
FDS,2022-08-31,396917000.0,1331408000.0,2022-10-21,4014305000.0,,2022-10-21,,2022-10-21
FDS,2023-08-31,468173000.0,1619930000.0,2023-10-27,3962922000.0,,2023-10-27,,2023-10-27
FDS,2024-08-31,537126000.0,1912460000.0,2024-10-29,4055040000.0,,2024-10-29,,2024-10-29
FDS,2025-08-31,597040000.0,2186413000.0,2025-10-22,4304272000.0,,2025-10-22,,2025-10-22
FDX,2007-05-31,,12656000000.0,2010-07-15,,,,,
FDX,2008-05-31,1125000000.0,14851000000.0,2010-07-15,,37953000000.0,,2010-07-15,2010-07-15
FDX,2009-05-31,98000000.0,13626000000.0,2010-07-15,24244000000.0,35497000000.0,2010-07-15,2010-07-15,2010-07-15
FDX,2010-05-31,1184000000.0,13811000000.0,2010-07-15,24902000000.0,34734000000.0,2010-07-15,2010-07-15,2010-07-15
FDX,2011-05-31,1452000000.0,15220000000.0,2011-07-12,27385000000.0,39304000000.0,2011-07-12,2011-07-12,2011-07-12
FDX,2012-05-31,2032000000.0,14727000000.0,2012-07-16,29903000000.0,42680000000.0,2012-07-16,2012-07-16,2012-07-16
FDX,2013-05-31,1561000000.0,17398000000.0,2013-07-15,33567000000.0,44287000000.0,2013-07-15,2013-07-15,2013-07-15
FDX,2014-05-31,2097000000.0,15277000000.0,2014-07-14,33070000000.0,45567000000.0,2014-07-14,2014-07-14,2014-07-14
FDX,2015-05-31,1050000000.0,14993000000.0,2015-07-14,37069000000.0,47453000000.0,2015-07-14,2015-07-14,2015-07-14
FDX,2016-05-31,1820000000.0,13784000000.0,2016-07-18,46064000000.0,50365000000.0,2016-07-18,2016-07-18,2016-07-18
FDX,2017-05-31,2997000000.0,16073000000.0,2017-07-17,48552000000.0,60319000000.0,2017-07-17,2017-07-17,2017-07-17
FDX,2018-05-31,4572000000.0,19416000000.0,2018-07-16,52330000000.0,65450000000.0,2018-07-16,2018-07-16,2018-07-16
FDX,2019-05-31,540000000.0,17757000000.0,2019-07-16,54403000000.0,,2019-07-16,,2019-07-16
FDX,2020-05-31,1286000000.0,18295000000.0,2020-07-20,73537000000.0,,2020-07-20,,2020-07-20
FDX,2021-05-31,5231000000.0,24168000000.0,2021-07-19,82777000000.0,,2021-07-19,,2021-07-19
FDX,2022-05-31,3826000000.0,24939000000.0,2022-07-18,85994000000.0,,2022-07-18,,2022-07-18
FDX,2023-05-31,3972000000.0,26088000000.0,2023-07-17,87143000000.0,,2023-07-17,,2023-07-17
FDX,2024-05-31,4331000000.0,27582000000.0,2024-07-15,87007000000.0,,2024-07-15,,2024-07-15
FDX,2025-05-31,4092000000.0,28074000000.0,2025-07-21,87627000000.0,,2025-07-21,,2025-07-21
FDX,2026-05-31,4433000000.0,31647000000.0,2026-07-20,98937000000.0,,2026-07-20,,2026-07-20
FE,2007-12-31,1309000000.0,,,,12802000000.0,,2010-02-19,2010-02-19
FE,2008-12-31,1342000000.0,8283000000.0,2010-02-19,33521000000.0,13627000000.0,2010-02-19,2010-02-19,2010-02-19
FE,2009-12-31,1006000000.0,8559000000.0,2010-02-19,34304000000.0,12967000000.0,2010-02-19,2010-02-19,2010-02-19
FE,2010-12-31,784000000.0,8545000000.0,2011-02-16,34805000000.0,,2011-02-16,,2011-02-16
FE,2011-12-31,885000000.0,13280000000.0,2012-02-28,47326000000.0,,2012-02-28,,2012-02-28
FE,2012-12-31,770000000.0,13084000000.0,2013-02-25,50406000000.0,15253000000.0,2013-02-25,2015-02-17,2013-02-25
FE,2013-12-31,392000000.0,12692000000.0,2014-02-27,50424000000.0,14892000000.0,2014-02-27,2015-02-17,2014-02-27
FE,2014-12-31,299000000.0,12420000000.0,2015-02-17,52166000000.0,15049000000.0,2015-02-17,2015-02-17,2015-02-17
FE,2015-12-31,578000000.0,12421000000.0,2016-02-16,52187000000.0,15026000000.0,2016-02-16,2016-02-16,2016-02-16
FE,2016-12-31,-6177000000.0,6241000000.0,2017-02-21,43148000000.0,14562000000.0,2017-02-21,2017-02-21,2017-02-21
FE,2017-12-31,-1724000000.0,3925000000.0,2019-02-19,42257000000.0,14017000000.0,2018-02-20,2018-02-20,2018-02-20
FE,2018-12-31,1348000000.0,6814000000.0,2019-02-19,40063000000.0,11261000000.0,2019-02-19,2019-02-19,2019-02-19
FE,2019-12-31,912000000.0,6975000000.0,2020-02-10,42301000000.0,11035000000.0,2020-02-10,2020-02-10,2020-02-10
FE,2020-12-31,1079000000.0,7237000000.0,2021-02-18,44464000000.0,10790000000.0,2021-02-18,2021-02-18,2021-02-18
FE,2021-12-31,1283000000.0,8675000000.0,2022-02-16,45432000000.0,11132000000.0,2022-02-16,2022-02-16,2022-02-16
FE,2022-12-31,406000000.0,10166000000.0,2023-02-13,46108000000.0,12459000000.0,2023-02-13,2023-02-13,2023-02-13
FE,2023-12-31,1102000000.0,10437000000.0,2024-02-13,48767000000.0,12870000000.0,2024-02-13,2024-02-13,2024-02-13
FE,2024-12-31,978000000.0,12455000000.0,2025-02-27,52044000000.0,13472000000.0,2025-02-27,2025-02-27,2025-02-27
FE,2025-12-31,1020000000.0,12510000000.0,2026-02-18,55904000000.0,15090000000.0,2026-02-18,2026-02-18,2026-02-18
FFIV,2007-09-30,,770577000.0,2010-11-23,,,,,
FFIV,2008-09-30,74331000.0,718259000.0,2010-11-23,,650173000.0,,2010-11-23,2010-11-23
FFIV,2009-09-30,91535000.0,799020000.0,2010-11-23,1068645000.0,653079000.0,2010-11-23,2010-11-23,2010-11-23
FFIV,2010-09-30,151153000.0,1003698000.0,2010-11-23,1362192000.0,881972000.0,2010-11-23,2010-11-23,2010-11-23
FFIV,2011-09-30,241397000.0,1105436000.0,2011-11-22,1568549000.0,1151834000.0,2011-11-22,2011-11-22,2011-11-22
FFIV,2012-09-30,275186000.0,1329400000.0,2012-11-21,1911201000.0,1377247000.0,2012-11-21,2012-11-21,2012-11-21
FFIV,2013-09-30,277314000.0,1538712000.0,2013-11-22,2230554000.0,1481314000.0,2013-11-22,2013-11-22,2013-11-22
FFIV,2014-09-30,311183000.0,1369310000.0,2014-11-26,2184950000.0,1732046000.0,2014-11-26,2014-11-26,2014-11-26
FFIV,2015-09-30,365014000.0,1316728000.0,2015-11-06,2312290000.0,1919823000.0,2015-11-06,2015-11-06,2015-11-06
FFIV,2016-09-30,365855000.0,1185262000.0,2016-11-04,2306323000.0,1995034000.0,2016-11-04,2016-11-04,2016-11-04
FFIV,2017-09-30,420761000.0,1229392000.0,2017-11-03,2480800000.0,2090041000.0,2017-11-03,2017-11-03,2017-11-03
FFIV,2018-09-30,453689000.0,1285492000.0,2018-11-21,2605476000.0,2161407000.0,2018-11-21,2018-11-21,2018-11-21
FFIV,2019-09-30,427734000.0,1761497000.0,2019-11-15,3390275000.0,,2019-11-15,,2019-11-15
FFIV,2020-09-30,307441000.0,2232268000.0,2020-11-19,4677920000.0,,2020-11-19,,2020-11-19
FFIV,2021-09-30,331241000.0,2360213000.0,2021-11-16,4997280000.0,,2021-11-16,,2021-11-16
FFIV,2022-09-30,322160000.0,2468978000.0,2022-11-15,5276194000.0,,2022-11-15,,2022-11-15
FFIV,2023-09-30,394948000.0,2800232000.0,2023-11-14,5248333000.0,,2023-11-14,,2023-11-14
FFIV,2024-09-30,566778000.0,3129378000.0,2024-11-18,5613004000.0,,2024-11-18,,2024-11-18
FFIV,2025-09-30,692380000.0,3591999000.0,2025-11-25,6319492000.0,,2025-11-25,,2025-11-25
FHN,2008-12-31,-191987000.0,,,,1283472000.0,,2011-02-25,2011-02-25
FHN,2009-12-31,-269837000.0,3007303000.0,2011-02-25,26068678000.0,1151311000.0,2011-02-25,2011-02-25,2011-02-25
FHN,2010-12-31,50201000.0,2382840000.0,2011-02-25,24698952000.0,1416530000.0,2011-02-25,2011-02-25,2011-02-25
FHN,2011-12-31,131196000.0,2389472000.0,2012-02-28,24789384000.0,1442843000.0,2012-02-28,2012-02-28,2012-02-28
FHN,2012-12-31,-27759000.0,2214041000.0,2013-02-27,25520140000.0,1281996000.0,2013-02-27,2013-02-27,2013-02-27
FHN,2013-12-31,29602000.0,2205320000.0,2014-02-27,23789833000.0,1166951000.0,2014-02-27,2014-02-27,2014-02-27
FHN,2014-12-31,219523000.0,2295537000.0,2015-02-24,25672887000.0,1150762000.0,2015-02-24,2015-02-24,2015-02-24
FHN,2015-12-31,85879000.0,2344155000.0,2016-02-25,26195136000.0,1162045000.0,2016-02-25,2016-02-25,2016-02-25
FHN,2016-12-31,227046000.0,2409653000.0,2017-02-27,28555231000.0,1270525000.0,2017-02-27,2017-02-27,2017-02-27
FHN,2017-12-31,165515000.0,4285057000.0,2018-02-28,41423388000.0,1332533000.0,2018-02-28,2018-02-28,2018-02-28
FHN,2018-12-31,545042000.0,4489949000.0,2019-02-28,40832258000.0,1936105000.0,2019-02-28,2019-02-28,2019-02-28
FHN,2019-12-31,440908000.0,4780577000.0,2020-02-28,43310900000.0,1817267000.0,2020-02-28,2020-02-28,2020-02-28
FHN,2020-12-31,845000000.0,8012000000.0,2021-02-25,84209000000.0,,2021-02-25,,2021-02-25
FHN,2021-12-31,999000000.0,8199000000.0,2022-03-01,89092000000.0,,2022-03-01,,2022-03-01
FHN,2022-12-31,900000000.0,8252000000.0,2023-03-01,78953000000.0,3207000000.0,2023-03-01,2025-02-27,2023-03-01
FHN,2023-12-31,897000000.0,8996000000.0,2024-02-23,81661000000.0,3467000000.0,2024-02-23,2025-02-27,2024-02-23
FHN,2024-12-31,775000000.0,8816000000.0,2025-02-27,82152000000.0,3190000000.0,2025-02-27,2025-02-27,2025-02-27
FHN,2025-12-31,982000000.0,8847000000.0,2026-02-26,83876000000.0,3419000000.0,2026-02-26,2026-02-26,2026-02-26
FIS,2007-12-31,561200000.0,,,,,,,2010-02-26
FIS,2008-12-31,214800000.0,3532800000.0,2010-02-26,7500400000.0,,2010-02-26,,2010-02-26
FIS,2009-12-31,105900000.0,8308900000.0,2010-02-26,13997600000.0,,2010-02-26,,2010-02-26
FIS,2010-12-31,404500000.0,6403200000.0,2011-02-25,14161800000.0,,2011-02-25,,2011-02-25
FIS,2011-12-31,469600000.0,6503000000.0,2012-02-24,13848300000.0,,2012-02-24,,2012-02-24
FIS,2012-12-31,461200000.0,6640900000.0,2013-02-26,13549700000.0,,2013-02-26,,2013-02-26
FIS,2013-12-31,493100000.0,6580500000.0,2014-02-28,13960100000.0,,2014-02-28,,2014-02-28
FIS,2014-12-31,679100000.0,6556700000.0,2015-02-27,14520500000.0,,2015-02-27,,2015-02-27
FIS,2015-12-31,631500000.0,9321000000.0,2016-02-26,26268800000.0,,2016-02-26,,2016-02-26
FIS,2016-12-31,568000000.0,9741000000.0,2017-02-23,26031000000.0,8831000000.0,2017-02-23,2019-02-21,2017-02-23
FIS,2017-12-31,1319000000.0,10835000000.0,2018-02-22,24517000000.0,8668000000.0,2018-02-22,2019-02-21,2018-02-22
FIS,2018-12-31,846000000.0,10215000000.0,2019-02-21,23770000000.0,8423000000.0,2019-02-21,2019-02-21,2019-02-21
FIS,2019-12-31,298000000.0,49440000000.0,2020-02-20,83806000000.0,10333000000.0,2020-02-20,2020-02-20,2020-02-20
FIS,2020-12-31,158000000.0,49300000000.0,2021-02-18,83842000000.0,12552000000.0,2021-02-18,2021-02-18,2021-02-18
FIS,2021-12-31,417000000.0,47347000000.0,2022-02-23,82931000000.0,13877000000.0,2022-02-23,2022-02-23,2022-02-23
FIS,2022-12-31,-16720000000.0,27218000000.0,2023-02-27,63278000000.0,14528000000.0,2023-02-27,2023-02-27,2023-02-27
FIS,2023-12-31,-6654000000.0,19093000000.0,2024-02-26,55105000000.0,9821000000.0,2024-02-26,2024-02-26,2024-02-26
FIS,2024-12-31,1450000000.0,15698000000.0,2025-02-13,33784000000.0,10127000000.0,2025-02-13,2025-02-13,2025-02-13
FIS,2025-12-31,382000000.0,13899000000.0,2026-02-24,33488000000.0,10677000000.0,2026-02-24,2026-02-24,2026-02-24
FISV,2007-12-31,439000000.0,,,,3677000000.0,,2010-02-26,2010-02-26
FISV,2008-12-31,569000000.0,2594000000.0,2010-02-26,9331000000.0,4587000000.0,2010-02-26,2010-02-26,2010-02-26
FISV,2009-12-31,476000000.0,3026000000.0,2010-02-26,8378000000.0,4077000000.0,2010-02-26,2010-02-26,2010-02-26
FISV,2010-12-31,496000000.0,3229000000.0,2011-02-24,8281000000.0,4133000000.0,2011-02-24,2011-02-24,2011-02-24
FISV,2011-12-31,472000000.0,3258000000.0,2012-02-24,8548000000.0,4337000000.0,2012-02-24,2012-02-24,2012-02-24
FISV,2012-12-31,611000000.0,3417000000.0,2013-02-22,8497000000.0,4482000000.0,2013-02-22,2013-02-22,2013-02-22
FISV,2013-12-31,648000000.0,3585000000.0,2014-02-20,9513000000.0,4814000000.0,2014-02-20,2014-02-20,2014-02-20
FISV,2014-12-31,754000000.0,3295000000.0,2015-02-20,9337000000.0,5066000000.0,2015-02-20,2015-02-20,2015-02-20
FISV,2015-12-31,712000000.0,2660000000.0,2016-02-19,9340000000.0,5254000000.0,2016-02-19,2016-02-19,2016-02-19
FISV,2016-12-31,930000000.0,2541000000.0,2017-02-23,9743000000.0,5505000000.0,2017-02-23,2017-02-23,2017-02-23
FISV,2017-12-31,1246000000.0,2731000000.0,2018-02-22,10289000000.0,5696000000.0,2018-02-22,2018-02-22,2018-02-22
FISV,2018-12-31,1187000000.0,2293000000.0,2019-02-21,11262000000.0,5823000000.0,2019-02-21,2019-02-21,2019-02-21
FISV,2019-12-31,893000000.0,32979000000.0,2020-02-27,77539000000.0,,2020-02-27,,2020-02-27
FISV,2020-12-31,958000000.0,32330000000.0,2021-02-26,74619000000.0,14852000000.0,2021-02-26,2023-02-23,2021-02-26
FISV,2021-12-31,1334000000.0,30952000000.0,2022-02-24,76249000000.0,16226000000.0,2022-02-24,2023-02-23,2022-02-24
FISV,2022-12-31,2530000000.0,30828000000.0,2023-02-23,83869000000.0,17737000000.0,2023-02-23,2023-02-23,2023-02-23
FISV,2023-12-31,3068000000.0,29857000000.0,2024-02-22,90890000000.0,19093000000.0,2024-02-22,2024-02-22,2024-02-22
FISV,2024-12-31,3131000000.0,27068000000.0,2025-02-20,77176000000.0,20456000000.0,2025-02-20,2025-02-20,2025-02-20
FISV,2025-12-31,3480000000.0,25792000000.0,2026-02-19,80133000000.0,21193000000.0,2026-02-19,2026-02-19,2026-02-19
FITB,2006-12-31,,10022000000.0,2010-02-26,,,,,
FITB,2007-12-31,1076000000.0,9161000000.0,2010-02-26,,,,,2010-02-26
FITB,2008-12-31,-2113000000.0,12077000000.0,2010-02-26,119764000000.0,,2010-02-26,,2010-02-26
FITB,2009-12-31,737000000.0,13497000000.0,2010-02-26,113380000000.0,,2010-02-26,,2010-02-26
FITB,2010-12-31,753000000.0,14051000000.0,2011-02-28,111007000000.0,,2011-02-28,,2011-02-28
FITB,2011-12-31,1297000000.0,13201000000.0,2012-02-29,116967000000.0,,2012-02-29,,2012-02-29
FITB,2012-12-31,1576000000.0,13716000000.0,2013-02-22,121894000000.0,,2013-02-22,,2013-02-22
FITB,2013-12-31,1836000000.0,14589000000.0,2014-02-24,130443000000.0,,2014-02-24,,2014-02-24
FITB,2014-12-31,1481000000.0,15626000000.0,2015-02-25,138706000000.0,,2015-02-25,,2015-02-25
FITB,2015-12-31,1712000000.0,15839000000.0,2016-02-25,141082000000.0,,2016-02-25,,2016-02-25
FITB,2016-12-31,1564000000.0,16205000000.0,2017-02-24,142177000000.0,,2017-02-24,,2017-02-24
FITB,2017-12-31,2194000000.0,16365000000.0,2018-02-28,142193000000.0,,2018-02-28,,2018-02-28
FITB,2018-12-31,2193000000.0,16250000000.0,2019-03-01,146069000000.0,,2019-03-01,,2019-03-01
FITB,2019-12-31,2512000000.0,21203000000.0,2020-03-02,169369000000.0,,2020-03-02,,2020-03-02
FITB,2020-12-31,1427000000.0,23111000000.0,2024-02-27,204680000000.0,,2021-02-26,,2021-02-26
FITB,2021-12-31,2770000000.0,22210000000.0,2024-02-27,211116000000.0,,2022-02-25,,2022-02-25
FITB,2022-12-31,2446000000.0,17327000000.0,2024-02-27,207452000000.0,,2023-02-24,,2023-02-24
FITB,2023-12-31,2349000000.0,19172000000.0,2024-02-27,214574000000.0,,2024-02-27,,2024-02-27
FITB,2024-12-31,2314000000.0,19645000000.0,2025-02-24,212927000000.0,,2025-02-24,,2025-02-24
FITB,2025-12-31,2522000000.0,21724000000.0,2026-02-24,214376000000.0,,2026-02-24,,2026-02-24
FLR,2007-12-31,527961000.0,,,,16691033000.0,,2010-02-25,2010-02-25
FLR,2008-12-31,716061000.0,2671322000.0,2010-02-25,6423577000.0,22325894000.0,2010-02-25,2010-02-25,2010-02-25
FLR,2009-12-31,684889000.0,3305533000.0,2010-02-25,7178483000.0,21990297000.0,2010-02-25,2010-02-25,2010-02-25
FLR,2010-12-31,357496000.0,3496999000.0,2011-02-23,7614923000.0,20849349000.0,2011-02-23,2011-02-23,2011-02-23
FLR,2011-12-31,593728000.0,3395525000.0,2012-02-22,8270276000.0,23381399000.0,2012-02-22,2012-02-22,2012-02-22
FLR,2012-12-31,456330000.0,3341295000.0,2013-02-20,8276043000.0,27577135000.0,2013-02-20,2013-02-20,2013-02-20
FLR,2013-12-31,,3756987000.0,2014-02-18,8323850000.0,27351573000.0,2014-02-18,2014-02-18,
FLR,2014-12-31,,3110871000.0,2015-02-18,8194429000.0,21531577000.0,2015-02-18,2015-02-18,
FLR,2015-12-31,,2997347000.0,2016-02-18,7631506000.0,18114048000.0,2016-02-18,2016-02-18,
FLR,2016-12-31,281401000.0,3125191000.0,2017-02-17,9216417000.0,19036525000.0,2017-02-17,2017-02-17,2019-02-21
FLR,2017-12-31,191377000.0,3342310000.0,2018-02-20,9327692000.0,19520970000.0,2018-02-20,2018-02-20,2019-02-21
FLR,2018-03-31,,2910677000.0,2020-09-25,9468504000.0,,2020-09-25,,
FLR,2018-06-30,,2919732000.0,2020-09-25,9154097000.0,,2020-09-25,,
FLR,2018-09-30,,2915767000.0,2020-09-25,9159926000.0,,2020-09-25,,
FLR,2018-12-31,224833000.0,2963181000.0,2019-02-21,8913637000.0,19166599000.0,2019-02-21,2019-02-21,2019-02-21
FLR,2019-03-31,,2813104000.0,2020-09-25,9022190000.0,,2020-09-25,,
FLR,2019-06-30,,2375486000.0,2020-09-25,8979052000.0,,2020-09-25,,
FLR,2019-09-30,,1559299000.0,2020-09-25,7888983000.0,,2020-09-25,,
FLR,2019-12-31,-1522164000.0,1487752000.0,2020-09-25,7966658000.0,14348018000.0,2020-09-25,2020-09-25,2020-09-25
FLR,2020-12-31,-435046000.0,1030247000.0,2021-02-26,7309812000.0,15668477000.0,2021-02-26,2021-02-26,2021-02-26
FLR,2021-12-31,-440170000.0,1392453000.0,2022-02-22,7279563000.0,12434879000.0,2022-02-22,2022-02-22,2022-02-22
FLR,2022-12-31,145000000.0,1786000000.0,2023-02-21,6827000000.0,13744000000.0,2023-02-21,2023-02-21,2023-02-21
FLR,2023-12-31,139000000.0,1940000000.0,2024-02-20,6973000000.0,15474000000.0,2024-02-20,2024-02-20,2024-02-20
FLR,2024-12-31,2145000000.0,3949000000.0,2025-02-18,9143000000.0,16315000000.0,2025-02-18,2025-02-18,2025-02-18
FLR,2025-12-31,-51000000.0,3244000000.0,2026-02-17,8236000000.0,15503000000.0,2026-02-17,2026-02-17,2026-02-17
FLS,2007-12-31,255774000.0,,,,,,,2010-02-24
FLS,2008-12-31,442413000.0,,,4023694000.0,,2010-02-24,,2010-02-24
FLS,2009-12-31,427887000.0,1796113000.0,2011-02-23,4248894000.0,,2010-02-24,,2010-02-24
FLS,2010-12-31,388290000.0,2103022000.0,2011-02-23,4459910000.0,,2011-02-23,,2011-02-23
FLS,2011-12-31,428582000.0,2269813000.0,2012-02-22,4622614000.0,0.0,2012-02-22,2014-02-18,2012-02-22
FLS,2012-12-31,448339000.0,1890219000.0,2013-02-21,4810958000.0,0.0,2013-02-21,2014-02-18,2013-02-21
FLS,2013-12-31,485530000.0,1870379000.0,2014-02-18,5036733000.0,0.0,2014-02-18,2014-02-18,2014-02-18
FLS,2014-12-31,518824000.0,1931562000.0,2015-02-17,4968020000.0,0.0,2015-02-17,2015-02-17,2015-02-17
FLS,2015-12-31,267669000.0,1666477000.0,2016-02-18,5103850000.0,0.0,2016-02-18,2016-02-18,2016-02-18
FLS,2016-12-31,145060000.0,1648234000.0,2017-02-16,4742762000.0,0.0,2017-02-16,2017-02-16,2017-02-16
FLS,2017-12-31,2652000.0,1654587000.0,2018-02-28,4910474000.0,0.0,2018-02-28,2018-02-28,2018-02-28
FLS,2018-01-01,,,,4836856000.0,,2019-02-20,,
FLS,2018-12-31,119671000.0,1642315000.0,2019-02-20,4616277000.0,0.0,2019-02-20,2019-02-20,2019-02-20
FLS,2019-12-31,253668000.0,1790357000.0,2020-02-18,4919642000.0,0.0,2020-02-18,2020-02-18,2020-02-18
FLS,2020-12-31,116326000.0,1732470000.0,2021-02-23,5314677000.0,0.0,2021-02-23,2021-02-23,2021-02-23
FLS,2021-12-31,125949000.0,1804319000.0,2022-02-23,4749768000.0,0.0,2022-02-23,2022-02-23,2022-02-23
FLS,2022-12-31,188689000.0,1824993000.0,2023-03-07,4790634000.0,0.0,2023-03-07,2023-03-07,2023-03-07
FLS,2023-12-31,186743000.0,1936100000.0,2024-02-20,5108719000.0,0.0,2024-02-20,2024-02-20,2024-02-20
FLS,2024-12-31,282759000.0,2007665000.0,2025-02-26,5500821000.0,0.0,2025-02-26,2025-02-26,2025-02-26
FLS,2025-12-31,346247000.0,2191397000.0,2026-02-17,5708200000.0,0.0,2026-02-17,2026-02-17,2026-02-17
FMC,2007-12-31,132400000.0,,,,2632900000.0,,2010-02-22,2010-02-22
FMC,2008-12-31,304600000.0,902900000.0,2010-02-22,2993900000.0,3115300000.0,2010-02-22,2010-02-22,2010-02-22
FMC,2009-12-31,228500000.0,1076400000.0,2010-02-22,3136200000.0,2826200000.0,2010-02-22,2010-02-22,2010-02-22
FMC,2010-12-31,172500000.0,1131500000.0,2011-02-22,3319900000.0,3116300000.0,2011-02-22,2011-02-22,2011-02-22
FMC,2011-12-31,365900000.0,1240600000.0,2012-02-21,3743500000.0,3377900000.0,2012-02-21,2012-02-21,2012-02-21
FMC,2012-12-31,416200000.0,1480300000.0,2013-02-19,4373900000.0,3748300000.0,2013-02-19,2013-02-19,2013-02-19
FMC,2013-12-31,293900000.0,1519800000.0,2014-02-18,5235200000.0,3874800000.0,2014-02-18,2014-02-18,2014-02-18
FMC,2014-12-31,307500000.0,1530500000.0,2015-02-27,5340500000.0,4037700000.0,2015-02-27,2015-02-27,2015-02-27
FMC,2015-12-31,489000000.0,1865700000.0,2016-02-26,6325900000.0,3276500000.0,2016-02-26,2016-02-26,2016-02-26
FMC,2016-12-31,209100000.0,1957700000.0,2017-02-28,6139300000.0,3282400000.0,2017-02-28,2017-02-28,2017-02-28
FMC,2017-12-31,535800000.0,2681800000.0,2018-02-28,9206300000.0,2878600000.0,2018-02-28,2018-02-28,2018-02-28
FMC,2018-12-31,502100000.0,3121100000.0,2019-02-28,9974300000.0,4727800000.0,2019-02-28,2019-02-28,2019-02-28
FMC,2019-12-31,477400000.0,2532300000.0,2020-02-28,9872700000.0,,2020-02-28,,2020-02-28
FMC,2020-12-31,551500000.0,2961800000.0,2021-02-25,10186400000.0,,2021-02-25,,2021-02-25
FMC,2021-12-31,736500000.0,3032500000.0,2022-02-25,10581300000.0,,2022-02-25,,2022-02-25
FMC,2022-12-31,736500000.0,3377900000.0,2023-02-24,11171300000.0,,2023-02-24,,2023-02-24
FMC,2023-12-31,1321500000.0,4410900000.0,2024-02-27,11926200000.0,,2024-02-27,,2024-02-27
FMC,2024-12-31,341100000.0,4487500000.0,2025-02-28,11653300000.0,,2025-02-28,,2025-02-28
FMC,2025-12-31,-2238900000.0,2071500000.0,2026-02-27,9687200000.0,,2026-02-27,,2026-02-27
FMCC,2009-12-31,-21553000000.0,,,,,,,2012-03-09
FMCC,2010-12-31,-14025000000.0,-401000000.0,2014-02-27,2261780000000.0,,2012-03-09,,2012-03-09
FMCC,2011-12-31,-5266000000.0,-146000000.0,2014-02-27,2147216000000.0,,2012-03-09,,2012-03-09
FMCC,2012-12-31,10982000000.0,8827000000.0,2014-02-27,1989856000000.0,,2013-02-28,,2013-02-28
FMCC,2013-12-31,48668000000.0,12835000000.0,2014-02-27,1966061000000.0,,2014-02-27,,2014-02-27
FMCC,2014-12-31,7690000000.0,2651000000.0,2015-02-19,1945539000000.0,,2015-02-19,,2015-02-19
FMCC,2015-12-31,6376000000.0,2940000000.0,2016-02-18,1986050000000.0,,2016-02-18,,2016-02-18
FMCC,2016-12-31,7815000000.0,5075000000.0,2017-02-16,2023376000000.0,,2017-02-16,,2017-02-16
FMCC,2017-12-31,5625000000.0,-312000000.0,2018-02-15,2049776000000.0,,2018-02-15,,2018-02-15
FMCC,2018-12-31,9235000000.0,4477000000.0,2019-02-14,2063060000000.0,,2019-02-14,,2019-02-14
FMCC,2019-12-31,7214000000.0,9122000000.0,2020-02-13,2203623000000.0,,2020-02-13,,2020-02-13
FMCC,2020-12-31,7326000000.0,16413000000.0,2021-02-11,2627415000000.0,,2021-02-11,,2021-02-11
FMCC,2021-12-31,12109000000.0,28033000000.0,2022-02-10,3025586000000.0,,2022-02-10,,2022-02-10
FMCC,2022-12-31,9327000000.0,37018000000.0,2023-02-22,3208333000000.0,,2023-02-22,,2023-02-22
FMCC,2023-12-31,10538000000.0,47722000000.0,2024-02-14,3280976000000.0,,2024-02-14,,2024-02-14
FMCC,2024-12-31,11858000000.0,59575000000.0,2025-02-13,3386692000000.0,,2025-02-13,,2025-02-13
FMCC,2025-12-31,10731000000.0,70384000000.0,2026-02-12,3497598000000.0,,2026-02-12,,2026-02-12
FNMA,2007-12-31,-2050000000.0,,,,,,,2010-02-26
FNMA,2008-12-31,-58707000000.0,-15314000000.0,2010-02-26,912404000000.0,,2010-02-26,,2010-02-26
FNMA,2009-12-31,-71969000000.0,-15372000000.0,2010-02-26,869141000000.0,,2010-02-26,,2010-02-26
FNMA,2010-12-31,-14014000000.0,-2599000000.0,2011-02-24,3221972000000.0,,2011-02-24,,2011-02-24
FNMA,2011-12-31,-16855000000.0,-4624000000.0,2012-02-29,3211484000000.0,,2012-02-29,,2012-02-29
FNMA,2012-12-31,17224000000.0,7183000000.0,2013-04-02,3222422000000.0,,2013-04-02,,2013-04-02
FNMA,2013-12-31,83963000000.0,9541000000.0,2014-02-21,3270108000000.0,,2014-02-21,,2014-02-21
FNMA,2014-12-31,14208000000.0,3680000000.0,2015-02-20,3248176000000.0,,2015-02-20,,2015-02-20
FNMA,2015-12-31,10954000000.0,4030000000.0,2016-02-19,3221917000000.0,,2016-02-19,,2016-02-19
FNMA,2016-12-31,12313000000.0,6071000000.0,2017-02-17,3287968000000.0,,2017-02-17,,2017-02-17
FNMA,2017-12-31,2463000000.0,-3686000000.0,2019-02-14,3345529000000.0,,2018-02-14,,2018-02-14
FNMA,2018-12-31,15959000000.0,6240000000.0,2019-02-14,3418318000000.0,,2019-02-14,,2019-02-14
FNMA,2019-12-31,14160000000.0,14608000000.0,2020-02-13,3503319000000.0,,2020-02-13,,2020-02-13
FNMA,2020-12-31,11805000000.0,25259000000.0,2021-02-12,3985749000000.0,,2021-02-12,,2021-02-12
FNMA,2021-12-31,22176000000.0,47357000000.0,2022-02-15,4229166000000.0,,2022-02-15,,2022-02-15
FNMA,2022-12-31,12923000000.0,60277000000.0,2023-02-14,4305288000000.0,,2023-02-14,,2023-02-14
FNMA,2023-12-31,17408000000.0,77682000000.0,2024-02-15,4325437000000.0,,2024-02-15,,2024-02-15
FNMA,2024-12-31,16978000000.0,94657000000.0,2025-02-14,4349731000000.0,,2025-02-14,,2025-02-14
FNMA,2025-12-31,14364000000.0,109012000000.0,2026-02-11,4317538000000.0,,2026-02-11,,2026-02-11
FOSL,2009-01-03,138097000.0,,,,1583242000.0,,2011-03-02,2011-03-02
FOSL,2010-01-02,139188000.0,,,1276483000.0,1548093000.0,2011-03-02,2011-03-02,2011-03-02
FOSL,2011-01-01,255205000.0,,,1467573000.0,2030690000.0,2011-03-02,2011-03-02,2011-03-02
FOSL,2011-12-31,294702000.0,1105929000.0,2013-02-27,1642922000.0,2567302000.0,2012-02-29,2012-02-29,2012-02-29
FOSL,2012-12-29,,1233535000.0,2013-02-27,1841989000.0,2857508000.0,2013-02-27,2013-02-27,
FOSL,2013-12-28,,1068677000.0,2014-02-26,2230414000.0,3259971000.0,2014-02-26,2014-02-26,
FOSL,2015-01-03,,977860000.0,2015-02-20,2207552000.0,3509691000.0,2015-02-20,2015-02-20,
FOSL,2016-01-02,,921388000.0,2016-02-29,2355661000.0,3228836000.0,2016-02-29,2016-02-29,
FOSL,2016-12-31,,1006236000.0,2017-03-01,2186897000.0,3042371000.0,2017-03-01,2017-03-01,
FOSL,2017-12-30,,576133000.0,2018-03-02,1658372000.0,2788163000.0,2018-03-02,2018-03-02,
FOSL,2018-12-29,,585543000.0,2019-02-21,1575198000.0,,2019-02-21,,
FOSL,2019-12-28,,503054000.0,2020-02-27,1604732000.0,,2020-02-27,,
FOSL,2021-01-02,,439090000.0,2021-03-12,1478505000.0,,2021-03-12,,
FOSL,2022-01-01,,463226000.0,2022-03-10,1368719000.0,,2022-03-10,,
FOSL,2022-12-31,,405932000.0,2023-03-09,1238128000.0,,2023-03-09,,
FOSL,2023-12-30,,254232000.0,2024-03-13,978030000.0,,2024-03-13,,
FOSL,2024-12-28,,148703000.0,2025-03-12,763567000.0,,2025-03-12,,
FOSL,2026-01-03,,102835000.0,2026-03-12,689254000.0,,2026-03-12,,
FOX,2017-06-30,,,,,9921000000.0,,2019-08-09,
FOX,2018-06-30,,9594000000.0,2019-08-09,13121000000.0,10153000000.0,2019-08-09,2019-08-09,
FOX,2019-06-30,,9947000000.0,2019-08-09,19509000000.0,11389000000.0,2019-08-09,2019-08-09,
FOX,2020-06-30,,10094000000.0,2020-08-10,21750000000.0,12303000000.0,2020-08-10,2020-08-10,
FOX,2021-06-30,,11123000000.0,2021-08-10,22926000000.0,12909000000.0,2021-08-10,2021-08-10,
FOX,2022-06-30,,11339000000.0,2022-08-12,22185000000.0,13974000000.0,2022-08-12,2022-08-12,
FOX,2023-06-30,,10378000000.0,2023-08-11,21866000000.0,14913000000.0,2023-08-11,2023-08-11,
FOX,2024-06-30,,10714000000.0,2024-08-08,21972000000.0,,2024-08-08,,
FOX,2025-06-30,,11962000000.0,2025-08-06,23195000000.0,,2025-08-06,,
FOX,2026-06-30,,11628000000.0,2026-08-06,22482000000.0,,2026-08-06,,
FOXA,2017-06-30,,,,,9921000000.0,,2019-08-09,
FOXA,2018-06-30,,9594000000.0,2019-08-09,13121000000.0,10153000000.0,2019-08-09,2019-08-09,
FOXA,2019-06-30,,9947000000.0,2019-08-09,19509000000.0,11389000000.0,2019-08-09,2019-08-09,
FOXA,2020-06-30,,10094000000.0,2020-08-10,21750000000.0,12303000000.0,2020-08-10,2020-08-10,
FOXA,2021-06-30,,11123000000.0,2021-08-10,22926000000.0,12909000000.0,2021-08-10,2021-08-10,
FOXA,2022-06-30,,11339000000.0,2022-08-12,22185000000.0,13974000000.0,2022-08-12,2022-08-12,
FOXA,2023-06-30,,10378000000.0,2023-08-11,21866000000.0,14913000000.0,2023-08-11,2023-08-11,
FOXA,2024-06-30,,10714000000.0,2024-08-08,21972000000.0,,2024-08-08,,
FOXA,2025-06-30,,11962000000.0,2025-08-06,23195000000.0,,2025-08-06,,
FOXA,2026-06-30,,11628000000.0,2026-08-06,22482000000.0,,2026-08-06,,
FRT,2008-12-31,129787000.0,,,,519611000.0,,2011-02-15,2011-02-15
FRT,2009-12-31,98304000.0,1177337000.0,2011-02-15,3222309000.0,530518000.0,2011-02-15,2011-02-15,2011-02-15
FRT,2010-12-31,122790000.0,1149833000.0,2011-02-15,3159553000.0,544674000.0,2011-02-15,2011-02-15,2011-02-15
FRT,2011-12-31,143917000.0,1216092000.0,2012-02-16,3659908000.0,553059000.0,2012-02-16,2012-02-16,2012-02-16
FRT,2012-12-31,151925000.0,1286812000.0,2013-02-12,3898565000.0,608018000.0,2013-02-12,2013-02-12,2013-02-12
FRT,2013-12-31,162681000.0,1448160000.0,2014-02-11,4219294000.0,637413000.0,2014-02-11,2014-02-11,2014-02-11
FRT,2014-12-31,164535000.0,1604401000.0,2015-02-10,4546870000.0,686090000.0,2015-02-10,2015-02-10,2015-02-10
FRT,2015-12-31,210219000.0,1663749000.0,2016-02-09,4911709000.0,744012000.0,2016-02-09,2016-02-09,2016-02-09
FRT,2016-12-31,249910000.0,1976733000.0,2017-02-13,5423279000.0,801591000.0,2017-02-13,2017-02-13,2017-02-13
FRT,2017-12-31,289914000.0,2266706000.0,2018-02-13,6275755000.0,857348000.0,2018-02-13,2018-02-13,2018-02-13
FRT,2018-12-31,241907000.0,2345891000.0,2019-02-13,6289644000.0,915436000.0,2019-02-13,2019-02-13,2019-02-13
FRT,2019-12-31,353866000.0,2535341000.0,2020-02-10,6794992000.0,935788000.0,2020-02-10,2020-02-10,2020-02-10
FRT,2020-12-31,131706000.0,2464157000.0,2021-02-11,7607624000.0,835494000.0,2021-02-11,2021-02-11,2021-02-11
FRT,2021-12-31,261498000.0,2580602000.0,2022-02-10,7622320000.0,951224000.0,2022-02-10,2022-02-10,2022-02-10
FRT,2022-12-31,385491000.0,2954012000.0,2023-02-08,8233991000.0,1074378000.0,2023-02-08,2023-02-08,2023-02-08
FRT,2023-12-31,236985000.0,2963509000.0,2024-02-12,8436512000.0,1132154000.0,2024-02-12,2024-02-12,2024-02-12
FRT,2024-12-31,295208000.0,3171594000.0,2025-02-13,8524757000.0,1202452000.0,2025-02-13,2025-02-13,2025-02-13
FRT,2025-12-31,411077000.0,3248731000.0,2026-02-12,9130460000.0,1278975000.0,2026-02-12,2026-02-12,2026-02-12
FSLR,2006-12-30,,411440000.0,2010-02-22,,,,,
FSLR,2007-12-29,158354000.0,1097267000.0,2010-02-22,,,,,2010-02-22
FSLR,2008-12-27,348330000.0,1513042000.0,2010-02-22,2114502000.0,,2010-02-22,,2010-02-22
FSLR,2009-12-26,640138000.0,2652787000.0,2010-02-22,3349512000.0,,2010-02-22,,2010-02-22
FSLR,2010-12-31,664201000.0,3454945000.0,2011-02-28,4380403000.0,,2011-02-28,,2011-02-28
FSLR,2011-12-31,-39493000.0,3643863000.0,2012-02-29,5777614000.0,,2012-02-29,,2012-02-29
FSLR,2012-12-31,-96338000.0,3605526000.0,2013-02-27,6348692000.0,,2013-02-27,,2013-02-27
FSLR,2013-12-31,353038000.0,4503117000.0,2014-02-26,6883502000.0,,2014-02-26,,2014-02-26
FSLR,2014-12-31,396918000.0,5027487000.0,2015-02-25,6724439000.0,,2015-02-25,,2015-02-25
FSLR,2015-12-31,546421000.0,5548487000.0,2016-02-24,7316331000.0,,2016-02-24,,2016-02-24
FSLR,2016-12-31,-357964000.0,5212687000.0,2017-02-22,6867213000.0,2904563000.0,2017-02-22,2019-02-22,2017-02-22
FSLR,2017-12-31,-165615000.0,5098697000.0,2018-02-23,6864501000.0,2941324000.0,2018-02-23,2019-02-22,2018-02-23
FSLR,2018-12-31,144326000.0,5212403000.0,2019-02-22,7121362000.0,2244044000.0,2019-02-22,2019-02-22,2019-02-22
FSLR,2019-12-31,-114933000.0,5096767000.0,2020-02-21,7515689000.0,3063117000.0,2020-02-21,2020-02-21,2020-02-21
FSLR,2020-12-31,398355000.0,5520928000.0,2021-02-26,7108931000.0,2711332000.0,2021-02-26,2021-02-26,2021-02-26
FSLR,2021-12-31,468693000.0,5959551000.0,2022-03-01,7413746000.0,2923377000.0,2022-03-01,2022-03-01,2022-03-01
FSLR,2022-12-31,-44166000.0,5836055000.0,2023-02-28,8251228000.0,2619319000.0,2023-02-28,2023-02-28,2023-02-28
FSLR,2023-12-31,830777000.0,6687469000.0,2024-02-27,10365132000.0,3318602000.0,2024-02-27,2024-02-27,2024-02-27
FSLR,2024-12-31,1292044000.0,7977577000.0,2025-02-25,12124361000.0,4206289000.0,2025-02-25,2025-02-25,2025-02-25
FSLR,2025-12-31,1528229000.0,9537993000.0,2026-02-24,13321310000.0,5219376000.0,2026-02-24,2026-02-24,2026-02-24
FTI,2015-12-31,14400000.0,74100.0,2017-01-13,74100.0,,2017-01-13,,2018-04-02
FTI,2016-12-31,-11900.0,74100.0,2017-01-13,74100.0,0.0,2017-01-13,2017-01-13,2017-01-13
FTI,2017-12-31,113300000.0,13387900000.0,2018-04-02,28263700000.0,15056900000.0,2018-04-02,2019-03-11,2018-04-02
FTI,2018-12-31,-1921600000.0,10399600000.0,2019-03-11,24784500000.0,12552900000.0,2019-03-11,2019-03-11,2019-03-11
FTI,2019-12-31,-2415200000.0,7659300000.0,2020-03-03,23518800000.0,13409100000.0,2020-03-03,2020-03-03,2021-03-05
FTI,2020-12-31,-3287600000.0,4154200000.0,2021-03-05,19692600000.0,13050600000.0,2021-03-05,2021-03-05,2022-02-28
FTI,2021-12-31,13300000.0,3402700000.0,2022-02-28,10020100000.0,6403500000.0,2022-02-28,2022-02-28,2022-02-28
FTI,2022-12-31,-107200000.0,3240200000.0,2023-02-24,9444300000.0,6700400000.0,2023-02-24,2023-02-24,2023-02-24
FTI,2023-12-31,56200000.0,3136700000.0,2024-02-27,9656600000.0,7824200000.0,2024-02-27,2024-02-27,2024-02-27
FTI,2024-12-31,842900000.0,3093800000.0,2025-02-27,9869200000.0,9083300000.0,2025-02-27,2025-02-27,2025-02-27
FTI,2025-12-31,963900000.0,3363800000.0,2026-02-19,10118200000.0,9932600000.0,2026-02-19,2026-02-19,2026-02-19
FTNT,2009-12-31,,142452000.0,2013-02-27,,,,,
FTNT,2010-12-31,41245000.0,232453000.0,2013-02-27,,324696000.0,,2013-02-27,2013-02-27
FTNT,2011-12-31,62492000.0,358354000.0,2013-02-27,734747000.0,433576000.0,2013-02-27,2013-02-27,2013-02-27
FTNT,2012-12-31,66836000.0,510934000.0,2013-02-27,975497000.0,533639000.0,2013-02-27,2013-02-27,2013-02-27
FTNT,2013-12-31,44273000.0,585760000.0,2014-03-03,1168464000.0,615297000.0,2014-03-03,2014-03-03,2014-03-03
FTNT,2014-12-31,25343000.0,675966000.0,2015-03-02,1424774000.0,770364000.0,2015-03-02,2015-03-02,2015-03-02
FTNT,2015-12-31,7987000.0,755377000.0,2016-02-26,1790510000.0,1009268000.0,2016-02-26,2016-02-26,2016-02-26
FTNT,2016-12-31,32187000.0,837681000.0,2017-03-01,2139941000.0,1275443000.0,2017-03-01,2017-03-01,2017-03-01
FTNT,2017-12-31,31399000.0,589377000.0,2018-02-26,2257916000.0,1494930000.0,2018-02-26,2018-02-26,2018-02-26
FTNT,2018-12-31,332200000.0,1010200000.0,2019-02-27,3078000000.0,1801200000.0,2019-02-27,2019-02-27,2019-02-27
FTNT,2019-12-31,326500000.0,1321900000.0,2020-02-26,3885500000.0,,2020-02-26,,2020-02-26
FTNT,2020-12-31,488500000.0,856000000.0,2021-02-19,4044500000.0,,2021-02-19,,2021-02-19
FTNT,2021-12-31,606800000.0,781700000.0,2022-02-25,5919100000.0,,2022-02-25,,2022-02-25
FTNT,2022-12-31,857300000.0,-281600000.0,2023-02-24,6228000000.0,,2023-02-24,,2023-02-24
FTNT,2023-12-31,1147800000.0,-463400000.0,2024-02-26,7258900000.0,,2024-02-26,,2024-02-26
FTNT,2024-12-31,1745200000.0,1493800000.0,2025-02-21,9763100000.0,,2025-02-21,,2025-02-21
FTNT,2025-12-31,1853400000.0,1237500000.0,2026-02-25,10389200000.0,,2026-02-25,,2026-02-25
FTV,2014-12-31,,,,7355600000.0,,2017-02-28,,
FTV,2015-12-31,,5179500000.0,2017-02-28,7210600000.0,,2017-02-28,,
FTV,2016-12-31,,2687900000.0,2017-02-28,8189800000.0,5378200000.0,2017-02-28,2019-02-28,
FTV,2017-12-31,,3790300000.0,2018-02-28,10500600000.0,5756100000.0,2018-02-28,2019-02-28,
FTV,2018-12-31,,6595500000.0,2019-02-28,12905600000.0,6452700000.0,2019-02-28,2019-02-28,
FTV,2019-12-31,,7387000000.0,2020-02-27,17439000000.0,,2020-02-27,,
FTV,2020-12-31,,8964200000.0,2021-02-26,16051500000.0,,2021-02-26,,
FTV,2021-12-31,,9512200000.0,2022-03-01,16465500000.0,,2022-03-01,,
FTV,2022-12-31,755200000.0,9683400000.0,2023-02-28,15890600000.0,,2023-02-28,,2025-02-25
FTV,2023-12-31,865800000.0,10318900000.0,2024-02-27,16911800000.0,,2024-02-27,,2025-02-25
FTV,2024-12-31,832900000.0,10188600000.0,2025-02-25,17016100000.0,,2025-02-25,,2025-02-25
FTV,2025-12-31,579200000.0,6453400000.0,2026-02-25,11737700000.0,,2026-02-25,,2026-02-25
G,2008-12-31,125141000.0,,,,1040847000.0,,2011-03-01,2011-03-01
G,2009-12-31,127301000.0,1197396000.0,2011-03-01,1747565000.0,1120071000.0,2011-03-01,2011-03-01,2011-03-01
G,2010-12-31,142181000.0,1478672000.0,2011-03-01,1893461000.0,1258963000.0,2011-03-01,2011-03-01,2011-03-01
G,2011-12-31,184294000.0,1433058000.0,2012-02-29,2403387000.0,1600436000.0,2012-02-29,2012-02-29,2012-02-29
G,2012-12-31,178216000.0,1168411000.0,2013-03-01,2605927000.0,1901971000.0,2013-03-01,2013-03-01,2013-03-01
G,2013-12-31,229717000.0,1322739000.0,2014-02-28,2689367000.0,2131997000.0,2014-02-28,2014-02-28,2014-02-28
G,2014-12-31,192002000.0,1285136000.0,2015-02-27,2742537000.0,2279438000.0,2015-02-27,2015-02-27,2015-02-27
G,2015-12-31,239817000.0,1304356000.0,2017-03-01,2793489000.0,,2016-02-26,,2016-02-26
G,2016-12-31,269684000.0,1286648000.0,2017-03-01,2885880000.0,,2017-03-01,,2017-03-01
G,2017-12-31,263111000.0,1424044000.0,2018-03-01,3449621000.0,,2018-03-01,,2018-03-01
G,2018-12-31,282019000.0,1404182000.0,2019-03-01,3529445000.0,,2019-03-01,,2019-03-01
G,2019-12-31,304881000.0,1689171000.0,2020-03-02,4454184000.0,,2020-03-02,,2020-03-02
G,2020-12-31,308276000.0,1834229000.0,2021-03-01,4873513000.0,,2021-03-01,,2021-03-01
G,2021-12-31,369448000.0,1897133000.0,2022-03-01,4975269000.0,,2022-03-01,,2022-03-01
G,2022-12-31,353404000.0,1826158000.0,2023-03-01,4588814000.0,,2023-03-01,,2023-03-01
G,2023-12-31,631255000.0,2248392000.0,2024-02-29,4805713000.0,,2024-02-29,,2024-02-29
G,2024-12-31,513670000.0,2389611000.0,2025-03-03,4987153000.0,,2025-03-03,,2025-03-03
G,2025-12-31,552494000.0,2549401000.0,2026-02-26,5843267000.0,,2026-02-26,,2026-02-26
GD,2006-12-31,,9827000000.0,2010-02-19,,,,,
GD,2007-12-31,2072000000.0,11768000000.0,2010-02-19,,27240000000.0,,2010-02-19,2010-02-19
GD,2008-12-31,2459000000.0,10053000000.0,2010-02-19,28373000000.0,29300000000.0,2010-02-19,2010-02-19,2010-02-19
GD,2009-12-31,2394000000.0,12423000000.0,2010-02-19,31077000000.0,31981000000.0,2010-02-19,2010-02-19,2010-02-19
GD,2010-12-31,2624000000.0,13316000000.0,2011-02-18,32545000000.0,32466000000.0,2011-02-18,2011-02-18,2011-02-18
GD,2011-12-31,2526000000.0,13232000000.0,2012-02-17,34883000000.0,32677000000.0,2012-02-17,2012-02-17,2012-02-17
GD,2012-12-31,-332000000.0,11390000000.0,2013-02-08,34309000000.0,31513000000.0,2013-02-08,2013-02-08,2013-02-08
GD,2013-12-31,2357000000.0,14501000000.0,2014-02-07,35448000000.0,31218000000.0,2014-02-07,2014-02-07,2014-02-07
GD,2014-12-31,2533000000.0,11829000000.0,2015-02-09,35355000000.0,30852000000.0,2015-02-09,2015-02-09,2015-02-09
GD,2015-12-31,2965000000.0,10738000000.0,2016-02-08,31997000000.0,31469000000.0,2016-02-08,2016-02-08,2016-02-08
GD,2016-12-31,2955000000.0,10976000000.0,2017-02-06,32872000000.0,31353000000.0,2017-02-06,2017-02-06,2017-02-06
GD,2017-12-31,2912000000.0,11435000000.0,2018-02-12,35046000000.0,30973000000.0,2018-02-12,2018-02-12,2018-02-12
GD,2018-12-31,3345000000.0,11732000000.0,2019-02-13,45408000000.0,36193000000.0,2019-02-13,2019-02-13,2019-02-13
GD,2019-12-31,3484000000.0,13577000000.0,2020-02-10,48841000000.0,39350000000.0,2020-02-10,2020-02-10,2020-02-10
GD,2020-12-31,3167000000.0,15661000000.0,2021-02-09,51308000000.0,37925000000.0,2021-02-09,2021-02-09,2021-02-09
GD,2021-12-31,3257000000.0,17641000000.0,2022-02-09,50073000000.0,38469000000.0,2022-02-09,2022-02-09,2022-02-09
GD,2022-12-31,3390000000.0,18568000000.0,2023-02-07,51585000000.0,39407000000.0,2023-02-07,2023-02-07,2023-02-07
GD,2023-12-31,3315000000.0,21299000000.0,2024-02-08,54810000000.0,42272000000.0,2024-02-08,2024-02-08,2024-02-08
GD,2024-12-31,3782000000.0,22063000000.0,2025-02-07,55880000000.0,47716000000.0,2025-02-07,2025-02-07,2025-02-07
GD,2025-12-31,4210000000.0,25622000000.0,2026-01-30,57249000000.0,52550000000.0,2026-01-30,2026-01-30,2026-01-30
GE,2006-12-31,,111509000000.0,2010-02-19,,,,,
GE,2007-12-31,22208000000.0,115559000000.0,2010-02-19,,172488000000.0,,2010-02-19,2010-02-19
GE,2008-12-31,17410000000.0,104665000000.0,2010-02-19,797769000000.0,182515000000.0,2010-02-19,2010-02-19,2010-02-19
GE,2009-12-31,11025000000.0,117291000000.0,2010-02-19,781818000000.0,156783000000.0,2010-02-19,2010-02-19,2010-02-19
GE,2010-12-31,11644000000.0,118936000000.0,2011-02-25,751216000000.0,150211000000.0,2011-02-25,2011-02-25,2011-02-25
GE,2011-12-31,14151000000.0,116438000000.0,2012-02-24,717242000000.0,147300000000.0,2012-02-24,2012-02-24,2012-02-24
GE,2012-12-31,13641000000.0,123026000000.0,2013-02-26,685328000000.0,147359000000.0,2013-02-26,2013-02-26,2013-02-26
GE,2013-12-31,13057000000.0,130566000000.0,2014-02-27,656560000000.0,146045000000.0,2014-02-27,2014-02-27,2014-02-27
GE,2014-12-31,15233000000.0,128159000000.0,2015-02-27,648349000000.0,148589000000.0,2015-02-27,2015-02-27,2015-02-27
GE,2015-12-31,-6126000000.0,98274000000.0,2016-02-26,492692000000.0,117386000000.0,2016-02-26,2016-02-26,2016-02-26
GE,2016-12-31,8831000000.0,75828000000.0,2017-02-24,365183000000.0,123693000000.0,2017-02-24,2017-02-24,2017-02-24
GE,2017-12-31,-5786000000.0,64263000000.0,2018-02-23,377945000000.0,122092000000.0,2018-02-23,2018-02-23,2018-02-23
GE,2018-12-31,-22355000000.0,30981000000.0,2019-02-26,309129000000.0,121615000000.0,2019-02-26,2019-02-26,2019-02-26
GE,2019-12-31,-4979000000.0,28316000000.0,2020-02-24,266048000000.0,95214000000.0,2020-02-24,2020-02-24,2020-02-24
GE,2020-12-31,5704000000.0,35552000000.0,2021-02-12,253452000000.0,79619000000.0,2021-02-12,2021-02-12,2021-02-12
GE,2021-12-31,-6520000000.0,40310000000.0,2022-02-11,198874000000.0,74196000000.0,2022-02-11,2022-02-11,2022-02-11
GE,2022-12-31,225000000.0,36366000000.0,2023-02-10,187788000000.0,76555000000.0,2023-02-10,2023-02-10,2023-02-10
GE,2023-12-31,9481000000.0,27378000000.0,2024-02-02,163045000000.0,67954000000.0,2024-02-02,2024-02-02,2024-02-02
GE,2024-12-31,6556000000.0,19342000000.0,2025-02-03,123140000000.0,38702000000.0,2025-02-03,2025-02-03,2025-02-03
GE,2025-12-31,8704000000.0,18677000000.0,2026-01-29,130169000000.0,45855000000.0,2026-01-29,2026-01-29,2026-01-29
GHC,2008-12-28,65722000.0,,,,4211715000.0,,2011-03-02,2011-03-02
GHC,2010-01-03,92774000.0,2939550000.0,2011-03-02,5186206000.0,4386516000.0,2011-03-02,2011-03-02,2011-03-02
GHC,2011-01-02,278114000.0,2814364000.0,2011-03-02,5158367000.0,4723573000.0,2011-03-02,2011-03-02,2011-03-02
GHC,2011-12-31,117150000.0,2601896000.0,2013-02-28,5016986000.0,4214833000.0,2012-02-29,2012-02-29,2012-02-29
GHC,2012-12-31,132113000.0,2586028000.0,2013-02-28,5105069000.0,4017653000.0,2013-02-28,2013-02-28,2013-02-28
GHC,2013-12-31,236865000.0,3300067000.0,2014-02-28,5811046000.0,3487864000.0,2014-02-28,2014-02-28,2014-02-28
GHC,2014-12-31,1293843000.0,3140299000.0,2015-02-27,5752319000.0,3535166000.0,2015-02-27,2015-02-27,2015-02-27
GHC,2015-12-31,-100655000.0,2490698000.0,2016-02-26,4352951000.0,2586114000.0,2016-02-26,2016-02-26,2016-02-26
GHC,2016-12-31,168590000.0,,,4432670000.0,2481890000.0,2017-02-24,2017-02-24,2017-02-24
GHC,2017-12-31,302044000.0,,,4937823000.0,2591846000.0,2018-02-23,2018-02-23,2018-02-23
GHC,2018-12-31,271206000.0,2916782000.0,2020-02-26,4764041000.0,2695966000.0,2019-02-25,2019-02-25,2019-02-25
GHC,2019-12-31,327855000.0,3319239000.0,2020-02-26,5931236000.0,2932099000.0,2020-02-26,2020-02-26,2020-02-26
GHC,2020-12-31,300365000.0,3759302000.0,2021-02-24,6444119000.0,,2021-02-24,,2021-02-24
GHC,2021-12-31,352075000.0,4399583000.0,2022-02-25,7425525000.0,,2022-02-25,,2022-02-25
GHC,2022-12-31,67079000.0,3731383000.0,2023-02-24,6582215000.0,,2023-02-24,,2023-02-24
GHC,2023-12-31,205288000.0,3975737000.0,2024-02-23,7187730000.0,,2024-02-23,,2024-02-23
GHC,2024-12-31,724634000.0,4256661000.0,2025-02-26,7677205000.0,,2025-02-26,,2025-02-26
GHC,2025-12-31,292291000.0,4794025000.0,2026-02-25,8395713000.0,,2026-02-25,,2026-02-25
GILD,2007-12-31,1584902000.0,,,,4230045000.0,,2010-03-01,2010-03-01
GILD,2008-12-31,1978899000.0,4272573000.0,2010-03-01,6936831000.0,5335750000.0,2010-03-01,2010-03-01,2010-03-01
GILD,2009-12-31,2635755000.0,6367065000.0,2010-03-01,9698559000.0,7011383000.0,2010-03-01,2010-03-01,2010-03-01
GILD,2010-12-31,2901257000.0,5863729000.0,2011-02-28,11592630000.0,7949420000.0,2011-02-28,2011-02-28,2011-02-28
GILD,2011-12-31,2803637000.0,6738856000.0,2012-02-23,17303134000.0,8385385000.0,2012-02-23,2012-02-23,2012-02-23
GILD,2012-12-31,2591566000.0,9309739000.0,2013-02-27,21239838000.0,9702517000.0,2013-02-27,2013-02-27,2013-02-27
GILD,2013-12-31,3074808000.0,11369067000.0,2014-02-25,22496785000.0,,2014-02-25,,2014-02-25
GILD,2014-12-31,12101000000.0,15426000000.0,2015-02-25,34664000000.0,,2015-02-25,,2015-02-25
GILD,2015-12-31,18108000000.0,18534000000.0,2016-02-24,51839000000.0,,2016-02-24,,2016-02-24
GILD,2016-12-31,13501000000.0,18887000000.0,2017-02-27,56977000000.0,30390000000.0,2017-02-27,2019-02-26,2017-02-27
GILD,2017-12-31,4628000000.0,20442000000.0,2018-02-27,70283000000.0,26107000000.0,2018-02-27,2019-02-26,2018-02-27
GILD,2018-12-31,5455000000.0,21387000000.0,2019-02-26,63675000000.0,22127000000.0,2019-02-26,2019-02-26,2019-02-26
GILD,2019-12-31,5386000000.0,22525000000.0,2020-02-25,61627000000.0,22449000000.0,2020-02-25,2020-02-25,2020-02-25
GILD,2020-12-31,123000000.0,18202000000.0,2021-02-25,68407000000.0,24689000000.0,2021-02-25,2021-02-25,2021-02-25
GILD,2021-12-31,6225000000.0,21069000000.0,2022-02-23,67952000000.0,,2022-02-23,,2022-02-23
GILD,2022-12-31,4592000000.0,21240000000.0,2023-02-22,63171000000.0,,2023-02-22,,2023-02-22
GILD,2023-12-31,5665000000.0,22833000000.0,2024-02-23,62125000000.0,,2024-02-23,,2024-02-23
GILD,2024-12-31,480000000.0,19330000000.0,2025-02-28,58995000000.0,,2025-02-28,,2025-02-28
GILD,2025-12-31,8510000000.0,22703000000.0,2026-02-24,59023000000.0,,2026-02-24,,2026-02-24
GIS,2008-05-25,1294700000.0,,,,,,,2010-07-09
GIS,2009-05-31,1304400000.0,5172300000.0,2010-07-09,17874800000.0,,2010-07-09,,2010-07-09
GIS,2010-05-30,1530500000.0,5402900000.0,2010-07-09,17678900000.0,,2010-07-09,,2010-07-09
GIS,2011-05-29,1798300000.0,6365500000.0,2011-07-08,18674500000.0,,2011-07-08,,2011-07-08
GIS,2012-05-27,1567300000.0,6421700000.0,2012-07-03,21096800000.0,,2012-07-03,,2012-07-03
GIS,2013-05-26,1855200000.0,6672200000.0,2013-07-03,22658000000.0,,2013-07-03,,2013-07-03
GIS,2014-05-25,1824400000.0,6534800000.0,2014-07-03,23145700000.0,,2014-07-03,,2014-07-03
GIS,2015-05-31,1221300000.0,4996700000.0,2015-07-06,21964500000.0,,2015-07-06,,2015-07-06
GIS,2016-05-29,1697400000.0,4930200000.0,2016-06-30,21712300000.0,,2016-06-30,,2016-06-30
GIS,2017-05-28,1657500000.0,4327900000.0,2017-06-29,21812600000.0,,2017-06-29,,2017-06-29
GIS,2018-05-27,2131000000.0,6141100000.0,2018-06-29,30624000000.0,,2018-06-29,,2018-06-29
GIS,2019-05-26,1752700000.0,7054500000.0,2019-06-28,30111200000.0,2043900000.0,2019-06-28,2021-06-30,2019-06-28
GIS,2020-05-31,2181200000.0,8058500000.0,2020-07-02,30806700000.0,2045600000.0,2020-07-02,2021-06-30,2020-07-02
GIS,2021-05-30,2339800000.0,9470400000.0,2021-06-30,31841900000.0,2189200000.0,2021-06-30,2021-06-30,2021-06-30
GIS,2022-05-29,2707300000.0,10542400000.0,2022-06-30,31090100000.0,2134300000.0,2022-06-30,2022-06-30,2022-06-30
GIS,2023-05-28,2593900000.0,10449600000.0,2023-06-28,31451700000.0,1957400000.0,2023-06-28,2023-06-28,2023-06-28
GIS,2024-05-26,2496600000.0,9396700000.0,2024-06-26,31469900000.0,2037800000.0,2024-06-26,2024-06-26,2024-06-26
GIS,2025-05-25,2295200000.0,9199200000.0,2025-06-26,33071100000.0,,2025-06-26,,2025-06-26
GIS,2026-05-31,-87600000.0,7368400000.0,2026-07-01,30016700000.0,,2026-07-01,,2026-07-01
GL,2006-12-31,,3459193000.0,2010-02-26,,,,,
GL,2007-12-31,527535000.0,3324627000.0,2010-02-26,,3486697000.0,,2010-02-26,2010-02-26
GL,2008-12-31,452259000.0,2222907000.0,2010-02-26,13529050000.0,3326918000.0,2010-02-26,2010-02-26,2010-02-26
GL,2009-12-31,404953000.0,3398891000.0,2010-02-26,16023759000.0,3222397000.0,2010-02-26,2010-02-26,2010-02-26
GL,2010-12-31,517064000.0,4016241000.0,2011-02-28,16159762000.0,3367632000.0,2011-02-28,2011-02-28,2011-02-28
GL,2011-12-31,517885000.0,4228908000.0,2012-02-28,17156391000.0,3377401000.0,2012-02-28,2012-02-28,2012-02-28
GL,2012-12-31,529324000.0,4361786000.0,2013-02-28,18776910000.0,3589516000.0,2013-02-28,2013-02-28,2013-02-28
GL,2013-12-31,528472000.0,3776342000.0,2014-02-28,18191744000.0,3771938000.0,2014-02-28,2014-02-28,2014-02-28
GL,2014-12-31,542939000.0,4697466000.0,2015-02-27,20214730000.0,3964296000.0,2015-02-27,2015-02-27,2015-02-27
GL,2015-12-31,527100000.0,4055552000.0,2016-02-26,19853213000.0,3766065000.0,2016-02-26,2016-02-26,2016-02-26
GL,2016-12-31,549779000.0,4566861000.0,2017-02-27,21436087000.0,3934629000.0,2017-02-27,2017-02-27,2017-02-27
GL,2017-12-31,1454494000.0,6231421000.0,2018-02-27,23474985000.0,4155573000.0,2018-02-27,2018-02-27,2018-02-27
GL,2018-12-31,701466000.0,5415177000.0,2019-03-01,23095722000.0,4303751000.0,2019-03-01,2019-03-01,2019-03-01
GL,2019-12-31,760790000.0,7294307000.0,2020-02-27,25977460000.0,4527532000.0,2020-02-27,2020-02-27,2020-02-27
GL,2020-12-31,731773000.0,8771092000.0,2021-02-25,29046731000.0,4737921000.0,2021-02-25,2021-02-25,2021-02-25
GL,2021-01-01,,933521000.0,2024-02-28,,,,,
GL,2021-12-31,744959000.0,8642806000.0,2022-02-24,29768048000.0,5112869000.0,2022-02-24,2022-02-24,2022-02-24
GL,2022-03-31,,,,28215723000.0,,2024-02-28,,
GL,2022-06-30,,,,26424294000.0,,2024-02-28,,
GL,2022-09-30,,,,25248899000.0,,2024-02-28,,
GL,2022-12-31,739704000.0,4895861000.0,2023-02-23,25537159000.0,5214906000.0,2023-02-23,2023-02-23,2023-02-23
GL,2023-03-31,,,,26922329000.0,,2024-02-28,,
GL,2023-06-30,,,,26769793000.0,,2024-02-28,,
GL,2023-09-30,,,,26223345000.0,,2024-02-28,,
GL,2023-12-31,970755000.0,4486803000.0,2024-02-28,28051499000.0,5447533000.0,2024-02-28,2024-02-28,2024-02-28
GL,2024-12-31,1070762000.0,5305520000.0,2025-02-26,29076181000.0,5778069000.0,2025-02-26,2025-02-26,2025-02-26
GL,2025-12-31,1161238000.0,5974579000.0,2026-02-25,30813692000.0,5994318000.0,2026-02-25,2026-02-25,2026-02-25
GLW,2007-12-31,2150000000.0,,,,,,,2010-02-10
GLW,2008-12-31,5257000000.0,13443000000.0,2010-02-10,19256000000.0,,2010-02-10,,2010-02-10
GLW,2009-12-31,2008000000.0,15543000000.0,2010-02-10,21295000000.0,,2010-02-10,,2010-02-10
GLW,2010-12-31,3558000000.0,19375000000.0,2011-02-10,25833000000.0,,2011-02-10,,2011-02-10
GLW,2011-12-31,2805000000.0,21078000000.0,2012-02-13,27848000000.0,,2012-02-13,,2012-02-13
GLW,2012-12-31,1728000000.0,21486000000.0,2013-02-13,29375000000.0,,2013-02-13,,2013-02-13
GLW,2013-12-31,1961000000.0,21162000000.0,2014-02-10,28478000000.0,,2014-02-10,,2014-02-10
GLW,2014-12-31,2472000000.0,21579000000.0,2015-02-13,30063000000.0,,2015-02-13,,2015-02-13
GLW,2015-12-31,1339000000.0,18788000000.0,2016-02-12,28547000000.0,,2016-02-12,,2016-02-12
GLW,2016-12-31,3695000000.0,17893000000.0,2017-02-06,27899000000.0,9390000000.0,2017-02-06,2019-02-12,2017-02-06
GLW,2017-12-31,-497000000.0,15698000000.0,2018-02-15,27494000000.0,10116000000.0,2018-02-15,2019-02-12,2018-02-15
GLW,2018-12-31,1066000000.0,13792000000.0,2019-02-12,27505000000.0,11290000000.0,2019-02-12,2019-02-12,2019-02-12
GLW,2019-12-31,960000000.0,12907000000.0,2020-02-18,28898000000.0,11503000000.0,2020-02-18,2020-02-18,2020-02-18
GLW,2020-12-31,512000000.0,13257000000.0,2021-02-12,30775000000.0,11303000000.0,2021-02-12,2021-02-12,2021-02-12
GLW,2021-12-31,1906000000.0,12333000000.0,2022-02-14,30154000000.0,14082000000.0,2022-02-14,2022-02-14,2022-02-14
GLW,2022-12-31,1316000000.0,12008000000.0,2023-02-13,29499000000.0,14189000000.0,2023-02-13,2023-02-13,2023-02-13
GLW,2023-12-31,581000000.0,11551000000.0,2024-02-12,28500000000.0,12588000000.0,2024-02-12,2024-02-12,2024-02-12
GLW,2024-12-31,506000000.0,10686000000.0,2025-02-13,27735000000.0,13118000000.0,2025-02-13,2025-02-13,2025-02-13
GLW,2025-12-31,1596000000.0,11807000000.0,2026-02-12,30976000000.0,15629000000.0,2026-02-12,2026-02-12,2026-02-12
GM,2010-12-31,6172000000.0,36180000000.0,2012-02-27,138898000000.0,135592000000.0,2012-02-27,2012-02-27,2012-02-27
GM,2011-12-31,9190000000.0,38120000000.0,2012-02-27,144603000000.0,150276000000.0,2012-02-27,2012-02-27,2012-02-27
GM,2012-12-31,6188000000.0,36244000000.0,2013-02-15,149422000000.0,152256000000.0,2013-02-15,2013-02-15,2013-02-15
GM,2013-12-31,5346000000.0,42607000000.0,2014-02-06,166344000000.0,155427000000.0,2014-02-06,2014-02-06,2014-02-06
GM,2014-12-31,3949000000.0,35457000000.0,2015-02-04,177677000000.0,155929000000.0,2015-02-04,2015-02-04,2015-02-04
GM,2015-12-31,9687000000.0,39871000000.0,2016-02-03,194520000000.0,152356000000.0,2016-02-03,2016-02-03,2016-02-03
GM,2016-12-31,9427000000.0,43836000000.0,2017-02-07,221690000000.0,166380000000.0,2017-02-07,2017-02-07,2017-02-07
GM,2017-12-31,-3864000000.0,35001000000.0,2018-02-06,212482000000.0,145588000000.0,2018-02-06,2018-02-06,2018-02-06
GM,2018-12-31,8014000000.0,38860000000.0,2019-02-06,227339000000.0,147049000000.0,2019-02-06,2019-02-06,2019-02-06
GM,2019-12-31,6732000000.0,41792000000.0,2020-02-05,228037000000.0,137237000000.0,2020-02-05,2020-02-05,2020-02-05
GM,2020-12-31,6427000000.0,45030000000.0,2021-02-10,235194000000.0,122485000000.0,2021-02-10,2021-02-10,2021-02-10
GM,2021-12-31,10019000000.0,59744000000.0,2022-02-02,244718000000.0,127004000000.0,2022-02-02,2022-02-02,2022-02-02
GM,2022-12-31,9934000000.0,67792000000.0,2023-01-31,264037000000.0,156735000000.0,2023-01-31,2023-01-31,2023-01-31
GM,2023-12-31,10127000000.0,64286000000.0,2024-01-30,273064000000.0,171842000000.0,2024-01-30,2024-01-30,2024-01-30
GM,2024-12-31,6008000000.0,63072000000.0,2025-01-28,279761000000.0,187442000000.0,2025-01-28,2025-01-28,2025-01-28
GM,2025-12-31,2697000000.0,61119000000.0,2026-01-27,281284000000.0,185019000000.0,2026-01-27,2026-01-27,2026-01-27
GME,2008-02-02,288291000.0,,,,,,,2010-03-30
GME,2009-01-31,398282000.0,2270585000.0,2010-03-30,4483494000.0,,2010-03-30,,2010-03-30
GME,2010-01-30,377265000.0,2723157000.0,2010-03-30,4955327000.0,,2010-03-30,,2010-03-30
GME,2011-01-29,408000000.0,2897300000.0,2011-03-30,5063800000.0,,2011-03-30,,2011-03-30
GME,2012-01-28,339900000.0,3042100000.0,2012-03-27,4847400000.0,,2012-03-27,,2012-03-27
GME,2013-02-02,-269700000.0,2286300000.0,2013-04-03,4133600000.0,,2013-04-03,,2013-04-03
GME,2014-02-01,354200000.0,,,4091400000.0,,2014-04-02,,2014-04-02
GME,2015-01-31,393100000.0,,,4246300000.0,,2015-03-30,,2015-03-30
GME,2016-01-30,402800000.0,,,4334900000.0,,2016-03-28,,2016-03-28
GME,2017-01-28,353200000.0,,,4975900000.0,,2017-03-27,,2017-03-27
GME,2018-02-03,34700000.0,,,5041600000.0,8547100000.0,2018-04-02,2020-03-27,2018-04-02
GME,2019-02-02,-673000000.0,,,4044300000.0,8285300000.0,2019-04-02,2020-03-27,2019-04-02
GME,2020-02-01,-470900000.0,,,2819700000.0,6466000000.0,2020-03-27,2020-03-27,2020-03-27
GME,2021-01-30,-215300000.0,,,2472600000.0,5089800000.0,2021-03-23,2021-03-23,2021-03-23
GME,2022-01-29,-381300000.0,,,3499300000.0,6010700000.0,2022-03-17,2022-03-17,2022-03-17
GME,2023-01-28,-313100000.0,1322300000.0,2026-03-24,3113400000.0,5927200000.0,2023-03-28,2023-03-28,2023-03-28
GME,2024-02-03,6700000.0,1338600000.0,2026-03-24,2709000000.0,5272800000.0,2024-03-26,2024-03-26,2024-03-26
GME,2025-02-01,131300000.0,4929800000.0,2026-03-24,5875400000.0,3823000000.0,2025-03-25,2025-03-25,2025-03-25
GME,2026-01-31,418400000.0,5444400000.0,2026-03-24,10388400000.0,3629900000.0,2026-03-24,2026-03-24,2026-03-24
GNRC,2008-12-31,,-810194000.0,2012-03-09,,,,,
GNRC,2009-12-31,43055000.0,-742814000.0,2012-03-09,,,,,2012-03-09
GNRC,2010-12-31,56913000.0,441067000.0,2012-03-09,1209883000.0,,2012-03-09,,2012-03-09
GNRC,2011-12-31,324643000.0,768889000.0,2012-03-09,1552793000.0,,2012-03-09,,2012-03-09
GNRC,2012-12-31,93223000.0,463628000.0,2013-03-13,1603847000.0,1176306000.0,2013-03-13,2015-02-27,2013-03-13
GNRC,2013-12-31,174539000.0,317071000.0,2014-03-03,1798205000.0,1485765000.0,2014-03-03,2015-02-27,2014-03-03
GNRC,2014-12-31,174613000.0,489799000.0,2015-02-27,1882542000.0,1460919000.0,2015-02-27,2015-02-27,2015-02-27
GNRC,2015-12-31,77747000.0,465871000.0,2016-02-26,1792816000.0,1317299000.0,2016-02-26,2016-02-26,2016-02-26
GNRC,2016-12-31,98788000.0,401122000.0,2017-02-24,1861684000.0,1444453000.0,2017-02-24,2017-02-24,2017-02-24
GNRC,2017-12-31,159386000.0,559552000.0,2018-02-26,2019964000.0,1672445000.0,2018-02-26,2018-02-26,2018-02-26
GNRC,2018-12-31,238257000.0,760549000.0,2019-02-26,2426314000.0,,2019-02-26,,2019-02-26
GNRC,2019-12-31,252007000.0,1032382000.0,2020-02-25,2665669000.0,,2020-02-25,,2020-02-25
GNRC,2020-12-31,350576000.0,1390293000.0,2021-02-23,3235423000.0,,2021-02-23,,2021-02-23
GNRC,2021-12-31,550494000.0,2213774000.0,2022-02-22,4877780000.0,,2022-02-22,,2022-02-22
GNRC,2022-12-31,399502000.0,2257381000.0,2023-02-22,5169462000.0,,2023-02-22,,2023-02-22
GNRC,2023-12-31,214606000.0,2340252000.0,2024-02-21,5093312000.0,,2024-02-21,,2024-02-21
GNRC,2024-12-31,316315000.0,2494278000.0,2025-02-19,5109331000.0,,2025-02-19,,2025-02-19
GNRC,2025-12-31,159554000.0,2632422000.0,2026-02-18,5573679000.0,,2026-02-18,,2026-02-18
GNW,2007-12-31,1220000000.0,,,,11125000000.0,,2010-02-26,2010-02-26
GNW,2008-12-31,-572000000.0,8926000000.0,2010-02-26,107389000000.0,9948000000.0,2010-02-26,2010-02-26,2010-02-26
GNW,2009-12-31,-460000000.0,12276000000.0,2010-02-26,108187000000.0,9069000000.0,2010-02-26,2010-02-26,2010-02-26
GNW,2010-12-31,142000000.0,13861000000.0,2011-02-25,112395000000.0,10089000000.0,2011-02-25,2011-02-25,2011-02-25
GNW,2011-12-31,122000000.0,16541000000.0,2012-02-27,114302000000.0,10344000000.0,2012-02-27,2012-02-27,2012-02-27
GNW,2012-12-31,323000000.0,16537000000.0,2013-02-28,113312000000.0,10023000000.0,2013-02-28,2013-02-28,2013-02-28
GNW,2013-12-31,560000000.0,14393000000.0,2014-03-03,108045000000.0,9403000000.0,2014-03-03,2014-03-03,2014-03-03
GNW,2014-12-31,-1244000000.0,14923000000.0,2015-03-02,111358000000.0,9565000000.0,2015-03-02,2015-03-02,2015-03-02
GNW,2015-12-31,-615000000.0,12824000000.0,2016-02-26,106431000000.0,8548000000.0,2016-02-26,2016-02-26,2016-02-26
GNW,2016-12-31,-277000000.0,12644000000.0,2017-02-27,104658000000.0,8369000000.0,2017-02-27,2017-02-27,2017-02-27
GNW,2017-12-31,817000000.0,13418000000.0,2018-02-28,105297000000.0,8295000000.0,2018-02-28,2018-02-28,2018-02-28
GNW,2018-12-31,119000000.0,12450000000.0,2019-02-27,100923000000.0,8430000000.0,2019-02-27,2019-02-27,2019-02-27
GNW,2019-12-31,343000000.0,14185000000.0,2020-02-27,101342000000.0,8096000000.0,2020-02-27,2020-02-27,2020-02-27
GNW,2020-12-31,178000000.0,15318000000.0,2021-02-26,105747000000.0,8658000000.0,2021-02-26,2021-02-26,2021-02-26
GNW,2021-01-01,,1575000000.0,2024-02-29,122346000000.0,,2024-02-29,,
GNW,2021-12-31,904000000.0,15510000000.0,2022-02-28,99171000000.0,7832000000.0,2022-02-28,2022-02-28,2022-02-28
GNW,2022-12-31,609000000.0,9984000000.0,2023-02-28,86442000000.0,7507000000.0,2023-02-28,2023-02-28,2023-02-28
GNW,2023-12-31,76000000.0,7480000000.0,2024-02-29,90817000000.0,7488000000.0,2024-02-29,2024-02-29,2024-02-29
GNW,2024-12-31,299000000.0,8494000000.0,2025-02-28,86871000000.0,7295000000.0,2025-02-28,2025-02-28,2025-02-28
GNW,2025-12-31,223000000.0,8750000000.0,2026-02-27,88083000000.0,7301000000.0,2026-02-27,2026-02-27,2026-02-27
GOOG,2012-12-31,,71570000000.0,2016-02-11,,,,,
GOOG,2013-12-31,12733000000.0,86977000000.0,2016-02-11,,55519000000.0,,2016-02-11,2016-02-11
GOOG,2014-12-31,14136000000.0,103860000000.0,2016-02-11,129187000000.0,66001000000.0,2016-02-11,2016-02-11,2016-02-11
GOOG,2015-12-31,16348000000.0,120331000000.0,2016-02-11,147461000000.0,74989000000.0,2016-02-11,2016-02-11,2016-02-11
GOOG,2016-12-31,19478000000.0,139036000000.0,2017-02-03,167497000000.0,90272000000.0,2017-02-03,2017-02-03,2017-02-03
GOOG,2017-12-31,12662000000.0,152502000000.0,2018-02-06,197295000000.0,110855000000.0,2018-02-06,2018-02-06,2018-02-06
GOOG,2018-12-31,30736000000.0,177628000000.0,2019-02-05,232792000000.0,136819000000.0,2019-02-05,2021-02-03,2019-02-05
GOOG,2019-12-31,34343000000.0,201442000000.0,2020-02-04,275909000000.0,161857000000.0,2020-02-04,2021-02-03,2020-02-04
GOOG,2020-12-31,40269000000.0,222544000000.0,2021-02-03,319616000000.0,182527000000.0,2021-02-03,2021-02-03,2021-02-03
GOOG,2021-12-31,76033000000.0,251635000000.0,2022-02-02,359268000000.0,257637000000.0,2022-02-02,2022-02-02,2022-02-02
GOOG,2022-12-31,59972000000.0,256144000000.0,2023-02-03,365264000000.0,,2023-02-03,,2023-02-03
GOOG,2023-12-31,73795000000.0,283379000000.0,2024-01-31,402392000000.0,307394000000.0,2024-01-31,2026-02-05,2024-01-31
GOOG,2024-12-31,100118000000.0,325084000000.0,2025-02-05,450256000000.0,350018000000.0,2025-02-05,2026-02-05,2025-02-05
GOOG,2025-12-31,132170000000.0,415265000000.0,2026-02-05,595281000000.0,402836000000.0,2026-02-05,2026-02-05,2026-02-05
GOOGL,2012-12-31,,71570000000.0,2016-02-11,,,,,
GOOGL,2013-12-31,12733000000.0,86977000000.0,2016-02-11,,55519000000.0,,2016-02-11,2016-02-11
GOOGL,2014-12-31,14136000000.0,103860000000.0,2016-02-11,129187000000.0,66001000000.0,2016-02-11,2016-02-11,2016-02-11
GOOGL,2015-12-31,16348000000.0,120331000000.0,2016-02-11,147461000000.0,74989000000.0,2016-02-11,2016-02-11,2016-02-11
GOOGL,2016-12-31,19478000000.0,139036000000.0,2017-02-03,167497000000.0,90272000000.0,2017-02-03,2017-02-03,2017-02-03
GOOGL,2017-12-31,12662000000.0,152502000000.0,2018-02-06,197295000000.0,110855000000.0,2018-02-06,2018-02-06,2018-02-06
GOOGL,2018-12-31,30736000000.0,177628000000.0,2019-02-05,232792000000.0,136819000000.0,2019-02-05,2021-02-03,2019-02-05
GOOGL,2019-12-31,34343000000.0,201442000000.0,2020-02-04,275909000000.0,161857000000.0,2020-02-04,2021-02-03,2020-02-04
GOOGL,2020-12-31,40269000000.0,222544000000.0,2021-02-03,319616000000.0,182527000000.0,2021-02-03,2021-02-03,2021-02-03
GOOGL,2021-12-31,76033000000.0,251635000000.0,2022-02-02,359268000000.0,257637000000.0,2022-02-02,2022-02-02,2022-02-02
GOOGL,2022-12-31,59972000000.0,256144000000.0,2023-02-03,365264000000.0,,2023-02-03,,2023-02-03
GOOGL,2023-12-31,73795000000.0,283379000000.0,2024-01-31,402392000000.0,307394000000.0,2024-01-31,2026-02-05,2024-01-31
GOOGL,2024-12-31,100118000000.0,325084000000.0,2025-02-05,450256000000.0,350018000000.0,2025-02-05,2026-02-05,2025-02-05
GOOGL,2025-12-31,132170000000.0,415265000000.0,2026-02-05,595281000000.0,402836000000.0,2026-02-05,2026-02-05,2026-02-05
GPC,2006-12-31,,,,4496984000.0,,2011-02-25,,
GPC,2007-12-31,,,,4774069000.0,,2011-02-25,,
GPC,2008-12-31,,2324332000.0,2010-02-26,4786350000.0,,2010-02-26,,
GPC,2009-12-31,,2621330000.0,2010-02-26,5004689000.0,,2010-02-26,,
GPC,2010-12-31,,2793819000.0,2011-02-25,5465044000.0,,2011-02-25,,
GPC,2011-12-31,,2783235000.0,2012-02-27,5879591000.0,,2012-02-27,,
GPC,2012-12-31,,2997887000.0,2013-02-26,6807061000.0,,2013-02-26,,
GPC,2013-12-31,684959000.0,3349074000.0,2014-02-27,7680297000.0,,2014-02-27,,2016-02-26
GPC,2014-12-31,711286000.0,3301248000.0,2015-02-26,8246238000.0,,2015-02-26,,2016-02-26
GPC,2015-12-31,705672000.0,3146567000.0,2016-02-26,8144771000.0,,2016-02-26,,2016-02-26
GPC,2016-12-31,687240000.0,3193728000.0,2017-02-27,8859400000.0,15339713000.0,2017-02-27,2019-02-25,2017-02-27
GPC,2017-12-31,616757000.0,3412152000.0,2018-02-27,12412381000.0,16308801000.0,2018-02-27,2019-02-25,2018-02-27
GPC,2018-12-31,810474000.0,3450451000.0,2019-02-25,12683040000.0,18735073000.0,2019-02-25,2019-02-25,2019-02-25
GPC,2019-12-31,621085000.0,3674707000.0,2020-02-21,14645629000.0,19392305000.0,2020-02-21,2020-02-21,2020-02-21
GPC,2020-12-31,-29102000.0,3204796000.0,2021-02-19,13440215000.0,16537433000.0,2021-02-19,2021-02-19,2021-02-19
GPC,2021-12-31,898790000.0,3490742000.0,2022-02-17,14352102000.0,18870510000.0,2022-02-17,2022-02-17,2022-02-17
GPC,2022-12-31,1182701000.0,3790363000.0,2023-02-23,16495379000.0,22095973000.0,2023-02-23,2023-02-23,2023-02-23
GPC,2023-12-31,1316524000.0,4401047000.0,2024-02-22,17968454000.0,23090610000.0,2024-02-22,2024-02-22,2024-02-22
GPC,2024-12-31,904076000.0,4337407000.0,2025-02-21,19282705000.0,23486569000.0,2025-02-21,2025-02-21,2025-02-21
GPC,2025-12-31,65945000.0,4422991000.0,2026-02-20,20795540000.0,24300141000.0,2026-02-20,2026-02-20,2026-02-20
GPN,2009-05-31,37217000.0,,,,,,,2011-07-25
GPN,2010-05-31,203317000.0,861264000.0,2011-07-25,2039326000.0,1642468000.0,2011-07-25,2012-07-27,2011-07-25
GPN,2011-05-31,209238000.0,1184535000.0,2011-07-25,3350531000.0,1859802000.0,2011-07-25,2012-07-27,2011-07-25
GPN,2012-05-31,188161000.0,1172184000.0,2012-07-27,2688143000.0,2203847000.0,2012-07-27,2012-07-27,2012-07-27
GPN,2013-05-31,216125000.0,1146085000.0,2013-07-25,3125056000.0,2375923000.0,2013-07-25,2013-07-25,2013-07-25
GPN,2014-05-31,245286000.0,997227000.0,2014-07-29,4018650000.0,2554236000.0,2014-07-29,2014-07-29,2014-07-29
GPN,2015-05-31,278040000.0,757976000.0,2015-07-30,5793548000.0,2773718000.0,2015-07-30,2015-07-30,2015-07-30
GPN,2016-05-31,271666000.0,2746476000.0,2016-07-28,10509952000.0,2898150000.0,2016-07-28,2016-07-28,2016-07-28
GPN,2016-12-31,201753000.0,2630791000.0,2018-02-23,10664350000.0,3370976000.0,2018-02-23,2018-02-23,2018-02-23
GPN,2017-12-31,468425000.0,3794527000.0,2018-02-23,12998069000.0,3975163000.0,2018-02-23,2018-02-23,2018-02-23
GPN,2018-12-31,452053000.0,3991407000.0,2019-02-21,13230774000.0,,2019-02-21,,2019-02-21
GPN,2019-12-31,430613000.0,27855747000.0,2020-02-21,44480162000.0,,2020-02-21,,2020-02-21
GPN,2020-12-31,584520000.0,27332370000.0,2021-02-19,44201545000.0,,2021-02-19,,2021-02-19
GPN,2021-12-31,965460000.0,25628201000.0,2022-02-18,45279713000.0,,2022-02-18,,2022-02-18
GPN,2022-12-31,111493000.0,22303506000.0,2023-02-17,44809014000.0,,2023-02-17,,2023-02-17
GPN,2023-12-31,986233000.0,22999210000.0,2024-02-14,50570186000.0,,2024-02-14,,2024-02-14
GPN,2024-12-31,1570365000.0,22280686000.0,2025-02-14,46890255000.0,,2025-02-14,,2025-02-14
GPN,2025-12-31,1400107000.0,22888767000.0,2026-02-20,53338484000.0,,2026-02-20,,2026-02-20
GRMN,2007-12-29,,,,,3180319000.0,,2010-02-24,
GRMN,2008-12-27,,2225854000.0,2012-02-29,2934421000.0,3494077000.0,2010-02-24,2010-02-24,
GRMN,2009-12-26,703950000.0,2836447000.0,2012-02-29,3825874000.0,2946440000.0,2010-02-24,2010-02-24,2012-02-29
GRMN,2010-12-25,584603000.0,3049562000.0,2012-02-29,3988688000.0,2689911000.0,2011-02-23,2011-02-23,2012-02-29
GRMN,2011-12-31,520896000.0,3256581000.0,2012-02-29,4471338000.0,2758569000.0,2012-02-29,2012-02-29,2012-02-29
GRMN,2012-12-29,542403000.0,3531796000.0,2013-02-27,4819124000.0,2715675000.0,2013-02-27,2013-02-27,2013-02-27
GRMN,2013-12-28,612412000.0,3659706000.0,2014-02-19,4879603000.0,2631851000.0,2014-02-19,2014-02-19,2014-02-19
GRMN,2014-12-27,364211000.0,3403367000.0,2015-02-18,4693303000.0,2870658000.0,2015-02-18,2015-02-18,2015-02-18
GRMN,2015-12-26,456227000.0,3345126000.0,2016-02-17,4499391000.0,2820270000.0,2016-02-17,2016-02-17,2016-02-17
GRMN,2016-12-31,510814000.0,3418003000.0,2017-02-22,4525133000.0,3018665000.0,2017-02-22,2017-02-22,2017-02-22
GRMN,2017-12-30,694955000.0,3802466000.0,2018-02-21,5010260000.0,3087004000.0,2018-02-21,2018-02-21,2018-02-21
GRMN,2018-12-29,694080000.0,4162974000.0,2019-02-20,5382858000.0,,2019-02-20,,2019-02-20
GRMN,2019-12-28,952486000.0,4793496000.0,2020-02-19,6166799000.0,,2020-02-19,,2020-02-19
GRMN,2020-12-26,992324000.0,5516116000.0,2021-02-17,7031373000.0,,2021-02-17,,2021-02-17
GRMN,2021-12-25,1082200000.0,6114159000.0,2022-02-16,7854427000.0,,2022-02-16,,2022-02-16
GRMN,2022-12-31,973585000.0,6204340000.0,2023-02-22,7731170000.0,,2023-02-22,,2023-02-22
GRMN,2023-12-30,1289636000.0,7012060000.0,2024-02-21,8603569000.0,,2024-02-21,,2024-02-21
GRMN,2024-12-28,1411436000.0,7848398000.0,2025-02-19,9630527000.0,,2025-02-19,,2025-02-19
GRMN,2025-12-27,1663887000.0,8972564000.0,2026-02-18,10993669000.0,,2026-02-18,,2026-02-18
GS,2007-11-30,11599000000.0,42800000000.0,2010-03-01,,,,,2010-03-01
GS,2008-11-28,2322000000.0,64369000000.0,2010-03-01,884547000000.0,,2010-03-01,,2010-03-01
GS,2008-11-30,2322000000.0,64369000000.0,2011-03-01,884547000000.0,,2011-03-01,,2011-03-01
GS,2008-12-31,,,,1112225000000.0,,2011-03-01,,
GS,2009-12-31,13385000000.0,70714000000.0,2010-03-01,848942000000.0,,2010-03-01,,2010-03-01
GS,2010-12-31,8354000000.0,77356000000.0,2011-03-01,911332000000.0,,2011-03-01,,2011-03-01
GS,2011-12-31,4442000000.0,70379000000.0,2012-02-28,923225000000.0,,2012-02-28,,2012-02-28
GS,2012-12-31,7475000000.0,75716000000.0,2013-03-01,938555000000.0,,2013-03-01,,2013-03-01
GS,2013-12-31,8040000000.0,78467000000.0,2014-02-28,911507000000.0,,2014-02-28,,2014-02-28
GS,2014-12-31,8477000000.0,82797000000.0,2015-02-23,856240000000.0,,2015-02-23,,2015-02-23
GS,2015-12-31,6083000000.0,86728000000.0,2016-02-22,861395000000.0,,2016-02-22,,2016-02-22
GS,2016-12-31,7398000000.0,86893000000.0,2017-02-27,860165000000.0,,2017-02-27,,2017-02-27
GS,2017-12-31,4286000000.0,82243000000.0,2018-02-26,916776000000.0,,2018-02-26,,2018-02-26
GS,2018-12-31,10459000000.0,90185000000.0,2019-02-26,931796000000.0,,2019-02-26,,2019-02-26
GS,2019-12-31,8466000000.0,90265000000.0,2020-02-21,992968000000.0,,2020-02-21,,2020-02-21
GS,2020-12-31,9459000000.0,95932000000.0,2021-02-22,1163028000000.0,,2021-02-22,,2021-02-22
GS,2021-12-31,21635000000.0,109926000000.0,2022-02-25,1463988000000.0,,2022-02-25,,2022-02-25
GS,2022-12-31,11261000000.0,117189000000.0,2023-02-24,1441799000000.0,,2023-02-24,,2023-02-24
GS,2023-12-31,8516000000.0,116905000000.0,2024-02-23,1641594000000.0,,2024-02-23,,2024-02-23
GS,2024-12-31,14276000000.0,121996000000.0,2025-02-27,1675972000000.0,,2025-02-27,,2025-02-27
GS,2025-12-31,17176000000.0,124972000000.0,2026-02-25,1809320000000.0,,2026-02-25,,2026-02-25
GT,2008-12-31,-77000000.0,,,,,,,2011-02-10
GT,2009-12-31,-375000000.0,735000000.0,2011-02-10,14410000000.0,,2011-02-10,,2011-02-10
GT,2010-12-31,-216000000.0,644000000.0,2011-02-10,15630000000.0,,2011-02-10,,2011-02-10
GT,2011-12-31,343000000.0,749000000.0,2012-02-14,17629000000.0,,2012-02-14,,2012-02-14
GT,2012-12-31,212000000.0,370000000.0,2013-02-12,16973000000.0,,2013-02-12,,2013-02-12
GT,2013-12-31,629000000.0,1606000000.0,2014-02-13,17527000000.0,,2014-02-13,,2014-02-13
GT,2014-12-31,2452000000.0,3610000000.0,2015-02-17,18109000000.0,,2015-02-17,,2015-02-17
GT,2015-12-31,307000000.0,3920000000.0,2016-02-09,16439000000.0,,2016-02-09,,2016-02-09
GT,2016-12-31,1264000000.0,4507000000.0,2017-02-08,16511000000.0,15158000000.0,2017-02-08,2019-02-08,2017-02-08
GT,2017-12-31,346000000.0,4603000000.0,2018-02-08,17064000000.0,15377000000.0,2018-02-08,2019-02-08,2018-02-08
GT,2018-12-31,693000000.0,4864000000.0,2019-02-08,16872000000.0,15475000000.0,2019-02-08,2019-02-08,2019-02-08
GT,2019-12-31,-311000000.0,4351000000.0,2020-02-11,17185000000.0,14745000000.0,2020-02-11,2020-02-11,2020-02-11
GT,2020-12-31,-1254000000.0,3078000000.0,2021-02-09,16506000000.0,12321000000.0,2021-02-09,2021-02-09,2021-02-09
GT,2021-12-31,764000000.0,4999000000.0,2022-02-14,21402000000.0,17478000000.0,2022-02-14,2022-02-14,2022-02-14
GT,2022-12-31,202000000.0,5300000000.0,2023-02-13,22431000000.0,20805000000.0,2023-02-13,2023-02-13,2023-02-13
GT,2023-12-31,-689000000.0,4668000000.0,2024-02-13,21582000000.0,20066000000.0,2024-02-13,2024-02-13,2024-02-13
GT,2024-12-31,70000000.0,4756000000.0,2025-02-14,20964000000.0,18878000000.0,2025-02-14,2025-02-14,2025-02-14
GT,2025-12-31,-1721000000.0,3233000000.0,2026-02-10,18208000000.0,18280000000.0,2026-02-10,2026-02-10,2026-02-10
GTE,2008-12-31,23495000.0,,,,114029000.0,,2011-02-25,2011-02-25
GTE,2009-12-31,13941000.0,816426000.0,2011-02-25,1143808000.0,263716000.0,2011-02-25,2011-02-25,2011-02-25
GTE,2010-12-31,37172000.0,886866000.0,2011-02-25,1249254000.0,374460000.0,2011-02-25,2011-02-25,2011-02-25
GTE,2011-12-31,126917000.0,1174318000.0,2012-02-27,1626780000.0,,2012-02-27,,2012-02-27
GTE,2012-12-31,99659000.0,1291431000.0,2013-02-26,1732875000.0,,2013-02-26,,2013-02-26
GTE,2013-12-31,126288000.0,1429908000.0,2014-02-26,1904550000.0,,2014-02-26,,2014-02-26
GTE,2014-12-31,-171339000.0,1276685000.0,2015-03-02,1714050000.0,,2015-03-02,,2015-03-02
GTE,2015-12-31,-268029000.0,1001642000.0,2016-02-29,1146118000.0,,2016-02-29,,2016-02-29
GTE,2016-12-31,-465565000.0,858987000.0,2017-03-01,1367896000.0,,2017-03-01,,2017-03-01
GTE,2017-12-31,-31708000.0,936335000.0,2018-02-27,1429619000.0,,2018-02-27,,2018-02-27
GTE,2018-12-31,102616000.0,1029750000.0,2019-02-27,1676584000.0,,2019-02-27,,2019-02-27
GTE,2019-12-31,38690000.0,1032610000.0,2020-02-27,2044664000.0,,2020-02-27,,2020-02-27
GTE,2020-12-31,-777967000.0,257034000.0,2021-02-25,1201762000.0,,2021-02-25,,2021-02-25
GTE,2021-12-31,42482000.0,302080000.0,2022-02-23,1189111000.0,,2022-02-23,,2022-02-23
GTE,2022-12-31,139029000.0,417566000.0,2023-02-22,1335610000.0,,2023-02-22,,2023-02-22
GTE,2023-12-31,-6287000.0,396394000.0,2024-02-20,1326289000.0,,2024-02-20,,2024-02-20
GTE,2024-12-31,3216000.0,413568000.0,2025-02-24,1654787000.0,,2025-02-24,,2025-02-24
GTE,2025-12-31,-193119000.0,228744000.0,2026-03-04,1586079000.0,,2026-03-04,,2026-03-04
GWW,2007-12-31,420120000.0,2098108000.0,2010-02-25,3094028000.0,6418014000.0,2010-02-25,2010-02-25,2010-02-25
GWW,2008-12-31,475355000.0,2033805000.0,2010-02-25,3515417000.0,6850032000.0,2010-02-25,2010-02-25,2010-02-25
GWW,2009-12-31,430466000.0,2163720000.0,2010-02-25,3726332000.0,6221991000.0,2010-02-25,2010-02-25,2010-02-25
GWW,2010-12-31,510865000.0,2205216000.0,2011-02-28,3904377000.0,7182158000.0,2011-02-28,2011-02-28,2011-02-28
GWW,2011-12-31,658423000.0,2628785000.0,2012-02-28,4716062000.0,8078185000.0,2012-02-28,2012-02-28,2012-02-28
GWW,2012-12-31,689881000.0,3023912000.0,2013-02-28,5014598000.0,8950045000.0,2013-02-28,2013-02-28,2013-02-28
GWW,2013-12-31,797036000.0,3250438000.0,2014-02-27,5266328000.0,9437758000.0,2014-02-27,2014-02-27,2014-02-27
GWW,2014-12-31,801729000.0,3209872000.0,2015-02-27,5284252000.0,9964953000.0,2015-02-27,2015-02-27,2015-02-27
GWW,2015-12-31,768996000.0,2266634000.0,2016-02-29,5857755000.0,9973384000.0,2016-02-29,2016-02-29,2016-02-29
GWW,2016-12-31,605928000.0,1797935000.0,2017-02-28,5694307000.0,10137204000.0,2017-02-28,2017-02-28,2017-02-28
GWW,2017-12-31,585730000.0,1690132000.0,2018-02-26,5804254000.0,10424858000.0,2018-02-26,2018-02-26,2018-02-26
GWW,2018-12-31,782000000.0,1921000000.0,2019-02-28,5873000000.0,11221000000.0,2019-02-28,2019-02-28,2019-02-28
GWW,2019-12-31,849000000.0,1855000000.0,2020-02-20,6005000000.0,,2020-02-20,,2020-02-20
GWW,2020-12-31,695000000.0,1828000000.0,2021-02-24,6295000000.0,,2021-02-24,,2021-02-24
GWW,2021-12-31,1043000000.0,1874000000.0,2022-02-23,6592000000.0,,2022-02-23,,2022-02-23
GWW,2022-12-31,1547000000.0,2440000000.0,2023-02-21,7588000000.0,,2023-02-21,,2023-02-21
GWW,2023-12-31,1829000000.0,3115000000.0,2024-02-22,8147000000.0,,2024-02-22,,2024-02-22
GWW,2024-12-31,1909000000.0,3358000000.0,2025-02-20,8829000000.0,,2025-02-20,,2025-02-20
GWW,2025-12-31,1706000000.0,3736000000.0,2026-02-19,8962000000.0,,2026-02-19,,2026-02-19
H,2009-12-31,-43000000.0,,,,3330000000.0,,2012-02-16,2012-02-16
H,2010-12-31,66000000.0,5118000000.0,2012-02-16,7243000000.0,3527000000.0,2012-02-16,2012-02-16,2012-02-16
H,2011-12-31,113000000.0,4818000000.0,2012-02-16,7507000000.0,3698000000.0,2012-02-16,2012-02-16,2012-02-16
H,2012-12-31,88000000.0,4821000000.0,2013-02-13,7640000000.0,3949000000.0,2013-02-13,2013-02-13,2013-02-13
H,2013-12-31,207000000.0,4769000000.0,2014-02-18,8177000000.0,4184000000.0,2014-02-18,2014-02-18,2014-02-18
H,2014-12-31,344000000.0,4627000000.0,2015-02-18,8143000000.0,4415000000.0,2015-02-18,2015-02-18,2015-02-18
H,2015-12-31,124000000.0,3991000000.0,2016-02-18,7596000000.0,4328000000.0,2016-02-18,2016-02-18,2016-02-18
H,2016-12-31,204000000.0,3903000000.0,2017-02-16,7749000000.0,4429000000.0,2017-02-16,2017-02-16,2017-02-16
H,2017-12-31,249000000.0,3525000000.0,2018-02-15,7672000000.0,4685000000.0,2018-02-15,2018-02-15,2018-02-15
H,2018-01-01,,,,7568000000.0,,2019-02-14,,
H,2018-12-31,769000000.0,3670000000.0,2019-02-14,7643000000.0,,2019-02-14,,2019-02-14
H,2019-01-01,,,,8043000000.0,,2020-02-20,,
H,2019-12-31,766000000.0,3962000000.0,2020-02-20,8417000000.0,,2020-02-20,,2020-02-20
H,2020-12-31,-703000000.0,3211000000.0,2021-02-18,9129000000.0,,2021-02-18,,2021-02-18
H,2021-12-31,-222000000.0,3563000000.0,2022-02-17,12603000000.0,,2022-02-17,,2022-02-17
H,2022-12-31,455000000.0,3699000000.0,2023-02-16,12312000000.0,,2023-02-16,,2023-02-16
H,2023-12-31,220000000.0,3564000000.0,2024-02-23,12833000000.0,,2024-02-23,,2024-02-23
H,2024-12-31,1296000000.0,3547000000.0,2025-02-13,13324000000.0,,2025-02-13,,2025-02-13
H,2025-12-31,-52000000.0,3334000000.0,2026-02-13,14036000000.0,,2026-02-13,,2026-02-13
HAL,2007-12-31,3486000000.0,,,,15264000000.0,,2010-02-17,2010-02-17
HAL,2008-12-31,2224000000.0,7725000000.0,2010-02-17,14385000000.0,18279000000.0,2010-02-17,2010-02-17,2010-02-17
HAL,2009-12-31,1145000000.0,8728000000.0,2010-02-17,16538000000.0,14675000000.0,2010-02-17,2010-02-17,2010-02-17
HAL,2010-12-31,1835000000.0,10373000000.0,2011-02-17,18297000000.0,17973000000.0,2011-02-17,2011-02-17,2011-02-17
HAL,2011-12-31,2839000000.0,13198000000.0,2012-02-16,23677000000.0,,2012-02-16,,2012-02-16
HAL,2012-12-31,2635000000.0,15765000000.0,2013-02-11,27410000000.0,,2013-02-11,,2013-02-11
HAL,2013-12-31,2125000000.0,13581000000.0,2014-02-07,29223000000.0,,2014-02-07,,2014-02-07
HAL,2014-12-31,3500000000.0,16267000000.0,2015-02-24,32240000000.0,,2015-02-24,,2015-02-24
HAL,2015-12-31,-671000000.0,15462000000.0,2016-02-05,36942000000.0,,2016-02-05,,2016-02-05
HAL,2016-12-31,-5763000000.0,9409000000.0,2017-02-07,27000000000.0,,2017-02-07,,2017-02-07
HAL,2017-12-31,-463000000.0,8322000000.0,2018-02-09,25085000000.0,,2018-02-09,,2018-02-09
HAL,2018-12-31,1656000000.0,9522000000.0,2019-02-13,25982000000.0,,2019-02-13,,2019-02-13
HAL,2019-12-31,-1131000000.0,8012000000.0,2020-02-11,25377000000.0,,2020-02-11,,2020-02-11
HAL,2020-12-31,-2945000000.0,4974000000.0,2021-02-05,20680000000.0,,2021-02-05,,2021-02-05
HAL,2021-12-31,1457000000.0,6713000000.0,2022-02-04,22321000000.0,,2022-02-04,,2022-02-04
HAL,2022-12-31,1572000000.0,7948000000.0,2023-02-07,23255000000.0,,2023-02-07,,2023-02-07
HAL,2023-12-31,2638000000.0,9391000000.0,2024-02-06,24683000000.0,,2024-02-06,,2024-02-06
HAL,2024-12-31,2501000000.0,10506000000.0,2025-02-12,25587000000.0,,2025-02-12,,2025-02-12
HAL,2025-12-31,1283000000.0,10461000000.0,2026-02-06,25010000000.0,,2026-02-06,,2026-02-06
HAS,2007-12-30,,1385092000.0,2011-02-23,,,,,
HAS,2008-12-28,306766000.0,1390786000.0,2011-02-23,,,,,2011-02-23
HAS,2009-12-27,374930000.0,1594772000.0,2011-02-23,3896892000.0,,2011-02-23,,2011-02-23
HAS,2010-12-26,397752000.0,1615420000.0,2011-02-23,4093226000.0,,2011-02-23,,2011-02-23
HAS,2011-12-25,385367000.0,1417515000.0,2012-02-22,4130774000.0,,2012-02-22,,2012-02-22
HAS,2012-12-30,335999000.0,1507379000.0,2013-02-27,4325387000.0,,2013-02-27,,2013-02-27
HAS,2013-12-29,286198000.0,1682343000.0,2014-02-26,4402267000.0,1872980000.0,2014-02-26,2016-02-24,2014-02-26
HAS,2014-12-28,415930000.0,1465664000.0,2015-02-26,4532142000.0,2022997000.0,2015-02-26,2016-02-24,2015-02-26
HAS,2015-12-27,451838000.0,1663902000.0,2016-02-24,4720717000.0,1971875000.0,2016-02-24,2016-02-24,2016-02-24
HAS,2016-12-25,551380000.0,1862736000.0,2017-02-22,5091366000.0,2194651000.0,2017-02-22,2017-02-22,2017-02-22
HAS,2017-12-31,396607000.0,1829957000.0,2018-02-26,5289983000.0,5209782000.0,2018-02-26,2019-02-26,2018-02-26
HAS,2018-12-30,220434000.0,1754486000.0,2019-02-26,5262988000.0,4579646000.0,2019-02-26,2019-02-26,2019-02-26
HAS,2019-12-29,520454000.0,2995530000.0,2020-02-27,8855628000.0,4720227000.0,2020-02-27,2020-02-27,2020-02-27
HAS,2020-12-27,222519000.0,,,10818385000.0,5465443000.0,2021-02-24,2021-02-24,2021-02-24
HAS,2021-12-26,428700000.0,,,10037800000.0,6420400000.0,2022-02-23,2022-02-23,2022-02-23
HAS,2022-12-25,203500000.0,,,9295900000.0,5856700000.0,2023-02-22,2023-02-22,2023-02-22
HAS,2023-12-31,-1489300000.0,,,6540900000.0,5003300000.0,2024-02-28,2024-02-28,2024-02-28
HAS,2024-12-29,385600000.0,,,6340300000.0,4745900000.0,2025-02-27,2025-02-27,2025-02-27
HAS,2025-12-28,-322400000.0,,,5552000000.0,5365900000.0,2026-02-25,2026-02-25,2026-02-25
HBAN,2007-12-31,,5951090000.0,2011-02-18,,,,,
HBAN,2008-12-31,-113806000.0,7228906000.0,2011-02-18,,,,,2011-02-18
HBAN,2009-12-31,-3094179000.0,5336002000.0,2011-02-18,51554665000.0,,2011-02-18,,2011-02-18
HBAN,2010-12-31,312347000.0,4980542000.0,2011-02-18,53819642000.0,,2011-02-18,,2011-02-18
HBAN,2011-12-31,542613000.0,5418100000.0,2012-02-17,54450652000.0,,2012-02-17,,2012-02-17
HBAN,2012-12-31,641022000.0,5790211000.0,2013-02-15,56153185000.0,,2013-02-15,,2013-02-15
HBAN,2013-12-31,638741000.0,6099323000.0,2014-02-14,59476344000.0,,2014-02-14,,2014-02-14
HBAN,2014-12-31,632392000.0,6328170000.0,2015-02-13,66298010000.0,,2015-02-13,,2015-02-13
HBAN,2015-12-31,692957000.0,6594606000.0,2016-02-17,71044551000.0,,2016-02-17,,2016-02-17
HBAN,2016-12-31,711821000.0,10308146000.0,2017-02-22,99714097000.0,,2017-02-22,,2017-02-22
HBAN,2017-12-31,1186000000.0,10814000000.0,2018-02-16,104185000000.0,,2018-02-16,,2018-02-16
HBAN,2018-12-31,1393000000.0,11102000000.0,2019-02-15,108781000000.0,881000000.0,2019-02-15,2019-02-15,2019-02-15
HBAN,2019-12-31,1411000000.0,11795000000.0,2020-02-14,109002000000.0,939000000.0,2020-02-14,2020-02-14,2020-02-14
HBAN,2020-12-31,817000000.0,12993000000.0,2021-02-26,123038000000.0,884000000.0,2021-02-26,2021-02-26,2021-02-26
HBAN,2021-12-31,1295000000.0,19297000000.0,2022-02-18,174064000000.0,1113000000.0,2022-02-18,2022-02-18,2022-02-18
HBAN,2022-12-31,2238000000.0,17731000000.0,2023-02-17,182906000000.0,1318000000.0,2023-02-17,2023-02-17,2023-02-17
HBAN,2023-12-31,1951000000.0,19353000000.0,2024-02-16,189368000000.0,1400000000.0,2024-02-16,2024-02-16,2024-02-16
HBAN,2024-12-31,1940000000.0,19740000000.0,2025-02-14,204230000000.0,1468000000.0,2025-02-14,2025-02-14,2025-02-14
HBAN,2025-12-31,2211000000.0,24342000000.0,2026-02-13,225106000000.0,1562000000.0,2026-02-13,2026-02-13,2026-02-13
HCA,2009-12-31,1054000000.0,,,,,,,2012-02-24
HCA,2010-12-31,1207000000.0,11926000000.0,2012-02-24,23852000000.0,,2012-02-24,,2012-02-24
HCA,2011-12-31,2465000000.0,8258000000.0,2012-02-24,26898000000.0,,2012-02-24,,2012-02-24
HCA,2012-12-31,1605000000.0,-9660000000.0,2013-02-27,28075000000.0,,2013-02-27,,2013-02-27
HCA,2013-12-31,1556000000.0,-8270000000.0,2014-02-26,28831000000.0,,2014-02-26,,2014-02-26
HCA,2014-12-31,1875000000.0,-7894000000.0,2015-02-26,31199000000.0,,2015-02-26,,2015-02-26
HCA,2015-12-31,2129000000.0,-7599000000.0,2016-02-26,32744000000.0,,2016-02-26,,2016-02-26
HCA,2016-12-31,2890000000.0,-7302000000.0,2017-02-22,33758000000.0,,2017-02-22,,2017-02-22
HCA,2017-12-31,2216000000.0,-6806000000.0,2018-02-23,36593000000.0,,2018-02-23,,2018-02-23
HCA,2018-12-31,3787000000.0,-4950000000.0,2019-02-21,39207000000.0,,2019-02-21,,2019-02-21
HCA,2019-12-31,3505000000.0,-2808000000.0,2020-02-20,45058000000.0,51336000000.0,2020-02-20,2022-02-18,2020-02-20
HCA,2020-12-31,3754000000.0,572000000.0,2021-02-19,47490000000.0,51533000000.0,2021-02-19,2022-02-18,2021-02-19
HCA,2021-12-31,6956000000.0,-933000000.0,2022-02-18,50742000000.0,58752000000.0,2022-02-18,2022-02-18,2022-02-18
HCA,2022-12-31,5643000000.0,-2767000000.0,2023-02-17,52438000000.0,60233000000.0,2023-02-17,2023-02-17,2023-02-17
HCA,2023-12-31,5242000000.0,-1774000000.0,2024-02-16,56211000000.0,64968000000.0,2024-02-16,2024-02-16,2024-02-16
HCA,2024-12-31,5760000000.0,-2499000000.0,2025-02-14,59513000000.0,70603000000.0,2025-02-14,2025-02-14,2025-02-14
HCA,2025-12-31,6784000000.0,-6027000000.0,2026-02-10,60720000000.0,75600000000.0,2026-02-10,2026-02-10,2026-02-10
HD,2007-01-28,,25030000000.0,2010-03-25,,,,,
HD,2008-02-03,4395000000.0,17714000000.0,2010-03-25,,77349000000.0,,2010-03-25,2010-03-25
HD,2009-02-01,2260000000.0,17777000000.0,2010-03-25,41164000000.0,71288000000.0,2010-03-25,2010-03-25,2010-03-25
HD,2010-01-31,2661000000.0,19393000000.0,2010-03-25,40877000000.0,66176000000.0,2010-03-25,2010-03-25,2010-03-25
HD,2011-01-30,3338000000.0,18889000000.0,2011-03-24,40125000000.0,,2011-03-24,,2011-03-24
HD,2012-01-29,3883000000.0,17898000000.0,2012-03-22,40518000000.0,,2012-03-22,,2012-03-22
HD,2013-02-03,4535000000.0,17777000000.0,2013-03-28,41084000000.0,,2013-03-28,,2013-03-28
HD,2014-02-02,5385000000.0,12522000000.0,2014-03-27,40518000000.0,,2014-03-27,,2014-03-27
HD,2015-02-01,6345000000.0,9322000000.0,2015-03-26,39946000000.0,,2015-03-26,,2015-03-26
HD,2016-01-31,7009000000.0,6316000000.0,2016-03-24,42549000000.0,,2016-03-24,,2016-03-24
HD,2017-01-29,7957000000.0,4333000000.0,2017-03-23,42966000000.0,,2017-03-23,,2017-03-23
HD,2018-01-28,8630000000.0,1454000000.0,2018-03-22,44529000000.0,,2018-03-22,,2018-03-22
HD,2019-02-03,11121000000.0,-1878000000.0,2019-03-28,44003000000.0,,2019-03-28,,2019-03-28
HD,2020-02-02,11242000000.0,-3116000000.0,2020-03-25,51236000000.0,,2020-03-25,,2020-03-25
HD,2021-01-31,12866000000.0,3299000000.0,2021-03-24,70581000000.0,,2021-03-24,,2021-03-24
HD,2022-01-30,16433000000.0,-1696000000.0,2022-03-23,71876000000.0,,2022-03-23,,2022-03-23
HD,2023-01-29,17105000000.0,1562000000.0,2023-03-15,76445000000.0,,2023-03-15,,2023-03-15
HD,2024-01-28,15143000000.0,1044000000.0,2024-03-13,76530000000.0,,2024-03-13,,2024-03-13
HD,2025-02-02,14806000000.0,6640000000.0,2025-03-21,96119000000.0,,2025-03-21,,2025-03-21
HD,2026-02-01,14156000000.0,12813000000.0,2026-03-18,105095000000.0,,2026-03-18,,2026-03-18
HIG,2007-12-31,2949000000.0,,,,25916000000.0,,2010-02-23,2010-02-23
HIG,2008-12-31,-2749000000.0,9268000000.0,2010-02-23,287583000000.0,9219000000.0,2010-02-23,2010-02-23,2010-02-23
HIG,2009-12-31,-887000000.0,17865000000.0,2010-02-23,307717000000.0,24701000000.0,2010-02-23,2010-02-23,2010-02-23
HIG,2010-12-31,1680000000.0,20311000000.0,2012-02-24,318346000000.0,22049000000.0,2012-02-24,2012-02-24,2012-02-24
HIG,2011-12-31,662000000.0,22910000000.0,2012-02-24,304064000000.0,21859000000.0,2012-02-24,2012-02-24,2012-02-24
HIG,2012-12-31,-38000000.0,22447000000.0,2013-03-01,298513000000.0,26412000000.0,2013-03-01,2013-03-01,2013-03-01
HIG,2013-12-31,176000000.0,18905000000.0,2014-02-28,277884000000.0,26236000000.0,2014-02-28,2014-02-28,2014-02-28
HIG,2014-12-31,798000000.0,18720000000.0,2015-02-27,245013000000.0,18614000000.0,2015-02-27,2015-02-27,2015-02-27
HIG,2015-12-31,1682000000.0,17642000000.0,2016-02-26,228348000000.0,18377000000.0,2016-02-26,2016-02-26,2016-02-26
HIG,2016-12-31,896000000.0,16903000000.0,2017-02-24,223432000000.0,18300000000.0,2017-02-24,2017-02-24,2017-02-24
HIG,2017-12-31,-3131000000.0,13494000000.0,2018-02-23,225260000000.0,16974000000.0,2018-02-23,2018-02-23,2018-02-23
HIG,2018-12-31,1807000000.0,13101000000.0,2019-02-22,62307000000.0,18955000000.0,2019-02-22,2019-02-22,2019-02-22
HIG,2019-12-31,2085000000.0,16270000000.0,2020-02-21,70817000000.0,20740000000.0,2020-02-21,2020-02-21,2020-02-21
HIG,2020-12-31,1737000000.0,18556000000.0,2021-02-19,74111000000.0,20523000000.0,2021-02-19,2021-02-19,2021-02-19
HIG,2021-01-01,,18491000000.0,2024-02-23,,,,,
HIG,2021-12-31,2365000000.0,17843000000.0,2022-02-18,76578000000.0,22390000000.0,2022-02-18,2022-02-18,2022-02-18
HIG,2022-12-31,1815000000.0,13631000000.0,2023-02-24,73022000000.0,22362000000.0,2023-02-24,2023-02-24,2023-02-24
HIG,2023-12-31,2504000000.0,15327000000.0,2024-02-23,76780000000.0,24527000000.0,2024-02-23,2024-02-23,2024-02-23
HIG,2024-12-31,3111000000.0,16447000000.0,2025-02-21,80917000000.0,26535000000.0,2025-02-21,2025-02-21,2025-02-21
HIG,2025-12-31,3836000000.0,18979000000.0,2026-02-20,85997000000.0,28368000000.0,2026-02-20,2026-02-20,2026-02-20
HII,2008-12-31,,961000000.0,2012-03-29,,,,,
HII,2009-12-31,124000000.0,1437000000.0,2012-03-29,,,,,2012-03-29
HII,2010-12-31,135000000.0,1418000000.0,2012-03-29,5203000000.0,,2012-03-29,,2012-03-29
HII,2011-12-31,-94000000.0,872000000.0,2012-03-29,6001000000.0,,2012-03-29,,2012-03-29
HII,2012-12-31,146000000.0,667000000.0,2013-02-27,6392000000.0,,2013-02-27,,2013-02-27
HII,2013-12-31,261000000.0,1521000000.0,2014-02-27,6225000000.0,,2014-02-27,,2014-02-27
HII,2014-12-31,338000000.0,1365000000.0,2015-02-19,6269000000.0,,2015-02-19,,2015-02-19
HII,2015-12-31,404000000.0,1490000000.0,2016-02-18,6024000000.0,,2016-02-18,,2016-02-18
HII,2016-12-31,573000000.0,1653000000.0,2017-02-16,6352000000.0,7068000000.0,2017-02-16,2019-02-14,2017-02-16
HII,2017-12-31,479000000.0,1758000000.0,2018-02-15,6374000000.0,7441000000.0,2018-02-15,2019-02-14,2018-02-15
HII,2018-12-31,836000000.0,1516000000.0,2019-02-14,6383000000.0,8176000000.0,2019-02-14,2019-02-14,2019-02-14
HII,2019-12-31,549000000.0,1588000000.0,2020-02-13,7031000000.0,8899000000.0,2020-02-13,2020-02-13,2020-02-13
HII,2020-12-31,696000000.0,1901000000.0,2021-02-11,8157000000.0,9361000000.0,2021-02-11,2021-02-11,2021-02-11
HII,2021-12-31,544000000.0,2808000000.0,2022-02-10,10627000000.0,9524000000.0,2022-02-10,2022-02-10,2022-02-10
HII,2022-12-31,579000000.0,3489000000.0,2023-02-09,10857000000.0,10676000000.0,2023-02-09,2023-02-09,2023-02-09
HII,2023-12-31,681000000.0,4093000000.0,2024-02-01,11215000000.0,11454000000.0,2024-02-01,2024-02-01,2024-02-01
HII,2024-12-31,550000000.0,4666000000.0,2025-02-06,12141000000.0,11535000000.0,2025-02-06,2025-02-06,2025-02-06
HII,2025-12-31,605000000.0,5073000000.0,2026-02-05,12749000000.0,12484000000.0,2026-02-05,2026-02-05,2026-02-05
HLT,2012-12-31,352000000.0,,,,9276000000.0,,2015-02-18,2015-02-18
HLT,2013-12-31,415000000.0,4363000000.0,2015-02-18,26562000000.0,9735000000.0,2015-02-18,2015-02-18,2015-02-18
HLT,2014-12-31,673000000.0,4752000000.0,2015-02-18,26125000000.0,10502000000.0,2015-02-18,2015-02-18,2015-02-18
HLT,2015-12-31,1404000000.0,5985000000.0,2016-02-26,25716000000.0,11272000000.0,2016-02-26,2016-02-26,2016-02-26
HLT,2016-12-31,348000000.0,5899000000.0,2017-02-15,26211000000.0,11663000000.0,2017-02-15,2017-02-15,2017-02-15
HLT,2017-12-31,1259000000.0,2072000000.0,2018-02-14,14308000000.0,9140000000.0,2018-02-14,2018-02-14,2018-02-14
HLT,2018-12-31,764000000.0,551000000.0,2019-02-13,13995000000.0,8906000000.0,2019-02-13,2019-02-13,2019-02-13
HLT,2019-12-31,881000000.0,-482000000.0,2020-02-11,14957000000.0,9452000000.0,2020-02-11,2020-02-11,2020-02-11
HLT,2020-12-31,-715000000.0,-1490000000.0,2021-02-17,16755000000.0,4307000000.0,2021-02-17,2021-02-17,2021-02-17
HLT,2021-12-31,410000000.0,-821000000.0,2022-02-16,15441000000.0,5788000000.0,2022-02-16,2022-02-16,2022-02-16
HLT,2022-12-31,1255000000.0,-1102000000.0,2023-02-09,15512000000.0,8773000000.0,2023-02-09,2023-02-09,2023-02-09
HLT,2023-12-31,1141000000.0,-2360000000.0,2024-02-07,15401000000.0,10235000000.0,2024-02-07,2024-02-07,2024-02-07
HLT,2024-12-31,1535000000.0,-3727000000.0,2025-02-06,16522000000.0,11174000000.0,2025-02-06,2025-02-06,2025-02-06
HLT,2025-12-31,1457000000.0,-5388000000.0,2026-02-11,16774000000.0,12039000000.0,2026-02-11,2026-02-11,2026-02-11
HOG,2006-12-31,,2756737000.0,2010-02-23,,,,,
HOG,2007-12-31,933843000.0,2375491000.0,2010-02-23,,6143044000.0,,2010-02-23,2010-02-23
HOG,2008-12-31,654718000.0,2115603000.0,2010-02-23,7828625000.0,5955384000.0,2010-02-23,2010-02-23,2010-02-23
HOG,2009-12-31,-55116000.0,2108118000.0,2010-02-23,9155518000.0,4781909000.0,2010-02-23,2010-02-23,2010-02-23
HOG,2010-12-31,146545000.0,2206866000.0,2011-02-24,9430740000.0,4859336000.0,2011-02-24,2011-02-24,2011-02-24
HOG,2011-12-31,599114000.0,2420256000.0,2012-02-23,9674164000.0,5311713000.0,2012-02-23,2012-02-23,2012-02-23
HOG,2012-12-31,623925000.0,2557624000.0,2013-02-22,9170773000.0,5580506000.0,2013-02-22,2013-02-22,2013-02-22
HOG,2013-12-31,733993000.0,3009486000.0,2014-02-20,9405040000.0,5899872000.0,2014-02-20,2014-02-20,2014-02-20
HOG,2014-12-31,844611000.0,2909286000.0,2015-02-19,9528097000.0,6228508000.0,2015-02-19,2015-02-19,2015-02-19
HOG,2015-12-31,752207000.0,1839654000.0,2016-02-18,9991167000.0,5995402000.0,2016-02-18,2016-02-18,2016-02-18
HOG,2016-12-31,692164000.0,1920158000.0,2017-02-21,9890240000.0,5996458000.0,2017-02-21,2017-02-21,2017-02-21
HOG,2017-12-31,521759000.0,1844277000.0,2018-02-21,9972672000.0,5647224000.0,2018-02-21,2018-02-21,2018-02-21
HOG,2018-12-31,531451000.0,1773949000.0,2019-02-28,10665664000.0,5716875000.0,2019-02-28,2019-02-28,2019-02-28
HOG,2019-12-31,423635000.0,1803999000.0,2020-02-19,10528159000.0,5361789000.0,2020-02-19,2020-02-19,2020-02-19
HOG,2020-12-31,1298000.0,1722785000.0,2021-02-23,12010601000.0,4054377000.0,2021-02-23,2021-02-23,2021-02-23
HOG,2021-12-31,650024000.0,2553244000.0,2022-02-25,11051055000.0,5336308000.0,2022-02-25,2022-02-25,2022-02-25
HOG,2022-12-31,741408000.0,2903519000.0,2023-02-24,11492476000.0,5755130000.0,2023-02-24,2023-02-24,2023-02-24
HOG,2023-12-31,706586000.0,3252808000.0,2024-02-23,12140554000.0,5836478000.0,2024-02-23,2024-02-23,2024-02-23
HOG,2024-12-31,455357000.0,3166047000.0,2025-02-26,11881579000.0,5186802000.0,2025-02-26,2025-02-26,2025-02-26
HOG,2025-12-31,338738000.0,3140668000.0,2026-02-26,8044815000.0,4473175000.0,2026-02-26,2026-02-26,2026-02-26
HON,2007-12-31,2444000000.0,,,,34589000000.0,,2010-02-12,2010-02-12
HON,2008-12-31,2792000000.0,7187000000.0,2010-02-12,35490000000.0,36556000000.0,2010-02-12,2010-02-12,2010-02-12
HON,2009-12-31,2153000000.0,8844000000.0,2010-02-12,36004000000.0,30908000000.0,2010-02-12,2010-02-12,2010-02-12
HON,2010-12-31,2022000000.0,10666000000.0,2011-02-11,37834000000.0,33370000000.0,2012-02-17,2011-02-11,2011-02-11
HON,2011-12-31,2067000000.0,10806000000.0,2012-02-17,39808000000.0,36529000000.0,2012-02-17,2012-02-17,2012-02-17
HON,2012-12-31,2926000000.0,12975000000.0,2013-02-15,41853000000.0,,2013-02-15,,2013-02-15
HON,2013-12-31,3924000000.0,17467000000.0,2014-02-14,45435000000.0,,2014-02-14,,2014-02-14
HON,2014-12-31,4239000000.0,17657000000.0,2015-02-13,45451000000.0,,2015-02-13,,2015-02-13
HON,2015-12-31,4768000000.0,18283000000.0,2016-02-12,49316000000.0,,2016-02-12,,2016-02-12
HON,2016-12-31,4809000000.0,19369000000.0,2017-02-10,54146000000.0,,2017-02-10,,2017-02-10
HON,2017-12-31,1655000000.0,17276000000.0,2018-02-09,59387000000.0,,2018-02-09,,2018-02-09
HON,2018-12-31,6765000000.0,18180000000.0,2019-02-08,57773000000.0,,2019-02-08,,2019-02-08
HON,2019-12-31,6143000000.0,18494000000.0,2020-02-14,58679000000.0,,2020-02-14,,2020-02-14
HON,2020-12-31,4779000000.0,17549000000.0,2021-02-12,64586000000.0,,2021-02-12,,2021-02-12
HON,2021-12-31,5542000000.0,18569000000.0,2022-02-11,64470000000.0,,2022-02-11,,2022-02-11
HON,2022-12-31,4966000000.0,16697000000.0,2023-02-10,62275000000.0,,2023-02-10,,2023-02-10
HON,2023-12-31,5658000000.0,15856000000.0,2024-02-16,61525000000.0,,2024-02-16,,2024-02-16
HON,2024-12-31,5705000000.0,18619000000.0,2025-02-14,75196000000.0,,2025-02-14,,2025-02-14
HON,2025-12-31,4729000000.0,13904000000.0,2026-02-17,73681000000.0,,2026-02-17,,2026-02-17
HP,2008-09-30,,2265474000.0,2011-11-23,3588045000.0,,2009-11-25,,
HP,2009-09-30,,2683009000.0,2011-11-23,4161024000.0,,2009-11-25,,
HP,2010-09-30,156312000.0,2807465000.0,2011-11-23,4265370000.0,,2010-11-24,,2012-11-21
HP,2011-09-30,434186000.0,3270047000.0,2011-11-23,5003891000.0,,2011-11-23,,2012-11-21
HP,2012-09-30,581045000.0,3834998000.0,2012-11-21,5721085000.0,,2012-11-21,,2012-11-21
HP,2013-09-30,736639000.0,4443727000.0,2013-11-27,6264827000.0,,2013-11-27,,2013-11-27
HP,2014-09-30,708719000.0,4890977000.0,2014-11-26,6721861000.0,,2014-11-26,,2014-11-26
HP,2015-09-30,422225000.0,4897452000.0,2015-11-25,7152012000.0,,2015-11-25,,2015-11-25
HP,2016-09-30,-56828000.0,4560925000.0,2016-11-23,6832019000.0,,2016-11-23,,2016-11-23
HP,2017-09-30,-128212000.0,4164591000.0,2017-11-22,6439988000.0,1804741000.0,2017-11-22,2019-11-15,2017-11-22
HP,2018-09-30,482672000.0,4382735000.0,2018-11-16,6214867000.0,2487268000.0,2018-11-16,2019-11-15,2018-11-16
HP,2019-09-30,-33656000.0,4012223000.0,2019-11-15,5839515000.0,2798490000.0,2019-11-15,2019-11-15,2019-11-15
HP,2020-09-30,-494497000.0,3318514000.0,2020-11-20,4829621000.0,1773927000.0,2020-11-20,2020-11-20,2020-11-20
HP,2021-09-30,-326150000.0,2912618000.0,2021-11-18,5034128000.0,1218568000.0,2021-11-18,2021-11-18,2021-11-18
HP,2022-09-30,6953000.0,2765472000.0,2022-11-17,4355531000.0,2058944000.0,2022-11-17,2022-11-17,2022-11-17
HP,2023-09-30,434100000.0,2771943000.0,2023-11-08,4381956000.0,2872421000.0,2023-11-08,2023-11-08,2023-11-08
HP,2024-09-30,344165000.0,2917152000.0,2024-11-13,5781898000.0,2756607000.0,2024-11-13,2024-11-13,2024-11-13
HP,2025-09-30,-163695000.0,,,6705738000.0,3746013000.0,2025-11-21,2025-11-21,2025-11-21
HPE,2013-10-31,2051000000.0,,,,57371000000.0,,2015-12-17,2015-12-17
HPE,2014-10-31,1648000000.0,36776000000.0,2015-12-17,65071000000.0,55123000000.0,2015-12-17,2015-12-17,2015-12-17
HPE,2015-10-31,2461000000.0,33535000000.0,2015-12-17,81270000000.0,52107000000.0,2015-12-17,2015-12-17,2015-12-17
HPE,2016-10-31,3161000000.0,31448000000.0,2016-12-15,79679000000.0,50123000000.0,2016-12-15,2016-12-15,2016-12-15
HPE,2017-10-31,344000000.0,23466000000.0,2017-12-15,61406000000.0,28871000000.0,2017-12-15,2017-12-15,2017-12-15
HPE,2018-10-31,1908000000.0,21239000000.0,2018-12-12,55493000000.0,30852000000.0,2018-12-12,2018-12-12,2018-12-12
HPE,2018-11-01,,-5775000000.0,2019-12-13,20469000000.0,,2019-12-13,,
HPE,2019-10-31,1049000000.0,17098000000.0,2019-12-13,51803000000.0,29135000000.0,2019-12-13,2019-12-13,2019-12-13
HPE,2020-10-31,-322000000.0,16049000000.0,2020-12-10,54015000000.0,26982000000.0,2020-12-10,2020-12-10,2020-12-10
HPE,2021-10-31,3427000000.0,19971000000.0,2021-12-10,57699000000.0,27784000000.0,2021-12-10,2021-12-10,2021-12-10
HPE,2022-10-31,868000000.0,19864000000.0,2022-12-08,57123000000.0,28496000000.0,2022-12-08,2022-12-08,2022-12-08
HPE,2023-10-31,2025000000.0,21182000000.0,2023-12-22,57153000000.0,29135000000.0,2023-12-22,2023-12-22,2023-12-22
HPE,2024-10-31,2579000000.0,24816000000.0,2024-12-19,71262000000.0,30127000000.0,2024-12-19,2024-12-19,2024-12-19
HPE,2025-10-31,57000000.0,24688000000.0,2025-12-18,75906000000.0,34296000000.0,2025-12-18,2025-12-18,2025-12-18
HPQ,2007-10-31,7264000000.0,,,,104286000000.0,,2009-12-17,2009-12-17
HPQ,2008-10-31,8329000000.0,,,113331000000.0,118364000000.0,2009-12-17,2009-12-17,2009-12-17
HPQ,2009-10-31,7660000000.0,40517000000.0,2010-12-15,114799000000.0,114552000000.0,2009-12-17,2009-12-17,2009-12-17
HPQ,2010-10-31,8761000000.0,40449000000.0,2010-12-15,124503000000.0,126033000000.0,2010-12-15,2010-12-15,2010-12-15
HPQ,2011-10-31,7074000000.0,38625000000.0,2011-12-14,129517000000.0,127245000000.0,2011-12-14,2011-12-14,2011-12-14
HPQ,2012-10-31,,22436000000.0,2012-12-27,108768000000.0,120357000000.0,2012-12-27,2012-12-27,
HPQ,2013-10-31,,27269000000.0,2013-12-30,105676000000.0,112298000000.0,2013-12-30,2013-12-30,
HPQ,2014-10-31,5013000000.0,26731000000.0,2014-12-18,103206000000.0,111454000000.0,2014-12-18,2014-12-18,2016-12-15
HPQ,2015-10-31,4554000000.0,27768000000.0,2015-12-16,106882000000.0,103355000000.0,2015-12-16,2015-12-16,2016-12-15
HPQ,2016-10-31,2496000000.0,-3889000000.0,2016-12-15,29010000000.0,48238000000.0,2016-12-15,2016-12-15,2016-12-15
HPQ,2017-10-31,2526000000.0,-3408000000.0,2020-12-10,32913000000.0,52056000000.0,2018-12-13,2018-12-13,2018-12-13
HPQ,2018-10-31,5327000000.0,-639000000.0,2020-12-10,34622000000.0,58472000000.0,2018-12-13,2018-12-13,2018-12-13
HPQ,2019-10-31,3152000000.0,-1193000000.0,2020-12-10,33467000000.0,58756000000.0,2019-12-12,2019-12-12,2019-12-12
HPQ,2020-10-31,2844000000.0,-2228000000.0,2020-12-10,34681000000.0,56639000000.0,2020-12-10,2020-12-10,2020-12-10
HPQ,2021-10-31,6503000000.0,-1650000000.0,2021-12-09,38610000000.0,63487000000.0,2021-12-09,2021-12-09,2021-12-09
HPQ,2022-10-31,3203000000.0,-2918000000.0,2022-12-06,38587000000.0,62983000000.0,2022-12-06,2022-12-06,2022-12-06
HPQ,2023-10-31,3263000000.0,-1069000000.0,2023-12-18,37004000000.0,53718000000.0,2023-12-18,2023-12-18,2023-12-18
HPQ,2024-10-31,2775000000.0,-1323000000.0,2024-12-13,39909000000.0,53559000000.0,2024-12-13,2024-12-13,2024-12-13
HPQ,2025-10-31,2529000000.0,-346000000.0,2025-12-10,41769000000.0,55295000000.0,2025-12-10,2025-12-10,2025-12-10
HRB,2007-04-30,,1414499000.0,2010-06-29,,,,,
HRB,2008-04-30,-308647000.0,987818000.0,2010-06-29,,4086630000.0,,2010-06-29,2010-06-29
HRB,2009-04-30,485673000.0,1405859000.0,2010-06-29,5359722000.0,4083577000.0,2010-06-29,2010-06-29,2010-06-29
HRB,2010-04-30,479242000.0,1440630000.0,2010-06-29,5234318000.0,3874332000.0,2010-06-29,2010-06-29,2010-06-29
HRB,2011-04-30,406110000.0,1449574000.0,2011-06-23,5207961000.0,3774296000.0,2011-06-23,2011-06-23,2011-06-23
HRB,2012-04-30,265932000.0,1325892000.0,2012-06-26,4649567000.0,2893771000.0,2012-06-26,2012-06-26,2012-06-26
HRB,2013-04-30,433948000.0,1263547000.0,2013-06-26,4537779000.0,2905943000.0,2013-06-26,2013-06-26,2013-06-26
HRB,2014-04-30,475157000.0,1556549000.0,2014-06-19,4693529000.0,3024295000.0,2014-06-19,2014-06-19,2014-06-19
HRB,2015-04-30,473663000.0,1832949000.0,2015-06-17,4515420000.0,3078658000.0,2015-06-17,2015-06-17,2015-06-17
HRB,2016-04-30,374267000.0,23103000.0,2016-06-17,2857775000.0,3038153000.0,2016-06-17,2016-06-17,2016-06-17
HRB,2017-04-30,408945000.0,-60883000.0,2017-06-16,2694108000.0,3036314000.0,2017-06-16,2017-06-16,2017-06-16
HRB,2018-04-30,613149000.0,393711000.0,2018-06-15,3140949000.0,3159931000.0,2018-06-15,2018-06-15,2018-06-15
HRB,2019-04-30,422509000.0,541527000.0,2019-06-14,3299945000.0,,2019-06-14,,2019-06-14
HRB,2020-04-30,-7526000.0,71041000.0,2020-06-17,5112047000.0,,2020-06-17,,2020-06-17
HRB,2021-04-30,583791000.0,352401000.0,2021-06-15,3653646000.0,,2021-06-15,,2021-06-15
HRB,2021-06-30,,388058000.0,2022-08-16,4014388000.0,,2022-08-16,,
HRB,2022-06-30,553674000.0,211631000.0,2022-08-16,3269158000.0,,2022-08-16,,2022-08-16
HRB,2023-06-30,553700000.0,32064000.0,2023-08-17,3072258000.0,,2023-08-17,,2023-08-17
HRB,2024-06-30,595317000.0,90594000.0,2024-08-15,3218810000.0,,2024-08-15,,2024-08-15
HRB,2025-06-30,605773000.0,88896000.0,2025-08-15,3263898000.0,,2025-08-15,,2025-08-15
HRB,2026-06-30,733596000.0,117488000.0,2026-08-14,3256351000.0,,2026-08-14,,2026-08-14
HRL,2008-10-26,285500000.0,,,,6754903000.0,,2010-12-21,2010-12-21
HRL,2009-10-25,342813000.0,2122608000.0,2010-12-21,3692055000.0,6533671000.0,2010-12-21,2010-12-21,2010-12-21
HRL,2010-10-31,395587000.0,2400657000.0,2010-12-21,4053918000.0,7220719000.0,2010-12-21,2010-12-21,2010-12-21
HRL,2011-10-30,474195000.0,2656582000.0,2011-12-21,4244391000.0,7895089000.0,2011-12-21,2011-12-21,2012-12-19
HRL,2012-10-28,500050000.0,2819455000.0,2012-12-19,4563966000.0,8230670000.0,2012-12-19,2012-12-19,2012-12-19
HRL,2013-10-27,526211000.0,3311040000.0,2013-12-18,4915880000.0,8751654000.0,2013-12-18,2013-12-18,2013-12-18
HRL,2014-10-26,602677000.0,3605678000.0,2014-12-17,5455619000.0,9316256000.0,2014-12-17,2014-12-17,2014-12-17
HRL,2015-10-25,686088000.0,3998198000.0,2015-12-16,6139831000.0,9263863000.0,2015-12-16,2015-12-16,2015-12-16
HRL,2016-10-30,890052000.0,4448006000.0,2016-12-21,6370067000.0,9523224000.0,2016-12-21,2016-12-21,2016-12-21
HRL,2017-10-29,846735000.0,4935907000.0,2017-12-20,6975908000.0,9167519000.0,2017-12-20,2017-12-20,2017-12-20
HRL,2018-10-28,1012140000.0,5600811000.0,2018-12-07,8142292000.0,,2018-12-07,,2018-12-07
HRL,2019-10-27,978806000.0,5921458000.0,2019-12-06,8109004000.0,,2019-12-06,,2019-12-06
HRL,2020-10-25,908082000.0,6425548000.0,2020-12-04,9908282000.0,,2020-12-04,,2020-12-04
HRL,2021-10-31,908839000.0,6972883000.0,2021-12-10,12696329000.0,,2021-12-10,,2021-12-10
HRL,2022-10-30,999987000.0,7535284000.0,2022-12-06,13306919000.0,,2022-12-06,,2022-12-06
HRL,2023-10-29,793572000.0,7734885000.0,2023-12-06,13448772000.0,,2023-12-06,,2023-12-06
HRL,2024-10-27,805038000.0,7993420000.0,2024-12-05,13434729000.0,,2024-12-05,,2024-12-05
HRL,2025-10-26,478197000.0,7901171000.0,2025-12-05,13393119000.0,,2025-12-05,,2025-12-05
HSIC,2008-12-27,239457000.0,,,3599210000.0,,2011-02-22,,2011-02-22
HSIC,2009-12-26,311153000.0,2161479000.0,2011-02-22,3835985000.0,,2011-02-22,,2011-02-22
HSIC,2010-12-25,325789000.0,2411625000.0,2011-02-22,4547471000.0,,2011-02-22,,2011-02-22
HSIC,2011-12-31,367661000.0,2432222000.0,2012-02-15,4740144000.0,,2012-02-15,,2012-02-15
HSIC,2012-12-29,388076000.0,2613585000.0,2013-02-13,5333997000.0,,2013-02-13,,2013-02-13
HSIC,2013-12-28,431554000.0,2785197000.0,2014-02-11,5624636000.0,,2014-02-11,,2014-02-11
HSIC,2014-12-27,466077000.0,2813594000.0,2015-02-11,6138807000.0,,2015-02-11,,2015-02-11
HSIC,2015-12-26,479058000.0,2884256000.0,2016-02-10,6504740000.0,,2016-02-10,,2016-02-10
HSIC,2016-12-31,506778000.0,2793066000.0,2017-02-21,6730396000.0,11571668000.0,2017-02-21,2019-02-20,2017-02-21
HSIC,2017-12-30,406299000.0,2811499000.0,2018-02-21,7811235000.0,12461543000.0,2018-02-21,2019-02-20,2018-02-21
HSIC,2018-12-29,535881000.0,2961332000.0,2019-02-20,8500527000.0,13201995000.0,2019-02-20,2019-02-20,2019-02-20
HSIC,2019-12-28,694734000.0,2998044000.0,2020-02-20,7151101000.0,,2020-02-20,,2020-02-20
HSIC,2020-12-26,403794000.0,3348172000.0,2021-02-17,7772532000.0,,2021-02-17,,2021-02-17
HSIC,2021-12-25,631232000.0,3425126000.0,2022-02-15,8481091000.0,,2022-02-15,,2022-02-15
HSIC,2022-12-31,538000000.0,3446000000.0,2023-02-21,8607000000.0,,2023-02-21,,2023-02-21
HSIC,2023-12-30,416000000.0,3655000000.0,2024-02-28,10573000000.0,,2024-02-28,,2024-02-28
HSIC,2024-12-28,390000000.0,3393000000.0,2025-02-25,10218000000.0,,2025-02-25,,2025-02-25
HSIC,2025-12-27,398000000.0,3245000000.0,2026-02-24,11215000000.0,,2026-02-24,,2026-02-24
HST,2007-12-31,703000000.0,,,,5249000000.0,,2010-03-01,2010-03-01
HST,2008-12-31,395000000.0,5590000000.0,2010-03-01,11950000000.0,5139000000.0,2010-03-01,2010-03-01,2010-03-01
HST,2009-12-31,-252000000.0,6189000000.0,2010-03-01,12555000000.0,4158000000.0,2010-03-01,2010-03-01,2010-03-01
HST,2010-12-31,,,,,4437000000.0,,2011-02-24,
HST,2011-12-31,-15000000.0,,,,4998000000.0,,2012-02-22,2014-02-26
HST,2012-12-31,61000000.0,6825000000.0,2014-02-26,12994000000.0,5286000000.0,2014-02-26,2013-02-25,2014-02-26
HST,2013-12-31,317000000.0,7228000000.0,2014-02-26,12814000000.0,5166000000.0,2014-02-26,2014-02-26,2014-02-26
HST,2014-12-31,732000000.0,7336000000.0,2015-02-25,12207000000.0,5354000000.0,2015-02-25,2015-02-25,2015-02-25
HST,2015-12-31,558000000.0,7064000000.0,2016-02-22,11784000000.0,5387000000.0,2016-02-22,2016-02-22,2016-02-22
HST,2016-12-31,762000000.0,6994000000.0,2017-02-24,11408000000.0,5430000000.0,2017-02-24,2017-02-24,2017-02-24
HST,2017-12-31,564000000.0,6973000000.0,2018-02-27,11693000000.0,5387000000.0,2018-02-27,2018-02-27,2018-02-27
HST,2018-12-31,1087000000.0,7494000000.0,2019-02-26,12090000000.0,,2019-02-26,,2019-02-26
HST,2019-12-31,920000000.0,7319000000.0,2020-02-25,12305000000.0,,2020-02-25,,2020-02-25
HST,2020-12-31,-732000000.0,6321000000.0,2021-02-25,12890000000.0,,2021-02-25,,2021-02-25
HST,2021-12-31,-11000000.0,6441000000.0,2022-02-24,12352000000.0,,2022-02-24,,2022-02-24
HST,2022-12-31,633000000.0,6710000000.0,2023-02-22,12269000000.0,,2023-02-22,,2023-02-22
HST,2023-12-31,740000000.0,6633000000.0,2024-02-28,12243000000.0,,2024-02-28,,2024-02-28
HST,2024-12-31,697000000.0,6609000000.0,2025-02-26,13048000000.0,,2025-02-26,,2025-02-26
HST,2025-12-31,765000000.0,6558000000.0,2026-02-25,13049000000.0,,2026-02-25,,2026-02-25
HSY,2007-12-31,214154000.0,,,,,,,2010-02-19
HSY,2008-12-31,311405000.0,318199000.0,2010-02-19,3634719000.0,,2010-02-19,,2010-02-19
HSY,2009-12-31,435994000.0,720459000.0,2010-02-19,3675031000.0,,2010-02-19,,2010-02-19
HSY,2010-12-31,509799000.0,902316000.0,2011-02-18,4272732000.0,,2011-02-18,,2011-02-18
HSY,2011-12-31,628962000.0,849022000.0,2012-02-17,4412199000.0,1400000000.0,2012-02-17,2014-02-21,2014-02-21
HSY,2012-12-31,660931000.0,1036749000.0,2013-02-22,4754839000.0,1500000000.0,2013-02-22,2014-02-21,2014-02-21
HSY,2013-12-31,820470000.0,1604834000.0,2014-02-21,5357488000.0,1800000000.0,2014-02-21,2014-02-21,2014-02-21
HSY,2014-12-31,846912000.0,1455062000.0,2015-02-20,5629516000.0,,2015-02-20,,2015-02-20
HSY,2015-12-31,512951000.0,997997000.0,2016-02-26,5344371000.0,,2016-02-26,,2016-02-26
HSY,2016-12-31,720044000.0,785856000.0,2017-02-21,5524333000.0,7440181000.0,2017-02-21,2019-02-22,2017-02-21
HSY,2017-12-31,782981000.0,915338000.0,2018-02-27,5553726000.0,7515426000.0,2018-02-27,2019-02-22,2018-02-27
HSY,2018-12-31,1177562000.0,1398721000.0,2019-02-22,7703020000.0,7791069000.0,2019-02-22,2019-02-22,2019-02-22
HSY,2019-12-31,1149692000.0,1739222000.0,2020-02-20,8140395000.0,7986252000.0,2020-02-20,2020-02-20,2020-02-20
HSY,2020-12-31,1278708000.0,2234352000.0,2021-02-17,9131845000.0,8149719000.0,2021-02-17,2021-02-17,2021-02-17
HSY,2021-12-31,1477512000.0,2757229000.0,2022-02-18,10412231000.0,,2022-02-18,,2022-02-18
HSY,2022-12-31,1644817000.0,3299544000.0,2025-02-18,10948820000.0,,2023-02-17,,2023-02-17
HSY,2023-12-31,1861787000.0,4099086000.0,2025-02-18,11902941000.0,,2024-02-20,,2024-02-20
HSY,2024-12-31,2221239000.0,4714654000.0,2025-02-18,12946861000.0,,2025-02-18,,2025-02-18
HSY,2025-12-31,883259000.0,4636750000.0,2026-02-17,13741297000.0,,2026-02-17,,2026-02-17
HUM,2006-12-31,,3053886000.0,2010-02-19,,,,,
HUM,2007-12-31,833684000.0,4028937000.0,2010-02-19,,25289989000.0,,2010-02-19,2010-02-19
HUM,2008-12-31,647154000.0,4457190000.0,2010-02-19,13041760000.0,28946372000.0,2010-02-19,2010-02-19,2010-02-19
HUM,2009-12-31,1039675000.0,5776003000.0,2010-02-19,14153494000.0,30960414000.0,2010-02-19,2010-02-19,2010-02-19
HUM,2010-12-31,1099390000.0,6924056000.0,2011-02-18,16103253000.0,33868208000.0,2011-02-18,2011-02-18,2011-02-18
HUM,2011-12-31,1419000000.0,8063000000.0,2012-02-24,17708000000.0,36832000000.0,2012-02-24,2012-02-24,2012-02-24
HUM,2012-12-31,1222000000.0,8847000000.0,2013-02-22,19979000000.0,39126000000.0,2013-02-22,2013-02-22,2013-02-22
HUM,2013-12-31,1231000000.0,9316000000.0,2014-02-19,20735000000.0,41313000000.0,2014-02-19,2014-02-19,2014-02-19
HUM,2014-12-31,1147000000.0,9646000000.0,2015-02-18,23466000000.0,48500000000.0,2015-02-18,2015-02-18,2015-02-18
HUM,2015-12-31,1276000000.0,10346000000.0,2016-02-18,24705000000.0,54289000000.0,2016-02-18,2016-02-18,2016-02-18
HUM,2016-12-31,614000000.0,10685000000.0,2017-02-17,25396000000.0,54379000000.0,2017-02-17,2017-02-17,2017-02-17
HUM,2017-12-31,2448000000.0,9842000000.0,2018-02-16,27178000000.0,53767000000.0,2018-02-16,2018-02-16,2018-02-16
HUM,2018-12-31,1683000000.0,10161000000.0,2019-02-21,25413000000.0,56912000000.0,2019-02-21,2019-02-21,2019-02-21
HUM,2019-12-31,2707000000.0,12037000000.0,2020-02-20,29074000000.0,64888000000.0,2020-02-20,2020-02-20,2020-02-20
HUM,2020-12-31,3367000000.0,13728000000.0,2021-02-18,34969000000.0,77155000000.0,2021-02-18,2021-02-18,2021-02-18
HUM,2021-12-31,2933000000.0,16080000000.0,2023-02-16,44358000000.0,83064000000.0,2022-02-17,2022-02-17,2022-02-17
HUM,2022-12-31,2806000000.0,15311000000.0,2023-02-16,43055000000.0,92870000000.0,2023-02-16,2023-02-16,2023-02-16
HUM,2023-12-31,2489000000.0,16262000000.0,2024-02-15,47065000000.0,106374000000.0,2024-02-15,2024-02-15,2024-02-15
HUM,2024-12-31,1207000000.0,16375000000.0,2025-02-20,46479000000.0,117761000000.0,2025-02-20,2025-02-20,2025-02-20
HUM,2025-12-31,1188000000.0,17657000000.0,2026-02-19,48909000000.0,129664000000.0,2026-02-19,2026-02-19,2026-02-19
HWM,2007-12-31,2564000000.0,,,,,,,2010-02-18
HWM,2008-12-31,-74000000.0,11735000000.0,2010-02-18,37822000000.0,,2010-02-18,,2010-02-18
HWM,2009-12-31,-1151000000.0,12420000000.0,2010-02-18,38472000000.0,,2010-02-18,,2010-02-18
HWM,2010-12-31,254000000.0,13611000000.0,2011-02-17,39293000000.0,,2011-02-17,,2011-02-17
HWM,2011-12-31,611000000.0,13844000000.0,2012-02-16,40120000000.0,,2012-02-16,,2012-02-16
HWM,2012-12-31,191000000.0,13199000000.0,2013-02-15,40179000000.0,,2013-02-15,,2013-02-15
HWM,2013-12-31,-2285000000.0,10593000000.0,2014-02-13,35742000000.0,,2014-02-13,,2014-02-13
HWM,2014-12-31,268000000.0,12306000000.0,2015-02-19,37399000000.0,,2015-02-19,,2015-02-19
HWM,2015-12-31,-322000000.0,12046000000.0,2016-02-19,36528000000.0,,2016-02-19,,2016-02-19
HWM,2016-12-31,-941000000.0,5115000000.0,2017-02-28,20038000000.0,12394000000.0,2017-02-28,2019-02-21,2017-02-28
HWM,2017-12-31,-74000000.0,4910000000.0,2018-02-26,18718000000.0,12960000000.0,2018-02-26,2019-02-21,2018-02-26
HWM,2018-12-31,642000000.0,5573000000.0,2019-02-21,18693000000.0,14014000000.0,2019-02-21,2019-02-21,2019-02-21
HWM,2019-12-31,470000000.0,4607000000.0,2020-02-27,17578000000.0,14192000000.0,2020-02-27,2020-02-27,2020-02-27
HWM,2020-12-31,261000000.0,3577000000.0,2021-02-16,11443000000.0,5259000000.0,2021-02-16,2021-02-16,2021-02-16
HWM,2021-12-31,258000000.0,3508000000.0,2022-02-14,10219000000.0,4972000000.0,2022-02-14,2022-02-14,2022-02-14
HWM,2022-12-31,469000000.0,3601000000.0,2023-02-14,10255000000.0,5663000000.0,2023-02-14,2023-02-14,2023-02-14
HWM,2023-12-31,765000000.0,4037000000.0,2024-02-13,10428000000.0,6640000000.0,2024-02-13,2024-02-13,2024-02-13
HWM,2024-12-31,1155000000.0,4554000000.0,2025-02-14,10519000000.0,7430000000.0,2025-02-14,2025-02-14,2025-02-14
HWM,2025-12-31,1508000000.0,5353000000.0,2026-02-12,11179000000.0,8252000000.0,2026-02-12,2026-02-12,2026-02-12
IBM,2007-12-31,,,,,98786000000.0,,2010-02-23,
IBM,2008-12-31,,13465000000.0,2010-02-23,109524000000.0,103630000000.0,2010-02-23,2010-02-23,
IBM,2009-12-31,,22637000000.0,2010-02-23,109022000000.0,95758000000.0,2010-02-23,2010-02-23,
IBM,2010-12-31,,23046000000.0,2011-02-22,113452000000.0,99870000000.0,2011-02-22,2011-02-22,
IBM,2011-12-31,,20138000000.0,2012-02-28,116433000000.0,106916000000.0,2012-02-28,2012-02-28,
IBM,2012-12-31,,18860000000.0,2013-02-26,119213000000.0,104507000000.0,2013-02-26,2013-02-26,
IBM,2013-12-31,,22792000000.0,2014-02-25,126223000000.0,99751000000.0,2014-02-25,2014-02-25,
IBM,2014-12-31,,11868000000.0,2015-02-24,117532000000.0,92793000000.0,2015-02-24,2015-02-24,
IBM,2015-12-31,13190000000.0,14262000000.0,2016-02-23,110495000000.0,81741000000.0,2016-02-23,2016-02-23,2018-02-27
IBM,2016-12-31,11872000000.0,18246000000.0,2017-02-28,117470000000.0,79919000000.0,2017-02-28,2017-02-28,2018-02-27
IBM,2017-12-31,5753000000.0,17594000000.0,2018-02-27,125356000000.0,79139000000.0,2018-02-27,2018-02-27,2018-02-27
IBM,2018-12-31,8728000000.0,16796000000.0,2019-02-26,123382000000.0,79591000000.0,2019-02-26,2019-02-26,2019-02-26
IBM,2019-12-31,9431000000.0,20841000000.0,2020-02-25,152186000000.0,77147000000.0,2020-02-25,2020-02-25,2020-02-25
IBM,2020-12-31,5590000000.0,20597000000.0,2021-02-23,155971000000.0,73620000000.0,2021-02-23,2021-02-23,2021-02-23
IBM,2021-12-31,5743000000.0,18901000000.0,2022-02-22,132001000000.0,57350000000.0,2022-02-22,2022-02-22,2022-02-22
IBM,2022-12-31,1639000000.0,21944000000.0,2023-02-28,127243000000.0,60530000000.0,2023-02-28,2023-02-28,2023-02-28
IBM,2023-12-31,7502000000.0,22533000000.0,2024-02-26,135241000000.0,61860000000.0,2024-02-26,2024-02-26,2024-02-26
IBM,2024-12-31,6023000000.0,27307000000.0,2025-02-25,137175000000.0,62753000000.0,2025-02-25,2025-02-25,2025-02-25
IBM,2025-12-31,10593000000.0,32648000000.0,2026-02-24,151880000000.0,67535000000.0,2026-02-24,2026-02-24,2026-02-24
ICE,2011-12-31,510000000.0,,,,1327000000.0,,2014-02-14,2014-02-14
ICE,2012-12-31,552000000.0,3644000000.0,2014-02-14,37215000000.0,1363000000.0,2014-02-14,2014-02-14,2014-02-14
ICE,2013-12-31,254000000.0,12583000000.0,2014-02-14,64818000000.0,1795000000.0,2014-02-14,2014-02-14,2014-02-14
ICE,2014-12-31,981000000.0,12360000000.0,2015-02-05,68279000000.0,4221000000.0,2015-02-05,2015-02-05,2015-02-05
ICE,2015-12-31,1274000000.0,14808000000.0,2016-02-04,77987000000.0,4682000000.0,2016-02-04,2016-02-04,2016-02-04
ICE,2016-12-31,1422000000.0,15717000000.0,2017-02-07,82003000000.0,5958000000.0,2017-02-07,2017-02-07,2017-02-07
ICE,2017-12-31,2514000000.0,16924000000.0,2018-02-07,78264000000.0,5834000000.0,2018-02-07,2018-02-07,2018-02-07
ICE,2018-12-31,1988000000.0,17201000000.0,2019-02-07,92791000000.0,,2019-02-07,,2019-02-07
ICE,2019-12-31,1933000000.0,17255000000.0,2020-02-06,94493000000.0,,2020-02-06,,2020-02-06
ICE,2020-12-31,2089000000.0,19498000000.0,2021-02-04,126200000000.0,,2021-02-04,,2021-02-04
ICE,2021-12-31,4058000000.0,22709000000.0,2022-02-03,193502000000.0,,2022-02-03,,2022-02-03
ICE,2022-12-31,1446000000.0,22706000000.0,2023-02-02,194338000000.0,,2023-02-02,,2023-02-02
ICE,2023-12-31,2368000000.0,25717000000.0,2024-02-08,136084000000.0,,2024-02-08,,2024-02-08
ICE,2024-12-31,2754000000.0,27647000000.0,2025-02-06,139428000000.0,,2025-02-06,,2025-02-06
ICE,2025-12-31,3315000000.0,28915000000.0,2026-02-05,136887000000.0,,2026-02-05,,2026-02-05
IDXX,2008-12-31,116169000.0,,,,1024030000.0,,2011-02-22,2011-02-22
IDXX,2009-12-31,122225000.0,514569000.0,2011-02-22,808527000.0,1031633000.0,2011-02-22,2011-02-22,2011-02-22
IDXX,2010-12-31,141284000.0,574235000.0,2011-02-22,897144000.0,1103392000.0,2011-02-22,2011-02-22,2011-02-22
IDXX,2011-12-31,161786000.0,539579000.0,2012-02-17,1030814000.0,1218689000.0,2012-02-17,2012-02-17,2012-02-17
IDXX,2012-12-31,178267000.0,636223000.0,2013-02-19,1103602000.0,1293338000.0,2013-02-19,2013-02-19,2013-02-19
IDXX,2013-12-31,187800000.0,518186000.0,2014-02-18,1230516000.0,1377058000.0,2014-02-18,2014-02-18,2014-02-18
IDXX,2014-12-31,181906000.0,117516000.0,2015-02-17,1384211000.0,1485807000.0,2015-02-17,2015-02-17,2015-02-17
IDXX,2015-12-31,192078000.0,-84125000.0,2016-02-17,1474993000.0,1601892000.0,2016-02-17,2016-02-17,2016-02-17
IDXX,2016-12-31,222045000.0,-108352000.0,2017-02-17,1530704000.0,1775423000.0,2017-02-17,2017-02-17,2017-02-17
IDXX,2017-12-31,263144000.0,-54106000.0,2018-02-16,1713416000.0,1969058000.0,2018-02-16,2018-02-16,2018-02-16
IDXX,2018-01-01,,,,1741691000.0,,2019-02-15,,
IDXX,2018-12-31,377031000.0,-9513000.0,2019-02-15,1537349000.0,,2019-02-15,,2019-02-15
IDXX,2019-01-01,,,,1620064000.0,,2020-02-14,,
IDXX,2019-12-31,427720000.0,177473000.0,2020-02-14,1832475000.0,,2020-02-14,,2020-02-14
IDXX,2020-12-31,581776000.0,632088000.0,2021-02-12,2294561000.0,,2021-02-12,,2021-02-12
IDXX,2021-12-31,744845000.0,689992000.0,2022-02-16,2437203000.0,,2022-02-16,,2022-02-16
IDXX,2022-12-31,679089000.0,608737000.0,2023-02-16,2746765000.0,,2023-02-16,,2023-02-16
IDXX,2023-12-31,845042000.0,1484530000.0,2024-02-22,3259925000.0,,2024-02-22,,2024-02-22
IDXX,2024-12-31,887867000.0,1595313000.0,2025-02-21,3293443000.0,,2025-02-21,,2025-02-21
IDXX,2025-12-31,1059464000.0,1605383000.0,2026-02-20,3350759000.0,,2026-02-20,,2026-02-20
IEX,2007-12-31,,1143207000.0,2011-02-25,,,,,
IEX,2008-12-31,127026000.0,1144783000.0,2011-02-25,,,,,2011-02-25
IEX,2009-12-31,113391000.0,1268104000.0,2011-02-25,2098157000.0,1329661000.0,2011-02-25,2012-02-24,2011-02-25
IEX,2010-12-31,157100000.0,1375660000.0,2011-02-25,2381695000.0,1513073000.0,2011-02-25,2012-02-24,2011-02-25
IEX,2011-12-31,193857000.0,1513135000.0,2012-02-24,2836107000.0,1838451000.0,2012-02-24,2012-02-24,2012-02-24
IEX,2012-12-31,37630000.0,1464998000.0,2013-02-21,2785390000.0,1954258000.0,2013-02-21,2013-02-21,2013-02-21
IEX,2013-12-31,255215000.0,1572989000.0,2014-02-13,2887577000.0,2024130000.0,2014-02-13,2014-02-13,2014-02-13
IEX,2014-12-31,279386000.0,1486451000.0,2015-02-23,2908070000.0,2147767000.0,2015-02-23,2015-02-23,2015-02-23
IEX,2015-12-31,282807000.0,1443291000.0,2016-02-19,2805443000.0,2020668000.0,2016-02-19,2016-02-19,2016-02-19
IEX,2016-12-31,271109000.0,1543894000.0,2017-02-23,3154944000.0,2113043000.0,2017-02-23,2017-02-23,2017-02-23
IEX,2017-12-31,337257000.0,1886542000.0,2018-02-22,3399628000.0,2287312000.0,2018-02-22,2018-02-22,2018-02-22
IEX,2018-12-31,410573000.0,1994640000.0,2019-02-28,3473857000.0,2483666000.0,2019-02-28,2019-02-28,2019-02-28
IEX,2019-12-31,425521000.0,2263229000.0,2020-02-21,3813912000.0,2494573000.0,2020-02-21,2020-02-21,2020-02-21
IEX,2020-12-31,377778000.0,2540203000.0,2021-02-25,4414398000.0,2351646000.0,2021-02-25,2021-02-25,2021-02-25
IEX,2021-12-31,449400000.0,2803100000.0,2022-02-24,4917200000.0,2764800000.0,2022-02-24,2022-02-24,2022-02-24
IEX,2022-12-31,586900000.0,3039300000.0,2023-02-23,5511900000.0,3181900000.0,2023-02-23,2023-02-23,2023-02-23
IEX,2023-12-31,596100000.0,3541400000.0,2024-02-22,5865200000.0,3273900000.0,2024-02-22,2024-02-22,2024-02-22
IEX,2024-12-31,505000000.0,3794700000.0,2025-02-20,6745300000.0,3268800000.0,2025-02-20,2025-02-20,2025-02-20
IEX,2025-12-31,483200000.0,4027500000.0,2026-02-19,6927000000.0,3457500000.0,2026-02-19,2026-02-19,2026-02-19
IFF,2008-12-31,229628000.0,,,,,,,2011-02-24
IFF,2009-12-31,195526000.0,769003000.0,2011-02-24,2644774000.0,,2011-02-24,,2011-02-24
IFF,2010-12-31,263557000.0,999422000.0,2011-02-24,2872455000.0,,2011-02-24,,2011-02-24
IFF,2011-12-31,266866000.0,1104412000.0,2012-02-28,2965581000.0,,2012-02-28,,2012-02-28
IFF,2012-12-31,254134000.0,1248808000.0,2013-02-26,3249600000.0,,2013-02-26,,2013-02-26
IFF,2013-12-31,353544000.0,1463072000.0,2014-02-25,3331731000.0,,2014-02-25,,2014-02-25
IFF,2014-12-31,414543000.0,1518561000.0,2015-03-02,3494621000.0,,2015-03-02,,2015-03-02
IFF,2015-12-31,419247000.0,1590318000.0,2016-03-01,3721454000.0,,2016-03-01,,2016-03-01
IFF,2016-12-31,405031000.0,1626244000.0,2017-02-28,4016984000.0,3116350000.0,2017-02-28,2019-02-26,2017-02-28
IFF,2017-12-31,295665000.0,1684202000.0,2018-02-27,4598926000.0,3398719000.0,2018-02-27,2019-02-26,2018-02-27
IFF,2018-12-31,339781000.0,6032951000.0,2019-02-26,12889395000.0,3977539000.0,2019-02-26,2019-02-26,2019-02-26
IFF,2019-12-31,,6217304000.0,2020-03-03,13287411000.0,5140084000.0,2020-03-03,2020-03-03,
IFF,2020-12-31,,6311153000.0,2021-02-22,13555671000.0,5084239000.0,2021-02-22,2021-02-22,
IFF,2021-12-31,,21082000000.0,2022-02-28,39658000000.0,11656000000.0,2022-02-28,2022-02-28,
IFF,2022-12-31,,17684000000.0,2023-02-27,35407000000.0,12440000000.0,2023-02-27,2023-02-27,
IFF,2023-12-31,,14611000000.0,2024-02-28,30978000000.0,11479000000.0,2024-02-28,2024-02-28,
IFF,2024-12-31,,13876000000.0,2025-02-28,28667000000.0,11484000000.0,2025-02-28,2025-02-28,
IFF,2025-12-31,,14154000000.0,2026-02-27,25539000000.0,10890000000.0,2026-02-27,2026-02-27,
ILMN,2007-12-30,,353927000.0,2011-02-28,,,,,
ILMN,2008-12-28,39416000.0,798667000.0,2011-02-28,,573225000.0,,2011-02-28,2011-02-28
ILMN,2010-01-03,72281000.0,864248000.0,2011-02-28,1429937000.0,666324000.0,2011-02-28,2011-02-28,2011-02-28
ILMN,2011-01-02,124891000.0,1197675000.0,2011-02-28,1839113000.0,902741000.0,2011-02-28,2011-02-28,2011-02-28
ILMN,2012-01-01,86628000.0,1075215000.0,2012-02-24,2195840000.0,1055535000.0,2012-02-24,2012-02-24,2012-02-24
ILMN,2012-12-30,151254000.0,1318581000.0,2013-02-15,2566085000.0,1148516000.0,2013-02-15,2013-02-15,2013-02-15
ILMN,2013-12-29,125308000.0,1533202000.0,2014-02-18,3019006000.0,1421178000.0,2014-02-18,2014-02-18,2014-02-18
ILMN,2014-12-28,353351000.0,1462798000.0,2015-02-18,3339640000.0,1861358000.0,2015-02-18,2015-02-18,2015-02-18
ILMN,2016-01-03,461559000.0,1848553000.0,2016-03-02,3687747000.0,2219762000.0,2016-03-02,2016-03-02,2016-03-02
ILMN,2017-01-01,462649000.0,2197229000.0,2017-02-14,4280600000.0,2398373000.0,2017-02-14,2017-02-14,2017-02-14
ILMN,2017-12-31,726000000.0,2749000000.0,2018-02-13,5257000000.0,2752000000.0,2018-02-13,2018-02-13,2018-02-13
ILMN,2018-12-30,826000000.0,3758000000.0,2019-02-12,6959000000.0,,2019-02-12,,2019-02-12
ILMN,2019-12-29,1002000000.0,4613000000.0,2020-02-11,7316000000.0,,2020-02-11,,2020-02-11
ILMN,2021-01-03,656000000.0,4694000000.0,2023-02-17,7585000000.0,,2021-02-17,,2021-02-17
ILMN,2022-01-02,762000000.0,10740000000.0,2023-02-17,15217000000.0,,2022-02-18,,2022-02-18
ILMN,2023-01-01,-4404000000.0,6599000000.0,2023-02-17,12252000000.0,,2023-02-17,,2024-02-16
ILMN,2023-12-31,-1161000000.0,5745000000.0,2024-02-16,10111000000.0,,2024-02-16,,2024-02-16
ILMN,2024-12-29,-1223000000.0,2373000000.0,2025-02-12,6303000000.0,,2025-02-12,,2025-02-12
ILMN,2025-12-28,850000000.0,2723000000.0,2026-02-12,6644000000.0,,2026-02-12,,2026-02-12
INCY,2008-12-31,,-220750000.0,2012-02-22,,,,,
INCY,2009-12-31,,-102384000.0,2012-02-22,,9265000.0,,2012-02-22,
INCY,2010-12-31,,-88644000.0,2012-02-22,489581000.0,169878000.0,2012-02-22,2012-02-22,
INCY,2011-12-31,,-227077000.0,2012-02-22,328962000.0,94455000.0,2012-02-22,2012-02-22,
INCY,2012-12-31,,-174957000.0,2013-02-21,330419000.0,297059000.0,2013-02-21,2013-02-21,
INCY,2013-12-31,,-193108000.0,2014-02-21,629568000.0,354947000.0,2014-02-21,2014-02-21,
INCY,2014-12-31,,-81628000.0,2015-02-17,830069000.0,511495000.0,2015-02-17,2015-02-17,
INCY,2015-12-31,,171155000.0,2016-02-12,1007440000.0,753751000.0,2016-02-12,2016-02-12,
INCY,2016-12-31,104222000.0,419467000.0,2017-02-14,1638597000.0,1105719000.0,2017-02-14,2017-02-14,2019-02-14
INCY,2017-12-31,-313142000.0,1630629000.0,2018-02-15,2302582000.0,1536216000.0,2018-02-15,2018-02-15,2019-02-14
INCY,2018-12-31,109493000.0,1925967000.0,2019-02-14,2645762000.0,1881883000.0,2019-02-14,2019-02-14,2019-02-14
INCY,2019-12-31,446906000.0,2598406000.0,2020-02-13,3426750000.0,2158759000.0,2020-02-13,2020-02-13,2020-02-13
INCY,2020-12-31,-295697000.0,2611268000.0,2021-02-09,3560918000.0,2666702000.0,2021-02-09,2021-02-09,2021-02-09
INCY,2021-12-31,948581000.0,3770004000.0,2022-02-08,4933352000.0,2986267000.0,2022-02-08,2022-02-08,2022-02-08
INCY,2022-12-31,340660000.0,4370119000.0,2023-02-07,5840984000.0,3394635000.0,2023-02-07,2023-02-07,2023-02-07
INCY,2023-12-31,597599000.0,5189837000.0,2024-02-13,6782107000.0,,2024-02-13,,2024-02-13
INCY,2024-12-31,32615000.0,3447628000.0,2025-02-10,5444322000.0,,2025-02-10,,2025-02-10
INCY,2025-12-31,1286650000.0,5167478000.0,2026-02-10,6957973000.0,,2026-02-10,,2026-02-10
INTC,2006-12-30,,37210000000.0,2010-02-22,,,,,
INTC,2007-12-29,6976000000.0,43220000000.0,2010-02-22,,38334000000.0,,2010-02-22,2010-02-22
INTC,2008-12-27,5292000000.0,39546000000.0,2010-02-22,50472000000.0,37586000000.0,2010-02-22,2010-02-22,2010-02-22
INTC,2009-12-26,4369000000.0,41704000000.0,2010-02-22,53095000000.0,35127000000.0,2010-02-22,2010-02-22,2010-02-22
INTC,2010-12-25,11464000000.0,49430000000.0,2011-02-18,63186000000.0,43623000000.0,2011-02-18,2011-02-18,2011-02-18
INTC,2011-12-31,12942000000.0,45911000000.0,2012-02-23,71119000000.0,53999000000.0,2012-02-23,2012-02-23,2012-02-23
INTC,2012-12-29,11005000000.0,51203000000.0,2013-02-19,84351000000.0,53341000000.0,2013-02-19,2013-02-19,2013-02-19
INTC,2013-12-28,9620000000.0,58256000000.0,2014-02-14,92358000000.0,52708000000.0,2014-02-14,2014-02-14,2014-02-14
INTC,2014-12-27,11704000000.0,55865000000.0,2015-02-13,91956000000.0,55870000000.0,2015-02-13,2015-02-13,2015-02-13
INTC,2015-12-26,11420000000.0,61085000000.0,2016-02-12,103065000000.0,55355000000.0,2016-02-12,2016-02-12,2016-02-12
INTC,2016-12-31,10316000000.0,66226000000.0,2017-02-17,113327000000.0,59387000000.0,2017-02-17,2017-02-17,2017-02-17
INTC,2017-12-30,9601000000.0,69019000000.0,2018-02-16,123249000000.0,62761000000.0,2018-02-16,2018-02-16,2018-02-16
INTC,2018-12-29,21053000000.0,74563000000.0,2019-02-01,127963000000.0,,2019-02-01,,2019-02-01
INTC,2019-12-28,21048000000.0,77504000000.0,2020-01-24,136524000000.0,,2020-01-24,,2020-01-24
INTC,2020-12-26,20899000000.0,81038000000.0,2021-01-22,153091000000.0,,2021-01-22,,2021-01-22
INTC,2021-12-25,19868000000.0,95391000000.0,2022-01-27,168406000000.0,,2022-01-27,,2022-01-27
INTC,2022-12-31,8014000000.0,101423000000.0,2023-01-27,182103000000.0,,2023-01-27,,2023-01-27
INTC,2023-12-30,1689000000.0,105590000000.0,2024-01-26,191572000000.0,,2024-01-26,,2024-01-26
INTC,2024-12-28,-18756000000.0,99270000000.0,2025-01-31,196485000000.0,,2025-01-31,,2025-01-31
INTC,2025-12-27,-267000000.0,114281000000.0,2026-01-23,211429000000.0,,2026-01-23,,2026-01-23
INTU,2007-07-31,,2036000000.0,2010-09-16,,,,,
INTU,2008-07-31,477000000.0,2080000000.0,2010-09-16,,,,,2010-09-16
INTU,2009-07-31,447000000.0,2557000000.0,2010-09-16,4826000000.0,,2010-09-16,,2010-09-16
INTU,2010-07-31,574000000.0,2821000000.0,2010-09-16,5198000000.0,,2010-09-16,,2010-09-16
INTU,2011-07-31,634000000.0,2616000000.0,2011-09-14,5110000000.0,,2011-09-14,,2011-09-14
INTU,2012-07-31,792000000.0,2744000000.0,2012-09-13,4684000000.0,,2012-09-13,,2012-09-13
INTU,2013-07-31,858000000.0,3531000000.0,2013-09-13,5486000000.0,,2013-09-13,,2013-09-13
INTU,2014-07-31,907000000.0,3078000000.0,2014-09-12,5201000000.0,,2014-09-12,,2014-09-12
INTU,2015-07-31,365000000.0,2332000000.0,2015-09-01,4968000000.0,,2015-09-01,,2015-09-01
INTU,2016-07-31,979000000.0,1161000000.0,2016-09-01,4250000000.0,4694000000.0,2016-09-01,2018-08-31,2016-09-01
INTU,2017-07-31,971000000.0,1354000000.0,2017-09-01,4068000000.0,5177000000.0,2017-09-01,2018-08-31,2017-09-01
INTU,2018-07-31,1211000000.0,2354000000.0,2018-08-31,5178000000.0,5964000000.0,2018-08-31,2018-08-31,2018-08-31
INTU,2019-07-31,1557000000.0,3749000000.0,2019-08-30,6283000000.0,6784000000.0,2019-08-30,2019-08-30,2019-08-30
INTU,2020-07-31,1826000000.0,5106000000.0,2020-08-31,10931000000.0,7679000000.0,2020-08-31,2020-08-31,2020-08-31
INTU,2021-07-31,2062000000.0,9869000000.0,2021-09-08,15516000000.0,9633000000.0,2021-09-08,2021-09-08,2021-09-08
INTU,2022-07-31,2066000000.0,16441000000.0,2022-09-02,27734000000.0,12726000000.0,2022-09-02,2022-09-02,2022-09-02
INTU,2023-07-31,2384000000.0,17269000000.0,2023-09-01,27780000000.0,14368000000.0,2023-09-01,2023-09-01,2023-09-01
INTU,2024-07-31,2963000000.0,18436000000.0,2024-09-04,32132000000.0,16285000000.0,2024-09-04,2024-09-04,2024-09-04
INTU,2025-07-31,3869000000.0,19710000000.0,2025-09-03,36958000000.0,18831000000.0,2025-09-03,2025-09-03,2025-09-03
INTU,2026-07-31,4566000000.0,18992000000.0,2026-09-09,36786000000.0,21448000000.0,2026-09-09,2026-09-09,2026-09-09
IP,2007-12-31,1168000000.0,,,,21890000000.0,,2010-02-25,2010-02-25
IP,2008-12-31,-1282000000.0,4169000000.0,2010-02-25,26913000000.0,24829000000.0,2010-02-25,2010-02-25,2010-02-25
IP,2009-12-31,663000000.0,6023000000.0,2010-02-25,25548000000.0,23366000000.0,2010-02-25,2010-02-25,2010-02-25
IP,2010-12-31,644000000.0,6834000000.0,2011-02-25,25368000000.0,25179000000.0,2011-02-25,2011-02-25,2011-02-25
IP,2011-12-31,1341000000.0,6620000000.0,2012-02-27,26993000000.0,26034000000.0,2012-02-27,2012-02-27,2012-02-27
IP,2012-12-31,794000000.0,6304000000.0,2013-02-26,32153000000.0,27833000000.0,2013-02-26,2013-02-26,2013-02-26
IP,2013-12-31,1395000000.0,8105000000.0,2014-02-27,31528000000.0,29080000000.0,2014-02-27,2014-02-27,2014-02-27
IP,2014-12-31,555000000.0,5115000000.0,2015-02-26,28684000000.0,23617000000.0,2015-02-26,2015-02-26,2015-02-26
IP,2015-12-31,938000000.0,3884000000.0,2016-02-25,30587000000.0,22365000000.0,2016-02-25,2016-02-25,2016-02-25
IP,2016-12-31,904000000.0,4341000000.0,2017-02-22,33345000000.0,21079000000.0,2017-02-22,2017-02-22,2017-02-22
IP,2017-12-31,2144000000.0,6522000000.0,2018-02-22,33903000000.0,21743000000.0,2018-02-22,2018-02-22,2018-02-22
IP,2018-12-31,2012000000.0,7362000000.0,2019-02-20,33576000000.0,,2019-02-20,,2019-02-20
IP,2019-12-31,1225000000.0,7713000000.0,2020-02-19,33471000000.0,,2020-02-19,,2020-02-19
IP,2020-12-31,482000000.0,7854000000.0,2021-02-19,31718000000.0,,2021-02-19,,2021-02-19
IP,2021-12-31,1752000000.0,9082000000.0,2022-02-18,25243000000.0,,2022-02-18,,2022-02-18
IP,2022-12-31,1504000000.0,8497000000.0,2026-02-27,23940000000.0,,2023-02-17,,2023-02-17
IP,2023-12-31,288000000.0,8355000000.0,2026-02-27,23261000000.0,,2024-02-16,,2024-02-16
IP,2024-12-31,557000000.0,8173000000.0,2026-02-27,22800000000.0,,2025-02-21,,2026-02-27
IP,2025-12-31,-3516000000.0,14827000000.0,2026-02-27,37964000000.0,,2026-02-27,,2026-02-27
IPGP,2009-12-31,5419000.0,256430000.0,2012-02-27,,185894000.0,,2012-02-27,2012-02-27
IPGP,2010-12-31,53991000.0,316600000.0,2012-02-27,441855000.0,299256000.0,2012-02-27,2012-02-27,2012-02-27
IPGP,2011-12-31,117759000.0,443323000.0,2012-02-27,608132000.0,474482000.0,2012-02-27,2012-02-27,2012-02-27
IPGP,2012-12-31,145004000.0,742927000.0,2013-02-28,895498000.0,562528000.0,2013-02-28,2013-02-28,2013-02-28
IPGP,2013-12-31,155780000.0,927969000.0,2014-02-28,1061216000.0,648034000.0,2014-02-28,2014-02-28,2014-02-28
IPGP,2014-12-31,200445000.0,1046561000.0,2015-03-02,1210887000.0,769832000.0,2015-03-02,2015-03-02,2015-03-02
IPGP,2015-12-31,242154000.0,1259528000.0,2016-02-26,1453429000.0,901265000.0,2016-02-26,2016-02-26,2016-02-26
IPGP,2016-12-31,260752000.0,1557558000.0,2017-02-27,1789999000.0,1006173000.0,2017-02-27,2017-02-27,2017-02-27
IPGP,2017-12-31,347614000.0,2022322000.0,2018-02-28,2367255000.0,1408889000.0,2018-02-28,2018-02-28,2018-02-28
IPGP,2018-12-31,404027000.0,2205548000.0,2019-02-27,2574450000.0,,2019-02-27,,2019-02-27
IPGP,2019-12-31,180234000.0,2401726000.0,2020-02-24,2730436000.0,,2020-02-24,,2020-02-24
IPGP,2020-12-31,159572000.0,2592819000.0,2021-02-22,2935700000.0,,2021-02-22,,2021-02-22
IPGP,2021-12-31,278416000.0,2746582000.0,2022-02-22,3170540000.0,,2022-02-22,,2022-02-22
IPGP,2022-12-31,109909000.0,2385360000.0,2023-02-27,2743280000.0,,2023-02-27,,2023-02-27
IPGP,2023-12-31,218878000.0,2415385000.0,2024-02-21,2698898000.0,,2024-02-21,,2024-02-21
IPGP,2024-12-31,-181526000.0,2024471000.0,2025-02-20,2289264000.0,,2025-02-20,,2025-02-20
IPGP,2025-12-31,31096000.0,2128130000.0,2026-02-23,2424280000.0,,2026-02-23,,2026-02-23
IQV,2011-12-31,241772000.0,,,2322917000.0,4327748000.0,2014-02-13,2014-02-13,2014-02-13
IQV,2012-12-31,177546000.0,-1359523000.0,2014-02-13,2499153000.0,4865513000.0,2014-02-13,2014-02-13,2014-02-13
IQV,2013-12-31,226591000.0,-667413000.0,2014-02-13,3066797000.0,5099545000.0,2014-02-13,2014-02-13,2014-02-13
IQV,2014-12-31,356383000.0,-704061000.0,2015-02-12,3305832000.0,5459998000.0,2015-02-12,2015-02-12,2015-02-12
IQV,2015-12-31,387205000.0,-564217000.0,2016-02-11,3926316000.0,5737619000.0,2016-02-11,2016-02-11,2016-02-11
IQV,2016-12-31,115000000.0,8633000000.0,2017-02-16,21208000000.0,6878000000.0,2017-02-16,2017-02-16,2017-02-16
IQV,2017-12-31,1309000000.0,8109000000.0,2018-02-16,22742000000.0,9739000000.0,2018-02-16,2018-02-16,2018-02-16
IQV,2018-12-31,259000000.0,6714000000.0,2019-02-19,22549000000.0,,2019-02-19,,2019-02-19
IQV,2019-12-31,191000000.0,6003000000.0,2020-02-18,23251000000.0,,2020-02-18,,2020-02-18
IQV,2020-12-31,279000000.0,6001000000.0,2021-02-12,24564000000.0,,2021-02-12,,2021-02-12
IQV,2021-12-31,966000000.0,6042000000.0,2022-02-16,24689000000.0,,2022-02-16,,2022-02-16
IQV,2022-12-31,1091000000.0,,,25337000000.0,,2023-02-15,,2023-02-15
IQV,2023-12-31,1358000000.0,,,26681000000.0,,2024-02-15,,2024-02-15
IQV,2024-12-31,1373000000.0,6067000000.0,2026-02-17,26899000000.0,,2025-02-13,,2025-02-13
IQV,2025-12-31,1360000000.0,6503000000.0,2026-02-17,29944000000.0,,2026-02-17,,2026-02-17
IR,2015-12-31,-351200000.0,,,4462000000.0,2126900000.0,2018-02-16,2018-02-16,2018-02-16
IR,2016-12-31,-36600000.0,265900000.0,2018-02-16,4316000000.0,1939400000.0,2018-02-16,2018-02-16,2018-02-16
IR,2017-12-31,18400000.0,1476800000.0,2018-02-16,4621200000.0,2375400000.0,2018-02-16,2018-02-16,2018-02-16
IR,2018-12-31,269400000.0,,,4487100000.0,,2019-02-27,,2019-02-27
IR,2019-12-31,159100000.0,1869900000.0,2021-02-26,4628400000.0,,2020-02-26,,2020-02-26
IR,2020-12-31,-33300000.0,9119700000.0,2021-02-26,16058600000.0,,2021-02-26,,2021-02-26
IR,2021-12-31,562500000.0,9001500000.0,2022-02-25,15154500000.0,,2022-02-25,,2022-02-25
IR,2022-12-31,604700000.0,9195800000.0,2023-02-21,14765900000.0,,2023-02-21,,2023-02-21
IR,2023-12-31,778700000.0,9783800000.0,2024-02-23,15563500000.0,,2024-02-23,,2024-02-23
IR,2024-12-31,838600000.0,10179000000.0,2025-02-19,18009800000.0,,2025-02-19,,2025-02-19
IR,2025-12-31,581400000.0,10089800000.0,2026-02-17,18297200000.0,,2026-02-17,,2026-02-17
IRM,2008-12-31,82037000.0,,,,,,,2011-03-01
IRM,2009-12-31,220877000.0,2153367000.0,2011-03-01,6846834000.0,,2011-03-01,,2011-03-01
IRM,2010-12-31,-53900000.0,1955845000.0,2011-03-01,6395799000.0,,2011-03-01,,2011-03-01
IRM,2011-12-31,,1245688000.0,2012-02-28,6041258000.0,,2012-02-28,,
IRM,2012-12-31,,1149971000.0,2013-03-01,6358339000.0,,2013-03-01,,
IRM,2013-12-31,,1047338000.0,2014-02-28,6653005000.0,,2014-02-28,,
IRM,2014-12-31,,856355000.0,2015-02-27,6570342000.0,,2015-02-27,,
IRM,2015-12-31,,508841000.0,2016-02-26,6350587000.0,,2016-02-26,,
IRM,2016-12-31,,1936547000.0,2017-02-23,9486800000.0,,2017-02-23,,
IRM,2017-12-31,,2297438000.0,2018-02-16,10972402000.0,,2018-02-16,,
IRM,2018-12-31,,1884180000.0,2019-02-14,11852247000.0,4225761000.0,2019-02-14,2021-02-24,
IRM,2019-12-31,,1463962000.0,2020-02-13,13816816000.0,4262584000.0,2020-02-13,2020-02-13,
IRM,2020-12-31,,1136729000.0,2021-02-24,14149267000.0,4147270000.0,2021-02-24,2021-02-24,
IRM,2021-12-31,,855952000.0,2022-02-24,14450031000.0,4491531000.0,2022-02-24,2022-02-24,
IRM,2022-12-31,,636668000.0,2023-02-23,16140514000.0,,2023-02-23,,
IRM,2023-12-31,,211648000.0,2024-02-22,17473802000.0,,2024-02-22,,
IRM,2024-12-31,,-503122000.0,2025-02-14,18717115000.0,,2025-02-14,,
IRM,2025-12-31,,-981007000.0,2026-02-12,21125019000.0,,2026-02-12,,
ISRG,2006-12-31,,589705000.0,2010-01-29,,,,,
ISRG,2007-12-31,144537000.0,888674000.0,2010-01-29,,600828000.0,,2010-01-29,2010-01-29
ISRG,2008-12-31,204315000.0,1266766000.0,2010-01-29,1474624000.0,874919000.0,2010-01-29,2010-01-29,2010-01-29
ISRG,2009-12-31,232606000.0,1537283000.0,2010-01-29,1809716000.0,1052168000.0,2010-01-29,2010-01-29,2010-01-29
ISRG,2010-12-31,381800000.0,2037400000.0,2011-02-01,2390400000.0,1413000000.0,2011-02-01,2011-02-01,2011-02-01
ISRG,2011-12-31,495100000.0,2645600000.0,2012-02-06,3063100000.0,1757300000.0,2012-02-06,2012-02-06,2012-02-06
ISRG,2012-12-31,656600000.0,3580100000.0,2013-02-04,4059200000.0,2178800000.0,2013-02-04,2013-02-04,2013-02-04
ISRG,2013-12-31,671000000.0,3501400000.0,2014-02-03,3950300000.0,2265100000.0,2014-02-03,2014-02-03,2014-02-03
ISRG,2014-12-31,418800000.0,3379400000.0,2015-02-06,3959400000.0,2131700000.0,2015-02-06,2015-02-06,2015-02-06
ISRG,2015-12-31,588800000.0,4319500000.0,2016-02-02,4907300000.0,2384400000.0,2016-02-02,2016-02-02,2016-02-02
ISRG,2016-12-31,735900000.0,5777800000.0,2017-02-06,6486900000.0,2704400000.0,2017-02-06,2017-02-06,2017-02-06
ISRG,2017-12-31,660000000.0,4725200000.0,2018-02-02,5758000000.0,3128900000.0,2018-02-02,2018-02-02,2018-02-02
ISRG,2018-12-31,1127900000.0,6678800000.0,2019-02-04,7846700000.0,,2019-02-04,,2019-02-04
ISRG,2019-12-31,1379300000.0,8263800000.0,2020-02-07,9733200000.0,,2020-02-07,,2020-02-07
ISRG,2020-12-31,1060600000.0,9731500000.0,2021-02-10,11168900000.0,,2021-02-10,,2021-02-10
ISRG,2021-12-31,1704600000.0,11901100000.0,2022-02-03,13555000000.0,,2022-02-03,,2022-02-03
ISRG,2022-12-31,1322300000.0,11041900000.0,2023-02-10,12974000000.0,,2023-02-10,,2023-02-10
ISRG,2023-12-31,1798000000.0,13307600000.0,2024-01-31,15441500000.0,,2024-01-31,,2024-01-31
ISRG,2024-12-31,2322600000.0,16433700000.0,2025-01-31,18743200000.0,,2025-01-31,,2025-01-31
ISRG,2025-12-31,2856000000.0,17824000000.0,2026-02-03,20458700000.0,,2026-02-03,,2026-02-03
IT,2007-12-31,,17498000.0,2011-02-15,,,,,
IT,2008-12-31,103871000.0,-21316000.0,2011-02-15,,,,,2011-02-15
IT,2009-12-31,82964000.0,112535000.0,2011-02-15,1215279000.0,1139800000.0,2011-02-15,2012-02-23,2011-02-15
IT,2010-12-31,96285000.0,187056000.0,2011-02-15,1285658000.0,1288454000.0,2011-02-15,2012-02-23,2011-02-15
IT,2011-12-31,136902000.0,181784000.0,2012-02-23,1379872000.0,1468588000.0,2012-02-23,2012-02-23,2012-02-23
IT,2012-12-31,165903000.0,306673000.0,2013-02-22,1621277000.0,1615808000.0,2013-02-22,2013-02-22,2013-02-22
IT,2013-12-31,182801000.0,361316000.0,2014-02-26,1783582000.0,1784213000.0,2014-02-26,2014-02-26,2014-02-26
IT,2014-12-31,183766000.0,161171000.0,2015-02-27,1904351000.0,2021441000.0,2015-02-27,2015-02-27,2015-02-27
IT,2015-12-31,175635000.0,-132400000.0,2016-02-24,2174686000.0,,2016-02-24,,2016-02-24
IT,2016-12-31,193582000.0,60878000.0,2017-02-22,2367335000.0,,2017-02-22,,2017-02-22
IT,2017-12-31,3279000.0,983465000.0,2018-02-22,7283173000.0,,2018-02-22,,2018-02-22
IT,2018-12-31,122456000.0,850757000.0,2019-02-22,6201474000.0,,2019-02-22,,2019-02-22
IT,2019-12-31,233290000.0,938593000.0,2020-02-19,7151294000.0,,2020-02-19,,2020-02-19
IT,2020-12-31,266745000.0,1090428000.0,2021-02-24,7315967000.0,,2021-02-24,,2021-02-24
IT,2021-12-31,793560000.0,371058000.0,2022-02-23,7416324000.0,,2022-02-23,,2022-02-23
IT,2022-12-31,807799000.0,227798000.0,2023-02-16,7299736000.0,,2023-02-16,,2023-02-16
IT,2023-12-31,882466000.0,680634000.0,2024-02-15,7835919000.0,,2024-02-15,,2024-02-15
IT,2024-12-31,1253715000.0,1359169000.0,2025-02-13,8534671000.0,,2025-02-13,,2025-02-13
IT,2025-12-31,729231000.0,319908000.0,2026-02-12,8085400000.0,,2026-02-12,,2026-02-12
ITT,2006-12-31,,2869400000.0,2010-03-01,,,,,
ITT,2007-12-31,,3944800000.0,2010-03-01,,9003300000.0,,2010-03-01,
ITT,2008-12-31,,3059900000.0,2010-03-01,10480200000.0,11694800000.0,2010-03-01,2010-03-01,
ITT,2009-12-31,,3878300000.0,2010-03-01,11129100000.0,10904500000.0,2010-03-01,2010-03-01,
ITT,2010-12-31,,4505000000.0,2011-02-24,12438000000.0,10995000000.0,2011-02-24,2011-02-24,
ITT,2011-12-31,-129500000.0,694000000.0,2012-02-29,3671000000.0,2119000000.0,2012-02-29,2012-02-29,2014-02-21
ITT,2012-12-31,125400000.0,703200000.0,2013-02-27,3386100000.0,2227800000.0,2013-02-27,2013-02-27,2014-02-21
ITT,2013-12-31,488500000.0,1201000000.0,2014-02-21,3740200000.0,2496900000.0,2014-02-21,2014-02-21,2014-02-21
ITT,2014-12-31,184500000.0,1214900000.0,2015-02-20,3631500000.0,2654600000.0,2015-02-20,2015-02-20,2016-02-22
ITT,2015-12-31,351800000.0,1362100000.0,2016-02-22,3723600000.0,2485600000.0,2016-02-22,2016-02-22,2016-02-22
ITT,2016-12-31,186100000.0,1426400000.0,2017-02-17,3601700000.0,2405400000.0,2017-02-17,2017-02-17,2017-02-17
ITT,2017-12-31,113500000.0,1596100000.0,2018-02-16,3700200000.0,2585300000.0,2018-02-16,2018-02-16,2018-02-16
ITT,2018-12-31,333700000.0,1822400000.0,2019-02-22,3846800000.0,2745100000.0,2019-02-22,2019-02-22,2019-02-22
ITT,2019-12-31,325100000.0,2074900000.0,2020-02-21,4107700000.0,2846400000.0,2020-02-21,2020-02-21,2020-02-21
ITT,2020-12-31,72500000.0,2126400000.0,2021-02-19,4277600000.0,2477800000.0,2021-02-19,2021-02-19,2021-02-19
ITT,2021-12-31,316300000.0,2225800000.0,2022-02-16,3565400000.0,2765000000.0,2022-02-16,2022-02-16,2022-02-16
ITT,2022-12-31,367000000.0,2248100000.0,2023-02-15,3780300000.0,2987700000.0,2023-02-15,2023-02-15,2023-02-15
ITT,2023-12-31,410500000.0,2528200000.0,2024-02-12,3932600000.0,3283000000.0,2024-02-12,2024-02-12,2024-02-12
ITT,2024-12-31,518300000.0,2762600000.0,2025-02-10,4710700000.0,3630700000.0,2025-02-10,2025-02-10,2025-02-10
ITT,2025-12-31,488000000.0,4084400000.0,2026-02-09,6310400000.0,3938500000.0,2026-02-09,2026-02-09,2026-02-09
ITW,2008-12-31,,7675091000.0,2010-02-26,15203551000.0,,2010-02-26,,
ITW,2009-12-31,,8817876000.0,2010-02-26,16081984000.0,,2010-02-26,,
ITW,2010-12-31,,9381246000.0,2011-02-28,16250273000.0,,2011-02-28,,
ITW,2011-12-31,,10034064000.0,2012-02-17,17983514000.0,,2012-02-17,,
ITW,2012-12-31,,10570000000.0,2013-02-19,19309000000.0,,2013-02-19,,
ITW,2013-12-31,,9709000000.0,2014-02-14,19966000000.0,,2014-02-14,,
ITW,2014-12-31,,6824000000.0,2015-02-13,17678000000.0,,2015-02-13,,
ITW,2015-12-31,,5228000000.0,2016-02-12,15729000000.0,,2016-02-12,,
ITW,2016-12-31,,4259000000.0,2017-02-10,15201000000.0,13599000000.0,2017-02-10,2019-02-15,
ITW,2017-12-31,,4589000000.0,2018-02-15,16780000000.0,14314000000.0,2018-02-15,2019-02-15,
ITW,2018-12-31,,3258000000.0,2019-02-15,14870000000.0,14768000000.0,2019-02-15,2019-02-15,
ITW,2019-12-31,,3030000000.0,2020-02-14,15068000000.0,,2020-02-14,,
ITW,2020-12-31,,3182000000.0,2021-02-12,15612000000.0,,2021-02-12,,
ITW,2021-12-31,,3626000000.0,2022-02-11,16077000000.0,,2022-02-11,,
ITW,2022-12-31,,3089000000.0,2023-02-10,15422000000.0,,2023-02-10,,
ITW,2023-12-31,,3013000000.0,2024-02-09,15518000000.0,,2024-02-09,,
ITW,2024-12-31,,3317000000.0,2025-02-14,15067000000.0,,2025-02-14,,
ITW,2025-12-31,,3226000000.0,2026-02-13,16148000000.0,,2026-02-13,,
IVZ,2007-12-31,673600000.0,,,,3878900000.0,,2010-02-26,2010-02-26
IVZ,2008-12-31,481700000.0,5689500000.0,2010-02-26,9756900000.0,3307600000.0,2010-02-26,2010-02-26,2010-02-26
IVZ,2009-12-31,322500000.0,6912900000.0,2010-02-26,10909600000.0,2627300000.0,2010-02-26,2010-02-26,2010-02-26
IVZ,2010-12-31,465700000.0,8264600000.0,2011-02-25,20444100000.0,3487700000.0,2011-02-25,2011-02-25,2011-02-25
IVZ,2011-12-31,729700000.0,8119100000.0,2012-02-24,19347000000.0,4092200000.0,2012-02-24,2012-02-24,2012-02-24
IVZ,2012-12-31,677100000.0,8316800000.0,2013-02-22,17492400000.0,4177000000.0,2013-02-22,2013-02-22,2013-02-22
IVZ,2013-12-31,940300000.0,8392600000.0,2014-02-21,19270500000.0,4644600000.0,2014-02-21,2014-02-21,2014-02-21
IVZ,2014-12-31,988100000.0,8326000000.0,2015-02-20,20462500000.0,5147100000.0,2015-02-20,2015-02-20,2015-02-20
IVZ,2015-12-31,968100000.0,7885300000.0,2016-02-19,25073200000.0,5122900000.0,2016-02-19,2016-02-19,2016-02-19
IVZ,2016-12-31,854200000.0,7503800000.0,2017-02-23,25734300000.0,4734400000.0,2017-02-23,2017-02-23,2017-02-23
IVZ,2017-12-31,1127300000.0,8696100000.0,2018-02-23,31668800000.0,5160300000.0,2018-02-23,2018-02-23,2018-02-23
IVZ,2018-12-31,882800000.0,8578800000.0,2019-02-22,30978400000.0,5314100000.0,2019-02-22,2019-02-22,2019-02-22
IVZ,2019-12-31,564700000.0,13862500000.0,2020-03-02,39420300000.0,,2020-03-02,,2020-03-02
IVZ,2020-12-31,524800000.0,14361800000.0,2021-02-19,36504100000.0,,2021-02-19,,2021-02-19
IVZ,2021-12-31,1393000000.0,15495800000.0,2022-02-18,32685600000.0,,2022-02-18,,2022-02-18
IVZ,2022-12-31,683900000.0,15213600000.0,2023-02-23,29756800000.0,,2023-02-23,,2023-02-23
IVZ,2023-12-31,-333700000.0,14597600000.0,2024-02-21,28933800000.0,,2024-02-21,,2024-02-21
IVZ,2024-12-31,538000000.0,14559900000.0,2025-02-25,27008900000.0,,2025-02-25,,2025-02-25
IVZ,2025-12-31,,12231000000.0,2026-02-24,27094000000.0,,2026-02-24,,
J,2006-09-30,,1423214000.0,2009-11-20,,,,,
J,2007-09-28,287130000.0,1843662000.0,2009-11-20,,8473970000.0,,2009-11-20,2009-11-20
J,2008-09-26,420742000.0,2245147000.0,2009-11-20,4278238000.0,11252159000.0,2009-11-20,2009-11-20,2009-11-20
J,2009-10-02,399854000.0,2625913000.0,2009-11-20,4428614000.0,11467376000.0,2009-11-20,2009-11-20,2009-11-20
J,2010-10-01,245974000.0,2859048000.0,2010-11-23,4683917000.0,9915517000.0,2010-11-23,2010-11-23,2010-11-23
J,2011-09-30,331029000.0,3312988000.0,2011-11-21,6049428000.0,10381664000.0,2011-11-21,2011-11-21,2011-11-21
J,2012-09-28,378954000.0,3722473000.0,2012-11-20,6839433000.0,10893778000.0,2012-11-20,2012-11-20,2012-11-20
J,2013-09-27,423093000.0,4213097000.0,2013-11-22,7274144000.0,11818376000.0,2013-11-22,2013-11-22,2013-11-22
J,2014-09-26,328108000.0,4469255000.0,2014-11-24,8453659000.0,12695157000.0,2014-11-24,2014-11-24,2014-11-24
J,2015-10-02,302971000.0,4291745000.0,2015-11-24,7785926000.0,12114832000.0,2015-11-24,2015-11-24,2015-11-24
J,2016-09-30,210463000.0,4265276000.0,2016-11-22,7360022000.0,10964157000.0,2016-11-22,2016-11-22,2016-11-22
J,2017-09-29,293727000.0,4428352000.0,2017-11-21,7380859000.0,10022788000.0,2017-11-21,2017-11-21,2017-11-21
J,2018-09-28,163431000.0,5854345000.0,2018-11-21,12645795000.0,14984646000.0,2018-11-21,2018-11-21,2018-11-21
J,2019-09-27,847979000.0,5714691000.0,2019-11-25,11462711000.0,,2019-11-25,,2019-11-25
J,2020-10-02,491845000.0,5815712000.0,2020-11-24,12354353000.0,,2020-11-24,,2020-11-24
J,2021-10-01,477030000.0,5940041000.0,2021-11-23,14632609000.0,,2021-11-23,,2021-11-23
J,2022-09-30,644039000.0,6060056000.0,2022-11-21,14660419000.0,,2022-11-21,,2022-11-21
J,2023-09-29,665777000.0,6546220000.0,2023-11-21,14617109000.0,,2023-11-21,,2023-11-21
J,2024-09-27,806093000.0,4549467000.0,2024-11-25,11759005000.0,,2024-11-25,,2024-11-25
J,2025-09-26,289336000.0,3640807000.0,2025-11-20,11252535000.0,,2025-11-20,,2025-11-20
JBHT,2007-12-31,,343197000.0,2011-02-25,,,,,
JBHT,2008-12-31,200593000.0,529011000.0,2011-02-25,,3731943000.0,,2011-02-25,2011-02-25
JBHT,2009-12-31,136435000.0,643853000.0,2011-02-25,1856914000.0,3203321000.0,2011-02-25,2011-02-25,2011-02-25
JBHT,2010-12-31,199617000.0,573021000.0,2011-02-25,1961660000.0,3793485000.0,2011-02-25,2011-02-25,2011-02-25
JBHT,2011-12-31,257006000.0,567543000.0,2012-02-24,2267332000.0,4526842000.0,2012-02-24,2012-02-24,2012-02-24
JBHT,2012-12-31,310354000.0,791860000.0,2013-02-22,2464641000.0,5054980000.0,2013-02-22,2013-02-22,2013-02-22
JBHT,2013-12-31,342382000.0,1012452000.0,2014-02-21,2819404000.0,5584571000.0,2014-02-21,2014-02-21,2014-02-21
JBHT,2014-12-31,374792000.0,1204523000.0,2015-02-24,3397117000.0,6165441000.0,2015-02-24,2015-02-24,2015-02-24
JBHT,2015-12-31,427235000.0,1300352000.0,2016-02-23,3636567000.0,6187646000.0,2016-02-23,2016-02-23,2016-02-23
JBHT,2016-12-31,432090000.0,1414061000.0,2017-02-23,3828988000.0,6555459000.0,2017-02-23,2017-02-23,2017-02-23
JBHT,2017-12-31,686263000.0,1839325000.0,2018-02-23,4465349000.0,7189568000.0,2018-02-23,2018-02-23,2018-02-23
JBHT,2018-12-31,489585000.0,2101384000.0,2019-02-22,5091647000.0,,2019-02-22,,2019-02-22
JBHT,2019-12-31,516320000.0,2267029000.0,2020-03-02,5470854000.0,,2020-03-02,,2020-03-02
JBHT,2020-12-31,506035000.0,2600138000.0,2021-02-23,5928348000.0,,2021-02-23,,2021-02-23
JBHT,2021-12-31,760806000.0,3117816000.0,2022-02-25,6794348000.0,,2022-02-25,,2022-02-25
JBHT,2022-12-31,969351000.0,3666768000.0,2023-02-24,7786582000.0,,2023-02-24,,2023-02-24
JBHT,2023-12-31,728287000.0,4103758000.0,2024-02-23,8538260000.0,,2024-02-23,,2024-02-23
JBHT,2024-12-31,570886000.0,4014505000.0,2025-02-21,8312270000.0,,2025-02-21,,2025-02-21
JBHT,2025-12-31,598282000.0,3565085000.0,2026-02-24,7927155000.0,,2026-02-24,,2026-02-24
JBL,2009-08-31,-1165212000.0,,,,,,,2011-10-27
JBL,2010-08-31,168840000.0,1578046000.0,2011-10-27,6367747000.0,,2011-10-27,,2011-10-27
JBL,2011-08-31,381063000.0,1867120000.0,2011-10-27,7057940000.0,,2011-10-27,,2011-10-27
JBL,2012-08-31,394687000.0,2105057000.0,2012-10-25,7803141000.0,,2012-10-25,,2012-10-25
JBL,2013-08-31,371482000.0,2335287000.0,2013-10-28,9153781000.0,,2013-10-28,,2013-10-28
JBL,2014-08-31,241313000.0,2241828000.0,2014-10-21,8479746000.0,,2014-10-21,,2014-10-21
JBL,2015-08-31,284019000.0,2314856000.0,2015-10-16,9603207000.0,,2015-10-16,,2015-10-16
JBL,2016-08-31,254095000.0,2438171000.0,2016-10-20,10322677000.0,18353086000.0,2016-10-20,2018-10-19,2016-10-20
JBL,2017-08-31,129090000.0,2353514000.0,2017-10-19,11095995000.0,19063121000.0,2017-10-19,2018-10-19,2017-10-19
JBL,2018-08-31,86330000.0,1950257000.0,2018-10-19,12045641000.0,22095416000.0,2018-10-19,2018-10-19,2018-10-19
JBL,2019-08-31,287111000.0,1887443000.0,2019-10-22,12970475000.0,25282320000.0,2019-10-22,2019-10-22,2019-10-22
JBL,2020-08-31,53912000.0,1811384000.0,2020-10-22,14397416000.0,,2020-10-22,,2020-10-22
JBL,2021-08-31,696000000.0,2136000000.0,2021-10-22,16654000000.0,,2021-10-22,,2021-10-22
JBL,2022-08-31,996000000.0,2451000000.0,2022-10-25,19717000000.0,,2022-10-25,,2022-10-25
JBL,2023-08-31,818000000.0,2866000000.0,2023-10-20,19424000000.0,,2023-10-20,,2023-10-20
JBL,2024-08-31,1388000000.0,1737000000.0,2024-10-28,17351000000.0,,2024-10-28,,2024-10-28
JBL,2025-08-31,657000000.0,1513000000.0,2025-10-17,18543000000.0,,2025-10-17,,2025-10-17
JCI,2006-09-29,,35387000000.0,2009-11-17,,,,,
JCI,2007-09-28,-1742000000.0,15624000000.0,2009-11-17,,18477000000.0,,2009-11-17,2009-11-17
JCI,2008-09-26,1553000000.0,15494000000.0,2009-11-17,28804000000.0,20199000000.0,2009-11-17,2009-11-17,2009-11-17
JCI,2009-09-25,-1798000000.0,12941000000.0,2009-11-17,25553000000.0,17237000000.0,2009-11-17,2009-11-17,2009-11-17
JCI,2010-09-24,1132000000.0,14084000000.0,2010-11-12,27128000000.0,17016000000.0,2010-11-12,2010-11-12,2010-11-12
JCI,2011-09-30,1733000000.0,14182000000.0,2011-11-16,26777000000.0,17355000000.0,2011-11-16,2011-11-16,2011-11-16
JCI,2012-09-28,472000000.0,4994000000.0,2012-11-16,12365000000.0,10403000000.0,2012-11-16,2012-11-16,2012-11-16
JCI,2013-09-27,536000000.0,5098000000.0,2013-11-14,12176000000.0,10647000000.0,2013-11-14,2013-11-14,2013-11-14
JCI,2013-09-30,,12273000000.0,2016-11-23,,,,,
JCI,2014-09-26,1838000000.0,4647000000.0,2014-11-14,11809000000.0,10340000000.0,2014-11-14,2014-11-14,2014-11-14
JCI,2014-09-30,1215000000.0,11270000000.0,2016-11-23,32812000000.0,,2016-11-23,,2016-11-23
JCI,2015-09-25,551000000.0,4041000000.0,2015-11-13,12321000000.0,9902000000.0,2015-11-13,2015-11-13,2015-11-13
JCI,2015-09-30,1563000000.0,10335000000.0,2016-11-23,29622000000.0,,2016-11-23,,2016-11-23
JCI,2016-09-30,-868000000.0,24118000000.0,2016-11-23,63253000000.0,,2016-11-23,,2016-11-23
JCI,2017-09-30,1611000000.0,20447000000.0,2017-11-21,51884000000.0,,2017-11-21,,2017-11-21
JCI,2018-09-30,2162000000.0,21164000000.0,2018-11-20,48797000000.0,,2018-11-20,,2018-11-20
JCI,2019-09-30,5674000000.0,19766000000.0,2019-11-21,42287000000.0,,2019-11-21,,2019-11-21
JCI,2020-09-30,631000000.0,17447000000.0,2020-11-16,40815000000.0,,2020-11-16,,2020-11-16
JCI,2021-09-30,1637000000.0,17562000000.0,2021-11-15,41890000000.0,,2021-11-15,,2021-11-15
JCI,2022-09-30,1532000000.0,16268000000.0,2022-11-15,42158000000.0,,2022-11-15,,2022-11-15
JCI,2023-09-30,1849000000.0,16545000000.0,2023-12-14,42242000000.0,,2023-12-14,,2023-12-14
JCI,2024-09-30,1705000000.0,16098000000.0,2024-11-19,42695000000.0,,2024-11-19,,2024-11-19
JCI,2025-09-30,3291000000.0,12927000000.0,2025-11-14,37939000000.0,,2025-11-14,,2025-11-14
JEF,2007-12-31,484294000.0,,,,1154895000.0,,2010-02-26,2010-02-26
JEF,2008-12-31,-2535425000.0,2676797000.0,2010-02-26,5198493000.0,1080653000.0,2010-02-26,2010-02-26,2010-02-26
JEF,2009-12-31,550280000.0,4361647000.0,2010-02-26,6762364000.0,1119002000.0,2010-02-26,2010-02-26,2010-02-26
JEF,2010-12-31,1939312000.0,6956758000.0,2011-02-25,9350298000.0,1320004000.0,2011-02-25,2011-02-25,2011-02-25
JEF,2011-12-31,25231000.0,6174396000.0,2012-02-27,9263189000.0,1570768000.0,2012-02-27,2012-02-27,2012-02-27
JEF,2012-12-31,854466000.0,6767268000.0,2013-02-25,9349118000.0,9193689000.0,2013-02-25,2013-02-25,2013-02-25
JEF,2013-12-31,369240000.0,10102462000.0,2014-02-28,47866781000.0,11002752000.0,2014-02-28,2014-02-28,2014-02-28
JEF,2014-12-31,204306000.0,10302158000.0,2015-02-27,52623908000.0,12334907000.0,2015-02-27,2015-02-27,2015-02-27
JEF,2015-12-31,279587000.0,10401211000.0,2016-02-19,46339812000.0,11683927000.0,2016-02-19,2016-02-19,2016-02-19
JEF,2016-12-31,125938000.0,10128100000.0,2017-02-27,45071307000.0,10875254000.0,2017-02-27,2017-02-27,2017-02-27
JEF,2017-12-31,167351000.0,10105957000.0,2018-02-27,47169108000.0,12407854000.0,2018-02-27,2018-02-27,2018-02-27
JEF,2018-11-30,,10060866000.0,2020-01-29,47131095000.0,,2020-01-29,,
JEF,2019-11-30,959593000.0,9579705000.0,2020-01-29,49460234000.0,5358656000.0,2020-01-29,2020-01-29,2020-01-29
JEF,2020-11-30,769605000.0,9403893000.0,2021-01-29,53118352000.0,6955930000.0,2021-01-29,2021-01-29,2021-01-29
JEF,2021-11-30,1667403000.0,10553755000.0,2022-01-28,60404110000.0,9039883000.0,2022-01-28,2022-01-28,2022-01-28
JEF,2022-11-30,,10232846000.0,2023-01-27,51057683000.0,7149263000.0,2023-01-27,2023-01-27,
JEF,2023-11-30,,9709827000.0,2024-01-26,57905161000.0,7441399000.0,2024-01-26,2024-01-26,
JEF,2024-11-30,,10156772000.0,2025-01-28,64360309000.0,10515069000.0,2025-01-28,2025-01-28,
JEF,2025-11-30,,10574696000.0,2026-01-28,76012347000.0,10823677000.0,2026-01-28,2026-01-28,
JKHY,2010-06-30,117870000.0,750372000.0,2012-08-27,,836586000.0,,2012-08-27,2012-08-27
JKHY,2011-06-30,137471000.0,879776000.0,2012-08-27,1505797000.0,966897000.0,2012-08-27,2012-08-27,2012-08-27
JKHY,2012-06-30,154984000.0,983056000.0,2012-08-27,1619492000.0,1027109000.0,2012-08-27,2012-08-27,2012-08-27
JKHY,2013-06-30,176645000.0,1072169000.0,2013-08-27,1629155000.0,1129386000.0,2013-08-27,2013-08-27,2013-08-27
JKHY,2014-06-30,201136000.0,1038161000.0,2014-08-27,1624292000.0,1210053000.0,2014-08-27,2014-08-27,2014-08-27
JKHY,2015-06-30,211221000.0,991534000.0,2015-09-11,1836835000.0,1256190000.0,2015-09-11,2015-09-11,2015-09-11
JKHY,2016-06-30,248867000.0,996210000.0,2016-08-29,1815512000.0,1354646000.0,2016-08-29,2016-08-29,2016-08-29
JKHY,2017-06-30,245793000.0,1032051000.0,2017-08-25,1908945000.0,1431117000.0,2017-08-25,2017-08-25,2017-08-25
JKHY,2018-06-30,376660000.0,1266828000.0,2018-08-24,2050303000.0,1536603000.0,2018-08-24,2018-08-24,2018-08-24
JKHY,2019-06-30,271885000.0,1429013000.0,2019-08-26,2184829000.0,,2019-08-26,,2019-08-26
JKHY,2020-06-30,296668000.0,1549688000.0,2020-08-25,2428474000.0,,2020-08-25,,2020-08-25
JKHY,2021-06-30,311469000.0,1319292000.0,2021-08-25,2336156000.0,,2021-08-25,,2021-08-25
JKHY,2022-06-30,362916000.0,1381623000.0,2022-08-25,2455564000.0,,2022-08-25,,2022-08-25
JKHY,2023-06-30,366646000.0,1608510000.0,2023-08-24,2773826000.0,,2023-08-24,,2023-08-24
JKHY,2024-06-30,381816000.0,1842364000.0,2024-08-26,2924481000.0,,2024-08-26,,2024-08-26
JKHY,2025-06-30,455748000.0,2130832000.0,2025-08-25,3043970000.0,,2025-08-25,,2025-08-25
JKHY,2026-06-30,502776000.0,2051949000.0,2026-08-28,3145711000.0,,2026-08-28,,2026-08-28
JNJ,2006-12-31,,39318000000.0,2010-03-01,,,,,
JNJ,2007-12-30,,43319000000.0,2010-03-01,,,,,
JNJ,2008-12-28,,42511000000.0,2010-03-01,84912000000.0,,2010-03-01,,
JNJ,2010-01-03,,50588000000.0,2010-03-01,94682000000.0,,2010-03-01,,
JNJ,2011-01-02,13334000000.0,56579000000.0,2011-02-25,102908000000.0,,2011-02-25,,2013-02-22
JNJ,2012-01-01,9672000000.0,57080000000.0,2012-02-23,113644000000.0,,2012-02-23,,2013-02-22
JNJ,2012-12-30,10853000000.0,64826000000.0,2013-02-22,121347000000.0,,2013-02-22,,2013-02-22
JNJ,2013-12-29,13831000000.0,74053000000.0,2014-02-21,132683000000.0,,2014-02-21,,2014-02-21
JNJ,2014-12-28,16323000000.0,69752000000.0,2015-02-24,131119000000.0,,2015-02-24,,2015-02-24
JNJ,2016-01-03,15409000000.0,71150000000.0,2016-02-24,133411000000.0,,2016-02-24,,2016-02-24
JNJ,2017-01-01,16540000000.0,70418000000.0,2017-02-27,141208000000.0,71890000000.0,2017-02-27,2019-02-20,2017-02-27
JNJ,2017-12-31,1300000000.0,60160000000.0,2018-02-21,157303000000.0,76450000000.0,2018-02-21,2019-02-20,2018-02-21
JNJ,2018-12-30,15297000000.0,59752000000.0,2019-02-20,152954000000.0,81581000000.0,2019-02-20,2019-02-20,2019-02-20
JNJ,2019-12-29,15119000000.0,59471000000.0,2020-02-18,157728000000.0,82059000000.0,2020-02-18,2020-02-18,2020-02-18
JNJ,2021-01-03,14714000000.0,63278000000.0,2021-02-22,174894000000.0,82584000000.0,2021-02-22,2021-02-22,2021-02-22
JNJ,2022-01-02,20878000000.0,74023000000.0,2022-02-17,182018000000.0,93775000000.0,2022-02-17,2022-02-17,2022-02-17
JNJ,2023-01-01,17941000000.0,76804000000.0,2023-02-16,187378000000.0,94943000000.0,2023-02-16,2023-02-16,2023-02-16
JNJ,2023-12-31,35153000000.0,68774000000.0,2024-02-16,167558000000.0,85159000000.0,2024-02-16,2024-02-16,2024-02-16
JNJ,2024-12-29,14066000000.0,71490000000.0,2025-02-13,180104000000.0,88821000000.0,2025-02-13,2025-02-13,2025-02-13
JNJ,2025-12-28,26804000000.0,81544000000.0,2026-02-11,199210000000.0,94193000000.0,2026-02-11,2026-02-11,2026-02-11
JPM,2007-12-31,15365000000.0,,,,71372000000.0,,2010-02-24,2010-02-24
JPM,2008-12-31,5605000000.0,166884000000.0,2010-02-24,2175052000000.0,67252000000.0,2010-02-24,2010-02-24,2010-02-24
JPM,2009-12-31,11728000000.0,165365000000.0,2010-02-24,2031989000000.0,100434000000.0,2010-02-24,2010-02-24,2010-02-24
JPM,2010-12-31,17370000000.0,176106000000.0,2011-02-28,2117605000000.0,102694000000.0,2011-02-28,2011-02-28,2011-02-28
JPM,2011-12-31,18976000000.0,183573000000.0,2012-02-29,2265792000000.0,97234000000.0,2012-02-29,2012-02-29,2012-02-29
JPM,2012-12-31,21284000000.0,204069000000.0,2013-02-28,2359141000000.0,97031000000.0,2013-02-28,2013-02-28,2013-02-28
JPM,2013-12-31,17923000000.0,211178000000.0,2014-02-20,2415689000000.0,96606000000.0,2014-02-20,2014-02-20,2014-02-20
JPM,2014-12-31,21762000000.0,232065000000.0,2015-02-24,2573126000000.0,94205000000.0,2015-02-24,2015-02-24,2015-02-24
JPM,2015-12-31,24442000000.0,247573000000.0,2016-02-23,2351698000000.0,93543000000.0,2016-02-23,2016-02-23,2016-02-23
JPM,2016-12-31,24733000000.0,254190000000.0,2017-02-28,2490972000000.0,95668000000.0,2017-02-28,2017-02-28,2017-02-28
JPM,2017-12-31,24441000000.0,255693000000.0,2018-02-27,2533600000000.0,99624000000.0,2018-02-27,2018-02-27,2018-02-27
JPM,2018-12-31,32474000000.0,256515000000.0,2019-02-26,2622532000000.0,109029000000.0,2019-02-26,2019-02-26,2019-02-26
JPM,2019-12-31,36431000000.0,261330000000.0,2020-02-25,2687379000000.0,115627000000.0,2020-02-25,2020-02-25,2020-02-25
JPM,2020-12-31,29131000000.0,279354000000.0,2021-02-23,3386071000000.0,119543000000.0,2021-02-23,2021-02-23,2021-02-23
JPM,2021-12-31,48334000000.0,294127000000.0,2022-02-22,3743567000000.0,121649000000.0,2022-02-22,2022-02-22,2022-02-22
JPM,2022-12-31,37676000000.0,292332000000.0,2023-02-21,3665743000000.0,128695000000.0,2023-02-21,2023-02-21,2023-02-21
JPM,2023-12-31,49552000000.0,327878000000.0,2024-02-16,3875393000000.0,158104000000.0,2024-02-16,2024-02-16,2024-02-16
JPM,2024-12-31,58471000000.0,344758000000.0,2025-02-14,4002814000000.0,177556000000.0,2025-02-14,2025-02-14,2025-02-14
JPM,2025-12-31,57048000000.0,362438000000.0,2026-02-13,4424900000000.0,182447000000.0,2026-02-13,2026-02-13,2026-02-13
KBH,2007-11-30,,1850687000.0,2011-01-31,,,,,
KBH,2008-11-30,-976131000.0,830605000.0,2011-01-31,,3033936000.0,,2011-01-31,2011-01-31
KBH,2009-11-30,-101784000.0,707224000.0,2011-01-31,3435989000.0,1824850000.0,2011-01-31,2011-01-31,2011-01-31
KBH,2010-11-30,-69368000.0,631878000.0,2011-01-31,3109749000.0,1589996000.0,2011-01-31,2011-01-31,2011-01-31
KBH,2011-11-30,-178768000.0,442657000.0,2012-01-30,2512542000.0,1315866000.0,2012-01-30,2012-01-30,2012-01-30
KBH,2012-11-30,-58953000.0,376806000.0,2013-01-18,2561698000.0,1560115000.0,2013-01-18,2013-01-18,2013-01-18
KBH,2013-11-30,39963000.0,536086000.0,2014-01-27,3193635000.0,2097130000.0,2014-01-27,2014-01-27,2014-01-27
KBH,2014-11-30,918349000.0,1595910000.0,2015-01-22,4757550000.0,2400949000.0,2015-01-22,2015-01-22,2015-01-22
KBH,2015-11-30,84643000.0,1690834000.0,2016-01-25,5015371000.0,3032030000.0,2016-01-25,2016-01-25,2016-01-25
KBH,2016-11-30,105615000.0,1723145000.0,2017-01-27,5131624000.0,3594646000.0,2017-01-27,2017-01-27,2017-01-27
KBH,2017-11-30,180595000.0,1926311000.0,2018-01-26,5041515000.0,4368529000.0,2018-01-26,2018-01-26,2018-01-26
KBH,2018-11-30,170365000.0,2087500000.0,2019-01-24,5073571000.0,4547002000.0,2019-01-24,2019-01-24,2019-01-24
KBH,2019-11-30,268775000.0,2383122000.0,2020-01-24,5015482000.0,,2020-01-24,,2020-01-24
KBH,2020-11-30,296243000.0,2665769000.0,2021-01-22,5356442000.0,,2021-01-22,,2021-01-22
KBH,2021-11-30,564746000.0,3019475000.0,2022-01-21,5835918000.0,,2022-01-21,,2022-01-21
KBH,2022-11-30,816666000.0,3660795000.0,2023-01-20,6651930000.0,,2023-01-20,,2023-01-20
KBH,2023-11-30,590177000.0,3810140000.0,2024-01-19,6648362000.0,,2024-01-19,,2024-01-19
KBH,2024-11-30,655018000.0,4060616000.0,2025-01-24,6936169000.0,,2025-01-24,,2025-01-24
KBH,2025-11-30,428789000.0,3900858000.0,2026-01-23,6680252000.0,,2026-01-23,,2026-01-23
KDP,2008-12-31,-312000000.0,,,8638000000.0,5710000000.0,2011-02-22,2011-02-22,2011-02-22
KDP,2009-12-31,555000000.0,3187000000.0,2011-02-22,8776000000.0,5531000000.0,2011-02-22,2011-02-22,2011-02-22
KDP,2010-12-31,528000000.0,2459000000.0,2011-02-22,8859000000.0,5636000000.0,2011-02-22,2011-02-22,2011-02-22
KDP,2011-12-31,606000000.0,2263000000.0,2012-02-22,9283000000.0,5903000000.0,2012-02-22,2012-02-22,2012-02-22
KDP,2012-12-31,629000000.0,2280000000.0,2013-02-21,8928000000.0,5995000000.0,2013-02-21,2013-02-21,2013-02-21
KDP,2013-12-31,624000000.0,2277000000.0,2014-02-20,8201000000.0,5997000000.0,2014-02-20,2014-02-20,2014-02-20
KDP,2014-12-31,703000000.0,2294000000.0,2015-02-19,8273000000.0,6121000000.0,2015-02-19,2015-02-19,2015-02-19
KDP,2015-09-26,,2711000000.0,2019-02-28,,,,,
KDP,2015-12-04,,0.0,2019-02-28,,,,,
KDP,2015-12-31,764000000.0,2183000000.0,2016-02-23,8869000000.0,6282000000.0,2016-02-23,2016-02-23,2016-02-23
KDP,2016-03-02,,2516000000.0,2019-02-28,,,,,
KDP,2016-09-24,,6510000000.0,2019-02-28,,,,,
KDP,2016-12-31,847000000.0,2134000000.0,2017-02-14,9791000000.0,6440000000.0,2017-02-14,2017-02-14,2017-02-14
KDP,2017-09-30,378000000.0,6828000000.0,2019-02-28,,,,,2019-02-28
KDP,2017-12-31,1076000000.0,2451000000.0,2018-02-14,10022000000.0,6690000000.0,2018-02-14,2018-02-14,2018-02-14
KDP,2018-12-31,586000000.0,22533000000.0,2019-02-28,48918000000.0,,2019-02-28,,2019-02-28
KDP,2019-12-31,1254000000.0,23257000000.0,2020-02-27,49518000000.0,,2020-02-27,,2020-02-27
KDP,2020-12-31,1325000000.0,23829000000.0,2021-02-25,49779000000.0,,2021-02-25,,2021-02-25
KDP,2021-12-31,2146000000.0,24972000000.0,2022-02-24,50598000000.0,,2022-02-24,,2022-02-24
KDP,2022-12-31,1436000000.0,25126000000.0,2023-02-23,51837000000.0,,2023-02-23,,2023-02-23
KDP,2023-12-31,2181000000.0,25676000000.0,2024-02-22,52130000000.0,,2024-02-22,,2024-02-22
KDP,2024-12-31,1441000000.0,24243000000.0,2025-02-25,53430000000.0,,2025-02-25,,2025-02-25
KDP,2025-12-31,2079000000.0,25516000000.0,2026-02-24,55459000000.0,,2026-02-24,,2026-02-24
KEY,2007-12-31,919000000.0,,,,,,,2010-03-01
KEY,2008-12-31,-1468000000.0,,,,,,,2010-03-01
KEY,2009-12-31,-1335000000.0,10663000000.0,2011-02-24,93287000000.0,,2011-02-24,,2010-03-01
KEY,2010-12-31,554000000.0,11117000000.0,2011-02-24,91843000000.0,,2011-02-24,,2011-02-24
KEY,2011-12-31,920000000.0,9905000000.0,2012-02-27,88785000000.0,,2012-02-27,,2012-02-27
KEY,2012-12-31,858000000.0,10271000000.0,2013-02-26,89236000000.0,,2013-02-26,,2013-02-26
KEY,2013-12-31,910000000.0,10303000000.0,2014-02-26,92934000000.0,,2014-02-26,,2014-02-26
KEY,2014-12-31,900000000.0,10530000000.0,2015-03-02,93821000000.0,4114000000.0,2015-03-02,2017-02-28,2015-03-02
KEY,2015-12-31,916000000.0,10746000000.0,2016-02-24,95133000000.0,4256000000.0,2016-02-24,2017-02-28,2016-02-24
KEY,2016-12-31,791000000.0,15240000000.0,2017-02-28,136453000000.0,5024000000.0,2017-02-28,2017-02-28,2017-02-28
KEY,2017-12-31,1296000000.0,15023000000.0,2018-02-26,137698000000.0,6308000000.0,2018-02-26,2018-02-26,2018-02-26
KEY,2018-12-31,1866000000.0,15595000000.0,2019-02-25,139613000000.0,6455000000.0,2019-02-25,2019-02-25,2019-02-25
KEY,2019-12-31,1717000000.0,17038000000.0,2020-02-26,144988000000.0,6400000000.0,2020-02-26,2020-02-26,2020-02-26
KEY,2020-12-31,1343000000.0,17981000000.0,2021-02-22,170336000000.0,6715000000.0,2021-02-22,2021-02-22,2021-02-22
KEY,2021-12-31,2625000000.0,17423000000.0,2022-02-22,186346000000.0,7292000000.0,2022-02-22,2022-02-22,2022-02-22
KEY,2022-12-31,1917000000.0,13454000000.0,2023-02-22,189813000000.0,7272000000.0,2023-02-22,2023-02-22,2023-02-22
KEY,2023-12-31,967000000.0,14637000000.0,2024-02-22,188281000000.0,6413000000.0,2024-02-22,2024-02-22,2024-02-22
KEY,2024-12-31,-161000000.0,18176000000.0,2025-02-21,187168000000.0,4619000000.0,2025-02-21,2025-02-21,2025-02-21
KEY,2025-12-31,1829000000.0,20381000000.0,2026-02-23,184381000000.0,7513000000.0,2026-02-23,2026-02-23,2026-02-23
KEYS,2014-10-31,,769000000.0,2015-12-21,3050000000.0,,2015-12-21,,
KEYS,2015-10-31,,1302000000.0,2015-12-21,3508000000.0,,2015-12-21,,
KEYS,2016-10-31,,1513000000.0,2016-12-19,3803000000.0,,2016-12-19,,
KEYS,2017-10-31,,2310000000.0,2017-12-20,5933000000.0,,2017-12-20,,
KEYS,2018-10-31,,2433000000.0,2018-12-18,5824000000.0,,2018-12-18,,
KEYS,2019-10-31,,3004000000.0,2019-12-18,6623000000.0,4303000000.0,2019-12-18,2019-12-18,
KEYS,2020-10-31,,3297000000.0,2020-12-17,7218000000.0,4221000000.0,2020-12-17,2020-12-17,
KEYS,2021-10-31,,3784000000.0,2021-12-17,7781000000.0,4941000000.0,2021-12-17,2021-12-17,
KEYS,2022-10-31,1124000000.0,4161000000.0,2022-12-15,8098000000.0,5420000000.0,2022-12-15,2022-12-15,2024-12-17
KEYS,2023-10-31,1057000000.0,4654000000.0,2023-12-15,8683000000.0,5464000000.0,2023-12-15,2023-12-15,2024-12-17
KEYS,2024-10-31,614000000.0,5105000000.0,2024-12-17,9269000000.0,4979000000.0,2024-12-17,2024-12-17,2024-12-17
KEYS,2025-10-31,850000000.0,5881000000.0,2025-12-17,11301000000.0,5375000000.0,2025-12-17,2025-12-17,2025-12-17
KG,2024-12-31,-1291000.0,4606000.0,2026-03-13,5510000.0,3847000.0,2026-03-13,2026-03-13,2026-03-13
KG,2025-12-31,46725000.0,128284000.0,2026-03-13,1009955000.0,34049000.0,2026-03-13,2026-03-13,2026-03-13
KHC,2014-12-28,657000000.0,7117000000.0,2016-03-03,36571000000.0,,2016-03-03,,2017-02-23
KHC,2016-01-03,634000000.0,57685000000.0,2016-03-03,122973000000.0,,2016-03-03,,2017-02-23
KHC,2016-12-31,3632000000.0,57358000000.0,2017-02-23,120480000000.0,,2017-02-23,,2017-02-23
KHC,2017-04-01,,57606000000.0,2019-06-07,120946000000.0,,2019-06-07,,
KHC,2017-07-01,,58207000000.0,2019-06-07,119322000000.0,,2019-06-07,,
KHC,2017-09-30,,58600000000.0,2019-06-07,119902000000.0,,2019-06-07,,
KHC,2017-12-30,10999000000.0,66034000000.0,2018-02-16,120232000000.0,,2018-02-16,,2018-02-16
KHC,2018-03-31,,66087000000.0,2019-06-07,120583000000.0,,2019-06-07,,
KHC,2018-06-30,,65520000000.0,2019-06-07,121749000000.0,,2019-06-07,,
KHC,2018-09-29,,65219000000.0,2019-06-07,119575000000.0,,2019-06-07,,
KHC,2018-12-29,-10192000000.0,51657000000.0,2019-06-07,103461000000.0,,2019-06-07,,2019-06-07
KHC,2019-12-28,1935000000.0,51623000000.0,2020-02-14,101450000000.0,,2020-02-14,,2020-02-14
KHC,2020-12-26,356000000.0,50103000000.0,2021-02-17,99830000000.0,,2021-02-17,,2021-02-17
KHC,2021-12-25,1012000000.0,49298000000.0,2022-02-17,93394000000.0,,2022-02-17,,2022-02-17
KHC,2022-12-31,2363000000.0,48678000000.0,2023-02-16,90513000000.0,,2023-02-16,,2023-02-16
KHC,2023-12-30,2855000000.0,49526000000.0,2024-02-15,90339000000.0,,2024-02-15,,2024-02-15
KHC,2024-12-28,2744000000.0,49185000000.0,2025-02-13,88287000000.0,,2025-02-13,,2025-02-13
KHC,2025-12-27,-5846000000.0,41664000000.0,2026-02-12,81786000000.0,,2026-02-12,,2026-02-12
KIM,2007-12-31,442830000.0,,,,,,,2010-03-01
KIM,2008-12-31,249902000.0,3983698000.0,2010-03-01,9397147000.0,,2010-03-01,,2010-03-01
KIM,2009-12-31,-3942000.0,4852973000.0,2010-03-01,10162205000.0,,2010-03-01,,2010-03-01
KIM,2010-12-31,142868000.0,4935842000.0,2011-02-28,9833875000.0,826806000.0,2011-02-28,2013-02-27,2011-02-28
KIM,2011-12-31,169051000.0,4686386000.0,2012-02-27,9614516000.0,861057000.0,2012-02-27,2013-02-27,2012-02-27
KIM,2012-12-31,266073000.0,4765160000.0,2013-02-27,9740807000.0,922304000.0,2013-02-27,2013-02-27,2013-02-27
KIM,2013-12-31,236281000.0,4632417000.0,2014-02-26,9663630000.0,946673000.0,2014-02-26,2014-02-26,2014-02-26
KIM,2014-12-31,424001000.0,4774785000.0,2015-02-27,10285728000.0,993897000.0,2015-02-27,2015-02-27,2015-02-27
KIM,2015-12-31,894115000.0,5046300000.0,2016-02-26,11344171000.0,1166769000.0,2016-02-26,2016-02-26,2016-02-26
KIM,2016-12-31,378850000.0,5256139000.0,2017-02-27,11230600000.0,1170792000.0,2017-02-27,2017-02-27,2017-02-27
KIM,2017-12-31,426075000.0,5394244000.0,2018-02-23,11763726000.0,1200834000.0,2018-02-23,2018-02-23,2018-02-23
KIM,2018-12-31,497795000.0,5333804000.0,2019-02-15,10999100000.0,1164762000.0,2019-02-15,2019-02-15,2019-02-15
KIM,2019-12-31,410605000.0,4864892000.0,2020-02-25,10997867000.0,1158884000.0,2020-02-25,2020-02-25,2020-02-25
KIM,2020-12-31,1000833000.0,5608044000.0,2021-02-23,11614498000.0,1057893000.0,2021-02-23,2021-02-23,2021-02-23
KIM,2021-12-31,844059000.0,9899389000.0,2022-03-01,18459199000.0,1364585000.0,2022-03-01,2022-03-01,2022-03-01
KIM,2022-12-31,125976000.0,9515508000.0,2023-02-24,17826122000.0,1727684000.0,2023-02-24,2023-02-24,2023-02-24
KIM,2023-12-31,654273000.0,9525465000.0,2024-02-26,18274022000.0,1783400000.0,2024-02-26,2024-02-26,2024-02-26
KIM,2024-12-31,410785000.0,10652547000.0,2025-02-21,20309896000.0,2037014000.0,2025-02-21,2025-02-21,2025-02-21
KIM,2025-12-31,584741000.0,10391836000.0,2026-02-20,19688250000.0,2140116000.0,2026-02-20,2026-02-20,2026-02-20
KLAC,2008-06-30,,2981730000.0,2011-08-05,,,,,
KLAC,2009-06-30,-523368000.0,2184392000.0,2011-08-05,,1520216000.0,,2011-08-05,2011-08-05
KLAC,2010-06-30,212300000.0,2246611000.0,2011-08-05,3907056000.0,1820760000.0,2011-08-05,2011-08-05,2011-08-05
KLAC,2011-06-30,794488000.0,2860893000.0,2011-08-05,4675521000.0,3175167000.0,2011-08-05,2011-08-05,2011-08-05
KLAC,2012-06-30,756015000.0,3315595000.0,2012-08-06,5100308000.0,3171944000.0,2012-08-06,2012-08-06,2012-08-06
KLAC,2013-06-30,543149000.0,3482152000.0,2013-08-08,5287357000.0,2842781000.0,2013-08-08,2013-08-08,2013-08-08
KLAC,2014-06-30,582755000.0,3669346000.0,2014-08-08,5538664000.0,2929408000.0,2014-08-08,2014-08-08,2014-08-08
KLAC,2015-06-30,366158000.0,421439000.0,2015-08-07,4826012000.0,2814049000.0,2015-08-07,2015-08-07,2015-08-07
KLAC,2016-06-30,704422000.0,689114000.0,2016-08-05,4962432000.0,2984493000.0,2016-08-05,2016-08-05,2016-08-05
KLAC,2017-06-30,926076000.0,1326417000.0,2017-08-04,5532173000.0,3480014000.0,2017-08-04,2017-08-04,2017-08-04
KLAC,2018-06-30,802265000.0,1620511000.0,2018-08-06,5619356000.0,4036701000.0,2018-08-06,2018-08-06,2018-08-06
KLAC,2019-06-30,1175617000.0,2659108000.0,2019-08-16,9008516000.0,,2019-08-16,,2019-08-16
KLAC,2020-06-30,1216785000.0,2665424000.0,2020-08-10,9279960000.0,,2020-08-10,,2020-08-10
KLAC,2021-06-30,2078292000.0,3377554000.0,2021-08-06,10271124000.0,,2021-08-06,,2021-08-06
KLAC,2022-06-30,3321807000.0,1401351000.0,2022-08-05,12597088000.0,,2022-08-05,,2022-08-05
KLAC,2023-06-30,3387277000.0,2919753000.0,2023-08-04,14072357000.0,,2023-08-04,,2023-08-04
KLAC,2024-06-30,2761896000.0,3368328000.0,2024-08-05,15433566000.0,,2024-08-05,,2024-08-05
KLAC,2025-06-30,4061643000.0,4692453000.0,2025-08-08,16067926000.0,,2025-08-08,,2025-08-08
KLAC,2026-06-30,4830771000.0,6349820000.0,2026-08-06,17951535000.0,,2026-08-06,,2026-08-06
KMB,2007-12-31,1823000000.0,,,,,,,2010-02-24
KMB,2008-12-31,1690000000.0,3878000000.0,2010-02-24,18089000000.0,,2010-02-24,,2010-02-24
KMB,2009-12-31,1884000000.0,5406000000.0,2010-02-24,19209000000.0,,2010-02-24,,2010-02-24
KMB,2010-12-31,1843000000.0,5917000000.0,2011-02-23,19864000000.0,,2011-02-23,,2011-02-23
KMB,2011-12-31,1591000000.0,5249000000.0,2012-02-29,19373000000.0,,2012-02-29,,2012-02-29
KMB,2012-12-31,1750000000.0,4985000000.0,2013-02-22,19873000000.0,,2013-02-22,,2013-02-22
KMB,2013-12-31,2142000000.0,4856000000.0,2014-02-14,18919000000.0,,2014-02-14,,2014-02-14
KMB,2014-12-31,1526000000.0,729000000.0,2015-02-18,15526000000.0,,2015-02-18,,2015-02-18
KMB,2015-12-31,1013000000.0,-174000000.0,2016-02-11,14842000000.0,,2016-02-11,,2016-02-11
KMB,2016-12-31,2166000000.0,-102000000.0,2017-02-08,14602000000.0,,2017-02-08,,2017-02-08
KMB,2017-12-31,2278000000.0,629000000.0,2018-02-08,15151000000.0,18348000000.0,2018-02-08,2020-02-13,2018-02-08
KMB,2018-12-31,1410000000.0,-287000000.0,2019-02-07,14518000000.0,18486000000.0,2019-02-07,2020-02-13,2019-02-07
KMB,2019-12-31,2157000000.0,-33000000.0,2020-02-13,15283000000.0,18450000000.0,2020-02-13,2020-02-13,2020-02-13
KMB,2020-12-31,2352000000.0,626000000.0,2021-02-11,17523000000.0,19140000000.0,2021-02-11,2021-02-11,2021-02-11
KMB,2021-12-31,1814000000.0,514000000.0,2022-02-10,17837000000.0,19440000000.0,2022-02-10,2022-02-10,2022-02-10
KMB,2022-12-31,1934000000.0,547000000.0,2023-02-09,17970000000.0,20175000000.0,2023-02-09,2023-02-09,2023-02-09
KMB,2023-12-31,1764000000.0,915000000.0,2024-02-08,17344000000.0,20431000000.0,2024-02-08,2024-02-08,2024-02-08
KMB,2024-12-31,2545000000.0,840000000.0,2025-02-13,16546000000.0,20058000000.0,2025-02-13,2025-02-13,2025-02-13
KMB,2025-12-31,2021000000.0,1502000000.0,2026-02-12,17098000000.0,16447000000.0,2026-02-12,2026-02-12,2026-02-12
KMI,2009-12-31,495000000.0,,,,7185200000.0,,2012-02-23,2012-02-23
KMI,2010-12-31,-41300000.0,3439100000.0,2012-02-23,28908100000.0,8190600000.0,2012-02-23,2012-02-23,2012-02-23
KMI,2011-12-31,594400000.0,3320500000.0,2012-02-23,30717000000.0,8264900000.0,2012-02-23,2012-02-23,2012-02-23
KMI,2012-12-31,315000000.0,24099000000.0,2013-03-01,68185000000.0,9973000000.0,2013-03-01,2013-03-01,2013-03-01
KMI,2013-12-31,1193000000.0,13093000000.0,2014-02-24,75185000000.0,14070000000.0,2014-02-24,2014-02-24,2014-02-24
KMI,2014-12-31,1026000000.0,34076000000.0,2015-02-23,83198000000.0,16226000000.0,2015-02-23,2015-02-23,2015-02-23
KMI,2015-12-31,253000000.0,35119000000.0,2016-02-16,84104000000.0,14403000000.0,2016-02-16,2016-02-16,2016-02-16
KMI,2016-12-31,708000000.0,34431000000.0,2017-02-10,80305000000.0,13058000000.0,2017-02-10,2017-02-10,2017-02-10
KMI,2017-12-31,183000000.0,33636000000.0,2018-02-09,79055000000.0,13705000000.0,2018-02-09,2018-02-09,2018-02-09
KMI,2018-12-31,1609000000.0,33678000000.0,2019-02-08,78866000000.0,14144000000.0,2019-02-08,2019-02-08,2019-02-08
KMI,2019-12-31,2190000000.0,33742000000.0,2020-02-12,74157000000.0,13209000000.0,2020-02-12,2020-02-12,2020-02-12
KMI,2020-12-31,119000000.0,31436000000.0,2021-02-05,71973000000.0,11700000000.0,2021-02-05,2021-02-05,2021-02-05
KMI,2021-12-31,1784000000.0,30823000000.0,2022-02-07,70416000000.0,16610000000.0,2022-02-07,2022-02-07,2022-02-07
KMI,2022-12-31,2548000000.0,30742000000.0,2023-02-08,70078000000.0,19200000000.0,2023-02-08,2023-02-08,2023-02-08
KMI,2023-12-31,2391000000.0,30306000000.0,2024-02-20,71020000000.0,15334000000.0,2024-02-20,2024-02-20,2024-02-20
KMI,2024-12-31,2613000000.0,30531000000.0,2025-02-13,71407000000.0,15100000000.0,2025-02-13,2025-02-13,2025-02-13
KMI,2025-12-31,3056000000.0,31162000000.0,2026-02-13,72748000000.0,16937000000.0,2026-02-13,2026-02-13,2026-02-13
KMX,2008-02-29,,1488926000.0,2011-04-28,,,,,
KMX,2009-02-28,59213000.0,1593067000.0,2011-04-28,,,,,2011-04-28
KMX,2010-02-28,281668000.0,1933582000.0,2011-04-28,2556191000.0,,2011-04-28,,2011-04-28
KMX,2011-02-28,380878000.0,2291630000.0,2011-04-28,6839909000.0,,2011-04-28,,2011-04-28
KMX,2012-02-29,413795000.0,2673112000.0,2012-04-25,8331543000.0,,2012-04-25,,2012-04-25
KMX,2013-02-28,434284000.0,3019167000.0,2013-04-26,9888602000.0,,2013-04-26,,2013-04-26
KMX,2014-02-28,492586000.0,3316997000.0,2014-04-25,11707157000.0,,2014-04-25,,2014-04-25
KMX,2015-02-28,597358000.0,3156785000.0,2015-04-24,13198201000.0,,2015-04-24,,2015-04-24
KMX,2016-02-29,623428000.0,2904786000.0,2016-04-22,14481576000.0,,2016-04-22,,2016-04-22
KMX,2017-02-28,626970000.0,3108580000.0,2017-04-21,16279356000.0,15875118000.0,2017-04-21,2019-04-19,2017-04-21
KMX,2018-02-28,664112000.0,3316849000.0,2018-04-24,17486272000.0,17120209000.0,2018-04-24,2019-04-19,2018-04-24
KMX,2019-02-28,842413000.0,3357028000.0,2019-04-19,18717867000.0,18173100000.0,2019-04-19,2019-04-19,2019-04-19
KMX,2020-02-29,888433000.0,3768875000.0,2020-04-21,21082182000.0,20319987000.0,2020-04-21,2020-04-21,2020-04-21
KMX,2021-02-28,746919000.0,4364613000.0,2021-04-20,21541541000.0,18950149000.0,2021-04-20,2021-04-20,2021-04-20
KMX,2022-02-28,1151297000.0,5235439000.0,2022-04-14,26338264000.0,31900412000.0,2022-04-14,2022-04-14,2022-04-14
KMX,2023-02-28,484762000.0,5613077000.0,2023-04-13,26182736000.0,29684873000.0,2023-04-13,2023-04-13,2023-04-13
KMX,2024-02-29,479204000.0,6073740000.0,2024-04-15,27196797000.0,26536040000.0,2024-04-15,2024-04-15,2024-04-15
KMX,2025-02-28,500556000.0,6242988000.0,2025-04-11,27404206000.0,26353420000.0,2025-04-11,2025-04-11,2025-04-11
KMX,2026-02-28,247290000.0,5888856000.0,2026-04-15,26367903000.0,25881131000.0,2026-04-15,2026-04-15,2026-04-15
KO,2007-12-31,5981000000.0,,,,,,,2010-02-26
KO,2008-12-31,5807000000.0,20472000000.0,2010-02-26,40519000000.0,,2010-02-26,,2010-02-26
KO,2009-12-31,6824000000.0,24799000000.0,2010-02-26,48671000000.0,,2010-02-26,,2010-02-26
KO,2010-12-31,11809000000.0,31003000000.0,2011-02-28,72921000000.0,,2011-02-28,,2011-02-28
KO,2011-12-31,8572000000.0,31635000000.0,2012-02-23,79974000000.0,,2012-02-23,,2012-02-23
KO,2012-12-31,9019000000.0,32790000000.0,2013-02-27,86174000000.0,,2013-02-27,,2013-02-27
KO,2013-12-31,8584000000.0,33173000000.0,2014-02-27,90055000000.0,,2014-02-27,,2014-02-27
KO,2014-12-31,7098000000.0,30320000000.0,2015-02-25,92023000000.0,,2015-02-25,,2015-02-25
KO,2015-12-31,7351000000.0,25554000000.0,2016-02-25,90093000000.0,,2016-02-25,,2016-02-25
KO,2016-12-31,6527000000.0,23062000000.0,2017-02-24,87270000000.0,41863000000.0,2017-02-24,2019-02-21,2017-02-24
KO,2017-12-31,1248000000.0,17072000000.0,2018-02-23,87896000000.0,35410000000.0,2018-02-23,2019-02-21,2018-02-23
KO,2018-12-31,6434000000.0,16981000000.0,2019-02-21,83216000000.0,31856000000.0,2019-02-21,2019-02-21,2019-02-21
KO,2019-12-31,8920000000.0,18981000000.0,2020-02-24,86381000000.0,37266000000.0,2020-02-24,2020-02-24,2020-02-24
KO,2020-12-31,7747000000.0,19299000000.0,2021-02-25,87296000000.0,33014000000.0,2021-02-25,2021-02-25,2021-02-25
KO,2021-12-31,9771000000.0,22999000000.0,2022-02-22,94354000000.0,38655000000.0,2022-02-22,2022-02-22,2022-02-22
KO,2022-12-31,9542000000.0,24105000000.0,2023-02-21,92763000000.0,43004000000.0,2023-02-21,2023-02-21,2023-02-21
KO,2023-12-31,10714000000.0,25941000000.0,2024-02-20,97703000000.0,45754000000.0,2024-02-20,2024-02-20,2024-02-20
KO,2024-12-31,10631000000.0,24856000000.0,2025-02-20,100549000000.0,47061000000.0,2025-02-20,2025-02-20,2025-02-20
KO,2025-12-31,13107000000.0,32169000000.0,2026-02-20,104816000000.0,47941000000.0,2026-02-20,2026-02-20,2026-02-20
KR,2008-02-02,1209000000.0,,,,,,,2010-03-30
KR,2009-01-31,1249000000.0,5205000000.0,2010-03-30,23257000000.0,,2010-03-30,,2010-03-30
KR,2010-01-30,70000000.0,4832000000.0,2010-03-30,23093000000.0,,2010-03-30,,2010-03-30
KR,2011-01-29,1116000000.0,5296000000.0,2011-03-29,23505000000.0,,2011-03-29,,2011-03-29
KR,2012-01-28,602000000.0,3981000000.0,2012-03-27,23476000000.0,,2012-03-27,,2013-04-02
KR,2013-02-02,1497000000.0,4207000000.0,2013-04-02,24652000000.0,,2013-04-02,,2013-04-02
KR,2014-02-01,1519000000.0,5384000000.0,2014-04-01,29281000000.0,,2014-04-01,,2014-04-01
KR,2015-01-31,1728000000.0,5412000000.0,2015-03-31,30556000000.0,,2015-03-31,,2015-03-31
KR,2016-01-30,2039000000.0,6820000000.0,2016-03-29,33897000000.0,,2016-03-29,,2016-03-29
KR,2017-01-28,1975000000.0,6698000000.0,2017-03-28,36505000000.0,115337000000.0,2017-03-28,2019-04-02,2017-03-28
KR,2018-02-03,1907000000.0,6931000000.0,2018-04-03,37197000000.0,122662000000.0,2018-04-03,2019-04-02,2018-04-03
KR,2019-02-02,3110000000.0,7886000000.0,2019-04-02,38118000000.0,121162000000.0,2019-04-02,2019-04-02,2019-04-02
KR,2020-02-01,1659000000.0,8602000000.0,2020-04-01,45256000000.0,122286000000.0,2020-04-01,2020-04-01,2020-04-01
KR,2021-01-30,2585000000.0,9576000000.0,2021-03-30,48662000000.0,132498000000.0,2021-03-30,2021-03-30,2021-03-30
KR,2022-01-29,1655000000.0,9452000000.0,2022-03-29,49086000000.0,137888000000.0,2022-03-29,2022-03-29,2022-03-29
KR,2023-01-28,2244000000.0,10042000000.0,2023-03-28,49623000000.0,148258000000.0,2023-03-28,2023-03-28,2023-03-28
KR,2024-02-03,2164000000.0,11615000000.0,2024-04-02,50505000000.0,150039000000.0,2024-04-02,2024-04-02,2024-04-02
KR,2025-02-01,2665000000.0,8285000000.0,2025-04-01,52616000000.0,147123000000.0,2025-04-01,2025-04-01,2025-04-01
KR,2026-01-31,1016000000.0,5927000000.0,2026-03-31,49953000000.0,147642000000.0,2026-03-31,2026-03-31,2026-03-31
KSS,2007-02-03,,5603000000.0,2010-03-19,,,,,
KSS,2008-02-02,1084000000.0,6102000000.0,2010-03-19,,16474000000.0,,2010-03-19,2010-03-19
KSS,2009-01-31,885000000.0,6739000000.0,2010-03-19,11363000000.0,16389000000.0,2010-03-19,2010-03-19,2010-03-19
KSS,2010-01-30,991000000.0,7853000000.0,2010-03-19,13160000000.0,17178000000.0,2010-03-19,2010-03-19,2010-03-19
KSS,2011-01-29,1114000000.0,8102000000.0,2011-03-18,13564000000.0,18391000000.0,2011-03-18,2011-03-18,2011-03-18
KSS,2012-01-28,1167000000.0,6508000000.0,2012-03-16,14094000000.0,18804000000.0,2012-03-16,2012-03-16,2012-03-16
KSS,2013-02-02,986000000.0,6048000000.0,2013-03-22,13905000000.0,19279000000.0,2013-03-22,2013-03-22,2013-03-22
KSS,2014-02-01,889000000.0,5978000000.0,2014-03-21,14378000000.0,19031000000.0,2014-03-21,2014-03-21,2014-03-21
KSS,2015-01-31,867000000.0,5991000000.0,2015-03-20,14431000000.0,19023000000.0,2015-03-20,2015-03-20,2015-03-20
KSS,2016-01-30,673000000.0,5491000000.0,2016-03-18,13606000000.0,19204000000.0,2016-03-18,2016-03-18,2016-03-18
KSS,2017-01-28,556000000.0,5177000000.0,2017-03-17,13574000000.0,18686000000.0,2017-03-17,2017-03-17,2017-03-17
KSS,2018-02-03,859000000.0,5426000000.0,2018-03-23,13340000000.0,19095000000.0,2018-03-23,2018-03-23,2018-03-23
KSS,2019-02-02,801000000.0,5527000000.0,2019-03-22,12469000000.0,,2019-03-22,,2019-03-22
KSS,2020-02-01,691000000.0,5450000000.0,2020-03-18,14555000000.0,,2020-03-18,,2020-03-18
KSS,2021-01-30,-163000000.0,5196000000.0,2021-03-18,15337000000.0,,2021-03-18,,2021-03-18
KSS,2022-01-29,938000000.0,4661000000.0,2022-03-17,15054000000.0,,2022-03-17,,2022-03-17
KSS,2023-01-28,-19000000.0,3763000000.0,2023-03-16,14345000000.0,,2023-03-16,,2023-03-16
KSS,2024-02-03,317000000.0,3893000000.0,2024-03-21,14009000000.0,,2024-03-21,,2024-03-21
KSS,2025-02-01,109000000.0,3802000000.0,2025-03-20,13559000000.0,,2025-03-20,,2025-03-20
KSS,2026-01-31,272000000.0,4048000000.0,2026-03-19,13362000000.0,,2026-03-19,,2026-03-19
L,2007-12-31,2488000000.0,,,,14302000000.0,,2010-02-24,2010-02-24
L,2008-12-31,4530000000.0,13133000000.0,2010-02-24,69870000000.0,13247000000.0,2010-02-24,2010-02-24,2010-02-24
L,2009-12-31,564000000.0,16899000000.0,2010-02-24,74070000000.0,14117000000.0,2010-02-24,2010-02-24,2010-02-24
L,2010-12-31,1288000000.0,18450000000.0,2011-02-23,76277000000.0,14615000000.0,2011-02-23,2011-02-23,2011-02-23
L,2011-12-31,1064000000.0,18835000000.0,2012-02-22,75375000000.0,14127000000.0,2012-02-22,2012-02-22,2012-02-22
L,2012-12-31,568000000.0,19459000000.0,2013-02-22,80021000000.0,14552000000.0,2013-02-22,2013-02-22,2013-02-22
L,2013-12-31,595000000.0,19458000000.0,2014-02-24,79939000000.0,15053000000.0,2014-02-24,2014-02-24,2014-02-24
L,2014-12-31,591000000.0,19280000000.0,2015-02-24,78367000000.0,14325000000.0,2015-02-24,2015-02-24,2015-02-24
L,2015-12-31,260000000.0,17561000000.0,2016-02-19,76029000000.0,13415000000.0,2016-02-19,2016-02-19,2016-02-19
L,2016-12-31,654000000.0,18163000000.0,2017-02-16,76594000000.0,13105000000.0,2017-02-16,2017-02-16,2017-02-16
L,2017-12-31,1164000000.0,19204000000.0,2018-02-15,79586000000.0,13735000000.0,2018-02-15,2018-02-15,2018-02-15
L,2018-12-31,636000000.0,18518000000.0,2019-02-13,78316000000.0,14066000000.0,2019-02-13,2019-02-13,2019-02-13
L,2019-12-31,932000000.0,19119000000.0,2020-02-12,82243000000.0,14931000000.0,2020-02-12,2020-02-12,2020-02-12
L,2020-12-31,-931000000.0,17860000000.0,2021-02-09,80236000000.0,12583000000.0,2021-02-09,2021-02-09,2021-02-09
L,2021-12-31,1578000000.0,17846000000.0,2022-02-08,81626000000.0,14657000000.0,2022-02-08,2022-02-08,2022-02-08
L,2022-12-31,1012000000.0,14598000000.0,2023-02-07,75494000000.0,14044000000.0,2023-02-07,2023-02-07,2023-02-07
L,2023-12-31,1434000000.0,15704000000.0,2024-02-06,79197000000.0,15901000000.0,2024-02-06,2024-02-06,2024-02-06
L,2024-12-31,1414000000.0,17066000000.0,2025-02-11,81943000000.0,17510000000.0,2025-02-11,2025-02-11,2025-02-11
L,2025-12-31,1667000000.0,18686000000.0,2026-02-10,86348000000.0,18454000000.0,2026-02-10,2026-02-10,2026-02-10
LDOS,2008-01-31,,1868000000.0,2011-03-25,,,,,
LDOS,2009-01-31,452000000.0,2084000000.0,2011-03-25,,10070000000.0,,2011-03-25,2011-03-25
LDOS,2010-01-31,497000000.0,2291000000.0,2011-03-25,5295000000.0,10846000000.0,2011-03-25,2011-03-25,2011-03-25
LDOS,2011-01-31,618000000.0,2491000000.0,2011-03-25,6223000000.0,11117000000.0,2011-03-25,2011-03-25,2011-03-25
LDOS,2012-01-31,59000000.0,2181000000.0,2012-03-27,6667000000.0,10587000000.0,2012-03-27,2012-03-27,2012-03-27
LDOS,2013-01-31,525000000.0,2618000000.0,2013-03-27,5875000000.0,11173000000.0,2013-03-27,2013-03-27,2013-03-27
LDOS,2014-01-31,164000000.0,1595000000.0,2014-03-27,4162000000.0,5772000000.0,2014-03-27,2014-03-27,2014-03-27
LDOS,2015-01-30,-323000000.0,998000000.0,2015-03-25,3281000000.0,5063000000.0,2015-03-25,2015-03-25,2015-03-25
LDOS,2016-01-01,,1068000000.0,2017-02-24,3370000000.0,,2017-02-24,,
LDOS,2016-12-30,244000000.0,3135000000.0,2017-02-24,9132000000.0,7043000000.0,2017-02-24,2017-02-24,2017-02-24
LDOS,2017-12-29,366000000.0,3370000000.0,2018-02-23,8990000000.0,10170000000.0,2018-02-23,2018-02-23,2018-02-23
LDOS,2018-12-28,581000000.0,3308000000.0,2019-02-19,8770000000.0,10194000000.0,2019-02-19,2020-02-18,2019-02-19
LDOS,2020-01-03,667000000.0,3413000000.0,2020-02-18,9367000000.0,11094000000.0,2020-02-18,2020-02-18,2020-02-18
LDOS,2021-01-01,628000000.0,3862000000.0,2021-02-23,12511000000.0,12297000000.0,2021-02-23,2021-02-23,2021-02-23
LDOS,2021-12-31,753000000.0,4291000000.0,2022-02-15,13261000000.0,13737000000.0,2022-02-15,2022-02-15,2022-02-15
LDOS,2022-12-30,685000000.0,4299000000.0,2023-02-14,13071000000.0,14396000000.0,2023-02-14,2023-02-14,2023-02-14
LDOS,2023-12-29,199000000.0,4201000000.0,2024-02-13,12695000000.0,15438000000.0,2024-02-13,2024-02-13,2024-02-13
LDOS,2025-01-03,1254000000.0,4412000000.0,2025-02-11,13104000000.0,16662000000.0,2025-02-11,2025-02-11,2025-02-11
LDOS,2026-01-02,1448000000.0,4916000000.0,2026-02-17,13493000000.0,17174000000.0,2026-02-17,2026-02-17,2026-02-17
LEN,2008-11-30,-1109085000.0,,,,4575417000.0,,2011-01-31,2011-01-31
LEN,2009-11-30,-417147000.0,2443479000.0,2011-01-31,7314791000.0,3119387000.0,2011-01-31,2011-01-31,2011-01-31
LEN,2010-11-30,95261000.0,2608949000.0,2011-01-31,8787851000.0,3074022000.0,2011-01-31,2011-01-31,2011-01-31
LEN,2011-11-30,92199000.0,2696468000.0,2012-01-30,9154671000.0,3095385000.0,2012-01-30,2012-01-30,2012-01-30
LEN,2012-11-30,679124000.0,3414764000.0,2013-01-29,10362206000.0,4104706000.0,2013-01-29,2013-01-29,2013-01-29
LEN,2013-11-30,479674000.0,4168901000.0,2014-01-28,11273247000.0,5935095000.0,2014-01-28,2014-01-28,2014-01-28
LEN,2014-11-30,638916000.0,4827020000.0,2015-01-23,12958267000.0,7779812000.0,2015-01-23,2015-01-23,2015-01-23
LEN,2015-11-30,802894000.0,5648944000.0,2016-01-22,14419509000.0,9474008000.0,2016-01-22,2016-01-22,2016-01-22
LEN,2016-11-30,911844000.0,7026042000.0,2017-01-20,15361781000.0,10949999000.0,2017-01-20,2017-01-20,2017-01-20
LEN,2017-11-30,810480000.0,7872317000.0,2018-01-25,18745034000.0,12646365000.0,2018-01-25,2018-01-25,2018-01-25
LEN,2018-11-30,1695831000.0,14581535000.0,2019-01-28,28566181000.0,20571631000.0,2019-01-28,2019-01-28,2019-01-28
LEN,2019-11-30,1849052000.0,15949517000.0,2020-01-27,29359511000.0,22259561000.0,2020-01-27,2020-01-27,2020-01-27
LEN,2020-11-30,2465036000.0,17994856000.0,2021-01-22,29935177000.0,22488854000.0,2021-01-22,2021-01-22,2021-01-22
LEN,2021-11-30,4430111000.0,20816425000.0,2022-01-28,33207778000.0,27130676000.0,2022-01-28,2022-01-28,2022-01-28
LEN,2022-11-30,4614125000.0,24100500000.0,2023-01-26,37984295000.0,33671010000.0,2023-01-26,2024-01-26,2023-01-26
LEN,2023-11-30,3938511000.0,26580664000.0,2024-01-26,39234303000.0,34233366000.0,2024-01-26,2024-01-26,2024-01-26
LEN,2024-11-30,3932533000.0,27870135000.0,2025-01-23,41312781000.0,35441452000.0,2025-01-23,2025-01-23,2025-01-23
LEN,2025-11-30,2078179000.0,21959417000.0,2026-01-28,34430437000.0,34186934000.0,2026-01-28,2026-01-28,2026-01-28
LH,2006-12-31,,1977100000.0,2010-02-24,,,,,
LH,2007-12-31,476800000.0,1725300000.0,2010-02-24,,,,,2010-02-24
LH,2008-12-31,464500000.0,1688300000.0,2010-02-24,4669500000.0,,2010-02-24,,2010-02-24
LH,2009-12-31,543300000.0,2106100000.0,2010-02-24,4837800000.0,,2010-02-24,,2010-02-24
LH,2010-12-31,558200000.0,2466300000.0,2012-02-24,6187800000.0,,2012-02-24,,2012-02-24
LH,2011-12-31,519700000.0,2503500000.0,2012-02-24,6136600000.0,,2012-02-24,,2012-02-24
LH,2012-12-31,583100000.0,2717400000.0,2013-02-26,6795000000.0,,2013-02-26,,2013-02-26
LH,2013-12-31,573800000.0,2491300000.0,2014-02-25,6965900000.0,5808300000.0,2014-02-25,2016-02-29,2014-02-25
LH,2014-12-31,511200000.0,2820500000.0,2015-02-26,7301800000.0,6011600000.0,2015-02-26,2016-02-29,2015-02-26
LH,2015-12-31,436900000.0,4944400000.0,2016-02-29,14221700000.0,8680100000.0,2016-02-29,2016-02-29,2016-02-29
LH,2016-12-31,732100000.0,5505800000.0,2017-02-27,14247000000.0,9641800000.0,2017-02-27,2017-02-27,2017-02-27
LH,2017-12-31,1268200000.0,6830000000.0,2018-02-27,16568000000.0,10441400000.0,2018-02-27,2018-02-27,2018-02-27
LH,2018-12-31,883700000.0,6971400000.0,2019-02-28,16185300000.0,11333400000.0,2019-02-28,2019-02-28,2019-02-28
LH,2019-12-31,823800000.0,7567000000.0,2020-02-28,18046400000.0,11554800000.0,2020-02-28,2020-02-28,2020-02-28
LH,2020-12-31,1556100000.0,9359700000.0,2021-02-25,20071700000.0,13978500000.0,2021-02-25,2021-02-25,2021-02-25
LH,2021-12-31,2377300000.0,10273400000.0,2022-02-25,20385400000.0,16120900000.0,2022-02-25,2022-02-25,2022-02-25
LH,2022-12-31,1279100000.0,10096600000.0,2023-02-28,20155100000.0,14876800000.0,2023-02-28,2023-02-28,2023-02-28
LH,2023-12-31,418000000.0,7875000000.0,2024-02-26,16725100000.0,12161600000.0,2024-02-26,2024-02-26,2024-02-26
LH,2024-12-31,746000000.0,8052200000.0,2025-02-25,18379000000.0,13008900000.0,2025-02-25,2025-02-25,2025-02-25
LH,2025-12-31,876500000.0,8619800000.0,2026-02-24,18392700000.0,13951700000.0,2026-02-24,2026-02-24,2026-02-24
LHX,2008-06-27,444200000.0,,,,,,,2010-08-30
LHX,2009-07-03,37900000.0,1869100000.0,2010-08-30,4465100000.0,,2010-08-30,,2010-08-30
LHX,2010-07-02,561600000.0,2189600000.0,2010-08-30,4734700000.0,102400000.0,2010-08-30,2012-08-27,2010-08-30
LHX,2011-07-01,588000000.0,2502000000.0,2011-08-29,6172800000.0,189200000.0,2011-08-29,2012-08-27,2011-08-29
LHX,2012-06-29,30600000.0,1938900000.0,2012-08-27,5592800000.0,374300000.0,2012-08-27,2012-08-27,2012-08-27
LHX,2013-06-28,113000000.0,1561300000.0,2013-08-26,4858400000.0,420300000.0,2013-08-26,2013-08-26,2013-08-26
LHX,2014-06-27,534800000.0,1826000000.0,2014-08-25,4931200000.0,,2014-08-25,,2014-08-25
LHX,2015-07-03,334000000.0,3397000000.0,2015-08-31,13129000000.0,,2015-08-31,,2015-08-31
LHX,2016-07-01,324000000.0,3056000000.0,2016-08-29,11996000000.0,5992000000.0,2016-08-29,2018-08-27,2016-08-29
LHX,2017-06-30,553000000.0,2928000000.0,2017-08-29,10090000000.0,5900000000.0,2017-08-29,2018-08-27,2018-08-27
LHX,2018-06-29,718000000.0,3322000000.0,2018-08-27,9839000000.0,6182000000.0,2018-08-27,2018-08-27,2018-08-27
LHX,2019-06-28,949000000.0,3363000000.0,2019-08-22,10117000000.0,,2019-08-22,,2021-03-01
LHX,2020-01-03,1333000000.0,22587000000.0,2021-03-01,38336000000.0,,2021-03-01,,2021-03-01
LHX,2021-01-01,1119000000.0,20724000000.0,2021-03-01,36960000000.0,,2021-03-01,,2021-03-01
LHX,2021-12-31,1846000000.0,19213000000.0,2022-02-25,34709000000.0,,2022-02-25,,2022-02-25
LHX,2022-12-30,1062000000.0,18523000000.0,2023-02-24,33524000000.0,,2023-02-24,,2023-02-24
LHX,2023-12-29,1227000000.0,18765000000.0,2024-02-20,41687000000.0,,2024-02-20,,2024-02-20
LHX,2025-01-03,1502000000.0,19514000000.0,2025-02-14,42001000000.0,,2025-02-14,,2025-02-14
LHX,2026-01-02,1606000000.0,19635000000.0,2026-02-12,41195000000.0,,2026-02-12,,2026-02-12
LIN,2016-12-31,1500000000.0,,,,10534000000.0,,2019-03-18,2019-03-18
LIN,2017-12-31,1247000000.0,-1931845.0,2018-03-23,9214424.0,11437000000.0,2018-03-23,2019-03-18,2019-03-18
LIN,2018-12-31,4381000000.0,51596000000.0,2019-03-18,93386000000.0,14900000000.0,2019-03-18,2019-03-18,2019-03-18
LIN,2019-12-31,2285000000.0,49074000000.0,2020-03-02,86612000000.0,28228000000.0,2020-03-02,2020-03-02,2020-03-02
LIN,2020-12-31,2501000000.0,47317000000.0,2021-03-01,88229000000.0,27243000000.0,2021-03-01,2021-03-01,2021-03-01
LIN,2021-12-31,3826000000.0,44035000000.0,2022-02-28,81605000000.0,30793000000.0,2022-02-28,2022-02-28,2022-02-28
LIN,2022-12-31,4147000000.0,40028000000.0,2023-02-28,79658000000.0,33364000000.0,2023-02-28,2023-02-28,2023-02-28
LIN,2023-12-31,6199000000.0,39720000000.0,2024-02-28,80811000000.0,32854000000.0,2024-02-28,2024-02-28,2024-02-28
LIN,2024-12-31,6565000000.0,38092000000.0,2025-02-26,80147000000.0,33005000000.0,2025-02-26,2025-02-26,2025-02-26
LIN,2025-12-31,6898000000.0,38245000000.0,2026-02-25,86817000000.0,33986000000.0,2026-02-25,2026-02-25,2026-02-25
LKQ,2007-12-31,,849777000.0,2011-02-25,,,,,
LKQ,2008-12-31,99899000.0,1020506000.0,2011-02-25,,,,,2011-02-25
LKQ,2009-12-31,127521000.0,1179434000.0,2011-02-25,2020121000.0,,2011-02-25,,2011-02-25
LKQ,2010-12-31,169071000.0,1414161000.0,2011-02-25,2299509000.0,,2011-02-25,,2011-02-25
LKQ,2011-12-31,210264000.0,1644085000.0,2012-02-27,3199704000.0,,2012-02-27,,2012-02-27
LKQ,2012-12-31,261225000.0,1964094000.0,2013-03-01,3723456000.0,,2013-03-01,,2013-03-01
LKQ,2013-12-31,311623000.0,2350745000.0,2014-03-03,4518774000.0,,2014-03-03,,2014-03-03
LKQ,2014-12-31,381519000.0,2720657000.0,2015-03-02,5573492000.0,,2015-03-02,,2015-03-02
LKQ,2015-12-31,423223000.0,3114682000.0,2016-02-25,5647837000.0,,2016-02-25,,2016-02-25
LKQ,2016-12-31,463975000.0,3442949000.0,2017-02-27,8303199000.0,,2017-02-27,,2017-02-27
LKQ,2017-12-31,533744000.0,4198169000.0,2018-02-28,9366872000.0,9736909000.0,2018-02-28,2020-02-27,2018-02-28
LKQ,2018-12-31,480118000.0,4782298000.0,2019-03-01,11393402000.0,11876674000.0,2019-03-01,2020-02-27,2019-03-01
LKQ,2019-12-31,541260000.0,5008876000.0,2020-02-27,12779956000.0,12506109000.0,2020-02-27,2020-02-27,2020-02-27
LKQ,2020-12-31,638423000.0,5655718000.0,2021-02-26,12360533000.0,11628830000.0,2021-02-26,2021-02-26,2021-02-26
LKQ,2021-12-31,1090873000.0,5771744000.0,2022-02-25,12606154000.0,13088504000.0,2022-02-25,2022-02-25,2022-02-25
LKQ,2022-12-31,1149000000.0,5453000000.0,2023-02-23,12038000000.0,12794000000.0,2023-02-23,2023-02-23,2023-02-23
LKQ,2023-12-31,938000000.0,6167000000.0,2024-02-22,15079000000.0,13866000000.0,2024-02-22,2024-02-22,2024-02-22
LKQ,2024-12-31,693000000.0,6017000000.0,2025-02-20,14955000000.0,14355000000.0,2025-02-20,2025-02-20,2025-02-20
LKQ,2025-12-31,608000000.0,6537000000.0,2026-02-19,15137000000.0,13651000000.0,2026-02-19,2026-02-19,2026-02-19
LLY,2007-12-31,2953000000.0,,,,18633500000.0,,2010-02-22,2010-02-22
LLY,2008-12-31,-2071900000.0,,,29212600000.0,20371900000.0,2010-02-22,2010-02-22,2010-02-22
LLY,2009-12-31,4328800000.0,,,27460900000.0,21836000000.0,2010-02-22,2010-02-22,2010-02-22
LLY,2010-12-31,5069500000.0,12420300000.0,2014-02-19,31001400000.0,23076000000.0,2011-02-22,2011-02-22,2011-02-22
LLY,2011-12-31,4347700000.0,13541700000.0,2014-02-19,33659800000.0,24286500000.0,2012-02-24,2012-02-24,2012-02-24
LLY,2012-12-31,4088600000.0,14765200000.0,2014-02-19,34398900000.0,22603400000.0,2013-02-21,2013-02-21,2013-02-21
LLY,2013-12-31,4684800000.0,17631400000.0,2014-02-19,35248700000.0,23113100000.0,2014-02-19,2014-02-19,2014-02-19
LLY,2014-12-31,2390500000.0,15373200000.0,2015-02-19,37178200000.0,19615600000.0,2015-02-19,2015-02-19,2015-02-19
LLY,2015-12-31,2408400000.0,14571300000.0,2016-02-19,35568900000.0,19958700000.0,2016-02-19,2016-02-19,2016-02-19
LLY,2016-12-31,2737600000.0,14007700000.0,2017-02-21,38805900000.0,21222100000.0,2017-02-21,2017-02-21,2017-02-21
LLY,2017-12-31,-204100000.0,11592200000.0,2018-02-20,44981000000.0,22871300000.0,2018-02-20,2018-02-20,2018-02-20
LLY,2018-12-31,3232000000.0,9828700000.0,2019-02-19,43908400000.0,24555700000.0,2019-02-19,2019-02-19,2019-02-19
LLY,2019-12-31,8318400000.0,2606900000.0,2020-02-19,39286100000.0,22319500000.0,2020-02-19,2020-02-19,2020-02-19
LLY,2020-12-31,6193700000.0,5641600000.0,2021-02-17,46633100000.0,24539800000.0,2021-02-17,2021-02-17,2021-02-17
LLY,2021-12-31,5581700000.0,8979200000.0,2022-02-23,48806000000.0,28318400000.0,2022-02-23,2022-02-23,2022-02-23
LLY,2022-12-31,6244800000.0,10649800000.0,2023-02-22,49489800000.0,28541400000.0,2023-02-22,2023-02-22,2023-02-22
LLY,2023-12-31,5240400000.0,10771900000.0,2024-02-21,64006300000.0,34124100000.0,2024-02-21,2024-02-21,2024-02-21
LLY,2024-12-31,10590000000.0,14192100000.0,2025-02-19,78714900000.0,45042700000.0,2025-02-19,2025-02-19,2025-02-19
LLY,2025-12-31,20640000000.0,26535000000.0,2026-02-12,112476000000.0,65179000000.0,2026-02-12,2026-02-12,2026-02-12
LMT,2006-12-31,,6884000000.0,2010-02-25,,,,,
LMT,2007-12-31,3033000000.0,9805000000.0,2010-02-25,,,,,2010-02-25
LMT,2008-12-31,3217000000.0,2865000000.0,2010-02-25,33439000000.0,,2010-02-25,,2010-02-25
LMT,2009-12-31,3024000000.0,4129000000.0,2010-02-25,35111000000.0,,2010-02-25,,2010-02-25
LMT,2010-12-31,2926000000.0,3708000000.0,2011-02-25,35067000000.0,,2011-02-25,,2011-02-25
LMT,2011-12-31,2655000000.0,1001000000.0,2012-02-23,37908000000.0,,2012-02-23,,2012-02-23
LMT,2012-12-31,2745000000.0,39000000.0,2013-02-28,38657000000.0,,2013-02-28,,2013-02-28
LMT,2013-12-31,2981000000.0,4918000000.0,2014-02-14,36188000000.0,,2014-02-14,,2014-02-14
LMT,2014-12-31,3614000000.0,3400000000.0,2015-02-09,37073000000.0,,2015-02-09,,2015-02-09
LMT,2015-12-31,3605000000.0,3097000000.0,2016-02-24,49128000000.0,,2016-02-24,,2016-02-24
LMT,2016-12-31,5302000000.0,1511000000.0,2017-02-09,47806000000.0,47290000000.0,2017-02-09,2019-02-08,2017-02-09
LMT,2017-12-31,2002000000.0,-683000000.0,2018-02-06,46521000000.0,49960000000.0,2018-02-06,2019-02-08,2018-02-06
LMT,2018-12-31,5046000000.0,1394000000.0,2019-02-08,44876000000.0,53762000000.0,2019-02-08,2019-02-08,2019-02-08
LMT,2019-12-31,6230000000.0,3127000000.0,2020-02-07,47528000000.0,59812000000.0,2020-02-07,2020-02-07,2020-02-07
LMT,2020-12-31,6833000000.0,6015000000.0,2021-01-28,50710000000.0,65398000000.0,2021-01-28,2021-01-28,2021-01-28
LMT,2021-12-31,6315000000.0,10959000000.0,2022-01-25,50873000000.0,67044000000.0,2022-01-25,2022-01-25,2022-01-25
LMT,2022-12-31,5732000000.0,9266000000.0,2023-01-26,52880000000.0,65984000000.0,2023-01-26,2023-01-26,2023-01-26
LMT,2023-12-31,6920000000.0,6835000000.0,2024-01-23,52456000000.0,67571000000.0,2024-01-23,2024-01-23,2024-01-23
LMT,2024-12-31,5336000000.0,6333000000.0,2025-01-28,55617000000.0,71043000000.0,2025-01-28,2025-01-28,2025-01-28
LMT,2025-12-31,5017000000.0,6721000000.0,2026-01-29,59840000000.0,75048000000.0,2026-01-29,2026-01-29,2026-01-29
LNC,2007-12-31,1215000000.0,11718000000.0,2010-02-25,,9614000000.0,,2010-02-25,2010-02-25
LNC,2008-12-31,57000000.0,7977000000.0,2010-02-25,163136000000.0,9224000000.0,2010-02-25,2010-02-25,2010-02-25
LNC,2009-12-31,-485000000.0,11700000000.0,2010-02-25,177433000000.0,8499000000.0,2010-02-25,2010-02-25,2010-02-25
LNC,2010-12-31,980000000.0,12806000000.0,2011-02-25,193824000000.0,10407000000.0,2011-02-25,2011-02-25,2011-02-25
LNC,2011-12-31,294000000.0,14164000000.0,2012-02-23,202906000000.0,10636000000.0,2012-02-23,2012-02-23,2012-02-23
LNC,2012-12-31,1313000000.0,14973000000.0,2013-03-01,218869000000.0,11532000000.0,2013-03-01,2013-03-01,2013-03-01
LNC,2013-12-31,1244000000.0,13452000000.0,2014-02-25,236945000000.0,11969000000.0,2014-02-25,2014-02-25,2014-02-25
LNC,2014-12-31,1515000000.0,15740000000.0,2015-02-26,253377000000.0,13554000000.0,2015-02-26,2015-02-26,2015-02-26
LNC,2015-12-31,1154000000.0,13617000000.0,2016-02-25,251937000000.0,13572000000.0,2016-02-25,2016-02-25,2016-02-25
LNC,2016-12-31,1192000000.0,14478000000.0,2017-02-23,261627000000.0,13330000000.0,2017-02-23,2017-02-23,2017-02-23
LNC,2017-12-31,2079000000.0,17322000000.0,2018-02-22,281763000000.0,14257000000.0,2018-02-22,2018-02-22,2018-02-22
LNC,2018-12-31,1641000000.0,14350000000.0,2019-02-20,298147000000.0,16424000000.0,2019-02-20,2019-02-20,2019-02-20
LNC,2019-12-31,886000000.0,19689000000.0,2020-02-20,334761000000.0,17258000000.0,2020-02-20,2020-02-20,2020-02-20
LNC,2020-12-31,499000000.0,22699000000.0,2021-02-18,365948000000.0,17439000000.0,2021-02-18,2021-02-18,2021-02-18
LNC,2021-12-31,1405000000.0,20272000000.0,2022-02-17,387301000000.0,19230000000.0,2022-02-17,2022-02-17,2022-02-17
LNC,2022-12-31,-2227000000.0,4101000000.0,2023-02-16,335437000000.0,18784000000.0,2023-02-16,2023-02-16,2023-02-16
LNC,2023-12-31,-752000000.0,6893000000.0,2024-02-22,372413000000.0,11645000000.0,2024-02-22,2024-02-22,2024-02-22
LNC,2024-12-31,3275000000.0,8269000000.0,2025-02-21,390831000000.0,18442000000.0,2025-02-21,2025-02-21,2025-02-21
LNC,2025-12-31,1177000000.0,10906000000.0,2026-02-19,417204000000.0,18212000000.0,2026-02-19,2026-02-19,2026-02-19
LNT,2007-12-31,,2681200000.0,2011-02-28,,,,,
LNT,2008-12-31,306700000.0,2823500000.0,2011-02-28,,3669100000.0,,2011-02-28,2011-02-28
LNT,2009-12-31,129700000.0,2772600000.0,2011-02-28,9036000000.0,3427300000.0,2011-02-28,2011-02-28,2011-02-28
LNT,2010-12-31,306300000.0,2893600000.0,2011-02-28,9282900000.0,3416100000.0,2011-02-28,2011-02-28,2011-02-28
LNT,2011-12-31,321900000.0,3013000000.0,2012-02-27,9687900000.0,3665300000.0,2012-02-27,2012-02-27,2012-02-27
LNT,2012-12-31,335700000.0,3134900000.0,2013-02-26,10785500000.0,3094500000.0,2013-02-26,2013-02-26,2013-02-26
LNT,2013-12-31,376200000.0,3281400000.0,2014-02-25,11112400000.0,3276800000.0,2014-02-25,2014-02-25,2014-02-25
LNT,2014-12-31,393300000.0,3438700000.0,2015-02-25,12085900000.0,3350300000.0,2015-02-25,2015-02-25,2015-02-25
LNT,2015-12-31,388400000.0,3724100000.0,2016-02-24,12495200000.0,3253600000.0,2016-02-24,2016-02-24,2016-02-24
LNT,2016-12-31,381700000.0,3862000000.0,2017-02-24,13373800000.0,3320000000.0,2017-02-24,2017-02-24,2017-02-24
LNT,2017-12-31,467500000.0,4182200000.0,2018-02-23,14187800000.0,3382200000.0,2018-02-23,2018-02-23,2018-02-23
LNT,2018-12-31,522300000.0,4585700000.0,2019-02-22,15426000000.0,3534500000.0,2019-02-22,2019-02-22,2019-02-22
LNT,2019-12-31,567400000.0,5205100000.0,2020-02-21,16700700000.0,3647700000.0,2020-02-21,2020-02-21,2020-02-21
LNT,2020-12-31,624000000.0,5688000000.0,2021-02-19,17710000000.0,3416000000.0,2021-02-19,2021-02-19,2021-02-19
LNT,2021-12-31,674000000.0,5990000000.0,2022-02-18,18553000000.0,3669000000.0,2022-02-18,2022-02-18,2022-02-18
LNT,2022-12-31,686000000.0,6276000000.0,2023-02-24,20163000000.0,4205000000.0,2023-02-24,2023-02-24,2023-02-24
LNT,2023-12-31,703000000.0,6777000000.0,2024-02-16,21237000000.0,4027000000.0,2024-02-16,2024-02-16,2024-02-16
LNT,2024-12-31,690000000.0,7004000000.0,2025-02-21,22714000000.0,3981000000.0,2025-02-21,2025-02-21,2025-02-21
LNT,2025-12-31,810000000.0,7334000000.0,2026-02-20,24991000000.0,4362000000.0,2026-02-20,2026-02-20,2026-02-20
LOW,2009-01-30,,,,,48230000000.0,,2011-03-29,
LOW,2010-01-29,,,,33005000000.0,47220000000.0,2011-03-29,2011-03-29,
LOW,2011-01-28,,,,33699000000.0,48815000000.0,2011-03-29,2011-03-29,
LOW,2012-02-03,,16533000000.0,2015-03-31,33559000000.0,50208000000.0,2012-04-02,2012-04-02,
LOW,2013-02-01,1959000000.0,13857000000.0,2015-03-31,32666000000.0,50521000000.0,2013-04-02,2013-04-02,2015-03-31
LOW,2014-01-31,2286000000.0,11853000000.0,2015-03-31,32732000000.0,53417000000.0,2014-03-31,2014-03-31,2015-03-31
LOW,2015-01-30,2698000000.0,9968000000.0,2015-03-31,31827000000.0,56223000000.0,2015-03-31,2015-03-31,2015-03-31
LOW,2016-01-29,2546000000.0,7654000000.0,2016-03-29,31266000000.0,59074000000.0,2016-03-29,2016-03-29,2016-03-29
LOW,2017-02-03,3091000000.0,6434000000.0,2017-04-04,34408000000.0,65017000000.0,2017-04-04,2017-04-04,2017-04-04
LOW,2018-02-02,3447000000.0,5873000000.0,2018-04-02,35291000000.0,68619000000.0,2018-04-02,2018-04-02,2018-04-02
LOW,2019-02-01,2314000000.0,3644000000.0,2019-04-02,34508000000.0,,2019-04-02,,2019-04-02
LOW,2020-01-31,4281000000.0,1972000000.0,2020-03-23,39471000000.0,,2020-03-23,,2020-03-23
LOW,2021-01-29,5835000000.0,1437000000.0,2021-03-22,46735000000.0,,2021-03-22,,2021-03-22
LOW,2022-01-28,8442000000.0,-4816000000.0,2022-03-21,44640000000.0,,2022-03-21,,2022-03-21
LOW,2023-02-03,6437000000.0,-14254000000.0,2023-03-27,43708000000.0,,2023-03-27,,2023-03-27
LOW,2024-02-02,7726000000.0,-15050000000.0,2024-03-25,41795000000.0,,2024-03-25,,2024-03-25
LOW,2025-01-31,6957000000.0,-14231000000.0,2025-03-24,43102000000.0,,2025-03-24,,2025-03-24
LOW,2026-01-30,6654000000.0,-9917000000.0,2026-03-23,54144000000.0,,2026-03-23,,2026-03-23
LPX,2009-12-31,-120900000.0,,,,,,,2012-02-29
LPX,2010-12-31,-39000000.0,1217800000.0,2012-02-29,2410600000.0,,2012-02-29,,2012-02-29
LPX,2011-12-31,-181300000.0,1000900000.0,2012-02-29,2139900000.0,,2012-02-29,,2012-02-29
LPX,2012-12-31,28800000.0,1033800000.0,2013-02-28,2331000000.0,,2013-02-28,,2013-02-28
LPX,2013-12-31,177100000.0,1226300000.0,2014-02-27,2493300000.0,,2014-02-27,,2014-02-27
LPX,2014-12-31,-75400000.0,1115800000.0,2015-03-02,2353500000.0,,2015-03-02,,2015-03-02
LPX,2015-12-31,-88100000.0,1017000000.0,2016-02-24,2176300000.0,,2016-02-24,,2016-02-24
LPX,2016-12-31,149800000.0,1195700000.0,2017-02-15,2031200000.0,,2017-02-15,,2017-02-15
LPX,2017-12-31,389800000.0,1604500000.0,2018-02-13,2448500000.0,2734000000.0,2018-02-13,2020-02-13,2018-02-13
LPX,2018-12-31,394600000.0,1700200000.0,2019-02-14,2514100000.0,2828000000.0,2019-02-14,2020-02-13,2019-02-14
LPX,2019-12-31,-5000000.0,991000000.0,2020-02-13,1835000000.0,2310000000.0,2020-02-13,2020-02-13,2020-02-13
LPX,2020-12-31,499000000.0,1234000000.0,2021-02-18,2086000000.0,2788000000.0,2021-02-18,2021-02-18,2021-02-18
LPX,2021-12-31,1377000000.0,1235000000.0,2022-02-22,2194000000.0,4553000000.0,2022-02-22,2022-02-22,2022-02-22
LPX,2022-12-31,1086000000.0,1433000000.0,2023-02-21,2350000000.0,3854000000.0,2023-02-21,2023-02-21,2023-02-21
LPX,2023-12-31,178000000.0,1557000000.0,2024-02-14,2437000000.0,2581000000.0,2024-02-14,2024-02-14,2024-02-14
LPX,2024-12-31,420000000.0,1671000000.0,2025-02-19,2569000000.0,2941000000.0,2025-02-19,2025-02-19,2025-02-19
LPX,2025-12-31,146000000.0,1731000000.0,2026-02-17,2627000000.0,2708000000.0,2026-02-17,2026-02-17,2026-02-17
LRCX,2008-06-29,,1778597000.0,2011-08-19,,,,,
LRCX,2009-06-28,-302148000.0,1453089000.0,2011-08-19,,1115946000.0,,2011-08-19,2011-08-19
LRCX,2010-06-27,346669000.0,1768135000.0,2011-08-19,2487392000.0,2133776000.0,2011-08-19,2011-08-19,2011-08-19
LRCX,2011-06-26,723748000.0,2469845000.0,2011-08-19,4057394000.0,3237693000.0,2011-08-19,2011-08-19,2011-08-19
LRCX,2012-06-24,168723000.0,5131781000.0,2012-08-22,8004652000.0,,2012-08-22,,2012-08-22
LRCX,2012-06-30,,5131781000.0,2015-08-13,,,,,
LRCX,2013-06-30,113879000.0,4488872000.0,2013-08-27,7250315000.0,,2013-08-27,,2013-08-27
LRCX,2014-06-29,632289000.0,5029735000.0,2014-08-26,7993306000.0,,2014-08-26,,2014-08-26
LRCX,2015-06-28,655577000.0,5103144000.0,2015-08-13,9364648000.0,,2015-08-13,,2015-08-13
LRCX,2016-06-26,914049000.0,5894517000.0,2016-08-17,12271528000.0,,2016-08-17,,2016-08-17
LRCX,2017-06-25,1697763000.0,6817451000.0,2017-08-15,12122765000.0,,2017-08-15,,2017-08-15
LRCX,2018-06-24,2380681000.0,6501851000.0,2018-08-14,12479478000.0,,2018-08-14,,2018-08-14
LRCX,2018-06-25,,6641206000.0,2019-08-20,12492433000.0,,2019-08-20,,
LRCX,2019-06-30,2191430000.0,4673865000.0,2019-08-20,12001333000.0,,2019-08-20,,2019-08-20
LRCX,2020-06-28,2251753000.0,5172494000.0,2020-08-18,14559047000.0,,2020-08-18,,2020-08-18
LRCX,2021-06-27,3908458000.0,6027188000.0,2021-08-17,15892152000.0,,2021-08-17,,2021-08-17
LRCX,2022-06-26,4605286000.0,6278366000.0,2022-08-24,17195632000.0,,2022-08-24,,2022-08-24
LRCX,2023-06-25,4510931000.0,8210172000.0,2023-08-15,18781643000.0,,2023-08-15,,2023-08-15
LRCX,2024-06-30,3827772000.0,8539454000.0,2024-08-29,18744728000.0,,2024-08-29,,2024-08-29
LRCX,2025-06-29,5358217000.0,9861619000.0,2025-08-11,21345260000.0,,2025-08-11,,2025-08-11
LRCX,2026-06-28,7265396000.0,12470921000.0,2026-08-07,23529743000.0,,2026-08-07,,2026-08-07
LUMN,2009-12-31,647000000.0,9467000000.0,2012-02-28,,4974000000.0,,2012-02-28,2012-02-28
LUMN,2010-12-31,948000000.0,9647000000.0,2012-02-28,22038000000.0,7042000000.0,2012-02-28,2012-02-28,2012-02-28
LUMN,2011-12-31,573000000.0,20827000000.0,2012-02-28,56139000000.0,15351000000.0,2012-02-28,2012-02-28,2012-02-28
LUMN,2012-12-31,777000000.0,19289000000.0,2013-03-01,54020000000.0,18376000000.0,2013-03-01,2013-03-01,2013-03-01
LUMN,2013-12-31,-239000000.0,17191000000.0,2014-02-27,51787000000.0,18095000000.0,2014-02-27,2014-02-27,2014-02-27
LUMN,2014-12-31,772000000.0,15023000000.0,2015-02-24,50147000000.0,18031000000.0,2015-02-24,2015-02-24,2015-02-24
LUMN,2015-12-31,878000000.0,14060000000.0,2016-02-25,47604000000.0,17900000000.0,2016-02-25,2016-02-25,2016-02-25
LUMN,2016-12-31,626000000.0,13399000000.0,2017-02-23,47017000000.0,17470000000.0,2017-02-23,2017-02-23,2017-02-23
LUMN,2017-12-31,1389000000.0,23491000000.0,2018-03-01,75611000000.0,17656000000.0,2018-03-01,2018-03-01,2018-03-01
LUMN,2018-12-31,-1733000000.0,19828000000.0,2019-03-11,70256000000.0,23443000000.0,2019-03-11,2019-03-11,2019-03-11
LUMN,2019-12-31,-5269000000.0,13470000000.0,2020-02-28,64742000000.0,22401000000.0,2020-02-28,2020-02-28,2020-02-28
LUMN,2020-12-31,-1232000000.0,11162000000.0,2021-02-25,59394000000.0,20712000000.0,2021-02-25,2021-02-25,2021-02-25
LUMN,2021-12-31,2033000000.0,11840000000.0,2022-02-24,57993000000.0,19687000000.0,2022-02-24,2022-02-24,2022-02-24
LUMN,2022-12-31,-1548000000.0,10437000000.0,2023-02-23,45581000000.0,17478000000.0,2023-02-23,2023-02-23,2023-02-23
LUMN,2023-12-31,-10298000000.0,417000000.0,2024-02-22,34018000000.0,14557000000.0,2024-02-22,2024-02-22,2024-02-22
LUMN,2024-12-31,-55000000.0,464000000.0,2025-02-20,33496000000.0,13108000000.0,2025-02-20,2025-02-20,2025-02-20
LUMN,2025-12-31,-1739000000.0,-1117000000.0,2026-02-20,34342000000.0,12402000000.0,2026-02-20,2026-02-20,2026-02-20
LUV,2006-12-31,,6449000000.0,2010-01-29,,,,,
LUV,2007-12-31,645000000.0,6941000000.0,2010-01-29,,9861000000.0,,2010-01-29,2010-01-29
LUV,2008-12-31,178000000.0,4953000000.0,2010-01-29,14068000000.0,11023000000.0,2010-01-29,2010-01-29,2010-01-29
LUV,2009-12-31,99000000.0,5466000000.0,2010-01-29,14269000000.0,10350000000.0,2010-01-29,2010-01-29,2010-01-29
LUV,2010-12-31,459000000.0,6237000000.0,2011-02-08,15463000000.0,12104000000.0,2011-02-08,2011-02-08,2011-02-08
LUV,2011-12-31,178000000.0,6877000000.0,2012-02-09,18068000000.0,15658000000.0,2012-02-09,2012-02-09,2012-02-09
LUV,2012-12-31,421000000.0,6992000000.0,2013-02-07,18596000000.0,17088000000.0,2013-02-07,2013-02-07,2013-02-07
LUV,2013-12-31,754000000.0,7336000000.0,2014-02-04,19345000000.0,17699000000.0,2014-02-04,2014-02-04,2014-02-04
LUV,2014-12-31,1136000000.0,6775000000.0,2015-02-06,20200000000.0,18605000000.0,2015-02-06,2015-02-06,2015-02-06
LUV,2015-12-31,2181000000.0,7358000000.0,2016-02-03,21312000000.0,19820000000.0,2016-02-03,2016-02-03,2016-02-03
LUV,2016-12-31,2244000000.0,8441000000.0,2017-02-07,23286000000.0,20425000000.0,2017-02-07,2017-02-07,2017-02-07
LUV,2017-12-31,3488000000.0,10430000000.0,2018-02-07,25110000000.0,21171000000.0,2018-02-07,2018-02-07,2018-02-07
LUV,2018-12-31,2465000000.0,9853000000.0,2019-02-05,26243000000.0,,2019-02-05,,2019-02-05
LUV,2019-12-31,2300000000.0,9832000000.0,2020-02-04,25895000000.0,,2020-02-04,,2020-02-04
LUV,2020-12-31,-3074000000.0,8876000000.0,2021-02-08,34588000000.0,,2021-02-08,,2021-02-08
LUV,2021-12-31,977000000.0,10414000000.0,2022-02-07,36320000000.0,,2022-02-07,,2022-02-07
LUV,2022-12-31,539000000.0,10687000000.0,2023-02-07,35369000000.0,,2023-02-07,,2023-02-07
LUV,2023-12-31,465000000.0,10515000000.0,2024-02-06,36487000000.0,,2024-02-06,,2024-02-06
LUV,2024-12-31,465000000.0,10350000000.0,2025-02-07,33750000000.0,,2025-02-07,,2025-02-07
LUV,2025-12-31,441000000.0,7981000000.0,2026-02-05,29061000000.0,,2026-02-05,,2026-02-05
LVS,2009-12-31,-354479000.0,,,20572106000.0,,2012-02-29,,2012-02-29
LVS,2010-12-31,599394000.0,6662991000.0,2012-02-29,21044308000.0,,2012-02-29,,2012-02-29
LVS,2011-12-31,1560123000.0,7850689000.0,2012-02-29,22244123000.0,,2012-02-29,,2012-02-29
LVS,2012-12-31,1524093000.0,7061842000.0,2013-03-01,22163652000.0,,2013-03-01,,2013-03-01
LVS,2013-12-31,2305997000.0,7665494000.0,2014-02-28,22724264000.0,,2014-02-28,,2014-02-28
LVS,2014-12-31,2840629000.0,7213586000.0,2015-02-27,22361691000.0,,2015-02-27,,2015-02-27
LVS,2015-12-31,1966236000.0,6816741000.0,2016-02-26,20987421000.0,,2016-02-26,,2016-02-26
LVS,2016-12-31,1670000000.0,6177000000.0,2017-02-24,20469000000.0,11271000000.0,2017-02-24,2019-02-22,2017-02-24
LVS,2017-12-31,2806000000.0,6493000000.0,2018-02-23,20687000000.0,12728000000.0,2018-02-23,2019-02-22,2018-02-23
LVS,2018-12-31,2413000000.0,5684000000.0,2019-02-22,22547000000.0,13729000000.0,2019-02-22,2019-02-22,2019-02-22
LVS,2019-12-31,2698000000.0,5187000000.0,2020-02-07,23199000000.0,13739000000.0,2020-02-07,2020-02-07,2020-02-07
LVS,2020-12-31,-1685000000.0,2973000000.0,2021-02-05,20807000000.0,3612000000.0,2021-02-05,2021-02-05,2021-02-05
LVS,2021-12-31,-961000000.0,1996000000.0,2022-02-04,20059000000.0,4234000000.0,2022-02-04,2022-02-04,2022-02-04
LVS,2022-12-31,1832000000.0,3881000000.0,2023-02-03,22039000000.0,4110000000.0,2023-02-03,2023-02-03,2023-02-03
LVS,2023-12-31,1221000000.0,4118000000.0,2024-02-07,21778000000.0,10372000000.0,2024-02-07,2024-02-07,2024-02-07
LVS,2024-12-31,1446000000.0,2884000000.0,2025-02-07,20666000000.0,11298000000.0,2025-02-07,2025-02-07,2025-02-07
LVS,2025-12-31,1627000000.0,1590000000.0,2026-02-06,21920000000.0,13017000000.0,2026-02-06,2026-02-06,2026-02-06
LW,2014-05-25,,1265000000.0,2017-07-25,,,,,
LW,2015-05-31,268300000.0,1357500000.0,2017-07-25,,,,,2017-07-25
LW,2016-05-29,285300000.0,1400600000.0,2017-07-25,2158300000.0,,2017-07-25,,2017-07-25
LW,2017-05-28,326900000.0,-647200000.0,2017-07-25,2485600000.0,,2017-07-25,,2017-07-25
LW,2018-05-27,416800000.0,-334800000.0,2018-07-26,2752600000.0,,2018-07-26,,2018-07-26
LW,2019-05-26,478600000.0,-4600000.0,2019-07-25,3048100000.0,,2019-07-25,,2019-07-25
LW,2020-05-31,365900000.0,240000000.0,2020-07-28,4662300000.0,,2020-07-28,,2020-07-28
LW,2021-05-30,317800000.0,480600000.0,2021-07-27,4209400000.0,,2021-07-27,,2021-07-27
LW,2022-05-29,200900000.0,360500000.0,2022-07-27,4139800000.0,,2022-07-27,,2022-07-27
LW,2023-05-28,1008900000.0,1411300000.0,2024-07-24,6519800000.0,5350600000.0,2023-07-25,2025-07-23,2023-07-25
LW,2024-05-26,725500000.0,1787800000.0,2024-07-24,7367000000.0,6467600000.0,2024-07-24,2025-07-23,2024-07-24
LW,2025-05-25,357200000.0,1737700000.0,2025-07-23,7392600000.0,6451300000.0,2025-07-23,2025-07-23,2025-07-23
LW,2026-05-31,290000000.0,1824900000.0,2026-07-24,7380100000.0,6612300000.0,2026-07-24,2026-07-24,2026-07-24
LYB,2011-12-31,2147000000.0,10593000000.0,2013-02-12,22839000000.0,,2013-02-12,,2012-02-29
LYB,2012-12-31,2848000000.0,11139000000.0,2013-02-12,24220000000.0,,2013-02-12,,2014-02-20
LYB,2013-12-31,3857000000.0,12478000000.0,2014-02-20,27298000000.0,,2014-02-20,,2014-02-20
LYB,2014-12-31,4174000000.0,8314000000.0,2015-02-17,24283000000.0,,2015-02-17,,2015-02-17
LYB,2015-12-31,4476000000.0,6550000000.0,2016-02-16,22757000000.0,,2016-02-16,,2016-02-16
LYB,2016-12-31,3836000000.0,6048000000.0,2017-02-17,23442000000.0,29183000000.0,2017-02-17,2019-02-21,2017-02-17
LYB,2017-12-31,4879000000.0,8949000000.0,2018-02-22,26206000000.0,34484000000.0,2018-02-22,2019-02-21,2018-02-22
LYB,2018-12-31,4690000000.0,10257000000.0,2019-02-21,28278000000.0,39004000000.0,2019-02-21,2019-02-21,2019-02-21
LYB,2019-12-31,3397000000.0,8044000000.0,2020-02-20,30435000000.0,34727000000.0,2020-02-20,2020-02-20,2020-02-20
LYB,2020-12-31,,7971000000.0,2021-02-25,35403000000.0,27753000000.0,2021-02-25,2021-02-25,
LYB,2021-12-31,,11858000000.0,2022-02-24,36742000000.0,46173000000.0,2022-02-24,2022-02-24,
LYB,2022-12-31,,12615000000.0,2023-02-23,36365000000.0,50451000000.0,2023-02-23,2023-02-23,
LYB,2023-12-31,,12930000000.0,2024-02-22,37000000000.0,41107000000.0,2024-02-22,2024-02-22,
LYB,2024-12-31,,12462000000.0,2025-02-27,35746000000.0,40302000000.0,2025-02-27,2025-02-27,
LYB,2025-12-31,,10082000000.0,2026-02-20,34003000000.0,30153000000.0,2026-02-20,2026-02-20,
LYV,2009-12-31,-60179000.0,,,,4181021000.0,,2012-02-24,2012-02-24
LYV,2010-12-31,-228390000.0,1364416000.0,2012-02-24,5195560000.0,5063748000.0,2012-02-24,2012-02-24,2012-02-24
LYV,2011-12-31,-83016000.0,1461103000.0,2012-02-24,5087771000.0,5383998000.0,2012-02-24,2012-02-24,2012-02-24
LYV,2012-12-31,-163227000.0,1355418000.0,2013-02-26,5290806000.0,5819047000.0,2013-02-26,2013-02-26,2013-02-26
LYV,2013-12-31,-43378000.0,1409228000.0,2014-02-24,5683521000.0,6478547000.0,2014-02-24,2014-02-24,2014-02-24
LYV,2014-12-31,-90807000.0,1296954000.0,2015-02-26,5988361000.0,6866964000.0,2015-02-26,2015-02-26,2015-02-26
LYV,2015-12-31,-32508000.0,1236953000.0,2016-02-25,6156241000.0,7245731000.0,2016-02-25,2016-02-25,2016-02-25
LYV,2016-12-31,2942000.0,1126016000.0,2017-02-23,6764266000.0,8354934000.0,2017-02-23,2017-02-23,2017-02-23
LYV,2017-12-31,-6015000.0,1181196000.0,2018-02-27,7504263000.0,10337448000.0,2018-02-27,2018-02-27,2018-02-27
LYV,2018-12-31,60249000.0,1098981000.0,2019-02-28,8496886000.0,10787800000.0,2019-02-28,2019-02-28,2019-02-28
LYV,2019-12-31,69889000.0,1145820000.0,2020-02-27,10975615000.0,11547969000.0,2020-02-27,2020-02-27,2020-02-27
LYV,2020-12-31,-1724535000.0,-471772000.0,2021-03-01,10589303000.0,1861178000.0,2021-03-01,2021-03-01,2021-03-01
LYV,2021-12-31,-650904000.0,-582651000.0,2022-02-23,14402318000.0,6268447000.0,2022-02-23,2022-02-23,2022-02-23
LYV,2022-12-31,295986000.0,-367569000.0,2023-02-23,16460841000.0,16681254000.0,2023-02-23,2023-02-23,2023-02-23
LYV,2023-12-31,563280000.0,-17148000.0,2024-02-22,19074045000.0,22749073000.0,2024-02-22,2024-02-22,2024-02-22
LYV,2024-12-31,896287000.0,173263000.0,2025-02-21,19638771000.0,23155625000.0,2025-02-21,2025-02-21,2025-02-21
LYV,2025-12-31,495972000.0,271007000.0,2026-02-19,22912533000.0,25201406000.0,2026-02-19,2026-02-19,2026-02-19
M,2007-02-03,,12254000000.0,2010-03-31,,,,,
M,2008-02-02,893000000.0,9907000000.0,2010-03-31,,,,,2010-03-31
M,2009-01-31,-4803000000.0,4646000000.0,2010-03-31,22145000000.0,,2010-03-31,,2010-03-31
M,2010-01-30,350000000.0,4701000000.0,2010-03-31,21300000000.0,,2010-03-31,,2010-03-31
M,2011-01-29,847000000.0,5530000000.0,2011-03-30,20631000000.0,,2011-03-30,,2011-03-30
M,2012-01-28,1256000000.0,5933000000.0,2012-03-28,22095000000.0,,2012-03-28,,2012-03-28
M,2013-02-02,1335000000.0,6051000000.0,2013-04-03,20991000000.0,,2013-04-03,,2013-04-03
M,2014-02-01,1486000000.0,6249000000.0,2014-04-02,21634000000.0,,2014-04-02,,2014-04-02
M,2015-01-31,1526000000.0,5378000000.0,2015-04-01,21461000000.0,,2015-04-01,,2015-04-01
M,2016-01-30,1072000000.0,4250000000.0,2016-03-30,20576000000.0,,2016-03-30,,2016-03-30
M,2017-01-28,619000000.0,4323000000.0,2017-03-29,19851000000.0,,2017-03-29,,2017-03-29
M,2018-02-03,1547000000.0,5673000000.0,2018-04-04,19381000000.0,,2018-04-04,,2018-04-04
M,2019-02-02,1108000000.0,6436000000.0,2019-04-03,19194000000.0,,2019-04-03,,2019-04-03
M,2020-02-01,564000000.0,6377000000.0,2020-03-30,21172000000.0,,2020-03-30,,2020-03-30
M,2021-01-30,-3944000000.0,2553000000.0,2022-03-25,17706000000.0,,2021-03-29,,2021-03-29
M,2022-01-29,1430000000.0,3621000000.0,2022-03-25,17590000000.0,25399000000.0,2022-03-25,2024-03-22,2022-03-25
M,2023-01-28,1177000000.0,4082000000.0,2023-03-24,16866000000.0,25449000000.0,2023-03-24,2024-03-22,2023-03-24
M,2024-02-03,105000000.0,4137000000.0,2024-03-22,16246000000.0,23866000000.0,2024-03-22,2024-03-22,2024-03-22
M,2025-02-01,582000000.0,4552000000.0,2025-03-21,16402000000.0,23006000000.0,2025-03-21,2025-03-21,2025-03-21
M,2026-01-31,642000000.0,4860000000.0,2026-03-27,16238000000.0,22621000000.0,2026-03-27,2026-03-27,2026-03-27
MA,2007-12-31,1085886000.0,,,,4067599000.0,,2010-02-18,2010-02-18
MA,2008-12-31,-253915000.0,1927355000.0,2010-02-18,6475849000.0,4991600000.0,2010-02-18,2010-02-18,2010-02-18
MA,2009-12-31,1462532000.0,3503760000.0,2010-02-18,7470279000.0,5098684000.0,2010-02-18,2010-02-18,2010-02-18
MA,2010-12-31,1846000000.0,5205000000.0,2011-02-24,8837000000.0,5539000000.0,2011-02-24,2011-02-24,2011-02-24
MA,2011-12-31,1906000000.0,5868000000.0,2012-02-16,10693000000.0,6714000000.0,2012-02-16,2012-02-16,2012-02-16
MA,2012-12-31,2759000000.0,6917000000.0,2013-02-14,12462000000.0,7391000000.0,2013-02-14,2013-02-14,2013-02-14
MA,2013-12-31,3116000000.0,7484000000.0,2014-02-14,14242000000.0,8346000000.0,2014-02-14,2014-02-14,2014-02-14
MA,2014-12-31,,6790000000.0,2015-02-13,15329000000.0,9473000000.0,2015-02-13,2015-02-13,
MA,2015-12-31,,6028000000.0,2016-02-12,16269000000.0,,2016-02-12,,
MA,2016-12-31,,5656000000.0,2017-02-15,18675000000.0,10776000000.0,2017-02-15,2019-02-13,
MA,2017-12-31,,5468000000.0,2018-02-14,21329000000.0,12497000000.0,2018-02-14,2019-02-13,
MA,2018-12-31,,5395000000.0,2019-02-13,24860000000.0,14950000000.0,2019-02-13,2019-02-13,
MA,2019-12-31,,5893000000.0,2020-02-14,29236000000.0,16883000000.0,2020-02-14,2020-02-14,
MA,2020-12-31,,6391000000.0,2021-02-12,33584000000.0,15301000000.0,2021-02-12,2021-02-12,
MA,2021-12-31,,7312000000.0,2022-02-11,37669000000.0,18884000000.0,2022-02-11,2022-02-11,
MA,2022-12-31,,6298000000.0,2023-02-14,38724000000.0,22237000000.0,2023-02-14,2023-02-14,
MA,2023-12-31,,6929000000.0,2024-02-13,42448000000.0,25098000000.0,2024-02-13,2024-02-13,
MA,2024-12-31,,6485000000.0,2025-02-12,48081000000.0,28167000000.0,2025-02-12,2025-02-12,
MA,2025-12-31,,7737000000.0,2026-02-11,54157000000.0,32791000000.0,2026-02-11,2026-02-11,
MAA,2008-12-31,30249000.0,,,,370011000.0,,2011-02-24,2011-02-24
MAA,2009-12-31,37211000.0,430566000.0,2011-02-24,1986826000.0,378544000.0,2011-02-24,2011-02-24,2011-02-24
MAA,2010-12-31,29761000.0,518503000.0,2011-02-24,2176048000.0,402229000.0,2011-02-24,2011-02-24,2011-02-24
MAA,2011-12-31,48821000.0,718331000.0,2012-02-24,2530468000.0,448992000.0,2012-02-24,2012-02-24,2012-02-24
MAA,2012-12-31,105223000.0,914052000.0,2013-02-22,2751068000.0,497165000.0,2013-02-22,2013-02-22,2013-02-22
MAA,2013-12-31,,,,6841925000.0,,2014-02-21,,
MAA,2017-12-31,328379000.0,,,,1528987000.0,,2020-02-20,2020-02-20
MAA,2018-12-31,222899000.0,6149840000.0,2020-02-20,11323781000.0,1571346000.0,2020-02-20,2020-02-20,2020-02-20
MAA,2019-12-31,353811000.0,6068565000.0,2020-02-20,11230450000.0,1641017000.0,2020-02-20,2020-02-20,2020-02-20
MAA,2020-12-31,254962000.0,5871633000.0,2021-02-18,11194791000.0,1677984000.0,2021-02-18,2021-02-18,2021-02-18
MAA,2021-12-31,533791000.0,5965177000.0,2022-02-17,11285182000.0,1778082000.0,2022-02-17,2022-02-17,2022-02-17
MAA,2022-12-31,637436000.0,6005089000.0,2023-02-14,11241165000.0,2019866000.0,2023-02-14,2023-02-14,2023-02-14
MAA,2023-12-31,552806000.0,6094071000.0,2024-02-09,11484503000.0,2148468000.0,2024-02-09,2024-02-09,2024-02-09
MAA,2024-12-31,527543000.0,5942131000.0,2025-02-07,11812369000.0,2191015000.0,2025-02-07,2025-02-07,2025-02-07
MAA,2025-12-31,446909000.0,5662851000.0,2026-02-06,11975383000.0,2209126000.0,2026-02-06,2026-02-06,2026-02-06
MAC,2008-12-31,166049000.0,,,,880871000.0,,2011-02-25,2011-02-25
MAC,2009-12-31,120742000.0,1857571000.0,2011-02-25,7252471000.0,805654000.0,2011-02-25,2011-02-25,2011-02-25
MAC,2010-12-31,25190000.0,2890279000.0,2011-02-25,7645010000.0,758559000.0,2011-02-25,2011-02-25,2011-02-25
MAC,2011-12-31,,2813337000.0,2012-02-24,7938549000.0,791250000.0,2012-02-24,2012-02-24,
MAC,2012-12-31,,3077529000.0,2013-02-22,9311209000.0,881323000.0,2013-02-22,2013-02-22,
MAC,2013-12-31,,3358749000.0,2014-02-21,9075250000.0,1029475000.0,2014-02-21,2014-02-21,
MAC,2014-12-31,,5640120000.0,2015-02-23,13121778000.0,1105247000.0,2015-02-23,2015-02-23,
MAC,2015-12-31,,4715414000.0,2016-02-23,11258576000.0,1288149000.0,2016-02-23,2016-02-23,
MAC,2016-12-31,,4105887000.0,2017-02-24,9958148000.0,1041271000.0,2017-02-24,2017-02-24,
MAC,2017-12-31,,3681578000.0,2018-02-23,9605862000.0,993662000.0,2018-02-23,2018-02-23,
MAC,2018-12-31,,2950232000.0,2019-02-25,9026808000.0,960351000.0,2019-02-25,2019-02-25,
MAC,2019-12-31,96820000.0,2632262000.0,2020-02-25,8853571000.0,927462000.0,2020-02-25,2020-02-25,2022-02-25
MAC,2020-12-31,-230203000.0,2257049000.0,2021-02-24,9184005000.0,786026000.0,2021-02-24,2021-02-24,2022-02-25
MAC,2021-12-31,14263000.0,3046867000.0,2022-02-25,8345655000.0,847437000.0,2022-02-25,2022-02-25,2022-02-25
MAC,2022-12-31,-66068000.0,2865773000.0,2023-02-24,8094139000.0,859164000.0,2023-02-24,2023-02-24,2023-02-24
MAC,2023-12-31,-274065000.0,2447020000.0,2024-02-26,7513512000.0,884068000.0,2024-02-26,2024-02-26,2024-02-26
MAC,2024-12-31,-194120000.0,2756487000.0,2025-02-28,8567039000.0,918204000.0,2025-02-28,2025-02-28,2025-02-28
MAC,2025-12-31,-197149000.0,2448871000.0,2026-02-20,8368685000.0,1013983000.0,2026-02-20,2026-02-20,2026-02-20
MAR,2007-12-28,696000000.0,,,,12990000000.0,,2010-02-12,2010-02-12
MAR,2009-01-02,362000000.0,1380000000.0,2010-02-12,8903000000.0,12879000000.0,2010-02-12,2010-02-12,2010-02-12
MAR,2010-01-01,-346000000.0,1142000000.0,2010-02-12,7933000000.0,10908000000.0,2010-02-12,2010-02-12,2010-02-12
MAR,2010-12-31,458000000.0,1585000000.0,2013-02-20,8983000000.0,11691000000.0,2011-02-18,2011-02-18,2011-02-18
MAR,2011-12-30,198000000.0,-781000000.0,2013-02-20,5910000000.0,12317000000.0,2012-02-16,2012-02-16,2012-02-16
MAR,2012-12-28,571000000.0,-1285000000.0,2013-02-20,6342000000.0,11814000000.0,2013-02-20,2013-02-20,2013-02-20
MAR,2013-12-31,626000000.0,-1415000000.0,2014-02-20,6794000000.0,12784000000.0,2014-02-20,2014-02-20,2014-02-20
MAR,2014-12-31,753000000.0,-2200000000.0,2015-02-19,6865000000.0,13796000000.0,2015-02-19,2015-02-19,2015-02-19
MAR,2015-12-31,859000000.0,-3590000000.0,2016-02-18,6082000000.0,14486000000.0,2016-02-18,2016-02-18,2016-02-18
MAR,2016-12-31,780000000.0,5357000000.0,2017-02-21,24140000000.0,17072000000.0,2017-02-21,2017-02-21,2017-02-21
MAR,2017-12-31,1372000000.0,3731000000.0,2018-02-15,23948000000.0,22894000000.0,2018-02-15,2018-02-15,2018-02-15
MAR,2018-12-31,1907000000.0,2225000000.0,2019-03-01,23696000000.0,20758000000.0,2019-03-01,2019-03-01,2019-03-01
MAR,2019-12-31,1273000000.0,703000000.0,2020-02-27,25051000000.0,20972000000.0,2020-02-27,2020-02-27,2020-02-27
MAR,2020-12-31,-267000000.0,430000000.0,2021-02-18,24701000000.0,10571000000.0,2021-02-18,2021-02-18,2021-02-18
MAR,2021-12-31,1099000000.0,1414000000.0,2022-02-15,25553000000.0,13857000000.0,2022-02-15,2022-02-15,2022-02-15
MAR,2022-12-31,2358000000.0,568000000.0,2023-02-14,24815000000.0,20773000000.0,2023-02-14,2023-02-14,2023-02-14
MAR,2023-12-31,3083000000.0,-682000000.0,2024-02-13,25674000000.0,23713000000.0,2024-02-13,2024-02-13,2024-02-13
MAR,2024-12-31,2375000000.0,-2992000000.0,2025-02-11,26182000000.0,25100000000.0,2025-02-11,2025-02-11,2025-02-11
MAR,2025-12-31,2601000000.0,-3771000000.0,2026-02-10,27540000000.0,26186000000.0,2026-02-10,2026-02-10,2026-02-10
MAS,2007-12-31,386000000.0,,,,11413000000.0,,2010-02-16,2010-02-16
MAS,2008-12-31,-391000000.0,2821000000.0,2010-02-16,9483000000.0,9484000000.0,2010-02-16,2010-02-16,2010-02-16
MAS,2009-12-31,-183000000.0,2629000000.0,2010-02-16,9175000000.0,7792000000.0,2010-02-16,2010-02-16,2010-02-16
MAS,2010-12-31,-1043000000.0,1384000000.0,2011-02-18,8140000000.0,7592000000.0,2011-02-18,2011-02-18,2011-02-18
MAS,2011-12-31,-575000000.0,527000000.0,2012-02-21,7297000000.0,7467000000.0,2012-02-21,2012-02-21,2012-02-21
MAS,2012-12-31,-114000000.0,322000000.0,2013-02-15,6875000000.0,7745000000.0,2013-02-15,2013-02-15,2013-02-15
MAS,2013-12-31,272000000.0,535000000.0,2014-02-14,6933000000.0,8173000000.0,2014-02-14,2014-02-14,2014-02-14
MAS,2014-12-31,856000000.0,924000000.0,2015-02-13,7167000000.0,8521000000.0,2015-02-13,2015-02-13,2015-02-13
MAS,2015-12-31,355000000.0,-135000000.0,2016-02-12,5680000000.0,7142000000.0,2016-02-12,2016-02-12,2016-02-12
MAS,2016-12-31,491000000.0,-298000000.0,2017-02-09,5137000000.0,7357000000.0,2017-02-09,2017-02-09,2017-02-09
MAS,2017-12-31,533000000.0,-60000000.0,2018-02-08,5488000000.0,7644000000.0,2018-02-08,2018-02-08,2018-02-08
MAS,2018-12-31,734000000.0,-111000000.0,2019-02-07,5393000000.0,,2019-02-07,,2019-02-07
MAS,2019-12-31,935000000.0,-235000000.0,2020-02-11,5027000000.0,,2020-02-11,,2020-02-11
MAS,2020-12-31,1224000000.0,195000000.0,2021-02-09,5777000000.0,,2021-02-09,,2021-02-09
MAS,2021-12-31,410000000.0,-179000000.0,2022-02-08,5575000000.0,,2022-02-08,,2022-02-08
MAS,2022-12-31,844000000.0,-480000000.0,2023-02-09,5187000000.0,,2023-02-09,,2023-02-09
MAS,2023-12-31,908000000.0,-126000000.0,2024-02-08,5363000000.0,,2024-02-08,,2024-02-08
MAS,2024-12-31,822000000.0,-279000000.0,2025-02-11,5016000000.0,,2025-02-11,,2025-02-11
MAS,2025-12-31,810000000.0,-185000000.0,2026-02-10,5201000000.0,,2026-02-10,,2026-02-10
MAT,2006-12-31,,2432974000.0,2010-02-24,,,,,
MAT,2007-12-31,599993000.0,2306742000.0,2010-02-24,,5970090000.0,,2010-02-24,2010-02-24
MAT,2008-12-31,379636000.0,2117135000.0,2010-02-24,4675039000.0,5918002000.0,2010-02-24,2010-02-24,2010-02-24
MAT,2009-12-31,528704000.0,2530989000.0,2010-02-24,4780555000.0,5430846000.0,2010-02-24,2010-02-24,2010-02-24
MAT,2010-12-31,684863000.0,2628584000.0,2011-02-24,5417733000.0,5856195000.0,2011-02-24,2011-02-24,2011-02-24
MAT,2011-12-31,768508000.0,2610603000.0,2012-02-23,5671638000.0,6266037000.0,2012-02-23,2012-02-23,2012-02-23
MAT,2012-12-31,776464000.0,3067044000.0,2013-02-26,6526785000.0,6420881000.0,2013-02-26,2013-02-26,2013-02-26
MAT,2013-12-31,903944000.0,3251559000.0,2014-02-26,6439626000.0,6484892000.0,2014-02-26,2014-02-26,2014-02-26
MAT,2014-12-31,498874000.0,2949071000.0,2015-02-25,6722046000.0,6023819000.0,2015-02-25,2015-02-25,2015-02-25
MAT,2015-12-31,369416000.0,2633254000.0,2016-02-25,6552689000.0,5702613000.0,2016-02-25,2016-02-25,2016-02-25
MAT,2016-12-31,318022000.0,2407782000.0,2017-02-23,6493794000.0,5456650000.0,2017-02-23,2017-02-23,2017-02-23
MAT,2017-12-31,-1053836000.0,1257455000.0,2018-02-27,6238503000.0,4881951000.0,2018-02-27,2018-02-27,2018-02-27
MAT,2018-12-31,-530993000.0,669465000.0,2019-02-22,5243465000.0,,2019-02-22,,2019-02-22
MAT,2019-12-31,-213512000.0,491714000.0,2020-02-25,5325226000.0,,2020-02-25,,2020-02-25
MAT,2020-12-31,126628000.0,596343000.0,2021-02-25,5521089000.0,,2021-02-25,,2021-02-25
MAT,2021-12-31,902987000.0,1568849000.0,2022-02-28,6393894000.0,,2022-02-28,,2022-02-28
MAT,2022-12-31,393913000.0,2056269000.0,2023-02-22,6177661000.0,,2023-02-22,,2023-02-22
MAT,2023-12-31,214352000.0,2149213000.0,2024-03-15,6435822000.0,,2024-03-15,,2024-03-15
MAT,2024-12-31,541817000.0,2264125000.0,2025-02-26,6544084000.0,,2025-02-26,,2025-02-26
MAT,2025-12-31,397584000.0,2233048000.0,2026-02-23,6640382000.0,,2026-02-23,,2026-02-23
MBI,2007-12-31,,3655805000.0,2011-03-01,,,,,
MBI,2008-12-31,-2672693000.0,994420000.0,2011-03-01,,,,,2011-03-01
MBI,2009-12-31,634060000.0,2590098000.0,2011-03-01,25700772000.0,2954021000.0,2011-03-01,2011-03-01,2011-03-01
MBI,2010-12-31,52529000.0,2832139000.0,2011-03-01,32279011000.0,893798000.0,2011-03-01,2011-03-01,2011-03-01
MBI,2011-12-31,-1319000000.0,1700000000.0,2012-02-29,26873000000.0,,2012-02-29,,2012-02-29
MBI,2012-12-31,1234000000.0,3173000000.0,2013-02-27,21724000000.0,2435000000.0,2013-02-27,2013-02-27,2013-02-27
MBI,2013-12-31,250000000.0,3278000000.0,2014-03-03,16953000000.0,1209000000.0,2014-03-03,2014-03-03,2014-03-03
MBI,2014-12-31,569000000.0,3929000000.0,2015-03-02,16284000000.0,1270000000.0,2015-03-02,2015-03-02,2015-03-02
MBI,2015-12-31,180000000.0,3729000000.0,2016-02-29,14855000000.0,853000000.0,2016-02-29,2016-02-29,2016-02-29
MBI,2016-12-31,-338000000.0,3227000000.0,2017-03-01,11137000000.0,294000000.0,2017-03-01,2017-03-01,2017-03-01
MBI,2017-12-31,-1605000000.0,1413000000.0,2018-03-01,9095000000.0,433000000.0,2018-03-01,2018-03-01,2018-03-01
MBI,2018-12-31,-296000000.0,1119000000.0,2019-02-28,8076000000.0,162000000.0,2019-02-28,2019-02-28,2019-02-28
MBI,2019-12-31,-359000000.0,826000000.0,2020-02-27,7284000000.0,280000000.0,2020-02-27,2020-02-27,2020-02-27
MBI,2020-12-31,-578000000.0,136000000.0,2021-03-01,5751000000.0,282000000.0,2021-03-01,2021-03-01,2021-03-01
MBI,2021-12-31,-445000000.0,-313000000.0,2022-02-28,4696000000.0,189000000.0,2022-02-28,2022-02-28,2022-02-28
MBI,2022-12-31,-195000000.0,-882000000.0,2023-02-28,3375000000.0,154000000.0,2023-02-28,2023-02-28,2023-02-28
MBI,2023-12-31,-491000000.0,-1657000000.0,2024-02-28,2606000000.0,7000000.0,2024-02-28,2024-02-28,2024-02-28
MBI,2024-12-31,-447000000.0,-2089000000.0,2025-02-27,2168000000.0,42000000.0,2025-02-27,2025-02-27,2025-02-27
MBI,2025-12-31,-177000000.0,-2237000000.0,2026-02-26,2013000000.0,80000000.0,2026-02-26,2026-02-26,2026-02-26
MCD,2006-12-31,,15458300000.0,2010-02-26,,,,,
MCD,2007-12-31,2395100000.0,15279800000.0,2010-02-26,,22786600000.0,,2010-02-26,2010-02-26
MCD,2008-12-31,4313200000.0,13382600000.0,2010-02-26,28461500000.0,23522400000.0,2010-02-26,2010-02-26,2010-02-26
MCD,2009-12-31,4551000000.0,14033900000.0,2010-02-26,30224900000.0,22744700000.0,2010-02-26,2010-02-26,2010-02-26
MCD,2010-12-31,4946300000.0,14634200000.0,2011-02-25,31975200000.0,24074600000.0,2011-02-25,2011-02-25,2011-02-25
MCD,2011-12-31,5503100000.0,14390200000.0,2012-02-24,32989900000.0,27006000000.0,2012-02-24,2012-02-24,2012-02-24
MCD,2012-12-31,5464800000.0,15293600000.0,2013-02-25,35386500000.0,27567000000.0,2013-02-25,2013-02-25,2013-02-25
MCD,2013-12-31,5585900000.0,16009700000.0,2014-02-24,36626300000.0,28105700000.0,2014-02-24,2014-02-24,2014-02-24
MCD,2014-12-31,4757800000.0,12853400000.0,2015-02-24,34281400000.0,27441300000.0,2015-02-24,2015-02-24,2015-02-24
MCD,2015-12-31,4529300000.0,7087900000.0,2016-02-25,37938700000.0,25413000000.0,2016-02-25,2016-02-25,2016-02-25
MCD,2016-12-31,4686500000.0,-2204300000.0,2017-03-01,31023900000.0,24621900000.0,2017-03-01,2017-03-01,2017-03-01
MCD,2017-12-31,5192300000.0,-3268000000.0,2018-02-23,33803700000.0,22820400000.0,2018-02-23,2018-02-23,2018-02-23
MCD,2018-12-31,5924300000.0,-6258400000.0,2019-02-22,32811200000.0,21025200000.0,2019-02-22,2019-02-22,2019-02-22
MCD,2019-12-31,6025400000.0,-8210300000.0,2020-02-26,47510800000.0,21076500000.0,2020-02-26,2020-02-26,2020-02-26
MCD,2020-12-31,4730500000.0,-7824900000.0,2021-02-23,52626800000.0,19207800000.0,2021-02-23,2021-02-23,2021-02-23
MCD,2021-12-31,7545200000.0,-4601000000.0,2022-02-24,53854300000.0,23222900000.0,2022-02-24,2022-02-24,2022-02-24
MCD,2022-12-31,6177400000.0,-6003400000.0,2023-02-24,50435600000.0,23182600000.0,2023-02-24,2023-02-24,2023-02-24
MCD,2023-12-31,8468800000.0,-4706700000.0,2024-02-22,56146800000.0,25493700000.0,2024-02-22,2024-02-22,2024-02-22
MCD,2024-12-31,8223000000.0,-3797000000.0,2025-02-25,55182000000.0,25920000000.0,2025-02-25,2025-02-25,2025-02-25
MCD,2025-12-31,8563000000.0,-1791000000.0,2026-02-24,59515000000.0,26885000000.0,2026-02-24,2026-02-24,2026-02-24
MCHP,2007-03-31,,2004368000.0,2010-06-02,,,,,
MCHP,2008-03-31,296793000.0,1539000000.0,2010-06-02,,,,,2010-06-02
MCHP,2009-03-31,245587000.0,1490311000.0,2010-06-02,2405711000.0,,2010-06-02,,2010-06-02
MCHP,2010-03-31,217005000.0,1533380000.0,2010-06-02,2516313000.0,,2010-06-02,,2010-06-02
MCHP,2011-03-31,418950000.0,1812438000.0,2011-05-31,2968058000.0,,2011-05-31,,2011-05-31
MCHP,2012-03-31,336705000.0,1990673000.0,2012-05-30,3083776000.0,,2012-05-30,,2012-05-30
MCHP,2013-03-31,127389000.0,1933470000.0,2013-05-30,3851405000.0,,2013-05-30,,2013-05-30
MCHP,2014-03-31,395281000.0,2135461000.0,2014-05-30,4067630000.0,,2014-05-30,,2014-05-30
MCHP,2015-03-31,369009000.0,2044654000.0,2015-05-27,4780713000.0,,2015-05-27,,2015-05-27
MCHP,2016-03-31,324132000.0,2150919000.0,2016-05-24,5567515000.0,,2016-05-24,,2016-05-24
MCHP,2017-03-31,164639000.0,-14378000.0,2017-05-30,7686881000.0,3407800000.0,2017-05-30,2019-05-30,2017-05-30
MCHP,2018-03-31,255400000.0,3279800000.0,2020-05-22,8257200000.0,3980800000.0,2018-05-18,2019-05-30,2018-05-18
MCHP,2019-03-31,355900000.0,5287500000.0,2020-05-22,18350000000.0,5349500000.0,2019-05-30,2019-05-30,2019-05-30
MCHP,2020-03-31,570600000.0,5585500000.0,2020-05-22,17426100000.0,,2020-05-22,,2020-05-22
MCHP,2021-03-31,349400000.0,5337100000.0,2021-05-18,16478800000.0,,2021-05-18,,2021-05-18
MCHP,2022-03-31,1285500000.0,5894800000.0,2022-05-20,16199500000.0,,2022-05-20,,2022-05-20
MCHP,2023-03-31,2237700000.0,6513600000.0,2023-05-25,16370300000.0,,2023-05-25,,2023-05-25
MCHP,2024-03-31,1906900000.0,6657800000.0,2024-05-23,15873200000.0,,2024-05-23,,2024-05-23
MCHP,2025-03-31,-500000.0,7078300000.0,2025-05-23,15374600000.0,,2025-05-23,,2025-05-23
MCHP,2026-03-31,230000000.0,6432400000.0,2026-05-21,14370100000.0,,2026-05-21,,2026-05-21
MCK,2008-03-31,,,,,101703000000.0,,2010-05-04,
MCK,2009-03-31,823000000.0,6193000000.0,2012-05-02,25267000000.0,106632000000.0,2010-05-04,2010-05-04,2011-05-05
MCK,2010-03-31,1263000000.0,7532000000.0,2011-05-05,28189000000.0,108702000000.0,2010-05-04,2010-05-04,2011-05-05
MCK,2011-03-31,1202000000.0,7220000000.0,2011-05-05,30886000000.0,112084000000.0,2011-05-05,2011-05-05,2011-05-05
MCK,2012-03-31,1403000000.0,6831000000.0,2012-05-02,33093000000.0,,2012-05-02,,2012-05-02
MCK,2013-03-31,1338000000.0,7070000000.0,2013-05-07,34786000000.0,,2013-05-07,,2013-05-07
MCK,2014-03-31,1263000000.0,8522000000.0,2014-05-14,51759000000.0,,2014-05-14,,2014-05-14
MCK,2015-03-31,1476000000.0,8001000000.0,2015-05-12,53870000000.0,,2015-05-12,,2015-05-12
MCK,2016-03-31,2258000000.0,8924000000.0,2016-05-05,56563000000.0,,2016-05-05,,2016-05-05
MCK,2017-03-31,5070000000.0,11095000000.0,2017-05-22,60969000000.0,,2017-05-22,,2017-05-22
MCK,2018-03-31,67000000.0,9804000000.0,2018-05-24,60381000000.0,,2018-05-24,,2018-05-24
MCK,2019-03-31,34000000.0,8094000000.0,2019-05-15,59672000000.0,,2019-05-15,,2019-05-15
MCK,2020-03-31,900000000.0,5092000000.0,2020-05-22,61247000000.0,,2020-05-22,,2020-05-22
MCK,2021-03-31,-4539000000.0,-21000000.0,2021-05-12,65015000000.0,,2021-05-12,,2021-05-12
MCK,2022-03-31,1114000000.0,-2272000000.0,2022-05-09,63298000000.0,,2022-05-09,,2022-05-09
MCK,2023-03-31,3560000000.0,-1857000000.0,2023-05-09,62320000000.0,,2023-05-09,,2023-05-09
MCK,2024-03-31,3002000000.0,-1971000000.0,2024-05-08,67443000000.0,,2024-05-08,,2024-05-08
MCK,2025-03-31,3295000000.0,-2074000000.0,2025-05-09,75140000000.0,,2025-05-09,,2025-05-09
MCK,2026-03-31,4762000000.0,-2172000000.0,2026-05-08,82323000000.0,,2026-05-08,,2026-05-08
MCO,2007-12-31,701500000.0,,,,2259000000.0,,2010-03-01,2010-03-01
MCO,2008-12-31,457600000.0,-994400000.0,2010-03-01,1773400000.0,1755400000.0,2010-03-01,2010-03-01,2010-03-01
MCO,2009-12-31,402000000.0,-606200000.0,2010-03-01,2003300000.0,1797200000.0,2010-03-01,2010-03-01,2010-03-01
MCO,2010-12-31,507800000.0,-309600000.0,2011-02-28,2540300000.0,2032000000.0,2011-02-28,2011-02-28,2011-02-28
MCO,2011-12-31,571400000.0,-169000000.0,2012-02-27,2876100000.0,2280700000.0,2012-02-27,2012-02-27,2012-02-27
MCO,2012-12-31,690000000.0,385200000.0,2013-02-26,3960900000.0,2730300000.0,2013-02-26,2013-02-26,2013-02-26
MCO,2013-12-31,804500000.0,337000000.0,2014-02-27,4395100000.0,2972500000.0,2014-02-27,2014-02-27,2014-02-27
MCO,2014-12-31,988700000.0,-187800000.0,2015-02-26,4669000000.0,3334300000.0,2015-02-26,2015-02-26,2015-02-26
MCO,2015-12-31,941300000.0,-565000000.0,2016-02-25,5123400000.0,3484500000.0,2016-02-25,2016-02-25,2016-02-25
MCO,2016-12-31,266600000.0,-1225000000.0,2017-02-24,5327300000.0,3604200000.0,2017-02-24,2017-02-24,2017-02-24
MCO,2017-12-31,1000600000.0,-327700000.0,2018-02-27,8594200000.0,4204100000.0,2018-02-27,2018-02-27,2018-02-27
MCO,2018-12-31,1309600000.0,459900000.0,2019-02-25,9526200000.0,,2019-02-25,,2019-02-25
MCO,2019-12-31,1422000000.0,612000000.0,2020-02-24,10265000000.0,,2020-02-24,,2020-02-24
MCO,2020-12-31,1778000000.0,1569000000.0,2021-02-22,12409000000.0,,2021-02-22,,2021-02-22
MCO,2021-12-31,2214000000.0,2727000000.0,2022-02-22,14680000000.0,,2022-02-22,,2022-02-22
MCO,2022-12-31,1374000000.0,2519000000.0,2023-02-15,14349000000.0,,2023-02-15,,2023-02-15
MCO,2023-12-31,1607000000.0,3318000000.0,2024-02-14,14622000000.0,,2024-02-14,,2024-02-14
MCO,2024-12-31,2058000000.0,3565000000.0,2025-02-14,15505000000.0,,2025-02-14,,2025-02-14
MCO,2025-12-31,2459000000.0,4054000000.0,2026-02-18,15830000000.0,,2026-02-18,,2026-02-18
MDLZ,2007-12-31,2721000000.0,,,,35858000000.0,,2010-02-25,2010-02-25
MDLZ,2008-12-31,2884000000.0,22295000000.0,2010-02-25,63173000000.0,41932000000.0,2010-02-25,2010-02-25,2010-02-25
MDLZ,2009-12-31,3021000000.0,25876000000.0,2010-02-25,66714000000.0,40386000000.0,2010-02-25,2010-02-25,2010-02-25
MDLZ,2010-12-31,4114000000.0,35834000000.0,2011-02-28,95289000000.0,49207000000.0,2011-02-28,2011-02-28,2011-02-28
MDLZ,2011-12-31,3527000000.0,35217000000.0,2012-02-27,93837000000.0,54365000000.0,2012-02-27,2012-02-27,2012-02-27
MDLZ,2012-12-31,3028000000.0,32215000000.0,2013-02-25,75478000000.0,35015000000.0,2013-02-25,2013-02-25,2013-02-25
MDLZ,2013-12-31,3915000000.0,32373000000.0,2014-03-03,72557000000.0,35299000000.0,2014-03-03,2014-03-03,2014-03-03
MDLZ,2014-12-31,2184000000.0,27750000000.0,2015-02-20,66815000000.0,34244000000.0,2015-02-20,2015-02-20,2015-02-20
MDLZ,2015-12-31,7267000000.0,28012000000.0,2016-02-19,62843000000.0,29636000000.0,2016-02-19,2016-02-19,2016-02-19
MDLZ,2016-12-31,1659000000.0,25161000000.0,2017-02-24,61538000000.0,25923000000.0,2017-02-24,2017-02-24,2017-02-24
MDLZ,2017-12-31,2922000000.0,26111000000.0,2018-02-09,63109000000.0,25896000000.0,2018-02-09,2018-02-09,2018-02-09
MDLZ,2018-12-31,3381000000.0,25637000000.0,2019-02-08,62729000000.0,25938000000.0,2019-02-08,2019-02-08,2019-02-08
MDLZ,2019-12-31,3870000000.0,27275000000.0,2020-02-07,64549000000.0,25868000000.0,2020-02-07,2020-02-07,2020-02-07
MDLZ,2020-12-31,3555000000.0,27578000000.0,2021-02-05,67810000000.0,26581000000.0,2021-02-05,2021-02-05,2021-02-05
MDLZ,2021-12-31,4300000000.0,28269000000.0,2022-02-04,67092000000.0,28720000000.0,2022-02-04,2022-02-04,2022-02-04
MDLZ,2022-12-31,2717000000.0,26883000000.0,2023-02-03,71161000000.0,31496000000.0,2023-02-03,2023-02-03,2023-02-03
MDLZ,2023-12-31,4959000000.0,28332000000.0,2024-02-02,71391000000.0,36016000000.0,2024-02-02,2024-02-02,2024-02-02
MDLZ,2024-12-31,4611000000.0,26932000000.0,2025-02-05,68497000000.0,36441000000.0,2025-02-05,2025-02-05,2025-02-05
MDLZ,2025-12-31,2451000000.0,25838000000.0,2026-02-04,71487000000.0,38537000000.0,2026-02-04,2026-02-04,2026-02-04
MDT,2012-04-27,,17113000000.0,2015-06-23,,,,,
MDT,2013-04-26,3467000000.0,18671000000.0,2015-06-23,,16590000000.0,,2015-06-23,2015-06-23
MDT,2014-04-25,3065000000.0,19443000000.0,2015-06-23,37943000000.0,17005000000.0,2015-06-23,2015-06-23,2015-06-23
MDT,2015-04-24,2675000000.0,53230000000.0,2015-06-23,106685000000.0,20261000000.0,2015-06-23,2015-06-23,2015-06-23
MDT,2016-04-29,3538000000.0,52063000000.0,2016-06-28,99782000000.0,28833000000.0,2016-06-28,2016-06-28,2016-06-28
MDT,2017-04-28,4028000000.0,50294000000.0,2017-06-27,99816000000.0,29710000000.0,2017-06-27,2017-06-27,2017-06-27
MDT,2018-04-27,3104000000.0,50720000000.0,2018-06-22,91393000000.0,29953000000.0,2018-06-22,2018-06-22,2018-06-22
MDT,2019-04-26,4631000000.0,50091000000.0,2019-06-21,89694000000.0,,2019-06-21,,2019-06-21
MDT,2020-04-24,4789000000.0,50737000000.0,2020-06-19,90689000000.0,,2020-06-19,,2020-06-19
MDT,2021-04-30,3606000000.0,51428000000.0,2021-06-25,93083000000.0,,2021-06-25,,2021-06-25
MDT,2022-04-29,5039000000.0,52551000000.0,2022-06-23,90981000000.0,,2022-06-23,,2022-06-23
MDT,2023-04-28,3758000000.0,51483000000.0,2023-06-22,90948000000.0,,2023-06-22,,2023-06-22
MDT,2024-04-26,3676000000.0,50214000000.0,2024-06-20,89981000000.0,,2024-06-20,,2024-06-20
MDT,2025-04-25,4662000000.0,48024000000.0,2025-06-20,91680000000.0,,2025-06-20,,2025-06-20
MDT,2026-04-24,4801000000.0,49463000000.0,2026-06-18,93028000000.0,,2026-06-18,,2026-06-18
MET,2007-12-31,4317000000.0,,,,47152000000.0,,2010-02-26,2010-02-26
MET,2008-12-31,3209000000.0,23734000000.0,2010-02-26,501678000000.0,50984000000.0,2010-02-26,2010-02-26,2010-02-26
MET,2009-12-31,-2246000000.0,33121000000.0,2010-02-26,539314000000.0,41058000000.0,2010-02-26,2010-02-26,2010-02-26
MET,2010-12-31,2790000000.0,48625000000.0,2011-02-25,730906000000.0,52717000000.0,2011-02-25,2011-02-25,2011-02-25
MET,2011-12-31,6981000000.0,59797000000.0,2012-02-28,799625000000.0,70262000000.0,2012-02-28,2012-02-28,2012-02-28
MET,2012-12-31,1324000000.0,64453000000.0,2013-02-27,836781000000.0,68150000000.0,2013-02-27,2013-02-27,2013-02-27
MET,2013-12-31,3368000000.0,61553000000.0,2014-02-27,885296000000.0,68199000000.0,2014-02-27,2014-02-27,2014-02-27
MET,2014-12-31,6309000000.0,72053000000.0,2015-02-27,902337000000.0,73316000000.0,2015-02-27,2015-02-27,2015-02-27
MET,2015-12-31,5310000000.0,67949000000.0,2016-02-25,877933000000.0,69951000000.0,2016-02-25,2016-02-25,2016-02-25
MET,2016-12-31,800000000.0,67309000000.0,2017-03-01,898764000000.0,63476000000.0,2017-03-01,2017-03-01,2017-03-01
MET,2017-12-31,4010000000.0,58676000000.0,2018-03-01,719892000000.0,62308000000.0,2018-03-01,2018-03-01,2018-03-01
MET,2018-12-31,5123000000.0,52741000000.0,2019-02-22,687538000000.0,67941000000.0,2019-02-22,2019-02-22,2019-02-22
MET,2019-12-31,5899000000.0,66144000000.0,2020-02-21,740463000000.0,69620000000.0,2020-02-21,2020-02-21,2020-02-21
MET,2020-12-31,5407000000.0,74558000000.0,2021-02-19,795146000000.0,67842000000.0,2021-02-19,2021-02-19,2021-02-19
MET,2021-12-31,6554000000.0,67482000000.0,2022-02-18,759708000000.0,71080000000.0,2022-02-18,2022-02-18,2022-02-18
MET,2022-12-31,2539000000.0,27040000000.0,2023-02-23,666611000000.0,69898000000.0,2023-02-23,2023-02-23,2023-02-23
MET,2023-12-31,1578000000.0,30015000000.0,2024-02-16,687584000000.0,66905000000.0,2024-02-16,2024-02-16,2024-02-16
MET,2024-12-31,4426000000.0,27445000000.0,2025-02-21,677457000000.0,70986000000.0,2025-02-21,2025-02-21,2025-02-21
MET,2025-12-31,3379000000.0,28398000000.0,2026-02-19,745166000000.0,77084000000.0,2026-02-19,2026-02-19,2026-02-19
META,2010-12-31,606000000.0,,,,1974000000.0,,2013-02-01,2013-02-01
META,2011-12-31,1000000000.0,4899000000.0,2013-02-01,6331000000.0,3711000000.0,2013-02-01,2013-02-01,2013-02-01
META,2012-12-31,53000000.0,11755000000.0,2013-02-01,15103000000.0,5089000000.0,2013-02-01,2013-02-01,2013-02-01
META,2013-12-31,1500000000.0,15470000000.0,2014-01-31,17895000000.0,7872000000.0,2014-01-31,2014-01-31,2014-01-31
META,2014-12-31,2940000000.0,36096000000.0,2015-01-29,40184000000.0,12466000000.0,2015-01-29,2015-01-29,2015-01-29
META,2015-12-31,3688000000.0,44218000000.0,2016-01-28,49407000000.0,17928000000.0,2016-01-28,2016-01-28,2016-01-28
META,2016-03-31,,,,52262000000.0,,2017-02-03,,
META,2016-06-30,,,,55968000000.0,,2017-02-03,,
META,2016-09-30,,,,60007000000.0,,2017-02-03,,
META,2016-12-31,10217000000.0,59194000000.0,2017-02-03,64961000000.0,27638000000.0,2017-02-03,2017-02-03,2017-02-03
META,2017-12-31,15934000000.0,74347000000.0,2018-02-01,84524000000.0,40653000000.0,2018-02-01,2018-02-01,2018-02-01
META,2018-12-31,22112000000.0,84127000000.0,2019-01-31,97334000000.0,,2019-01-31,,2019-01-31
META,2019-12-31,18485000000.0,101054000000.0,2020-01-30,133376000000.0,,2020-01-30,,2020-01-30
META,2020-12-31,29146000000.0,128290000000.0,2021-01-28,159316000000.0,,2021-01-28,,2021-01-28
META,2021-12-31,39370000000.0,124879000000.0,2022-02-03,165987000000.0,,2022-02-03,,2022-02-03
META,2022-12-31,23200000000.0,125713000000.0,2023-02-02,185727000000.0,,2023-02-02,,2023-02-02
META,2023-12-31,39098000000.0,153168000000.0,2024-02-02,229623000000.0,,2024-02-02,,2024-02-02
META,2024-12-31,62360000000.0,182637000000.0,2025-01-30,276054000000.0,,2025-01-30,,2025-01-30
META,2025-12-31,60458000000.0,217243000000.0,2026-01-29,366021000000.0,,2026-01-29,,2026-01-29
MGM,2007-12-31,,6060703000.0,2011-02-28,,,,,
MGM,2008-12-31,-855286000.0,3974361000.0,2011-02-28,,7208767000.0,,2011-02-28,2011-02-28
MGM,2009-12-31,-1291682000.0,3870432000.0,2011-02-28,22518210000.0,5978589000.0,2011-02-28,2011-02-28,2011-02-28
MGM,2010-12-31,-1437397000.0,2998545000.0,2011-02-28,18961045000.0,6019233000.0,2011-02-28,2011-02-28,2011-02-28
MGM,2011-12-31,-30308000.0,6086578000.0,2012-02-29,27766276000.0,7849312000.0,2012-02-29,2012-02-29,2012-02-29
MGM,2012-12-31,-1767691000.0,4365548000.0,2013-03-01,26284738000.0,9160844000.0,2013-03-01,2013-03-01,2013-03-01
MGM,2013-12-31,-156606000.0,4231179000.0,2014-03-03,26110185000.0,9809663000.0,2014-03-03,2014-03-03,2014-03-03
MGM,2014-12-31,-149873000.0,4090917000.0,2015-03-02,26702511000.0,,2015-03-02,,2015-03-02
MGM,2015-12-31,-447720000.0,5119927000.0,2016-02-29,25215178000.0,,2016-02-29,,2016-02-29
MGM,2016-12-31,1101440000.0,6220180000.0,2017-03-01,28173301000.0,,2017-03-01,,2017-03-01
MGM,2017-12-31,1960286000.0,7612652000.0,2018-03-01,29159178000.0,,2018-03-01,,2018-03-01
MGM,2018-12-31,466772000.0,6512283000.0,2019-02-27,30210706000.0,,2019-02-27,,2019-02-27
MGM,2019-12-31,2049146000.0,7727265000.0,2020-02-27,33876356000.0,,2020-02-27,,2020-02-27
MGM,2020-12-31,-1032724000.0,6504726000.0,2021-02-26,36494934000.0,,2021-02-26,,2021-02-26
MGM,2021-12-31,1254370000.0,6070645000.0,2022-02-25,40899116000.0,,2022-02-25,,2022-02-25
MGM,2022-12-31,1473093000.0,4831529000.0,2023-02-24,45692206000.0,,2023-02-24,,2023-02-24
MGM,2023-12-31,1142180000.0,3811170000.0,2024-02-23,42368548000.0,,2024-02-23,,2024-02-23
MGM,2024-12-31,746558000.0,3023481000.0,2025-02-18,42231627000.0,,2025-02-18,,2025-02-18
MGM,2025-12-31,205862000.0,2429917000.0,2026-02-11,41373786000.0,,2026-02-11,,2026-02-11
MHK,2007-12-31,,4707357000.0,2011-03-01,,,,,
MHK,2008-12-31,-1458228000.0,3153803000.0,2011-03-01,,,,,2011-03-01
MHK,2009-12-31,-5499000.0,3200823000.0,2011-03-01,6391446000.0,,2011-03-01,,2011-03-01
MHK,2010-12-31,185471000.0,3271556000.0,2011-03-01,6098926000.0,,2011-03-01,,2011-03-01
MHK,2011-12-31,173922000.0,3415785000.0,2012-02-29,6206228000.0,,2012-02-29,,2012-02-29
MHK,2012-12-31,250258000.0,3719617000.0,2013-02-27,6303684000.0,,2013-02-27,,2013-02-27
MHK,2013-12-31,348786000.0,4461057000.0,2014-02-28,8494177000.0,,2014-02-28,,2014-02-28
MHK,2014-12-31,531965000.0,4418006000.0,2015-02-27,8285544000.0,,2015-02-27,,2015-02-27
MHK,2015-12-31,615302000.0,4854173000.0,2016-02-29,9942364000.0,,2016-02-29,,2016-02-29
MHK,2016-12-31,930362000.0,5776451000.0,2017-02-27,10230596000.0,8959087000.0,2017-02-27,2019-02-28,2017-02-27
MHK,2017-12-31,971638000.0,7059162000.0,2018-02-28,12094853000.0,9491290000.0,2018-02-28,2019-02-28,2018-02-28
MHK,2018-12-31,861704000.0,7433814000.0,2019-02-28,13099123000.0,9983634000.0,2019-02-28,2019-02-28,2019-02-28
MHK,2019-12-31,744211000.0,8119841000.0,2020-02-28,13386680000.0,9970672000.0,2020-02-28,2020-02-28,2020-02-28
MHK,2020-12-31,515595000.0,8534316000.0,2021-02-24,14327751000.0,9552197000.0,2021-02-24,2021-02-24,2021-02-24
MHK,2021-12-31,1033159000.0,8421425000.0,2022-02-23,14224517000.0,11200613000.0,2022-02-23,2022-02-23,2022-02-23
MHK,2022-12-31,25247000.0,8011509000.0,2023-02-22,14120432000.0,11737065000.0,2023-02-22,2023-02-22,2023-02-22
MHK,2023-12-31,-439516000.0,7623071000.0,2024-02-23,13559869000.0,11135115000.0,2024-02-23,2024-02-23,2024-02-23
MHK,2024-12-31,517700000.0,7551400000.0,2025-02-20,12778600000.0,10836900000.0,2025-02-20,2025-02-20,2025-02-20
MHK,2025-12-31,369900000.0,8373300000.0,2026-02-24,13687300000.0,10785400000.0,2026-02-24,2026-02-24,2026-02-24
MIR,2018-05-30,,0.0,2021-03-31,,,,,
MIR,2018-12-31,,4705.0,2021-03-31,,,,,
MIR,2019-06-30,-122000000.0,,,,440100000.0,,2022-02-28,2022-02-28
MIR,2019-12-31,-341.0,4364.0,2021-03-31,5000.0,,2021-03-31,,2021-03-31
MIR,2020-06-30,-119100000.0,-718700000.0,2022-02-28,1243800000.0,478200000.0,2022-02-28,2022-02-28,2022-02-28
MIR,2020-12-31,-1041135.0,5000002.0,2021-03-31,751315411.0,,2021-03-31,,2021-03-31
MIR,2021-06-30,-158300000.0,-841600000.0,2022-02-28,1547200000.0,611600000.0,2022-02-28,2022-02-28,2022-02-28
MIR,2021-12-31,,1693200000.0,2022-02-28,3118000000.0,,2022-02-28,,
MIR,2022-12-31,-276900000.0,1398200000.0,2023-02-28,2738700000.0,717800000.0,2023-02-28,2023-02-28,2023-02-28
MIR,2023-12-31,-96900000.0,1484500000.0,2024-02-28,2718500000.0,800900000.0,2024-02-28,2024-02-28,2024-02-28
MIR,2024-12-31,-36100000.0,1505600000.0,2025-02-26,2636000000.0,860800000.0,2025-02-26,2025-02-26,2025-02-26
MIR,2025-12-31,28800000.0,1866400000.0,2026-02-19,3588100000.0,925400000.0,2026-02-19,2026-02-19,2026-02-19
MKC,2008-11-30,255800000.0,,,,,,,2011-01-27
MKC,2009-11-30,299800000.0,,,3387800000.0,,2011-01-27,,2011-01-27
MKC,2010-11-30,370200000.0,,,3419700000.0,,2011-01-27,,2011-01-27
MKC,2011-11-30,374200000.0,,,4087800000.0,,2012-01-27,,2012-01-27
MKC,2012-11-30,407800000.0,,,4165400000.0,,2013-01-25,,2013-01-25
MKC,2013-11-30,389000000.0,,,4449700000.0,,2014-01-29,,2014-01-29
MKC,2014-11-30,437900000.0,,,4414300000.0,,2015-01-29,,2015-01-29
MKC,2015-11-30,401600000.0,,,4507800000.0,,2016-01-28,,2016-01-28
MKC,2016-11-30,472300000.0,,,4635900000.0,4411500000.0,2017-01-25,2019-01-25,2017-01-25
MKC,2017-11-30,477400000.0,,,10385800000.0,4834100000.0,2018-01-25,2019-01-25,2018-01-25
MKC,2018-11-30,933400000.0,3170900000.0,2020-01-28,10256400000.0,5408900000.0,2019-01-25,2019-01-25,2019-01-25
MKC,2019-11-30,702700000.0,3444200000.0,2020-01-28,10362100000.0,5347400000.0,2020-01-28,2020-01-28,2020-01-28
MKC,2020-11-30,747400000.0,3926100000.0,2021-01-28,12089700000.0,5601300000.0,2021-01-28,2021-01-28,2021-01-28
MKC,2021-11-30,755300000.0,4411000000.0,2022-01-27,12905800000.0,6317900000.0,2022-01-27,2022-01-27,2022-01-27
MKC,2022-11-30,682000000.0,4680500000.0,2023-01-26,13124900000.0,6350500000.0,2023-01-26,2023-01-26,2023-01-26
MKC,2023-11-30,680600000.0,5060700000.0,2024-01-25,12862300000.0,6662200000.0,2024-01-25,2024-01-25,2024-01-25
MKC,2024-11-30,788500000.0,5291000000.0,2025-01-23,13070300000.0,6723700000.0,2025-01-23,2025-01-23,2025-01-23
MKC,2025-11-30,789400000.0,5736500000.0,2026-01-22,13200400000.0,6840300000.0,2026-01-22,2026-01-22,2026-01-22
MKTX,2008-12-31,,194493000.0,2012-02-17,,,,,
MKTX,2009-12-31,16102000.0,216502000.0,2012-02-17,,114439000.0,,2012-02-17,2012-02-17
MKTX,2010-12-31,31428000.0,234476000.0,2012-02-17,299521000.0,146228000.0,2012-02-17,2012-02-17,2012-02-17
MKTX,2011-12-31,47704000.0,312439000.0,2012-02-17,349458000.0,181099000.0,2012-02-17,2012-02-17,2012-02-17
MKTX,2012-12-31,60069000.0,242717000.0,2013-02-21,279841000.0,198204000.0,2013-02-21,2013-02-21,2013-02-21
MKTX,2013-12-31,76016000.0,310362000.0,2014-02-24,351578000.0,238733000.0,2014-02-24,2014-02-24,2014-02-24
MKTX,2014-12-31,74806000.0,334208000.0,2015-02-25,379884000.0,262774000.0,2015-02-25,2015-02-25,2015-02-25
MKTX,2015-12-31,96037000.0,390713000.0,2016-02-25,439041000.0,303098000.0,2016-02-25,2016-02-25,2016-02-25
MKTX,2016-12-31,126172000.0,468013000.0,2017-02-21,528042000.0,369919000.0,2017-02-21,2017-02-21,2017-02-21
MKTX,2017-12-31,148089000.0,514768000.0,2018-02-21,581232000.0,397471000.0,2018-02-21,2018-02-21,2018-02-21
MKTX,2018-12-31,172852000.0,607878000.0,2019-02-20,695539000.0,,2019-02-20,,2019-02-20
MKTX,2019-12-31,204902000.0,770091000.0,2020-02-18,954930000.0,,2020-02-18,,2020-02-18
MKTX,2020-12-31,299377000.0,955061000.0,2021-02-19,1331429000.0,,2021-02-19,,2021-02-19
MKTX,2021-12-31,257888000.0,1041309000.0,2022-02-23,1530452000.0,,2022-02-23,,2022-02-23
MKTX,2022-12-31,250224000.0,1081093000.0,2023-02-22,1607775000.0,,2023-02-22,,2023-02-22
MKTX,2023-12-31,258055000.0,1292963000.0,2024-02-22,2015067000.0,,2024-02-22,,2024-02-22
MKTX,2024-12-31,274181000.0,1388660000.0,2025-02-24,1789216000.0,,2025-02-24,,2025-02-24
MKTX,2025-12-31,246627000.0,1145667000.0,2026-02-24,1934886000.0,,2026-02-24,,2026-02-24
MLM,2008-12-31,176256000.0,,,,2116421000.0,,2011-02-25,2011-02-25
MLM,2009-12-31,85459000.0,1365240000.0,2011-02-25,3239283000.0,1702603000.0,2011-02-25,2011-02-25,2011-02-25
MLM,2010-12-31,97012000.0,1425440000.0,2011-02-25,3074743000.0,1782857000.0,2011-02-25,2011-02-25,2011-02-25
MLM,2011-12-31,82379000.0,1409321000.0,2012-02-29,3147822000.0,1713823000.0,2012-02-29,2012-02-29,2012-02-29
MLM,2012-12-31,84474000.0,1410545000.0,2013-02-22,3160926000.0,2037667000.0,2013-02-22,2013-02-22,2013-02-22
MLM,2013-12-31,121337000.0,1537877000.0,2014-02-24,3259826000.0,2155551000.0,2014-02-24,2014-02-24,2014-02-24
MLM,2014-12-31,155601000.0,4351166000.0,2015-02-24,7464392000.0,2957951000.0,2015-02-24,2015-02-24,2015-02-24
MLM,2015-12-31,288792000.0,4057284000.0,2016-02-23,6961732000.0,3539570000.0,2016-02-23,2016-02-23,2016-02-23
MLM,2016-12-31,425386000.0,4139978000.0,2017-02-24,7300905000.0,3818749000.0,2017-02-24,2017-02-24,2017-02-24
MLM,2017-12-31,713342000.0,4679600000.0,2018-02-23,8992511000.0,3965594000.0,2018-02-23,2018-02-23,2018-02-23
MLM,2018-12-31,469998000.0,4946363000.0,2019-02-25,9551419000.0,,2019-02-25,,2019-02-25
MLM,2019-12-31,611900000.0,5350800000.0,2020-02-21,10131600000.0,,2020-02-21,,2020-02-21
MLM,2020-12-31,721000000.0,5890700000.0,2021-02-19,10580800000.0,,2021-02-19,,2021-02-19
MLM,2021-12-31,702500000.0,6535300000.0,2022-02-22,14393000000.0,,2022-02-22,,2022-02-22
MLM,2022-12-31,866800000.0,7170500000.0,2023-02-24,14993600000.0,,2023-02-24,,2023-02-24
MLM,2023-12-31,1168900000.0,8033200000.0,2024-02-23,15124900000.0,,2024-02-23,,2024-02-23
MLM,2024-12-31,1995000000.0,9453000000.0,2025-02-21,18170000000.0,,2025-02-21,,2025-02-21
MLM,2025-12-31,1137000000.0,10032000000.0,2026-02-19,18711000000.0,,2026-02-19,,2026-02-19
MMI,2010-12-31,,21698000.0,2014-03-21,,,,,
MMI,2011-12-31,13450000.0,20157000.0,2014-03-21,,274705000.0,,2014-03-21,2014-03-21
MMI,2012-12-31,27934000.0,21630000.0,2014-03-21,89733000.0,385716000.0,2014-03-21,2014-03-21,2014-03-21
MMI,2013-10-31,,52970000.0,2014-03-21,,,,,
MMI,2013-12-31,8206000.0,62497000.0,2014-03-21,167309000.0,435895000.0,2014-03-21,2014-03-21,2014-03-21
MMI,2014-01-01,,62497000.0,2017-03-16,,,,,
MMI,2014-12-31,49531000.0,116809000.0,2015-03-09,233604000.0,572188000.0,2015-03-09,2015-03-09,2015-03-09
MMI,2015-01-01,,116809000.0,2018-03-16,,,,,
MMI,2015-12-31,66350000.0,188990000.0,2016-03-15,321225000.0,689055000.0,2016-03-15,2016-03-15,2016-03-15
MMI,2016-12-31,64657000.0,258854000.0,2017-03-16,394016000.0,717450000.0,2017-03-16,2017-03-16,2017-03-16
MMI,2017-12-31,51524000.0,314888000.0,2018-03-16,459664000.0,719700000.0,2018-03-16,2018-03-16,2018-03-16
MMI,2018-12-31,87257000.0,409574000.0,2019-03-01,566380000.0,,2019-03-01,,2019-03-01
MMI,2019-12-31,76930000.0,494907000.0,2020-03-02,709034000.0,,2020-03-02,,2020-03-02
MMI,2020-12-31,42838000.0,546836000.0,2021-03-01,779122000.0,,2021-03-01,,2021-03-01
MMI,2021-12-31,142470000.0,696304000.0,2022-03-01,1045198000.0,,2022-03-01,,2022-03-01
MMI,2022-12-31,104225000.0,713509000.0,2023-02-28,1003708000.0,,2023-02-28,,2023-02-28
MMI,2023-12-31,-34035000.0,645274000.0,2024-02-27,878411000.0,,2024-02-27,,2024-02-27
MMI,2024-12-31,-12362000.0,630818000.0,2025-02-27,869800000.0,,2025-02-27,,2025-02-27
MMI,2025-12-31,-1909000.0,603103000.0,2026-02-26,827180000.0,,2026-02-26,,2026-02-26
MMM,2007-12-31,4096000000.0,,,,,,,2010-02-16
MMM,2008-12-31,3460000000.0,9880000000.0,2010-02-16,25793000000.0,,2010-02-16,,2010-02-16
MMM,2009-12-31,3193000000.0,12764000000.0,2010-02-16,27250000000.0,,2010-02-16,,2010-02-16
MMM,2010-12-31,4085000000.0,15663000000.0,2011-02-16,30156000000.0,,2011-02-16,,2011-02-16
MMM,2011-12-31,4283000000.0,15420000000.0,2012-02-16,31616000000.0,,2012-02-16,,2013-02-14
MMM,2012-12-31,4444000000.0,17575000000.0,2013-02-14,33876000000.0,,2013-02-14,,2013-02-14
MMM,2013-12-31,4659000000.0,17502000000.0,2014-02-13,33550000000.0,,2014-02-13,,2014-02-13
MMM,2014-12-31,4956000000.0,13109000000.0,2015-02-12,31269000000.0,,2015-02-12,,2015-02-12
MMM,2015-12-31,4833000000.0,11708000000.0,2016-02-11,32718000000.0,,2016-02-11,,2016-02-11
MMM,2016-12-31,5050000000.0,10298000000.0,2017-02-09,32906000000.0,30109000000.0,2017-02-09,2019-02-07,2017-02-09
MMM,2017-12-31,4858000000.0,11563000000.0,2018-02-08,37987000000.0,31657000000.0,2018-02-08,2019-02-07,2018-02-08
MMM,2018-12-31,5349000000.0,9796000000.0,2019-02-07,36500000000.0,32765000000.0,2019-02-07,2019-02-07,2019-02-07
MMM,2019-12-31,4570000000.0,10063000000.0,2020-02-06,44659000000.0,32136000000.0,2020-02-06,2020-02-06,2020-02-06
MMM,2020-12-31,5384000000.0,12867000000.0,2021-02-04,47344000000.0,32184000000.0,2021-02-04,2021-02-04,2021-02-04
MMM,2021-12-31,5921000000.0,15046000000.0,2022-02-09,47072000000.0,35355000000.0,2022-02-09,2022-02-09,2022-02-09
MMM,2022-12-31,5777000000.0,14722000000.0,2023-02-08,46455000000.0,34229000000.0,2023-02-08,2023-02-08,2023-02-08
MMM,2023-12-31,-6995000000.0,4807000000.0,2024-02-07,50580000000.0,32681000000.0,2024-02-07,2024-02-07,2024-02-07
MMM,2024-12-31,4173000000.0,3842000000.0,2025-02-05,39868000000.0,24575000000.0,2025-02-05,2025-02-05,2025-02-05
MMM,2025-12-31,3250000000.0,4702000000.0,2026-02-03,37733000000.0,24948000000.0,2026-02-03,2026-02-03,2026-02-03
MNST,2008-12-31,,436316000.0,2012-02-29,,,,,
MNST,2009-12-31,,584953000.0,2012-02-29,800070000.0,,2011-03-01,,
MNST,2010-12-31,,828398000.0,2012-02-29,1082131000.0,,2011-03-01,,
MNST,2011-12-31,,979158000.0,2012-02-29,1362399000.0,,2012-02-29,,
MNST,2012-12-31,,644397000.0,2013-03-01,1043325000.0,,2013-03-01,,
MNST,2013-12-31,,992279000.0,2014-03-03,1420509000.0,,2014-03-03,,
MNST,2014-12-31,,1515150000.0,2015-03-02,1938875000.0,,2015-03-02,,
MNST,2015-12-31,,4809410000.0,2016-02-29,5675189000.0,,2016-02-29,,
MNST,2016-12-31,,3329709000.0,2017-03-01,4153471000.0,3049393000.0,2017-03-01,2019-02-28,
MNST,2017-12-31,,3895212000.0,2018-03-01,4791012000.0,3369045000.0,2018-03-01,2019-02-28,
MNST,2018-12-31,,3610901000.0,2019-02-28,4526891000.0,3807183000.0,2019-02-28,2019-02-28,
MNST,2019-12-31,,4171281000.0,2020-02-28,5150352000.0,4200819000.0,2020-02-28,2020-02-28,
MNST,2020-12-31,,5160860000.0,2021-03-01,6202716000.0,4598638000.0,2021-03-01,2021-03-01,
MNST,2021-12-31,,6566951000.0,2022-02-28,7804784000.0,5541352000.0,2022-02-28,2022-02-28,
MNST,2022-12-31,,7025041000.0,2023-03-01,8293105000.0,6311050000.0,2023-03-01,2023-03-01,
MNST,2023-12-31,,8228744000.0,2024-02-29,9686522000.0,7140027000.0,2024-02-29,2024-02-29,
MNST,2024-12-31,,5957718000.0,2025-02-28,7719089000.0,7492709000.0,2025-02-28,2025-02-28,
MNST,2025-12-31,,8254108000.0,2026-02-27,9988945000.0,8294343000.0,2026-02-27,2026-02-27,
MO,2007-12-31,9786000000.0,,,,18664000000.0,,2010-02-24,2010-02-24
MO,2008-12-31,4930000000.0,2828000000.0,2010-02-24,27215000000.0,19356000000.0,2010-02-24,2010-02-24,2010-02-24
MO,2009-12-31,3206000000.0,4069000000.0,2010-02-24,36677000000.0,23556000000.0,2010-02-24,2010-02-24,2010-02-24
MO,2010-12-31,3905000000.0,5192000000.0,2011-02-25,37402000000.0,24363000000.0,2011-02-25,2011-02-25,2011-02-25
MO,2011-12-31,3390000000.0,3680000000.0,2012-02-16,36962000000.0,23800000000.0,2012-02-16,2012-02-16,2012-02-16
MO,2012-12-31,4180000000.0,3168000000.0,2013-02-27,35329000000.0,24618000000.0,2013-02-27,2013-02-27,2014-02-26
MO,2013-12-31,4535000000.0,4119000000.0,2014-02-26,34859000000.0,24466000000.0,2014-02-26,2014-02-26,2014-02-26
MO,2014-12-31,5070000000.0,3014000000.0,2015-02-25,34475000000.0,24522000000.0,2015-02-25,2015-02-25,2015-02-25
MO,2015-12-31,5241000000.0,2880000000.0,2016-02-25,32535000000.0,25434000000.0,2016-02-25,2016-02-25,2016-02-25
MO,2016-12-31,14239000000.0,12770000000.0,2017-02-27,45932000000.0,25744000000.0,2017-02-27,2017-02-27,2017-02-27
MO,2017-12-31,10222000000.0,15377000000.0,2018-02-27,43202000000.0,25576000000.0,2018-02-27,2018-02-27,2018-02-27
MO,2018-12-31,6963000000.0,14787000000.0,2019-02-26,55638000000.0,,2019-02-26,,2019-02-26
MO,2019-12-31,-1293000000.0,6222000000.0,2020-02-25,49271000000.0,,2020-02-25,,2020-02-25
MO,2020-12-31,4467000000.0,2839000000.0,2021-02-26,47414000000.0,,2021-02-26,,2021-02-26
MO,2021-12-31,2475000000.0,-1606000000.0,2022-02-25,39523000000.0,,2022-02-25,,2022-02-25
MO,2022-12-31,5764000000.0,-3973000000.0,2023-02-27,36954000000.0,,2023-02-27,,2023-02-27
MO,2023-12-31,8130000000.0,-3540000000.0,2024-02-27,38570000000.0,,2024-02-27,,2024-02-27
MO,2024-12-31,11264000000.0,-2238000000.0,2025-02-26,35177000000.0,,2025-02-26,,2025-02-26
MO,2025-12-31,6947000000.0,-3502000000.0,2026-02-25,35017000000.0,,2026-02-25,,2026-02-25
MOH,2010-12-31,54970000.0,,,,4085977000.0,,2013-02-28,2013-02-28
MOH,2011-12-31,20818000.0,755073000.0,2013-02-28,1652146000.0,4769940000.0,2013-02-28,2013-02-28,2013-02-28
MOH,2012-12-31,9790000.0,782314000.0,2013-02-28,1934822000.0,6028763000.0,2013-02-28,2013-02-28,2013-02-28
MOH,2013-12-31,52929000.0,892937000.0,2014-02-26,3002937000.0,6588934000.0,2014-02-26,2014-02-26,2014-02-26
MOH,2014-12-31,62223000.0,1010442000.0,2015-02-26,4477215000.0,9666601000.0,2015-02-26,2015-02-26,2015-02-26
MOH,2015-12-31,143000000.0,1557000000.0,2016-02-26,6576000000.0,14178000000.0,2016-02-26,2016-02-26,2016-02-26
MOH,2016-12-31,52000000.0,1649000000.0,2017-03-01,7449000000.0,17782000000.0,2017-03-01,2017-03-01,2017-03-01
MOH,2017-12-31,-512000000.0,1337000000.0,2018-03-01,8471000000.0,19883000000.0,2018-03-01,2018-03-01,2018-03-01
MOH,2018-12-31,707000000.0,1647000000.0,2019-02-19,7154000000.0,18890000000.0,2019-02-19,2019-02-19,2019-02-19
MOH,2019-12-31,737000000.0,1960000000.0,2020-02-14,6787000000.0,16829000000.0,2020-02-14,2020-02-14,2020-02-14
MOH,2020-12-31,673000000.0,2096000000.0,2021-02-16,9532000000.0,19423000000.0,2021-02-16,2021-02-16,2021-02-16
MOH,2021-12-31,659000000.0,2630000000.0,2022-02-14,12209000000.0,27771000000.0,2022-02-14,2022-02-14,2022-02-14
MOH,2022-12-31,792000000.0,2964000000.0,2023-02-13,12314000000.0,31974000000.0,2023-02-13,2023-02-13,2023-02-13
MOH,2023-12-31,1091000000.0,4215000000.0,2024-02-13,14892000000.0,34072000000.0,2024-02-13,2024-02-13,2024-02-13
MOH,2024-12-31,1179000000.0,4496000000.0,2025-02-11,15630000000.0,40650000000.0,2025-02-11,2025-02-11,2025-02-11
MOH,2025-12-31,472000000.0,4069000000.0,2026-02-10,15564000000.0,45426000000.0,2026-02-10,2026-02-10,2026-02-10
MOS,2009-05-31,2350200000.0,,,,,,,2011-07-19
MOS,2010-05-31,827100000.0,8722200000.0,2011-07-19,12707700000.0,,2011-07-19,,2011-07-19
MOS,2011-05-31,2514600000.0,11641600000.0,2011-07-19,15786900000.0,,2011-07-19,,2011-07-19
MOS,2012-05-31,1930200000.0,11983100000.0,2012-07-17,16690400000.0,,2012-07-17,,2012-07-17
MOS,2013-05-31,1888700000.0,13425400000.0,2013-07-17,18086000000.0,,2013-07-17,,2013-07-17
MOS,2013-12-31,,11302300000.0,2015-02-17,19554000000.0,,2015-02-17,,
MOS,2014-12-31,1028600000.0,10703100000.0,2015-02-17,18283000000.0,,2015-02-17,,2015-02-17
MOS,2015-12-31,1000400000.0,9531800000.0,2016-02-19,17412400000.0,,2016-02-19,,2016-02-19
MOS,2016-12-31,297800000.0,9584600000.0,2017-02-15,16840700000.0,,2017-02-15,,2017-02-15
MOS,2017-12-31,-107200000.0,9617500000.0,2018-02-21,18633400000.0,,2018-02-21,,2018-02-21
MOS,2018-12-31,470000000.0,10397300000.0,2019-03-13,20119200000.0,9587300000.0,2019-03-13,2021-02-22,2019-03-13
MOS,2019-12-31,-1067400000.0,9185500000.0,2020-02-20,19298500000.0,8906300000.0,2020-02-20,2021-02-22,2020-02-20
MOS,2020-12-31,666100000.0,9581400000.0,2021-02-22,19789800000.0,8681700000.0,2021-02-22,2021-02-22,2021-02-22
MOS,2021-12-31,1630600000.0,10604100000.0,2022-02-23,22036400000.0,12357400000.0,2022-02-23,2022-02-23,2022-02-23
MOS,2022-12-31,3582800000.0,12054600000.0,2023-02-23,23386000000.0,19125200000.0,2023-02-23,2023-02-23,2023-02-23
MOS,2023-12-31,1164900000.0,12290200000.0,2024-02-22,23032800000.0,13696100000.0,2024-02-22,2024-02-22,2024-02-22
MOS,2024-12-31,174900000.0,11482400000.0,2025-03-03,22924000000.0,11122800000.0,2025-03-03,2025-03-03,2025-03-03
MOS,2025-12-31,540700000.0,12084900000.0,2026-02-27,24480100000.0,12052400000.0,2026-02-27,2026-02-27,2026-02-27
MPC,2008-12-31,,8936000000.0,2012-02-29,,,,,
MPC,2009-12-31,449000000.0,9172000000.0,2012-02-29,,45530000000.0,,2012-02-29,2012-02-29
MPC,2010-12-31,623000000.0,8244000000.0,2012-02-29,23232000000.0,62487000000.0,2012-02-29,2012-02-29,2012-02-29
MPC,2011-12-31,2389000000.0,9505000000.0,2012-02-29,25745000000.0,78638000000.0,2012-02-29,2012-02-29,2012-02-29
MPC,2012-12-31,3389000000.0,11694000000.0,2013-02-28,27223000000.0,,2013-02-28,,2013-02-28
MPC,2013-12-31,2112000000.0,10920000000.0,2014-02-28,28385000000.0,,2014-02-28,,2014-02-28
MPC,2014-12-31,2524000000.0,10751000000.0,2015-02-27,30460000000.0,,2015-02-27,,2015-02-27
MPC,2015-12-31,2852000000.0,13237000000.0,2016-02-26,43115000000.0,,2016-02-26,,2016-02-26
MPC,2016-12-31,1174000000.0,13557000000.0,2017-02-24,44413000000.0,,2017-02-24,,2017-02-24
MPC,2017-12-31,3432000000.0,14033000000.0,2018-02-28,49047000000.0,,2018-02-28,,2018-02-28
MPC,2018-12-31,2780000000.0,35175000000.0,2019-02-28,92940000000.0,,2019-02-28,,2019-02-28
MPC,2019-12-31,2637000000.0,33694000000.0,2020-02-28,98556000000.0,,2020-02-28,,2020-02-28
MPC,2020-12-31,-9826000000.0,22199000000.0,2021-02-26,85158000000.0,,2021-02-26,,2021-02-26
MPC,2021-12-31,9738000000.0,26206000000.0,2022-02-24,85373000000.0,,2022-02-24,,2022-02-24
MPC,2022-12-31,14516000000.0,27715000000.0,2023-02-23,89904000000.0,,2023-02-23,,2023-02-23
MPC,2023-12-31,9681000000.0,24404000000.0,2024-02-28,85987000000.0,,2024-02-28,,2024-02-28
MPC,2024-12-31,3445000000.0,17745000000.0,2025-02-27,78858000000.0,,2025-02-27,,2025-02-27
MPC,2025-12-31,4047000000.0,17314000000.0,2026-02-26,83955000000.0,,2026-02-26,,2026-02-26
MPWR,2009-12-31,,212957000.0,2013-03-05,,165008000.0,,2012-03-12,
MPWR,2010-12-31,29563000.0,246895000.0,2013-03-05,281603000.0,218840000.0,2012-03-12,2012-03-12,2013-03-05
MPWR,2011-12-31,13301000.0,242877000.0,2013-03-05,273867000.0,196519000.0,2012-03-12,2012-03-12,2013-03-05
MPWR,2012-12-31,15756000.0,258294000.0,2013-03-05,287162000.0,213813000.0,2013-03-05,2013-03-05,2013-03-05
MPWR,2013-12-31,22898000.0,323399000.0,2014-03-10,368908000.0,238091000.0,2014-03-10,2014-03-10,2014-03-10
MPWR,2014-12-31,35495000.0,346425000.0,2015-03-02,399366000.0,282535000.0,2015-03-02,2015-03-02,2015-03-02
MPWR,2015-12-31,35172000.0,368516000.0,2016-02-29,431285000.0,333067000.0,2016-02-29,2016-02-29,2016-02-29
MPWR,2016-12-31,52720000.0,431116000.0,2017-03-01,511126000.0,,2017-03-01,,2017-03-01
MPWR,2017-12-31,65203000.0,522007000.0,2018-03-01,652569000.0,,2018-03-01,,2018-03-01
MPWR,2018-12-31,105268000.0,640093000.0,2019-03-01,793432000.0,,2019-03-01,,2019-03-01
MPWR,2019-12-31,108839000.0,773491000.0,2020-02-28,956375000.0,,2020-02-28,,2020-02-28
MPWR,2020-12-31,164375000.0,966587000.0,2021-03-01,1208491000.0,,2021-03-01,,2021-03-01
MPWR,2021-12-31,242023000.0,1243985000.0,2022-02-25,1585825000.0,,2022-02-25,,2022-02-25
MPWR,2022-12-31,437672000.0,1668602000.0,2023-02-24,2058885000.0,,2023-02-24,,2023-02-24
MPWR,2023-12-31,427374000.0,2049939000.0,2024-02-29,2434353000.0,,2024-02-29,,2024-02-29
MPWR,2024-12-31,1786700000.0,3145767000.0,2025-03-03,3617097000.0,,2025-03-03,,2025-03-03
MPWR,2025-03-31,,3073629000.0,2026-02-27,3705143000.0,,2026-02-27,,
MPWR,2025-06-30,,3209970000.0,2026-02-27,3872262000.0,,2026-02-27,,
MPWR,2025-09-30,,3377341000.0,2026-02-27,4107222000.0,,2026-02-27,,
MPWR,2025-12-31,621483000.0,3531497000.0,2026-02-27,4194199000.0,,2026-02-27,,2026-02-27
MRK,2007-12-31,3275400000.0,,,,24197700000.0,,2010-03-01,2010-03-01
MRK,2008-12-31,7808400000.0,18758300000.0,2010-03-01,47195700000.0,23850300000.0,2010-03-01,2010-03-01,2010-03-01
MRK,2009-12-31,12901300000.0,59058000000.0,2010-03-01,112089700000.0,27428300000.0,2010-03-01,2010-03-01,2010-03-01
MRK,2010-12-31,861000000.0,54376000000.0,2011-02-28,105781000000.0,45987000000.0,2011-02-28,2011-02-28,2011-02-28
MRK,2011-12-31,6272000000.0,54517000000.0,2012-02-28,105128000000.0,,2012-02-28,,2012-02-28
MRK,2012-12-31,6168000000.0,53020000000.0,2013-02-28,106132000000.0,,2013-02-28,,2013-02-28
MRK,2013-12-31,4404000000.0,49765000000.0,2014-02-27,105645000000.0,,2014-02-27,,2014-02-27
MRK,2014-12-31,11920000000.0,48647000000.0,2015-02-27,98335000000.0,,2015-02-27,,2015-02-27
MRK,2015-12-31,4442000000.0,44676000000.0,2016-02-26,101779000000.0,,2016-02-26,,2016-02-26
MRK,2016-12-31,3920000000.0,40088000000.0,2017-02-28,95377000000.0,39807000000.0,2017-02-28,2019-02-27,2017-02-28
MRK,2017-12-31,2394000000.0,34336000000.0,2018-02-27,87872000000.0,40122000000.0,2018-02-27,2019-02-27,2018-02-27
MRK,2018-12-31,6220000000.0,26701000000.0,2019-02-27,82637000000.0,42294000000.0,2019-02-27,2019-02-27,2019-02-27
MRK,2019-12-31,9843000000.0,25907000000.0,2020-02-26,84397000000.0,46840000000.0,2020-02-26,2020-02-26,2020-02-26
MRK,2020-12-31,7067000000.0,25317000000.0,2021-02-25,91588000000.0,47994000000.0,2021-02-25,2021-02-25,2021-02-25
MRK,2021-12-31,13049000000.0,38184000000.0,2022-02-25,105694000000.0,48704000000.0,2022-02-25,2022-02-25,2022-02-25
MRK,2022-12-31,14519000000.0,45991000000.0,2023-02-24,109160000000.0,59283000000.0,2023-02-24,2023-02-24,2023-02-24
MRK,2023-12-31,365000000.0,37581000000.0,2024-02-26,106675000000.0,60115000000.0,2024-02-26,2024-02-26,2024-02-26
MRK,2024-12-31,17117000000.0,46313000000.0,2025-02-25,117106000000.0,64168000000.0,2025-02-25,2025-02-25,2025-02-25
MRK,2025-12-31,18254000000.0,52606000000.0,2026-02-24,136866000000.0,65011000000.0,2026-02-24,2026-02-24,2026-02-24
MRNA,2015-12-31,,-149760000.0,2019-03-13,,,,,
MRNA,2016-12-31,-216211000.0,-334810000.0,2019-03-13,,108396000.0,,2019-03-13,2019-03-13
MRNA,2017-12-31,-255916000.0,-551365000.0,2019-03-13,1084489000.0,205825000.0,2019-03-13,2019-03-13,2019-03-13
MRNA,2018-12-31,-384734000.0,1530241000.0,2019-03-13,1962149000.0,135068000.0,2019-03-13,2019-03-13,2019-03-13
MRNA,2019-01-01,,,,2019962000.0,,2020-02-27,,
MRNA,2019-12-31,-514021000.0,1174810000.0,2020-02-27,1589422000.0,60209000.0,2020-02-27,2020-02-27,2020-02-27
MRNA,2020-12-31,-747064000.0,2561375000.0,2021-02-26,7336750000.0,803395000.0,2021-02-26,2021-02-26,2021-02-26
MRNA,2021-12-31,12202000000.0,14145000000.0,2022-02-25,24669000000.0,18471000000.0,2022-02-25,2022-02-25,2022-02-25
MRNA,2022-12-31,8362000000.0,19123000000.0,2023-02-24,25858000000.0,19263000000.0,2023-02-24,2023-02-24,2023-02-24
MRNA,2023-12-31,-4714000000.0,13854000000.0,2024-02-23,18426000000.0,,2024-02-23,,2024-02-23
MRNA,2024-12-31,-3561000000.0,10901000000.0,2025-02-21,14142000000.0,,2025-02-21,,2025-02-21
MRNA,2025-12-31,-2822000000.0,8650000000.0,2026-02-20,12338000000.0,,2026-02-20,,2026-02-20
MS,2007-11-30,3209000000.0,,,,26478000000.0,,2010-02-26,2010-02-26
MS,2008-11-30,1707000000.0,,,,22111000000.0,,2010-02-26,2010-02-26
MS,2008-12-31,,48753000000.0,2010-02-26,676764000000.0,,2010-02-26,,
MS,2009-12-31,1346000000.0,46688000000.0,2010-02-26,771462000000.0,23358000000.0,2010-02-26,2010-02-26,2010-02-26
MS,2010-12-31,4703000000.0,57211000000.0,2011-02-28,807698000000.0,31622000000.0,2011-02-28,2011-02-28,2011-02-28
MS,2011-12-31,4110000000.0,62049000000.0,2012-02-27,749898000000.0,32403000000.0,2012-02-27,2012-02-27,2012-02-27
MS,2012-12-31,68000000.0,62109000000.0,2013-02-26,780960000000.0,26112000000.0,2013-02-26,2013-02-26,2013-02-26
MS,2013-12-31,2932000000.0,65921000000.0,2014-02-25,832702000000.0,32417000000.0,2014-02-25,2014-02-25,2014-02-25
MS,2014-12-31,3467000000.0,70900000000.0,2015-03-02,801510000000.0,34275000000.0,2015-03-02,2015-03-02,2015-03-02
MS,2015-12-31,6127000000.0,75182000000.0,2016-02-23,787465000000.0,,2016-02-23,,2016-02-23
MS,2016-12-31,5979000000.0,76050000000.0,2017-02-27,814949000000.0,,2017-02-27,,2017-02-27
MS,2017-12-31,6111000000.0,77391000000.0,2018-02-27,851733000000.0,,2018-02-27,,2018-02-27
MS,2018-12-31,8748000000.0,80246000000.0,2019-02-26,853531000000.0,,2019-02-26,,2019-02-26
MS,2019-12-31,9042000000.0,81549000000.0,2020-02-27,895429000000.0,,2020-02-27,,2020-02-27
MS,2020-12-31,10996000000.0,101781000000.0,2021-02-26,1115862000000.0,,2021-02-26,,2021-02-26
MS,2021-12-31,15034000000.0,105441000000.0,2022-02-24,1188140000000.0,,2022-02-24,,2022-02-24
MS,2022-12-31,11029000000.0,100141000000.0,2023-02-24,1180231000000.0,,2023-02-24,,2023-02-24
MS,2023-12-31,9087000000.0,99038000000.0,2024-02-22,1193693000000.0,,2024-02-22,,2024-02-22
MS,2024-12-31,13390000000.0,104511000000.0,2025-02-21,1215071000000.0,,2025-02-21,,2025-02-21
MS,2025-12-31,16861000000.0,111632000000.0,2026-02-19,1420270000000.0,,2026-02-19,,2026-02-19
MSCI,2007-11-30,,200021000.0,2011-01-31,,,,,
MSCI,2008-11-30,68268000.0,286382000.0,2011-01-31,,430961000.0,,2011-01-31,2011-01-31
MSCI,2009-11-30,81801000.0,507056000.0,2011-01-31,1200269000.0,442948000.0,2011-01-31,2011-01-31,2011-01-31
MSCI,2010-11-30,92170000.0,1080117000.0,2011-01-31,3023166000.0,662901000.0,2011-01-31,2011-01-31,2011-01-31
MSCI,2010-12-31,,1102170000.0,2012-02-29,3057481000.0,,2012-02-29,,
MSCI,2011-12-31,173454000.0,1305432000.0,2012-02-29,3092996000.0,900941000.0,2012-02-29,2012-02-29,2012-02-29
MSCI,2012-12-31,184238000.0,1425231000.0,2013-03-01,3019639000.0,950141000.0,2013-03-01,2013-03-01,2013-03-01
MSCI,2013-12-31,222557000.0,1576364000.0,2014-02-28,3134537000.0,1035667000.0,2014-02-28,2014-02-28,2014-02-28
MSCI,2014-12-31,284113000.0,1432833000.0,2015-02-27,2894175000.0,996680000.0,2015-02-27,2015-02-27,2015-02-27
MSCI,2015-12-31,223648000.0,901487000.0,2016-02-26,3146987000.0,1075013000.0,2016-02-26,2016-02-26,2016-02-26
MSCI,2016-12-31,260855000.0,317605000.0,2017-02-24,3082578000.0,1150669000.0,2017-02-24,2017-02-24,2017-02-24
MSCI,2017-12-31,303972000.0,401012000.0,2018-02-26,3275668000.0,1274172000.0,2018-02-26,2018-02-26,2018-02-26
MSCI,2018-12-31,507885000.0,-166494000.0,2019-02-22,3387952000.0,,2019-02-22,,2019-02-22
MSCI,2019-12-31,563648000.0,-76714000.0,2020-02-18,4204439000.0,,2020-02-18,,2020-02-18
MSCI,2020-12-31,601822000.0,-443234000.0,2021-02-12,4198647000.0,,2021-02-12,,2021-02-12
MSCI,2021-12-31,725983000.0,-163467000.0,2022-02-11,5506703000.0,,2022-02-11,,2022-02-11
MSCI,2022-12-31,870573000.0,-1007925000.0,2023-02-10,4997535000.0,,2023-02-10,,2023-02-10
MSCI,2023-12-31,1148592000.0,-739764000.0,2024-02-09,5518219000.0,,2024-02-09,,2024-02-09
MSCI,2024-12-31,1109128000.0,-939997000.0,2025-02-07,5445439000.0,,2025-02-07,,2025-02-07
MSCI,2025-12-31,1202305000.0,-2654540000.0,2026-02-06,5702459000.0,,2026-02-06,,2026-02-06
MSFT,2008-06-30,17681000000.0,36286000000.0,2010-07-30,,60420000000.0,,2010-07-30,2010-07-30
MSFT,2009-06-30,14569000000.0,39558000000.0,2010-07-30,77888000000.0,58437000000.0,2010-07-30,2010-07-30,2010-07-30
MSFT,2010-06-30,18760000000.0,46175000000.0,2010-07-30,86113000000.0,62484000000.0,2010-07-30,2010-07-30,2010-07-30
MSFT,2011-06-30,23150000000.0,57083000000.0,2011-07-28,108704000000.0,,2011-07-28,,2011-07-28
MSFT,2012-06-30,16978000000.0,66363000000.0,2012-07-26,121271000000.0,,2012-07-26,,2012-07-26
MSFT,2013-06-30,21863000000.0,78944000000.0,2013-07-30,142431000000.0,,2013-07-30,,2013-07-30
MSFT,2014-06-30,22074000000.0,89784000000.0,2014-07-31,172384000000.0,,2014-07-31,,2014-07-31
MSFT,2015-06-30,12193000000.0,80083000000.0,2015-07-31,176223000000.0,,2015-07-31,,2015-07-31
MSFT,2016-06-30,16798000000.0,71997000000.0,2016-07-28,193694000000.0,,2016-07-28,,2016-07-28
MSFT,2017-06-30,21204000000.0,72394000000.0,2017-08-02,241086000000.0,,2017-08-02,,2017-08-02
MSFT,2018-06-30,16571000000.0,82718000000.0,2018-08-03,258848000000.0,,2018-08-03,,2018-08-03
MSFT,2019-06-30,39240000000.0,102330000000.0,2019-08-01,286556000000.0,,2019-08-01,,2019-08-01
MSFT,2020-06-30,44281000000.0,118304000000.0,2020-07-30,301311000000.0,,2020-07-30,,2020-07-30
MSFT,2021-06-30,61271000000.0,141988000000.0,2021-07-29,333779000000.0,,2021-07-29,,2021-07-29
MSFT,2022-06-30,72738000000.0,166542000000.0,2022-07-28,364840000000.0,,2022-07-28,,2022-07-28
MSFT,2023-06-30,72361000000.0,206223000000.0,2023-07-27,411976000000.0,,2023-07-27,,2023-07-27
MSFT,2024-06-30,88136000000.0,268477000000.0,2024-07-30,512163000000.0,,2024-07-30,,2024-07-30
MSFT,2025-06-30,101832000000.0,343479000000.0,2025-07-30,619003000000.0,,2025-07-30,,2025-07-30
MSFT,2026-06-30,133749000000.0,442387000000.0,2026-07-29,758376000000.0,,2026-07-29,,2026-07-29
MSI,2007-12-31,-49000000.0,,,,36622000000.0,,2010-02-16,2010-02-16
MSI,2008-12-31,-4244000000.0,9507000000.0,2010-02-16,27869000000.0,30146000000.0,2010-02-16,2010-02-16,2010-02-16
MSI,2009-12-31,-51000000.0,9775000000.0,2010-02-16,25603000000.0,22044000000.0,2010-02-16,2010-02-16,2010-02-16
MSI,2010-12-31,633000000.0,10885000000.0,2011-02-18,25577000000.0,19282000000.0,2011-02-18,2011-02-18,2011-02-18
MSI,2011-12-31,1158000000.0,5214000000.0,2012-02-15,13929000000.0,8203000000.0,2012-02-15,2012-02-15,2012-02-15
MSI,2012-12-31,881000000.0,3265000000.0,2013-02-12,12679000000.0,8698000000.0,2013-02-12,2013-02-12,2013-02-12
MSI,2013-12-31,1099000000.0,3659000000.0,2014-02-13,11851000000.0,8696000000.0,2014-02-13,2014-02-13,2014-02-13
MSI,2014-12-31,1299000000.0,2735000000.0,2015-02-13,10423000000.0,5881000000.0,2015-02-13,2015-02-13,2015-02-13
MSI,2015-12-31,610000000.0,-106000000.0,2016-02-23,8387000000.0,5695000000.0,2016-02-23,2016-02-23,2016-02-23
MSI,2016-12-31,560000000.0,-964000000.0,2017-02-21,8463000000.0,6038000000.0,2017-02-21,2017-02-21,2017-02-21
MSI,2017-12-31,-155000000.0,-1742000000.0,2018-02-16,8208000000.0,6380000000.0,2018-02-16,2018-02-16,2018-02-16
MSI,2018-12-31,966000000.0,-1293000000.0,2019-02-15,9409000000.0,,2019-02-15,,2019-02-15
MSI,2019-12-31,868000000.0,-700000000.0,2020-02-14,10642000000.0,,2020-02-14,,2020-02-14
MSI,2020-12-31,949000000.0,-558000000.0,2021-02-12,10876000000.0,,2021-02-12,,2021-02-12
MSI,2021-12-31,1245000000.0,-40000000.0,2022-02-16,12189000000.0,,2022-02-16,,2022-02-16
MSI,2022-12-31,1363000000.0,116000000.0,2023-02-16,12814000000.0,,2023-02-16,,2023-02-16
MSI,2023-12-31,1709000000.0,724000000.0,2024-02-15,13336000000.0,,2024-02-15,,2024-02-15
MSI,2024-12-31,1577000000.0,1703000000.0,2025-02-14,14595000000.0,,2025-02-14,,2025-02-14
MSI,2025-12-31,2154000000.0,2410000000.0,2026-02-12,19389000000.0,,2026-02-12,,2026-02-12
MTB,2007-12-31,654259000.0,,,,,,,2010-02-19
MTB,2008-12-31,555887000.0,6784731000.0,2010-02-19,65815757000.0,,2010-02-19,,2010-02-19
MTB,2009-12-31,379891000.0,7752907000.0,2010-02-19,68880399000.0,,2010-02-19,,2010-02-19
MTB,2010-12-31,736161000.0,8357695000.0,2011-02-22,68021263000.0,,2011-02-22,,2011-02-22
MTB,2011-12-31,859479000.0,9271209000.0,2012-02-23,77924287000.0,3972668000.0,2012-02-23,2014-02-21,2012-02-23
MTB,2012-12-31,1029498000.0,10202593000.0,2013-02-25,83008803000.0,4265786000.0,2013-02-25,2014-02-21,2013-02-25
MTB,2013-12-31,1138480000.0,11305532000.0,2014-02-21,85162391000.0,4538434000.0,2014-02-21,2014-02-21,2014-02-21
MTB,2014-12-31,1066246000.0,12335896000.0,2015-02-20,96685535000.0,4455719000.0,2015-02-20,2015-02-20,2015-02-20
MTB,2015-12-31,1079667000.0,16173289000.0,2016-02-19,122787884000.0,4667624000.0,2016-02-19,2016-02-19,2016-02-19
MTB,2016-12-31,1315114000.0,16486622000.0,2017-02-22,123449206000.0,5295883000.0,2017-02-22,2017-02-22,2017-02-22
MTB,2017-12-31,1408306000.0,16250819000.0,2018-02-22,118593487000.0,5632187000.0,2018-02-22,2018-02-22,2018-02-22
MTB,2018-12-31,1918080000.0,15460191000.0,2019-02-20,120097403000.0,5928302000.0,2019-02-20,2019-02-20,2019-02-20
MTB,2019-12-31,1929149000.0,15716649000.0,2020-02-20,119872757000.0,6191943000.0,2020-02-20,2020-02-20,2020-02-20
MTB,2020-12-31,1353152000.0,16187283000.0,2021-02-22,142601105000.0,5954761000.0,2021-02-22,2021-02-22,2021-02-22
MTB,2021-12-31,1858746000.0,17903405000.0,2022-02-16,155107160000.0,5991772000.0,2022-02-16,2022-02-16,2022-02-16
MTB,2022-12-31,1991663000.0,25317990000.0,2023-02-22,200729841000.0,8178559000.0,2023-02-22,2023-02-22,2023-02-22
MTB,2023-12-31,2741000000.0,26957000000.0,2024-02-21,208264000000.0,9643000000.0,2024-02-21,2024-02-21,2024-02-21
MTB,2024-12-31,2588000000.0,29027000000.0,2025-02-19,208105000000.0,,2025-02-19,,2025-02-19
MTB,2025-12-31,2851000000.0,29177000000.0,2026-02-18,213510000000.0,,2026-02-18,,2026-02-18
MTCH,2008-12-31,-156201000.0,,,,1410078000.0,,2011-03-01,2011-03-01
MTCH,2009-12-31,-978822000.0,,,4015889000.0,1346695000.0,2011-03-01,2011-03-01,2011-03-01
MTCH,2010-12-31,99359000.0,2050068000.0,2012-02-29,3439554000.0,1636815000.0,2011-03-01,2011-03-01,2011-03-01
MTCH,2011-12-31,,1905049000.0,2012-02-29,3409865000.0,2059444000.0,2012-02-29,2012-02-29,
MTCH,2012-12-31,,1655728000.0,2013-03-01,3805828000.0,2800933000.0,2013-03-01,2013-03-01,
MTCH,2013-12-31,,1686736000.0,2014-02-26,4234684000.0,3022987000.0,2014-02-26,2014-02-26,
MTCH,2014-12-31,,1991953000.0,2015-02-27,4274878000.0,3109547000.0,2015-02-27,2015-02-27,
MTCH,2015-12-31,,1804526000.0,2016-02-29,5209950000.0,3230933000.0,2016-02-29,2016-02-29,
MTCH,2016-12-31,,1869222000.0,2017-02-28,4645873000.0,3139882000.0,2017-02-28,2017-02-28,
MTCH,2017-12-31,,2430028000.0,2018-03-01,5867810000.0,3307239000.0,2018-03-01,2018-03-01,
MTCH,2018-12-31,,2843125000.0,2019-03-01,6874585000.0,4262892000.0,2019-03-01,2019-03-01,
MTCH,2019-12-31,,2928042000.0,2020-02-28,8332825000.0,4757055000.0,2020-02-28,2020-02-28,
MTCH,2020-12-31,,-1177667000.0,2021-02-25,2976980000.0,2391269000.0,2021-02-25,2021-02-25,
MTCH,2021-12-31,,-203769000.0,2022-02-24,5063288000.0,2983277000.0,2022-02-24,2022-02-24,
MTCH,2022-12-31,,-359875000.0,2023-02-24,4182764000.0,3188843000.0,2023-02-24,2023-02-24,
MTCH,2023-12-31,,-19548000.0,2024-02-23,4507886000.0,3364504000.0,2024-02-23,2024-02-23,
MTCH,2024-12-31,,-63659000.0,2025-02-27,4465771000.0,3479373000.0,2025-02-27,2025-02-27,
MTCH,2025-12-31,,-253504000.0,2026-02-26,4460811000.0,3487197000.0,2026-02-26,2026-02-26,
MTD,2007-12-31,,581286000.0,2011-02-16,,,,,
MTD,2008-12-31,202778000.0,503247000.0,2011-02-16,,,,,2011-02-16
MTD,2009-12-31,172593000.0,711138000.0,2011-02-16,1718787000.0,,2011-02-16,,2011-02-16
MTD,2010-12-31,232148000.0,771584000.0,2011-02-16,2283063000.0,,2011-02-16,,2011-02-16
MTD,2011-12-31,269493000.0,781137000.0,2012-02-13,2203474000.0,2309328000.0,2012-02-13,2014-02-07,2012-02-13
MTD,2012-12-31,290847000.0,827219000.0,2013-02-08,2117400000.0,2341528000.0,2013-02-08,2014-02-07,2013-02-08
MTD,2013-12-31,306094000.0,935052000.0,2014-02-07,2152819000.0,2378972000.0,2014-02-07,2014-02-07,2014-02-07
MTD,2014-12-31,338241000.0,719595000.0,2015-02-06,2009110000.0,2485983000.0,2015-02-06,2015-02-06,2015-02-06
MTD,2015-12-31,352820000.0,580457000.0,2016-02-04,2018485000.0,2395447000.0,2016-02-04,2016-02-04,2016-02-04
MTD,2016-12-31,384370000.0,434943000.0,2017-02-02,2166777000.0,2508257000.0,2017-02-02,2017-02-02,2017-02-02
MTD,2017-12-31,375972000.0,547280000.0,2018-02-09,2549805000.0,2725053000.0,2018-02-09,2018-02-09,2018-02-09
MTD,2018-12-31,512611000.0,590063000.0,2019-02-08,2618847000.0,2935586000.0,2019-02-08,2019-02-08,2019-02-08
MTD,2019-12-31,561109000.0,420780000.0,2020-02-07,2789321000.0,3008652000.0,2020-02-07,2020-02-07,2020-02-07
MTD,2020-12-31,602739000.0,282675000.0,2021-02-08,2814549000.0,3085177000.0,2021-02-08,2021-02-08,2021-02-08
MTD,2021-12-31,768985000.0,171421000.0,2022-02-11,3326798000.0,3717930000.0,2022-02-11,2022-02-11,2022-02-11
MTD,2022-12-31,872502000.0,24793000.0,2023-02-10,3492395000.0,3919709000.0,2023-02-10,2023-02-10,2023-02-10
MTD,2023-12-31,788778000.0,-149938000.0,2024-02-09,3355555000.0,3788309000.0,2024-02-09,2024-02-09,2024-02-09
MTD,2024-12-31,863140000.0,-126890000.0,2025-02-07,3239999000.0,3872361000.0,2025-02-07,2025-02-07,2025-02-07
MTD,2025-12-31,869193000.0,-23636000.0,2026-02-06,3712646000.0,4026399000.0,2026-02-06,2026-02-06,2026-02-06
MTG,2008-12-31,-525355000.0,,,,1721526000.0,,2011-03-01,2011-03-01
MTG,2009-12-31,-1322277000.0,1302581000.0,2011-03-01,9404419000.0,1708526000.0,2011-03-01,2011-03-01,2011-03-01
MTG,2010-12-31,-363735000.0,1669055000.0,2011-03-01,9333642000.0,1520525000.0,2011-03-01,2011-03-01,2011-03-01
MTG,2011-12-31,-485892000.0,1196815000.0,2012-02-29,7216230000.0,1504279000.0,2012-02-29,2012-02-29,2012-02-29
MTG,2012-12-31,-927079000.0,196940000.0,2013-03-01,5574324000.0,1378364000.0,2013-03-01,2013-03-01,2013-03-01
MTG,2013-12-31,-49848000.0,744538000.0,2014-02-28,5601390000.0,1039435000.0,2014-02-28,2014-02-28,2014-02-28
MTG,2014-12-31,251949000.0,1036903000.0,2015-02-27,5266434000.0,941797000.0,2015-02-27,2015-02-27,2015-02-27
MTG,2015-12-31,1172000000.0,2236140000.0,2016-02-26,5879545000.0,1040781000.0,2016-02-26,2016-02-26,2016-02-26
MTG,2016-12-31,342517000.0,2548842000.0,2017-02-21,5734529000.0,1062483000.0,2017-02-21,2017-02-21,2017-02-21
MTG,2017-12-31,355761000.0,3154526000.0,2018-02-23,5619499000.0,1066054000.0,2018-02-23,2018-02-23,2018-02-23
MTG,2018-12-31,670097000.0,3581891000.0,2019-02-22,5677802000.0,1123848000.0,2019-02-22,2019-02-22,2019-02-22
MTG,2019-12-31,673763000.0,4309234000.0,2020-02-24,6229571000.0,1213977000.0,2020-02-24,2020-02-24,2020-02-24
MTG,2020-12-31,446093000.0,4698986000.0,2021-02-23,7354526000.0,1199146000.0,2021-02-23,2021-02-23,2021-02-23
MTG,2021-12-31,634983000.0,4861382000.0,2022-02-23,7325008000.0,1185675000.0,2022-02-23,2022-02-23,2022-02-23
MTG,2022-12-31,865349000.0,4642740000.0,2023-02-22,6213793000.0,1172785000.0,2023-02-22,2023-02-22,2023-02-22
MTG,2023-12-31,712949000.0,5072017000.0,2024-02-21,6538380000.0,1155102000.0,2024-02-21,2024-02-21,2024-02-21
MTG,2024-12-31,762994000.0,5172375000.0,2025-02-26,6547235000.0,1207731000.0,2025-02-26,2025-02-26,2025-02-26
MTG,2025-12-31,738347000.0,5147551000.0,2026-02-25,6639486000.0,1213636000.0,2026-02-25,2026-02-25,2026-02-25
MTW,2008-12-31,10000000.0,,,,4479200000.0,,2011-03-01,2011-03-01
MTW,2009-12-31,-704200000.0,607900000.0,2011-03-01,4278700000.0,3619800000.0,2011-03-01,2011-03-01,2011-03-01
MTW,2010-12-31,-73400000.0,481900000.0,2011-03-01,4009300000.0,3141700000.0,2011-03-01,2011-03-01,2011-03-01
MTW,2011-12-31,,483400000.0,2012-02-29,3965200000.0,3651900000.0,2012-02-29,2012-02-29,
MTW,2012-12-31,,600300000.0,2013-02-28,4057300000.0,3927000000.0,2013-02-28,2013-02-28,
MTW,2013-12-31,,775500000.0,2014-02-21,3976600000.0,4048100000.0,2014-02-21,2014-02-21,
MTW,2014-12-31,143900000.0,824100000.0,2015-02-20,3816600000.0,3886500000.0,2015-02-20,2015-02-20,2017-02-28
MTW,2015-12-31,65500000.0,819500000.0,2016-02-29,3448900000.0,3435800000.0,2016-02-29,2016-02-29,2017-02-28
MTW,2016-12-31,-375800000.0,590500000.0,2017-02-28,1517800000.0,1613100000.0,2017-02-28,2017-02-28,2017-02-28
MTW,2017-12-31,9400000.0,677500000.0,2018-02-23,1607800000.0,1581300000.0,2018-02-23,2018-02-23,2018-02-23
MTW,2018-12-31,-67100000.0,601300000.0,2019-02-13,1541900000.0,,2019-02-13,,2019-02-13
MTW,2019-12-31,46600000.0,645900000.0,2020-02-14,1617700000.0,,2020-02-14,,2020-02-14
MTW,2020-12-31,-19100000.0,643500000.0,2021-02-12,1603500000.0,,2021-02-12,,2021-02-12
MTW,2021-12-31,11000000.0,662400000.0,2022-02-22,1775200000.0,,2022-02-22,,2022-02-22
MTW,2022-12-31,-123600000.0,537800000.0,2023-02-24,1615500000.0,,2023-02-24,,2023-02-24
MTW,2023-12-31,39200000.0,603300000.0,2024-02-23,1706700000.0,,2024-02-23,,2024-02-23
MTW,2024-12-31,55800000.0,640100000.0,2025-02-21,1660000000.0,,2025-02-21,,2025-02-21
MTW,2025-12-31,7200000.0,695200000.0,2026-02-18,1818200000.0,,2026-02-18,,2026-02-18
MU,2009-09-03,-1882000000.0,,,,,,,2011-10-25
MU,2010-09-02,1850000000.0,8020000000.0,2011-10-25,14693000000.0,,2011-10-25,,2011-10-25
MU,2011-09-01,167000000.0,8470000000.0,2011-10-25,14752000000.0,,2011-10-25,,2011-10-25
MU,2012-08-30,-1032000000.0,7700000000.0,2012-10-29,14328000000.0,,2012-10-29,,2012-10-29
MU,2013-08-29,1190000000.0,9142000000.0,2013-10-28,19118000000.0,,2013-10-28,,2013-10-28
MU,2014-08-28,3045000000.0,10771000000.0,2014-10-27,22498000000.0,,2014-10-27,,2014-10-27
MU,2015-09-03,2899000000.0,12302000000.0,2015-10-27,24143000000.0,,2015-10-27,,2015-10-27
MU,2016-09-01,-276000000.0,12080000000.0,2016-10-28,27540000000.0,12399000000.0,2016-10-28,2018-10-15,2016-10-28
MU,2017-08-31,5089000000.0,18621000000.0,2017-10-26,35336000000.0,20322000000.0,2017-10-26,2018-10-15,2017-10-26
MU,2018-08-30,14135000000.0,32294000000.0,2018-10-15,43376000000.0,30391000000.0,2018-10-15,2018-10-15,2018-10-15
MU,2019-08-29,6313000000.0,35881000000.0,2019-10-17,48887000000.0,,2019-10-17,,2019-10-17
MU,2020-09-03,2687000000.0,38996000000.0,2020-10-19,53678000000.0,,2020-10-19,,2020-10-19
MU,2021-09-02,5861000000.0,43933000000.0,2021-10-08,58849000000.0,,2021-10-08,,2021-10-08
MU,2022-09-01,8687000000.0,49907000000.0,2022-10-07,66283000000.0,,2022-10-07,,2022-10-07
MU,2023-08-31,-5833000000.0,44120000000.0,2023-10-06,64254000000.0,,2023-10-06,,2023-10-06
MU,2024-08-29,778000000.0,45131000000.0,2024-10-04,69416000000.0,,2024-10-04,,2024-10-04
MU,2025-08-28,8539000000.0,54165000000.0,2025-10-03,82798000000.0,,2025-10-03,,2025-10-03
MUR,2007-12-31,766529000.0,5066174000.0,2010-02-26,,18312964000.0,,2010-02-26,2010-02-26
MUR,2008-12-31,1739986000.0,6278945000.0,2010-02-26,11149098000.0,27432331000.0,2010-02-26,2010-02-26,2010-02-26
MUR,2009-12-31,837621000.0,7346026000.0,2010-02-26,12756359000.0,19012392000.0,2010-02-26,2010-02-26,2010-02-26
MUR,2010-12-31,798081000.0,8199550000.0,2011-02-28,14233243000.0,23345071000.0,2011-02-28,2011-02-28,2011-02-28
MUR,2011-12-31,872702000.0,8778397000.0,2012-02-28,14138138000.0,27745549000.0,2012-02-28,2012-02-28,2012-02-28
MUR,2012-12-31,970876000.0,8942035000.0,2013-02-28,17522643000.0,28626046000.0,2013-02-28,2013-02-28,2013-02-28
MUR,2013-12-31,1123473000.0,8595730000.0,2014-02-28,17509484000.0,5390089000.0,2014-02-28,2014-02-28,2014-02-28
MUR,2014-12-31,905611000.0,8573434000.0,2015-02-27,16742307000.0,5476084000.0,2015-02-27,2015-02-27,2015-02-27
MUR,2015-12-31,-2270833000.0,5306728000.0,2016-02-26,11493812000.0,3033080000.0,2016-02-26,2016-02-26,2016-02-26
MUR,2016-12-31,-275970000.0,4916679000.0,2017-02-24,10295860000.0,1874129000.0,2017-02-24,2017-02-24,2017-02-24
MUR,2017-12-31,-311789000.0,4620191000.0,2018-02-26,9860942000.0,2225129000.0,2018-02-26,2018-02-26,2018-02-26
MUR,2018-12-31,411094000.0,4829299000.0,2019-02-28,11052587000.0,2570603000.0,2019-02-28,2019-02-28,2019-02-28
MUR,2019-12-31,1149732000.0,5467460000.0,2020-02-27,11718504000.0,2829053000.0,2020-02-27,2020-02-27,2020-02-27
MUR,2020-12-31,-1148777000.0,4214337000.0,2021-02-26,10620852000.0,1967341000.0,2021-02-26,2021-02-26,2021-02-26
MUR,2021-12-31,-73664000.0,4157311000.0,2022-02-25,10304940000.0,2299281000.0,2022-02-25,2022-02-25,2022-02-25
MUR,2022-12-31,965047000.0,4994774000.0,2023-02-27,10308952000.0,3932662000.0,2023-02-27,2023-02-27,2023-02-27
MUR,2023-12-31,661559000.0,5362794000.0,2024-02-23,9766697000.0,3460147000.0,2024-02-23,2024-02-23,2024-02-23
MUR,2024-12-31,407171000.0,5194250000.0,2025-02-27,9667479000.0,3028474000.0,2025-02-27,2025-02-27,2025-02-27
MUR,2025-12-31,104234000.0,5118380000.0,2026-02-25,9832626000.0,2718823000.0,2026-02-25,2026-02-25,2026-02-25
NAVI,2012-12-31,939000000.0,,,,,,,2015-02-27
NAVI,2013-12-31,1418000000.0,5637000000.0,2015-02-27,159543000000.0,,2015-02-27,,2015-02-27
NAVI,2014-12-31,1149000000.0,4198000000.0,2015-02-27,146352000000.0,,2015-02-27,,2015-02-27
NAVI,2015-12-31,997000000.0,3975000000.0,2016-02-25,134112000000.0,,2016-02-25,,2016-02-25
NAVI,2016-12-31,681000000.0,3699000000.0,2017-02-24,121136000000.0,,2017-02-24,,2017-02-24
NAVI,2017-12-31,292000000.0,3454000000.0,2018-02-26,114991000000.0,,2018-02-26,,2018-02-26
NAVI,2018-12-31,395000000.0,3519000000.0,2019-02-26,104176000000.0,359000000.0,2019-02-26,2019-02-26,2019-02-26
NAVI,2019-12-31,597000000.0,3336000000.0,2020-02-27,94903000000.0,391000000.0,2020-02-27,2020-02-27,2020-02-27
NAVI,2020-12-31,412000000.0,2433000000.0,2021-02-26,87412000000.0,388000000.0,2021-02-26,2021-02-26,2021-02-26
NAVI,2021-12-31,717000000.0,2597000000.0,2022-02-25,80605000000.0,507000000.0,2022-02-25,2022-02-25,2022-02-25
NAVI,2022-12-31,645000000.0,2977000000.0,2023-02-24,70795000000.0,332000000.0,2023-02-24,2023-02-24,2023-02-24
NAVI,2023-12-31,228000000.0,2760000000.0,2026-02-26,61375000000.0,321000000.0,2024-02-26,2024-02-26,2024-02-26
NAVI,2024-12-31,131000000.0,2641000000.0,2026-02-26,51789000000.0,271000000.0,2025-02-27,2025-02-27,2025-02-27
NAVI,2025-12-31,-80000000.0,2399000000.0,2026-02-26,48681000000.0,,2026-02-26,,2026-02-26
NBR,2007-12-31,865702000.0,,,,4938848000.0,,2010-02-26,2010-02-26
NBR,2008-12-31,475737000.0,4904106000.0,2010-02-26,10517899000.0,5511896000.0,2010-02-26,2010-02-26,2010-02-26
NBR,2009-12-31,-85546000.0,5167656000.0,2010-02-26,10644690000.0,3692356000.0,2010-02-26,2010-02-26,2010-02-26
NBR,2010-12-31,94695000.0,5328162000.0,2012-02-29,11646569000.0,4134483000.0,2012-02-29,2012-02-29,2012-02-29
NBR,2011-12-31,243679000.0,5587815000.0,2012-02-29,12912140000.0,6060351000.0,2012-02-29,2012-02-29,2012-02-29
NBR,2012-03-31,,5831876000.0,2014-03-03,13166740000.0,,2014-03-03,,
NBR,2012-12-31,164034000.0,5944929000.0,2013-03-01,12656022000.0,6989573000.0,2013-03-01,2013-03-01,2013-03-01
NBR,2013-12-31,139982000.0,5969086000.0,2014-03-03,12159811000.0,6152015000.0,2014-03-03,2014-03-03,2014-03-03
NBR,2014-12-31,-670659000.0,4908619000.0,2015-03-02,11879942000.0,6804197000.0,2015-03-02,2015-03-02,2015-03-02
NBR,2015-12-31,-372675000.0,4282710000.0,2016-02-26,9537840000.0,3864437000.0,2016-02-26,2016-02-26,2016-02-26
NBR,2016-12-31,-1029742000.0,3247025000.0,2017-02-28,8187015000.0,2227839000.0,2017-02-28,2017-02-28,2017-02-28
NBR,2017-12-31,-546811000.0,2911816000.0,2018-03-01,8401984000.0,2564285000.0,2018-03-01,2018-03-01,2018-03-01
NBR,2018-12-31,-640948000.0,2700850000.0,2019-02-28,7853944000.0,,2019-02-28,,2019-02-28
NBR,2019-12-31,-702885000.0,1982811000.0,2020-02-25,6760658000.0,,2020-02-25,,2020-02-25
NBR,2020-12-31,-805641000.0,1151384000.0,2021-02-24,5503428000.0,,2021-02-24,,2021-02-24
NBR,2021-12-31,-569272000.0,590656000.0,2022-02-18,5525364000.0,,2022-02-18,,2022-02-18
NBR,2022-12-31,-350261000.0,368956000.0,2023-02-09,4729854000.0,,2023-02-09,,2023-02-09
NBR,2023-12-31,-11784000.0,326614000.0,2024-02-12,5277965000.0,,2024-02-12,,2024-02-12
NBR,2024-12-31,-176084000.0,134996000.0,2025-02-13,4504301000.0,,2025-02-13,,2025-02-13
NBR,2025-12-31,286624000.0,590727000.0,2026-02-13,4789657000.0,,2026-02-13,,2026-02-13
NCLH,2011-12-31,126859000.0,,,,2219324000.0,,2014-02-21,2014-02-21
NCLH,2012-12-31,168556000.0,2010318000.0,2014-02-21,5938427000.0,2276246000.0,2014-02-21,2014-02-21,2014-02-21
NCLH,2013-12-31,101714000.0,2608908000.0,2014-02-21,6650978000.0,2570294000.0,2014-02-21,2014-02-21,2014-02-21
NCLH,2014-12-31,338352000.0,3518813000.0,2015-02-27,11573077000.0,3125881000.0,2015-02-27,2015-02-27,2015-02-27
NCLH,2015-12-31,427137000.0,3780880000.0,2016-02-29,12264757000.0,4345048000.0,2016-02-29,2016-02-29,2016-02-29
NCLH,2016-12-31,633085000.0,4537726000.0,2019-02-27,12973911000.0,4874340000.0,2017-02-27,2017-02-27,2017-02-27
NCLH,2017-12-31,759872000.0,5749766000.0,2019-02-27,14094869000.0,5396175000.0,2018-02-27,2018-02-27,2020-02-27
NCLH,2018-12-31,954843000.0,5963001000.0,2019-02-27,15205970000.0,,2019-02-27,,2020-02-27
NCLH,2019-12-31,930228000.0,6515579000.0,2020-02-27,16684599000.0,,2020-02-27,,2020-02-27
NCLH,2020-12-31,-4012514000.0,4354105000.0,2021-02-26,18399317000.0,,2021-02-26,,2021-02-26
NCLH,2021-12-31,-4506587000.0,2432650000.0,2022-03-01,18729837000.0,,2022-03-01,,2022-03-01
NCLH,2022-12-31,-2269909000.0,68591000.0,2023-02-28,18557694000.0,,2023-02-28,,2023-02-28
NCLH,2023-12-31,166178000.0,300807000.0,2024-02-28,19492990000.0,,2024-02-28,,2024-02-28
NCLH,2024-12-31,910257000.0,1425439000.0,2025-02-27,19969811000.0,,2025-02-27,,2025-02-27
NCLH,2025-12-31,423246000.0,2209888000.0,2026-03-02,22541401000.0,,2026-03-02,,2026-03-02
NDAQ,2008-12-31,314000000.0,,,,3650000000.0,,2011-02-24,2011-02-24
NDAQ,2009-12-31,266000000.0,4932000000.0,2011-02-24,10722000000.0,3411000000.0,2011-02-24,2011-02-24,2011-02-24
NDAQ,2010-12-31,395000000.0,4718000000.0,2011-02-24,16207000000.0,3197000000.0,2011-02-24,2011-02-24,2011-02-24
NDAQ,2011-12-31,387000000.0,4976000000.0,2012-02-24,14091000000.0,3438000000.0,2012-02-24,2012-02-24,2012-02-24
NDAQ,2012-12-31,352000000.0,5208000000.0,2013-02-21,9132000000.0,3119000000.0,2013-02-21,2013-02-21,2013-02-21
NDAQ,2013-12-31,385000000.0,6184000000.0,2014-02-24,12577000000.0,3211000000.0,2014-02-24,2014-02-24,2014-02-24
NDAQ,2014-12-31,414000000.0,5793000000.0,2015-02-17,12087000000.0,3500000000.0,2015-02-17,2015-02-17,2015-02-17
NDAQ,2015-12-31,428000000.0,5609000000.0,2016-02-26,11861000000.0,3403000000.0,2016-02-26,2016-02-26,2016-02-26
NDAQ,2016-12-31,108000000.0,5430000000.0,2017-03-01,14150000000.0,3705000000.0,2017-03-01,2017-03-01,2017-03-01
NDAQ,2017-12-31,734000000.0,5887000000.0,2018-02-28,15786000000.0,3965000000.0,2018-02-28,2018-02-28,2018-02-28
NDAQ,2018-12-31,458000000.0,5449000000.0,2019-02-22,15700000000.0,4277000000.0,2019-02-22,2019-02-22,2019-02-22
NDAQ,2019-12-31,774000000.0,5639000000.0,2020-02-25,13924000000.0,,2020-02-25,,2020-02-25
NDAQ,2020-12-31,933000000.0,6433000000.0,2021-02-23,17979000000.0,,2021-02-23,,2021-02-23
NDAQ,2021-12-31,1187000000.0,6395000000.0,2022-02-23,20115000000.0,,2022-02-23,,2022-02-23
NDAQ,2022-12-31,1125000000.0,6151000000.0,2023-02-23,20868000000.0,,2023-02-23,,2023-02-23
NDAQ,2023-12-31,1059000000.0,10816000000.0,2024-02-21,32294000000.0,,2024-02-21,,2024-02-21
NDAQ,2024-12-31,1117000000.0,11191000000.0,2025-02-21,30395000000.0,,2025-02-21,,2025-02-21
NDAQ,2025-12-31,1788000000.0,12227000000.0,2026-02-12,31053000000.0,,2026-02-12,,2026-02-12
NDSN,2008-10-31,117504000.0,574112000.0,2010-12-17,,,,,2010-12-17
NDSN,2009-10-31,-160055000.0,369976000.0,2010-12-17,890674000.0,,2010-12-17,,2010-12-17
NDSN,2010-10-31,168048000.0,505072000.0,2010-12-17,986354000.0,,2010-12-17,,2010-12-17
NDSN,2011-10-31,222364000.0,571323000.0,2011-12-16,1304450000.0,,2011-12-16,,2011-12-16
NDSN,2012-10-31,224829000.0,669770000.0,2012-12-17,1829515000.0,,2012-12-17,,2012-12-17
NDSN,2013-10-31,221817000.0,887863000.0,2013-12-16,2042289000.0,,2013-12-16,,2013-12-16
NDSN,2014-10-31,246773000.0,904797000.0,2014-12-15,2280130000.0,,2014-12-15,,2014-12-15
NDSN,2015-10-31,211111000.0,660016000.0,2015-12-15,2360444000.0,,2015-12-15,,2015-12-15
NDSN,2016-10-31,271843000.0,851603000.0,2016-12-15,2422365000.0,1808994000.0,2016-12-15,2018-12-14,2016-12-15
NDSN,2017-10-31,295802000.0,1155493000.0,2017-12-15,3414539000.0,2066982000.0,2017-12-15,2018-12-14,2017-12-15
NDSN,2018-10-31,377375000.0,1450741000.0,2018-12-14,3421012000.0,2254668000.0,2018-12-14,2018-12-14,2018-12-14
NDSN,2019-10-31,337091000.0,1581045000.0,2019-12-13,3516447000.0,,2019-12-13,,2019-12-13
NDSN,2020-10-31,249539000.0,1758991000.0,2020-12-18,3674656000.0,,2020-12-18,,2020-12-18
NDSN,2021-10-31,454368000.0,2159130000.0,2021-12-17,3790961000.0,,2021-12-17,,2021-12-17
NDSN,2022-10-31,513103000.0,2294375000.0,2022-12-19,3820375000.0,,2022-12-19,,2022-12-19
NDSN,2023-10-31,487493000.0,2598060000.0,2023-12-20,5251770000.0,,2023-12-20,,2023-12-20
NDSN,2024-10-31,467284000.0,2932192000.0,2024-12-18,6000966000.0,,2024-12-18,,2024-12-18
NDSN,2025-10-31,484474000.0,3043571000.0,2025-12-17,5917681000.0,,2025-12-17,,2025-12-17
NE,2019-12-31,,3658972000.0,2023-03-09,,,,,
NE,2020-12-31,-3978459000.0,-311388000.0,2023-03-09,,964272000.0,,2023-03-09,2023-03-09
NE,2021-02-05,,1018768000.0,2023-03-09,1705946000.0,,2023-03-09,,
NE,2021-12-31,,1500627000.0,2023-03-09,2073442000.0,,2023-03-09,,
NE,2022-12-31,168948000.0,3607085000.0,2023-03-09,5234864000.0,1413847000.0,2023-03-09,2023-03-09,2023-03-09
NE,2023-12-31,481902000.0,3921240000.0,2024-02-23,5507437000.0,2589018000.0,2024-02-23,2024-02-23,2024-02-23
NE,2024-12-31,448353000.0,4651386000.0,2025-02-19,7964768000.0,3057818000.0,2025-02-19,2025-02-19,2025-02-19
NE,2025-12-31,216717000.0,4548850000.0,2026-02-12,7529767000.0,3285568000.0,2026-02-12,2026-02-12,2026-02-12
NEE,2006-12-31,,9930000000.0,2010-02-26,,,,,
NEE,2007-12-31,,10735000000.0,2010-02-26,,15263000000.0,,2010-02-26,
NEE,2008-12-31,1639000000.0,11681000000.0,2010-02-26,44821000000.0,16410000000.0,2010-02-26,2010-02-26,2011-02-28
NEE,2009-12-31,1615000000.0,12967000000.0,2010-02-26,48458000000.0,15643000000.0,2010-02-26,2010-02-26,2011-02-28
NEE,2010-12-31,1957000000.0,14461000000.0,2011-02-28,52994000000.0,15317000000.0,2011-02-28,2011-02-28,2011-02-28
NEE,2011-12-31,1923000000.0,14943000000.0,2012-02-28,57188000000.0,15341000000.0,2012-02-28,2012-02-28,2012-02-28
NEE,2012-12-31,1911000000.0,16068000000.0,2013-02-28,64439000000.0,14256000000.0,2013-02-28,2013-02-28,2013-02-28
NEE,2013-12-31,1908000000.0,18040000000.0,2014-02-24,69306000000.0,,2014-02-24,,2014-02-24
NEE,2014-12-31,2465000000.0,19916000000.0,2015-02-20,74929000000.0,,2015-02-20,,2015-02-20
NEE,2015-12-31,2752000000.0,22574000000.0,2016-02-22,82479000000.0,,2016-02-22,,2016-02-22
NEE,2016-12-31,2912000000.0,24341000000.0,2017-02-23,89993000000.0,,2017-02-23,,2017-02-23
NEE,2017-12-31,5378000000.0,28208000000.0,2018-02-16,97827000000.0,,2018-02-16,,2018-02-16
NEE,2018-12-31,6638000000.0,34144000000.0,2019-02-15,103702000000.0,,2019-02-15,,2019-02-15
NEE,2019-12-31,3769000000.0,37005000000.0,2020-02-14,117691000000.0,,2020-02-14,,2020-02-14
NEE,2020-12-31,2919000000.0,36513000000.0,2021-02-12,127684000000.0,,2021-02-12,,2021-02-12
NEE,2021-12-31,3573000000.0,37202000000.0,2022-02-18,140912000000.0,,2022-02-18,,2022-02-18
NEE,2022-12-31,4147000000.0,39229000000.0,2023-02-17,158935000000.0,,2023-02-17,,2023-02-17
NEE,2023-12-31,7310000000.0,47468000000.0,2024-02-16,177489000000.0,,2024-02-16,,2024-02-16
NEE,2024-12-31,6946000000.0,50101000000.0,2025-02-14,190144000000.0,,2025-02-14,,2025-02-14
NEE,2025-12-31,6835000000.0,54608000000.0,2026-02-13,212721000000.0,,2026-02-13,,2026-02-13
NEM,2007-12-31,-1895000000.0,,,,,,,2010-02-25
NEM,2008-12-31,831000000.0,7291000000.0,2010-02-25,15727000000.0,,2010-02-25,,2010-02-25
NEM,2009-12-31,1297000000.0,10703000000.0,2010-02-25,22299000000.0,,2010-02-25,,2010-02-25
NEM,2010-12-31,2277000000.0,13345000000.0,2011-02-24,25663000000.0,,2011-02-24,,2011-02-24
NEM,2011-12-31,366000000.0,12896000000.0,2012-02-24,27474000000.0,,2012-02-24,,2012-02-24
NEM,2012-12-31,1809000000.0,13773000000.0,2013-02-22,29650000000.0,9964000000.0,2013-02-22,2015-02-20,2013-02-22
NEM,2013-12-31,-2462000000.0,10141000000.0,2014-02-21,24764000000.0,8414000000.0,2014-02-21,2015-02-20,2014-02-21
NEM,2014-12-31,508000000.0,10274000000.0,2015-02-20,24916000000.0,7292000000.0,2015-02-20,2015-02-20,2015-02-20
NEM,2015-12-31,220000000.0,11350000000.0,2016-02-17,25182000000.0,7729000000.0,2016-02-17,2016-02-17,2016-02-17
NEM,2016-12-31,-627000000.0,10721000000.0,2017-02-21,21031000000.0,6711000000.0,2017-02-21,2017-02-21,2017-02-21
NEM,2017-12-31,-98000000.0,10609000000.0,2018-02-22,20563000000.0,,2018-02-22,,2018-02-22
NEM,2018-12-31,341000000.0,10502000000.0,2019-02-21,20715000000.0,,2019-02-21,,2019-02-21
NEM,2019-12-31,2805000000.0,21420000000.0,2020-02-20,39974000000.0,,2020-02-20,,2020-02-20
NEM,2020-12-31,2829000000.0,23008000000.0,2021-02-18,41369000000.0,,2021-02-18,,2021-02-18
NEM,2021-12-31,1166000000.0,22022000000.0,2022-02-24,40564000000.0,,2022-02-24,,2022-02-24
NEM,2022-12-31,-429000000.0,19354000000.0,2023-02-23,38482000000.0,,2023-02-23,,2023-02-23
NEM,2023-12-31,-2494000000.0,29027000000.0,2024-02-29,55506000000.0,,2024-02-29,,2024-02-29
NEM,2024-12-31,3348000000.0,29928000000.0,2025-02-21,56349000000.0,,2025-02-21,,2025-02-21
NEM,2025-12-31,7085000000.0,33867000000.0,2026-02-19,57121000000.0,,2026-02-19,,2026-02-19
NFLX,2006-12-31,,413618000.0,2010-02-22,,,,,
NFLX,2007-12-31,66608000.0,429812000.0,2010-02-22,,1205340000.0,,2010-02-22,2010-02-22
NFLX,2008-12-31,83026000.0,347155000.0,2010-02-22,615424000.0,1364661000.0,2010-02-22,2010-02-22,2010-02-22
NFLX,2009-12-31,115860000.0,199143000.0,2010-02-22,679734000.0,1670269000.0,2010-02-22,2010-02-22,2010-02-22
NFLX,2010-12-31,160853000.0,290164000.0,2011-02-18,982067000.0,2162625000.0,2011-02-18,2011-02-18,2011-02-18
NFLX,2011-12-31,226126000.0,642810000.0,2012-02-10,3069196000.0,3204577000.0,2012-02-10,2012-02-10,2012-02-10
NFLX,2012-12-31,17152000.0,744673000.0,2013-02-01,3967890000.0,3609282000.0,2013-02-01,2013-02-01,2013-02-01
NFLX,2013-12-31,112403000.0,1333561000.0,2014-02-03,5412563000.0,4374562000.0,2014-02-03,2014-02-03,2014-02-03
NFLX,2014-12-31,266799000.0,1857708000.0,2015-01-29,7056651000.0,5504656000.0,2015-01-29,2015-01-29,2015-01-29
NFLX,2015-12-31,122641000.0,2223426000.0,2016-01-28,10202871000.0,6779511000.0,2016-01-28,2016-01-28,2016-01-28
NFLX,2016-12-31,186678000.0,2679800000.0,2017-01-27,13586610000.0,8830669000.0,2017-01-27,2017-01-27,2017-01-27
NFLX,2017-12-31,558929000.0,3581956000.0,2018-01-29,19012742000.0,11692713000.0,2018-01-29,2018-01-29,2018-01-29
NFLX,2018-12-31,1211242000.0,5238765000.0,2019-01-29,25974400000.0,15794341000.0,2019-01-29,2019-01-29,2019-01-29
NFLX,2019-12-31,1866916000.0,7582157000.0,2020-01-29,33975712000.0,20156447000.0,2020-01-29,2020-01-29,2020-01-29
NFLX,2020-12-31,2761395000.0,11065240000.0,2021-01-28,39280359000.0,24996056000.0,2021-01-28,2021-01-28,2021-01-28
NFLX,2021-12-31,5116228000.0,15849248000.0,2022-01-27,44584663000.0,29697844000.0,2022-01-27,2022-01-27,2022-01-27
NFLX,2022-12-31,4491924000.0,20777401000.0,2023-01-26,48594768000.0,31615550000.0,2023-01-26,2023-01-26,2023-01-26
NFLX,2023-12-31,5407990000.0,20588313000.0,2024-01-26,48731992000.0,33723297000.0,2024-01-26,2024-01-26,2024-01-26
NFLX,2024-12-31,8711631000.0,24743567000.0,2025-01-27,53630374000.0,39000966000.0,2025-01-27,2025-01-27,2025-01-27
NFLX,2025-12-31,10981201000.0,26615488000.0,2026-01-23,55596993000.0,45183036000.0,2026-01-23,2026-01-23,2026-01-23
NI,2007-12-31,,5076600000.0,2011-02-28,,,,,
NI,2008-12-31,79000000.0,4728800000.0,2011-02-28,,,,,2011-02-28
NI,2009-12-31,217700000.0,4854100000.0,2011-02-28,19271700000.0,,2011-02-28,,2011-02-28
NI,2010-12-31,292000000.0,4923200000.0,2011-02-28,19938800000.0,,2011-02-28,,2011-02-28
NI,2011-12-31,299100000.0,4997300000.0,2012-02-24,20708300000.0,5751000000.0,2012-02-24,2014-02-18,2012-02-24
NI,2012-12-31,416100000.0,5554300000.0,2013-02-19,21844700000.0,5030900000.0,2013-02-19,2014-02-18,2013-02-19
NI,2013-12-31,532100000.0,5886600000.0,2014-02-18,22653900000.0,5657300000.0,2014-02-18,2014-02-18,2014-02-18
NI,2014-12-31,530000000.0,6175300000.0,2015-02-18,24866300000.0,6470600000.0,2015-02-18,2015-02-18,2015-02-18
NI,2015-12-31,286500000.0,3843500000.0,2016-02-18,17492500000.0,4651800000.0,2016-02-18,2016-02-18,2016-02-18
NI,2016-12-31,331500000.0,4071200000.0,2017-02-22,18691900000.0,4492500000.0,2017-02-22,2017-02-22,2017-02-22
NI,2017-12-31,128500000.0,4320100000.0,2018-02-20,19961700000.0,4874600000.0,2018-02-20,2018-02-20,2018-02-20
NI,2018-12-31,-50600000.0,5750900000.0,2019-02-20,21804000000.0,,2019-02-20,,2019-02-20
NI,2019-12-31,383100000.0,5986700000.0,2020-02-28,22659800000.0,,2020-02-28,,2021-02-17
NI,2020-12-31,-17600000.0,5752200000.0,2021-02-17,22040500000.0,,2021-02-17,,2021-02-17
NI,2021-12-31,584900000.0,6947300000.0,2022-02-23,24156900000.0,,2022-02-23,,2022-02-23
NI,2022-12-31,804100000.0,7575400000.0,2023-02-22,26736600000.0,,2023-02-22,,2023-02-22
NI,2023-12-31,714300000.0,8269600000.0,2024-02-21,31077200000.0,,2024-02-21,,2024-02-21
NI,2024-12-31,760400000.0,8684200000.0,2025-02-12,31788100000.0,,2025-02-12,,2025-02-12
NI,2025-12-31,929500000.0,9450100000.0,2026-02-11,35858700000.0,,2026-02-11,,2026-02-11
NKE,2007-05-31,,7025400000.0,2010-07-20,,,,,
NKE,2008-05-31,1883400000.0,7825300000.0,2010-07-20,,18627000000.0,,2010-07-20,2010-07-20
NKE,2009-05-31,1486700000.0,8693100000.0,2010-07-20,13249600000.0,19176100000.0,2010-07-20,2010-07-20,2010-07-20
NKE,2010-05-31,1906700000.0,9753700000.0,2010-07-20,14419300000.0,19014000000.0,2010-07-20,2010-07-20,2010-07-20
NKE,2011-05-31,2133000000.0,9843000000.0,2011-07-22,14998000000.0,20862000000.0,2011-07-22,2011-07-22,2011-07-22
NKE,2012-05-31,2223000000.0,10381000000.0,2012-07-24,15465000000.0,24128000000.0,2012-07-24,2012-07-24,2012-07-24
NKE,2013-05-31,2485000000.0,11156000000.0,2013-07-23,17584000000.0,25313000000.0,2013-07-23,2013-07-23,2013-07-23
NKE,2014-05-31,2693000000.0,10824000000.0,2014-07-25,18594000000.0,27799000000.0,2014-07-25,2014-07-25,2014-07-25
NKE,2015-05-31,3273000000.0,12707000000.0,2015-07-23,21600000000.0,30601000000.0,2015-07-23,2015-07-23,2015-07-23
NKE,2016-05-31,3760000000.0,12258000000.0,2016-07-21,21396000000.0,32376000000.0,2016-07-21,2016-07-21,2016-07-21
NKE,2017-05-31,4240000000.0,12407000000.0,2017-07-20,23259000000.0,34350000000.0,2017-07-20,2017-07-20,2017-07-20
NKE,2018-05-31,1933000000.0,9812000000.0,2018-07-25,22536000000.0,36397000000.0,2018-07-25,2018-07-25,2018-07-25
NKE,2019-05-31,4029000000.0,9040000000.0,2019-07-23,23717000000.0,,2019-07-23,,2019-07-23
NKE,2020-05-31,2539000000.0,8055000000.0,2020-07-24,31342000000.0,,2020-07-24,,2020-07-24
NKE,2021-05-31,5727000000.0,12767000000.0,2021-07-20,37740000000.0,,2021-07-20,,2021-07-20
NKE,2022-05-31,6046000000.0,15281000000.0,2022-07-21,40321000000.0,,2022-07-21,,2022-07-21
NKE,2023-05-31,5070000000.0,14004000000.0,2023-07-20,37531000000.0,,2023-07-20,,2023-07-20
NKE,2024-05-31,5700000000.0,14430000000.0,2024-07-25,38110000000.0,,2024-07-25,,2024-07-25
NKE,2025-05-31,3219000000.0,13213000000.0,2025-07-17,36579000000.0,,2025-07-17,,2025-07-17
NKE,2026-05-31,3108000000.0,14865000000.0,2026-07-15,38410000000.0,,2026-07-15,,2026-07-15
NKTR,2008-12-31,,190154000.0,2012-02-29,,,,,
NKTR,2009-12-31,-102519000.0,102367000.0,2012-02-29,,71931000.0,,2012-02-29,2012-02-29
NKTR,2010-12-31,-37938000.0,90662000.0,2012-02-29,521225000.0,159039000.0,2012-02-29,2012-02-29,2012-02-29
NKTR,2011-12-31,-133978000.0,197811000.0,2012-02-29,606550000.0,71480000.0,2012-02-29,2012-02-29,2012-02-29
NKTR,2012-12-31,-171855000.0,47018000.0,2013-03-01,497790000.0,81191000.0,2013-03-01,2013-03-01,2013-03-01
NKTR,2013-12-31,-162013000.0,-89903000.0,2014-02-27,434527000.0,148921000.0,2014-02-27,2014-02-27,2014-02-27
NKTR,2014-12-31,-53916000.0,36332000.0,2015-02-26,441621000.0,200707000.0,2015-02-26,2015-02-26,2015-02-26
NKTR,2015-12-31,-81177000.0,6429000.0,2016-02-29,502061000.0,230784000.0,2016-02-29,2016-02-29,2016-02-29
NKTR,2016-12-31,-153524000.0,88125000.0,2017-03-01,568871000.0,165436000.0,2017-03-01,2017-03-01,2017-03-01
NKTR,2017-12-31,-96692000.0,87828000.0,2018-03-01,508866000.0,307711000.0,2018-03-01,2018-03-01,2018-03-01
NKTR,2018-12-31,681313000.0,1717575000.0,2019-03-01,2150172000.0,,2019-03-01,,2019-03-01
NKTR,2019-12-31,-440667000.0,1405391000.0,2020-02-28,1977356000.0,,2020-02-28,,2020-02-28
NKTR,2020-12-31,-444440000.0,1077295000.0,2021-02-26,1538767000.0,,2021-02-26,,2021-02-26
NKTR,2021-12-31,-523837000.0,679508000.0,2022-03-01,1117189000.0,,2022-03-01,,2022-03-01
NKTR,2022-12-31,-368198000.0,366638000.0,2023-02-28,710600000.0,,2023-02-28,,2023-02-28
NKTR,2023-12-31,-276056000.0,130987000.0,2024-03-05,398033000.0,,2024-03-05,,2024-03-05
NKTR,2024-12-31,-118961000.0,60737000.0,2025-03-14,303850000.0,,2025-03-14,,2025-03-14
NKTR,2025-12-31,-164076000.0,89832000.0,2026-03-13,280406000.0,,2026-03-13,,2026-03-13
NOC,2007-12-31,1790000000.0,17687000000.0,2010-02-09,,,,,2010-02-09
NOC,2008-12-31,-1262000000.0,11920000000.0,2010-02-09,30197000000.0,,2010-02-09,,2010-02-09
NOC,2009-12-31,1686000000.0,12687000000.0,2010-02-09,30252000000.0,,2010-02-09,,2010-02-09
NOC,2010-12-31,2053000000.0,13557000000.0,2011-02-09,31421000000.0,,2011-02-09,,2011-02-09
NOC,2011-12-31,2118000000.0,10336000000.0,2012-02-08,25411000000.0,,2012-02-08,,2012-02-08
NOC,2012-12-31,1978000000.0,9514000000.0,2013-02-05,26543000000.0,,2013-02-05,,2013-02-05
NOC,2013-12-31,1952000000.0,10620000000.0,2014-02-03,26381000000.0,,2014-02-03,,2014-02-03
NOC,2014-12-31,2069000000.0,7235000000.0,2015-02-02,26572000000.0,,2015-02-02,,2015-02-02
NOC,2015-12-31,1990000000.0,5522000000.0,2016-02-01,24454000000.0,,2016-02-01,,2016-02-01
NOC,2016-12-31,2200000000.0,5259000000.0,2017-01-30,25614000000.0,24706000000.0,2017-01-30,2019-01-31,2017-01-30
NOC,2017-12-31,2015000000.0,7048000000.0,2018-01-29,34917000000.0,26004000000.0,2018-01-29,2019-01-31,2018-01-29
NOC,2018-12-31,3229000000.0,8187000000.0,2019-01-31,37653000000.0,30095000000.0,2019-01-31,2019-01-31,2019-01-31
NOC,2019-12-31,2248000000.0,8819000000.0,2020-01-30,41089000000.0,33841000000.0,2020-01-30,2020-01-30,2020-01-30
NOC,2020-12-31,3189000000.0,10579000000.0,2021-01-28,44469000000.0,36799000000.0,2021-01-28,2021-01-28,2021-01-28
NOC,2021-12-31,7005000000.0,12926000000.0,2022-01-27,42579000000.0,35667000000.0,2022-01-27,2022-01-27,2022-01-27
NOC,2022-12-31,4896000000.0,15312000000.0,2023-01-26,43755000000.0,36602000000.0,2023-01-26,2023-01-26,2023-01-26
NOC,2023-12-31,2056000000.0,14795000000.0,2024-01-25,46544000000.0,39290000000.0,2024-01-25,2024-01-25,2024-01-25
NOC,2024-12-31,4174000000.0,15290000000.0,2025-01-30,49359000000.0,41033000000.0,2025-01-30,2025-01-30,2025-01-30
NOC,2025-12-31,4182000000.0,16674000000.0,2026-01-27,51377000000.0,41954000000.0,2026-01-27,2026-01-27,2026-01-27
NOV,2007-12-31,1337000000.0,,,,9789000000.0,,2010-02-26,2010-02-26
NOV,2008-12-31,1952000000.0,12628000000.0,2010-02-26,21479000000.0,13431000000.0,2010-02-26,2010-02-26,2010-02-26
NOV,2009-12-31,1469000000.0,14113000000.0,2010-02-26,21532000000.0,12712000000.0,2010-02-26,2010-02-26,2010-02-26
NOV,2010-12-31,1667000000.0,15748000000.0,2011-02-23,23050000000.0,12156000000.0,2011-02-23,2011-02-23,2011-02-23
NOV,2011-12-31,1994000000.0,17619000000.0,2012-02-23,25515000000.0,14658000000.0,2012-02-23,2012-02-23,2012-02-23
NOV,2012-12-31,2491000000.0,20239000000.0,2013-02-22,31484000000.0,20041000000.0,2013-02-22,2013-02-22,2013-02-22
NOV,2013-12-31,2327000000.0,22230000000.0,2014-02-14,34812000000.0,22869000000.0,2014-02-14,2014-02-14,2014-02-14
NOV,2014-12-31,2502000000.0,20692000000.0,2015-02-17,33562000000.0,21440000000.0,2015-02-17,2015-02-17,2015-02-17
NOV,2015-12-31,-769000000.0,16383000000.0,2016-02-19,26725000000.0,14757000000.0,2016-02-19,2016-02-19,2016-02-19
NOV,2016-12-31,-2412000000.0,13940000000.0,2017-02-17,21140000000.0,7251000000.0,2017-02-17,2017-02-17,2017-02-17
NOV,2017-12-31,-237000000.0,14094000000.0,2018-02-16,20206000000.0,7304000000.0,2018-02-16,2018-02-16,2018-02-16
NOV,2018-12-31,-31000000.0,13819000000.0,2019-02-14,19796000000.0,,2019-02-14,,2019-02-14
NOV,2019-12-31,-6095000000.0,7778000000.0,2020-02-13,13149000000.0,,2020-02-13,,2020-02-13
NOV,2020-12-31,-2542000000.0,5210000000.0,2021-02-12,9929000000.0,,2021-02-12,,2021-02-12
NOV,2021-12-31,-250000000.0,4997000000.0,2022-02-11,9550000000.0,,2022-02-11,,2022-02-11
NOV,2022-12-31,155000000.0,5096000000.0,2023-02-14,10135000000.0,,2023-02-14,,2023-02-14
NOV,2023-12-31,993000000.0,6168000000.0,2024-02-14,11294000000.0,,2024-02-14,,2024-02-14
NOV,2024-12-31,635000000.0,6376000000.0,2025-02-14,11361000000.0,,2025-02-14,,2025-02-14
NOV,2025-12-31,145000000.0,6268000000.0,2026-02-12,11291000000.0,,2026-02-12,,2026-02-12
NOW,2009-06-30,,-21690000.0,2013-03-08,,,,,
NOW,2010-06-30,-29705000.0,-71262000.0,2013-03-08,,,,,2013-03-08
NOW,2011-06-30,9830000.0,-58381000.0,2013-03-08,,92641000.0,,2014-02-28,2013-03-08
NOW,2011-12-31,,-57426000.0,2013-03-08,156323000.0,,2013-03-08,,
NOW,2012-12-31,-37348000.0,243405000.0,2013-03-08,478114000.0,243712000.0,2013-03-08,2014-02-28,2013-03-08
NOW,2013-12-31,-73708000.0,394259000.0,2014-02-28,1168476000.0,424650000.0,2014-02-28,2014-02-28,2014-02-28
NOW,2014-12-31,-179387000.0,428675000.0,2015-02-27,1425079000.0,682563000.0,2015-02-27,2015-02-27,2015-02-27
NOW,2015-12-31,-198426000.0,566814000.0,2016-02-25,1807052000.0,1005480000.0,2016-02-25,2016-02-25,2016-02-25
NOW,2016-12-31,-451804000.0,386961000.0,2017-02-28,2033767000.0,1390513000.0,2017-02-28,2017-02-28,2017-02-28
NOW,2017-12-31,-149130000.0,584132000.0,2018-02-28,3397904000.0,1933026000.0,2018-02-28,2018-02-28,2018-02-28
NOW,2018-12-31,-26704000.0,1111199000.0,2019-02-27,3879140000.0,,2019-02-27,,2019-02-27
NOW,2019-12-31,626698000.0,2127941000.0,2020-02-20,6022430000.0,,2020-02-20,,2020-02-20
NOW,2020-12-31,118503000.0,2834481000.0,2021-02-12,8715057000.0,,2021-02-12,,2021-02-12
NOW,2021-12-31,230141000.0,3695000000.0,2022-02-03,10798000000.0,,2022-02-03,,2022-02-03
NOW,2022-12-31,325000000.0,5032000000.0,2023-01-31,13299000000.0,,2023-01-31,,2023-01-31
NOW,2023-12-31,1731000000.0,7628000000.0,2024-01-25,17387000000.0,,2024-01-25,,2024-01-25
NOW,2024-12-31,1425000000.0,9609000000.0,2025-01-30,20383000000.0,,2025-01-30,,2025-01-30
NOW,2025-12-31,1748000000.0,12964000000.0,2026-01-29,26038000000.0,,2026-01-29,,2026-01-29
NRG,2006-12-31,,5686000000.0,2010-02-23,,,,,
NRG,2007-12-31,573000000.0,5519000000.0,2010-02-23,,5989000000.0,,2010-02-23,2010-02-23
NRG,2008-12-31,1225000000.0,7123000000.0,2010-02-23,24808000000.0,6885000000.0,2010-02-23,2010-02-23,2010-02-23
NRG,2009-12-31,942000000.0,7697000000.0,2010-02-23,23378000000.0,8952000000.0,2010-02-23,2010-02-23,2010-02-23
NRG,2010-12-31,477000000.0,8072000000.0,2011-02-22,26896000000.0,8849000000.0,2011-02-22,2011-02-22,2011-02-22
NRG,2011-12-31,197000000.0,7669000000.0,2012-02-28,26715000000.0,9079000000.0,2012-02-28,2012-02-28,2012-02-28
NRG,2012-12-31,559000000.0,10533000000.0,2013-02-27,35128000000.0,8422000000.0,2013-02-27,2013-02-27,2013-02-27
NRG,2013-12-31,-386000000.0,10469000000.0,2014-02-28,33902000000.0,11295000000.0,2014-02-28,2014-02-28,2014-02-28
NRG,2014-12-31,134000000.0,11676000000.0,2015-02-27,40665000000.0,15868000000.0,2015-02-27,2015-02-27,2015-02-27
NRG,2015-12-31,-6382000000.0,5434000000.0,2016-02-29,32882000000.0,14674000000.0,2016-02-29,2016-02-29,2016-02-29
NRG,2016-12-31,-774000000.0,4446000000.0,2017-02-28,30355000000.0,12351000000.0,2017-02-28,2017-02-28,2017-02-28
NRG,2017-12-31,-2153000000.0,1968000000.0,2018-03-01,23318000000.0,10629000000.0,2018-03-01,2018-03-01,2018-03-01
NRG,2018-12-31,268000000.0,-1234000000.0,2019-02-28,10628000000.0,9478000000.0,2019-02-28,2019-02-28,2019-02-28
NRG,2019-12-31,4438000000.0,1658000000.0,2020-02-27,12531000000.0,9821000000.0,2020-02-27,2020-02-27,2020-02-27
NRG,2020-12-31,510000000.0,1680000000.0,2021-03-01,14902000000.0,9093000000.0,2021-03-01,2021-03-01,2021-03-01
NRG,2021-12-31,2187000000.0,3600000000.0,2022-02-24,23182000000.0,26989000000.0,2022-02-24,2022-02-24,2022-02-24
NRG,2022-12-31,1221000000.0,3828000000.0,2023-02-23,29146000000.0,31543000000.0,2023-02-23,2023-02-23,2023-02-23
NRG,2023-12-31,-202000000.0,2906000000.0,2024-02-28,26038000000.0,28823000000.0,2024-02-28,2024-02-28,2024-02-28
NRG,2024-12-31,1125000000.0,2478000000.0,2025-02-26,24022000000.0,28130000000.0,2025-02-26,2025-02-26,2025-02-26
NRG,2025-12-31,864000000.0,1681000000.0,2026-02-24,29140000000.0,30713000000.0,2026-02-24,2026-02-24,2026-02-24
NSC,2007-12-31,,,,,9432000000.0,,2010-02-17,
NSC,2008-12-31,,,,26297000000.0,10661000000.0,2010-02-17,2010-02-17,
NSC,2009-12-31,,,,27369000000.0,7969000000.0,2010-02-17,2010-02-17,
NSC,2010-12-31,,,,28199000000.0,9516000000.0,2011-02-17,2011-02-17,
NSC,2011-12-31,,,,28538000000.0,11172000000.0,2012-02-15,2012-02-15,
NSC,2012-12-31,,,,30342000000.0,11040000000.0,2013-02-15,2013-02-15,
NSC,2013-12-31,,,,32483000000.0,11245000000.0,2014-02-14,2014-02-14,
NSC,2014-12-31,,,,33241000000.0,11624000000.0,2015-02-11,2015-02-11,
NSC,2015-12-31,,,,34260000000.0,10511000000.0,2016-02-08,2016-02-08,
NSC,2016-12-31,,12409000000.0,2020-02-06,34892000000.0,9888000000.0,2017-02-06,2017-02-06,
NSC,2017-12-31,5404000000.0,16359000000.0,2020-02-06,35711000000.0,10551000000.0,2018-02-05,2018-02-05,2020-02-06
NSC,2018-12-31,2666000000.0,15362000000.0,2020-02-06,36239000000.0,,2019-02-08,,2020-02-06
NSC,2019-12-31,2722000000.0,15184000000.0,2020-02-06,37923000000.0,,2020-02-06,,2020-02-06
NSC,2020-12-31,2013000000.0,14791000000.0,2021-02-04,37962000000.0,,2021-02-04,,2021-02-04
NSC,2021-12-31,3005000000.0,13641000000.0,2022-02-04,38493000000.0,,2022-02-04,,2022-02-04
NSC,2022-12-31,3270000000.0,12733000000.0,2023-02-03,38885000000.0,,2023-02-03,,2023-02-03
NSC,2023-12-31,1827000000.0,12781000000.0,2024-02-05,41652000000.0,,2024-02-05,,2024-02-05
NSC,2024-12-31,2622000000.0,14306000000.0,2025-02-10,43682000000.0,,2025-02-10,,2025-02-10
NSC,2025-12-31,2873000000.0,15547000000.0,2026-02-09,45236000000.0,,2026-02-09,,2026-02-09
NTAP,2008-04-25,,1700300000.0,2011-06-23,,,,,
NTAP,2009-04-24,64600000.0,1784200000.0,2011-06-23,,3406400000.0,,2011-06-23,2011-06-23
NTAP,2010-04-30,400400000.0,2530500000.0,2011-06-23,6494400000.0,3931400000.0,2011-06-23,2011-06-23,2011-06-23
NTAP,2011-04-29,673100000.0,3730200000.0,2011-06-23,8498800000.0,5122600000.0,2011-06-23,2011-06-23,2011-06-23
NTAP,2012-04-27,605400000.0,4293600000.0,2012-06-19,9532300000.0,6233200000.0,2012-06-19,2012-06-19,2012-06-19
NTAP,2013-04-26,505300000.0,4717500000.0,2013-06-17,11242400000.0,,2013-06-17,,2013-06-17
NTAP,2014-04-25,637500000.0,3786500000.0,2014-06-17,9219200000.0,,2014-06-17,,2014-06-17
NTAP,2015-04-24,559900000.0,3414100000.0,2015-06-12,9401200000.0,,2015-06-12,,2015-06-12
NTAP,2016-04-29,229000000.0,2881000000.0,2016-06-22,10037000000.0,,2016-06-22,,2016-06-22
NTAP,2017-04-28,509000000.0,2780000000.0,2017-06-20,9493000000.0,,2017-06-20,,2017-06-20
NTAP,2018-04-27,76000000.0,2067000000.0,2018-06-19,9865000000.0,,2018-06-19,,2018-06-19
NTAP,2019-04-26,1169000000.0,1090000000.0,2019-06-18,8741000000.0,,2019-06-18,,2019-06-18
NTAP,2020-04-24,819000000.0,242000000.0,2020-06-15,7522000000.0,,2020-06-15,,2020-06-15
NTAP,2021-04-30,730000000.0,685000000.0,2021-06-21,9360000000.0,,2021-06-21,,2021-06-21
NTAP,2022-04-29,937000000.0,838000000.0,2022-06-16,10026000000.0,,2022-06-16,,2022-06-16
NTAP,2023-04-28,1274000000.0,1159000000.0,2023-06-14,9818000000.0,,2023-06-14,,2023-06-14
NTAP,2024-04-26,986000000.0,1146000000.0,2024-06-10,9887000000.0,5657000000.0,2024-06-10,2026-06-05,2024-06-10
NTAP,2025-04-25,1186000000.0,1040000000.0,2025-06-09,10823000000.0,5907000000.0,2025-06-09,2026-06-05,2025-06-09
NTAP,2026-04-24,1276000000.0,1351000000.0,2026-06-05,10744000000.0,6237000000.0,2026-06-05,2026-06-05,2026-06-05
NTRS,2007-12-31,726900000.0,4509100000.0,2010-02-26,,,,,2010-02-26
NTRS,2008-12-31,794800000.0,6389400000.0,2010-02-26,82053600000.0,4278500000.0,2010-02-26,2011-02-25,2010-02-26
NTRS,2009-12-31,864200000.0,6312100000.0,2010-02-26,82141500000.0,3786900000.0,2010-02-26,2011-02-25,2010-02-26
NTRS,2010-12-31,669500000.0,6830300000.0,2011-02-25,83843900000.0,3647700000.0,2011-02-25,2011-02-25,2011-02-25
NTRS,2011-12-31,603600000.0,7117300000.0,2012-02-24,100223700000.0,3769900000.0,2012-02-24,2012-02-24,2012-02-24
NTRS,2012-12-31,687300000.0,7527000000.0,2013-02-26,97463800000.0,3896100000.0,2013-02-26,2013-02-26,2013-02-26
NTRS,2013-12-31,731300000.0,7912000000.0,2014-02-26,102947300000.0,4089300000.0,2014-02-26,2014-02-26,2014-02-26
NTRS,2014-12-31,811800000.0,8448900000.0,2015-02-26,109946500000.0,4331200000.0,2015-02-26,2015-02-26,2015-02-26
NTRS,2015-12-31,973800000.0,8705900000.0,2016-02-29,116749600000.0,4702600000.0,2016-02-29,2016-02-29,2016-02-29
NTRS,2016-12-31,1032500000.0,9770400000.0,2017-02-28,123926900000.0,4961800000.0,2017-02-28,2017-02-28,2017-02-28
NTRS,2017-12-31,1199000000.0,10216200000.0,2018-02-27,138590500000.0,5375300000.0,2018-02-27,2018-02-27,2018-02-27
NTRS,2018-12-31,1556400000.0,10508300000.0,2019-02-26,132212500000.0,5960200000.0,2019-02-26,2019-02-26,2019-02-26
NTRS,2019-12-31,1492200000.0,11091000000.0,2020-02-25,136828400000.0,6073100000.0,2020-02-25,2020-02-25,2020-02-25
NTRS,2020-12-31,1209300000.0,11688300000.0,2021-02-23,170003900000.0,6100800000.0,2021-02-23,2021-02-23,2021-02-23
NTRS,2021-12-31,1545300000.0,12016800000.0,2022-02-28,183889800000.0,6464500000.0,2022-02-28,2022-02-28,2022-02-28
NTRS,2022-12-31,1336000000.0,11259500000.0,2023-02-28,155036700000.0,6761200000.0,2023-02-28,2023-02-28,2023-02-28
NTRS,2023-12-31,1107300000.0,11897900000.0,2024-02-27,150783100000.0,6773500000.0,2024-02-27,2024-02-27,2024-02-27
NTRS,2024-12-31,2031100000.0,12788400000.0,2025-02-24,155508400000.0,8290400000.0,2025-02-24,2025-02-24,2025-02-24
NTRS,2025-12-31,1736900000.0,12957900000.0,2026-02-24,177132700000.0,8086400000.0,2026-02-24,2026-02-24,2026-02-24
NUE,2007-12-31,1471947000.0,,,,,,,2010-02-25
NUE,2008-12-31,1830990000.0,7929204000.0,2010-02-25,13874443000.0,,2010-02-25,,2010-02-25
NUE,2009-12-31,-293613000.0,7390526000.0,2010-02-25,12571904000.0,,2010-02-25,,2010-02-25
NUE,2010-12-31,134092000.0,7120070000.0,2011-02-28,13921910000.0,,2011-02-28,,2011-02-28
NUE,2011-12-31,778188000.0,7474885000.0,2012-02-28,14570350000.0,,2012-02-28,,2012-02-28
NUE,2012-12-31,504619000.0,7641571000.0,2013-02-28,14152059000.0,,2013-02-28,,2013-02-28
NUE,2013-12-31,488025000.0,7645769000.0,2014-02-28,15203283000.0,,2014-02-28,,2014-02-28
NUE,2014-12-31,713946000.0,7772470000.0,2015-02-27,15615927000.0,,2015-02-27,,2015-02-27
NUE,2015-12-31,357659000.0,7416878000.0,2016-02-26,14250399000.0,,2016-02-26,,2016-02-26
NUE,2016-12-31,796271000.0,7879865000.0,2017-02-28,15223518000.0,,2017-02-28,,2017-02-28
NUE,2017-12-31,1318688000.0,8739036000.0,2018-02-28,15841258000.0,,2018-02-28,,2018-02-28
NUE,2018-12-31,2360767000.0,9792078000.0,2019-02-28,17920588000.0,25067279000.0,2019-02-28,2019-02-28,2019-02-28
NUE,2019-12-31,1271143000.0,10357866000.0,2020-02-28,18344666000.0,,2020-02-28,,2020-02-28
NUE,2020-12-31,721470000.0,10788665000.0,2021-02-26,20125394000.0,,2021-02-26,,2021-02-26
NUE,2021-12-31,6827461000.0,14016389000.0,2022-02-28,25823072000.0,,2022-02-28,,2022-02-28
NUE,2022-12-31,7607337000.0,18414694000.0,2023-03-01,32479210000.0,,2023-03-01,,2023-03-01
NUE,2023-12-31,4524801000.0,20940634000.0,2024-02-27,35340499000.0,,2024-02-27,,2024-02-27
NUE,2024-12-31,2027000000.0,20294000000.0,2025-02-27,33940000000.0,,2025-02-27,,2025-02-27
NUE,2025-12-31,1744000000.0,20936000000.0,2026-02-25,35104000000.0,,2026-02-25,,2026-02-25
NVDA,2007-01-28,,2006919000.0,2010-03-18,,,,,
NVDA,2008-01-27,797645000.0,2617912000.0,2010-03-18,,4097860000.0,,2010-03-18,2010-03-18
NVDA,2009-01-25,-30041000.0,2394652000.0,2010-03-18,3350727000.0,3424859000.0,2010-03-18,2010-03-18,2010-03-18
NVDA,2010-01-31,-67987000.0,2665140000.0,2010-03-18,3585918000.0,3326445000.0,2010-03-18,2010-03-18,2010-03-18
NVDA,2011-01-30,253146000.0,3181462000.0,2011-03-16,4495246000.0,3543309000.0,2011-03-16,2011-03-16,2011-03-16
NVDA,2012-01-29,581090000.0,4145724000.0,2012-03-13,5552928000.0,3997930000.0,2012-03-13,2012-03-13,2012-03-13
NVDA,2013-01-27,562536000.0,4827703000.0,2013-03-12,6412245000.0,4280159000.0,2013-03-12,2013-03-12,2013-03-12
NVDA,2014-01-26,439990000.0,4456398000.0,2014-03-13,7250894000.0,4130162000.0,2014-03-13,2014-03-13,2014-03-13
NVDA,2015-01-25,630587000.0,4417982000.0,2015-03-12,7201368000.0,4681507000.0,2015-03-12,2015-03-12,2015-03-12
NVDA,2016-01-31,614000000.0,4469000000.0,2016-03-17,7370000000.0,5010000000.0,2016-03-17,2016-03-17,2016-03-17
NVDA,2017-01-29,1666000000.0,5762000000.0,2017-03-01,9841000000.0,6910000000.0,2017-03-01,2017-03-01,2017-03-01
NVDA,2018-01-28,3047000000.0,7471000000.0,2018-02-28,11241000000.0,9714000000.0,2018-02-28,2018-02-28,2018-02-28
NVDA,2019-01-27,4141000000.0,9342000000.0,2019-02-21,13292000000.0,,2019-02-21,,2019-02-21
NVDA,2020-01-26,2796000000.0,12204000000.0,2020-02-20,17315000000.0,10918000000.0,2020-02-20,2022-03-18,2020-02-20
NVDA,2021-01-31,4332000000.0,16893000000.0,2021-02-26,28791000000.0,16675000000.0,2021-02-26,2022-03-18,2021-02-26
NVDA,2022-01-30,9752000000.0,26612000000.0,2022-03-18,44187000000.0,26914000000.0,2022-03-18,2022-03-18,2022-03-18
NVDA,2023-01-29,4368000000.0,22101000000.0,2023-02-24,41182000000.0,26974000000.0,2023-02-24,2023-02-24,2023-02-24
NVDA,2024-01-28,29760000000.0,42978000000.0,2024-02-21,65728000000.0,60922000000.0,2024-02-21,2024-02-21,2024-02-21
NVDA,2025-01-26,72880000000.0,79327000000.0,2025-02-26,111601000000.0,130497000000.0,2025-02-26,2025-02-26,2025-02-26
NVDA,2026-01-25,120067000000.0,157293000000.0,2026-02-25,206803000000.0,215938000000.0,2026-02-25,2026-02-25,2026-02-25
NVR,2007-12-31,,1129375000.0,2011-02-25,,,,,
NVR,2008-12-31,100892000.0,1373789000.0,2011-02-25,,,,,2011-02-25
NVR,2009-12-31,192180000.0,1757262000.0,2011-02-25,2395770000.0,2743848000.0,2011-02-25,2012-02-22,2011-02-25
NVR,2010-12-31,206005000.0,1740374000.0,2011-02-25,2260061000.0,3041892000.0,2011-02-25,2012-02-22,2011-02-25
NVR,2011-12-31,129420000.0,1374799000.0,2012-02-22,1779485000.0,2659149000.0,2012-02-22,2012-02-22,2012-02-22
NVR,2012-12-31,180588000.0,1480477000.0,2013-02-19,2604842000.0,3184650000.0,2013-02-19,2013-02-19,2013-02-19
NVR,2013-12-31,266477000.0,1261352000.0,2014-02-20,2486148000.0,4211267000.0,2014-02-20,2014-02-20,2014-02-20
NVR,2014-12-31,281630000.0,1124255000.0,2015-02-19,2351335000.0,4444568000.0,2015-02-19,2015-02-19,2015-02-19
NVR,2015-12-31,382927000.0,1239165000.0,2016-02-17,2515131000.0,5159008000.0,2016-02-17,2016-02-17,2016-02-17
NVR,2016-12-31,425262000.0,1304441000.0,2017-02-15,2643943000.0,5822544000.0,2017-02-15,2017-02-15,2017-02-15
NVR,2017-12-31,537521000.0,1605492000.0,2018-02-14,2989279000.0,6305840000.0,2018-02-14,2018-02-14,2018-02-14
NVR,2018-12-31,797197000.0,1808562000.0,2019-02-13,3165933000.0,7163674000.0,2019-02-13,2019-02-13,2019-02-13
NVR,2019-12-31,878539000.0,2341244000.0,2020-02-19,3809815000.0,7388664000.0,2020-02-19,2020-02-19,2020-02-19
NVR,2020-12-31,901248000.0,3103074000.0,2021-02-12,5777141000.0,7536923000.0,2021-02-12,2021-02-12,2021-02-12
NVR,2021-12-31,1236719000.0,3002378000.0,2022-02-16,5834475000.0,8951025000.0,2022-02-16,2022-02-16,2022-02-16
NVR,2022-12-31,1725575000.0,3506849000.0,2023-02-15,5660973000.0,10526434000.0,2023-02-15,2023-02-15,2023-02-15
NVR,2023-12-31,1591611000.0,4364725000.0,2024-02-14,6601757000.0,9518202000.0,2024-02-14,2024-02-14,2024-02-14
NVR,2024-12-31,1681928000.0,4210072000.0,2025-02-12,6380988000.0,10524479000.0,2025-02-12,2025-02-12,2025-02-12
NVR,2025-12-31,1339816000.0,3864869000.0,2026-02-11,5856930000.0,10323959000.0,2026-02-11,2026-02-11,2026-02-11
NWL,2008-12-31,-52300000.0,,,,6470600000.0,,2011-03-01,2011-03-01
NWL,2009-12-31,285500000.0,1778700000.0,2011-03-01,6423900000.0,5577600000.0,2011-03-01,2011-03-01,2011-03-01
NWL,2010-12-31,292800000.0,1902000000.0,2011-03-01,6405300000.0,5759200000.0,2011-03-01,2011-03-01,2011-03-01
NWL,2011-12-31,125200000.0,1849100000.0,2012-02-29,6160900000.0,5864600000.0,2012-02-29,2012-02-29,2012-02-29
NWL,2012-12-31,401300000.0,1996700000.0,2013-03-01,6222000000.0,5902700000.0,2013-03-01,2013-03-01,2013-03-01
NWL,2013-12-31,474600000.0,2071500000.0,2014-03-03,6069700000.0,5692500000.0,2014-03-03,2014-03-03,2014-03-03
NWL,2014-12-31,377800000.0,1851400000.0,2015-03-02,6681100000.0,5727000000.0,2015-03-02,2015-03-02,2015-03-02
NWL,2015-12-31,350000000.0,1822900000.0,2016-02-29,7278000000.0,5915700000.0,2016-02-29,2016-02-29,2016-02-29
NWL,2016-12-31,527800000.0,11348800000.0,2017-03-01,33837500000.0,13264000000.0,2017-03-01,2017-03-01,2017-03-01
NWL,2017-12-31,2748800000.0,14144700000.0,2018-03-01,33135500000.0,14742200000.0,2018-03-01,2018-03-01,2018-03-01
NWL,2018-12-31,-6917900000.0,5243000000.0,2019-03-04,17716400000.0,,2019-03-04,,2019-03-04
NWL,2019-12-31,106600000.0,4963300000.0,2020-03-02,15642000000.0,,2020-03-02,,2020-03-02
NWL,2020-12-31,-770000000.0,3874000000.0,2021-02-19,14700000000.0,,2021-02-19,,2021-02-19
NWL,2021-12-31,572000000.0,4091000000.0,2022-02-14,14179000000.0,,2022-02-14,,2022-02-14
NWL,2022-12-31,197000000.0,3519000000.0,2025-02-14,13262000000.0,,2023-02-15,,2023-02-15
NWL,2023-12-31,-388000000.0,3112000000.0,2025-02-14,12163000000.0,,2024-02-21,,2024-02-21
NWL,2024-12-31,-216000000.0,2751000000.0,2025-02-14,11004000000.0,,2025-02-14,,2025-02-14
NWL,2025-12-31,-285000000.0,2391000000.0,2026-02-13,10715000000.0,,2026-02-13,,2026-02-13
NWS,2012-06-30,-2075000000.0,,,,8654000000.0,,2014-08-14,2014-08-14
NWS,2013-06-30,506000000.0,12558000000.0,2014-08-14,15643000000.0,8891000000.0,2014-08-14,2014-08-14,2014-08-14
NWS,2014-06-30,239000000.0,13243000000.0,2014-08-14,16489000000.0,8574000000.0,2014-08-14,2014-08-14,2014-08-14
NWS,2015-06-30,-147000000.0,11945000000.0,2015-08-13,15093000000.0,8633000000.0,2015-08-13,2015-08-13,2015-08-13
NWS,2016-06-30,179000000.0,11564000000.0,2016-08-12,15483000000.0,8292000000.0,2016-08-12,2016-08-12,2016-08-12
NWS,2017-06-30,-738000000.0,10789000000.0,2017-08-14,14552000000.0,8139000000.0,2017-08-14,2018-08-15,2017-08-14
NWS,2018-06-30,-1514000000.0,9291000000.0,2018-08-15,16346000000.0,9024000000.0,2018-08-15,2018-08-15,2018-08-15
NWS,2019-06-30,155000000.0,9144000000.0,2019-08-13,15711000000.0,10074000000.0,2019-08-13,2019-08-13,2019-08-13
NWS,2020-06-30,-1269000000.0,7582000000.0,2020-08-11,14261000000.0,9008000000.0,2020-08-11,2020-08-11,2020-08-11
NWS,2021-06-30,330000000.0,8211000000.0,2021-08-10,16771000000.0,9358000000.0,2021-08-10,2021-08-10,2021-08-10
NWS,2022-06-30,623000000.0,8222000000.0,2022-08-12,17221000000.0,10385000000.0,2022-08-12,2022-08-12,2022-08-12
NWS,2023-06-30,149000000.0,8064000000.0,2023-08-15,16921000000.0,9879000000.0,2023-08-15,2023-08-15,2023-08-15
NWS,2024-06-30,266000000.0,8120000000.0,2024-08-13,16684000000.0,10085000000.0,2024-08-13,2024-08-13,2024-08-13
NWS,2025-06-30,1180000000.0,8774000000.0,2025-08-06,15504000000.0,8452000000.0,2025-08-06,2025-08-06,2025-08-06
NWS,2026-06-30,573000000.0,8526000000.0,2026-08-07,15544000000.0,9028000000.0,2026-08-07,2026-08-07,2026-08-07
NWSA,2012-06-30,-2075000000.0,,,,8654000000.0,,2014-08-14,2014-08-14
NWSA,2013-06-30,506000000.0,12558000000.0,2014-08-14,15643000000.0,8891000000.0,2014-08-14,2014-08-14,2014-08-14
NWSA,2014-06-30,239000000.0,13243000000.0,2014-08-14,16489000000.0,8574000000.0,2014-08-14,2014-08-14,2014-08-14
NWSA,2015-06-30,-147000000.0,11945000000.0,2015-08-13,15093000000.0,8633000000.0,2015-08-13,2015-08-13,2015-08-13
NWSA,2016-06-30,179000000.0,11564000000.0,2016-08-12,15483000000.0,8292000000.0,2016-08-12,2016-08-12,2016-08-12
NWSA,2017-06-30,-738000000.0,10789000000.0,2017-08-14,14552000000.0,8139000000.0,2017-08-14,2018-08-15,2017-08-14
NWSA,2018-06-30,-1514000000.0,9291000000.0,2018-08-15,16346000000.0,9024000000.0,2018-08-15,2018-08-15,2018-08-15
NWSA,2019-06-30,155000000.0,9144000000.0,2019-08-13,15711000000.0,10074000000.0,2019-08-13,2019-08-13,2019-08-13
NWSA,2020-06-30,-1269000000.0,7582000000.0,2020-08-11,14261000000.0,9008000000.0,2020-08-11,2020-08-11,2020-08-11
NWSA,2021-06-30,330000000.0,8211000000.0,2021-08-10,16771000000.0,9358000000.0,2021-08-10,2021-08-10,2021-08-10
NWSA,2022-06-30,623000000.0,8222000000.0,2022-08-12,17221000000.0,10385000000.0,2022-08-12,2022-08-12,2022-08-12
NWSA,2023-06-30,149000000.0,8064000000.0,2023-08-15,16921000000.0,9879000000.0,2023-08-15,2023-08-15,2023-08-15
NWSA,2024-06-30,266000000.0,8120000000.0,2024-08-13,16684000000.0,10085000000.0,2024-08-13,2024-08-13,2024-08-13
NWSA,2025-06-30,1180000000.0,8774000000.0,2025-08-06,15504000000.0,8452000000.0,2025-08-06,2025-08-06,2025-08-06
NWSA,2026-06-30,573000000.0,8526000000.0,2026-08-07,15544000000.0,9028000000.0,2026-08-07,2026-08-07,2026-08-07
NXPI,2017-12-31,2215000000.0,,,,9256000000.0,,2020-02-27,2020-02-27
NXPI,2018-12-31,2208000000.0,10505000000.0,2020-02-27,21530000000.0,9407000000.0,2020-02-27,2020-02-27,2020-02-27
NXPI,2019-12-31,243000000.0,9441000000.0,2020-02-27,20016000000.0,8877000000.0,2020-02-27,2020-02-27,2020-02-27
NXPI,2020-12-31,52000000.0,8944000000.0,2021-02-25,19847000000.0,8612000000.0,2021-02-25,2021-02-25,2021-02-25
NXPI,2021-12-31,1871000000.0,6528000000.0,2022-02-24,20864000000.0,11063000000.0,2022-02-24,2022-02-24,2022-02-24
NXPI,2022-12-31,2787000000.0,7449000000.0,2023-03-01,23236000000.0,13205000000.0,2023-03-01,2023-03-01,2023-03-01
NXPI,2023-12-31,2797000000.0,8644000000.0,2024-02-22,24353000000.0,13276000000.0,2024-02-22,2024-02-22,2024-02-22
NXPI,2024-12-31,2510000000.0,9183000000.0,2025-02-20,24385000000.0,12614000000.0,2025-02-20,2025-02-20,2025-02-20
NXPI,2025-12-31,2021000000.0,10056000000.0,2026-02-19,26560000000.0,12269000000.0,2026-02-19,2026-02-19,2026-02-19
NYT,2008-12-28,-57839000.0,,,,2939764000.0,,2011-02-22,2011-02-22
NYT,2009-12-27,19891000.0,604042000.0,2011-02-22,3088557000.0,2440439000.0,2011-02-22,2011-02-22,2011-02-22
NYT,2010-12-26,107704000.0,659927000.0,2011-02-22,3285741000.0,2393463000.0,2011-02-22,2011-02-22,2011-02-22
NYT,2011-12-25,-39669000.0,506360000.0,2012-02-23,2883450000.0,2323401000.0,2012-02-23,2012-02-23,2012-02-23
NYT,2012-03-25,,580581000.0,2014-02-26,2819668000.0,,2014-02-26,,
NYT,2012-06-24,,492002000.0,2014-02-26,2718651000.0,,2014-02-26,,
NYT,2012-09-23,,500739000.0,2014-02-26,2727307000.0,,2014-02-26,,
NYT,2012-12-30,133173000.0,632500000.0,2013-02-28,2806335000.0,1990080000.0,2013-02-28,2013-02-28,2013-02-28
NYT,2013-03-31,,673362000.0,2014-02-26,2652397000.0,,2014-02-26,,
NYT,2013-12-29,65105000.0,842910000.0,2014-02-26,2572552000.0,1577230000.0,2014-02-26,2014-02-26,2014-02-26
NYT,2014-12-28,33307000.0,726328000.0,2015-02-24,2566474000.0,1588528000.0,2015-02-24,2015-02-24,2015-02-24
NYT,2015-12-27,63246000.0,826751000.0,2016-02-24,2417690000.0,1579215000.0,2016-02-24,2016-02-24,2016-02-24
NYT,2016-12-25,29068000.0,847815000.0,2017-02-22,2185395000.0,1555342000.0,2017-02-22,2017-02-22,2017-02-22
NYT,2017-12-31,4296000.0,897279000.0,2018-02-27,2099780000.0,1675639000.0,2018-02-27,2018-02-27,2018-02-27
NYT,2018-12-30,125684000.0,1040781000.0,2019-02-26,2197123000.0,1748598000.0,2019-02-26,2021-02-25,2019-02-26
NYT,2019-12-29,139966000.0,1172003000.0,2020-02-27,2089138000.0,1812184000.0,2020-02-27,2021-02-25,2020-02-27
NYT,2020-12-27,100103000.0,1325517000.0,2021-02-25,2307689000.0,1783639000.0,2021-02-25,2021-02-25,2021-02-25
NYT,2021-12-26,219971000.0,1538720000.0,2022-02-23,2564108000.0,,2022-02-23,,2022-02-23
NYT,2022-12-31,173905000.0,1597967000.0,2023-02-28,2533752000.0,,2023-02-28,,2023-02-28
NYT,2023-12-31,232387000.0,1763219000.0,2024-02-20,2714595000.0,,2024-02-20,,2024-02-20
NYT,2024-12-31,293825000.0,1927209000.0,2025-02-27,2841479000.0,,2025-02-27,,2025-02-27
NYT,2025-12-31,343981000.0,2041363000.0,2026-02-27,2997090000.0,,2026-02-27,,2026-02-27
O,2007-12-31,,1538092000.0,2011-02-10,,,,,
O,2008-12-31,131841000.0,1554661000.0,2011-02-10,,325041000.0,,2011-02-10,2011-02-10
O,2009-12-31,131127000.0,1488009000.0,2011-02-10,2914787000.0,325245000.0,2011-02-10,2011-02-10,2011-02-10
O,2010-12-31,130784000.0,1846965000.0,2011-02-10,3535590000.0,345009000.0,2011-02-10,2011-02-10,2011-02-10
O,2011-12-31,157032000.0,2254854000.0,2012-02-13,4419389000.0,421059000.0,2012-02-13,2012-02-13,2012-02-13
O,2012-12-31,159152000.0,2412794000.0,2013-02-14,5443363000.0,,2013-02-14,,2013-02-14
O,2013-12-31,245564000.0,5385447000.0,2014-02-14,9924441000.0,,2014-02-14,,2014-02-14
O,2014-12-31,270635000.0,5613401000.0,2015-02-18,11012622000.0,,2015-02-18,,2015-02-18
O,2015-12-31,283766000.0,6531596000.0,2016-02-11,11865870000.0,,2016-02-11,,2016-02-11
O,2016-12-31,315571000.0,6766804000.0,2017-02-23,13152871000.0,,2017-02-23,,2017-02-23
O,2017-12-31,318798000.0,7371501000.0,2018-02-22,14058166000.0,1215768000.0,2018-02-22,2020-02-24,2018-02-22
O,2018-12-31,363614000.0,8088742000.0,2019-02-22,15260483000.0,1327838000.0,2019-02-22,2020-02-24,2019-02-22
O,2019-12-31,436482000.0,9774456000.0,2020-02-24,18554796000.0,1491591000.0,2020-02-24,2020-02-24,2020-02-24
O,2020-12-31,395486000.0,10985483000.0,2021-02-23,20740285000.0,1651625000.0,2021-02-23,2021-02-23,2021-02-23
O,2021-12-31,359456000.0,25052574000.0,2022-02-23,43137502000.0,2080463000.0,2022-02-23,2022-02-23,2022-02-23
O,2022-12-31,869408000.0,28713149000.0,2023-02-22,49673092000.0,3343681000.0,2023-02-22,2023-02-22,2023-02-22
O,2023-12-31,872309000.0,32941467000.0,2024-02-21,57779357000.0,4078993000.0,2024-02-21,2024-02-21,2024-02-21
O,2024-12-31,860772000.0,38840738000.0,2025-02-25,68835039000.0,5271142000.0,2025-02-25,2025-02-25,2025-02-25
O,2025-12-31,1058590000.0,39438695000.0,2026-02-25,72795612000.0,5749377000.0,2026-02-25,2026-02-25,2026-02-25
ODFL,2007-12-31,,489452000.0,2011-02-28,,,,,
ODFL,2008-12-31,68677000.0,558129000.0,2011-02-28,,,,,2011-02-28
ODFL,2009-12-31,34871000.0,593000000.0,2011-02-28,1159278000.0,,2011-02-28,,2011-02-28
ODFL,2010-12-31,75651000.0,668649000.0,2011-02-28,1239881000.0,,2011-02-28,,2011-02-28
ODFL,2011-12-31,139470000.0,856519000.0,2012-02-29,1513074000.0,,2012-02-29,,2012-02-29
ODFL,2012-12-31,169452000.0,1025969000.0,2013-02-28,1712514000.0,,2013-02-28,,2013-02-28
ODFL,2013-12-31,206113000.0,1232082000.0,2014-02-28,1932089000.0,,2014-02-28,,2014-02-28
ODFL,2014-12-31,267514000.0,1494064000.0,2015-02-26,2236237000.0,,2015-02-26,,2015-02-26
ODFL,2015-12-31,304690000.0,1684637000.0,2016-02-29,2466504000.0,,2016-02-29,,2016-02-29
ODFL,2016-12-31,295765000.0,1851158000.0,2017-02-27,2696247000.0,,2017-02-27,,2017-02-27
ODFL,2017-12-31,463774000.0,2276854000.0,2018-02-27,3068424000.0,,2018-02-27,,2018-02-27
ODFL,2018-12-31,605668000.0,2680483000.0,2019-02-27,3545283000.0,,2019-02-27,,2019-02-27
ODFL,2019-12-30,,3080717000.0,2021-02-24,3995568000.0,,2021-02-24,,
ODFL,2019-12-31,615518000.0,3080717000.0,2020-02-26,3995568000.0,,2020-02-26,,2020-02-26
ODFL,2020-12-31,672682000.0,3326288000.0,2021-02-24,4369410000.0,,2021-02-24,,2021-02-24
ODFL,2021-12-31,1034375000.0,3679807000.0,2022-02-23,4821544000.0,,2022-02-23,,2022-02-23
ODFL,2022-12-31,1377159000.0,3652917000.0,2023-02-22,4838610000.0,,2023-02-22,,2023-02-22
ODFL,2023-12-31,1239502000.0,4257811000.0,2024-02-26,5512393000.0,,2024-02-26,,2024-02-26
ODFL,2024-12-31,1186073000.0,4244588000.0,2025-02-25,5491395000.0,,2025-02-25,,2025-02-25
ODFL,2025-12-31,1023703000.0,4311057000.0,2026-02-24,5470160000.0,,2026-02-24,,2026-02-24
OGN,2018-12-31,,6348000000.0,2022-03-21,,,,,
OGN,2019-12-31,3218000000.0,7035000000.0,2022-03-21,,7777000000.0,,2022-03-21,2022-03-21
OGN,2020-12-31,2160000000.0,5486000000.0,2022-03-21,10109000000.0,6532000000.0,2022-03-21,2022-03-21,2022-03-21
OGN,2021-12-31,1351000000.0,-1508000000.0,2022-03-21,10681000000.0,6304000000.0,2022-03-21,2022-03-21,2022-03-21
OGN,2022-12-31,917000000.0,-892000000.0,2023-02-27,10955000000.0,6174000000.0,2023-02-27,2023-02-27,2023-02-27
OGN,2023-12-31,1023000000.0,-70000000.0,2024-02-26,12058000000.0,6263000000.0,2024-02-26,2024-02-26,2024-02-26
OGN,2024-12-31,864000000.0,472000000.0,2025-02-28,13101000000.0,6403000000.0,2025-02-28,2025-02-28,2025-02-28
OGN,2025-12-31,187000000.0,752000000.0,2026-02-24,12867000000.0,6216000000.0,2026-02-24,2026-02-24,2026-02-24
OI,2007-12-31,1340600000.0,,,,,,,2010-02-10
OI,2008-12-31,258300000.0,1040600000.0,2010-02-10,7976500000.0,,2010-02-10,,2010-02-10
OI,2009-12-31,161800000.0,1538200000.0,2010-02-10,8727400000.0,,2010-02-10,,2010-02-10
OI,2010-12-31,-47000000.0,1815000000.0,2011-02-10,9754000000.0,,2011-02-10,,2011-02-10
OI,2011-12-31,-510000000.0,839000000.0,2012-02-09,8926000000.0,,2012-02-09,,2012-02-09
OI,2012-12-31,184000000.0,881000000.0,2013-02-13,8598000000.0,,2013-02-13,,2013-02-13
OI,2013-12-31,184000000.0,1456000000.0,2014-02-13,8419000000.0,,2014-02-13,,2014-02-13
OI,2014-12-31,75000000.0,1158000000.0,2015-02-11,7858000000.0,,2015-02-11,,2015-02-11
OI,2015-12-31,-74000000.0,466000000.0,2016-02-16,9421000000.0,,2016-02-16,,2016-02-16
OI,2016-12-31,209000000.0,254000000.0,2017-02-10,9135000000.0,,2017-02-10,,2017-02-10
OI,2017-12-31,180000000.0,808000000.0,2018-02-14,9756000000.0,,2018-02-14,,2018-02-14
OI,2018-12-31,257000000.0,786000000.0,2019-02-14,9699000000.0,,2019-02-14,,2019-02-14
OI,2019-12-31,-400000000.0,467000000.0,2020-02-21,9610000000.0,,2020-02-21,,2020-02-21
OI,2020-12-31,249000000.0,297000000.0,2021-02-16,8882000000.0,,2021-02-16,,2021-02-16
OI,2021-12-31,149000000.0,720000000.0,2022-02-09,8832000000.0,,2022-02-09,,2022-02-09
OI,2022-12-31,584000000.0,1417000000.0,2023-02-08,9061000000.0,6856000000.0,2023-02-08,2025-02-12,2023-02-08
OI,2023-12-31,-103000000.0,1609000000.0,2024-02-14,9669000000.0,7105000000.0,2024-02-14,2025-02-12,2024-02-14
OI,2024-12-31,-106000000.0,1079000000.0,2025-02-12,8654000000.0,6531000000.0,2025-02-12,2025-02-12,2025-02-12
OI,2025-12-31,-129000000.0,1294000000.0,2026-02-12,9243000000.0,6426000000.0,2026-02-12,2026-02-12,2026-02-12
OKE,2007-12-31,304921000.0,,,,13477414000.0,,2010-02-23,2010-02-23
OKE,2008-12-31,311909000.0,2088170000.0,2010-02-23,13126062000.0,16157433000.0,2010-02-23,2010-02-23,2010-02-23
OKE,2009-12-31,305451000.0,2207194000.0,2010-02-23,12827683000.0,11111651000.0,2010-02-23,2010-02-23,2010-02-23
OKE,2010-12-31,334632000.0,2448623000.0,2011-02-22,12499175000.0,13030051000.0,2011-02-22,2011-02-22,2011-02-22
OKE,2011-12-31,360594000.0,2238573000.0,2012-02-21,13696635000.0,14805794000.0,2012-02-21,2012-02-21,2012-02-21
OKE,2012-12-31,360619000.0,2129609000.0,2013-02-26,15855275000.0,12632559000.0,2013-02-26,2013-02-26,2013-02-26
OKE,2013-12-31,266533000.0,2337851000.0,2014-02-25,17707558000.0,14602717000.0,2014-02-25,2014-02-25,2014-02-25
OKE,2014-12-31,314107000.0,592115000.0,2015-02-25,15304560000.0,12195091000.0,2015-02-25,2015-02-25,2015-02-25
OKE,2015-12-31,244977000.0,335798000.0,2016-02-23,15446111000.0,7763206000.0,2016-02-23,2016-02-23,2016-02-23
OKE,2016-12-31,352039000.0,188745000.0,2017-02-28,16138751000.0,8920934000.0,2017-02-28,2017-02-28,2017-02-28
OKE,2017-12-31,387841000.0,5527867000.0,2018-02-27,16845937000.0,12173907000.0,2018-02-27,2018-02-27,2018-02-27
OKE,2018-12-31,1151703000.0,6579543000.0,2019-02-26,18231671000.0,12593196000.0,2019-02-26,2019-02-26,2019-02-26
OKE,2019-12-31,1278577000.0,6225951000.0,2020-02-25,21812121000.0,10164367000.0,2020-02-25,2020-02-25,2020-02-25
OKE,2020-12-31,612809000.0,6042398000.0,2021-02-23,23078754000.0,8542242000.0,2021-02-23,2021-02-23,2021-02-23
OKE,2021-12-31,,6015163000.0,2022-03-01,23621613000.0,16540309000.0,2022-03-01,2022-03-01,
OKE,2022-12-31,1722000000.0,6493885000.0,2023-02-28,24379094000.0,22386892000.0,2023-02-28,2023-02-28,2025-02-25
OKE,2023-12-31,2659000000.0,16484000000.0,2024-02-27,44266000000.0,,2024-02-27,,2025-02-25
OKE,2024-12-31,3035000000.0,17036000000.0,2025-02-25,64069000000.0,,2025-02-25,,2025-02-25
OKE,2025-12-31,3393000000.0,22485000000.0,2026-02-24,66641000000.0,,2026-02-24,,2026-02-24
OMC,2007-12-31,975700000.0,,,,12694000000.0,,2010-02-19,2010-02-19
OMC,2008-12-31,1000300000.0,3522800000.0,2010-02-19,17318400000.0,13359900000.0,2010-02-19,2010-02-19,2010-02-19
OMC,2009-12-31,793000000.0,4194800000.0,2010-02-19,17920700000.0,11720700000.0,2010-02-19,2010-02-19,2010-02-19
OMC,2010-12-31,827700000.0,3580500000.0,2012-02-17,19566100000.0,12542500000.0,2012-02-17,2012-02-17,2012-02-17
OMC,2011-12-31,952600000.0,3504300000.0,2012-02-17,20505400000.0,13872500000.0,2012-02-17,2012-02-17,2012-02-17
OMC,2012-12-31,998300000.0,3460800000.0,2013-02-19,22151900000.0,14219400000.0,2013-02-19,2013-02-19,2013-02-19
OMC,2013-12-31,991100000.0,3582400000.0,2014-02-12,22098700000.0,14584500000.0,2014-02-12,2014-02-12,2014-02-12
OMC,2014-12-31,1104000000.0,2850000000.0,2015-02-10,21559700000.0,15317800000.0,2015-02-10,2015-02-10,2015-02-10
OMC,2015-12-31,1093900000.0,2452400000.0,2016-02-09,22110700000.0,15134400000.0,2016-02-09,2016-02-09,2016-02-09
OMC,2016-12-31,1148600000.0,2162000000.0,2017-02-09,23165400000.0,15416900000.0,2017-02-09,2017-02-09,2017-02-09
OMC,2017-12-31,1088400000.0,2615100000.0,2018-02-15,24931200000.0,15273600000.0,2018-02-15,2018-02-15,2018-02-15
OMC,2018-12-31,1326400000.0,2547100000.0,2019-02-12,24617000000.0,15290200000.0,2019-02-12,2019-02-12,2019-02-12
OMC,2019-01-01,,,,25894300000.0,,2020-02-11,,
OMC,2019-12-31,1339100000.0,2853900000.0,2020-02-11,26783400000.0,14953700000.0,2020-02-11,2020-02-11,2020-02-11
OMC,2020-12-31,945400000.0,3084400000.0,2021-02-18,27647200000.0,13171100000.0,2021-02-18,2021-02-18,2021-02-18
OMC,2021-12-31,1407800000.0,3270200000.0,2022-02-09,28421800000.0,14289400000.0,2022-02-09,2022-02-09,2022-02-09
OMC,2022-12-31,1316500000.0,3252100000.0,2023-02-08,27002500000.0,14289100000.0,2023-02-08,2023-02-08,2023-02-08
OMC,2023-12-31,1391400000.0,3616300000.0,2024-02-07,28044600000.0,14692200000.0,2024-02-07,2024-02-07,2024-02-07
OMC,2024-12-31,1480600000.0,4193500000.0,2025-02-05,29620700000.0,15689100000.0,2025-02-05,2025-02-05,2025-02-05
OMC,2025-12-31,-54500000.0,12045800000.0,2026-02-20,54415300000.0,17271900000.0,2026-02-20,2026-02-20,2026-02-20
ON,2008-12-31,-428900000.0,,,,2054800000.0,,2011-02-24,2011-02-24
ON,2009-12-31,61000000.0,985000000.0,2011-02-24,2414300000.0,1768900000.0,2011-02-24,2011-02-24,2011-02-24
ON,2010-12-31,290500000.0,1366000000.0,2011-02-24,2919200000.0,2313400000.0,2011-02-24,2011-02-24,2011-02-24
ON,2011-12-31,11600000.0,1468200000.0,2012-02-22,3883500000.0,3442300000.0,2012-02-22,2012-02-22,2012-02-22
ON,2012-12-31,-90600000.0,1361100000.0,2013-02-26,3328400000.0,2894900000.0,2013-02-26,2013-02-26,2013-02-26
ON,2013-12-31,150800000.0,1454000000.0,2014-02-21,3257000000.0,2782700000.0,2014-02-21,2014-02-21,2014-02-21
ON,2014-12-31,189700000.0,1626500000.0,2015-02-27,3823000000.0,3161800000.0,2015-02-27,2015-02-27,2015-02-27
ON,2015-12-31,206200000.0,1608200000.0,2016-02-24,3869600000.0,3495800000.0,2016-02-24,2016-02-24,2016-02-24
ON,2016-12-31,182100000.0,1823200000.0,2017-02-28,6924400000.0,3906900000.0,2017-02-28,2017-02-28,2017-02-28
ON,2017-12-31,810700000.0,2778800000.0,2018-02-21,7195100000.0,5543100000.0,2018-02-21,2018-02-21,2018-02-21
ON,2018-12-31,627400000.0,3171600000.0,2019-02-20,7587600000.0,5878300000.0,2019-02-20,2019-02-20,2019-02-20
ON,2019-12-31,211700000.0,3301700000.0,2020-02-19,8425500000.0,,2020-02-19,,2020-02-19
ON,2020-12-31,234200000.0,3538500000.0,2021-02-16,8668000000.0,,2021-02-16,,2021-02-16
ON,2021-12-31,1009600000.0,4585400000.0,2022-02-14,9626000000.0,,2022-02-14,,2022-02-14
ON,2022-12-31,1902200000.0,6188500000.0,2023-02-06,11978500000.0,,2023-02-06,,2023-02-06
ON,2023-12-31,2183700000.0,7782600000.0,2024-02-05,13215200000.0,,2024-02-05,,2024-02-05
ON,2024-12-31,1572800000.0,8796400000.0,2025-02-10,14089800000.0,,2025-02-10,,2025-02-10
ON,2025-12-31,121000000.0,7673300000.0,2026-02-09,12524100000.0,,2026-02-09,,2026-02-09
ORCL,2008-05-31,5581000000.0,,,,22430000000.0,,2010-07-01,2010-07-01
ORCL,2009-05-31,5677000000.0,25090000000.0,2010-07-01,47416000000.0,23252000000.0,2010-07-01,2010-07-01,2010-07-01
ORCL,2010-05-31,6230000000.0,30798000000.0,2010-07-01,61578000000.0,26820000000.0,2010-07-01,2010-07-01,2010-07-01
ORCL,2011-05-31,8547000000.0,39776000000.0,2011-06-28,73535000000.0,35622000000.0,2011-06-28,2011-06-28,2012-06-26
ORCL,2012-05-31,9981000000.0,43688000000.0,2012-06-26,78327000000.0,37121000000.0,2012-06-26,2012-06-26,2012-06-26
ORCL,2013-05-31,10925000000.0,44648000000.0,2013-06-26,81812000000.0,37180000000.0,2013-06-26,2013-06-26,2013-06-26
ORCL,2014-05-31,10955000000.0,46878000000.0,2014-06-26,90344000000.0,38275000000.0,2014-06-26,2014-06-26,2014-06-26
ORCL,2015-05-31,9938000000.0,48663000000.0,2015-06-25,110903000000.0,38226000000.0,2015-06-25,2015-06-25,2015-06-25
ORCL,2016-05-31,8901000000.0,47289000000.0,2016-06-22,112180000000.0,37047000000.0,2016-06-22,2016-06-22,2016-06-22
ORCL,2017-05-31,9335000000.0,53860000000.0,2017-06-27,134991000000.0,37728000000.0,2017-06-27,2017-06-27,2017-06-27
ORCL,2018-05-31,3825000000.0,45726000000.0,2018-06-22,137264000000.0,39831000000.0,2018-06-22,2018-06-22,2018-06-22
ORCL,2019-05-31,11083000000.0,21785000000.0,2019-06-21,108709000000.0,39506000000.0,2019-06-21,2019-06-21,2019-06-21
ORCL,2020-05-31,10135000000.0,12074000000.0,2020-06-22,115438000000.0,,2020-06-22,,2020-06-22
ORCL,2021-05-31,13746000000.0,5238000000.0,2021-06-21,131107000000.0,40479000000.0,2021-06-21,2023-06-20,2021-06-21
ORCL,2022-05-31,6717000000.0,-6220000000.0,2022-06-21,109297000000.0,42440000000.0,2022-06-21,2023-06-20,2022-06-21
ORCL,2023-05-31,8503000000.0,1073000000.0,2023-06-20,134384000000.0,49954000000.0,2023-06-20,2023-06-20,2023-06-20
ORCL,2024-05-31,10467000000.0,8704000000.0,2024-06-20,140976000000.0,52961000000.0,2024-06-20,2024-06-20,2024-06-20
ORCL,2025-05-31,12443000000.0,20451000000.0,2025-06-18,168361000000.0,57399000000.0,2025-06-18,2025-06-18,2025-06-18
ORCL,2026-05-31,17087000000.0,42508000000.0,2026-06-22,261759000000.0,67357000000.0,2026-06-22,2026-06-22,2026-06-22
ORLY,2007-12-31,,1592477000.0,2011-02-28,,,,,
ORLY,2008-12-31,186232000.0,2282218000.0,2011-02-28,,3576553000.0,,2011-02-28,2011-02-28
ORLY,2009-12-31,307498000.0,2685865000.0,2011-02-28,4781471000.0,4847062000.0,2011-02-28,2011-02-28,2011-02-28
ORLY,2010-12-31,419373000.0,3209685000.0,2011-02-28,5047827000.0,5397525000.0,2011-02-28,2011-02-28,2011-02-28
ORLY,2011-12-31,507673000.0,2844851000.0,2012-02-28,5500501000.0,5788816000.0,2012-02-28,2012-02-28,2012-02-28
ORLY,2012-12-31,585746000.0,2108307000.0,2013-02-28,5749187000.0,6182184000.0,2013-02-28,2013-02-28,2013-02-28
ORLY,2013-12-31,670292000.0,1966321000.0,2014-02-28,6067208000.0,6649237000.0,2014-02-28,2014-02-28,2014-02-28
ORLY,2014-12-31,778182000.0,2018418000.0,2015-02-27,6540301000.0,7216081000.0,2015-02-27,2015-02-27,2015-02-27
ORLY,2015-12-31,931216000.0,1961314000.0,2016-02-26,6676684000.0,7966674000.0,2016-02-26,2016-02-26,2016-02-26
ORLY,2016-12-31,1037691000.0,1627136000.0,2017-02-28,7204189000.0,8593096000.0,2017-02-28,2017-02-28,2017-02-28
ORLY,2017-12-31,1133804000.0,653046000.0,2018-02-28,7571885000.0,8977726000.0,2018-02-28,2018-02-28,2018-02-28
ORLY,2018-12-31,1324487000.0,353667000.0,2019-02-27,7980789000.0,,2019-02-27,,2019-02-27
ORLY,2019-12-31,1391042000.0,397340000.0,2020-02-28,10717160000.0,,2020-02-28,,2020-02-28
ORLY,2020-12-31,1752302000.0,140258000.0,2021-02-26,11596642000.0,,2021-02-26,,2021-02-26
ORLY,2021-12-31,2164685000.0,-66423000.0,2022-02-28,11718707000.0,,2022-02-28,,2022-02-28
ORLY,2022-12-31,2172650000.0,-1060752000.0,2023-02-28,12627979000.0,,2023-02-28,,2023-02-28
ORLY,2023-12-31,2346581000.0,-1739278000.0,2024-02-28,13872995000.0,,2024-02-28,,2024-02-28
ORLY,2024-12-31,2386680000.0,-1370961000.0,2025-02-28,14893741000.0,,2025-02-28,,2025-02-28
ORLY,2025-12-31,2538209000.0,-763352000.0,2026-02-27,16538253000.0,,2026-02-27,,2026-02-27
OTIS,2018-12-31,1049000000.0,,,,12915000000.0,,2021-02-05,2021-02-05
OTIS,2019-12-31,1116000000.0,1700000000.0,2021-02-05,9687000000.0,13118000000.0,2021-02-05,2021-02-05,2021-02-05
OTIS,2020-12-31,906000000.0,-3832000000.0,2021-02-05,10710000000.0,12756000000.0,2021-02-05,2021-02-05,2021-02-05
OTIS,2021-12-31,1246000000.0,-3625000000.0,2022-02-04,12279000000.0,14298000000.0,2022-02-04,2022-02-04,2022-02-04
OTIS,2022-12-31,1253000000.0,-4870000000.0,2023-02-03,9819000000.0,13685000000.0,2023-02-03,2023-02-03,2023-02-03
OTIS,2023-12-31,1406000000.0,-4924000000.0,2024-02-02,10117000000.0,14209000000.0,2024-02-02,2024-02-02,2024-02-02
OTIS,2024-12-31,1645000000.0,-4848000000.0,2025-02-04,11316000000.0,14261000000.0,2025-02-04,2025-02-04,2025-02-04
OTIS,2025-12-31,1384000000.0,-5392000000.0,2026-02-05,10653000000.0,14431000000.0,2026-02-05,2026-02-05,2026-02-05
OXY,2007-12-31,5400000000.0,,,,,,,2010-02-25
OXY,2008-12-31,6857000000.0,,,41537000000.0,,2010-02-25,,2010-02-25
OXY,2009-12-31,2915000000.0,29081000000.0,2011-02-24,44229000000.0,,2010-02-25,,2010-02-25
OXY,2010-12-31,4530000000.0,32484000000.0,2011-02-24,52432000000.0,,2011-02-24,,2011-02-24
OXY,2011-12-31,6771000000.0,37620000000.0,2013-02-26,60044000000.0,,2012-02-23,,2012-02-23
OXY,2012-12-31,4598000000.0,40016000000.0,2013-02-26,64210000000.0,,2013-02-26,,2013-02-26
OXY,2013-12-31,5903000000.0,43126000000.0,2014-03-03,69443000000.0,,2014-03-03,,2014-03-03
OXY,2014-12-31,616000000.0,34959000000.0,2015-02-23,56259000000.0,,2015-02-23,,2015-02-23
OXY,2015-12-31,-7829000000.0,,,43437000000.0,,2016-02-26,,2016-02-26
OXY,2016-12-31,-574000000.0,,,43109000000.0,,2017-02-23,,2017-02-23
OXY,2017-12-31,1311000000.0,-258000000.0,2019-02-21,42026000000.0,12508000000.0,2018-02-23,2020-02-28,2018-02-23
OXY,2018-12-31,4131000000.0,-172000000.0,2019-02-21,43854000000.0,15560000000.0,2019-02-21,2019-02-21,2019-02-21
OXY,2019-12-31,-985000000.0,34232000000.0,2020-02-28,109330000000.0,20393000000.0,2020-02-28,2020-02-28,2020-02-28
OXY,2020-12-31,-14831000000.0,18573000000.0,2021-02-26,80064000000.0,17809000000.0,2021-02-26,2021-02-26,2023-02-27
OXY,2021-12-31,2322000000.0,20327000000.0,2022-02-24,75036000000.0,25956000000.0,2022-02-24,2022-02-24,2023-02-27
OXY,2022-12-31,13304000000.0,30085000000.0,2023-02-27,72609000000.0,36634000000.0,2023-02-27,2023-02-27,2023-02-27
OXY,2023-12-31,4696000000.0,30250000000.0,2024-02-14,74008000000.0,28257000000.0,2024-02-14,2024-02-14,2024-02-14
OXY,2024-12-31,,34159000000.0,2025-02-18,85445000000.0,26725000000.0,2025-02-18,2025-02-18,
OXY,2025-12-31,,36034000000.0,2026-02-18,84186000000.0,21593000000.0,2026-02-18,2026-02-18,
PARA,2020-12-31,,5000006.0,2021-03-26,232279953.0,,2021-03-26,,
PARA,2021-12-31,11627209.0,-20143355.0,2022-04-01,230999037.0,,2022-04-01,,2022-04-01
PARA,2022-12-31,9438181.0,-13480692.0,2023-03-31,53150023.0,5332979.0,2023-03-31,2024-04-01,2023-03-31
PARA,2023-12-31,-14406262.0,-31876129.0,2024-04-01,5288486.0,4561300.0,2024-04-01,2024-04-01,2024-04-01
PARA,2024-12-31,-31513389.0,-2763802.0,2025-04-15,25674078.0,4527879.0,2025-04-15,2025-04-15,2025-04-15
PARA,2025-12-31,-22492075.0,8055001.0,2026-03-31,31631514.0,12161419.0,2026-03-31,2026-03-31,2026-03-31
PAYC,2012-12-31,-403000.0,,,,76810000.0,,2015-02-26,2015-02-26
PAYC,2013-12-31,601000.0,5086000.0,2015-02-26,575478000.0,107601000.0,2015-02-26,2015-02-26,2015-02-26
PAYC,2014-12-31,5663000.0,74138000.0,2015-02-26,798942000.0,150929000.0,2015-02-26,2015-02-26,2015-02-26
PAYC,2015-12-31,20945000.0,98314000.0,2016-02-22,876773000.0,224653000.0,2016-02-22,2016-02-22,2016-02-22
PAYC,2016-12-31,43840000.0,116527000.0,2017-02-21,1078613000.0,329141000.0,2017-02-21,2017-02-21,2017-02-21
PAYC,2017-12-31,66807000.0,135402000.0,2018-02-14,1355164000.0,433047000.0,2018-02-14,2018-02-14,2018-02-14
PAYC,2018-12-31,137065000.0,334753000.0,2019-02-14,1521926000.0,,2019-02-14,,2019-02-14
PAYC,2019-12-31,180576000.0,526628000.0,2020-02-13,2486917000.0,,2020-02-13,,2020-02-13
PAYC,2020-12-31,143453000.0,655643000.0,2021-02-18,2607912000.0,,2021-02-18,,2021-02-18
PAYC,2021-12-31,195960000.0,893714000.0,2022-02-17,3215145000.0,,2022-02-17,,2022-02-17
PAYC,2022-12-31,281389000.0,1182607000.0,2023-02-16,3902513000.0,,2023-02-16,,2023-02-16
PAYC,2023-12-31,340788000.0,1303036000.0,2024-02-15,4197539000.0,,2024-02-15,,2024-02-15
PAYC,2024-12-31,502000000.0,1575900000.0,2025-02-20,5859900000.0,,2025-02-20,,2025-02-20
PAYC,2025-12-31,453400000.0,1731500000.0,2026-02-19,7598700000.0,,2026-02-19,,2026-02-19
PAYX,2007-05-31,,1952248000.0,2010-07-16,,,,,
PAYX,2008-05-31,576145000.0,1196642000.0,2010-07-16,,2066323000.0,,2010-07-16,2010-07-16
PAYX,2009-05-31,533545000.0,1341478000.0,2010-07-16,5127415000.0,2082759000.0,2010-07-16,2010-07-16,2010-07-16
PAYX,2010-05-31,476999000.0,1401979000.0,2010-07-16,5226299000.0,2000820000.0,2010-07-16,2010-07-16,2010-07-16
PAYX,2011-05-31,515300000.0,1496200000.0,2011-07-15,5393800000.0,2084300000.0,2011-07-15,2011-07-15,2011-07-15
PAYX,2012-05-31,548000000.0,1604500000.0,2012-07-20,6479600000.0,2229800000.0,2012-07-20,2012-07-20,2012-07-20
PAYX,2013-05-31,569000000.0,1773700000.0,2013-07-22,6163700000.0,2326200000.0,2013-07-22,2013-07-22,2013-07-22
PAYX,2014-05-31,627500000.0,1777000000.0,2014-07-22,6370100000.0,2518900000.0,2014-07-22,2014-07-22,2014-07-22
PAYX,2015-05-31,674900000.0,1785500000.0,2015-07-21,6482500000.0,2739600000.0,2015-07-21,2015-07-21,2015-07-21
PAYX,2016-05-31,,1911700000.0,2016-07-22,6440800000.0,2951900000.0,2016-07-22,2016-07-22,
PAYX,2017-05-31,,1955300000.0,2017-07-21,6833700000.0,3151300000.0,2017-07-21,2017-07-21,
PAYX,2018-05-31,,2024500000.0,2018-07-20,7463700000.0,3380900000.0,2018-07-20,2018-07-20,
PAYX,2019-05-31,,2619500000.0,2019-07-24,8676000000.0,3772500000.0,2019-07-24,2019-07-24,
PAYX,2020-05-31,,2781400000.0,2020-07-17,8550700000.0,4040500000.0,2020-07-17,2020-07-17,
PAYX,2021-05-31,,2948000000.0,2021-07-16,9227200000.0,4056800000.0,2021-07-16,2021-07-16,
PAYX,2022-05-31,,3085200000.0,2022-07-15,9635200000.0,4611700000.0,2022-07-15,2022-07-15,
PAYX,2023-05-31,,3493200000.0,2023-07-14,10546400000.0,5007100000.0,2023-07-14,2023-07-14,
PAYX,2024-05-31,1690400000.0,3801000000.0,2024-07-11,10383100000.0,5278300000.0,2024-07-11,2024-07-11,2026-07-17
PAYX,2025-05-31,1657300000.0,4128000000.0,2025-07-11,16564100000.0,5571700000.0,2025-07-11,2025-07-11,2026-07-17
PAYX,2026-05-31,1760100000.0,3735100000.0,2026-07-17,16174500000.0,6512000000.0,2026-07-17,2026-07-17,2026-07-17
PBI,2007-12-31,386023000.0,,,,6129795000.0,,2010-02-26,2010-02-26
PBI,2008-12-31,440548000.0,-286779000.0,2010-02-26,8810236000.0,6262305000.0,2010-02-26,2010-02-26,2010-02-26
PBI,2009-12-31,444913000.0,13663000.0,2010-02-26,8533911000.0,5569171000.0,2010-02-26,2010-02-26,2010-02-26
PBI,2010-12-31,292379000.0,-96581000.0,2011-02-28,8444023000.0,5425254000.0,2011-02-28,2011-02-28,2011-02-28
PBI,2011-12-30,,-38986000.0,2015-02-20,,,,,
PBI,2011-12-31,617480000.0,-38986000.0,2013-02-25,8147104000.0,5277974000.0,2012-02-23,2012-02-23,2012-02-23
PBI,2012-12-31,445163000.0,110631000.0,2013-02-25,7859891000.0,4904015000.0,2013-02-25,2013-02-25,2013-02-25
PBI,2013-12-31,142835000.0,188403000.0,2014-02-21,6772708000.0,3869401000.0,2014-02-21,2014-02-21,2014-02-21
PBI,2014-12-31,333755000.0,77259000.0,2015-02-20,6485693000.0,3821504000.0,2015-02-20,2015-02-20,2015-02-20
PBI,2015-12-31,407943000.0,178721000.0,2016-02-22,6141462000.0,3578060000.0,2016-02-22,2016-02-22,2016-02-22
PBI,2016-12-31,92805000.0,-103660000.0,2017-02-22,5837133000.0,3406575000.0,2017-02-22,2017-02-22,2017-02-22
PBI,2017-12-31,261340000.0,188561000.0,2018-02-22,6678715000.0,3549948000.0,2018-02-22,2018-02-22,2018-02-22
PBI,2018-12-31,223665000.0,239472000.0,2019-02-20,5972903000.0,3522380000.0,2019-02-20,2019-02-20,2019-02-20
PBI,2019-12-31,194609000.0,286096000.0,2020-02-20,5466900000.0,3205125000.0,2020-02-20,2020-02-20,2020-02-20
PBI,2020-12-31,-181544000.0,66395000.0,2021-02-19,5220137000.0,3554075000.0,2021-02-19,2021-02-19,2021-02-19
PBI,2021-12-31,-1351000.0,112632000.0,2022-02-22,4958871000.0,3673561000.0,2022-02-22,2022-02-22,2022-02-22
PBI,2022-12-31,36940000.0,60653000.0,2023-02-17,4741355000.0,3538042000.0,2023-02-17,2023-02-17,2023-02-17
PBI,2023-12-31,-385627000.0,-368576000.0,2024-02-20,4272185000.0,3266348000.0,2024-02-20,2024-02-20,2024-02-20
PBI,2024-12-31,-203597000.0,-578433000.0,2025-02-21,3397516000.0,2026598000.0,2025-02-21,2025-02-21,2025-02-21
PBI,2025-12-31,144697000.0,-802360000.0,2026-02-19,3168951000.0,1892629000.0,2026-02-19,2026-02-19,2026-02-19
PCAR,2007-12-31,1227300000.0,5013100000.0,2010-02-26,,,,,2010-02-26
PCAR,2008-12-31,1017900000.0,4846700000.0,2010-02-26,16249800000.0,14972500000.0,2010-02-26,2011-03-01,2010-02-26
PCAR,2009-12-31,111900000.0,5103700000.0,2010-02-26,14569000000.0,8086500000.0,2010-02-26,2011-03-01,2010-02-26
PCAR,2010-12-31,457600000.0,5357800000.0,2011-03-01,14234100000.0,10292900000.0,2011-03-01,2011-03-01,2011-03-01
PCAR,2011-12-31,1042300000.0,5364400000.0,2012-02-29,17172700000.0,16355200000.0,2012-02-29,2012-02-29,2012-02-29
PCAR,2012-12-31,1111600000.0,5846900000.0,2013-02-27,18627800000.0,17050500000.0,2013-02-27,2013-02-27,2013-02-27
PCAR,2013-12-31,1171300000.0,6634300000.0,2014-02-27,20725500000.0,17123800000.0,2014-02-27,2014-02-27,2014-02-27
PCAR,2014-12-31,1358800000.0,6753200000.0,2015-02-26,20618800000.0,18997000000.0,2015-02-26,2015-02-26,2015-02-26
PCAR,2015-12-31,1604000000.0,6940400000.0,2016-02-16,21109800000.0,19115100000.0,2016-02-16,2016-02-16,2016-02-16
PCAR,2016-12-31,521700000.0,6777600000.0,2017-02-21,20638900000.0,17033300000.0,2017-02-21,2017-02-21,2017-02-21
PCAR,2017-12-31,1675200000.0,8050500000.0,2018-02-21,23440200000.0,19456400000.0,2018-02-21,2018-02-21,2018-02-21
PCAR,2018-12-31,2195100000.0,8592900000.0,2019-02-21,25482400000.0,23495700000.0,2019-02-21,2019-02-21,2019-02-21
PCAR,2019-12-31,2387900000.0,9706100000.0,2020-02-19,28361100000.0,25599700000.0,2020-02-19,2020-02-19,2020-02-19
PCAR,2020-12-31,1298400000.0,10390000000.0,2021-02-17,28260000000.0,18728500000.0,2021-02-17,2021-02-17,2021-02-17
PCAR,2021-12-31,1852100000.0,11437400000.0,2022-02-23,29301700000.0,23522300000.0,2022-02-23,2022-02-23,2022-02-23
PCAR,2022-12-31,3011600000.0,13167100000.0,2023-02-22,33275500000.0,28819700000.0,2023-02-22,2023-02-22,2023-02-22
PCAR,2023-12-31,4600800000.0,15878800000.0,2024-02-21,40823400000.0,35127400000.0,2024-02-21,2024-02-21,2024-02-21
PCAR,2024-12-31,4162000000.0,17506900000.0,2025-02-19,43418900000.0,33663800000.0,2025-02-19,2025-02-19,2025-02-19
PCAR,2025-12-31,2375800000.0,19264000000.0,2026-02-18,44336200000.0,28444800000.0,2026-02-18,2026-02-18,2026-02-18
PCG,2007-12-31,1006000000.0,,,,13237000000.0,,2010-02-19,2010-02-19
PCG,2008-12-31,1338000000.0,9377000000.0,2010-02-19,40860000000.0,14628000000.0,2010-02-19,2010-02-19,2010-02-19
PCG,2009-12-31,1220000000.0,10333000000.0,2010-02-19,42945000000.0,13399000000.0,2010-02-19,2010-02-19,2010-02-19
PCG,2010-12-31,,11282000000.0,2011-02-17,46025000000.0,13841000000.0,2011-02-17,2011-02-17,
PCG,2011-12-31,,12101000000.0,2012-02-16,49750000000.0,14956000000.0,2012-02-16,2012-02-16,
PCG,2012-12-31,,13074000000.0,2013-02-21,52449000000.0,15040000000.0,2013-02-21,2013-02-21,
PCG,2013-12-31,,14342000000.0,2014-02-11,55605000000.0,15598000000.0,2014-02-11,2014-02-11,
PCG,2014-12-31,,15748000000.0,2015-02-10,60127000000.0,17090000000.0,2015-02-10,2015-02-10,
PCG,2015-12-31,,16576000000.0,2016-02-18,63339000000.0,16833000000.0,2016-02-18,2016-02-18,
PCG,2016-12-31,,17940000000.0,2017-02-16,68598000000.0,17666000000.0,2017-02-16,2017-02-16,
PCG,2017-12-31,,19220000000.0,2018-02-09,68012000000.0,17135000000.0,2018-02-09,2018-02-09,
PCG,2018-12-31,,12651000000.0,2019-02-28,76995000000.0,16759000000.0,2019-02-28,2020-02-18,
PCG,2019-12-31,,5136000000.0,2020-02-18,85196000000.0,17129000000.0,2020-02-18,2020-02-18,
PCG,2020-12-31,,21001000000.0,2021-02-25,97856000000.0,18469000000.0,2021-02-25,2021-02-25,
PCG,2021-12-31,,20971000000.0,2022-02-10,103327000000.0,20642000000.0,2022-02-10,2022-02-10,
PCG,2022-12-31,,22823000000.0,2023-02-23,118644000000.0,21680000000.0,2023-02-23,2023-02-23,
PCG,2023-12-31,,25040000000.0,2024-02-22,125698000000.0,24428000000.0,2024-02-22,2024-02-22,
PCG,2024-12-31,,30149000000.0,2025-02-13,133660000000.0,24419000000.0,2025-02-13,2025-02-13,
PCG,2025-12-31,,32540000000.0,2026-02-12,141611000000.0,24935000000.0,2026-02-12,2026-02-12,
PD,2017-01-31,,-38550000.0,2020-03-19,,,,,
PD,2018-01-31,-38149000.0,-56365000.0,2020-03-19,,79630000.0,,2020-03-19,2020-03-19
PD,2019-01-31,-40741000.0,-68930000.0,2020-03-19,197234000.0,117823000.0,2020-03-19,2020-03-19,2020-03-19
PD,2020-01-31,-50339000.0,307938000.0,2020-03-19,435398000.0,166351000.0,2020-03-19,2020-03-19,2020-03-19
PD,2021-01-31,-68903000.0,366727000.0,2021-03-19,795443000.0,213556000.0,2021-03-19,2021-03-19,2021-03-19
PD,2022-01-31,-107455000.0,266975000.0,2022-03-17,806448000.0,281396000.0,2022-03-17,2022-03-17,2022-03-17
PD,2023-01-31,-128423000.0,240978000.0,2023-03-16,817873000.0,370793000.0,2023-03-16,2023-03-16,2023-03-16
PD,2024-01-31,-75189000.0,171600000.0,2024-03-15,925306000.0,430699000.0,2024-03-15,2024-03-15,2024-03-15
PD,2025-01-31,-42735000.0,129828000.0,2025-03-17,927266000.0,467499000.0,2025-03-17,2025-03-17,2025-03-17
PD,2026-01-31,173373000.0,253593000.0,2026-03-12,990515000.0,492546000.0,2026-03-12,2026-03-12,2026-03-12
PEG,2007-12-31,1335000000.0,,,,12677000000.0,,2010-02-25,2010-02-25
PEG,2008-12-31,1188000000.0,7771000000.0,2010-02-25,29049000000.0,13322000000.0,2010-02-25,2010-02-25,2010-02-25
PEG,2009-12-31,1592000000.0,8788000000.0,2010-02-25,28730000000.0,12406000000.0,2010-02-25,2010-02-25,2010-02-25
PEG,2010-12-31,1564000000.0,9633000000.0,2011-02-25,29909000000.0,11793000000.0,2011-02-25,2011-02-25,2011-02-25
PEG,2011-12-31,1503000000.0,10270000000.0,2012-02-27,29821000000.0,11079000000.0,2012-02-27,2012-02-27,2012-02-27
PEG,2012-12-31,1275000000.0,10780000000.0,2013-02-26,31725000000.0,9781000000.0,2013-02-26,2013-02-26,2013-02-26
PEG,2013-12-31,1243000000.0,11608000000.0,2014-02-26,32522000000.0,9968000000.0,2014-02-26,2014-02-26,2014-02-26
PEG,2014-12-31,1518000000.0,12185000000.0,2015-02-26,35333000000.0,10886000000.0,2015-02-26,2015-02-26,2015-02-26
PEG,2015-12-31,1679000000.0,13066000000.0,2016-02-26,37535000000.0,10415000000.0,2016-02-26,2016-02-26,2016-02-26
PEG,2016-12-31,887000000.0,13130000000.0,2017-02-27,40070000000.0,9061000000.0,2017-02-27,2017-02-27,2017-02-27
PEG,2017-12-31,1574000000.0,,,42716000000.0,9084000000.0,2018-02-26,2018-02-26,2018-02-26
PEG,2018-12-31,1438000000.0,,,45326000000.0,9696000000.0,2019-02-28,2019-02-28,2019-02-28
PEG,2019-12-31,1693000000.0,,,47730000000.0,10076000000.0,2020-02-26,2020-02-26,2020-02-26
PEG,2020-12-31,1905000000.0,,,50050000000.0,9603000000.0,2021-03-01,2021-03-01,2021-03-01
PEG,2021-12-31,-648000000.0,,,48999000000.0,9722000000.0,2022-02-24,2022-02-24,2022-02-24
PEG,2022-12-31,1031000000.0,,,48718000000.0,9800000000.0,2023-02-22,2023-02-22,2023-02-22
PEG,2023-12-31,2563000000.0,,,50741000000.0,11237000000.0,2024-02-26,2024-02-26,2024-02-26
PEG,2024-12-31,1772000000.0,,,54640000000.0,10290000000.0,2025-02-25,2025-02-25,2025-02-25
PEG,2025-12-31,2111000000.0,,,57576000000.0,12168000000.0,2026-02-26,2026-02-26,2026-02-26
PENN,2008-12-31,-153323000.0,,,,2423053000.0,,2011-02-25,2011-02-25
PENN,2009-12-31,-264948000.0,1852641000.0,2011-02-25,4712616000.0,2369275000.0,2011-02-25,2011-02-25,2011-02-25
PENN,2010-12-31,-59467000.0,1777766000.0,2011-02-25,4462879000.0,2459111000.0,2011-02-25,2011-02-25,2011-02-25
PENN,2011-12-31,242351000.0,1971631000.0,2013-02-22,4606346000.0,2742257000.0,2012-02-24,2012-02-24,2012-02-24
PENN,2012-12-31,211971000.0,2250929000.0,2013-02-22,5644057000.0,2899465000.0,2013-02-22,2013-02-22,2013-02-22
PENN,2013-12-31,-794339000.0,758400000.0,2014-02-27,2183991000.0,2918754000.0,2014-02-27,2014-02-27,2014-02-27
PENN,2014-12-31,-233195000.0,554486000.0,2015-02-27,2236430000.0,2590527000.0,2015-02-27,2015-02-27,2015-02-27
PENN,2015-12-31,686000.0,-678043000.0,2016-03-15,5138752000.0,2838358000.0,2016-03-15,2016-03-15,2016-03-15
PENN,2016-12-31,109310000.0,-543320000.0,2017-02-24,4974484000.0,3034380000.0,2017-02-24,2017-02-24,2017-02-24
PENN,2017-12-31,473463000.0,-73146000.0,2018-03-01,5234812000.0,3147970000.0,2018-03-01,2018-03-01,2018-03-01
PENN,2018-12-31,93519000.0,731226000.0,2019-02-28,10961012000.0,3587918000.0,2019-02-28,2019-02-28,2019-02-28
PENN,2019-01-01,,1816900000.0,2020-02-27,13424800000.0,,2020-02-27,,
PENN,2019-12-31,43900000.0,1852700000.0,2020-02-27,14194500000.0,5301400000.0,2020-02-27,2020-02-27,2020-02-27
PENN,2020-12-31,-669500000.0,2656200000.0,2021-02-26,14667300000.0,3578700000.0,2021-02-26,2021-02-26,2021-02-26
PENN,2021-12-31,420800000.0,4097800000.0,2022-02-28,16872100000.0,5905000000.0,2022-02-28,2022-02-28,2022-02-28
PENN,2022-12-31,222100000.0,3597700000.0,2023-02-23,17502100000.0,6401700000.0,2023-02-23,2023-02-23,2023-02-23
PENN,2023-12-31,-490000000.0,3202100000.0,2024-02-22,16064200000.0,6362900000.0,2024-02-22,2024-02-22,2024-02-22
PENN,2024-12-31,-311500000.0,2862700000.0,2025-02-27,15261700000.0,,2025-02-27,,2025-02-27
PENN,2025-12-31,-843100000.0,1834000000.0,2026-02-26,14268500000.0,,2026-02-26,,2026-02-26
PEP,2007-12-29,5658000000.0,,,,,,,2010-02-22
PEP,2008-12-27,5142000000.0,12203000000.0,2010-02-22,35994000000.0,,2010-02-22,,2010-02-22
PEP,2009-12-26,5946000000.0,16908000000.0,2010-02-22,39848000000.0,,2010-02-22,,2010-02-22
PEP,2010-12-25,6320000000.0,21273000000.0,2011-02-18,68153000000.0,,2011-02-18,,2011-02-18
PEP,2011-12-31,6443000000.0,20704000000.0,2012-02-27,72882000000.0,,2012-02-27,,2012-02-27
PEP,2012-12-29,6178000000.0,22417000000.0,2013-02-21,74638000000.0,,2013-02-21,,2013-02-21
PEP,2013-12-28,6740000000.0,24409000000.0,2014-02-14,77478000000.0,,2014-02-14,,2014-02-14
PEP,2014-12-27,6513000000.0,17578000000.0,2015-02-12,70509000000.0,,2015-02-12,,2015-02-12
PEP,2015-12-26,5452000000.0,12068000000.0,2016-02-11,69667000000.0,,2016-02-11,,2016-02-11
PEP,2016-12-31,6329000000.0,11246000000.0,2017-02-15,74129000000.0,62799000000.0,2017-02-15,2019-02-15,2017-02-15
PEP,2017-12-30,4857000000.0,11045000000.0,2018-02-13,79804000000.0,63525000000.0,2018-02-13,2019-02-15,2018-02-13
PEP,2018-12-29,12515000000.0,14518000000.0,2019-02-15,77648000000.0,64661000000.0,2019-02-15,2019-02-15,2019-02-15
PEP,2019-12-28,7314000000.0,14786000000.0,2020-02-13,78547000000.0,67161000000.0,2020-02-13,2020-02-13,2020-02-13
PEP,2020-12-26,7120000000.0,13454000000.0,2021-02-11,92918000000.0,70372000000.0,2021-02-11,2021-02-11,2021-02-11
PEP,2021-12-25,7618000000.0,16043000000.0,2022-02-10,92377000000.0,79474000000.0,2022-02-10,2022-02-10,2022-02-10
PEP,2022-12-31,8910000000.0,17149000000.0,2023-02-09,92187000000.0,86392000000.0,2023-02-09,2023-02-09,2023-02-09
PEP,2023-12-30,9074000000.0,18503000000.0,2024-02-09,100495000000.0,91471000000.0,2024-02-09,2024-02-09,2024-02-09
PEP,2024-12-28,9578000000.0,18041000000.0,2025-02-04,99467000000.0,91854000000.0,2025-02-04,2025-02-04,2025-02-04
PEP,2025-12-27,8240000000.0,20406000000.0,2026-02-03,107399000000.0,93925000000.0,2026-02-03,2026-02-03,2026-02-03
PFE,2007-12-31,8144000000.0,,,,,,,2010-02-26
PFE,2008-12-31,8104000000.0,57556000000.0,2010-02-26,111148000000.0,,2010-02-26,,2010-02-26
PFE,2009-12-31,8635000000.0,90014000000.0,2010-02-26,212949000000.0,,2010-02-26,,2010-02-26
PFE,2010-12-31,8257000000.0,87813000000.0,2011-02-28,195014000000.0,,2011-02-28,,2011-02-28
PFE,2011-12-31,10009000000.0,82190000000.0,2012-02-28,188002000000.0,,2012-02-28,,2012-02-28
PFE,2012-12-31,14570000000.0,81260000000.0,2013-02-28,185798000000.0,,2013-02-28,,2013-02-28
PFE,2013-12-31,22003000000.0,76307000000.0,2014-02-28,172101000000.0,,2014-02-28,,2014-02-28
PFE,2014-12-31,9135000000.0,71301000000.0,2015-02-27,169274000000.0,,2015-02-27,,2015-02-27
PFE,2015-12-31,6960000000.0,64720000000.0,2016-02-29,167460000000.0,,2016-02-29,,2016-02-29
PFE,2016-12-31,7215000000.0,59544000000.0,2017-02-23,171615000000.0,,2017-02-23,,2017-02-23
PFE,2017-12-31,21308000000.0,71308000000.0,2018-02-22,171797000000.0,,2018-02-22,,2018-02-22
PFE,2018-12-31,11153000000.0,63407000000.0,2019-02-28,159422000000.0,,2019-02-28,,2019-02-28
PFE,2019-12-31,16273000000.0,63143000000.0,2020-02-27,167489000000.0,,2020-02-27,,2020-02-27
PFE,2020-12-31,9616000000.0,63238000000.0,2021-02-25,154229000000.0,41651000000.0,2021-02-25,2023-02-23,2021-02-25
PFE,2021-12-31,21979000000.0,77201000000.0,2022-02-24,181476000000.0,81288000000.0,2022-02-24,2023-02-23,2022-02-24
PFE,2022-12-31,31372000000.0,95661000000.0,2023-02-23,197205000000.0,100330000000.0,2023-02-23,2023-02-23,2023-02-23
PFE,2023-12-31,2119000000.0,89014000000.0,2024-02-22,226501000000.0,58496000000.0,2024-02-22,2024-02-22,2024-02-22
PFE,2024-12-31,8031000000.0,88203000000.0,2025-02-27,213396000000.0,63627000000.0,2025-02-27,2025-02-27,2025-02-27
PFE,2025-12-31,7771000000.0,86476000000.0,2026-02-26,208160000000.0,62579000000.0,2026-02-26,2026-02-26,2026-02-26
PFG,2007-12-31,860300000.0,,,,10906500000.0,,2010-02-17,2010-02-17
PFG,2008-12-31,458100000.0,2472800000.0,2010-02-17,128182400000.0,9935900000.0,2010-02-17,2010-02-17,2010-02-17
PFG,2009-12-31,622700000.0,7893500000.0,2010-02-17,137759400000.0,8849100000.0,2010-02-17,2010-02-17,2010-02-17
PFG,2010-12-31,699300000.0,9727800000.0,2011-02-16,145631100000.0,9158600000.0,2011-02-16,2011-02-16,2011-02-16
PFG,2011-12-31,715000000.0,9637000000.0,2012-02-15,148298000000.0,8709600000.0,2012-02-15,2012-02-15,2012-02-15
PFG,2012-12-31,805900000.0,9753200000.0,2013-02-13,161926500000.0,9215100000.0,2013-02-13,2013-02-13,2013-02-13
PFG,2013-12-31,912700000.0,9684200000.0,2014-02-12,208191400000.0,9289500000.0,2014-02-12,2014-02-12,2014-02-12
PFG,2014-12-31,1144100000.0,10184000000.0,2015-02-11,219087000000.0,10477600000.0,2015-02-11,2015-02-11,2015-02-11
PFG,2015-12-31,1234000000.0,9311600000.0,2016-02-10,218685900000.0,11964400000.0,2016-02-10,2016-02-10,2016-02-10
PFG,2016-12-31,1316500000.0,10227300000.0,2017-02-08,228014300000.0,12394100000.0,2017-02-08,2017-02-08,2017-02-08
PFG,2017-12-31,2310400000.0,12849300000.0,2018-02-09,253941200000.0,14093200000.0,2018-02-09,2018-02-09,2018-02-09
PFG,2018-12-31,1546500000.0,11390000000.0,2019-02-13,243036100000.0,14237200000.0,2019-02-13,2019-02-13,2019-02-13
PFG,2019-12-31,1394200000.0,14618000000.0,2020-02-14,276087800000.0,16222100000.0,2020-02-14,2020-02-14,2020-02-14
PFG,2020-12-31,1395800000.0,16558900000.0,2021-02-12,296627700000.0,14741700000.0,2021-02-12,2021-02-12,2021-02-12
PFG,2021-12-31,1710600000.0,16069400000.0,2022-02-11,304657200000.0,14262700000.0,2022-02-11,2022-02-11,2022-02-11
PFG,2022-12-31,4811600000.0,10001700000.0,2023-02-16,292239600000.0,17491600000.0,2023-02-16,2023-02-16,2023-02-16
PFG,2023-12-31,623200000.0,10916000000.0,2024-02-20,305046700000.0,13665800000.0,2024-02-20,2024-02-20,2024-02-20
PFG,2024-12-31,1571000000.0,11086400000.0,2025-02-19,313663600000.0,16127700000.0,2025-02-19,2025-02-19,2025-02-19
PFG,2025-12-31,1185100000.0,11883900000.0,2026-02-18,341376500000.0,15625500000.0,2026-02-18,2026-02-18,2026-02-18
PG,2007-06-30,,67012000000.0,2010-08-13,,,,,
PG,2008-06-30,12075000000.0,69784000000.0,2010-08-13,143992000000.0,,2010-08-13,,2010-08-13
PG,2009-06-30,13436000000.0,63382000000.0,2010-08-13,134833000000.0,,2010-08-13,,2010-08-13
PG,2010-06-30,12736000000.0,61439000000.0,2010-08-13,128172000000.0,,2010-08-13,,2010-08-13
PG,2011-06-30,11797000000.0,68001000000.0,2011-08-10,138354000000.0,,2011-08-10,,2011-08-10
PG,2012-06-30,10756000000.0,64035000000.0,2012-08-08,132244000000.0,28400000000.0,2012-08-08,2014-08-08,2012-08-08
PG,2013-06-30,11312000000.0,68709000000.0,2013-08-08,139263000000.0,29200000000.0,2013-08-08,2014-08-08,2013-08-08
PG,2014-06-30,11643000000.0,69976000000.0,2014-08-08,144266000000.0,29400000000.0,2014-08-08,2014-08-08,2014-08-08
PG,2015-06-30,7036000000.0,63050000000.0,2015-08-07,129495000000.0,,2015-08-07,,2015-08-07
PG,2016-06-30,10508000000.0,57983000000.0,2016-08-09,127136000000.0,,2016-08-09,,2016-08-09
PG,2017-06-30,15326000000.0,55778000000.0,2017-08-07,120406000000.0,65058000000.0,2017-08-07,2019-08-06,2017-08-07
PG,2018-06-30,9750000000.0,52883000000.0,2018-08-07,118310000000.0,66832000000.0,2018-08-07,2019-08-06,2018-08-07
PG,2019-06-30,3897000000.0,47579000000.0,2019-08-06,115095000000.0,67684000000.0,2019-08-06,2019-08-06,2019-08-06
PG,2020-06-30,13027000000.0,46878000000.0,2020-08-06,120700000000.0,70950000000.0,2020-08-06,2020-08-06,2020-08-06
PG,2021-06-30,14306000000.0,46654000000.0,2021-08-06,119307000000.0,76118000000.0,2021-08-06,2021-08-06,2021-08-06
PG,2022-06-30,14742000000.0,46854000000.0,2022-08-05,117208000000.0,80187000000.0,2022-08-05,2022-08-05,2022-08-05
PG,2023-06-30,14653000000.0,47065000000.0,2023-08-04,120829000000.0,82006000000.0,2023-08-04,2023-08-04,2023-08-04
PG,2024-06-30,14879000000.0,50559000000.0,2024-08-05,122370000000.0,84039000000.0,2024-08-05,2024-08-05,2024-08-05
PG,2025-06-30,15974000000.0,52284000000.0,2025-08-04,125231000000.0,84284000000.0,2025-08-04,2025-08-04,2025-08-04
PG,2026-06-30,16046000000.0,54311000000.0,2026-08-04,126521000000.0,87032000000.0,2026-08-04,2026-08-04,2026-08-04
PGR,2007-12-31,1182500000.0,4935500000.0,2010-03-01,,14686800000.0,,2010-03-01,2010-03-01
PGR,2008-12-31,-70000000.0,4215300000.0,2010-03-01,18250500000.0,12840100000.0,2010-03-01,2010-03-01,2010-03-01
PGR,2009-12-31,1057500000.0,5748600000.0,2010-03-01,20049300000.0,14563600000.0,2010-03-01,2010-03-01,2010-03-01
PGR,2010-12-31,1068300000.0,6048900000.0,2011-03-01,21150300000.0,14963300000.0,2011-03-01,2011-03-01,2011-03-01
PGR,2011-12-31,1015500000.0,5806700000.0,2012-02-28,21844800000.0,15508100000.0,2012-02-28,2012-02-28,2012-02-28
PGR,2012-12-31,902300000.0,6007000000.0,2013-02-26,22694700000.0,17083900000.0,2013-02-26,2013-02-26,2013-02-26
PGR,2013-12-31,1165400000.0,6189500000.0,2014-02-26,24408200000.0,18170900000.0,2014-02-26,2014-02-26,2014-02-26
PGR,2014-12-31,1281000000.0,6928600000.0,2015-03-02,25787600000.0,19391400000.0,2015-03-02,2015-03-02,2015-03-02
PGR,2015-12-31,1267600000.0,7289400000.0,2016-02-29,29819300000.0,20853800000.0,2016-02-29,2016-02-29,2016-02-29
PGR,2016-12-31,1031000000.0,7957100000.0,2017-03-01,33427500000.0,23441400000.0,2017-03-01,2017-03-01,2017-03-01
PGR,2017-12-31,1592200000.0,9284800000.0,2018-02-27,38701200000.0,26839000000.0,2018-02-27,2018-02-27,2018-02-27
PGR,2018-12-31,2615300000.0,10821800000.0,2019-02-27,46575000000.0,31979000000.0,2019-02-27,2019-02-27,2019-02-27
PGR,2019-12-31,3970300000.0,13673200000.0,2020-03-02,54895300000.0,39022300000.0,2020-03-02,2020-03-02,2020-03-02
PGR,2020-12-31,5704600000.0,17038600000.0,2021-03-01,64098300000.0,42658100000.0,2021-03-01,2021-03-01,2021-03-01
PGR,2021-12-31,3350900000.0,18231600000.0,2022-02-28,71132300000.0,47702000000.0,2022-02-28,2022-02-28,2022-02-28
PGR,2022-12-31,721500000.0,15891000000.0,2023-02-27,75465000000.0,49610700000.0,2023-02-27,2023-02-27,2023-02-27
PGR,2023-12-31,3902400000.0,20277100000.0,2024-02-26,88690800000.0,62108500000.0,2024-02-26,2024-02-26,2024-02-26
PGR,2024-12-31,8480000000.0,25591000000.0,2025-03-03,105745000000.0,75372000000.0,2025-03-03,2025-03-03,2025-03-03
PGR,2025-12-31,11308000000.0,30323000000.0,2026-03-02,123039000000.0,87671000000.0,2026-03-02,2026-03-02,2026-03-02
PH,2008-06-30,949466000.0,,,10386854000.0,,2010-08-26,,2010-08-26
PH,2009-06-30,508515000.0,4268199000.0,2010-08-26,9855902000.0,,2010-08-26,,2010-08-26
PH,2010-06-30,554065000.0,4367965000.0,2010-08-26,9910382000.0,,2010-08-26,,2010-08-26
PH,2011-06-30,1049130000.0,5383854000.0,2011-08-26,10886805000.0,,2011-08-26,,2011-08-26
PH,2012-06-30,1151823000.0,4896515000.0,2012-08-24,11170282000.0,13145942000.0,2012-08-24,2014-08-22,2012-08-24
PH,2013-06-30,948427000.0,5738426000.0,2013-08-29,12540898000.0,13015704000.0,2013-08-29,2014-08-22,2013-08-29
PH,2014-06-30,1041048000.0,6659428000.0,2014-08-22,13274362000.0,13215971000.0,2014-08-22,2014-08-22,2014-08-22
PH,2015-06-30,1012140000.0,5104287000.0,2015-08-26,12295037000.0,12711744000.0,2015-08-26,2015-08-26,2015-08-26
PH,2016-06-30,806840000.0,4575255000.0,2016-08-26,12056738000.0,11360753000.0,2016-08-26,2016-08-26,2016-08-26
PH,2017-06-30,983412000.0,5261649000.0,2017-08-25,15489904000.0,12029312000.0,2017-08-25,2017-08-25,2017-08-25
PH,2018-06-30,1060801000.0,5859866000.0,2018-08-24,15320087000.0,14302392000.0,2018-08-24,2018-08-24,2018-08-24
PH,2019-06-30,1512364000.0,5961969000.0,2019-08-23,17576690000.0,,2019-08-23,,2019-08-23
PH,2020-06-30,1206341000.0,6113983000.0,2020-08-26,19738189000.0,,2020-08-26,,2020-08-26
PH,2021-06-30,1746100000.0,8398307000.0,2021-08-25,20341200000.0,,2021-08-25,,2021-08-25
PH,2022-06-30,1315605000.0,8848011000.0,2022-08-24,25943943000.0,,2022-08-24,,2022-08-24
PH,2023-06-30,2082936000.0,10326888000.0,2023-08-24,29964472000.0,,2023-08-24,,2023-08-24
PH,2024-06-30,2844215000.0,12071972000.0,2024-08-22,29297842000.0,,2024-08-22,,2024-08-22
PH,2025-06-30,,13682000000.0,2025-08-22,29494000000.0,,2025-08-22,,
PH,2026-06-30,,15404000000.0,2026-08-21,30877000000.0,,2026-08-21,,
PHM,2007-12-31,,4320193000.0,2011-02-10,,,,,
PHM,2008-12-31,-1473113000.0,2835698000.0,2011-02-10,,6263054000.0,,2011-02-10,2011-02-10
PHM,2009-12-31,-1182567000.0,3194440000.0,2011-02-10,10051222000.0,4084389000.0,2011-02-10,2011-02-10,2011-02-10
PHM,2010-12-31,-1096729000.0,2135167000.0,2011-02-10,7699376000.0,4569290000.0,2011-02-10,2011-02-10,2011-02-10
PHM,2011-12-31,-210388000.0,1938615000.0,2012-02-09,6885620000.0,4136690000.0,2012-02-09,2012-02-09,2012-02-09
PHM,2012-12-31,206145000.0,2189616000.0,2013-02-06,6734409000.0,4819998000.0,2013-02-06,2013-02-06,2013-02-06
PHM,2013-12-31,2620116000.0,4648952000.0,2014-02-05,8734143000.0,5679595000.0,2014-02-05,2014-02-05,2014-02-05
PHM,2014-12-31,474338000.0,4804954000.0,2015-02-04,8569410000.0,5822363000.0,2015-02-04,2015-02-04,2015-02-04
PHM,2015-12-31,494090000.0,4759325000.0,2016-02-08,8967160000.0,5981964000.0,2016-02-08,2016-02-08,2016-02-08
PHM,2016-12-31,602703000.0,4659363000.0,2017-02-01,10178200000.0,7668476000.0,2017-02-01,2017-02-01,2017-02-01
PHM,2017-12-31,447221000.0,4154026000.0,2018-02-07,9686649000.0,8573250000.0,2018-02-07,2018-02-07,2018-02-07
PHM,2018-12-31,1022023000.0,4817782000.0,2019-01-31,10172976000.0,,2019-01-31,,2019-01-31
PHM,2019-12-31,1016700000.0,5458180000.0,2020-01-30,10715597000.0,,2020-01-30,,2020-01-30
PHM,2020-12-31,1406839000.0,6569989000.0,2021-02-02,12205498000.0,,2021-02-02,,2021-02-02
PHM,2021-12-31,1946320000.0,7489515000.0,2022-02-07,13352631000.0,,2022-02-07,,2022-02-07
PHM,2022-12-31,2617317000.0,8914098000.0,2023-02-06,14796515000.0,,2023-02-06,,2023-02-06
PHM,2023-12-31,2602372000.0,10383257000.0,2024-02-05,16087050000.0,,2024-02-05,,2024-02-05
PHM,2024-12-31,3083262000.0,12121964000.0,2025-02-06,17363763000.0,,2025-02-06,,2025-02-06
PHM,2025-12-31,2218730000.0,12985442000.0,2026-02-04,18048423000.0,,2026-02-04,,2026-02-04
PKG,2007-12-31,,760861000.0,2011-02-22,,,,,
PKG,2008-12-31,135609000.0,683949000.0,2011-02-22,,2360493000.0,,2011-02-22,2011-02-22
PKG,2009-12-31,265895000.0,898845000.0,2011-02-22,2152840000.0,2147589000.0,2011-02-22,2011-02-22,2011-02-22
PKG,2010-12-31,205435000.0,1009001000.0,2011-02-22,2224274000.0,2435606000.0,2011-02-22,2011-02-22,2011-02-22
PKG,2011-12-31,158027000.0,928910000.0,2012-02-21,2412499000.0,2620111000.0,2012-02-21,2012-02-21,2012-02-21
PKG,2012-12-31,163820000.0,969461000.0,2013-02-28,2453768000.0,2843877000.0,2013-02-28,2013-02-28,2013-02-28
PKG,2013-12-31,436283000.0,1313015000.0,2014-02-28,5199974000.0,3665308000.0,2014-02-28,2014-02-28,2014-02-28
PKG,2014-12-31,392600000.0,1521400000.0,2015-02-27,5348500000.0,5852600000.0,2015-02-27,2015-02-27,2015-02-27
PKG,2015-12-31,436800000.0,1633300000.0,2016-02-26,5284600000.0,5741700000.0,2016-02-26,2016-02-26,2016-02-26
PKG,2016-12-31,449600000.0,1759800000.0,2017-02-28,5777000000.0,5779000000.0,2017-02-28,2017-02-28,2017-02-28
PKG,2017-12-31,668600000.0,2182600000.0,2018-02-28,6197500000.0,6444900000.0,2018-02-28,2018-02-28,2018-02-28
PKG,2018-12-31,738000000.0,2672400000.0,2019-02-28,6569700000.0,,2019-02-28,,2019-02-28
PKG,2019-12-31,696400000.0,3071000000.0,2020-02-26,7235800000.0,,2020-02-26,,2020-02-26
PKG,2020-12-31,461000000.0,3246300000.0,2021-02-24,7433200000.0,,2021-02-24,,2021-02-24
PKG,2021-12-31,841100000.0,3607200000.0,2022-02-24,7836800000.0,,2022-02-24,,2022-02-24
PKG,2022-12-31,1029800000.0,3667100000.0,2023-02-23,8003800000.0,,2023-02-23,,2023-02-23
PKG,2023-12-31,765200000.0,3997300000.0,2024-02-29,8681100000.0,,2024-02-29,,2024-02-29
PKG,2024-12-31,805100000.0,4404000000.0,2025-02-27,8833200000.0,,2025-02-27,,2025-02-27
PKG,2025-12-31,774100000.0,4598000000.0,2026-02-26,10725500000.0,,2026-02-26,,2026-02-26
PLD,2009-12-31,22773000.0,,,,,,,2012-02-29
PLD,2010-12-31,-1270496000.0,7505223000.0,2012-02-29,14902667000.0,,2012-02-29,,2012-02-29
PLD,2011-12-31,-153414000.0,13661639000.0,2012-02-29,27723912000.0,,2012-02-29,,2012-02-29
PLD,2012-12-31,-39720000.0,13069017000.0,2013-02-28,27310145000.0,,2013-02-28,,2013-02-28
PLD,2013-12-31,342921000.0,13711158000.0,2014-02-26,24572307000.0,,2014-02-26,,2014-02-26
PLD,2014-12-31,636183000.0,13975509000.0,2015-02-25,25818223000.0,,2015-02-25,,2015-02-25
PLD,2015-12-31,869439000.0,14667935000.0,2016-02-19,31394767000.0,,2016-02-19,,2016-02-19
PLD,2016-12-31,1209932000.0,14991081000.0,2017-02-15,30249932000.0,2533135000.0,2017-02-15,2019-02-13,2017-02-15
PLD,2017-12-31,1652325000.0,15631158000.0,2018-02-15,29481075000.0,2618134000.0,2018-02-15,2019-02-13,2018-02-15
PLD,2018-12-31,1649361000.0,22298093000.0,2019-02-13,38417664000.0,2804449000.0,2019-02-13,2019-02-13,2019-02-13
PLD,2019-12-31,1572959000.0,22653127000.0,2020-02-11,40031850000.0,3330621000.0,2020-02-11,2020-02-11,2020-02-11
PLD,2020-12-31,1481814000.0,31971547000.0,2021-02-11,56065005000.0,4438735000.0,2021-02-11,2021-02-11,2021-02-11
PLD,2021-12-31,2939723000.0,33426873000.0,2022-02-09,58486220000.0,4759440000.0,2022-02-09,2022-02-09,2022-02-09
PLD,2022-12-31,3364856000.0,53237282000.0,2023-02-14,87897448000.0,5973692000.0,2023-02-14,2023-02-14,2023-02-14
PLD,2023-12-31,3059214000.0,53181724000.0,2024-02-13,93020840000.0,8023469000.0,2024-02-13,2024-02-13,2024-02-13
PLD,2024-12-31,3731635000.0,53951138000.0,2025-02-14,95328909000.0,8201610000.0,2025-02-14,2025-02-14,2025-02-14
PLD,2025-12-31,3328231000.0,53193178000.0,2026-02-13,98724256000.0,8790127000.0,2026-02-13,2026-02-13,2026-02-13
PM,2007-12-31,6038000000.0,,,,55243000000.0,,2010-02-26,2010-02-26
PM,2008-12-31,6890000000.0,7500000000.0,2010-02-26,32972000000.0,63640000000.0,2010-02-26,2010-02-26,2010-02-26
PM,2009-12-31,6342000000.0,5716000000.0,2010-02-26,34552000000.0,62080000000.0,2010-02-26,2010-02-26,2010-02-26
PM,2010-12-31,7259000000.0,3506000000.0,2011-02-25,35050000000.0,67713000000.0,2011-02-25,2011-02-25,2011-02-25
PM,2011-12-31,8591000000.0,229000000.0,2012-02-24,35488000000.0,76346000000.0,2012-02-24,2012-02-24,2012-02-24
PM,2012-12-31,8800000000.0,-3476000000.0,2013-02-22,37670000000.0,77393000000.0,2013-02-22,2013-02-22,2013-02-22
PM,2013-12-31,8576000000.0,-7766000000.0,2014-02-21,38168000000.0,80029000000.0,2014-02-21,2014-02-21,2014-02-21
PM,2014-12-31,7493000000.0,-12629000000.0,2015-02-20,35187000000.0,80106000000.0,2015-02-20,2015-02-20,2015-02-20
PM,2015-12-31,6873000000.0,-13244000000.0,2016-02-17,33956000000.0,73908000000.0,2016-02-17,2016-02-17,2016-02-17
PM,2016-12-31,6967000000.0,-12688000000.0,2017-02-14,36851000000.0,74953000000.0,2017-02-14,2017-02-14,2017-02-14
PM,2017-12-31,6035000000.0,-12086000000.0,2018-02-13,42968000000.0,78098000000.0,2018-02-13,2018-02-13,2018-02-13
PM,2018-12-31,7911000000.0,-12459000000.0,2019-02-07,39801000000.0,,2019-02-07,,2019-02-07
PM,2019-12-31,7185000000.0,-11577000000.0,2020-02-07,42875000000.0,,2020-02-07,,2020-02-07
PM,2020-12-31,8056000000.0,-12567000000.0,2021-02-09,44815000000.0,,2021-02-09,,2021-02-09
PM,2021-12-31,9109000000.0,-10106000000.0,2022-02-11,41290000000.0,,2022-02-11,,2022-02-11
PM,2022-12-31,9048000000.0,-8957000000.0,2023-02-10,61681000000.0,,2023-02-10,,2023-02-10
PM,2023-12-31,7813000000.0,-11225000000.0,2024-02-08,65304000000.0,,2024-02-08,,2024-02-08
PM,2024-12-31,7057000000.0,-11750000000.0,2025-02-06,61784000000.0,,2025-02-06,,2025-02-06
PM,2025-12-31,11348000000.0,-9994000000.0,2026-02-06,69185000000.0,,2026-02-06,,2026-02-06
PNC,2007-12-31,,,,,5891000000.0,,2010-03-11,
PNC,2008-12-31,,25422000000.0,2010-03-11,291081000000.0,6296000000.0,2010-03-11,2010-03-11,
PNC,2009-12-31,,29942000000.0,2010-03-11,269863000000.0,16228000000.0,2010-03-11,2010-03-11,
PNC,2010-12-31,,30242000000.0,2011-03-01,264284000000.0,15176000000.0,2011-03-01,2011-03-01,
PNC,2011-12-31,,34053000000.0,2012-02-29,271205000000.0,14326000000.0,2012-02-29,2012-02-29,
PNC,2012-12-31,,39003000000.0,2013-03-01,305107000000.0,15512000000.0,2013-03-01,2013-03-01,
PNC,2013-12-31,,42408000000.0,2014-03-03,320296000000.0,16012000000.0,2014-03-03,2014-03-03,
PNC,2014-12-31,,44551000000.0,2015-03-02,345072000000.0,15375000000.0,2015-03-02,2015-03-02,
PNC,2015-12-31,,44710000000.0,2016-02-29,358493000000.0,15225000000.0,2016-02-29,2016-02-29,
PNC,2016-12-31,,45699000000.0,2017-02-28,366380000000.0,15162000000.0,2017-02-28,2017-02-28,
PNC,2017-12-31,,47513000000.0,2018-02-28,380768000000.0,16329000000.0,2018-02-28,2018-02-28,
PNC,2018-12-31,,47728000000.0,2019-03-01,382315000000.0,17132000000.0,2019-03-01,2019-03-01,
PNC,2019-12-31,,49314000000.0,2020-03-02,410295000000.0,16839000000.0,2020-03-02,2021-02-26,
PNC,2020-12-31,,54010000000.0,2021-02-26,466679000000.0,16901000000.0,2021-02-26,2021-02-26,
PNC,2021-12-31,,55695000000.0,2022-02-25,557191000000.0,19211000000.0,2022-02-25,2022-02-25,
PNC,2022-12-31,,45774000000.0,2023-02-22,557263000000.0,21120000000.0,2023-02-22,2023-02-22,
PNC,2023-12-31,,51105000000.0,2024-02-21,561580000000.0,21490000000.0,2024-02-21,2024-02-21,
PNC,2024-12-31,,54425000000.0,2025-02-21,560038000000.0,21555000000.0,2025-02-21,2025-02-21,
PNC,2025-12-31,,60585000000.0,2026-02-20,573572000000.0,23099000000.0,2026-02-20,2026-02-20,
PNR,2008-12-31,228734000.0,,,,3351976000.0,,2011-02-23,2011-02-23
PNR,2009-12-31,115493000.0,,,3911334000.0,2692468000.0,2011-02-23,2011-02-23,2011-02-23
PNR,2010-12-31,197828000.0,2093153000.0,2012-02-21,3973533000.0,3030773000.0,2011-02-23,2011-02-23,2011-02-23
PNR,2011-12-31,34222000.0,1933329000.0,2012-02-21,4586313000.0,3456686000.0,2012-02-21,2012-02-21,2012-02-21
PNR,2012-12-31,-107186000.0,6366860000.0,2013-02-26,11795311000.0,4416146000.0,2013-02-26,2013-02-26,2013-02-26
PNR,2013-12-31,536800000.0,6095300000.0,2014-02-25,11743300000.0,7479700000.0,2014-02-25,2014-02-25,2014-02-25
PNR,2014-12-31,214900000.0,4663800000.0,2015-02-24,10655200000.0,7039000000.0,2015-02-24,2015-02-24,2015-02-24
PNR,2015-12-31,-76400000.0,,,11857000000.0,6449000000.0,2016-02-26,2016-02-26,2016-02-26
PNR,2016-12-31,522200000.0,,,11534800000.0,4890000000.0,2017-02-21,2017-02-21,2017-02-21
PNR,2017-12-31,666500000.0,,,8633700000.0,4936500000.0,2018-02-27,2018-02-27,2018-02-27
PNR,2018-12-31,347400000.0,,,3806500000.0,,2019-02-19,,2019-02-19
PNR,2019-12-31,355700000.0,,,4139500000.0,,2020-02-25,,2020-02-25
PNR,2020-12-31,358600000.0,,,4197200000.0,,2021-02-16,,2021-02-16
PNR,2021-12-31,553000000.0,,,4753600000.0,,2022-02-22,,2022-02-22
PNR,2022-12-31,480900000.0,,,6447500000.0,,2023-02-21,,2023-02-21
PNR,2023-12-31,622700000.0,,,6563300000.0,,2024-02-20,,2024-02-20
PNR,2024-12-31,625400000.0,,,6446500000.0,,2025-02-25,,2025-02-25
PNR,2025-12-31,653800000.0,,,6868800000.0,,2026-02-24,,2026-02-24
PNW,2008-12-31,242125000.0,,,,,,,2011-02-18
PNW,2009-12-31,68330000.0,3316109000.0,2011-02-18,11986324000.0,,2011-02-18,,2011-02-18
PNW,2010-12-31,350053000.0,3683327000.0,2011-02-18,12362703000.0,,2011-02-18,,2011-02-18
PNW,2011-12-31,,3821850000.0,2012-02-24,13111018000.0,,2012-02-24,,
PNW,2012-12-31,,3972806000.0,2013-02-22,13379615000.0,,2013-02-22,,
PNW,2013-12-31,,4194470000.0,2014-02-21,13508686000.0,,2014-02-21,,
PNW,2014-12-31,,4367493000.0,2015-02-20,14313532000.0,,2015-02-20,,
PNW,2015-12-31,,4583917000.0,2016-02-19,15028258000.0,,2016-02-19,,
PNW,2016-12-31,,4803622000.0,2017-02-24,16004253000.0,3498682000.0,2017-02-24,2019-02-22,
PNW,2017-12-31,,5006690000.0,2018-02-23,17019082000.0,3565296000.0,2018-02-23,2019-02-22,
PNW,2018-12-31,,5222915000.0,2019-02-22,17664202000.0,3691247000.0,2019-02-22,2019-02-22,
PNW,2019-12-31,,5430648000.0,2020-02-21,18479247000.0,3471209000.0,2020-02-21,2020-02-21,
PNW,2020-12-31,,5633503000.0,2021-02-24,20020421000.0,3586982000.0,2021-02-24,2021-02-24,
PNW,2021-12-31,,5906200000.0,2022-02-25,22003222000.0,3803835000.0,2022-02-25,2022-02-25,
PNW,2022-12-31,,6048647000.0,2023-02-27,22723405000.0,4324385000.0,2023-02-27,2023-02-27,
PNW,2023-12-31,,6177664000.0,2024-02-27,24661153000.0,4695991000.0,2024-02-27,2024-02-27,
PNW,2024-12-31,,6754311000.0,2025-02-25,26102760000.0,5124915000.0,2025-02-25,2025-02-25,
PNW,2025-12-31,,7046458000.0,2026-02-25,30031599000.0,5339939000.0,2026-02-25,2026-02-25,
POOL,2007-12-31,,208791000.0,2011-03-01,,,,,
POOL,2008-12-31,56956000.0,241734000.0,2011-03-01,,,,,2011-03-01
POOL,2009-12-31,19202000.0,252187000.0,2011-03-01,743099000.0,,2011-03-01,,2011-03-01
POOL,2010-12-31,57638000.0,285182000.0,2011-03-01,728545000.0,,2011-03-01,,2011-03-01
POOL,2011-12-31,71993000.0,279746000.0,2012-02-29,798622000.0,,2012-02-29,,2012-02-29
POOL,2012-12-31,81972000.0,281623000.0,2013-03-01,780576000.0,,2013-03-01,,2013-03-01
POOL,2013-12-31,97330000.0,286182000.0,2014-02-27,823761000.0,,2014-02-27,,2014-02-27
POOL,2014-12-31,110692000.0,244352000.0,2015-02-26,892937000.0,,2015-02-26,,2015-02-26
POOL,2015-12-31,128275000.0,255743000.0,2016-02-26,936031000.0,,2016-02-26,,2016-02-26
POOL,2016-12-31,148955000.0,205210000.0,2017-02-24,994095000.0,2570803000.0,2017-02-24,2019-02-27,2017-02-24
POOL,2017-12-31,191633000.0,223146000.0,2018-02-28,1101062000.0,2788188000.0,2018-02-28,2019-02-27,2018-02-28
POOL,2018-12-31,234461000.0,223590000.0,2019-02-27,1240871000.0,2998097000.0,2019-02-27,2019-02-27,2019-02-27
POOL,2019-12-31,261575000.0,410180000.0,2020-02-27,1483266000.0,3199517000.0,2020-02-27,2020-02-27,2020-02-27
POOL,2020-12-31,366738000.0,639470000.0,2021-02-25,1739670000.0,3936623000.0,2021-02-25,2021-02-25,2021-02-25
POOL,2021-12-31,650624000.0,1071393000.0,2022-02-25,3230131000.0,5295584000.0,2022-02-25,2022-02-25,2022-02-25
POOL,2022-12-31,748462000.0,1235194000.0,2023-02-24,3565437000.0,6179727000.0,2023-02-24,2023-02-24,2023-02-24
POOL,2023-12-31,523229000.0,1312787000.0,2024-02-27,3428068000.0,5541595000.0,2024-02-27,2024-02-27,2024-02-27
POOL,2024-12-31,434325000.0,1273465000.0,2025-02-27,3368184000.0,5310953000.0,2025-02-27,2025-02-27,2025-02-27
POOL,2025-12-31,406404000.0,1185229000.0,2026-02-26,3626126000.0,5289396000.0,2026-02-26,2026-02-26,2026-02-26
PPG,2007-12-31,834000000.0,,,,,,,2010-02-18
PPG,2008-12-31,538000000.0,3333000000.0,2010-02-18,14698000000.0,,2010-02-18,,2010-02-18
PPG,2009-12-31,336000000.0,3753000000.0,2010-02-18,14240000000.0,12239000000.0,2010-02-18,2012-02-16,2010-02-18
PPG,2010-12-31,769000000.0,3638000000.0,2011-02-17,14975000000.0,13423000000.0,2011-02-17,2012-02-16,2011-02-17
PPG,2011-12-31,1095000000.0,3249000000.0,2012-02-16,14382000000.0,14885000000.0,2012-02-16,2012-02-16,2012-02-16
PPG,2012-12-31,941000000.0,4063000000.0,2013-02-21,15878000000.0,15200000000.0,2013-02-21,2013-02-21,2013-02-21
PPG,2013-12-31,3231000000.0,4932000000.0,2014-02-20,15863000000.0,15108000000.0,2014-02-20,2014-02-20,2014-02-20
PPG,2014-12-31,2102000000.0,5180000000.0,2015-02-19,17583000000.0,,2015-02-19,,2015-02-19
PPG,2015-12-31,1406000000.0,4983000000.0,2016-02-18,17076000000.0,,2016-02-18,,2016-02-18
PPG,2016-12-31,877000000.0,4826000000.0,2017-02-16,15769000000.0,,2017-02-16,,2017-02-16
PPG,2017-12-31,1591000000.0,5558000000.0,2018-02-15,16538000000.0,,2018-02-15,,2018-02-15
PPG,2018-12-31,1341000000.0,4630000000.0,2019-02-21,16015000000.0,,2019-02-21,,2019-02-21
PPG,2019-12-31,1243000000.0,5284000000.0,2020-02-20,17708000000.0,,2020-02-20,,2020-02-20
PPG,2020-12-31,1059000000.0,5689000000.0,2021-02-18,19556000000.0,,2021-02-18,,2021-02-18
PPG,2021-12-31,1439000000.0,6286000000.0,2022-02-17,21351000000.0,,2022-02-17,,2022-02-17
PPG,2022-12-31,1026000000.0,6592000000.0,2023-02-16,20744000000.0,,2023-02-16,,2023-02-16
PPG,2023-12-31,1270000000.0,7832000000.0,2024-02-15,21647000000.0,,2024-02-15,,2024-02-15
PPG,2024-12-31,1116000000.0,6785000000.0,2025-02-20,19433000000.0,,2025-02-20,,2025-02-20
PPG,2025-12-31,1576000000.0,7941000000.0,2026-02-19,22098000000.0,,2026-02-19,,2026-02-19
PPL,2007-12-31,1288000000.0,,,,,,,2010-02-26
PPL,2008-12-31,930000000.0,5077000000.0,2010-02-26,21405000000.0,,2010-02-26,,2010-02-26
PPL,2009-12-31,407000000.0,5496000000.0,2010-02-26,22165000000.0,7449000000.0,2010-02-26,2012-02-28,2010-02-26
PPL,2010-12-31,938000000.0,8210000000.0,2011-02-28,32837000000.0,8521000000.0,2011-02-28,2012-02-28,2011-02-28
PPL,2011-12-31,1495000000.0,10828000000.0,2012-02-28,42648000000.0,12737000000.0,2012-02-28,2012-02-28,2012-02-28
PPL,2012-12-31,1526000000.0,10480000000.0,2013-02-28,43634000000.0,12286000000.0,2013-02-28,2013-02-28,2013-02-28
PPL,2013-12-31,1130000000.0,12466000000.0,2014-02-24,46259000000.0,11860000000.0,2014-02-24,2014-02-24,2014-02-24
PPL,2014-12-31,1737000000.0,13628000000.0,2015-02-23,48864000000.0,11499000000.0,2015-02-23,2015-02-23,2015-02-23
PPL,2015-12-31,,9919000000.0,2016-02-19,39301000000.0,7669000000.0,2016-02-19,2016-02-19,
PPL,2016-12-31,1902000000.0,9899000000.0,2017-02-17,38315000000.0,7517000000.0,2017-02-17,2017-02-17,2019-02-14
PPL,2017-12-31,1128000000.0,10761000000.0,2018-02-22,41479000000.0,7447000000.0,2018-02-22,2018-02-22,2019-02-14
PPL,2018-12-31,1827000000.0,11657000000.0,2019-02-14,43396000000.0,7785000000.0,2019-02-14,2019-02-14,2019-02-14
PPL,2019-12-31,1746000000.0,12991000000.0,2020-02-14,45680000000.0,7769000000.0,2020-02-14,2020-02-14,2020-02-14
PPL,2020-12-31,1469000000.0,13373000000.0,2021-02-18,48116000000.0,7607000000.0,2021-02-18,2021-02-18,2021-02-18
PPL,2021-12-31,-1480000000.0,13723000000.0,2022-02-18,33223000000.0,5783000000.0,2022-02-18,2022-02-18,2022-02-18
PPL,2022-12-31,756000000.0,13915000000.0,2023-02-17,37837000000.0,7902000000.0,2023-02-17,2023-02-17,2023-02-17
PPL,2023-12-31,740000000.0,13933000000.0,2024-02-16,39236000000.0,8312000000.0,2024-02-16,2024-02-16,2024-02-16
PPL,2024-12-31,888000000.0,,,41069000000.0,8462000000.0,2025-02-13,2025-02-13,2025-02-13
PPL,2025-12-31,1181000000.0,,,45244000000.0,9042000000.0,2026-02-20,2026-02-20,2026-02-20
PRGO,2011-06-25,,1529100000.0,2014-08-14,,,,,
PRGO,2012-06-30,401600000.0,1851000000.0,2014-08-14,,,,,2014-08-14
PRGO,2013-06-29,441900000.0,2331400000.0,2014-08-14,5350800000.0,800000.0,2014-08-14,2015-08-13,2014-08-14
PRGO,2014-06-28,205300000.0,8692900000.0,2014-08-14,13880200000.0,,2014-08-14,,2014-08-14
PRGO,2015-06-27,128000000.0,10662600000.0,2015-08-13,19720600000.0,,2015-08-13,,2015-08-13
PRGO,2015-12-31,,10107400000.0,2017-05-22,19349600000.0,,2017-05-22,,
PRGO,2016-12-31,-4012800000.0,5958100000.0,2017-05-22,13870100000.0,,2017-05-22,,2017-05-22
PRGO,2017-12-31,119600000.0,6170500000.0,2018-03-01,11628800000.0,,2018-03-01,,2018-03-01
PRGO,2018-12-31,131000000.0,5668000000.0,2019-02-27,10983400000.0,,2019-02-27,,2019-02-27
PRGO,2019-12-31,146100000.0,5803800000.0,2020-02-27,11301400000.0,,2020-02-27,,2020-02-27
PRGO,2020-12-31,-162600000.0,5655100000.0,2021-03-01,11488400000.0,,2021-03-01,,2021-03-01
PRGO,2021-12-31,-68900000.0,5151700000.0,2022-03-01,10425700000.0,,2022-03-01,,2022-03-01
PRGO,2022-12-31,-140600000.0,4842100000.0,2023-02-28,11017300000.0,,2023-02-28,,2023-02-28
PRGO,2023-12-31,-12700000.0,4767900000.0,2024-02-27,10809100000.0,,2024-02-27,,2024-02-27
PRGO,2024-12-31,-171800000.0,4319400000.0,2025-02-28,9647700000.0,,2025-02-28,,2025-02-28
PRGO,2025-12-31,-1425400000.0,2935500000.0,2026-02-26,8535200000.0,,2026-02-26,,2026-02-26
PRU,2007-12-31,3662000000.0,,,,34377000000.0,,2010-02-26,2010-02-26
PRU,2008-12-31,-1117000000.0,13435000000.0,2010-02-26,445011000000.0,29219000000.0,2010-02-26,2010-02-26,2010-02-26
PRU,2009-12-31,3124000000.0,25195000000.0,2010-02-26,480203000000.0,32688000000.0,2010-02-26,2010-02-26,2010-02-26
PRU,2010-12-31,3195000000.0,32415000000.0,2011-02-25,539854000000.0,38414000000.0,2011-02-25,2011-02-25,2011-02-25
PRU,2011-12-31,3666000000.0,37223000000.0,2012-02-24,624521000000.0,49045000000.0,2012-02-24,2012-02-24,2012-02-24
PRU,2012-12-31,469000000.0,38575000000.0,2013-02-22,709298000000.0,84815000000.0,2013-02-22,2013-02-22,2013-02-22
PRU,2013-12-31,-667000000.0,35278000000.0,2014-02-27,731781000000.0,41461000000.0,2014-02-27,2014-02-27,2014-02-27
PRU,2014-12-31,1381000000.0,41770000000.0,2015-02-20,766655000000.0,54105000000.0,2015-02-20,2015-02-20,2015-02-20
PRU,2015-12-31,5642000000.0,41890000000.0,2016-02-19,757388000000.0,57119000000.0,2016-02-19,2016-02-19,2016-02-19
PRU,2016-12-31,4368000000.0,45863000000.0,2017-02-17,783962000000.0,58779000000.0,2017-02-17,2017-02-17,2017-02-17
PRU,2017-12-31,7863000000.0,54069000000.0,2018-02-16,831921000000.0,59689000000.0,2018-02-16,2018-02-16,2018-02-16
PRU,2018-12-31,4074000000.0,48617000000.0,2019-02-15,815078000000.0,62992000000.0,2019-02-15,2019-02-15,2019-02-15
PRU,2019-12-31,4186000000.0,63115000000.0,2020-02-14,896552000000.0,64807000000.0,2020-02-14,2020-02-14,2020-02-14
PRU,2020-12-31,-374000000.0,67425000000.0,2021-02-19,940722000000.0,57033000000.0,2021-02-19,2021-02-19,2021-02-19
PRU,2021-12-31,7724000000.0,61876000000.0,2022-02-17,937582000000.0,70934000000.0,2022-02-17,2022-02-17,2022-02-17
PRU,2022-12-31,-1438000000.0,16250000000.0,2023-02-16,689917000000.0,60050000000.0,2023-02-16,2023-02-16,2023-02-16
PRU,2023-12-31,2488000000.0,27820000000.0,2024-02-21,721123000000.0,53979000000.0,2024-02-21,2024-02-21,2024-02-21
PRU,2024-12-31,2727000000.0,27872000000.0,2025-02-13,735587000000.0,70405000000.0,2025-02-13,2025-02-13,2025-02-13
PRU,2025-12-31,3576000000.0,32438000000.0,2026-02-12,773740000000.0,60774000000.0,2026-02-12,2026-02-12,2026-02-12
PSA,2007-12-31,457535000.0,,,,1787202000.0,,2010-03-01,2010-03-01
PSA,2008-12-31,935176000.0,8708995000.0,2010-03-01,9936045000.0,1723593000.0,2010-03-01,2010-03-01,2010-03-01
PSA,2009-12-31,834621000.0,8928407000.0,2010-03-01,9805645000.0,1627702000.0,2010-03-01,2010-03-01,2010-03-01
PSA,2010-12-31,672038000.0,8676598000.0,2011-03-01,9495333000.0,1646722000.0,2011-03-01,2011-03-01,2011-03-01
PSA,2011-12-31,823842000.0,8288209000.0,2012-02-27,8932562000.0,1752102000.0,2012-02-27,2012-02-27,2012-02-27
PSA,2012-12-31,939258000.0,8093756000.0,2013-02-26,8793403000.0,1826729000.0,2013-02-26,2013-02-26,2013-02-26
PSA,2013-12-31,1052453000.0,8791730000.0,2014-02-26,9876266000.0,1981746000.0,2014-02-26,2014-02-26,2014-02-26
PSA,2014-12-31,1144204000.0,9480796000.0,2015-02-25,9818676000.0,2195404000.0,2015-02-25,2015-02-25,2015-02-25
PSA,2015-12-31,1311244000.0,9170641000.0,2016-02-29,9778232000.0,2381696000.0,2016-02-29,2016-02-29,2016-02-29
PSA,2016-12-31,1453576000.0,9411910000.0,2017-03-01,10130338000.0,2560549000.0,2017-03-01,2017-03-01,2017-03-01
PSA,2017-12-31,1442217000.0,8940009000.0,2018-03-01,10732892000.0,2668528000.0,2018-03-01,2018-03-01,2018-03-01
PSA,2018-12-31,1711031000.0,9119478000.0,2019-02-27,10928270000.0,2754280000.0,2019-02-27,2019-02-27,2019-02-27
PSA,2019-12-31,1520534000.0,9062911000.0,2020-02-25,11365444000.0,2846823000.0,2020-02-25,2020-02-25,2020-02-25
PSA,2020-12-31,1357213000.0,8558867000.0,2021-02-24,11816546000.0,2915068000.0,2021-02-24,2021-02-24,2021-02-24
PSA,2021-12-31,1953263000.0,9335177000.0,2022-02-22,17380908000.0,3415824000.0,2022-02-22,2022-02-22,2022-02-22
PSA,2022-12-31,4349147000.0,10073402000.0,2023-02-21,17552307000.0,4182163000.0,2023-02-21,2023-02-21,2023-02-21
PSA,2023-12-31,2148327000.0,10013178000.0,2024-02-20,19809216000.0,4517690000.0,2024-02-20,2024-02-20,2024-02-20
PSA,2024-12-31,2072011000.0,9712606000.0,2025-02-24,19754934000.0,4695616000.0,2025-02-24,2025-02-24,2025-02-24
PSA,2025-12-31,1784348000.0,9248128000.0,2026-02-12,20208604000.0,4824113000.0,2026-02-12,2026-02-12,2026-02-12
PSX,2010-12-31,735000000.0,,,44955000000.0,146561000000.0,2013-02-22,2013-02-22,2013-02-22
PSX,2011-12-31,4775000000.0,23264000000.0,2013-02-22,43211000000.0,196088000000.0,2013-02-22,2013-02-22,2013-02-22
PSX,2012-12-31,4124000000.0,20775000000.0,2013-02-22,48073000000.0,179460000000.0,2013-02-22,2013-02-22,2013-02-22
PSX,2013-12-31,3726000000.0,21950000000.0,2014-02-21,49798000000.0,171596000000.0,2014-02-21,2014-02-21,2014-02-21
PSX,2014-12-31,4762000000.0,21590000000.0,2015-02-20,48741000000.0,161212000000.0,2015-02-20,2015-02-20,2015-02-20
PSX,2015-12-31,4227000000.0,23100000000.0,2016-02-19,48580000000.0,98975000000.0,2016-02-19,2016-02-19,2016-02-19
PSX,2016-12-31,1555000000.0,22390000000.0,2017-02-17,51653000000.0,84279000000.0,2017-02-17,2017-02-17,2017-02-17
PSX,2017-12-31,5106000000.0,25085000000.0,2018-02-23,54371000000.0,102354000000.0,2018-02-23,2018-02-23,2018-02-23
PSX,2018-12-31,5595000000.0,24653000000.0,2019-02-22,54302000000.0,,2019-02-22,,2019-02-22
PSX,2019-12-31,3076000000.0,24910000000.0,2020-02-21,58720000000.0,,2020-02-21,,2020-02-21
PSX,2020-12-31,-3975000000.0,18984000000.0,2021-02-24,54721000000.0,,2021-02-24,,2021-02-24
PSX,2021-12-31,1317000000.0,19166000000.0,2022-02-18,55594000000.0,,2022-02-18,,2022-02-18
PSX,2022-12-31,11024000000.0,29494000000.0,2023-02-22,76442000000.0,,2023-02-22,,2023-02-22
PSX,2023-12-31,7015000000.0,30583000000.0,2024-02-21,75501000000.0,,2024-02-21,,2024-02-21
PSX,2024-12-31,2117000000.0,27408000000.0,2025-02-21,72582000000.0,,2025-02-21,,2025-02-21
PSX,2025-12-31,4403000000.0,29093000000.0,2026-02-20,73680000000.0,,2026-02-20,,2026-02-20
PTC,2007-09-30,,594507000.0,2010-11-23,,,,,
PTC,2008-09-30,79702000.0,702525000.0,2010-11-23,,1070330000.0,,2010-11-23,2010-11-23
PTC,2009-09-30,31522000.0,761581000.0,2010-11-23,1350212000.0,938185000.0,2010-11-23,2010-11-23,2010-11-23
PTC,2010-09-30,24368000.0,747304000.0,2010-11-23,1307064000.0,1010049000.0,2010-11-23,2010-11-23,2010-11-23
PTC,2011-09-30,85424000.0,822690000.0,2011-11-23,1629682000.0,1166949000.0,2011-11-23,2011-11-23,2011-11-23
PTC,2012-09-30,-35398000.0,797259000.0,2012-11-16,1791634000.0,1255679000.0,2012-11-16,2012-11-16,2012-11-16
PTC,2013-09-30,143769000.0,926480000.0,2013-11-22,1828906000.0,1293541000.0,2013-11-22,2013-11-22,2013-11-22
PTC,2014-09-30,160194000.0,853889000.0,2014-11-26,2199954000.0,1356967000.0,2014-11-26,2014-11-26,2014-11-26
PTC,2015-09-30,47557000.0,860171000.0,2015-11-23,2209913000.0,1255242000.0,2015-11-23,2015-11-23,2015-11-23
PTC,2016-09-30,-54465000.0,842666000.0,2016-11-18,2352253000.0,1140533000.0,2016-11-18,2016-11-18,2016-11-18
PTC,2017-09-30,6239000.0,885436000.0,2017-11-29,2360384000.0,1164039000.0,2017-11-29,2017-11-29,2017-11-29
PTC,2018-09-30,51987000.0,874589000.0,2018-11-16,2329022000.0,1241824000.0,2018-11-16,2018-11-16,2018-11-16
PTC,2019-09-30,-27460000.0,1201998000.0,2019-11-18,2664588000.0,,2019-11-18,,2019-11-18
PTC,2020-09-30,130695000.0,1438248000.0,2020-11-20,3382738000.0,,2020-11-20,,2020-11-20
PTC,2021-09-30,476923000.0,2038468000.0,2021-11-22,4507560000.0,,2021-11-22,,2021-11-22
PTC,2022-09-30,313081000.0,2296034000.0,2022-11-15,4687268000.0,,2022-11-15,,2022-11-15
PTC,2023-09-30,245540000.0,2677290000.0,2023-11-20,6288842000.0,,2023-11-20,,2023-11-20
PTC,2024-09-30,376333000.0,3214398000.0,2024-11-14,6383542000.0,,2024-11-14,,2024-11-14
PTC,2025-09-30,733997000.0,3826229000.0,2025-11-21,6617172000.0,,2025-11-21,,2025-11-21
PVH,2008-02-03,,956283000.0,2011-03-30,,,,,
PVH,2009-02-01,91771000.0,998795000.0,2011-03-30,,,,,2011-03-30
PVH,2010-01-31,161910000.0,1168553000.0,2011-03-30,2339679000.0,,2011-03-30,,2011-03-30
PVH,2011-01-30,53805000.0,2442557000.0,2011-03-30,6735334000.0,,2011-03-30,,2011-03-30
PVH,2012-01-29,317881000.0,2715449000.0,2012-03-28,6752361000.0,,2012-03-28,,2012-03-28
PVH,2013-02-03,433840000.0,3252569000.0,2013-04-03,7781549000.0,,2013-04-03,,2013-04-03
PVH,2014-02-02,143537000.0,4335179000.0,2014-04-03,11575578000.0,,2014-04-03,,2014-04-03
PVH,2015-02-01,439000000.0,4364300000.0,2015-04-01,10931800000.0,,2015-04-01,,2015-04-01
PVH,2016-01-31,572400000.0,4552300000.0,2016-03-25,10696400000.0,,2016-03-25,,2016-03-25
PVH,2017-01-29,549000000.0,4804500000.0,2017-03-24,11067900000.0,8203100000.0,2017-03-24,2019-03-29,2017-03-24
PVH,2018-02-04,537800000.0,5536400000.0,2018-03-30,11885700000.0,8914800000.0,2018-03-30,2019-03-29,2018-03-30
PVH,2019-02-03,746400000.0,5827800000.0,2019-03-29,11863700000.0,9656800000.0,2019-03-29,2019-03-29,2019-03-29
PVH,2020-02-02,417300000.0,5811500000.0,2020-04-01,13631000000.0,9909000000.0,2020-04-01,2020-04-01,2020-04-01
PVH,2021-01-31,-1136100000.0,4730300000.0,2021-03-31,13293500000.0,7132600000.0,2021-03-31,2021-03-31,2021-03-31
PVH,2022-01-30,952300000.0,5288800000.0,2022-03-30,12396800000.0,9154700000.0,2022-03-30,2022-03-30,2022-03-30
PVH,2023-01-29,200400000.0,5012700000.0,2023-03-28,11768300000.0,9024200000.0,2023-03-28,2023-03-28,2023-03-28
PVH,2024-02-04,663600000.0,5118900000.0,2024-04-02,11172900000.0,9217700000.0,2024-04-02,2024-04-02,2024-04-02
PVH,2025-02-02,598500000.0,5140500000.0,2025-04-01,11033200000.0,8652900000.0,2025-04-01,2025-04-01,2025-04-01
PVH,2026-02-01,25300000.0,4792300000.0,2026-03-31,11681000000.0,8950200000.0,2026-03-31,2026-03-31,2026-03-31
PWR,2008-12-31,,2682374000.0,2010-03-01,3558159000.0,,2010-03-01,,
PWR,2009-12-31,,3109183000.0,2010-03-01,4116954000.0,,2010-03-01,,
PWR,2010-12-31,,3365555000.0,2011-03-01,4341212000.0,,2011-03-01,,
PWR,2011-12-31,,3381952000.0,2012-02-29,4699114000.0,,2012-02-29,,
PWR,2012-12-31,,3766548000.0,2013-03-01,5140757000.0,,2013-03-01,,
PWR,2013-12-31,,4234188000.0,2014-03-03,5793245000.0,,2014-03-03,,
PWR,2014-12-31,,4514473000.0,2015-03-02,6312024000.0,,2015-03-02,,
PWR,2015-12-31,,3085494000.0,2016-02-29,5213543000.0,,2016-02-29,,
PWR,2016-12-31,,3339427000.0,2017-03-01,5354059000.0,7651319000.0,2017-03-01,2019-02-28,
PWR,2017-12-31,314978000.0,3791571000.0,2018-02-28,6480154000.0,9466478000.0,2018-02-28,2019-02-28,2020-02-28
PWR,2018-12-31,293346000.0,3604159000.0,2019-02-28,7075787000.0,11171423000.0,2019-02-28,2019-02-28,2020-02-28
PWR,2019-12-31,402044000.0,4050292000.0,2020-02-28,8331682000.0,12112153000.0,2020-02-28,2020-02-28,2020-02-28
PWR,2020-12-31,445596000.0,4344181000.0,2021-03-01,8398272000.0,11202672000.0,2021-03-01,2021-03-01,2021-03-01
PWR,2021-12-31,485956000.0,5112301000.0,2022-02-25,12855189000.0,12980213000.0,2022-02-25,2022-02-25,2022-02-25
PWR,2022-12-31,491189000.0,5383464000.0,2023-02-23,13464337000.0,17073903000.0,2023-02-23,2023-02-23,2023-02-23
PWR,2023-12-31,744689000.0,6272241000.0,2024-02-22,16237225000.0,20882206000.0,2024-02-22,2024-02-22,2024-02-22
PWR,2024-12-31,904824000.0,7317731000.0,2025-02-20,18683894000.0,23672795000.0,2025-02-20,2025-02-20,2025-02-20
PWR,2025-12-31,1028378000.0,8938249000.0,2026-02-19,24926901000.0,28479697000.0,2026-02-19,2026-02-19,2026-02-19
PYPL,2012-12-31,,6181000000.0,2016-02-11,,,,,
PYPL,2013-12-31,955000000.0,7390000000.0,2016-02-11,,,,,2016-02-11
PYPL,2014-12-31,419000000.0,8248000000.0,2016-02-11,21917000000.0,,2016-02-11,,2016-02-11
PYPL,2015-12-31,1228000000.0,13759000000.0,2016-02-11,28881000000.0,,2016-02-11,,2016-02-11
PYPL,2016-12-31,1401000000.0,14712000000.0,2017-02-08,33103000000.0,,2017-02-08,,2017-02-08
PYPL,2017-12-31,1795000000.0,15994000000.0,2018-02-07,40774000000.0,,2018-02-07,,2018-02-07
PYPL,2018-12-31,2057000000.0,15386000000.0,2019-02-07,43332000000.0,15451000000.0,2019-02-07,2021-02-05,2019-02-07
PYPL,2019-12-31,2459000000.0,16885000000.0,2020-02-06,51333000000.0,17772000000.0,2020-02-06,2021-02-05,2020-02-06
PYPL,2020-12-31,4202000000.0,20019000000.0,2021-02-05,70379000000.0,21454000000.0,2021-02-05,2021-02-05,2021-02-05
PYPL,2021-12-31,4169000000.0,21727000000.0,2022-02-03,75803000000.0,25371000000.0,2022-02-03,2022-02-03,2022-02-03
PYPL,2022-12-31,2419000000.0,20274000000.0,2023-02-10,78717000000.0,27518000000.0,2023-02-10,2023-02-10,2023-02-10
PYPL,2023-12-31,4246000000.0,21051000000.0,2024-02-08,82166000000.0,29771000000.0,2024-02-08,2024-02-08,2024-02-08
PYPL,2024-12-31,4147000000.0,20417000000.0,2025-02-04,81611000000.0,31797000000.0,2025-02-04,2025-02-04,2025-02-04
PYPL,2025-12-31,5233000000.0,20256000000.0,2026-02-03,80173000000.0,33172000000.0,2026-02-03,2026-02-03,2026-02-03
QCOM,2006-09-24,,13406000000.0,2009-11-05,,,,,
QCOM,2007-09-30,3303000000.0,15835000000.0,2009-11-05,,8871000000.0,,2009-11-05,2009-11-05
QCOM,2008-09-28,3160000000.0,17944000000.0,2009-11-05,24712000000.0,11142000000.0,2009-11-05,2009-11-05,2009-11-05
QCOM,2009-09-27,1592000000.0,20316000000.0,2009-11-05,27445000000.0,10416000000.0,2009-11-05,2009-11-05,2009-11-05
QCOM,2010-09-26,3247000000.0,20858000000.0,2010-11-03,30572000000.0,10991000000.0,2010-11-03,2010-11-03,2010-11-03
QCOM,2011-09-25,4260000000.0,26951000000.0,2011-11-02,36422000000.0,14957000000.0,2011-11-02,2011-11-02,2011-11-02
QCOM,2012-09-30,6109000000.0,33523000000.0,2012-11-07,43012000000.0,19121000000.0,2012-11-07,2012-11-07,2012-11-07
QCOM,2013-09-29,6853000000.0,36088000000.0,2013-11-06,45516000000.0,24866000000.0,2013-11-06,2013-11-06,2013-11-06
QCOM,2014-09-28,7967000000.0,39169000000.0,2014-11-05,48574000000.0,26487000000.0,2014-11-05,2014-11-05,2014-11-05
QCOM,2015-09-27,5271000000.0,31421000000.0,2015-11-04,50796000000.0,25281000000.0,2015-11-04,2015-11-04,2015-11-04
QCOM,2016-09-25,5705000000.0,31778000000.0,2016-11-02,52359000000.0,23554000000.0,2016-11-02,2016-11-02,2016-11-02
QCOM,2017-09-24,2466000000.0,30746000000.0,2017-11-01,65486000000.0,22291000000.0,2017-11-01,2017-11-01,2017-11-01
QCOM,2018-09-30,-4864000000.0,807000000.0,2019-11-06,32686000000.0,22732000000.0,2018-11-07,2018-11-07,2018-11-07
QCOM,2019-09-29,4386000000.0,4909000000.0,2019-11-06,32957000000.0,24273000000.0,2019-11-06,2019-11-06,2019-11-06
QCOM,2020-09-27,5198000000.0,,,35594000000.0,23531000000.0,2020-11-04,2020-11-04,2020-11-04
QCOM,2021-09-26,9043000000.0,,,41240000000.0,33566000000.0,2021-11-03,2021-11-03,2021-11-03
QCOM,2022-09-25,12936000000.0,,,49014000000.0,44200000000.0,2022-11-02,2022-11-02,2022-11-02
QCOM,2023-09-24,7232000000.0,,,51040000000.0,35820000000.0,2023-11-01,2023-11-01,2023-11-01
QCOM,2024-09-29,10142000000.0,,,55154000000.0,38962000000.0,2024-11-06,2024-11-06,2024-11-06
QCOM,2025-09-28,5541000000.0,,,50143000000.0,44284000000.0,2025-11-05,2025-11-05,2025-11-05
QRVO,2012-03-31,,672331000.0,2015-05-27,,,,,
QRVO,2013-03-30,-52999000.0,639014000.0,2015-05-27,,,,,2015-05-27
QRVO,2014-03-29,12642000.0,676351000.0,2015-05-27,920312000.0,,2015-05-27,,2015-05-27
QRVO,2015-03-28,196303000.0,6173160000.0,2015-05-27,6892379000.0,,2015-05-27,,2015-05-27
QRVO,2016-04-02,-28845000.0,4999672000.0,2016-05-31,6596819000.0,,2016-05-31,,2016-05-31
QRVO,2017-04-01,-16558000.0,4896722000.0,2017-05-23,6522323000.0,3032574000.0,2017-05-23,2019-05-17,2017-05-23
QRVO,2018-03-31,-40288000.0,4775564000.0,2018-05-21,6381519000.0,2973536000.0,2018-05-21,2019-05-17,2018-05-21
QRVO,2019-03-30,133125000.0,4359679000.0,2019-05-17,5808024000.0,3090325000.0,2019-05-17,2019-05-17,2019-05-17
QRVO,2020-03-28,334325000.0,4292665000.0,2020-05-20,6560682000.0,3239141000.0,2020-05-20,2020-05-20,2020-05-20
QRVO,2021-04-03,733611000.0,4629425000.0,2021-05-24,7221470000.0,4015307000.0,2021-05-24,2021-05-24,2021-05-24
QRVO,2022-04-02,1033353000.0,4553218000.0,2022-05-20,7509072000.0,4645714000.0,2022-05-20,2022-05-20,2022-05-20
QRVO,2023-04-01,103152000.0,3902794000.0,2023-05-19,6691903000.0,3569399000.0,2023-05-19,2023-05-19,2023-05-19
QRVO,2024-03-30,-70322000.0,3556372000.0,2024-05-20,6554635000.0,3769506000.0,2024-05-20,2024-05-20,2024-05-20
QRVO,2025-03-29,55615000.0,3392312000.0,2025-05-19,5933131000.0,3718971000.0,2025-05-19,2025-05-19,2025-05-19
QRVO,2026-03-28,338989000.0,3344299000.0,2026-05-08,5825590000.0,3678517000.0,2026-05-08,2026-05-08,2026-05-08
R,2007-12-31,,1887589000.0,2011-02-15,,,,,
R,2008-12-31,199881000.0,1345161000.0,2011-02-15,,5999041000.0,,2011-02-15,2011-02-15
R,2009-12-31,61945000.0,1426995000.0,2011-02-15,6259830000.0,4887254000.0,2011-02-15,2011-02-15,2011-02-15
R,2010-12-31,118170000.0,1404313000.0,2011-02-15,6652374000.0,5136435000.0,2011-02-15,2011-02-15,2011-02-15
R,2011-12-31,169777000.0,1318153000.0,2012-02-16,7617835000.0,6050534000.0,2012-02-16,2012-02-16,2012-02-16
R,2012-12-31,209979000.0,1467487000.0,2013-02-14,8318979000.0,6256967000.0,2013-02-14,2013-02-14,2013-02-14
R,2013-12-31,237792000.0,1896714000.0,2014-02-14,9103782000.0,6419285000.0,2014-02-14,2014-02-14,2014-02-14
R,2014-12-31,218575000.0,1819474000.0,2015-02-13,9675986000.0,6638774000.0,2015-02-13,2015-02-13,2015-02-13
R,2015-12-31,304768000.0,1987111000.0,2016-02-12,10967809000.0,6571893000.0,2016-02-12,2016-02-12,2016-02-12
R,2016-12-31,262477000.0,2052275000.0,2017-02-14,10902454000.0,6786984000.0,2017-02-14,2017-02-14,2017-02-14
R,2017-12-31,790558000.0,2835016000.0,2018-02-20,11452231000.0,7329599000.0,2018-02-20,2018-02-20,2018-02-20
R,2018-12-31,273298000.0,2910327000.0,2019-02-21,13051084000.0,8409215000.0,2019-02-21,2019-02-21,2019-02-21
R,2019-12-31,-24410000.0,2476310000.0,2020-02-27,14475334000.0,8925801000.0,2020-02-27,2020-02-27,2020-02-27
R,2020-12-31,-122250000.0,2255557000.0,2021-02-19,12931954000.0,8420091000.0,2021-02-19,2021-02-19,2021-02-19
R,2021-12-31,519041000.0,2797946000.0,2022-02-17,13834323000.0,9662953000.0,2022-02-17,2022-02-17,2022-02-17
R,2022-12-31,867000000.0,2937000000.0,2023-02-15,14395000000.0,12011000000.0,2023-02-15,2023-02-15,2023-02-15
R,2023-12-31,406000000.0,3069000000.0,2024-02-20,15778000000.0,11783000000.0,2024-02-20,2024-02-20,2024-02-20
R,2024-12-31,489000000.0,3117000000.0,2025-02-12,16672000000.0,12636000000.0,2025-02-12,2025-02-12,2025-02-12
R,2025-12-31,499000000.0,3052000000.0,2026-02-11,16387000000.0,12665000000.0,2026-02-11,2026-02-11,2026-02-11
RCL,2007-12-31,,6757343000.0,2011-02-24,,,,,
RCL,2008-12-31,573722000.0,6803012000.0,2011-02-24,,6532525000.0,,2011-02-24,2011-02-24
RCL,2009-12-31,162421000.0,7499717000.0,2011-02-24,18233494000.0,5889826000.0,2011-02-24,2011-02-24,2011-02-24
RCL,2010-12-31,547467000.0,7942502000.0,2011-02-24,19694904000.0,6752504000.0,2011-02-24,2011-02-24,2011-02-24
RCL,2011-12-31,607421000.0,8407823000.0,2012-02-29,19804405000.0,7537263000.0,2012-02-29,2012-02-29,2012-02-29
RCL,2012-12-31,18287000.0,8308749000.0,2013-02-25,19827930000.0,7688024000.0,2013-02-25,2013-02-25,2013-02-25
RCL,2013-12-31,473692000.0,8808265000.0,2014-02-20,20072947000.0,7959894000.0,2014-02-20,2014-02-20,2014-02-20
RCL,2014-12-31,764146000.0,8284359000.0,2015-02-23,20713190000.0,8073855000.0,2015-02-23,2015-02-23,2015-02-23
RCL,2015-12-31,665783000.0,8063039000.0,2016-02-22,20921855000.0,8299074000.0,2016-02-22,2016-02-22,2016-02-22
RCL,2016-12-31,1283388000.0,9121412000.0,2017-02-23,22310324000.0,8496401000.0,2017-02-23,2017-02-23,2017-02-23
RCL,2017-12-31,1625133000.0,10702303000.0,2018-02-21,22296317000.0,8777845000.0,2018-02-21,2018-02-21,2018-02-21
RCL,2018-12-31,1811042000.0,11105461000.0,2019-02-22,27698270000.0,,2019-02-22,,2019-02-22
RCL,2019-12-31,1878887000.0,12163846000.0,2020-02-25,30320284000.0,,2020-02-25,,2020-02-25
RCL,2020-12-31,-5797462000.0,8760669000.0,2021-02-26,32465187000.0,,2021-02-26,,2021-02-26
RCL,2021-12-31,-5260499000.0,5085556000.0,2022-03-01,32258355000.0,,2022-03-01,,2022-03-01
RCL,2022-12-31,-2155962000.0,2868812000.0,2023-02-23,33776361000.0,,2023-02-23,,2023-02-23
RCL,2023-12-31,1697000000.0,4724000000.0,2024-02-21,35131000000.0,,2024-02-21,,2024-02-21
RCL,2024-12-31,2877000000.0,7563000000.0,2025-02-14,37070000000.0,,2025-02-14,,2025-02-14
RCL,2025-12-31,4268000000.0,10037000000.0,2026-02-11,41619000000.0,,2026-02-11,,2026-02-11
REG,2017-12-31,176077000.0,,,,984326000.0,,2020-02-18,2020-02-18
REG,2018-12-31,249127000.0,6397970000.0,2020-02-18,10944663000.0,1120975000.0,2020-02-18,2020-02-18,2020-02-18
REG,2019-12-31,239430000.0,6213348000.0,2020-02-18,11132253000.0,1133138000.0,2020-02-18,2020-02-18,2020-02-18
REG,2020-12-31,44889000.0,5984912000.0,2021-02-17,10936904000.0,1016175000.0,2021-02-17,2021-02-17,2021-02-17
REG,2021-12-31,361411000.0,6037371000.0,2022-02-17,10792563000.0,1166161000.0,2022-02-17,2022-02-17,2022-02-17
REG,2022-12-31,482865000.0,6096985000.0,2023-02-17,10860220000.0,1224022000.0,2023-02-17,2023-02-17,2023-02-17
REG,2023-12-31,364557000.0,7032687000.0,2024-02-16,12426913000.0,1322466000.0,2024-02-16,2024-02-16,2024-02-16
REG,2024-12-31,400388000.0,6724146000.0,2025-02-14,12391961000.0,1453904000.0,2025-02-14,2025-02-14,2025-02-14
REG,2025-12-31,527460000.0,6906890000.0,2026-02-13,13001283000.0,1553524000.0,2026-02-13,2026-02-13,2026-02-13
REGN,2007-12-31,,459348000.0,2011-02-17,,,,,
REGN,2008-12-31,-79129000.0,421514000.0,2011-02-17,,238457000.0,,2011-02-17,2011-02-17
REGN,2009-12-31,-67830000.0,396762000.0,2011-02-17,741202000.0,379268000.0,2011-02-17,2011-02-17,2011-02-17
REGN,2010-12-31,-104468000.0,527815000.0,2011-02-17,1089432000.0,459074000.0,2011-02-17,2011-02-17,2011-02-17
REGN,2011-12-31,-221760000.0,485732000.0,2012-02-21,1323583000.0,445824000.0,2012-02-21,2012-02-21,2012-02-21
REGN,2012-12-31,750269000.0,1245385000.0,2013-02-15,2080490000.0,1378477000.0,2013-02-15,2013-02-15,2013-02-15
REGN,2013-12-31,424362000.0,1952076000.0,2014-02-13,2951013000.0,2104745000.0,2014-02-13,2014-02-13,2014-02-13
REGN,2014-12-31,348074000.0,2542325000.0,2015-02-12,3871827000.0,2819557000.0,2015-02-12,2015-02-12,2015-02-12
REGN,2015-12-31,636056000.0,3654837000.0,2016-02-11,5609132000.0,4103728000.0,2016-02-11,2016-02-11,2016-02-11
REGN,2016-12-31,895522000.0,4449245000.0,2017-02-09,6973466000.0,4860427000.0,2017-02-09,2017-02-09,2017-02-09
REGN,2017-12-31,1198511000.0,6144078000.0,2018-02-08,8764286000.0,5872227000.0,2018-02-08,2018-02-08,2018-02-08
REGN,2018-12-31,2444400000.0,8757300000.0,2019-02-07,11734500000.0,,2019-02-07,,2019-02-07
REGN,2019-12-31,2115800000.0,11089700000.0,2020-02-07,14805200000.0,,2020-02-07,,2020-02-07
REGN,2020-12-31,3513200000.0,11025300000.0,2021-02-08,17163300000.0,,2021-02-08,,2021-02-08
REGN,2021-12-31,8075300000.0,18768800000.0,2022-02-07,25434800000.0,,2022-02-07,,2022-02-07
REGN,2022-12-31,4338400000.0,22664000000.0,2023-02-06,29214500000.0,,2023-02-06,,2023-02-06
REGN,2023-12-31,3953600000.0,25973100000.0,2024-02-05,33080200000.0,,2024-02-05,,2024-02-05
REGN,2024-12-31,4412600000.0,29353600000.0,2025-02-05,37759400000.0,,2025-02-05,,2025-02-05
REGN,2025-12-31,4504900000.0,31256900000.0,2026-02-04,40558700000.0,,2026-02-04,,2026-02-04
RF,2006-12-31,,20701000000.0,2010-02-22,,,,,
RF,2007-12-31,1251000000.0,19823000000.0,2010-02-22,,,,,2010-02-22
RF,2008-12-31,-5596000000.0,16813000000.0,2010-02-22,146248000000.0,,2010-02-22,,2010-02-22
RF,2009-12-31,-1031000000.0,17881000000.0,2010-02-22,142318000000.0,,2010-02-22,,2010-02-22
RF,2010-12-31,-539000000.0,16734000000.0,2012-02-24,132351000000.0,,2012-02-24,,2012-02-24
RF,2011-12-31,-215000000.0,16499000000.0,2012-02-24,127050000000.0,,2012-02-24,,2012-02-24
RF,2012-12-31,1120000000.0,15499000000.0,2013-02-21,121347000000.0,,2013-02-21,,2013-02-21
RF,2013-12-31,1122000000.0,15768000000.0,2014-02-21,117396000000.0,,2014-02-21,,2014-02-21
RF,2014-12-31,1155000000.0,16989000000.0,2015-02-17,119679000000.0,,2015-02-17,,2015-02-17
RF,2015-12-31,1062000000.0,16844000000.0,2016-02-16,126050000000.0,,2016-02-16,,2016-02-16
RF,2016-12-31,1163000000.0,16664000000.0,2017-02-24,125968000000.0,,2017-02-24,,2017-02-24
RF,2017-12-31,1263000000.0,16192000000.0,2018-02-26,124294000000.0,,2018-02-26,,2018-02-26
RF,2018-12-31,1759000000.0,15090000000.0,2019-02-22,125688000000.0,,2019-02-22,,2019-02-22
RF,2019-12-31,1582000000.0,16295000000.0,2020-02-21,126240000000.0,,2020-02-21,,2020-02-21
RF,2020-12-31,1094000000.0,18111000000.0,2021-02-24,147389000000.0,,2021-02-24,,2021-02-24
RF,2021-12-31,2521000000.0,18326000000.0,2022-02-24,162938000000.0,,2022-02-24,,2022-02-24
RF,2022-12-31,2245000000.0,15947000000.0,2023-02-24,155220000000.0,,2023-02-24,,2023-02-24
RF,2023-12-31,2074000000.0,17429000000.0,2024-02-23,152194000000.0,,2024-02-23,,2024-02-23
RF,2024-12-31,1893000000.0,17879000000.0,2025-02-21,157302000000.0,,2025-02-21,,2025-02-21
RF,2025-12-31,2156000000.0,19043000000.0,2026-02-24,158814000000.0,,2026-02-24,,2026-02-24
RHI,2008-12-31,250181000.0,,,,,,,2011-02-17
RHI,2009-12-31,37263000.0,899810000.0,2011-02-17,1283535000.0,,2011-02-17,,2011-02-17
RHI,2010-12-31,66069000.0,834371000.0,2011-02-17,1273984000.0,,2011-02-17,,2011-02-17
RHI,2011-12-31,149922000.0,800505000.0,2012-02-17,1311836000.0,,2012-02-17,,2012-02-17
RHI,2012-12-31,209942000.0,842011000.0,2013-02-15,1381271000.0,,2013-02-15,,2013-02-15
RHI,2013-12-31,252195000.0,919643000.0,2014-02-14,1490271000.0,,2014-02-14,,2014-02-14
RHI,2014-12-31,305928000.0,979858000.0,2015-02-13,1647267000.0,,2015-02-13,,2015-02-13
RHI,2015-12-31,357796000.0,1003781000.0,2016-02-17,1702960000.0,,2016-02-17,,2016-02-17
RHI,2016-12-31,343389000.0,1086599000.0,2017-02-13,1777971000.0,5250399000.0,2017-02-13,2019-02-15,2017-02-13
RHI,2017-12-31,290584000.0,1105265000.0,2018-02-20,1867454000.0,5266789000.0,2018-02-20,2019-02-15,2018-02-20
RHI,2018-12-31,434288000.0,1063198000.0,2019-02-15,1903097000.0,5800271000.0,2019-02-15,2019-02-15,2019-02-15
RHI,2019-12-31,454433000.0,1143683000.0,2020-02-14,2311408000.0,6074432000.0,2020-02-14,2020-02-14,2020-02-14
RHI,2020-12-31,306276000.0,1205289000.0,2021-02-12,2557424000.0,5109000000.0,2021-02-12,2021-02-12,2021-02-12
RHI,2021-12-31,598626000.0,1381051000.0,2022-02-14,2952359000.0,6461444000.0,2022-02-14,2022-02-14,2022-02-14
RHI,2022-12-31,657919000.0,1568558000.0,2023-02-10,2964488000.0,7238142000.0,2023-02-10,2023-02-10,2023-02-10
RHI,2023-12-31,411146000.0,1588351000.0,2024-02-20,3010789000.0,6392517000.0,2024-02-20,2024-02-20,2024-02-20
RHI,2024-12-31,251598000.0,1378003000.0,2025-02-13,2854405000.0,5795837000.0,2025-02-13,2025-02-13,2025-02-13
RHI,2025-12-31,132990000.0,1275857000.0,2026-02-13,2856276000.0,5378506000.0,2026-02-13,2026-02-13,2026-02-13
RIG,2007-12-31,3121000000.0,,,,6377000000.0,,2010-02-24,2010-02-24
RIG,2008-12-31,4031000000.0,17164000000.0,2010-02-24,35182000000.0,12674000000.0,2010-02-24,2010-02-24,2010-02-24
RIG,2009-12-31,3181000000.0,20552000000.0,2010-02-24,36436000000.0,11556000000.0,2010-02-24,2010-02-24,2010-02-24
RIG,2010-12-31,961000000.0,21383000000.0,2011-02-28,36811000000.0,9576000000.0,2011-02-28,2011-02-28,2011-02-28
RIG,2011-12-31,-5754000000.0,15701000000.0,2012-02-27,35088000000.0,9142000000.0,2012-02-27,2012-02-27,2013-03-01
RIG,2012-12-31,-219000000.0,15745000000.0,2013-03-01,34255000000.0,9196000000.0,2013-03-01,2013-03-01,2013-03-01
RIG,2013-12-31,1407000000.0,16691000000.0,2014-02-27,32546000000.0,9484000000.0,2014-02-27,2014-02-27,2014-02-27
RIG,2014-12-31,-1913000000.0,13671000000.0,2015-02-26,28413000000.0,9174000000.0,2015-02-26,2015-02-26,2015-02-26
RIG,2015-12-31,791000000.0,14498000000.0,2016-02-25,26329000000.0,7386000000.0,2016-02-25,2016-02-25,2016-02-25
RIG,2016-12-31,778000000.0,15802000000.0,2017-03-07,26889000000.0,4161000000.0,2017-03-07,2017-03-07,2017-03-07
RIG,2017-12-31,-3127000000.0,12707000000.0,2018-02-21,22410000000.0,2973000000.0,2018-02-21,2018-02-21,2018-02-21
RIG,2018-12-31,-1996000000.0,13107000000.0,2019-02-19,25665000000.0,,2019-02-19,,2019-02-19
RIG,2019-12-31,-1255000000.0,11862000000.0,2020-02-18,24105000000.0,,2020-02-18,,2020-02-18
RIG,2020-12-31,-567000000.0,11432000000.0,2021-03-01,21804000000.0,,2021-03-01,,2021-03-01
RIG,2021-12-31,-592000000.0,11205000000.0,2022-02-23,20681000000.0,,2022-02-23,,2022-02-23
RIG,2022-12-31,-621000000.0,10791000000.0,2023-02-23,20436000000.0,,2023-02-23,,2023-02-23
RIG,2023-12-31,-954000000.0,10415000000.0,2024-02-21,20254000000.0,,2024-02-21,,2024-02-21
RIG,2024-12-31,-512000000.0,10284000000.0,2025-02-18,19371000000.0,,2025-02-18,,2025-02-18
RIG,2025-12-31,-2915000000.0,8108000000.0,2026-02-23,15642000000.0,,2026-02-23,,2026-02-23
RJF,2008-09-30,235078000.0,,,,3204932000.0,,2010-11-24,2010-11-24
RJF,2009-09-30,152750000.0,2032463000.0,2010-11-24,18226728000.0,2602519000.0,2010-11-24,2010-11-24,2010-11-24
RJF,2010-09-30,228283000.0,2302816000.0,2010-11-24,17883081000.0,2979516000.0,2010-11-24,2010-11-24,2010-11-24
RJF,2011-09-30,278353000.0,2587619000.0,2011-11-23,18006995000.0,3399886000.0,2011-11-23,2011-11-23,2011-11-23
RJF,2012-09-30,295869000.0,3268940000.0,2012-11-21,21160265000.0,3897900000.0,2012-11-21,2012-11-21,2012-11-21
RJF,2013-09-30,367154000.0,3662924000.0,2013-11-26,23186122000.0,4595798000.0,2013-11-26,2013-11-26,2013-11-26
RJF,2014-09-30,480248000.0,4141236000.0,2014-11-25,23325652000.0,4965460000.0,2014-11-25,2014-11-25,2014-11-25
RJF,2015-09-30,502140000.0,4522031000.0,2015-11-25,26479684000.0,5308164000.0,2015-11-25,2015-11-25,2015-11-25
RJF,2016-09-30,529350000.0,4914096000.0,2016-11-22,31593733000.0,5520344000.0,2016-11-22,2016-11-22,2016-11-22
RJF,2017-09-30,636235000.0,5581713000.0,2017-11-22,34883456000.0,6524875000.0,2017-11-22,2017-11-22,2017-11-22
RJF,2018-09-30,856695000.0,6368461000.0,2018-11-21,37412924000.0,7475821000.0,2018-11-21,2018-11-21,2018-11-21
RJF,2019-09-30,1034000000.0,6581000000.0,2019-11-26,38830000000.0,8023000000.0,2019-11-26,2019-11-26,2019-11-26
RJF,2020-09-30,818000000.0,7114000000.0,2020-11-24,47482000000.0,8168000000.0,2020-11-24,2020-11-24,2020-11-24
RJF,2021-09-30,1403000000.0,8245000000.0,2021-11-23,61891000000.0,9910000000.0,2021-11-23,2021-11-23,2021-11-23
RJF,2022-09-30,1509000000.0,9458000000.0,2022-11-22,80951000000.0,11308000000.0,2022-11-22,2022-11-22,2022-11-22
RJF,2023-09-30,1739000000.0,10214000000.0,2023-11-21,78360000000.0,12992000000.0,2023-11-21,2023-11-21,2023-11-21
RJF,2024-09-30,2068000000.0,11673000000.0,2024-11-26,82992000000.0,14923000000.0,2024-11-26,2024-11-26,2024-11-26
RJF,2025-09-30,2135000000.0,12503000000.0,2025-11-25,88230000000.0,15912000000.0,2025-11-25,2025-11-25,2025-11-25
RL,2009-03-28,406000000.0,2735100000.0,2012-05-24,,,,,2011-05-26
RL,2010-04-03,479500000.0,3116600000.0,2011-05-26,4648900000.0,,2011-05-26,,2011-05-26
RL,2011-04-02,567600000.0,3304700000.0,2011-05-26,4981100000.0,,2011-05-26,,2011-05-26
RL,2012-03-31,681000000.0,3652500000.0,2012-05-24,5416400000.0,,2012-05-24,,2012-05-24
RL,2013-03-30,750000000.0,3784600000.0,2013-05-23,5418200000.0,,2013-05-23,,2013-05-23
RL,2014-03-29,776000000.0,4034000000.0,2014-05-15,6090000000.0,,2014-05-15,,2014-05-15
RL,2015-03-28,702000000.0,3891000000.0,2015-05-15,6106000000.0,,2015-05-15,,2015-05-15
RL,2016-04-02,396000000.0,3744000000.0,2016-05-19,6213000000.0,,2016-05-19,,2016-05-19
RL,2017-04-01,-99300000.0,3299600000.0,2017-05-18,5652000000.0,6652800000.0,2017-05-18,2019-05-16,2017-05-18
RL,2018-03-31,162800000.0,3457400000.0,2018-05-23,6143300000.0,6182300000.0,2018-05-23,2019-05-16,2018-05-23
RL,2019-03-30,430900000.0,3287200000.0,2019-05-16,5942800000.0,6313000000.0,2019-05-16,2019-05-16,2019-05-16
RL,2020-03-28,384300000.0,2693100000.0,2020-05-27,7279900000.0,6159800000.0,2020-05-27,2020-05-27,2020-05-27
RL,2021-03-27,-121100000.0,2604400000.0,2021-05-20,7887500000.0,4400800000.0,2021-05-20,2021-05-20,2021-05-20
RL,2022-04-02,600100000.0,2536000000.0,2022-05-24,7724700000.0,6218500000.0,2022-05-24,2022-05-24,2022-05-24
RL,2023-04-01,522700000.0,2430500000.0,2023-05-25,6789500000.0,6443600000.0,2023-05-25,2023-05-25,2023-05-25
RL,2024-03-30,646300000.0,2450300000.0,2024-05-23,6602600000.0,6631400000.0,2024-05-23,2024-05-23,2024-05-23
RL,2025-03-29,742900000.0,2588500000.0,2025-05-22,7047300000.0,7079000000.0,2025-05-22,2025-05-22,2025-05-22
RL,2026-03-28,941100000.0,2841400000.0,2026-05-21,7739500000.0,8114500000.0,2026-05-21,2026-05-21,2026-05-21
RMD,2009-06-30,146448000.0,,,,,,,2011-08-17
RMD,2010-06-30,190085000.0,,,1626397000.0,,2011-08-17,,2011-08-17
RMD,2011-06-30,226986000.0,1730737000.0,2014-08-08,2068922000.0,,2011-08-17,,2011-08-17
RMD,2012-06-30,254850000.0,1607627000.0,2014-08-08,2137869000.0,1368515000.0,2012-08-14,2014-08-08,2012-08-14
RMD,2013-06-30,307133000.0,1610516000.0,2014-08-08,2210721000.0,1514457000.0,2013-08-13,2014-08-08,2013-08-13
RMD,2014-06-30,345273000.0,1758248000.0,2014-08-08,2360962000.0,1554973000.0,2014-08-08,2014-08-08,2014-08-08
RMD,2015-06-30,352886000.0,1587307000.0,2015-08-07,2184260000.0,1678912000.0,2015-08-07,2015-08-07,2015-08-07
RMD,2016-06-30,352409000.0,1694831000.0,2016-08-05,3258935000.0,1838713000.0,2016-08-05,2016-08-05,2016-08-05
RMD,2017-06-30,342284000.0,1960266000.0,2017-08-04,3468487000.0,2066737000.0,2017-08-04,2017-08-04,2017-08-04
RMD,2018-06-30,315588000.0,2058980000.0,2018-08-17,3063923000.0,2340196000.0,2018-08-17,2018-08-17,2018-08-17
RMD,2019-06-30,404592000.0,2072193000.0,2019-08-08,4107682000.0,2606572000.0,2019-08-08,2019-08-08,2019-08-08
RMD,2020-06-30,621674000.0,2497027000.0,2020-08-13,4587376000.0,2957013000.0,2020-08-13,2020-08-13,2020-08-13
RMD,2021-06-30,474505000.0,2885679000.0,2021-08-17,4728125000.0,,2021-08-17,,2021-08-17
RMD,2022-06-30,779437000.0,3360751000.0,2022-08-12,5095853000.0,,2022-08-12,,2022-08-12
RMD,2023-06-30,897556000.0,4129903000.0,2023-08-11,6751708000.0,,2023-08-11,,2023-08-11
RMD,2024-06-30,1020951000.0,4864043000.0,2024-08-09,6872394000.0,,2024-08-09,,2024-08-09
RMD,2025-06-30,1400723000.0,5967859000.0,2025-08-08,8174391000.0,,2025-08-08,,2025-08-08
RMD,2026-06-30,1523293000.0,6585393000.0,2026-08-13,8965950000.0,,2026-08-13,,2026-08-13
ROK,2006-09-30,,1918200000.0,2009-11-18,,,,,
ROK,2007-09-30,1487800000.0,1742800000.0,2009-11-18,,,,,2009-11-18
ROK,2008-09-30,577600000.0,1688800000.0,2009-11-18,4593600000.0,,2009-11-18,,2009-11-18
ROK,2009-09-30,220700000.0,1316400000.0,2009-11-18,4305700000.0,,2009-11-18,,2009-11-18
ROK,2010-09-30,464300000.0,1460400000.0,2010-11-18,4748300000.0,,2010-11-18,,2010-11-18
ROK,2011-09-30,697800000.0,1748000000.0,2011-11-14,5284900000.0,,2011-11-14,,2011-11-14
ROK,2012-09-30,737000000.0,1851700000.0,2012-11-19,5636500000.0,,2012-11-19,,2012-11-19
ROK,2013-09-30,756300000.0,2585500000.0,2013-11-18,5844600000.0,,2013-11-18,,2013-11-18
ROK,2014-09-30,826800000.0,2658100000.0,2014-11-18,6229500000.0,,2014-11-18,,2014-11-18
ROK,2015-09-30,827600000.0,2256800000.0,2015-11-17,6404700000.0,,2015-11-17,,2015-11-17
ROK,2016-09-30,729700000.0,1990100000.0,2016-11-15,7101200000.0,5879500000.0,2016-11-15,2018-11-09,2016-11-15
ROK,2017-09-30,825700000.0,2663600000.0,2017-11-15,7161700000.0,6311300000.0,2017-11-15,2018-11-09,2017-11-15
ROK,2018-09-30,535500000.0,1617500000.0,2018-11-09,6262000000.0,6666000000.0,2018-11-09,2018-11-09,2018-11-09
ROK,2019-09-30,695800000.0,404200000.0,2019-11-12,6113000000.0,,2019-11-12,,2019-11-12
ROK,2020-09-30,1023400000.0,1027800000.0,2020-11-10,7264700000.0,,2020-11-10,,2020-11-10
ROK,2021-09-30,1358100000.0,2389600000.0,2021-11-09,10701600000.0,,2021-11-09,,2021-11-09
ROK,2022-09-30,932200000.0,2725600000.0,2022-11-08,10758700000.0,,2022-11-08,,2022-11-08
ROK,2023-09-30,1387400000.0,3561600000.0,2023-11-08,11304000000.0,,2023-11-08,,2023-11-08
ROK,2024-09-30,952500000.0,3498300000.0,2024-11-12,11232100000.0,,2024-11-12,,2024-11-12
ROK,2025-09-30,869000000.0,3654000000.0,2025-11-12,11219000000.0,,2025-11-12,,2025-11-12
ROL,2008-12-31,,228433000.0,2012-02-28,,,,,
ROL,2009-12-31,,264566000.0,2012-02-28,566496000.0,,2011-02-25,,
ROL,2010-12-31,,297970000.0,2012-02-28,619014000.0,,2011-02-25,,
ROL,2011-12-31,,323997000.0,2012-02-28,645650000.0,,2012-02-28,,
ROL,2012-12-31,,354956000.0,2013-02-27,692506000.0,,2013-02-27,,
ROL,2013-12-31,,438255000.0,2014-02-26,739217000.0,,2014-02-26,,
ROL,2014-12-31,,462676000.0,2015-02-25,808162000.0,,2015-02-25,,
ROL,2015-12-31,,524029000.0,2016-02-24,852431000.0,,2016-02-24,,
ROL,2016-12-31,,568545000.0,2017-02-24,916538000.0,1573477000.0,2017-02-24,2019-03-01,
ROL,2017-12-31,,653924000.0,2018-02-26,1033663000.0,1673957000.0,2018-02-26,2019-03-01,
ROL,2018-12-31,,711908000.0,2019-03-01,1094124000.0,1821565000.0,2019-03-01,2019-03-01,
ROL,2019-12-31,203347000.0,815750000.0,2020-02-28,1744376000.0,2015477000.0,2020-02-28,2020-02-28,2022-02-25
ROL,2020-12-31,260824000.0,941360000.0,2021-02-26,1845900000.0,2161220000.0,2021-02-26,2021-02-26,2022-02-25
ROL,2021-12-31,350687000.0,1082048000.0,2022-02-25,1980870000.0,,2022-02-25,,2022-02-25
ROL,2022-12-31,368599000.0,1267197000.0,2023-02-16,2122028000.0,,2023-02-16,,2023-02-16
ROL,2023-12-31,434957000.0,1155567000.0,2024-02-15,2595460000.0,,2024-02-15,,2024-02-15
ROL,2024-12-31,466379000.0,1330593000.0,2025-02-13,2819695000.0,,2025-02-13,,2025-02-13
ROL,2025-12-31,526705000.0,1374321000.0,2026-02-12,3140523000.0,,2026-02-12,,2026-02-12
ROP,2007-12-31,245705000.0,,,,2102049000.0,,2010-02-26,2010-02-26
ROP,2008-12-31,281874000.0,,,3971538000.0,2306371000.0,2010-02-26,2010-02-26,2010-02-26
ROP,2009-12-31,239481000.0,,,4327736000.0,2049668000.0,2010-02-26,2010-02-26,2010-02-26
ROP,2010-12-31,322580000.0,,,5069524000.0,2386112000.0,2011-02-25,2011-02-25,2011-02-25
ROP,2011-12-31,427247000.0,,,5319417000.0,2797089000.0,2012-02-24,2012-02-24,2012-02-24
ROP,2012-12-31,483360000.0,,,7071104000.0,2993489000.0,2013-02-25,2013-02-25,2013-02-25
ROP,2013-12-31,538293000.0,4213050000.0,2017-02-27,8184981000.0,3238128000.0,2014-02-21,2014-02-21,2014-02-21
ROP,2014-12-31,646033000.0,4755360000.0,2017-02-27,8412934000.0,3549494000.0,2015-02-20,2015-02-20,2015-02-20
ROP,2015-12-31,696067000.0,5298947000.0,2017-02-27,10168365000.0,3582395000.0,2016-02-26,2016-02-26,2016-02-26
ROP,2016-12-31,658645000.0,5788865000.0,2017-02-27,14324927000.0,3789925000.0,2017-02-27,2017-02-27,2017-02-27
ROP,2017-12-31,971772000.0,6863564000.0,2018-02-23,14316413000.0,4607471000.0,2018-02-23,2018-02-23,2018-02-23
ROP,2018-12-31,944400000.0,7738500000.0,2019-02-25,15249500000.0,,2019-02-25,,2019-02-25
ROP,2019-12-31,1767900000.0,9491900000.0,2020-02-28,18108900000.0,,2020-02-28,,2020-02-28
ROP,2020-12-31,949700000.0,10479800000.0,2021-02-22,24024800000.0,,2021-02-22,,2021-02-22
ROP,2021-12-31,1152600000.0,11563800000.0,2022-02-22,23713900000.0,,2022-02-22,,2022-02-22
ROP,2022-12-31,4544700000.0,16037800000.0,2023-02-27,26980800000.0,,2023-02-27,,2023-02-27
ROP,2023-12-31,1384200000.0,17444800000.0,2024-02-22,28167500000.0,,2024-02-22,,2024-02-22
ROP,2024-12-31,1549300000.0,18867600000.0,2025-02-24,31334700000.0,,2025-02-24,,2025-02-24
ROP,2025-12-31,1536300000.0,19881500000.0,2026-02-24,34577000000.0,,2026-02-24,,2026-02-24
ROST,2008-02-02,,970649000.0,2011-03-29,,,,,
ROST,2009-01-31,305441000.0,996369000.0,2011-03-29,,6486139000.0,,2011-03-29,2011-03-29
ROST,2010-01-30,442757000.0,1157293000.0,2011-03-29,2768633000.0,7184213000.0,2011-03-29,2011-03-29,2011-03-29
ROST,2011-01-29,554797000.0,1332692000.0,2011-03-29,3116204000.0,7866100000.0,2011-03-29,2011-03-29,2011-03-29
ROST,2012-01-28,657170000.0,1493012000.0,2012-03-27,3301209000.0,8608291000.0,2012-03-27,2012-03-27,2012-03-27
ROST,2013-02-02,786763000.0,1766863000.0,2013-04-02,3670561000.0,9721065000.0,2013-04-02,2013-04-02,2013-04-02
ROST,2014-02-01,837304000.0,2007302000.0,2014-04-01,3896797000.0,10230353000.0,2014-04-01,2014-04-01,2014-04-01
ROST,2015-01-31,924724000.0,2279210000.0,2015-03-31,4703134000.0,11041677000.0,2015-03-31,2015-03-31,2015-03-31
ROST,2016-01-30,1020661000.0,2471991000.0,2016-03-29,4869119000.0,11939999000.0,2016-03-29,2016-03-29,2016-03-29
ROST,2017-01-28,1117654000.0,2748017000.0,2017-03-28,5309351000.0,12866757000.0,2017-03-28,2017-03-28,2017-03-28
ROST,2018-02-03,1362753000.0,3049308000.0,2018-04-03,5722051000.0,14134732000.0,2018-04-03,2018-04-03,2018-04-03
ROST,2019-02-02,1587457000.0,3305746000.0,2019-04-02,6073691000.0,,2019-04-02,,2019-04-02
ROST,2020-02-01,1660928000.0,3359249000.0,2020-03-31,9348367000.0,,2020-03-31,,2020-03-31
ROST,2021-01-30,85382000.0,3290640000.0,2021-03-30,12717867000.0,,2021-03-30,,2021-03-30
ROST,2022-01-29,1722589000.0,4060050000.0,2022-03-29,13640256000.0,,2022-03-29,,2022-03-29
ROST,2023-01-28,1512041000.0,4288583000.0,2023-03-28,13416463000.0,,2023-03-28,,2023-03-28
ROST,2024-02-03,1874520000.0,4871326000.0,2024-04-02,14300109000.0,,2024-04-02,,2024-04-02
ROST,2025-02-01,2090730000.0,5509195000.0,2025-04-01,14905332000.0,,2025-04-01,,2025-04-01
ROST,2026-01-31,2145044000.0,6187443000.0,2026-03-31,15548737000.0,,2026-03-31,,2026-03-31
RRC,2007-12-31,,,,,860365000.0,,2010-02-24,
RRC,2008-12-31,,,,5551879000.0,1324673000.0,2010-02-24,2010-02-24,
RRC,2009-12-31,,2378589000.0,2013-02-27,5395881000.0,907341000.0,2010-02-24,2010-02-24,
RRC,2010-12-31,-239256000.0,2223761000.0,2013-02-27,,961397000.0,,2013-02-27,2013-02-27
RRC,2011-12-31,58026000.0,2392420000.0,2013-02-27,5845470000.0,1230642000.0,2013-02-27,2013-02-27,2013-02-27
RRC,2012-12-31,13002000.0,2357392000.0,2013-02-27,6728735000.0,1457704000.0,2013-02-27,2013-02-27,2013-02-27
RRC,2013-12-31,115722000.0,2414452000.0,2014-02-26,7299086000.0,1862719000.0,2014-02-26,2014-02-26,2014-02-26
RRC,2014-12-31,634382000.0,3457429000.0,2015-02-24,8746780000.0,2711695000.0,2015-02-24,2015-02-24,2015-02-24
RRC,2015-12-31,-713685000.0,2759658000.0,2016-02-25,6900031000.0,1598068000.0,2016-02-25,2016-02-25,2016-02-25
RRC,2016-12-31,-521388000.0,5408368000.0,2017-02-22,11282245000.0,1099939000.0,2017-02-22,2017-02-22,2017-02-22
RRC,2017-12-31,333146000.0,5774272000.0,2018-02-28,11728841000.0,2611030000.0,2018-02-28,2018-02-28,2018-02-28
RRC,2018-12-31,-1746481000.0,4059431000.0,2019-02-25,9708154000.0,3282645000.0,2019-02-25,2019-02-25,2019-02-25
RRC,2019-12-31,-1716297000.0,2347488000.0,2020-02-27,6612403000.0,2827615000.0,2020-02-27,2020-02-27,2020-02-27
RRC,2020-03-31,,2495808000.0,2021-02-23,,,,,
RRC,2020-06-30,,2336022000.0,2021-02-23,,,,,
RRC,2020-09-30,,1593968000.0,2021-02-23,,,,,
RRC,2020-12-31,-711777000.0,1637535000.0,2021-02-23,6136936000.0,1968697000.0,2021-02-23,2021-02-23,2021-02-23
RRC,2021-12-31,411778000.0,2085663000.0,2022-02-22,6660507000.0,2930223000.0,2022-02-22,2022-02-22,2022-02-22
RRC,2022-12-31,1183370000.0,2876006000.0,2023-02-27,6625562000.0,4146803000.0,2023-02-27,2023-02-27,2023-02-27
RRC,2023-12-31,871142000.0,3765551000.0,2024-02-21,7203885000.0,3374418000.0,2024-02-21,2024-02-21,2024-02-21
RRC,2024-12-31,266340000.0,3936657000.0,2025-02-25,7347675000.0,2417084000.0,2025-02-25,2025-02-25,2025-02-25
RRC,2025-12-31,658024000.0,4318681000.0,2026-02-24,7421948000.0,3115515000.0,2026-02-24,2026-02-24,2026-02-24
RSG,2007-12-31,290200000.0,,,,,,,2010-02-24
RSG,2008-12-31,73800000.0,7281400000.0,2010-02-24,19921400000.0,,2010-02-24,,2010-02-24
RSG,2009-12-31,495000000.0,7564500000.0,2010-02-24,19540300000.0,,2010-02-24,,2010-02-24
RSG,2010-12-31,506500000.0,7846500000.0,2011-02-18,19461900000.0,,2011-02-18,,2011-02-18
RSG,2011-12-31,589200000.0,7681300000.0,2012-02-17,19551500000.0,9758900000.0,2012-02-17,2014-02-13,2012-02-17
RSG,2012-12-31,571800000.0,7703300000.0,2013-02-15,19616900000.0,9731500000.0,2013-02-15,2014-02-13,2013-02-15
RSG,2013-12-31,588900000.0,7903500000.0,2014-02-13,19949200000.0,10144700000.0,2014-02-13,2014-02-13,2014-02-13
RSG,2014-12-31,547600000.0,7745300000.0,2015-02-23,20094000000.0,10611000000.0,2015-02-23,2015-02-23,2015-02-23
RSG,2015-12-31,749906000.0,7774100000.0,2016-02-12,20577200000.0,11013500000.0,2016-02-12,2016-02-12,2016-02-12
RSG,2016-12-31,612588000.0,7691300000.0,2017-02-17,20629600000.0,11355400000.0,2017-02-17,2017-02-17,2017-02-17
RSG,2017-12-31,1278374000.0,7958800000.0,2018-02-09,21147000000.0,12071100000.0,2018-02-09,2019-02-08,2018-02-09
RSG,2018-12-31,1036898000.0,7927100000.0,2019-02-08,21617000000.0,11891900000.0,2019-02-08,2019-02-08,2019-02-08
RSG,2019-12-31,1073286000.0,8118200000.0,2020-02-14,22683800000.0,12193000000.0,2020-02-14,2020-02-14,2020-02-14
RSG,2020-12-31,967237000.0,8483900000.0,2021-02-23,23434000000.0,12031700000.0,2021-02-23,2021-02-23,2021-02-23
RSG,2021-12-31,1290405000.0,8978900000.0,2022-02-11,24955000000.0,13321800000.0,2022-02-11,2022-02-11,2022-02-11
RSG,2022-12-31,1487586000.0,9686000000.0,2023-02-23,29052900000.0,15645100000.0,2023-02-23,2023-02-23,2023-02-23
RSG,2023-12-31,1730985000.0,10542300000.0,2024-02-29,31410100000.0,17278700000.0,2024-02-29,2024-02-29,2024-02-29
RSG,2024-12-31,2043173000.0,11405000000.0,2025-02-14,32402000000.0,18418000000.0,2025-02-14,2025-02-14,2025-02-14
RSG,2025-12-31,2139249000.0,11968000000.0,2026-02-18,34366000000.0,19027000000.0,2026-02-18,2026-02-18,2026-02-18
RTX,2007-12-31,4224000000.0,,,,55716000000.0,,2010-02-11,2010-02-11
RTX,2008-12-31,4689000000.0,15763000000.0,2010-02-11,56837000000.0,59757000000.0,2010-02-11,2010-02-11,2010-02-11
RTX,2009-12-31,3829000000.0,20066000000.0,2010-02-11,55762000000.0,52920000000.0,2010-02-11,2010-02-11,2010-02-11
RTX,2010-12-31,4373000000.0,21385000000.0,2011-02-10,58493000000.0,,2011-02-10,,2011-02-10
RTX,2011-12-31,4979000000.0,21880000000.0,2012-02-09,61452000000.0,,2012-02-09,,2012-02-09
RTX,2012-12-31,5130000000.0,25914000000.0,2013-02-07,89409000000.0,,2013-02-07,,2013-02-07
RTX,2013-12-31,5721000000.0,31866000000.0,2014-02-06,90594000000.0,,2014-02-06,,2014-02-06
RTX,2014-12-31,6220000000.0,31213000000.0,2015-02-05,91289000000.0,,2015-02-05,,2015-02-05
RTX,2015-12-31,7608000000.0,27358000000.0,2016-02-11,87484000000.0,,2016-02-11,,2016-02-11
RTX,2016-12-31,5055000000.0,27579000000.0,2017-02-09,89706000000.0,57244000000.0,2017-02-09,2019-02-07,2017-02-09
RTX,2017-12-31,4552000000.0,29610000000.0,2018-02-09,96920000000.0,59837000000.0,2018-02-09,2019-02-07,2018-02-09
RTX,2018-12-31,5269000000.0,38446000000.0,2019-02-07,134211000000.0,66501000000.0,2019-02-07,2019-02-07,2019-02-07
RTX,2019-12-31,5537000000.0,41774000000.0,2020-02-06,139716000000.0,77046000000.0,2020-02-06,2020-02-06,2020-02-06
RTX,2020-12-31,-3519000000.0,72163000000.0,2021-02-08,162153000000.0,56587000000.0,2021-02-08,2021-02-08,2021-02-08
RTX,2021-12-31,3864000000.0,73068000000.0,2022-02-11,161404000000.0,64388000000.0,2022-02-11,2022-02-11,2022-02-11
RTX,2022-12-31,5197000000.0,72632000000.0,2023-02-07,158864000000.0,67074000000.0,2023-02-07,2023-02-07,2023-02-07
RTX,2023-12-31,3195000000.0,59798000000.0,2024-02-05,161869000000.0,68920000000.0,2024-02-05,2024-02-05,2024-02-05
RTX,2024-12-31,4774000000.0,60156000000.0,2025-02-03,162861000000.0,80738000000.0,2025-02-03,2025-02-03,2025-02-03
RTX,2025-12-31,6732000000.0,65245000000.0,2026-02-06,171079000000.0,,2026-02-06,,2026-02-06
S,2019-01-31,,-152594000.0,2022-04-07,,,,,
S,2020-01-31,-76567000.0,-224213000.0,2022-04-07,,46474000.0,,2022-04-07,2022-04-07
S,2021-01-31,-117573000.0,-320536000.0,2022-04-07,520560000.0,93056000.0,2022-04-07,2022-04-07,2022-04-07
S,2022-01-31,-271101000.0,1650788000.0,2022-04-07,2042181000.0,204799000.0,2022-04-07,2022-04-07,2022-04-07
S,2023-01-31,-378678000.0,1656705000.0,2023-03-29,2258913000.0,422179000.0,2023-03-29,2023-03-29,2023-03-29
S,2024-01-31,-338693000.0,1594043000.0,2024-03-27,2321407000.0,621154000.0,2024-03-27,2024-03-27,2024-03-27
S,2025-01-31,-288441000.0,1669247000.0,2025-03-26,2406625000.0,821461000.0,2025-03-26,2025-03-26,2025-03-26
S,2026-01-31,-450735000.0,1437145000.0,2026-03-19,2438102000.0,1001278000.0,2026-03-19,2026-03-19,2026-03-19
SANM,2008-09-27,,673488000.0,2011-11-22,,,,,
SANM,2009-10-03,-137822000.0,519070000.0,2011-11-22,,,,,2011-11-22
SANM,2010-10-02,122435000.0,661601000.0,2011-11-22,3301796000.0,,2011-11-22,,2011-11-22
SANM,2011-10-01,68917000.0,770517000.0,2011-11-22,3353973000.0,,2011-11-22,,2011-11-22
SANM,2012-09-29,180234000.0,963781000.0,2012-11-21,3167786000.0,,2012-11-21,,2012-11-21
SANM,2013-09-28,79351000.0,1091564000.0,2013-11-27,2995848000.0,,2013-11-27,,2013-11-27
SANM,2014-09-27,197165000.0,1246755000.0,2014-11-13,3313089000.0,,2014-11-13,,2014-11-13
SANM,2015-10-03,377261000.0,1520471000.0,2015-11-19,3493264000.0,,2015-11-19,,2015-11-19
SANM,2016-10-01,187838000.0,1609803000.0,2016-11-18,3625222000.0,6481181000.0,2016-11-18,2018-11-15,2016-11-18
SANM,2017-09-30,138833000.0,1647684000.0,2017-11-13,3847363000.0,6868619000.0,2017-11-13,2018-11-15,2017-11-13
SANM,2018-09-29,-95533000.0,1472844000.0,2018-11-15,4085133000.0,7110130000.0,2018-11-15,2018-11-15,2018-11-15
SANM,2019-09-28,141515000.0,1642573000.0,2019-11-08,3905513000.0,8233859000.0,2019-11-08,2019-11-08,2019-11-08
SANM,2020-10-03,139713000.0,1629916000.0,2020-11-13,3772656000.0,6960370000.0,2020-11-13,2020-11-13,2020-11-13
SANM,2021-10-02,268998000.0,1878628000.0,2021-11-12,4206719000.0,6756643000.0,2021-11-12,2021-11-12,2021-11-12
SANM,2022-10-01,256121000.0,1861269000.0,2022-11-10,4859500000.0,7890475000.0,2022-11-10,2022-11-10,2022-11-10
SANM,2023-09-30,309970000.0,,,4873968000.0,,2023-11-16,,2023-11-16
SANM,2024-09-28,222536000.0,,,4822845000.0,,2024-11-27,,2024-11-27
SANM,2025-09-27,245893000.0,,,5858173000.0,,2025-11-13,,2025-11-13
SBAC,2008-12-31,-67164000.0,650510000.0,2012-02-27,,474954000.0,,2011-02-25,2011-02-25
SBAC,2009-12-31,-140871000.0,599034000.0,2011-02-25,3313646000.0,555513000.0,2011-02-25,2011-02-25,2011-02-25
SBAC,2010-12-31,-194674000.0,317110000.0,2011-02-25,3400175000.0,626619000.0,2011-02-25,2011-02-25,2011-02-25
SBAC,2011-12-31,-126456000.0,-11313000.0,2012-02-27,3606399000.0,698170000.0,2012-02-27,2012-02-27,2012-02-27
SBAC,2012-12-31,-181037000.0,652991000.0,2013-02-27,6595617000.0,954084000.0,2013-02-27,2013-02-27,2013-02-27
SBAC,2013-12-31,-55909000.0,356966000.0,2014-02-27,6783188000.0,1304866000.0,2014-02-27,2014-02-27,2014-02-27
SBAC,2014-12-31,-24295000.0,-660800000.0,2015-03-02,7841125000.0,1526996000.0,2015-03-02,2015-03-02,2015-03-02
SBAC,2015-12-31,-175656000.0,-1706144000.0,2016-02-26,7403215000.0,1638474000.0,2016-02-26,2016-02-26,2016-02-26
SBAC,2016-12-31,76238000.0,-1995921000.0,2017-03-01,7360945000.0,1633125000.0,2017-03-01,2017-03-01,2017-03-01
SBAC,2017-12-31,103654000.0,-2599114000.0,2018-03-01,7320205000.0,1727674000.0,2018-03-01,2018-03-01,2018-03-01
SBAC,2018-12-31,47451000.0,-3376823000.0,2019-02-28,7213707000.0,1865695000.0,2019-02-28,2019-02-28,2019-02-28
SBAC,2019-12-31,146991000.0,-3667007000.0,2020-02-24,9759941000.0,2014645000.0,2020-02-24,2020-02-24,2020-02-24
SBAC,2020-12-31,24104000.0,-4824382000.0,2021-02-25,9158018000.0,2083138000.0,2021-02-25,2021-02-25,2021-02-25
SBAC,2021-12-31,237624000.0,-5283404000.0,2022-03-01,9801699000.0,2308834000.0,2022-03-01,2022-03-01,2022-03-01
SBAC,2022-12-31,461429000.0,-5276315000.0,2023-03-01,10585041000.0,2633454000.0,2023-03-01,2023-03-01,2023-03-01
SBAC,2023-12-31,501812000.0,-5170882000.0,2024-02-28,10178441000.0,2711584000.0,2024-02-28,2024-02-28,2024-02-28
SBAC,2024-12-31,749536000.0,-5109938000.0,2025-02-26,11417336000.0,2679634000.0,2025-02-26,2025-02-26,2025-02-26
SBAC,2025-12-31,1053632000.0,-4853519000.0,2026-02-27,11575012000.0,2815139000.0,2026-02-27,2026-02-27,2026-02-27
SBUX,2006-10-01,,2228500000.0,2009-11-20,,,,,
SBUX,2007-09-30,672600000.0,2284100000.0,2009-11-20,,,,,2009-11-20
SBUX,2008-09-28,315500000.0,2490900000.0,2009-11-20,5672600000.0,,2009-11-20,,2009-11-20
SBUX,2009-09-27,390800000.0,3045700000.0,2009-11-20,5576800000.0,9774600000.0,2009-11-20,2011-11-18,2009-11-20
SBUX,2010-10-03,945600000.0,3674700000.0,2010-11-22,6385900000.0,10707400000.0,2010-11-22,2011-11-18,2010-11-22
SBUX,2011-10-02,1245700000.0,4384900000.0,2011-11-18,7360400000.0,11700400000.0,2011-11-18,2011-11-18,2011-11-18
SBUX,2012-09-30,1383800000.0,5109000000.0,2012-11-16,8219200000.0,13299500000.0,2012-11-16,2012-11-16,2012-11-16
SBUX,2013-09-29,8300000.0,4480200000.0,2013-11-18,11516700000.0,14892200000.0,2013-11-18,2013-11-18,2013-11-18
SBUX,2014-09-28,2068100000.0,5272000000.0,2014-11-14,10752900000.0,,2014-11-14,,2014-11-14
SBUX,2015-09-27,2757400000.0,5818000000.0,2015-11-12,12446100000.0,,2015-11-12,,2015-11-12
SBUX,2016-10-02,2817700000.0,5884000000.0,2016-11-18,14329500000.0,21315900000.0,2016-11-18,2018-11-16,2016-11-18
SBUX,2017-10-01,2884700000.0,5450100000.0,2017-11-17,14365600000.0,22386800000.0,2017-11-17,2018-11-16,2017-11-17
SBUX,2018-09-30,4518300000.0,1169500000.0,2018-11-16,24156400000.0,24719500000.0,2018-11-16,2018-11-16,2018-11-16
SBUX,2019-09-29,3599200000.0,-6232200000.0,2019-11-15,19219600000.0,26508600000.0,2019-11-15,2019-11-15,2019-11-15
SBUX,2020-09-27,928300000.0,-7805100000.0,2020-11-12,29374500000.0,23518000000.0,2020-11-12,2020-11-12,2020-11-12
SBUX,2021-10-03,4199300000.0,-5321200000.0,2021-11-19,31392600000.0,29060600000.0,2021-11-19,2021-11-19,2021-11-19
SBUX,2022-10-02,3281600000.0,-8706600000.0,2022-11-18,27978400000.0,32250300000.0,2022-11-18,2022-11-18,2022-11-18
SBUX,2023-10-01,4124500000.0,-7994800000.0,2023-11-17,29445500000.0,35975600000.0,2023-11-17,2023-11-17,2023-11-17
SBUX,2024-09-29,3760900000.0,-7448900000.0,2024-11-20,31339300000.0,36176200000.0,2024-11-20,2024-11-20,2024-11-20
SBUX,2025-09-28,1856400000.0,-8096600000.0,2025-11-14,32019700000.0,37184400000.0,2025-11-14,2025-11-14,2025-11-14
SCHW,2006-12-31,,5008000000.0,2010-02-25,,,,,
SCHW,2007-12-31,2407000000.0,3732000000.0,2010-02-25,,4994000000.0,,2010-02-25,2010-02-25
SCHW,2008-12-31,1212000000.0,4061000000.0,2010-02-25,51675000000.0,5150000000.0,2010-02-25,2010-02-25,2010-02-25
SCHW,2009-12-31,787000000.0,5073000000.0,2010-02-25,75431000000.0,4193000000.0,2010-02-25,2010-02-25,2010-02-25
SCHW,2010-12-31,454000000.0,6226000000.0,2011-02-25,92568000000.0,4248000000.0,2011-02-25,2011-02-25,2011-02-25
SCHW,2011-12-31,864000000.0,7714000000.0,2012-02-24,108553000000.0,4691000000.0,2012-02-24,2012-02-24,2012-02-24
SCHW,2012-12-31,928000000.0,9589000000.0,2013-02-22,133637000000.0,4883000000.0,2013-02-22,2013-02-22,2013-02-22
SCHW,2013-12-31,1071000000.0,10381000000.0,2014-02-24,143642000000.0,5435000000.0,2014-02-24,2014-02-24,2014-02-24
SCHW,2014-12-31,1321000000.0,11803000000.0,2015-02-23,154642000000.0,6058000000.0,2015-02-23,2015-02-23,2015-02-23
SCHW,2015-12-31,1447000000.0,13402000000.0,2016-02-24,183718000000.0,6380000000.0,2016-02-24,2016-02-24,2016-02-24
SCHW,2016-12-31,1889000000.0,16421000000.0,2017-02-23,223383000000.0,7478000000.0,2017-02-23,2017-02-23,2017-02-23
SCHW,2017-12-31,2354000000.0,18525000000.0,2018-02-22,243274000000.0,8618000000.0,2018-02-22,2018-02-22,2018-02-22
SCHW,2018-12-31,3507000000.0,20670000000.0,2019-02-22,296482000000.0,10132000000.0,2019-02-22,2019-02-22,2019-02-22
SCHW,2019-12-31,3704000000.0,21745000000.0,2020-02-26,294005000000.0,10721000000.0,2020-02-26,2020-02-26,2020-02-26
SCHW,2020-12-31,3299000000.0,56060000000.0,2021-02-24,549009000000.0,11691000000.0,2021-02-24,2021-02-24,2021-02-24
SCHW,2021-12-31,5855000000.0,56261000000.0,2022-02-24,667270000000.0,18520000000.0,2022-02-24,2022-02-24,2022-02-24
SCHW,2022-12-31,7183000000.0,36608000000.0,2023-02-24,551772000000.0,20762000000.0,2023-02-24,2023-02-24,2023-02-24
SCHW,2023-12-31,5067000000.0,40958000000.0,2024-02-23,493178000000.0,18837000000.0,2024-02-23,2024-02-23,2024-02-23
SCHW,2024-12-31,5942000000.0,48375000000.0,2025-02-26,479843000000.0,19606000000.0,2025-02-26,2025-02-26,2025-02-26
SCHW,2025-12-31,8852000000.0,49425000000.0,2026-02-25,490995000000.0,23921000000.0,2026-02-25,2026-02-25,2026-02-25
SEDG,2012-06-30,,-87990000.0,2015-08-20,,,,,
SEDG,2013-06-30,-28180000.0,-115014000.0,2015-08-20,,,,,2015-08-20
SEDG,2014-06-30,-21378000.0,-135294000.0,2015-08-20,74998000.0,,2015-08-20,,2015-08-20
SEDG,2015-06-30,21121000.0,166944000.0,2015-08-20,305658000.0,,2015-08-20,,2015-08-20
SEDG,2016-06-30,76609000.0,256108000.0,2016-08-17,397438000.0,489843000.0,2016-08-17,2019-02-28,2016-08-17
SEDG,2016-12-31,,288778000.0,2018-02-20,424743000.0,,2018-02-20,,
SEDG,2017-12-31,84172000.0,397467000.0,2018-02-20,641305000.0,607045000.0,2018-02-20,2019-02-28,2018-02-20
SEDG,2018-12-31,128833000.0,562408000.0,2019-02-28,964472000.0,937237000.0,2019-02-28,2019-02-28,2019-02-28
SEDG,2019-12-31,146549000.0,811670000.0,2020-02-27,1494624000.0,1425660000.0,2020-02-27,2020-02-27,2020-02-27
SEDG,2020-12-31,140322000.0,1085757000.0,2021-02-19,2437109000.0,1459271000.0,2021-02-19,2021-02-19,2021-02-19
SEDG,2021-12-31,169170000.0,1310039000.0,2022-02-22,2892060000.0,1963865000.0,2022-02-22,2022-02-22,2022-02-22
SEDG,2022-12-31,93779000.0,2176366000.0,2023-02-22,4265949000.0,3110279000.0,2023-02-22,2023-02-22,2023-02-22
SEDG,2023-12-31,34329000.0,2411909000.0,2024-02-26,4587731000.0,2976528000.0,2024-02-26,2024-02-26,2024-02-26
SEDG,2024-12-31,-1254539000.0,658342000.0,2025-02-25,2630195000.0,901456000.0,2025-02-25,2025-02-25,2025-02-25
SEDG,2025-12-31,-405448000.0,427464000.0,2026-02-25,2182194000.0,1184444000.0,2026-02-25,2026-02-25,2026-02-25
SHW,2007-12-31,615578000.0,1785727000.0,2010-02-24,4855340000.0,8005292000.0,2010-02-24,2010-02-24,2010-02-24
SHW,2008-12-31,476876000.0,1605648000.0,2010-02-24,4415759000.0,7979727000.0,2010-02-24,2010-02-24,2010-02-24
SHW,2009-12-31,435848000.0,1490950000.0,2010-02-24,4323855000.0,7094249000.0,2010-02-24,2010-02-24,2010-02-24
SHW,2010-12-31,462485000.0,1609440000.0,2011-02-23,5169235000.0,7776424000.0,2011-02-23,2011-02-23,2011-02-23
SHW,2011-12-31,441860000.0,,,5229252000.0,8766000000.0,2012-02-23,2014-02-27,2012-02-23
SHW,2012-12-31,631034000.0,1791804000.0,2015-02-25,6234737000.0,9534000000.0,2013-02-28,2014-02-27,2013-02-28
SHW,2013-12-31,752561000.0,1774535000.0,2015-02-25,6382507000.0,10186000000.0,2014-02-27,2014-02-27,2014-02-27
SHW,2014-12-31,865887000.0,996470000.0,2015-02-25,5706052000.0,11130000000.0,2015-02-25,2015-02-25,2015-02-25
SHW,2015-12-31,1053849000.0,867910000.0,2016-02-24,5791855000.0,11339000000.0,2016-02-24,2016-02-24,2016-02-24
SHW,2016-12-31,1132703000.0,1878441000.0,2017-02-22,6752521000.0,11856000000.0,2017-02-22,2017-02-22,2017-02-22
SHW,2017-12-31,1772262000.0,3692188000.0,2018-02-23,19958427000.0,14984000000.0,2018-02-23,2018-02-23,2018-02-23
SHW,2018-12-31,1108746000.0,3730745000.0,2019-02-22,19134279000.0,17534493000.0,2019-02-22,2019-02-22,2019-02-22
SHW,2019-12-31,1541300000.0,4123300000.0,2020-02-21,20496200000.0,17900800000.0,2020-02-21,2020-02-21,2020-02-21
SHW,2020-12-31,2030400000.0,3610800000.0,2021-02-19,20401600000.0,,2021-02-19,,2021-02-19
SHW,2021-12-31,1864400000.0,2437200000.0,2022-02-17,20666700000.0,,2022-02-17,,2022-02-17
SHW,2022-12-31,2020100000.0,3102100000.0,2023-02-22,22594000000.0,,2023-02-22,,2023-02-22
SHW,2023-12-31,2388800000.0,3715800000.0,2024-02-20,22954400000.0,,2024-02-20,,2024-02-20
SHW,2024-12-31,2681400000.0,4051200000.0,2025-02-20,23632600000.0,,2025-02-20,,2025-02-20
SHW,2025-12-31,2568500000.0,4598300000.0,2026-02-19,25901700000.0,,2026-02-19,,2026-02-19
SIG,2009-01-31,-402600000.0,1522700000.0,2012-03-22,,,,,2011-03-30
SIG,2010-01-30,157100000.0,1703600000.0,2011-03-30,3044900000.0,,2011-03-30,,2011-03-30
SIG,2011-01-28,,1939000000.0,2014-03-27,,,,,
SIG,2011-01-29,200400000.0,1939000000.0,2011-03-30,3089800000.0,,2011-03-30,,2011-03-30
SIG,2012-01-28,324400000.0,2279100000.0,2012-03-22,3611400000.0,,2012-03-22,,2012-03-22
SIG,2013-02-02,359900000.0,2329900000.0,2013-03-28,3715800000.0,,2013-03-28,,2013-03-28
SIG,2014-02-01,368000000.0,2563100000.0,2014-03-27,4029200000.0,,2014-03-27,,2014-03-27
SIG,2015-01-31,381300000.0,2810400000.0,2015-03-26,6327600000.0,,2015-03-26,,2015-03-26
SIG,2016-01-30,467900000.0,3060700000.0,2016-03-24,6474400000.0,,2016-03-24,,2016-03-24
SIG,2017-01-28,543200000.0,2490200000.0,2017-03-16,6597800000.0,6408400000.0,2017-03-16,2019-04-03,2017-03-16
SIG,2018-02-03,519300000.0,2499800000.0,2018-04-02,5839600000.0,6253000000.0,2018-04-02,2019-04-03,2018-04-02
SIG,2019-02-02,-657400000.0,1201600000.0,2019-04-03,4420100000.0,6247100000.0,2019-04-03,2019-04-03,2019-04-03
SIG,2020-02-01,105500000.0,1222600000.0,2020-03-26,6299100000.0,,2020-03-26,,2020-03-26
SIG,2021-01-30,-15200000.0,1190300000.0,2021-03-19,6178900000.0,,2021-03-19,,2021-03-19
SIG,2022-01-29,769900000.0,1564000000.0,2022-03-17,6575100000.0,,2022-03-17,,2022-03-17
SIG,2023-01-28,376700000.0,1578600000.0,2023-03-16,6620400000.0,,2023-03-16,,2023-03-16
SIG,2024-02-03,810400000.0,2166500000.0,2024-03-21,6813200000.0,,2024-03-21,,2024-03-21
SIG,2025-02-01,61200000.0,1851800000.0,2025-03-19,5726600000.0,,2025-03-19,,2025-03-19
SIG,2026-01-31,294400000.0,1966200000.0,2026-03-19,5952100000.0,,2026-03-19,,2026-03-19
SJM,2008-04-30,,1799853000.0,2011-06-28,,,,,
SJM,2009-04-30,265953000.0,4939931000.0,2011-06-28,8192161000.0,,2011-06-28,,2011-06-28
SJM,2010-04-30,494138000.0,5326320000.0,2011-06-28,7974853000.0,,2011-06-28,,2011-06-28
SJM,2011-04-30,479482000.0,5292363000.0,2011-06-28,8324585000.0,,2011-06-28,,2011-06-28
SJM,2012-04-30,459744000.0,5163386000.0,2012-06-25,9115226000.0,,2012-06-25,,2012-06-25
SJM,2013-04-30,544200000.0,5148800000.0,2013-06-21,9031800000.0,,2013-06-21,,2013-06-21
SJM,2014-04-30,565200000.0,5029600000.0,2014-06-23,9072100000.0,,2014-06-23,,2014-06-23
SJM,2015-04-30,344900000.0,7086900000.0,2015-06-25,16882600000.0,,2015-06-25,,2015-06-25
SJM,2016-04-30,688700000.0,7008500000.0,2016-06-21,15984100000.0,,2016-06-21,,2016-06-21
SJM,2017-04-30,592300000.0,6850200000.0,2017-06-19,15639700000.0,,2017-06-19,,2017-06-19
SJM,2018-04-30,1338600000.0,7891100000.0,2018-06-18,15301200000.0,,2018-06-18,,2018-06-18
SJM,2019-04-30,514400000.0,7970500000.0,2019-06-17,16711300000.0,,2019-06-17,,2019-06-17
SJM,2020-04-30,779500000.0,8190900000.0,2020-06-19,16970400000.0,,2020-06-19,,2020-06-19
SJM,2021-04-30,876300000.0,8124800000.0,2021-06-17,16284200000.0,,2021-06-17,,2021-06-17
SJM,2022-04-30,631700000.0,8140100000.0,2022-06-16,16055000000.0,,2022-06-16,,2022-06-16
SJM,2023-04-30,-91300000.0,7290800000.0,2023-06-20,14991400000.0,,2023-06-20,,2023-06-20
SJM,2024-04-30,744000000.0,7693900000.0,2024-06-18,20273700000.0,,2024-06-18,,2024-06-18
SJM,2025-04-30,-1230800000.0,6082600000.0,2025-06-18,17563300000.0,,2025-06-18,,2025-06-18
SJM,2026-04-30,-138700000.0,5543800000.0,2026-06-09,16219400000.0,,2026-06-09,,2026-06-09
SLB,2007-12-31,5177000000.0,,,,23277000000.0,,2010-02-05,2010-02-05
SLB,2008-12-31,5435000000.0,16862000000.0,2010-02-05,32094000000.0,27163000000.0,2010-02-05,2010-02-05,2010-02-05
SLB,2009-12-31,3134000000.0,19120000000.0,2010-02-05,33465000000.0,22702000000.0,2010-02-05,2010-02-05,2010-02-05
SLB,2010-12-31,4267000000.0,31226000000.0,2011-02-04,51767000000.0,27447000000.0,2011-02-04,2011-02-04,2011-02-04
SLB,2011-12-31,4997000000.0,31263000000.0,2012-02-01,55201000000.0,39540000000.0,2012-02-01,2012-02-01,2012-02-01
SLB,2012-12-31,5490000000.0,34751000000.0,2013-01-31,61547000000.0,42149000000.0,2013-01-31,2013-01-31,2013-01-31
SLB,2013-12-31,6732000000.0,39469000000.0,2014-01-31,67100000000.0,45266000000.0,2014-01-31,2014-01-31,2014-01-31
SLB,2014-12-31,5438000000.0,37850000000.0,2015-01-29,66904000000.0,48580000000.0,2015-01-29,2015-01-29,2015-01-29
SLB,2015-12-31,2072000000.0,35633000000.0,2016-01-27,68005000000.0,35475000000.0,2016-01-27,2016-01-27,2016-01-27
SLB,2016-12-31,-1687000000.0,41078000000.0,2017-01-25,77956000000.0,27810000000.0,2017-01-25,2017-01-25,2017-01-25
SLB,2017-12-31,-1505000000.0,36842000000.0,2018-01-24,71987000000.0,30440000000.0,2018-01-24,2018-01-24,2018-01-24
SLB,2018-12-31,2138000000.0,36162000000.0,2019-01-23,70507000000.0,,2019-01-23,,2019-01-23
SLB,2019-12-31,-10137000000.0,23760000000.0,2020-01-22,56312000000.0,,2020-01-22,,2020-01-22
SLB,2020-12-31,-10518000000.0,12071000000.0,2021-01-27,42434000000.0,,2021-01-27,,2021-01-27
SLB,2021-12-31,1881000000.0,15004000000.0,2022-01-26,41511000000.0,,2022-01-26,,2022-01-26
SLB,2022-12-31,3441000000.0,17685000000.0,2023-01-25,43135000000.0,,2023-01-25,,2023-01-25
SLB,2023-12-31,4203000000.0,20189000000.0,2024-01-24,47957000000.0,,2024-01-24,,2024-01-24
SLB,2024-12-31,4461000000.0,21130000000.0,2025-01-22,48935000000.0,,2025-01-22,,2025-01-22
SLB,2025-12-31,3374000000.0,26109000000.0,2026-01-23,54868000000.0,,2026-01-23,,2026-01-23
SLG,2008-12-31,380810000.0,,,,1065015000.0,,2011-02-28,2011-02-28
SLG,2009-12-31,57544000.0,4388438000.0,2011-02-28,10487577000.0,995847000.0,2011-02-28,2011-02-28,2011-02-28
SLG,2010-12-31,300575000.0,4879084000.0,2011-02-28,11300294000.0,1101246000.0,2011-02-28,2011-02-28,2011-02-28
SLG,2011-12-31,647410000.0,5975547000.0,2012-02-28,13483852000.0,1263428000.0,2012-02-28,2012-02-28,2012-02-28
SLG,2012-12-31,196405000.0,6419802000.0,2013-02-27,14387754000.0,1400255000.0,2013-02-27,2013-02-27,2013-02-27
SLG,2013-12-31,135371000.0,6525405000.0,2014-02-25,14959001000.0,1469077000.0,2014-02-25,2014-02-25,2014-02-25
SLG,2014-12-31,518056000.0,6937374000.0,2015-02-24,17096587000.0,1519978000.0,2015-02-24,2015-02-24,2015-02-24
SLG,2015-12-31,284084000.0,7287465000.0,2016-02-29,19857941000.0,1662829000.0,2016-02-29,2016-02-29,2016-02-29
SLG,2016-12-31,249896000.0,7324475000.0,2017-02-21,15857787000.0,1863981000.0,2017-02-21,2017-02-21,2017-02-21
SLG,2017-12-31,101374000.0,6225093000.0,2018-02-23,13982904000.0,1511473000.0,2018-02-23,2018-02-23,2018-02-23
SLG,2018-12-31,247262000.0,5901521000.0,2019-02-27,12751358000.0,1227392000.0,2019-02-27,2019-02-27,2019-02-27
SLG,2019-12-31,270434000.0,5441315000.0,2020-02-28,12766320000.0,1238995000.0,2020-02-28,2020-02-28,2020-02-28
SLG,2020-12-31,371055000.0,4909763000.0,2021-02-26,11707567000.0,1052744000.0,2021-02-26,2021-02-26,2021-02-26
SLG,2021-12-31,449754000.0,4764876000.0,2022-02-18,11066629000.0,843991000.0,2022-02-18,2022-02-18,2022-02-18
SLG,2022-12-31,-78074000.0,4585033000.0,2023-02-17,12355794000.0,826739000.0,2023-02-17,2023-02-17,2023-02-17
SLG,2023-12-31,-564559000.0,3786315000.0,2024-02-23,9531181000.0,913710000.0,2024-02-23,2024-02-23,2024-02-23
SLG,2024-12-31,22010000.0,3951300000.0,2025-02-18,10470099000.0,886272000.0,2025-02-18,2025-02-18,2025-02-18
SLG,2025-12-31,-96910000.0,3671155000.0,2026-02-17,11082607000.0,1003046000.0,2026-02-17,2026-02-17,2026-02-17
SLM,2007-12-31,-896394000.0,,,,,,,2010-02-26
SLM,2008-12-31,-212626000.0,4999070000.0,2010-02-26,168768437000.0,,2010-02-26,,2010-02-26
SLM,2009-12-31,324138000.0,5278609000.0,2010-02-26,169985298000.0,,2010-02-26,,2010-02-26
SLM,2010-12-31,530382000.0,5011578000.0,2011-02-28,205307049000.0,,2011-02-28,,2011-02-28
SLM,2011-12-31,633000000.0,5243000000.0,2012-02-27,193345000000.0,,2012-02-27,,2012-02-27
SLM,2012-12-31,939000000.0,5060000000.0,2013-02-26,181260000000.0,,2013-02-26,,2013-02-26
SLM,2013-12-31,1418000000.0,5637000000.0,2014-02-19,159543000000.0,,2014-02-19,,2014-02-19
SLM,2014-12-31,194219000.0,1829958000.0,2015-02-26,12972243000.0,,2015-02-26,,2015-02-26
SLM,2015-12-31,274284000.0,,,15214098000.0,,2016-02-26,,2016-02-26
SLM,2016-12-31,250327000.0,,,18533003000.0,,2017-02-24,,2017-02-24
SLM,2017-12-31,288934000.0,,,21779584000.0,,2018-02-23,,2018-02-23
SLM,2018-12-31,487476000.0,,,26638173000.0,,2019-02-28,,2019-02-28
SLM,2019-12-31,578276000.0,,,32686479000.0,,2020-02-28,,2020-02-28
SLM,2020-12-31,880690000.0,,,30770423000.0,,2021-02-25,,2021-02-25
SLM,2021-12-31,1160513000.0,,,29221899000.0,,2022-02-24,,2022-02-24
SLM,2022-12-31,469014000.0,1726970000.0,2026-02-19,28811029000.0,,2023-02-23,,2023-02-23
SLM,2023-12-31,581391000.0,1880797000.0,2026-02-19,29169468000.0,,2024-02-22,,2024-02-22
SLM,2024-12-31,608325000.0,2159920000.0,2026-02-19,30072110000.0,,2025-02-20,,2025-02-20
SLM,2025-12-31,744847000.0,2451358000.0,2026-02-19,29746295000.0,,2026-02-19,,2026-02-19
SNA,2009-01-03,236700000.0,,,,,,,2011-02-17
SNA,2010-01-02,134200000.0,1290000000.0,2011-02-17,3447400000.0,2420800000.0,2011-02-17,2012-02-16,2011-02-17
SNA,2011-01-01,186500000.0,1388500000.0,2011-02-17,3729400000.0,2681500000.0,2011-02-17,2012-02-16,2011-02-17
SNA,2011-12-31,276300000.0,1530900000.0,2012-02-16,3672900000.0,2978500000.0,2012-02-16,2012-02-16,2012-02-16
SNA,2012-12-29,306100000.0,1802100000.0,2013-02-14,3902300000.0,3099200000.0,2013-02-14,2013-02-14,2013-02-14
SNA,2013-12-28,350300000.0,2113200000.0,2014-02-14,4110000000.0,3237500000.0,2014-02-14,2014-02-14,2014-02-14
SNA,2015-01-03,421900000.0,2207800000.0,2015-02-12,4310100000.0,3492600000.0,2015-02-12,2015-02-12,2015-02-12
SNA,2016-01-02,478700000.0,2412700000.0,2016-02-11,4486900000.0,3593100000.0,2016-02-11,2016-02-11,2016-02-11
SNA,2016-12-31,546400000.0,2617200000.0,2017-02-09,4723200000.0,3711800000.0,2017-02-09,2017-02-09,2017-02-09
SNA,2017-12-30,557700000.0,2953900000.0,2018-02-15,5249100000.0,4000300000.0,2018-02-15,2018-02-15,2018-02-15
SNA,2018-12-29,679900000.0,3098800000.0,2019-02-14,5373100000.0,4070400000.0,2019-02-14,2019-02-14,2019-02-14
SNA,2019-12-28,693500000.0,3409100000.0,2020-02-13,5693500000.0,4067700000.0,2020-02-13,2020-02-13,2020-02-13
SNA,2021-01-02,627000000.0,3824900000.0,2021-02-11,6557300000.0,3942200000.0,2021-02-11,2021-02-11,2021-02-11
SNA,2022-01-01,820500000.0,4181900000.0,2022-02-11,6759700000.0,4601700000.0,2022-02-11,2022-02-11,2022-02-11
SNA,2022-12-31,911700000.0,4481300000.0,2023-02-09,6972800000.0,4842500000.0,2023-02-09,2023-02-09,2023-02-09
SNA,2023-12-30,1011100000.0,5071300000.0,2024-02-16,7544900000.0,5108300000.0,2024-02-16,2024-02-16,2024-02-16
SNA,2024-12-28,1043900000.0,5394100000.0,2025-02-13,7896800000.0,5108400000.0,2025-02-13,2025-02-13,2025-02-13
SNA,2026-01-03,1016900000.0,5931800000.0,2026-02-12,8412300000.0,5156100000.0,2026-02-12,2026-02-12,2026-02-12
SNPS,2008-10-31,189978000.0,,,,1336951000.0,,2010-12-17,2010-12-17
SNPS,2009-10-31,167681000.0,1844166000.0,2010-12-17,2938854000.0,1360045000.0,2010-12-17,2010-12-17,2010-12-17
SNPS,2010-10-31,237063000.0,2100182000.0,2010-12-17,3286541000.0,1380661000.0,2010-12-17,2010-12-17,2010-12-17
SNPS,2011-10-31,221364000.0,2101300000.0,2011-12-16,3367334000.0,1535643000.0,2011-12-16,2011-12-16,2011-12-16
SNPS,2012-10-31,181898000.0,2501686000.0,2012-12-20,4147656000.0,1756017000.0,2012-12-20,2012-12-20,2012-12-20
SNPS,2013-10-31,247800000.0,2788277000.0,2013-12-20,4358935000.0,1962214000.0,2013-12-20,2013-12-20,2013-12-20
SNPS,2014-10-31,259124000.0,3056170000.0,2014-12-15,4775499000.0,2057472000.0,2014-12-15,2014-12-15,2014-12-15
SNPS,2015-10-31,225934000.0,3133989000.0,2015-12-14,5045739000.0,2242211000.0,2015-12-14,2015-12-14,2015-12-14
SNPS,2016-10-31,266826000.0,3195146000.0,2016-12-12,5240365000.0,2422532000.0,2016-12-12,2016-12-12,2016-12-12
SNPS,2017-10-31,136563000.0,3275620000.0,2017-12-14,5396414000.0,2724880000.0,2017-12-14,2017-12-14,2017-12-14
SNPS,2018-10-31,432518000.0,3479152000.0,2018-12-17,6145974000.0,3121058000.0,2018-12-17,2018-12-17,2018-12-17
SNPS,2019-10-31,532367000.0,4083013000.0,2019-12-20,6405160000.0,3360694000.0,2019-12-20,2019-12-20,2019-12-20
SNPS,2020-10-31,664347000.0,4907404000.0,2020-12-15,8030062000.0,3685281000.0,2020-12-15,2020-12-15,2020-12-15
SNPS,2021-10-31,757516000.0,5295137000.0,2021-12-13,8752260000.0,4204193000.0,2021-12-13,2021-12-13,2021-12-13
SNPS,2022-10-31,984594000.0,5515725000.0,2022-12-12,9418087000.0,5081542000.0,2022-12-12,2022-12-12,2022-12-12
SNPS,2023-10-31,1229888000.0,6147308000.0,2023-12-12,10333131000.0,,2023-12-12,,2023-12-12
SNPS,2024-10-31,2263380000.0,8990702000.0,2024-12-19,13073561000.0,,2024-12-19,,2024-12-19
SNPS,2025-10-31,1332220000.0,28327602000.0,2025-12-22,48224461000.0,,2025-12-22,,2025-12-22
SO,2007-12-31,,,,,15353000000.0,,2010-02-25,
SO,2008-12-31,,,,48347000000.0,17127000000.0,2010-02-25,2010-02-25,
SO,2009-12-31,,,,52046000000.0,15743000000.0,2010-02-25,2010-02-25,
SO,2010-12-31,,,,55032000000.0,17456000000.0,2011-02-25,2011-02-25,
SO,2011-12-31,,,,59267000000.0,17657000000.0,2012-02-24,2012-02-24,
SO,2012-12-31,,18297000000.0,2014-02-27,63149000000.0,16537000000.0,2013-02-28,2013-02-28,
SO,2013-12-31,,19008000000.0,2014-02-27,64546000000.0,17087000000.0,2014-02-27,2014-02-27,
SO,2014-12-31,,19949000000.0,2015-03-02,70923000000.0,18467000000.0,2015-03-02,2015-03-02,
SO,2015-12-31,,20592000000.0,2016-02-26,78318000000.0,17489000000.0,2016-02-26,2016-02-26,
SO,2016-12-31,,24758000000.0,2017-02-22,109697000000.0,19896000000.0,2017-02-22,2017-02-22,
SO,2017-12-31,,24167000000.0,2018-02-21,111005000000.0,23031000000.0,2018-02-21,2018-02-21,
SO,2018-12-31,,24723000000.0,2019-02-20,116914000000.0,23495000000.0,2019-02-20,2021-02-18,
SO,2019-12-31,,27505000000.0,2020-02-20,118700000000.0,21419000000.0,2020-02-20,2021-02-18,
SO,2020-12-31,,27972000000.0,2021-02-18,122935000000.0,20375000000.0,2021-02-18,2021-02-18,
SO,2021-12-31,,27874000000.0,2022-02-17,127534000000.0,23113000000.0,2022-02-17,2022-02-17,
SO,2022-12-31,,30408000000.0,2023-02-16,134891000000.0,29279000000.0,2023-02-16,2023-02-16,
SO,2023-12-31,3976000000.0,31444000000.0,2024-02-15,139331000000.0,25253000000.0,2024-02-15,2024-02-15,2026-02-19
SO,2024-12-31,4401000000.0,33208000000.0,2025-02-20,145180000000.0,26724000000.0,2025-02-20,2025-02-20,2026-02-19
SO,2025-12-31,4341000000.0,36016000000.0,2026-02-19,155720000000.0,29553000000.0,2026-02-19,2026-02-19,2026-02-19
SPG,2007-12-31,,,,,3650799000.0,,2010-02-25,
SPG,2008-12-31,,2612998000.0,2010-02-25,23422749000.0,3783155000.0,2010-02-25,2010-02-25,
SPG,2009-12-31,,4458137000.0,2010-02-25,25948266000.0,3775216000.0,2010-02-25,2010-02-25,
SPG,2010-12-31,,4830780000.0,2011-02-25,24857429000.0,3957630000.0,2011-02-25,2011-02-25,
SPG,2011-12-31,,4649666000.0,2012-02-28,26216925000.0,4306432000.0,2012-02-28,2012-02-28,
SPG,2012-12-31,,5910603000.0,2013-02-28,32586606000.0,4880084000.0,2013-02-28,2013-02-28,
SPG,2013-12-31,,5849406000.0,2014-02-27,33324574000.0,5170138000.0,2014-02-27,2014-02-27,
SPG,2014-12-31,,5093177000.0,2015-02-27,29532330000.0,4870818000.0,2015-02-27,2015-02-27,
SPG,2015-12-31,,4471464000.0,2016-02-26,30650673000.0,5266103000.0,2016-02-26,2016-02-26,
SPG,2016-12-31,,4310448000.0,2017-02-24,31103578000.0,5435229000.0,2017-02-24,2017-02-24,
SPG,2017-12-31,,3686168000.0,2018-02-23,32257638000.0,5538640000.0,2018-02-23,2018-02-23,
SPG,2018-12-31,,3296681000.0,2019-02-22,30686223000.0,5657919000.0,2019-02-22,2019-02-22,
SPG,2019-12-31,,2526398000.0,2020-02-21,31231630000.0,5755189000.0,2020-02-21,2020-02-21,
SPG,2020-12-31,,3039472000.0,2021-02-25,34786846000.0,4607503000.0,2021-02-25,2021-02-25,
SPG,2021-12-31,,3361452000.0,2022-02-24,33777379000.0,5116789000.0,2022-02-24,2022-02-24,
SPG,2022-12-31,,3138524000.0,2023-02-23,33011274000.0,5291447000.0,2023-02-23,2023-02-23,
SPG,2023-12-31,,3022834000.0,2024-02-22,34283495000.0,5658836000.0,2024-02-22,2024-02-22,
SPG,2024-12-31,,2941925000.0,2025-02-21,32405691000.0,5963798000.0,2025-02-21,2025-02-21,
SPG,2025-12-31,,5208268000.0,2026-02-25,40606466000.0,6364505000.0,2026-02-25,2026-02-25,
SPGI,2007-12-31,1013559000.0,,,,6772281000.0,,2010-02-24,2010-02-24
SPGI,2008-12-31,799491000.0,1282336000.0,2010-02-24,6080142000.0,6355055000.0,2010-02-24,2010-02-24,2010-02-24
SPGI,2009-12-31,730502000.0,1847287000.0,2010-02-24,6475250000.0,5951782000.0,2010-02-24,2010-02-24,2010-02-24
SPGI,2010-12-31,828063000.0,2210296000.0,2011-02-23,7046561000.0,6168331000.0,2011-02-23,2011-02-23,2011-02-23
SPGI,2011-12-31,911000000.0,1508000000.0,2012-02-07,6427000000.0,6246000000.0,2012-02-07,2012-02-07,2012-02-07
SPGI,2012-12-31,437000000.0,767000000.0,2013-02-28,7052000000.0,4450000000.0,2013-02-28,2013-02-28,2013-02-28
SPGI,2013-12-31,1376000000.0,1301000000.0,2014-02-07,6061000000.0,4875000000.0,2014-02-07,2014-02-07,2014-02-07
SPGI,2014-12-31,-115000000.0,488000000.0,2015-02-13,6771000000.0,5051000000.0,2015-02-13,2015-02-13,2015-02-13
SPGI,2015-12-31,1156000000.0,194000000.0,2016-02-12,8183000000.0,5313000000.0,2016-02-12,2016-02-12,2016-02-12
SPGI,2016-12-31,2106000000.0,650000000.0,2017-02-09,8669000000.0,5661000000.0,2017-02-09,2017-02-09,2017-02-09
SPGI,2017-12-31,1496000000.0,711000000.0,2018-02-09,9425000000.0,6063000000.0,2018-02-09,2018-02-09,2018-02-09
SPGI,2018-12-31,1958000000.0,628000000.0,2019-02-13,9458000000.0,,2019-02-13,,2019-02-13
SPGI,2019-12-31,2123000000.0,479000000.0,2020-02-10,11348000000.0,,2020-02-10,,2020-02-10
SPGI,2020-12-31,2339000000.0,509000000.0,2021-02-09,12537000000.0,,2021-02-09,,2021-02-09
SPGI,2021-12-31,3024000000.0,2032000000.0,2022-02-08,15026000000.0,,2022-02-08,,2022-02-08
SPGI,2022-12-31,3248000000.0,36388000000.0,2023-02-10,61784000000.0,,2023-02-10,,2023-02-10
SPGI,2023-12-31,2626000000.0,34200000000.0,2024-02-09,60589000000.0,,2024-02-09,,2024-02-09
SPGI,2024-12-31,3852000000.0,33159000000.0,2026-02-11,60221000000.0,,2026-02-11,,2026-02-11
SPGI,2025-12-31,4471000000.0,31127000000.0,2026-02-11,61200000000.0,,2026-02-11,,2026-02-11
SRE,2008-12-31,1113000000.0,,,,,,,2011-02-24
SRE,2009-12-31,1119000000.0,9007000000.0,2011-02-24,28512000000.0,,2011-02-24,,2011-02-24
SRE,2010-12-31,739000000.0,9027000000.0,2011-02-24,30283000000.0,9003000000.0,2011-02-24,2013-02-26,2011-02-24
SRE,2011-12-31,1331000000.0,9775000000.0,2013-02-26,33249000000.0,10036000000.0,2013-02-26,2013-02-26,2013-02-26
SRE,2012-12-31,859000000.0,10282000000.0,2013-02-26,36499000000.0,9647000000.0,2013-02-26,2013-02-26,2013-02-26
SRE,2013-12-31,1001000000.0,11008000000.0,2014-02-27,37244000000.0,10557000000.0,2014-02-27,2014-02-27,2014-02-27
SRE,2014-12-31,1161000000.0,11326000000.0,2015-02-26,39732000000.0,11035000000.0,2015-02-26,2015-02-26,2015-02-26
SRE,2015-12-31,1349000000.0,11809000000.0,2016-02-26,41150000000.0,10231000000.0,2016-02-26,2016-02-26,2016-02-26
SRE,2016-12-31,1370000000.0,12951000000.0,2017-02-28,47786000000.0,10183000000.0,2017-02-28,2017-02-28,2017-02-28
SRE,2017-12-31,256000000.0,12670000000.0,2018-02-27,50454000000.0,11207000000.0,2018-02-27,2018-02-27,2018-02-27
SRE,2018-12-31,,17138000000.0,2019-02-26,60638000000.0,11687000000.0,2019-02-26,2019-02-26,
SRE,2019-12-31,,19929000000.0,2020-02-27,65665000000.0,10829000000.0,2020-02-27,2020-02-27,
SRE,2020-12-31,,23373000000.0,2021-02-25,66623000000.0,11370000000.0,2021-02-25,2021-02-25,
SRE,2021-12-31,1318000000.0,25981000000.0,2022-02-25,72045000000.0,12857000000.0,2022-02-25,2022-02-25,2024-02-27
SRE,2022-12-31,2139000000.0,27115000000.0,2023-02-28,78574000000.0,14439000000.0,2023-02-28,2023-02-28,2024-02-27
SRE,2023-12-31,3075000000.0,28675000000.0,2024-02-27,87181000000.0,16720000000.0,2024-02-27,2024-02-27,2024-02-27
SRE,2024-12-31,2862000000.0,31222000000.0,2025-02-25,96155000000.0,13185000000.0,2025-02-25,2025-02-25,2025-02-25
SRE,2025-12-31,1837000000.0,31594000000.0,2026-02-26,110878000000.0,13702000000.0,2026-02-26,2026-02-26,2026-02-26
SSP,2009-12-31,-209605000.0,,,,732398000.0,,2012-03-07,2012-03-07
SSP,2010-12-31,130509000.0,588902000.0,2012-03-07,827542000.0,776890000.0,2012-03-07,2012-03-07,2012-03-07
SSP,2011-12-31,-15537000.0,514521000.0,2012-03-07,970528000.0,728660000.0,2012-03-07,2012-03-07,2012-03-07
SSP,2012-12-31,40188000.0,537696000.0,2013-03-06,1030768000.0,903458000.0,2013-03-06,2013-03-06,2013-03-06
SSP,2013-12-31,-474000.0,545773000.0,2014-03-04,966130000.0,816871000.0,2014-03-04,2014-03-04,2014-03-04
SSP,2014-12-31,10529000.0,518276000.0,2015-03-13,1032731000.0,869068000.0,2015-03-13,2015-03-13,2015-03-13
SSP,2015-12-31,-82477000.0,900983000.0,2016-02-26,1680860000.0,715656000.0,2016-02-26,2016-02-26,2016-02-26
SSP,2016-12-31,67235000.0,945935000.0,2018-02-28,1728373000.0,943047000.0,2017-02-24,2017-02-24,2017-02-24
SSP,2017-12-31,-10511000.0,936853000.0,2018-02-28,2129548000.0,864834000.0,2018-02-28,2018-02-28,2018-02-28
SSP,2018-12-31,,926165000.0,2019-03-01,2130061000.0,,2019-03-01,,
SSP,2019-12-31,,,,3561353000.0,,2020-02-28,,
SSP,2020-12-31,,,,4859386000.0,,2021-02-26,,
SSP,2021-12-31,,,,6658314000.0,,2022-02-25,,
SSP,2022-12-31,,2130825000.0,2026-02-27,6431005000.0,,2023-02-24,,
SSP,2023-12-31,-947784000.0,1156183000.0,2026-02-27,5410120000.0,,2024-02-23,,2026-02-27
SSP,2024-12-31,146218000.0,1318014000.0,2026-02-27,5198575000.0,,2025-03-12,,2026-02-27
SSP,2025-12-31,-100877000.0,1246092000.0,2026-02-27,5008628000.0,,2026-02-27,,2026-02-27
STE,2017-03-31,109965000.0,,,,2612756000.0,,2019-05-30,2019-05-30
STE,2018-03-31,290915000.0,3205960000.0,2019-05-30,5200334000.0,2619996000.0,2019-05-30,2019-05-30,2019-05-30
STE,2019-03-31,304051000.0,3177810000.0,2019-05-30,5073071000.0,2782170000.0,2019-05-30,2019-05-30,2019-05-30
STE,2020-03-31,407605000.0,3393876000.0,2020-05-29,5425582000.0,3030895000.0,2020-05-29,2020-05-29,2020-05-29
STE,2021-03-31,397400000.0,3880990000.0,2021-05-28,6574471000.0,3107519000.0,2021-05-28,2021-05-28,2021-05-28
STE,2022-03-31,243888000.0,6532356000.0,2022-05-31,11423594000.0,4585064000.0,2022-05-31,2022-05-31,2022-05-31
STE,2023-03-31,107030000.0,6077198000.0,2023-05-26,10821839000.0,4957839000.0,2023-05-26,2023-05-26,2023-05-26
STE,2024-03-31,378239000.0,6302164000.0,2024-05-29,11063697000.0,5138701000.0,2024-05-29,2024-05-29,2024-05-29
STE,2025-03-31,614641000.0,6603405000.0,2025-05-29,10146811000.0,5459515000.0,2025-05-29,2025-05-29,2025-05-29
STE,2026-03-31,782300000.0,7183600000.0,2026-05-29,10737200000.0,5935900000.0,2026-05-29,2026-05-29,2026-05-29
STT,2006-12-31,,7252000000.0,2010-02-22,,,,,
STT,2007-12-31,1261000000.0,11299000000.0,2010-02-22,,8336000000.0,,2010-02-22,2010-02-22
STT,2008-12-31,1811000000.0,12774000000.0,2010-02-22,173631000000.0,10693000000.0,2010-02-22,2010-02-22,2010-02-22
STT,2009-12-31,-1881000000.0,14491000000.0,2010-02-22,157946000000.0,8640000000.0,2010-02-22,2010-02-22,2010-02-22
STT,2010-12-31,1556000000.0,17787000000.0,2011-02-28,160505000000.0,8953000000.0,2011-02-28,2011-02-28,2011-02-28
STT,2011-12-31,1920000000.0,19398000000.0,2012-02-27,216827000000.0,9594000000.0,2012-02-27,2012-02-27,2012-02-27
STT,2012-12-31,2061000000.0,20869000000.0,2013-02-22,222582000000.0,9649000000.0,2013-02-22,2013-02-22,2013-02-22
STT,2013-12-31,2136000000.0,20378000000.0,2014-02-21,243291000000.0,9884000000.0,2014-02-21,2014-02-21,2014-02-21
STT,2014-12-31,2037000000.0,21473000000.0,2015-02-20,274119000000.0,10295000000.0,2015-02-20,2015-02-20,2015-02-20
STT,2015-12-31,1980000000.0,21103000000.0,2016-02-19,245192000000.0,10360000000.0,2016-02-19,2016-02-19,2016-02-19
STT,2016-12-31,2143000000.0,21219000000.0,2017-02-17,242698000000.0,10207000000.0,2017-02-17,2017-02-17,2017-02-17
STT,2017-12-31,2177000000.0,22317000000.0,2018-02-26,238425000000.0,11170000000.0,2018-02-26,2018-02-26,2018-02-26
STT,2018-12-31,2599000000.0,24790000000.0,2019-02-21,244626000000.0,11982000000.0,2019-02-21,2019-02-21,2019-02-21
STT,2019-12-31,2242000000.0,24431000000.0,2020-02-20,245610000000.0,11756000000.0,2020-02-20,2020-02-20,2020-02-20
STT,2020-12-31,2420000000.0,26200000000.0,2021-02-19,314706000000.0,11703000000.0,2021-02-19,2021-02-19,2021-02-19
STT,2021-12-31,2693000000.0,27363000000.0,2022-02-17,314624000000.0,12027000000.0,2022-02-17,2022-02-17,2022-02-17
STT,2022-12-31,2774000000.0,25191000000.0,2023-02-16,301450000000.0,12148000000.0,2023-02-16,2023-02-16,2023-02-16
STT,2023-12-31,1944000000.0,23799000000.0,2024-02-15,297258000000.0,11945000000.0,2024-02-15,2024-02-15,2024-02-15
STT,2024-12-31,2687000000.0,25326000000.0,2025-02-13,353240000000.0,13000000000.0,2025-02-13,2025-02-13,2025-02-13
STT,2025-12-31,2945000000.0,27841000000.0,2026-02-19,366047000000.0,13944000000.0,2026-02-19,2026-02-19,2026-02-19
STX,2008-06-27,,4667000000.0,2011-08-17,,,,,
STX,2009-07-03,-3125000000.0,1554000000.0,2011-08-17,,,,,2011-08-17
STX,2010-07-02,1609000000.0,2724000000.0,2011-08-17,8247000000.0,,2011-08-17,,2011-08-17
STX,2011-07-01,511000000.0,2463000000.0,2011-08-17,9225000000.0,,2011-08-17,,2011-08-17
STX,2012-06-29,2862000000.0,3497000000.0,2012-08-09,10106000000.0,,2012-08-09,,2012-08-09
STX,2013-06-28,1838000000.0,3495000000.0,2013-08-08,9243000000.0,,2013-08-08,,2013-08-08
STX,2014-06-27,1570000000.0,2832000000.0,2014-08-08,9492000000.0,,2014-08-08,,2014-08-08
STX,2015-07-03,1742000000.0,3018000000.0,2015-08-12,9845000000.0,,2015-08-12,,2015-08-12
STX,2016-07-01,248000000.0,1593000000.0,2016-08-05,8252000000.0,11160000000.0,2016-08-05,2018-08-03,2016-08-05
STX,2017-06-30,772000000.0,1364000000.0,2017-08-04,9268000000.0,10771000000.0,2017-08-04,2018-08-03,2017-08-04
STX,2018-06-29,1182000000.0,1665000000.0,2018-08-03,9410000000.0,11184000000.0,2018-08-03,2018-08-03,2018-08-03
STX,2019-06-28,2012000000.0,2162000000.0,2019-08-02,8885000000.0,10390000000.0,2019-08-02,2019-08-02,2019-08-02
STX,2020-07-03,1004000000.0,1787000000.0,2020-08-07,8930000000.0,10509000000.0,2020-08-07,2020-08-07,2020-08-07
STX,2021-07-02,1314000000.0,631000000.0,2021-08-06,8675000000.0,10681000000.0,2021-08-06,2021-08-06,2021-08-06
STX,2022-07-01,1649000000.0,109000000.0,2022-08-05,8944000000.0,11661000000.0,2022-08-05,2022-08-05,2022-08-05
STX,2023-06-30,-529000000.0,-1199000000.0,2023-08-04,7556000000.0,7384000000.0,2023-08-04,2023-08-04,2023-08-04
STX,2024-06-28,335000000.0,-1491000000.0,2024-08-02,7739000000.0,,2024-08-02,,2024-08-02
STX,2025-06-27,1469000000.0,-453000000.0,2025-08-01,8023000000.0,,2025-08-01,,2025-08-01
STX,2026-07-03,3184000000.0,2167000000.0,2026-08-04,9972000000.0,,2026-08-04,,2026-08-04
STZ,2008-02-29,,2765900000.0,2011-04-29,,,,,
STZ,2009-02-28,-301400000.0,1908300000.0,2011-04-29,,,,,2011-04-29
STZ,2010-02-28,99300000.0,2576300000.0,2011-04-29,8094300000.0,,2011-04-29,,2011-04-29
STZ,2011-02-28,559500000.0,2551900000.0,2011-04-29,7167600000.0,,2011-04-29,,2011-04-29
STZ,2012-02-29,445000000.0,2676000000.0,2012-04-30,7109900000.0,,2012-04-30,,2012-04-30
STZ,2013-02-28,387800000.0,2860300000.0,2013-04-29,7638100000.0,,2013-04-29,,2013-04-29
STZ,2014-02-28,1943100000.0,4981300000.0,2014-04-29,14302100000.0,,2014-04-29,,2014-04-29
STZ,2015-02-28,839300000.0,5770700000.0,2015-04-28,15144500000.0,,2015-04-28,,2015-04-28
STZ,2016-02-29,1054900000.0,6559600000.0,2016-04-25,16965000000.0,,2016-04-25,,2016-04-25
STZ,2017-02-28,1535100000.0,6891200000.0,2017-04-27,18602400000.0,7321100000.0,2017-04-27,2019-04-23,2017-04-27
STZ,2018-02-28,2318900000.0,8046100000.0,2018-04-23,20538700000.0,7580300000.0,2018-04-23,2019-04-23,2018-04-23
STZ,2019-02-28,3435900000.0,12551000000.0,2019-04-23,29231500000.0,8116000000.0,2019-04-23,2019-04-23,2019-04-23
STZ,2020-02-29,-11800000.0,12131800000.0,2020-04-21,27323200000.0,8343500000.0,2020-04-21,2020-04-21,2020-04-21
STZ,2021-02-28,1998000000.0,13598900000.0,2021-04-20,27104800000.0,8614900000.0,2021-04-20,2021-04-20,2021-04-20
STZ,2022-02-28,-40400000.0,11731900000.0,2022-04-21,25855800000.0,8820700000.0,2022-04-21,2022-04-21,2022-04-21
STZ,2023-02-28,-71000000.0,8413600000.0,2023-04-20,24662300000.0,9452600000.0,2023-04-20,2023-04-20,2023-04-20
STZ,2024-02-29,1727400000.0,9743100000.0,2024-04-23,25691700000.0,9961800000.0,2024-04-23,2024-04-23,2024-04-23
STZ,2025-02-28,-81400000.0,6882000000.0,2025-04-23,21652300000.0,10208700000.0,2025-04-23,2025-04-23,2025-04-23
STZ,2026-02-28,1686700000.0,8082400000.0,2026-04-22,21900500000.0,9139000000.0,2026-04-22,2026-04-22,2026-04-22
SUN,2012-12-31,17570000.0,,,355800000.0,4277341000.0,2013-03-29,2013-03-29,2014-03-14
SUN,2013-12-31,,,,390084000.0,4492579000.0,2014-03-14,2014-03-14,
SUN,2014-12-31,,,,6148865000.0,,2016-02-26,,
SUN,2015-12-31,87238000.0,,,6247583000.0,16935347000.0,2016-02-26,2016-02-26,2016-02-26
SUN,2016-12-31,-406000000.0,,,8701000000.0,15698000000.0,2017-02-24,2017-02-24,2017-02-24
SUN,2017-12-31,149000000.0,,,8344000000.0,11723000000.0,2018-02-23,2018-02-23,2018-02-23
SUN,2018-12-31,-207000000.0,,,4879000000.0,16994000000.0,2019-02-22,2019-02-22,2019-02-22
SUN,2019-12-31,313000000.0,,,5438000000.0,16596000000.0,2020-02-21,2020-02-21,2020-02-21
SUN,2020-12-31,212000000.0,,,5267000000.0,10710000000.0,2021-02-19,2021-02-19,2021-02-19
SUN,2021-12-31,524000000.0,,,5815000000.0,17596000000.0,2022-02-18,2022-02-18,2022-02-18
SUN,2022-12-31,475000000.0,,,6830000000.0,25729000000.0,2023-02-17,2023-02-17,2023-02-17
SUN,2023-12-31,394000000.0,,,6826000000.0,23068000000.0,2024-02-16,2024-02-16,2024-02-16
SUN,2024-12-31,866000000.0,,,14375000000.0,22693000000.0,2025-02-14,2025-02-14,2025-02-14
SUN,2025-12-31,527000000.0,,,28362000000.0,25201000000.0,2026-02-19,2026-02-19,2026-02-19
SWK,2009-01-03,306900000.0,,,,,,,2011-02-18
SWK,2010-01-02,224300000.0,1986100000.0,2011-02-18,4769100000.0,,2011-02-18,,2011-02-18
SWK,2011-01-01,198200000.0,7017000000.0,2011-02-18,15139400000.0,,2011-02-18,,2011-02-18
SWK,2011-12-31,674600000.0,7003600000.0,2012-02-23,15949000000.0,,2012-02-23,,2012-02-23
SWK,2012-12-29,883800000.0,6667100000.0,2013-02-20,15844000000.0,,2013-02-20,,2013-02-20
SWK,2013-12-28,490300000.0,6799200000.0,2014-02-21,16535100000.0,,2014-02-21,,2014-02-21
SWK,2015-01-03,760900000.0,6429100000.0,2015-02-19,15849100000.0,,2015-02-19,,2015-02-19
SWK,2016-01-02,883700000.0,5811600000.0,2016-02-19,15172300000.0,,2016-02-19,,2016-02-19
SWK,2016-12-31,965300000.0,6367000000.0,2017-02-15,15634900000.0,11593500000.0,2017-02-15,2019-02-26,2017-02-15
SWK,2017-12-30,1226000000.0,8297100000.0,2018-02-27,19079900000.0,12966600000.0,2018-02-27,2019-02-26,2018-02-27
SWK,2018-12-29,605200000.0,7836200000.0,2019-02-26,19408000000.0,13982400000.0,2019-02-26,2019-02-26,2019-02-26
SWK,2019-12-28,955800000.0,9136300000.0,2020-02-21,20596600000.0,14442200000.0,2020-02-21,2020-02-21,2020-02-21
SWK,2021-01-02,1233800000.0,11059600000.0,2021-02-18,23566300000.0,14534600000.0,2021-02-18,2021-02-18,2021-02-18
SWK,2022-01-01,1689200000.0,11590500000.0,2022-02-22,28180000000.0,15617200000.0,2022-02-22,2022-02-22,2022-02-22
SWK,2022-12-31,1062500000.0,9712100000.0,2023-02-23,24963300000.0,16947400000.0,2023-02-23,2023-02-23,2023-02-23
SWK,2023-12-30,-310500000.0,9056100000.0,2024-02-27,23663800000.0,15781100000.0,2024-02-27,2024-02-27,2024-02-27
SWK,2024-12-28,294300000.0,8719900000.0,2025-02-18,21848900000.0,15365700000.0,2025-02-18,2025-02-18,2025-02-18
SWK,2026-01-03,401900000.0,9054600000.0,2026-02-24,21243700000.0,15130400000.0,2026-02-24,2026-02-24,2026-02-24
SWKS,2007-09-28,,818543000.0,2010-11-29,,,,,
SWKS,2008-10-03,111006000.0,961604000.0,2010-11-29,,,,,2010-11-29
SWKS,2009-10-02,94983000.0,1108779000.0,2010-11-29,1352591000.0,,2010-11-29,,2010-11-29
SWKS,2010-10-01,137294000.0,1316596000.0,2010-11-29,1564052000.0,,2010-11-29,,2010-11-29
SWKS,2011-09-30,226585000.0,1609095000.0,2011-11-28,1890389000.0,,2011-11-28,,2011-11-28
SWKS,2012-09-28,202078000.0,1905475000.0,2012-11-21,2136646000.0,,2012-11-21,,2012-11-21
SWKS,2013-09-27,278100000.0,2101100000.0,2013-11-18,2333100000.0,,2013-11-18,,2013-11-18
SWKS,2014-10-03,457700000.0,2532400000.0,2014-11-25,2973800000.0,,2014-11-25,,2014-11-25
SWKS,2015-10-02,798300000.0,3159200000.0,2015-11-24,3719400000.0,,2015-11-24,,2015-11-24
SWKS,2016-09-30,995200000.0,3541400000.0,2016-11-22,3855400000.0,,2016-11-22,,2016-11-22
SWKS,2017-09-29,1010200000.0,4065700000.0,2017-11-13,4573600000.0,,2017-11-13,,2017-11-13
SWKS,2018-09-28,918400000.0,4097000000.0,2018-11-15,4828900000.0,,2018-11-15,,2018-11-15
SWKS,2019-09-27,853600000.0,4122300000.0,2019-11-14,4839600000.0,,2019-11-14,,2019-11-14
SWKS,2020-10-02,814800000.0,4164200000.0,2020-11-17,5106700000.0,,2020-11-17,,2020-11-17
SWKS,2021-10-01,1498300000.0,5297100000.0,2021-11-24,8590700000.0,,2021-11-24,,2021-11-24
SWKS,2022-09-30,1275200000.0,5469000000.0,2022-11-23,8873800000.0,5485500000.0,2022-11-23,2024-11-15,2022-11-23
SWKS,2023-09-29,982800000.0,6082700000.0,2023-11-17,8426700000.0,4772400000.0,2023-11-17,2024-11-15,2023-11-17
SWKS,2024-09-27,596000000.0,6336700000.0,2024-11-15,8283300000.0,4178000000.0,2024-11-15,2024-11-15,2024-11-15
SWKS,2025-10-03,477100000.0,5757100000.0,2025-11-07,7917000000.0,4086900000.0,2025-11-07,2025-11-07,2025-11-07
SYF,2011-12-31,,4328000000.0,2015-02-23,,,,,
SYF,2012-12-31,2119000000.0,4582000000.0,2015-02-23,,,,,2015-02-23
SYF,2013-12-31,1979000000.0,5960000000.0,2015-02-23,59085000000.0,,2015-02-23,,2015-02-23
SYF,2014-12-31,2109000000.0,10478000000.0,2015-02-23,75707000000.0,,2015-02-23,,2015-02-23
SYF,2015-12-31,2214000000.0,12604000000.0,2016-02-25,84135000000.0,,2016-02-25,,2016-02-25
SYF,2016-12-31,2251000000.0,14196000000.0,2017-02-23,90207000000.0,,2017-02-23,,2017-02-23
SYF,2017-12-31,1935000000.0,14234000000.0,2018-02-22,95808000000.0,,2018-02-22,,2018-02-22
SYF,2018-12-31,2790000000.0,14678000000.0,2019-02-15,106792000000.0,,2019-02-15,,2019-02-15
SYF,2019-12-31,3747000000.0,15088000000.0,2020-02-13,104826000000.0,,2020-02-13,,2020-02-13
SYF,2020-12-31,1385000000.0,12701000000.0,2021-02-11,95948000000.0,,2021-02-11,,2021-02-11
SYF,2021-12-31,4221000000.0,13655000000.0,2022-02-10,95748000000.0,,2022-02-10,,2022-02-10
SYF,2022-12-31,3016000000.0,12873000000.0,2023-02-09,104564000000.0,,2023-02-09,,2023-02-09
SYF,2023-12-31,2238000000.0,13903000000.0,2024-02-08,117479000000.0,,2024-02-08,,2024-02-08
SYF,2024-12-31,3499000000.0,16580000000.0,2025-02-07,119463000000.0,,2025-02-07,,2025-02-07
SYF,2025-12-31,3552000000.0,16766000000.0,2026-02-06,119095000000.0,,2026-02-06,,2026-02-06
SYK,2006-12-31,,4191000000.0,2010-02-26,,,,,
SYK,2007-12-31,1017400000.0,5378500000.0,2010-02-26,,,,,2010-02-26
SYK,2008-12-31,1147800000.0,5406700000.0,2010-02-26,7603300000.0,,2010-02-26,,2010-02-26
SYK,2009-12-31,1107400000.0,6595100000.0,2010-02-26,9071300000.0,,2010-02-26,,2010-02-26
SYK,2010-12-31,1273400000.0,7173600000.0,2011-02-18,10895100000.0,,2011-02-18,,2011-02-18
SYK,2011-12-31,1345000000.0,7683000000.0,2012-02-13,12405000000.0,,2012-02-13,,2012-02-13
SYK,2012-12-31,1298000000.0,8597000000.0,2013-02-27,13206000000.0,,2013-02-27,,2013-02-27
SYK,2013-12-31,1006000000.0,9047000000.0,2014-02-13,15743000000.0,,2014-02-13,,2014-02-13
SYK,2014-12-31,515000000.0,8595000000.0,2015-02-12,17713000000.0,,2015-02-12,,2015-02-12
SYK,2015-12-31,1439000000.0,8511000000.0,2016-02-11,16247000000.0,,2016-02-11,,2016-02-11
SYK,2016-12-31,1647000000.0,9550000000.0,2017-02-09,20435000000.0,11325000000.0,2017-02-09,2019-02-07,2017-02-09
SYK,2017-12-31,1020000000.0,9966000000.0,2018-02-08,22197000000.0,12444000000.0,2018-02-08,2019-02-07,2018-02-08
SYK,2018-12-31,3553000000.0,11730000000.0,2019-02-07,27229000000.0,13601000000.0,2019-02-07,2019-02-07,2019-02-07
SYK,2019-12-31,2083000000.0,,,30167000000.0,14884000000.0,2020-02-06,2020-02-06,2020-02-06
SYK,2020-12-31,1599000000.0,,,34330000000.0,14351000000.0,2021-02-11,2021-02-11,2021-02-11
SYK,2021-12-31,1994000000.0,,,34631000000.0,17108000000.0,2022-02-11,2022-02-11,2022-02-11
SYK,2022-12-31,2358000000.0,,,36884000000.0,18449000000.0,2023-02-10,2023-02-10,2023-02-10
SYK,2023-12-31,3165000000.0,,,39912000000.0,20498000000.0,2024-02-14,2024-02-14,2024-02-14
SYK,2024-12-31,2993000000.0,,,42971000000.0,22595000000.0,2025-02-12,2025-02-12,2025-02-12
SYK,2025-12-31,3246000000.0,,,47844000000.0,25116000000.0,2026-02-11,2026-02-11,2026-02-11
SYY,2007-06-30,,3278400000.0,2010-08-31,,,,,
SYY,2008-06-28,1106151000.0,3408986000.0,2010-08-31,10010615000.0,37522111000.0,2010-08-31,2010-08-31,2010-08-31
SYY,2009-06-27,1055948000.0,3449702000.0,2010-08-31,10148186000.0,36853330000.0,2010-08-31,2010-08-31,2010-08-31
SYY,2010-07-03,1179983000.0,3827526000.0,2010-08-31,10313701000.0,37243495000.0,2010-08-31,2010-08-31,2010-08-31
SYY,2011-07-02,1152030000.0,4705242000.0,2011-08-30,11385555000.0,39323489000.0,2011-08-30,2011-08-30,2011-08-30
SYY,2012-06-30,,4685040000.0,2012-08-28,12094972000.0,,2012-08-28,,
SYY,2013-06-29,,5191810000.0,2013-08-27,12663947000.0,,2013-08-27,,
SYY,2014-06-28,,5266695000.0,2014-08-26,13167950000.0,,2014-08-26,,
SYY,2015-06-27,,5260224000.0,2015-08-25,17989281000.0,,2015-08-25,,
SYY,2016-07-02,,3479608000.0,2016-08-30,16721804000.0,,2016-08-30,,
SYY,2017-07-01,,2381516000.0,2017-08-30,17756655000.0,,2017-08-30,,
SYY,2018-06-30,,2506957000.0,2018-08-27,18070404000.0,,2018-08-27,,
SYY,2019-06-29,,2502603000.0,2019-08-26,17966522000.0,,2019-08-26,,
SYY,2020-06-27,215475000.0,1158613000.0,2020-08-26,22628266000.0,,2020-08-26,,2022-08-26
SYY,2021-07-03,524209000.0,1552896000.0,2021-08-30,21413539000.0,,2021-08-30,,2022-08-26
SYY,2022-07-02,1358768000.0,1382260000.0,2022-08-26,22085688000.0,,2022-08-26,,2022-08-26
SYY,2023-07-01,1770124000.0,2008622000.0,2023-08-25,22821145000.0,,2023-08-25,,2023-08-25
SYY,2024-06-29,1955000000.0,1860000000.0,2024-08-28,24917000000.0,,2024-08-28,,2024-08-28
SYY,2025-06-28,1828000000.0,1830000000.0,2025-08-22,26774000000.0,,2025-08-22,,2025-08-22
SYY,2026-06-27,1757000000.0,2666000000.0,2026-08-21,28397000000.0,,2026-08-21,,2026-08-21
T,2006-12-31,,115926000000.0,2010-02-25,,,,,
T,2007-12-31,11951000000.0,115747000000.0,2010-02-25,,118928000000.0,,2010-02-25,2010-02-25
T,2008-12-31,12867000000.0,96750000000.0,2010-02-25,265245000000.0,124028000000.0,2010-02-25,2010-02-25,2010-02-25
T,2009-12-31,12535000000.0,102325000000.0,2010-02-25,268752000000.0,123018000000.0,2010-02-25,2010-02-25,2010-02-25
T,2010-12-31,19864000000.0,111950000000.0,2011-03-01,268488000000.0,124280000000.0,2011-03-01,2011-03-01,2011-03-01
T,2011-12-31,3944000000.0,105797000000.0,2012-02-24,270344000000.0,126723000000.0,2012-02-24,2012-02-24,2012-02-24
T,2012-12-31,7264000000.0,92695000000.0,2013-02-22,272315000000.0,127434000000.0,2013-02-22,2013-02-22,2013-02-22
T,2013-12-31,18249000000.0,91482000000.0,2014-02-21,277787000000.0,128752000000.0,2014-02-21,2014-02-21,2014-02-21
T,2014-12-31,6224000000.0,86924000000.0,2015-02-20,292829000000.0,132447000000.0,2015-02-20,2015-02-20,2015-02-20
T,2015-12-31,13345000000.0,123640000000.0,2016-02-18,402672000000.0,146801000000.0,2016-02-18,2016-02-18,2016-02-18
T,2016-12-31,12976000000.0,124110000000.0,2017-02-17,403821000000.0,163786000000.0,2017-02-17,2017-02-17,2018-02-20
T,2017-12-31,29450000000.0,142007000000.0,2018-02-20,444097000000.0,160546000000.0,2018-02-20,2018-02-20,2018-02-20
T,2018-12-31,19370000000.0,193884000000.0,2019-02-20,531864000000.0,170756000000.0,2019-02-20,2019-02-20,2019-02-20
T,2019-12-31,13903000000.0,201934000000.0,2020-02-20,551669000000.0,181193000000.0,2020-02-20,2020-02-20,2020-02-20
T,2020-12-31,-5176000000.0,179240000000.0,2021-02-25,525761000000.0,171760000000.0,2021-02-25,2021-02-25,2021-02-25
T,2021-12-31,20081000000.0,183855000000.0,2022-02-16,551622000000.0,168864000000.0,2022-02-16,2022-02-16,2022-02-16
T,2022-12-31,-8524000000.0,106457000000.0,2023-02-13,402853000000.0,120741000000.0,2023-02-13,2023-02-13,2023-02-13
T,2023-12-31,14400000000.0,117442000000.0,2024-02-23,407060000000.0,122428000000.0,2024-02-23,2024-02-23,2024-02-23
T,2024-12-31,10948000000.0,118245000000.0,2025-02-12,394795000000.0,122336000000.0,2025-02-12,2025-02-12,2025-02-12
T,2025-12-31,21953000000.0,126491000000.0,2026-02-09,420198000000.0,125648000000.0,2026-02-09,2026-02-09,2026-02-09
TAP,2007-12-30,492000000.0,,,,,,,2010-02-19
TAP,2008-12-28,378700000.0,6055400000.0,2010-02-19,10386600000.0,,2010-02-19,,2010-02-19
TAP,2008-12-31,378700000.0,,,,,,,2011-02-22
TAP,2009-12-26,720400000.0,7079600000.0,2010-02-19,12021100000.0,,2010-02-19,,2010-02-19
TAP,2009-12-31,720400000.0,7079600000.0,2011-02-22,12021100000.0,,2011-02-22,,2011-02-22
TAP,2010-12-25,707700000.0,7798800000.0,2012-02-27,12697600000.0,,2012-02-27,,2012-02-27
TAP,2010-12-31,707700000.0,7798800000.0,2011-02-22,12697600000.0,,2011-02-22,,2011-02-22
TAP,2011-12-31,676300000.0,7647900000.0,2012-02-27,12423800000.0,,2012-02-27,,2012-02-27
TAP,2012-12-29,443000000.0,7966900000.0,2013-02-22,16212200000.0,,2013-02-22,,2013-02-22
TAP,2013-12-31,567300000.0,8638900000.0,2014-02-14,15580100000.0,,2014-02-14,,2014-02-14
TAP,2014-12-31,514000000.0,7863300000.0,2015-02-12,13996300000.0,,2015-02-12,,2015-02-12
TAP,2015-12-31,359500000.0,7043000000.0,2016-02-11,12276300000.0,,2016-02-11,,2016-02-11
TAP,2016-12-31,1975900000.0,11418700000.0,2017-02-14,29341500000.0,6597400000.0,2017-02-14,2019-02-12,2017-02-14
TAP,2017-12-31,1414200000.0,13226100000.0,2018-02-14,30246900000.0,13471500000.0,2018-02-14,2019-02-12,2018-02-14
TAP,2018-12-31,1116500000.0,13507400000.0,2019-02-12,30109800000.0,13338000000.0,2019-02-12,2019-02-12,2019-02-12
TAP,2019-12-31,241700000.0,13419400000.0,2020-02-12,28859800000.0,13009100000.0,2020-02-12,2020-02-12,2020-02-12
TAP,2020-12-31,-949000000.0,12365000000.0,2021-02-11,27331100000.0,11723800000.0,2021-02-11,2021-02-11,2021-02-11
TAP,2021-12-31,1005700000.0,13417100000.0,2022-02-23,27619000000.0,,2022-02-23,,2022-02-23
TAP,2022-12-31,-175300000.0,12689700000.0,2023-02-21,25868300000.0,,2023-02-21,,2023-02-21
TAP,2023-12-31,948900000.0,13196000000.0,2024-02-20,26375100000.0,,2024-02-20,,2024-02-20
TAP,2024-12-31,1122400000.0,13092400000.0,2025-02-18,26064300000.0,,2025-02-18,,2025-02-18
TAP,2025-12-31,-2139600000.0,10230300000.0,2026-02-18,22738400000.0,,2026-02-18,,2026-02-18
TDC,2007-12-31,,631000000.0,2011-03-01,,,,,
TDC,2008-12-31,250000000.0,777000000.0,2011-03-01,,1762000000.0,,2011-03-01,2011-03-01
TDC,2009-12-31,254000000.0,910000000.0,2011-03-01,1569000000.0,1709000000.0,2011-03-01,2011-03-01,2011-03-01
TDC,2010-12-31,301000000.0,1189000000.0,2011-03-01,1883000000.0,1936000000.0,2011-03-01,2011-03-01,2011-03-01
TDC,2011-12-31,353000000.0,1494000000.0,2012-02-29,2616000000.0,2362000000.0,2012-02-29,2012-02-29,2012-02-29
TDC,2012-12-31,419000000.0,1779000000.0,2013-02-28,3066000000.0,2665000000.0,2013-02-28,2013-02-28,2013-02-28
TDC,2013-12-31,377000000.0,1857000000.0,2014-02-27,3096000000.0,2692000000.0,2014-02-27,2014-02-27,2014-02-27
TDC,2014-12-31,367000000.0,1707000000.0,2015-02-27,3132000000.0,2732000000.0,2015-02-27,2015-02-27,2015-02-27
TDC,2015-12-31,-214000000.0,849000000.0,2016-02-26,2530000000.0,2530000000.0,2016-02-26,2016-02-26,2016-02-26
TDC,2016-12-31,125000000.0,971000000.0,2017-02-27,2413000000.0,2322000000.0,2017-02-27,2017-02-27,2017-02-27
TDC,2017-12-31,-67000000.0,668000000.0,2018-02-23,2556000000.0,2156000000.0,2018-02-23,2018-02-23,2018-02-23
TDC,2018-12-31,30000000.0,495000000.0,2019-02-26,2360000000.0,,2019-02-26,,2019-02-26
TDC,2019-12-31,-20000000.0,262000000.0,2020-02-28,2057000000.0,,2020-02-28,,2020-02-28
TDC,2020-12-31,129000000.0,400000000.0,2021-02-26,2193000000.0,,2021-02-26,,2021-02-26
TDC,2021-12-31,147000000.0,460000000.0,2022-02-25,2169000000.0,,2022-02-25,,2022-02-25
TDC,2022-12-31,33000000.0,258000000.0,2023-02-24,2022000000.0,,2023-02-24,,2023-02-24
TDC,2023-12-31,62000000.0,135000000.0,2024-02-23,1873000000.0,,2024-02-23,,2024-02-23
TDC,2024-12-31,114000000.0,133000000.0,2025-02-21,1704000000.0,,2025-02-21,,2025-02-21
TDC,2025-12-31,130000000.0,230000000.0,2026-02-27,1779000000.0,,2026-02-27,,2026-02-27
TDG,2007-09-30,,487551000.0,2010-11-15,,,,,
TDG,2008-09-30,133126000.0,653900000.0,2010-11-15,,,,,2010-11-15
TDG,2009-09-30,162902000.0,819162000.0,2010-11-15,2454440000.0,,2010-11-15,,2010-11-15
TDG,2010-09-30,163445000.0,592979000.0,2010-11-15,2677818000.0,,2010-11-15,,2010-11-15
TDG,2010-10-02,,592979000.0,2013-11-15,,,,,
TDG,2011-09-30,172134000.0,810949000.0,2011-11-18,4513636000.0,,2011-11-18,,2011-11-18
TDG,2012-09-30,324969000.0,1218834000.0,2012-11-16,5459617000.0,,2012-11-16,,2012-11-16
TDG,2013-09-30,302789000.0,-336381000.0,2013-11-15,6148879000.0,,2013-11-15,,2013-11-15
TDG,2014-09-30,306910000.0,-1556099000.0,2014-11-14,6756848000.0,,2014-11-14,,2014-11-14
TDG,2015-09-30,447212000.0,-1038306000.0,2015-11-13,8427050000.0,,2015-11-13,,2015-11-13
TDG,2016-09-30,586414000.0,-651490000.0,2016-11-15,10726277000.0,,2016-11-15,,2016-11-15
TDG,2017-09-30,596887000.0,-2951204000.0,2017-11-13,9975661000.0,3504286000.0,2017-11-13,2019-11-19,2017-11-13
TDG,2018-09-30,957062000.0,-1808471000.0,2018-11-09,12197467000.0,3811126000.0,2018-11-09,2019-11-19,2018-11-09
TDG,2019-09-30,889770000.0,-2894905000.0,2019-11-19,16254731000.0,5223203000.0,2019-11-19,2019-11-19,2019-11-19
TDG,2020-09-30,699000000.0,-3972000000.0,2020-11-12,18395000000.0,5103000000.0,2020-11-12,2020-11-12,2020-11-12
TDG,2021-09-30,680000000.0,-2916000000.0,2021-11-16,19315000000.0,4798000000.0,2021-11-16,2021-11-16,2021-11-16
TDG,2022-09-30,866000000.0,-3773000000.0,2022-11-10,18107000000.0,5429000000.0,2022-11-10,2022-11-10,2022-11-10
TDG,2023-09-30,1298000000.0,-1984000000.0,2023-11-09,19970000000.0,6585000000.0,2023-11-09,2023-11-09,2023-11-09
TDG,2024-09-30,1714000000.0,-6290000000.0,2024-11-07,25586000000.0,7940000000.0,2024-11-07,2024-11-07,2024-11-07
TDG,2025-09-30,2074000000.0,-9686000000.0,2025-11-12,22909000000.0,8831000000.0,2025-11-12,2025-11-12,2025-11-12
TDY,2010-01-03,113300000.0,666500000.0,2011-03-03,1421500000.0,,2011-03-03,,2012-02-29
TDY,2011-01-02,120500000.0,786000000.0,2011-03-03,1557800000.0,,2011-03-03,,2012-02-29
TDY,2012-01-01,255200000.0,979300000.0,2012-02-29,1826100000.0,689900000.0,2012-02-29,2014-02-25,2012-02-29
TDY,2012-12-30,164100000.0,1147800000.0,2013-02-26,2406400000.0,831700000.0,2013-02-26,2014-02-25,2013-02-26
TDY,2013-12-29,185000000.0,1471700000.0,2014-02-25,2751100000.0,1031800000.0,2014-02-25,2014-02-25,2014-02-25
TDY,2014-12-28,217700000.0,1427300000.0,2015-02-26,2862200000.0,1069300000.0,2015-02-26,2015-02-26,2015-02-26
TDY,2016-01-03,195800000.0,1344100000.0,2016-03-01,2718500000.0,1020400000.0,2016-03-01,2016-03-01,2016-03-01
TDY,2017-01-01,190900000.0,1554400000.0,2019-02-25,2774400000.0,,2017-03-02,,2017-03-02
TDY,2017-12-31,227200000.0,1947300000.0,2019-02-25,3846400000.0,,2018-02-27,,2018-02-27
TDY,2018-12-30,333800000.0,2229700000.0,2019-02-25,3809300000.0,,2019-02-25,,2019-02-25
TDY,2019-12-29,402300000.0,2714700000.0,2020-02-24,4579800000.0,,2020-02-24,,2020-02-24
TDY,2021-01-03,401900000.0,3228600000.0,2021-02-26,5084800000.0,,2021-02-26,,2021-02-26
TDY,2022-01-02,445300000.0,7622000000.0,2022-02-25,14430300000.0,,2022-02-25,,2022-02-25
TDY,2023-01-01,788600000.0,8169200000.0,2023-02-24,14354000000.0,,2023-02-24,,2023-02-24
TDY,2023-12-31,885700000.0,9221200000.0,2024-02-23,14527900000.0,,2024-02-23,,2024-02-23
TDY,2024-12-29,819200000.0,9549400000.0,2025-02-21,14200500000.0,,2025-02-21,,2025-02-21
TDY,2025-12-28,894800000.0,10513900000.0,2026-02-20,15285300000.0,,2026-02-20,,2026-02-20
TE,2021-12-31,-93378000.0,,,,,,,2024-02-29
TE,2022-12-31,-98791000.0,717455000.0,2024-02-29,827698000.0,,2024-02-29,,2024-02-29
TE,2023-12-31,-71945000.0,633195000.0,2024-02-29,732185000.0,,2024-02-29,,2024-02-29
TE,2024-12-31,,188762000.0,2025-03-31,1335846000.0,2942000.0,2025-03-31,2026-03-31,
TE,2025-12-31,,,,1372108000.0,755295000.0,2026-03-31,2026-03-31,
TECH,2008-06-30,,487130000.0,2011-08-29,,,,,
TECH,2009-06-30,105242000.0,456482000.0,2011-08-29,472005000.0,,2011-08-29,,2011-08-29
TECH,2010-06-30,109776000.0,501792000.0,2011-08-29,518816000.0,,2011-08-29,,2011-08-29
TECH,2011-06-30,112302000.0,586122000.0,2011-08-29,617670000.0,,2011-08-29,,2011-08-29
TECH,2012-06-30,112331000.0,674442000.0,2012-08-29,719324000.0,,2012-08-29,,2012-08-29
TECH,2013-06-30,112561000.0,737541000.0,2013-08-29,778098000.0,,2013-08-29,,2013-08-29
TECH,2014-06-30,110948000.0,795265000.0,2014-08-29,862491000.0,,2014-08-29,,2014-08-29
TECH,2015-06-30,107735000.0,846935000.0,2015-08-31,1063360000.0,,2015-08-31,,2015-08-31
TECH,2016-06-30,104476000.0,879280000.0,2016-08-29,1129581000.0,,2016-08-29,,2016-08-29
TECH,2017-06-30,76086000.0,949627000.0,2017-09-07,1558219000.0,,2017-09-07,,2017-09-07
TECH,2018-06-30,126150000.0,1079061000.0,2018-08-27,1593202000.0,,2018-08-27,,2018-08-27
TECH,2019-06-30,96072000.0,1165589000.0,2019-08-28,1884410000.0,,2019-08-28,,2019-08-28
TECH,2020-06-30,229296000.0,1381192000.0,2020-08-26,2027589000.0,,2020-08-26,,2020-08-26
TECH,2021-06-30,140410000.0,1562971000.0,2021-08-25,2262957000.0,,2021-08-25,,2021-08-25
TECH,2022-06-30,272051000.0,1701770000.0,2022-08-24,2294805000.0,,2022-08-24,,2022-08-24
TECH,2023-06-30,285263000.0,1966516000.0,2023-08-23,2638692000.0,1136702000.0,2023-08-23,2025-08-22,2023-08-23
TECH,2024-06-30,168105000.0,2068850000.0,2024-08-22,2703867000.0,1159060000.0,2024-08-22,2025-08-22,2024-08-22
TECH,2025-06-30,73400000.0,1918808000.0,2026-08-24,2557868000.0,1219635000.0,2025-08-22,2025-08-22,2025-08-22
TECH,2026-06-30,,2108221000.0,2026-08-24,2586726000.0,1215039000.0,2026-08-24,2026-08-24,
TEL,2006-09-29,,11160000000.0,2009-11-18,,,,,
TEL,2007-09-28,-554000000.0,11377000000.0,2009-11-18,,12574000000.0,,2009-11-18,2009-11-18
TEL,2008-09-26,1782000000.0,11073000000.0,2009-11-18,21600000000.0,14373000000.0,2009-11-18,2009-11-18,2009-11-18
TEL,2009-09-25,-3256000000.0,7016000000.0,2009-11-18,16220000000.0,10256000000.0,2009-11-18,2009-11-18,2009-11-18
TEL,2010-09-24,1103000000.0,7048000000.0,2010-11-10,16992000000.0,12070000000.0,2010-11-10,2010-11-10,2010-11-10
TEL,2011-09-30,,7474000000.0,2011-11-18,17723000000.0,14312000000.0,2011-11-18,2011-11-18,
TEL,2012-09-28,,7971000000.0,2012-11-13,19306000000.0,13282000000.0,2012-11-13,2012-11-13,
TEL,2013-09-27,,8380000000.0,2013-11-15,18461000000.0,13280000000.0,2013-11-15,2013-11-15,
TEL,2014-09-26,1781000000.0,9007000000.0,2014-11-12,20152000000.0,13912000000.0,2014-11-12,2014-11-12,2016-11-15
TEL,2015-09-25,2420000000.0,9585000000.0,2015-11-10,20608000000.0,12233000000.0,2015-11-10,2015-11-10,2016-11-15
TEL,2016-09-30,2009000000.0,,,17608000000.0,12238000000.0,2016-11-15,2016-11-15,2016-11-15
TEL,2017-09-29,1683000000.0,,,19403000000.0,13113000000.0,2017-11-14,2017-11-14,2017-11-14
TEL,2018-09-28,2565000000.0,,,20386000000.0,13988000000.0,2018-11-13,2018-11-13,2018-11-13
TEL,2019-09-27,1844000000.0,,,19694000000.0,,2019-11-12,,2019-11-12
TEL,2020-09-25,-241000000.0,,,19242000000.0,,2020-11-10,,2020-11-10
TEL,2021-09-24,2261000000.0,,,21462000000.0,,2021-11-09,,2021-11-09
TEL,2022-09-30,2428000000.0,,,20782000000.0,,2022-11-15,,2022-11-15
TEL,2023-09-29,1910000000.0,,,21712000000.0,,2023-11-13,,2023-11-13
TEL,2024-09-27,3193000000.0,,,22854000000.0,,2024-11-12,,2024-11-12
TEL,2025-09-26,1842000000.0,,,25081000000.0,,2025-11-10,,2025-11-10
TER,2007-12-31,,1229174000.0,2011-03-01,,,,,
TER,2008-12-31,-394227000.0,709719000.0,2011-03-01,,1107042000.0,,2011-03-01,2011-03-01
TER,2009-12-31,-133837000.0,664579000.0,2011-03-01,1235337000.0,819407000.0,2011-03-01,2011-03-01,2011-03-01
TER,2010-12-31,379730000.0,1122188000.0,2011-03-01,1810355000.0,1608650000.0,2011-03-01,2011-03-01,2011-03-01
TER,2011-12-31,373809000.0,1505060000.0,2012-02-29,2188639000.0,1429061000.0,2012-02-29,2012-02-29,2012-02-29
TER,2012-12-31,217049000.0,1778355000.0,2013-03-01,2429345000.0,1656750000.0,2013-03-01,2013-03-01,2013-03-01
TER,2013-12-31,164947000.0,1985094000.0,2014-02-28,2629824000.0,1427933000.0,2014-02-28,2014-02-28,2014-02-28
TER,2014-12-31,81272000.0,2078980000.0,2015-02-27,2538520000.0,1647824000.0,2015-02-27,2015-02-27,2015-02-27
TER,2015-12-31,206477000.0,1965786000.0,2016-02-29,2548674000.0,1639578000.0,2016-02-29,2016-02-29,2016-02-29
TER,2016-12-31,-43421000.0,1828659000.0,2017-03-01,2762493000.0,1753250000.0,2017-03-01,2017-03-01,2017-03-01
TER,2017-12-31,257692000.0,1953646000.0,2018-03-01,3109545000.0,2136606000.0,2018-03-01,2018-03-01,2018-03-01
TER,2018-12-31,451779000.0,1522354000.0,2019-03-01,2706606000.0,2100802000.0,2019-03-01,2019-03-01,2019-03-01
TER,2019-12-31,467468000.0,1480158000.0,2020-03-02,2787014000.0,2294965000.0,2020-03-02,2020-03-02,2020-03-02
TER,2020-12-31,784147000.0,2207018000.0,2021-02-22,3652346000.0,3121469000.0,2021-02-22,2021-02-22,2021-02-22
TER,2021-12-31,1014589000.0,2562444000.0,2022-02-23,3809425000.0,3702881000.0,2022-02-23,2022-02-23,2022-02-23
TER,2022-12-31,715501000.0,2451294000.0,2023-02-22,3501252000.0,3155045000.0,2023-02-22,2023-02-22,2023-02-22
TER,2023-12-31,448752000.0,2525897000.0,2024-02-22,3486824000.0,2676298000.0,2024-02-22,2024-02-22,2024-02-22
TER,2024-12-31,542372000.0,2819294000.0,2025-02-20,3708714000.0,2819880000.0,2025-02-20,2025-02-20,2025-02-20
TER,2025-12-31,554047000.0,2795752000.0,2026-02-19,4183599000.0,3190024000.0,2026-02-19,2026-02-19,2026-02-19
TEX,2007-12-31,613900000.0,,,,,,,2010-02-24
TEX,2008-12-31,71900000.0,1721700000.0,2010-02-24,5445400000.0,,2010-02-24,,2010-02-24
TEX,2009-12-31,-398400000.0,1650200000.0,2010-02-24,5713800000.0,3858400000.0,2010-02-24,2012-02-29,2010-02-24
TEX,2010-12-31,358500000.0,2083200000.0,2011-02-18,5516400000.0,4418200000.0,2011-02-18,2012-02-29,2011-02-18
TEX,2011-12-31,45200000.0,1906400000.0,2012-02-29,7050700000.0,6504600000.0,2012-02-29,2012-02-29,2012-02-29
TEX,2012-12-31,105800000.0,2007700000.0,2013-02-28,6746200000.0,7348400000.0,2013-02-28,2013-02-28,2013-02-28
TEX,2013-12-31,226000000.0,2190100000.0,2014-02-25,6536700000.0,7084000000.0,2014-02-25,2014-02-25,2014-02-25
TEX,2014-12-31,319000000.0,2005900000.0,2015-02-23,5928000000.0,7308900000.0,2015-02-23,2015-02-23,2015-02-23
TEX,2015-12-31,145900000.0,1877400000.0,2016-02-22,5637100000.0,6543100000.0,2016-02-22,2016-02-22,2016-02-22
TEX,2016-12-31,-176100000.0,1484700000.0,2017-02-27,5006800000.0,4443100000.0,2017-02-27,2017-02-27,2017-02-27
TEX,2017-12-31,128700000.0,1222000000.0,2018-02-16,3462500000.0,4363400000.0,2018-02-16,2018-02-16,2018-02-16
TEX,2018-12-31,113700000.0,860500000.0,2019-02-25,3485900000.0,5125000000.0,2019-02-25,2019-02-25,2019-02-25
TEX,2019-12-31,54400000.0,932300000.0,2020-02-14,3195600000.0,4353100000.0,2020-02-14,2020-02-14,2020-02-14
TEX,2020-12-31,-10600000.0,,,3031800000.0,3076400000.0,2021-02-12,2021-02-12,2021-02-12
TEX,2021-12-31,220900000.0,,,2863500000.0,3886800000.0,2022-02-11,2022-02-11,2022-02-11
TEX,2022-12-31,300000000.0,,,3118100000.0,4417700000.0,2023-02-10,2023-02-10,2023-02-10
TEX,2023-12-31,518000000.0,,,3615500000.0,5151500000.0,2024-02-09,2024-02-09,2024-02-09
TEX,2024-12-31,335000000.0,,,5730000000.0,5127000000.0,2025-02-07,2025-02-07,2025-02-07
TEX,2025-12-31,221000000.0,,,6139000000.0,5421000000.0,2026-02-13,2026-02-13,2026-02-13
TFC,2008-12-31,,,,152015000000.0,,2010-02-26,,
TFC,2009-12-31,,,,165764000000.0,,2010-02-26,,
TFC,2010-12-31,,,,157081000000.0,,2011-02-25,,
TFC,2011-12-31,,,,174579000000.0,,2012-02-27,,
TFC,2012-12-31,,,,183872000000.0,,2013-03-01,,
TFC,2013-12-31,,,,183010000000.0,,2014-02-26,,
TFC,2014-12-31,,,,186814000000.0,,2015-02-25,,
TFC,2015-12-31,,,,209947000000.0,,2016-02-25,,
TFC,2016-12-31,,,,219276000000.0,,2017-02-21,,
TFC,2017-12-31,,,,221642000000.0,,2018-02-21,,
TFC,2018-12-31,,,,225697000000.0,,2019-02-26,,
TFC,2019-12-31,,,,473078000000.0,,2020-03-03,,
TFC,2020-12-31,,,,509228000000.0,,2021-02-24,,
TFC,2021-12-31,,,,541241000000.0,,2022-02-23,,
TFC,2022-12-31,,,,555255000000.0,,2023-02-28,,
TFC,2023-12-31,,,,535349000000.0,,2024-02-27,,
TFC,2024-12-31,,63679000000.0,2026-02-24,531176000000.0,,2025-02-25,,
TFC,2025-12-31,,65189000000.0,2026-02-24,547538000000.0,,2026-02-24,,
TFX,2008-12-31,119774000.0,,,,1912080000.0,,2011-02-25,2011-02-25
TFX,2009-12-31,302994000.0,1580241000.0,2011-02-25,3839005000.0,1766329000.0,2011-02-25,2011-02-25,2011-02-25
TFX,2010-12-31,201094000.0,1783376000.0,2011-02-25,3643155000.0,1801705000.0,2011-02-25,2011-02-25,2011-02-25
TFX,2011-12-31,323329000.0,1980588000.0,2012-02-24,3924103000.0,1528911000.0,2012-02-24,2012-02-24,2012-02-24
TFX,2012-12-31,-190057000.0,1778950000.0,2013-02-22,3739497000.0,1551009000.0,2013-02-22,2013-02-22,2013-02-22
TFX,2013-12-31,150881000.0,1913527000.0,2014-02-24,4209007000.0,1696271000.0,2014-02-24,2014-02-24,2014-02-24
TFX,2014-12-31,187679000.0,1911309000.0,2015-02-20,3977255000.0,1839832000.0,2015-02-20,2015-02-20,2015-02-20
TFX,2015-12-31,244863000.0,2009272000.0,2016-02-25,3878516000.0,1809690000.0,2016-02-25,2016-02-25,2016-02-25
TFX,2016-12-31,237377000.0,2137517000.0,2017-02-23,3891213000.0,1868027000.0,2017-02-23,2017-02-23,2017-02-23
TFX,2017-12-31,152530000.0,2430531000.0,2021-02-25,6181492000.0,2146303000.0,2018-02-22,2018-02-22,2018-02-22
TFX,2018-12-31,200802000.0,2539978000.0,2020-02-21,6277991000.0,,2019-02-21,,2019-02-21
TFX,2019-12-31,461466000.0,2979320000.0,2020-02-21,6309820000.0,,2020-02-21,,2021-02-25
TFX,2020-12-31,335324000.0,3336457000.0,2021-02-25,7152559000.0,,2021-02-25,,2021-02-25
TFX,2021-12-31,485374000.0,3754748000.0,2022-03-01,6871722000.0,,2022-03-01,,2022-03-01
TFX,2022-12-31,363139000.0,4021968000.0,2023-02-23,6928063000.0,,2023-02-23,,2023-02-23
TFX,2023-12-31,356328000.0,4440988000.0,2024-02-23,7532546000.0,,2024-02-23,,2024-02-23
TFX,2024-12-31,69675000.0,4278140000.0,2025-02-28,7097914000.0,,2025-02-28,,2025-02-28
TFX,2025-12-31,-905640000.0,3124768000.0,2026-02-27,6947239000.0,,2026-02-27,,2026-02-27
TGT,2008-02-02,,,,,63367000000.0,,2010-03-12,
TGT,2009-01-31,,13712000000.0,2012-03-15,44106000000.0,64948000000.0,2010-03-12,2010-03-12,
TGT,2010-01-30,,15347000000.0,2012-03-15,44533000000.0,65357000000.0,2010-03-12,2010-03-12,
TGT,2011-01-29,,15487000000.0,2012-03-15,43705000000.0,67390000000.0,2011-03-11,2011-03-11,
TGT,2012-01-28,,15821000000.0,2012-03-15,46630000000.0,69865000000.0,2012-03-15,2012-03-15,
TGT,2013-02-02,,16558000000.0,2013-03-20,48163000000.0,73301000000.0,2013-03-20,2013-03-20,
TGT,2014-02-01,,16231000000.0,2014-03-14,44553000000.0,72596000000.0,2014-03-14,2014-03-14,
TGT,2015-01-31,,13997000000.0,2015-03-13,41404000000.0,72618000000.0,2015-03-13,2015-03-13,
TGT,2016-01-30,,12957000000.0,2016-03-11,40262000000.0,,2016-03-11,,
TGT,2017-01-28,,10953000000.0,2017-03-08,37431000000.0,,2017-03-08,,
TGT,2018-02-03,,11709000000.0,2018-03-14,38999000000.0,,2018-03-14,,
TGT,2019-02-02,,11297000000.0,2019-03-13,41290000000.0,,2019-03-13,,
TGT,2020-02-01,,11833000000.0,2020-03-11,42779000000.0,,2020-03-11,,
TGT,2021-01-30,4368000000.0,14440000000.0,2021-03-10,51248000000.0,,2021-03-10,,2023-03-08
TGT,2022-01-29,6946000000.0,12827000000.0,2022-03-09,53811000000.0,,2022-03-09,,2023-03-08
TGT,2023-01-28,2780000000.0,11232000000.0,2023-03-08,53335000000.0,,2023-03-08,,2023-03-08
TGT,2024-02-03,4138000000.0,13432000000.0,2024-03-13,55356000000.0,,2024-03-13,,2024-03-13
TGT,2025-02-01,4091000000.0,14666000000.0,2025-03-12,57769000000.0,,2025-03-12,,2025-03-12
TGT,2026-01-31,3705000000.0,16165000000.0,2026-03-11,59490000000.0,,2026-03-11,,2026-03-11
THC,2008-12-31,25000000.0,,,,,,,2011-02-25
THC,2009-12-31,181000000.0,646000000.0,2011-02-25,7953000000.0,,2011-02-25,,2011-02-25
THC,2010-12-31,1119000000.0,1766000000.0,2011-02-25,8500000000.0,,2011-02-25,,2011-02-25
THC,2011-12-31,,1423000000.0,2012-02-28,8462000000.0,,2012-02-28,,
THC,2012-12-31,,1143000000.0,2013-02-26,9044000000.0,,2013-02-26,,
THC,2013-12-31,,755000000.0,2014-02-24,16130000000.0,,2014-02-24,,
THC,2014-12-31,,651000000.0,2015-02-23,18141000000.0,,2015-02-23,,
THC,2015-12-31,,691000000.0,2016-02-22,23682000000.0,,2016-02-22,,
THC,2016-12-31,,417000000.0,2017-02-27,24701000000.0,19621000000.0,2017-02-27,2019-02-25,
THC,2017-12-31,,-147000000.0,2018-02-26,23385000000.0,19179000000.0,2018-02-26,2019-02-25,
THC,2018-12-31,,-119000000.0,2019-02-25,22409000000.0,18313000000.0,2019-02-25,2019-02-25,
THC,2019-12-31,,-371000000.0,2020-02-24,23351000000.0,18479000000.0,2020-02-24,2020-02-24,
THC,2020-12-31,,28000000.0,2021-02-19,27106000000.0,,2021-02-19,,
THC,2021-12-31,,1028000000.0,2022-02-18,27579000000.0,,2022-02-18,,
THC,2022-12-31,,1142000000.0,2023-02-21,27156000000.0,,2023-02-21,,
THC,2023-12-31,,1608000000.0,2024-02-16,28312000000.0,,2024-02-16,,
THC,2024-12-31,,4171000000.0,2025-02-18,28936000000.0,,2025-02-18,,
THC,2025-12-31,,4220000000.0,2026-02-17,29677000000.0,,2026-02-17,,
TJX,2008-01-26,,,,,18336726000.0,,2010-03-30,
TJX,2009-01-31,,,,6178242000.0,18999505000.0,2010-03-30,2010-03-30,
TJX,2010-01-30,,,,7463977000.0,20288444000.0,2010-03-30,2010-03-30,
TJX,2011-01-29,,,,7971763000.0,21942193000.0,2011-03-30,2011-03-30,
TJX,2012-01-28,,3209290000.0,2015-03-31,8281605000.0,23191455000.0,2012-03-27,2012-03-27,
TJX,2013-02-02,1906687000.0,3665937000.0,2015-03-31,9511855000.0,25878372000.0,2013-04-02,2013-04-02,2015-03-31
TJX,2014-02-01,2137396000.0,4229893000.0,2015-03-31,10201022000.0,27422696000.0,2014-04-01,2014-04-01,2015-03-31
TJX,2015-01-31,2215128000.0,4264230000.0,2015-03-31,11128381000.0,29078407000.0,2015-03-31,2015-03-31,2015-03-31
TJX,2016-01-30,2277658000.0,4307075000.0,2016-03-29,11499482000.0,,2016-03-29,,2016-03-29
TJX,2017-01-28,2298234000.0,4510599000.0,2017-03-28,12883808000.0,,2017-03-28,,2017-03-28
TJX,2018-02-03,2607948000.0,5148309000.0,2018-04-04,14058015000.0,,2018-04-04,,2018-04-04
TJX,2019-02-02,3059798000.0,5048606000.0,2019-04-03,14326029000.0,,2019-04-03,,2019-04-03
TJX,2019-02-03,,,,22570137000.0,,2020-03-27,,
TJX,2020-02-01,3272193000.0,5948212000.0,2020-03-27,24145003000.0,,2020-03-27,,2020-03-27
TJX,2021-01-30,90470000.0,5832684000.0,2021-03-31,30813555000.0,,2021-03-31,,2021-03-31
TJX,2022-01-29,3282815000.0,6002992000.0,2022-03-30,28461458000.0,,2022-03-30,,2022-03-30
TJX,2023-01-28,3498000000.0,6364000000.0,2023-03-29,28349000000.0,,2023-03-29,,2023-03-29
TJX,2024-02-03,4474000000.0,7302000000.0,2024-04-03,29747000000.0,,2024-04-03,,2024-04-03
TJX,2025-02-01,4864000000.0,8393000000.0,2025-04-02,31749000000.0,,2025-04-02,,2025-04-02
TJX,2026-01-31,5494000000.0,10190000000.0,2026-03-31,35767000000.0,,2026-03-31,,2026-03-31
TKR,2008-12-31,267700000.0,,,,,,,2011-02-22
TKR,2009-12-31,-134000000.0,1577600000.0,2011-02-22,4006900000.0,,2011-02-22,,2011-02-22
TKR,2010-12-31,274800000.0,1925000000.0,2011-02-22,4180400000.0,,2011-02-22,,2011-02-22
TKR,2011-12-31,454300000.0,2028300000.0,2012-02-17,4352100000.0,124400000.0,2012-02-17,2014-02-28,2012-02-17
TKR,2012-12-31,495500000.0,2232200000.0,2013-02-13,4244700000.0,107400000.0,2013-02-13,2014-02-28,2013-02-13
TKR,2013-12-31,262700000.0,2636600000.0,2014-02-28,4477900000.0,80100000.0,2014-02-28,2014-02-28,2014-02-28
TKR,2014-12-31,170800000.0,1576200000.0,2015-03-02,3001400000.0,,2015-03-02,,2015-03-02
TKR,2015-12-31,-70800000.0,1324500000.0,2016-02-24,2785300000.0,,2016-02-24,,2016-02-24
TKR,2016-12-31,152600000.0,1274900000.0,2017-02-21,2758300000.0,,2017-02-21,,2017-02-21
TKR,2017-12-31,203400000.0,1442700000.0,2018-02-15,3402400000.0,,2018-02-15,,2018-02-15
TKR,2018-12-31,302800000.0,1579600000.0,2019-02-15,4445200000.0,,2019-02-15,,2019-02-15
TKR,2019-01-01,,,,4544700000.0,,2020-02-14,,
TKR,2019-12-31,362100000.0,1868200000.0,2020-02-14,4859900000.0,,2020-02-14,,2020-02-14
TKR,2020-12-31,284500000.0,2152900000.0,2021-02-16,5041600000.0,,2021-02-16,,2021-02-16
TKR,2021-12-31,369100000.0,2294900000.0,2022-02-15,5170700000.0,,2022-02-15,,2022-02-15
TKR,2022-12-31,407400000.0,2268300000.0,2023-02-16,5772400000.0,,2023-02-16,,2023-02-16
TKR,2023-12-31,394100000.0,2582400000.0,2024-02-26,6541700000.0,,2024-02-26,,2024-02-26
TKR,2024-12-31,352700000.0,2826500000.0,2025-02-20,6411000000.0,,2025-02-20,,2025-02-20
TKR,2025-12-31,288400000.0,3184600000.0,2026-02-13,6676800000.0,,2026-02-13,,2026-02-13
TMO,2007-12-31,748400000.0,14463600000.0,2010-02-26,,9746400000.0,,2010-02-26,2010-02-26
TMO,2008-12-31,980900000.0,14926500000.0,2010-02-26,21090000000.0,10498000000.0,2010-02-26,2010-02-26,2010-02-26
TMO,2009-12-31,850300000.0,15430900000.0,2010-02-26,21625000000.0,10109700000.0,2010-02-26,2010-02-26,2010-02-26
TMO,2010-12-31,1035600000.0,15361000000.0,2011-02-24,21349400000.0,10788700000.0,2011-02-24,2011-02-24,2011-02-24
TMO,2011-12-31,1329900000.0,15038100000.0,2012-02-29,26833700000.0,11725900000.0,2012-02-29,2012-02-29,2012-02-29
TMO,2012-12-31,1177900000.0,15464700000.0,2013-02-27,27444600000.0,12509900000.0,2013-02-27,2013-02-27,2013-02-27
TMO,2013-12-31,1273300000.0,16856100000.0,2014-02-27,31863400000.0,13090300000.0,2014-02-27,2014-02-27,2014-02-27
TMO,2014-12-31,,20548100000.0,2015-02-26,42852100000.0,16889600000.0,2015-02-26,2015-02-26,
TMO,2015-12-31,,21350200000.0,2016-02-25,40889000000.0,16965400000.0,2016-02-25,2016-02-25,
TMO,2016-12-31,,21539300000.0,2017-02-28,45907500000.0,18274100000.0,2017-02-28,2017-02-28,
TMO,2017-12-31,,25413000000.0,2018-02-28,56669000000.0,20918000000.0,2018-02-28,2018-02-28,
TMO,2018-12-31,,27586000000.0,2019-02-27,56232000000.0,,2019-02-27,,
TMO,2019-12-31,,29675000000.0,2020-02-26,58381000000.0,,2020-02-26,,
TMO,2020-12-31,,34507000000.0,2021-02-25,69052000000.0,,2021-02-25,,
TMO,2021-12-31,,40793000000.0,2022-02-24,95123000000.0,,2022-02-24,,
TMO,2022-12-31,,43978000000.0,2023-02-23,97154000000.0,,2023-02-23,,
TMO,2023-12-31,5995000000.0,46735000000.0,2024-02-22,98726000000.0,,2024-02-22,,2026-02-26
TMO,2024-12-31,6335000000.0,49584000000.0,2025-02-20,97321000000.0,,2025-02-20,,2026-02-26
TMO,2025-12-31,6704000000.0,53407000000.0,2026-02-26,110343000000.0,,2026-02-26,,2026-02-26
TMUS,2007-12-31,,1848746000.0,2011-03-01,,,,,
TMUS,2008-12-31,149438000.0,2034323000.0,2011-03-01,,2751516000.0,,2011-03-01,2011-03-01
TMUS,2009-12-31,176844000.0,2288142000.0,2011-03-01,7386017000.0,3480515000.0,2011-03-01,2011-03-01,2011-03-01
TMUS,2010-12-31,193415000.0,2541576000.0,2011-03-01,7918580000.0,4069353000.0,2011-03-01,2011-03-01,2011-03-01
TMUS,2011-12-31,301310000.0,2927600000.0,2012-02-29,9482931000.0,20618000000.0,2012-02-29,2014-02-25,2012-02-29
TMUS,2012-12-31,394172000.0,3358907000.0,2013-03-01,10189415000.0,19719000000.0,2013-03-01,2014-02-25,2013-03-01
TMUS,2013-12-31,35000000.0,14245000000.0,2014-02-25,49953000000.0,24420000000.0,2014-02-25,2014-02-25,2014-02-25
TMUS,2014-12-31,247000000.0,15663000000.0,2015-02-19,56653000000.0,29564000000.0,2015-02-19,2015-02-19,2015-02-19
TMUS,2015-12-31,733000000.0,16557000000.0,2016-02-17,62436000000.0,32053000000.0,2016-02-17,2016-02-17,2016-02-17
TMUS,2016-12-31,1460000000.0,18236000000.0,2017-02-14,65891000000.0,37242000000.0,2017-02-14,2017-02-14,2017-02-14
TMUS,2017-12-31,4536000000.0,22559000000.0,2018-02-08,70563000000.0,40604000000.0,2018-02-08,2018-02-08,2018-02-08
TMUS,2018-12-31,2888000000.0,24718000000.0,2019-02-07,72468000000.0,,2019-02-07,,2019-02-07
TMUS,2019-12-31,3468000000.0,28789000000.0,2020-02-06,86921000000.0,,2020-02-06,,2020-02-06
TMUS,2020-12-31,3064000000.0,65344000000.0,2021-02-23,200162000000.0,,2021-02-23,,2021-02-23
TMUS,2021-12-31,3024000000.0,69102000000.0,2022-02-11,206563000000.0,,2022-02-11,,2022-02-11
TMUS,2022-12-31,2590000000.0,69656000000.0,2023-02-14,211338000000.0,,2023-02-14,,2023-02-14
TMUS,2023-12-31,8317000000.0,64715000000.0,2024-02-02,207682000000.0,,2024-02-02,,2024-02-02
TMUS,2024-12-31,11339000000.0,61741000000.0,2025-01-31,208035000000.0,,2025-01-31,,2025-01-31
TMUS,2025-12-31,10992000000.0,59203000000.0,2026-02-11,219237000000.0,,2026-02-11,,2026-02-11
TPR,2007-06-30,,1888499000.0,2010-08-25,,,,,
TPR,2008-06-28,783055000.0,1490375000.0,2010-08-25,2247353000.0,,2010-08-25,,2010-08-25
TPR,2009-06-27,623369000.0,1696042000.0,2010-08-25,2564336000.0,,2010-08-25,,2010-08-25
TPR,2010-07-03,734940000.0,1505293000.0,2010-08-25,2467115000.0,,2010-08-25,,2010-08-25
TPR,2011-07-02,880800000.0,1612569000.0,2011-08-19,2635116000.0,,2011-08-19,,2011-08-19
TPR,2012-06-30,1038910000.0,1992931000.0,2012-08-22,3104321000.0,,2012-08-22,,2012-08-22
TPR,2013-06-29,1034420000.0,2409158000.0,2013-08-22,3531897000.0,,2013-08-22,,2013-08-22
TPR,2014-06-28,781336000.0,2420653000.0,2014-08-15,3663131000.0,,2014-08-15,,2014-08-15
TPR,2015-06-27,402400000.0,2489900000.0,2015-08-14,4666900000.0,,2015-08-14,,2015-08-14
TPR,2016-07-02,460500000.0,2682900000.0,2016-08-19,4892700000.0,4491800000.0,2016-08-19,2018-08-16,2016-08-19
TPR,2017-07-01,591000000.0,3001900000.0,2017-08-18,5831600000.0,4488300000.0,2017-08-18,2018-08-16,2017-08-18
TPR,2018-06-30,397500000.0,3244600000.0,2018-08-16,6678300000.0,5880000000.0,2018-08-16,2018-08-16,2018-08-16
TPR,2019-06-29,643400000.0,3513400000.0,2019-08-15,6877300000.0,,2019-08-15,,2019-08-15
TPR,2020-06-27,-652100000.0,2276400000.0,2020-08-13,7924200000.0,,2020-08-13,,2020-08-13
TPR,2021-07-03,834200000.0,3259300000.0,2021-08-19,8382400000.0,,2021-08-19,,2021-08-19
TPR,2022-07-02,856300000.0,2285500000.0,2022-08-18,7265300000.0,,2022-08-18,,2022-08-18
TPR,2023-07-01,936000000.0,2277800000.0,2023-08-17,7116800000.0,,2023-08-17,,2023-08-17
TPR,2024-06-29,816000000.0,2896900000.0,2024-08-15,13396300000.0,,2024-08-15,,2024-08-15
TPR,2025-06-28,183200000.0,857800000.0,2025-08-14,6580500000.0,,2025-08-14,,2025-08-14
TPR,2026-06-27,1527700000.0,692100000.0,2026-08-13,6691700000.0,,2026-08-13,,2026-08-13
TRIP,2008-12-31,,242900000.0,2012-03-15,,,,,
TRIP,2009-12-31,102427000.0,389914000.0,2012-03-15,,352089000.0,,2012-03-15,2012-03-15
TRIP,2010-12-31,138776000.0,539632000.0,2012-03-15,722889000.0,484635000.0,2012-03-15,2012-03-15,2012-03-15
TRIP,2011-12-31,177677000.0,293537000.0,2012-03-15,835886000.0,637063000.0,2012-03-15,2012-03-15,2012-03-15
TRIP,2012-12-31,194069000.0,726968000.0,2013-02-15,1299194000.0,762966000.0,2013-02-15,2013-02-15,2013-02-15
TRIP,2013-12-31,205443000.0,864480000.0,2014-02-11,1473014000.0,944661000.0,2014-02-11,2014-02-11,2014-02-11
TRIP,2014-12-31,226000000.0,1125000000.0,2015-02-17,1959000000.0,1246000000.0,2015-02-17,2015-02-17,2015-02-17
TRIP,2015-12-31,198000000.0,1412000000.0,2016-02-18,2128000000.0,1492000000.0,2016-02-18,2016-02-18,2016-02-18
TRIP,2016-12-31,120000000.0,1502000000.0,2017-02-17,2238000000.0,1480000000.0,2017-02-17,2017-02-17,2017-02-17
TRIP,2017-12-31,-19000000.0,1363000000.0,2018-02-21,2272000000.0,1556000000.0,2018-02-21,2018-02-21,2018-02-21
TRIP,2018-12-31,113000000.0,1471000000.0,2019-02-22,2167000000.0,,2019-02-22,,2019-02-22
TRIP,2019-12-31,126000000.0,1161000000.0,2020-02-19,1984000000.0,,2020-02-19,,2020-02-19
TRIP,2020-12-31,-289000000.0,886000000.0,2021-02-19,1969000000.0,,2021-02-19,,2021-02-19
TRIP,2021-12-31,-148000000.0,789000000.0,2022-02-18,2289000000.0,,2022-02-18,,2022-02-18
TRIP,2022-12-31,20000000.0,861000000.0,2023-02-17,2569000000.0,,2023-02-17,,2023-02-17
TRIP,2023-12-31,10000000.0,871000000.0,2024-02-16,2537000000.0,,2024-02-16,,2024-02-16
TRIP,2024-12-31,5000000.0,943000000.0,2025-02-20,2561000000.0,,2025-02-20,,2025-02-20
TRIP,2025-12-31,40000000.0,645000000.0,2026-02-13,2625000000.0,,2026-02-13,,2026-02-13
TRMB,2009-01-02,141472000.0,,,,1329234000.0,,2011-03-01,2011-03-01
TRMB,2010-01-01,63446000.0,1259912000.0,2011-03-01,1753277000.0,1126259000.0,2011-03-01,2011-03-01,2011-03-01
TRMB,2010-12-31,103660000.0,1366156000.0,2011-03-01,1866892000.0,1293937000.0,2011-03-01,2011-03-01,2011-03-01
TRMB,2011-12-30,150755000.0,1569293000.0,2012-02-28,2652475000.0,1644065000.0,2012-02-28,2012-02-28,2012-02-28
TRMB,2012-12-28,191060000.0,1897455000.0,2013-02-25,3469104000.0,2040113000.0,2013-02-25,2013-02-25,2013-02-25
TRMB,2014-01-03,218855000.0,2220906000.0,2014-02-25,3700840000.0,2288124000.0,2014-02-25,2014-02-25,2014-02-25
TRMB,2015-01-02,214118000.0,2357014000.0,2015-02-25,3874348000.0,2395546000.0,2015-02-25,2015-02-25,2015-02-25
TRMB,2016-01-01,121100000.0,2219700000.0,2016-02-24,3680700000.0,2290400000.0,2016-02-24,2016-02-24,2016-02-24
TRMB,2016-12-30,132400000.0,2305800000.0,2017-02-24,3673800000.0,2362200000.0,2017-02-24,2017-02-24,2017-02-24
TRMB,2017-12-29,121100000.0,2366000000.0,2018-02-27,4298200000.0,2654200000.0,2018-02-27,2018-02-27,2018-02-27
TRMB,2018-12-28,282800000.0,2674400000.0,2019-02-22,5776400000.0,3132000000.0,2019-02-22,2021-02-26,2019-02-22
TRMB,2020-01-03,514300000.0,3119000000.0,2020-02-28,6640700000.0,3271300000.0,2020-02-28,2021-02-26,2020-02-28
TRMB,2021-01-01,389900000.0,3596900000.0,2021-02-26,6876900000.0,3152000000.0,2021-02-26,2021-02-26,2021-02-26
TRMB,2021-12-31,492700000.0,3944700000.0,2022-02-23,7099600000.0,3659400000.0,2022-02-23,2022-02-23,2022-02-23
TRMB,2022-12-30,449700000.0,4050200000.0,2023-02-17,7269000000.0,3676300000.0,2023-02-17,2023-02-17,2023-02-17
TRMB,2023-12-29,311300000.0,4500100000.0,2024-02-26,9539300000.0,3798700000.0,2024-02-26,2024-02-26,2024-02-26
TRMB,2025-01-03,1504400000.0,5745300000.0,2025-04-25,9488300000.0,,2025-04-25,,2025-04-25
TRMB,2026-01-02,424000000.0,5836200000.0,2026-02-25,9312000000.0,,2026-02-25,,2026-02-25
TROW,2007-12-31,670600000.0,,,,2233100000.0,,2010-02-05,2010-02-05
TROW,2008-12-31,490800000.0,2488800000.0,2012-02-03,2819400000.0,2121300000.0,2010-02-05,2010-02-05,2010-02-05
TROW,2009-12-31,433600000.0,2882200000.0,2011-02-08,3210300000.0,1871900000.0,2010-02-05,2010-02-05,2010-02-05
TROW,2010-12-31,672200000.0,3296500000.0,2011-02-08,3642000000.0,2370700000.0,2011-02-08,2011-02-08,2011-02-08
TROW,2011-12-31,773200000.0,3420700000.0,2012-02-03,3770300000.0,,2012-02-03,,2012-02-03
TROW,2012-12-31,883600000.0,3846100000.0,2013-02-05,4202800000.0,,2013-02-05,,2013-02-05
TROW,2013-12-31,1047700000.0,4818100000.0,2014-02-04,5033100000.0,,2014-02-04,,2014-02-04
TROW,2014-12-31,1229600000.0,5395200000.0,2015-02-05,5644400000.0,,2015-02-05,,2015-02-05
TROW,2015-12-31,1223000000.0,4762000000.0,2016-02-05,5106900000.0,,2016-02-05,,2016-02-05
TROW,2016-12-31,1215000000.0,5008600000.0,2017-02-07,6225000000.0,,2017-02-07,,2017-02-07
TROW,2017-12-31,1497800000.0,5824400000.0,2018-02-16,7534700000.0,,2018-02-16,,2018-02-16
TROW,2018-12-31,1837500000.0,6124300000.0,2019-02-13,7689300000.0,,2019-02-13,,2019-02-13
TROW,2019-12-31,2131300000.0,7102100000.0,2020-02-13,9330400000.0,,2020-02-13,,2020-02-13
TROW,2020-12-31,2372700000.0,7707000000.0,2021-02-11,10659000000.0,,2021-02-11,,2021-02-11
TROW,2021-12-31,3082900000.0,9022700000.0,2022-02-24,12509000000.0,,2022-02-24,,2022-02-24
TROW,2022-12-31,1557900000.0,8839500000.0,2023-02-15,11643300000.0,,2023-02-15,,2023-02-15
TROW,2023-12-31,1788700000.0,9505100000.0,2024-02-16,12278800000.0,,2024-02-16,,2024-02-16
TROW,2024-12-31,2100100000.0,10345400000.0,2025-02-14,13472000000.0,,2025-02-14,,2025-02-14
TROW,2025-12-31,2087100000.0,10860100000.0,2026-02-13,14341800000.0,,2026-02-13,,2026-02-13
TRV,2007-12-31,,,,,26017000000.0,,2010-02-18,
TRV,2008-12-31,,,,109632000000.0,24477000000.0,2010-02-18,2010-02-18,
TRV,2009-12-31,,,,109560000000.0,24680000000.0,2010-02-18,2010-02-18,
TRV,2010-12-31,,,,105181000000.0,25112000000.0,2011-02-17,2011-02-17,
TRV,2011-12-31,,,,104602000000.0,25446000000.0,2012-02-16,2012-02-16,
TRV,2012-12-31,,,,104938000000.0,25740000000.0,2013-02-19,2013-02-19,
TRV,2013-12-31,3673000000.0,24796000000.0,2016-02-11,103812000000.0,26191000000.0,2014-02-13,2014-02-13,2016-02-11
TRV,2014-12-31,3692000000.0,24836000000.0,2016-02-11,103078000000.0,27162000000.0,2015-02-12,2015-02-12,2016-02-11
TRV,2015-12-31,3439000000.0,23598000000.0,2016-02-11,100184000000.0,26800000000.0,2016-02-11,2016-02-11,2016-02-11
TRV,2016-12-31,3014000000.0,23221000000.0,2017-02-16,100245000000.0,27625000000.0,2017-02-16,2017-02-16,2017-02-16
TRV,2017-12-31,2056000000.0,23731000000.0,2018-02-15,103483000000.0,28902000000.0,2018-02-15,2018-02-15,2018-02-15
TRV,2018-12-31,2523000000.0,22894000000.0,2019-02-14,104233000000.0,30282000000.0,2019-02-14,2019-02-14,2019-02-14
TRV,2019-12-31,2622000000.0,25943000000.0,2020-02-13,110122000000.0,31581000000.0,2020-02-13,2020-02-13,2020-02-13
TRV,2020-12-31,2697000000.0,29201000000.0,2021-02-11,116764000000.0,31981000000.0,2021-02-11,2021-02-11,2021-02-11
TRV,2021-12-31,3662000000.0,28887000000.0,2022-02-17,120466000000.0,34816000000.0,2022-02-17,2022-02-17,2022-02-17
TRV,2022-12-31,2842000000.0,21560000000.0,2023-02-16,115717000000.0,36884000000.0,2023-02-16,2023-02-16,2023-02-16
TRV,2023-12-31,2991000000.0,24921000000.0,2024-02-15,125978000000.0,41364000000.0,2024-02-15,2024-02-15,2024-02-15
TRV,2024-12-31,4999000000.0,27864000000.0,2025-02-13,133189000000.0,46423000000.0,2025-02-13,2025-02-13,2025-02-13
TRV,2025-12-31,6288000000.0,32894000000.0,2026-02-12,143708000000.0,48828000000.0,2026-02-12,2026-02-12,2026-02-12
TSCO,2007-12-29,,565337000.0,2011-02-23,,,,,
TSCO,2008-12-27,107993000.0,651799000.0,2011-02-23,,,,,2011-02-23
TSCO,2009-12-26,119745000.0,779151000.0,2011-02-23,1276580000.0,,2011-02-23,,2011-02-23
TSCO,2010-12-25,167972000.0,933242000.0,2011-02-23,1463474000.0,,2011-02-23,,2011-02-23
TSCO,2011-12-31,222740000.0,1008290000.0,2012-02-29,1594832000.0,,2012-02-29,,2012-02-29
TSCO,2012-12-29,276457000.0,1024974000.0,2013-02-20,1706808000.0,,2013-02-20,,2013-02-20
TSCO,2013-12-28,328234000.0,1246894000.0,2014-02-19,1903391000.0,,2014-02-19,,2014-02-19
TSCO,2014-12-27,370885000.0,1293561000.0,2015-02-18,2034571000.0,,2015-02-18,,2015-02-18
TSCO,2015-12-26,410395000.0,1393294000.0,2016-02-23,2370826000.0,,2016-02-23,,2016-02-23
TSCO,2016-12-31,437120000.0,1453218000.0,2017-02-23,2674942000.0,,2017-02-23,,2017-02-23
TSCO,2017-12-30,422599000.0,1418673000.0,2018-02-22,2868769000.0,7256382000.0,2018-02-22,2020-02-20,2018-02-22
TSCO,2018-12-29,532357000.0,1561820000.0,2019-02-21,3085262000.0,7911046000.0,2019-02-21,2020-02-20,2019-02-21
TSCO,2019-12-28,562354000.0,1567123000.0,2020-02-20,5289268000.0,8351931000.0,2020-02-20,2020-02-20,2020-02-20
TSCO,2020-12-26,748958000.0,1923840000.0,2021-02-18,7049116000.0,10620352000.0,2021-02-18,2021-02-18,2021-02-18
TSCO,2021-12-25,997114000.0,2002665000.0,2022-02-17,7767467000.0,12731105000.0,2022-02-17,2022-02-17,2022-02-17
TSCO,2022-12-31,1088712000.0,2042416000.0,2023-02-23,8489990000.0,14204717000.0,2023-02-23,2023-02-23,2023-02-23
TSCO,2023-12-30,1107226000.0,2149762000.0,2024-02-23,9188151000.0,14555741000.0,2024-02-23,2024-02-23,2024-02-23
TSCO,2024-12-28,1101240000.0,2270334000.0,2025-02-20,9805485000.0,14883231000.0,2025-02-20,2025-02-20,2025-02-20
TSCO,2025-12-27,1096087000.0,2581293000.0,2026-02-19,10933679000.0,15524046000.0,2026-02-19,2026-02-19,2026-02-19
TSLA,2008-12-31,,-199714000.0,2012-02-27,,,,,
TSLA,2009-12-31,-55740000.0,-253523000.0,2012-02-27,,111943000.0,,2012-02-27,2012-02-27
TSLA,2010-12-31,-154328000.0,207048000.0,2012-02-27,386082000.0,116744000.0,2012-02-27,2012-02-27,2012-02-27
TSLA,2011-12-31,-254411000.0,224045000.0,2012-02-27,713448000.0,204242000.0,2012-02-27,2012-02-27,2012-02-27
TSLA,2012-12-31,-396213000.0,124700000.0,2013-03-07,1114190000.0,413256000.0,2013-03-07,2013-03-07,2013-03-07
TSLA,2013-12-31,-74014000.0,667120000.0,2014-02-26,2416930000.0,2013496000.0,2014-02-26,2014-02-26,2014-02-26
TSLA,2014-12-31,-294040000.0,911710000.0,2015-02-26,5849251000.0,3198356000.0,2015-02-26,2015-02-26,2015-02-26
TSLA,2015-12-31,-888663000.0,1088944000.0,2016-02-24,8092460000.0,4046025000.0,2016-02-24,2016-02-24,2016-02-24
TSLA,2016-12-31,-674914000.0,4752911000.0,2017-03-01,22664076000.0,7000132000.0,2017-03-01,2017-03-01,2017-03-01
TSLA,2017-12-31,-1961400000.0,4237242000.0,2018-02-23,28655372000.0,11758751000.0,2018-02-23,2018-02-23,2018-02-23
TSLA,2018-12-31,-976091000.0,4923243000.0,2019-02-19,29739614000.0,21461268000.0,2019-02-19,2019-02-19,2019-02-19
TSLA,2019-12-31,-862000000.0,6618000000.0,2020-02-13,34309000000.0,24578000000.0,2020-02-13,2020-02-13,2020-02-13
TSLA,2020-12-31,721000000.0,22225000000.0,2021-02-08,52148000000.0,31536000000.0,2021-02-08,2021-02-08,2021-02-08
TSLA,2021-12-31,5519000000.0,30189000000.0,2022-02-07,62131000000.0,53823000000.0,2022-02-07,2022-02-07,2022-02-07
TSLA,2022-12-31,12556000000.0,44704000000.0,2023-01-31,82338000000.0,81462000000.0,2023-01-31,2023-01-31,2023-01-31
TSLA,2023-12-31,14997000000.0,62634000000.0,2024-01-29,106618000000.0,96773000000.0,2024-01-29,2024-01-29,2024-01-29
TSLA,2024-12-31,7091000000.0,72913000000.0,2025-01-30,122070000000.0,97690000000.0,2025-01-30,2025-01-30,2025-01-30
TSLA,2025-12-31,3794000000.0,82137000000.0,2026-01-29,137806000000.0,94827000000.0,2026-01-29,2026-01-29,2026-01-29
TSN,2008-09-30,86000000.0,,,,,,,2010-11-22
TSN,2009-09-30,-547000000.0,4398000000.0,2010-11-22,10595000000.0,,2010-11-22,,2010-11-22
TSN,2009-10-03,-547000000.0,,,10595000000.0,,2011-11-21,,2011-11-21
TSN,2010-09-30,780000000.0,5166000000.0,2010-11-22,10752000000.0,,2010-11-22,,2010-11-22
TSN,2010-10-02,780000000.0,5166000000.0,2011-11-21,10752000000.0,,2011-11-21,,2011-11-21
TSN,2011-10-01,750000000.0,5657000000.0,2011-11-21,11071000000.0,,2011-11-21,,2011-11-21
TSN,2012-09-29,583000000.0,6012000000.0,2012-11-19,11896000000.0,,2012-11-19,,2012-11-19
TSN,2013-09-28,778000000.0,6201000000.0,2013-11-18,12177000000.0,,2013-11-18,,2013-11-18
TSN,2014-09-27,864000000.0,8890000000.0,2014-11-17,23956000000.0,,2014-11-17,,2014-11-17
TSN,2015-10-03,1220000000.0,9691000000.0,2015-11-23,23004000000.0,,2015-11-23,,2015-11-23
TSN,2016-10-01,1768000000.0,9608000000.0,2016-11-21,22373000000.0,36881000000.0,2016-11-21,2018-11-13,2016-11-21
TSN,2017-09-30,1774000000.0,10541000000.0,2017-11-13,28066000000.0,38260000000.0,2017-11-13,2018-11-13,2017-11-13
TSN,2018-09-29,3024000000.0,12803000000.0,2018-11-13,29109000000.0,40052000000.0,2018-11-13,2018-11-13,2018-11-13
TSN,2019-09-28,2022000000.0,14082000000.0,2019-11-12,33097000000.0,42405000000.0,2019-11-12,2019-11-12,2019-11-12
TSN,2020-10-03,2140000000.0,15465000000.0,2020-11-16,34741000000.0,43185000000.0,2020-11-16,2020-11-16,2020-11-16
TSN,2021-10-02,3047000000.0,17723000000.0,2021-11-15,36309000000.0,47049000000.0,2021-11-15,2021-11-15,2021-11-15
TSN,2022-10-01,3238000000.0,19702000000.0,2022-11-14,36821000000.0,53282000000.0,2022-11-14,2022-11-14,2022-11-14
TSN,2023-09-30,-648000000.0,18133000000.0,2023-11-13,36251000000.0,52881000000.0,2023-11-13,2023-11-13,2023-11-13
TSN,2024-09-28,800000000.0,18390000000.0,2024-11-12,37100000000.0,53309000000.0,2024-11-12,2024-11-12,2024-11-12
TSN,2025-09-27,474000000.0,18085000000.0,2025-11-10,36658000000.0,54441000000.0,2025-11-10,2025-11-10,2025-11-10
TT,2007-12-31,3966700000.0,,,,8763100000.0,,2010-02-26,2010-02-26
TT,2008-12-31,-2624800000.0,6661400000.0,2010-02-26,20924500000.0,13227400000.0,2010-02-26,2010-02-26,2010-02-26
TT,2009-12-31,451300000.0,7101800000.0,2010-02-26,19991000000.0,13195300000.0,2010-02-26,2010-02-26,2010-02-26
TT,2010-12-31,642200000.0,7964300000.0,2011-02-22,19990900000.0,14079100000.0,2011-02-22,2011-02-22,2011-02-22
TT,2011-12-31,343200000.0,6924300000.0,2012-02-21,18754200000.0,14782000000.0,2012-02-21,2012-02-21,2012-02-21
TT,2012-12-31,1018600000.0,7147800000.0,2013-02-14,18492900000.0,,2013-02-14,,2013-02-14
TT,2013-12-31,618800000.0,7068900000.0,2014-02-14,17658100000.0,,2014-02-14,,2014-02-14
TT,2014-12-31,931700000.0,5987400000.0,2015-02-13,17298500000.0,,2015-02-13,,2015-02-13
TT,2015-12-31,664600000.0,5816700000.0,2016-02-12,16738800000.0,,2016-02-12,,2016-02-12
TT,2016-12-31,1476200000.0,6643800000.0,2017-02-13,17397400000.0,,2017-02-13,,2017-02-13
TT,2017-12-31,1302600000.0,7140300000.0,2018-02-12,18173300000.0,,2018-02-12,,2018-02-12
TT,2018-12-31,1337600000.0,7022700000.0,2019-02-12,17914900000.0,,2019-02-12,,2019-02-12
TT,2019-12-31,1410900000.0,7267600000.0,2020-02-18,20492300000.0,,2020-02-18,,2020-02-18
TT,2020-12-31,854900000.0,6407700000.0,2021-02-09,18156700000.0,,2021-02-09,,2021-02-09
TT,2021-12-31,1423400000.0,6255900000.0,2022-02-07,18059800000.0,,2022-02-07,,2022-02-07
TT,2022-12-31,1756500000.0,6088600000.0,2023-02-10,18081600000.0,,2023-02-10,,2023-02-10
TT,2023-12-31,2023900000.0,6995200000.0,2024-02-08,19391900000.0,,2024-02-08,,2024-02-08
TT,2024-12-31,2567900000.0,7457400000.0,2025-02-06,20146700000.0,,2025-02-06,,2025-02-06
TT,2025-12-31,2918600000.0,8579200000.0,2026-02-05,21420700000.0,,2026-02-05,,2026-02-05
TTWO,2008-10-31,,615118000.0,2012-05-23,,,,,
TTWO,2009-10-31,-140454000.0,545626000.0,2012-05-23,1007128000.0,701057000.0,2011-05-25,2012-05-23,2012-05-23
TTWO,2010-03-31,-122995000.0,520623000.0,2012-05-23,839276000.0,762941000.0,2011-05-25,2012-05-23,2012-05-23
TTWO,2011-03-31,48458000.0,615279000.0,2012-05-23,971659000.0,1136876000.0,2011-05-25,2012-05-23,2012-05-23
TTWO,2012-03-31,-108816000.0,595727000.0,2012-05-23,1149427000.0,825823000.0,2012-05-23,2012-05-23,2012-05-23
TTWO,2013-03-31,-29491000.0,587995000.0,2013-05-14,1277839000.0,1214483000.0,2013-05-14,2013-05-14,2013-05-14
TTWO,2014-03-31,361605000.0,801806000.0,2014-05-14,1799630000.0,2350568000.0,2014-05-14,2014-05-14,2014-05-14
TTWO,2015-03-31,-279470000.0,563088000.0,2015-05-22,2231100000.0,1082938000.0,2015-05-22,2015-05-22,2015-05-22
TTWO,2016-03-31,-8302000.0,581385000.0,2016-05-19,2590277000.0,1413698000.0,2016-05-19,2016-05-19,2016-05-19
TTWO,2017-03-31,67303000.0,1003728000.0,2017-05-24,3149154000.0,1779748000.0,2017-05-24,2017-05-24,2017-05-24
TTWO,2018-03-31,173533000.0,1488970000.0,2018-05-17,3737841000.0,1792892000.0,2018-05-17,2018-05-17,2018-05-17
TTWO,2019-03-31,333837000.0,2040580000.0,2019-05-14,4243065000.0,,2019-05-14,,2019-05-14
TTWO,2020-03-31,404459000.0,2539244000.0,2020-05-22,4948832000.0,,2020-05-22,,2020-05-22
TTWO,2021-03-31,588886000.0,3331892000.0,2021-05-19,6028218000.0,,2021-05-19,,2021-05-19
TTWO,2022-03-31,418022000.0,3809659000.0,2022-05-17,6546219000.0,,2022-05-17,,2022-05-17
TTWO,2023-03-31,-1124700000.0,9042500000.0,2023-05-26,15862100000.0,,2023-05-26,,2023-05-26
TTWO,2024-03-31,-3744200000.0,5667900000.0,2024-05-22,12216900000.0,,2024-05-22,,2024-05-22
TTWO,2025-03-31,-4478900000.0,2137700000.0,2025-05-20,9180700000.0,,2025-05-20,,2025-05-20
TTWO,2026-03-31,-298200000.0,3510900000.0,2026-05-22,9383200000.0,,2026-05-22,,2026-05-22
TXN,2007-12-31,2657000000.0,,,,13835000000.0,,2010-02-23,2010-02-23
TXN,2008-12-31,1920000000.0,9326000000.0,2010-02-23,11923000000.0,12501000000.0,2010-02-23,2010-02-23,2010-02-23
TXN,2009-12-31,1470000000.0,9722000000.0,2010-02-23,12119000000.0,10427000000.0,2010-02-23,2010-02-23,2010-02-23
TXN,2010-12-31,3228000000.0,10437000000.0,2011-02-25,13401000000.0,13966000000.0,2011-02-25,2011-02-25,2011-02-25
TXN,2011-12-31,2236000000.0,10952000000.0,2012-02-24,20497000000.0,13735000000.0,2012-02-24,2012-02-24,2012-02-24
TXN,2012-12-31,1759000000.0,10961000000.0,2013-02-22,20021000000.0,12825000000.0,2013-02-22,2013-02-22,2013-02-22
TXN,2013-12-31,2162000000.0,10807000000.0,2014-02-24,18938000000.0,12205000000.0,2014-02-24,2014-02-24,2014-02-24
TXN,2014-12-31,2821000000.0,10390000000.0,2015-02-24,17722000000.0,13045000000.0,2015-02-24,2015-02-24,2015-02-24
TXN,2015-12-31,2986000000.0,9946000000.0,2016-02-24,16230000000.0,13000000000.0,2016-02-24,2016-02-24,2016-02-24
TXN,2016-12-31,3595000000.0,10473000000.0,2017-02-23,16431000000.0,13370000000.0,2017-02-23,2017-02-23,2017-02-23
TXN,2017-12-31,3682000000.0,10337000000.0,2018-02-22,17642000000.0,14961000000.0,2018-02-22,2018-02-22,2018-02-22
TXN,2018-12-31,5580000000.0,8994000000.0,2019-02-22,17137000000.0,,2019-02-22,,2019-02-22
TXN,2019-12-31,5017000000.0,8907000000.0,2020-02-20,18018000000.0,,2020-02-20,,2020-02-20
TXN,2020-12-31,5595000000.0,9187000000.0,2021-02-05,19351000000.0,,2021-02-05,,2021-02-05
TXN,2021-12-31,7769000000.0,13333000000.0,2022-02-04,24676000000.0,,2022-02-04,,2022-02-04
TXN,2022-12-31,8749000000.0,14577000000.0,2023-02-03,27207000000.0,,2023-02-03,,2023-02-03
TXN,2023-12-31,6510000000.0,16897000000.0,2024-02-02,32348000000.0,,2024-02-02,,2024-02-02
TXN,2024-12-31,4799000000.0,16903000000.0,2025-02-14,35509000000.0,,2025-02-14,,2025-02-14
TXN,2025-12-31,5001000000.0,16273000000.0,2026-02-06,34585000000.0,,2026-02-06,,2026-02-06
TXT,2007-12-29,,3507000000.0,2011-03-01,,,,,
TXT,2009-01-03,486000000.0,2366000000.0,2011-03-01,,14010000000.0,,2011-03-01,2011-03-01
TXT,2010-01-02,-31000000.0,2826000000.0,2011-03-01,18940000000.0,10500000000.0,2011-03-01,2011-03-01,2011-03-01
TXT,2011-01-01,86000000.0,2972000000.0,2011-03-01,15282000000.0,10525000000.0,2011-03-01,2011-03-01,2011-03-01
TXT,2011-12-31,242000000.0,2745000000.0,2012-02-23,13615000000.0,11275000000.0,2012-02-23,2012-02-23,2012-02-23
TXT,2012-12-29,589000000.0,2991000000.0,2013-02-15,13033000000.0,12237000000.0,2013-02-15,2013-02-15,2013-02-15
TXT,2013-12-28,498000000.0,4384000000.0,2014-02-14,12944000000.0,12104000000.0,2014-02-14,2014-02-14,2014-02-14
TXT,2015-01-03,600000000.0,4272000000.0,2015-02-25,14605000000.0,13878000000.0,2015-02-25,2015-02-25,2015-02-25
TXT,2016-01-02,697000000.0,4964000000.0,2016-02-24,14708000000.0,13423000000.0,2016-02-24,2016-02-24,2016-02-24
TXT,2016-12-31,962000000.0,5574000000.0,2017-02-22,15358000000.0,13788000000.0,2017-02-22,2017-02-22,2017-02-22
TXT,2017-12-30,307000000.0,5647000000.0,2018-02-15,15340000000.0,14198000000.0,2018-02-15,2018-02-15,2018-02-15
TXT,2018-12-29,1222000000.0,5192000000.0,2019-02-14,14264000000.0,13972000000.0,2019-02-14,2019-02-14,2019-02-14
TXT,2020-01-04,815000000.0,5518000000.0,2020-02-25,15018000000.0,13630000000.0,2020-02-25,2020-02-25,2020-02-25
TXT,2021-01-02,309000000.0,5845000000.0,2021-02-19,15443000000.0,11651000000.0,2021-02-19,2021-02-19,2021-02-19
TXT,2022-01-01,746000000.0,6815000000.0,2022-02-17,15827000000.0,12382000000.0,2022-02-17,2022-02-17,2022-02-17
TXT,2022-12-31,861000000.0,7113000000.0,2023-02-16,16293000000.0,12869000000.0,2023-02-16,2023-02-16,2023-02-16
TXT,2023-12-30,921000000.0,6987000000.0,2024-02-12,16856000000.0,13683000000.0,2024-02-12,2024-02-12,2024-02-12
TXT,2024-12-28,824000000.0,7204000000.0,2025-02-06,16838000000.0,13702000000.0,2025-02-06,2025-02-06,2025-02-06
TXT,2026-01-03,921000000.0,7875000000.0,2026-02-11,18129000000.0,14799000000.0,2026-02-11,2026-02-11,2026-02-11
TYL,2008-12-31,,114262000.0,2012-02-23,,,,,
TYL,2009-12-31,27010000.0,134358000.0,2012-02-23,270670000.0,290286000.0,2012-02-23,2012-02-23,2012-02-23
TYL,2010-12-31,25054000.0,106972000.0,2012-02-23,264032000.0,288628000.0,2012-02-23,2012-02-23,2012-02-23
TYL,2011-12-31,27557000.0,78110000.0,2012-02-23,295391000.0,309391000.0,2012-02-23,2012-02-23,2012-02-23
TYL,2012-12-31,32994000.0,145299000.0,2013-02-20,338315000.0,363304000.0,2013-02-20,2013-02-20,2013-02-20
TYL,2013-12-31,39101000.0,246319000.0,2014-02-19,444488000.0,416643000.0,2014-02-19,2014-02-19,2014-02-19
TYL,2014-12-31,58940000.0,336973000.0,2015-02-18,573982000.0,493101000.0,2015-02-18,2015-02-18,2015-02-18
TYL,2015-12-31,64869000.0,858857000.0,2016-02-24,1356570000.0,,2016-02-24,,2016-02-24
TYL,2016-12-31,109857000.0,915525000.0,2017-02-22,1357945000.0,,2017-02-22,,2017-02-22
TYL,2017-12-31,163945000.0,1167094000.0,2018-02-21,1589592000.0,,2018-02-21,,2018-02-21
TYL,2018-12-31,147462000.0,1324846000.0,2019-02-20,1790963000.0,,2019-02-20,,2019-02-20
TYL,2019-12-31,146527000.0,1617058000.0,2020-02-19,2191614000.0,,2020-02-19,,2020-02-19
TYL,2020-12-31,194820000.0,1986111000.0,2021-02-19,2607274000.0,,2021-02-19,,2021-02-19
TYL,2021-12-31,161458000.0,2324032000.0,2022-02-23,4732161000.0,,2022-02-23,,2022-02-23
TYL,2022-12-31,164240000.0,2624389000.0,2023-02-22,4687417000.0,,2023-02-22,,2023-02-22
TYL,2023-12-31,165919000.0,2937995000.0,2024-02-21,4676663000.0,,2024-02-21,,2024-02-21
TYL,2024-12-31,263026000.0,3388422000.0,2025-02-19,5180015000.0,,2025-02-19,,2025-02-19
TYL,2025-12-31,315603000.0,3702789000.0,2026-02-18,5638908000.0,,2026-02-18,,2026-02-18
UA,2007-12-31,,280485000.0,2011-02-24,,,,,
UA,2008-12-31,38229000.0,331097000.0,2011-02-24,,,,,2011-02-24
UA,2009-12-31,46785000.0,399997000.0,2011-02-24,545588000.0,,2011-02-24,,2011-02-24
UA,2010-12-31,68477000.0,496966000.0,2011-02-24,675378000.0,,2011-02-24,,2011-02-24
UA,2011-12-31,96919000.0,636432000.0,2012-02-27,919210000.0,1325800000.0,2012-02-27,2014-02-21,2012-02-27
UA,2012-12-31,128778000.0,816922000.0,2013-02-25,1157083000.0,1650400000.0,2013-02-25,2014-02-21,2013-02-25
UA,2013-12-31,162330000.0,1053354000.0,2014-02-21,1577741000.0,2082500000.0,2014-02-21,2014-02-21,2014-02-21
UA,2014-12-31,208042000.0,1350300000.0,2015-02-20,2095083000.0,,2015-02-20,,2015-02-20
UA,2015-12-31,232573000.0,1668222000.0,2016-02-22,2868900000.0,,2016-02-22,,2016-02-22
UA,2016-12-31,256979000.0,2030900000.0,2017-02-23,3644331000.0,4833338000.0,2017-02-23,2019-02-25,2017-02-23
UA,2017-12-31,-48260000.0,2018642000.0,2018-02-28,4006367000.0,4989244000.0,2018-02-28,2019-02-25,2018-02-28
UA,2018-12-31,-46302000.0,2016871000.0,2019-02-25,4245022000.0,5193185000.0,2019-02-25,2019-02-25,2019-02-25
UA,2019-12-31,92139000.0,2150087000.0,2020-02-26,4843531000.0,5267132000.0,2020-02-26,2020-02-26,2020-02-26
UA,2020-12-31,-549177000.0,1675993000.0,2021-02-24,5030628000.0,4474667000.0,2021-02-24,2021-02-24,2021-02-24
UA,2021-12-31,360060000.0,2088994000.0,2022-02-23,4991396000.0,5683466000.0,2022-02-23,2022-02-23,2022-02-23
UA,2022-03-31,,1728954000.0,2023-05-24,4452832000.0,,2023-05-24,,
UA,2023-03-31,386769000.0,1998403000.0,2023-05-24,4857083000.0,5903636000.0,2023-05-24,2023-05-24,2023-05-24
UA,2024-03-31,232042000.0,2153286000.0,2024-05-29,4760734000.0,5701879000.0,2024-05-29,2024-05-29,2024-05-29
UA,2025-03-31,-201267000.0,1890278000.0,2025-05-22,4300871000.0,5164310000.0,2025-05-22,2025-05-22,2025-05-22
UA,2026-03-31,-495643000.0,1414360000.0,2026-05-19,4415694000.0,4966370000.0,2026-05-19,2026-05-19,2026-05-19
UAA,2007-12-31,,280485000.0,2011-02-24,,,,,
UAA,2008-12-31,38229000.0,331097000.0,2011-02-24,,,,,2011-02-24
UAA,2009-12-31,46785000.0,399997000.0,2011-02-24,545588000.0,,2011-02-24,,2011-02-24
UAA,2010-12-31,68477000.0,496966000.0,2011-02-24,675378000.0,,2011-02-24,,2011-02-24
UAA,2011-12-31,96919000.0,636432000.0,2012-02-27,919210000.0,1325800000.0,2012-02-27,2014-02-21,2012-02-27
UAA,2012-12-31,128778000.0,816922000.0,2013-02-25,1157083000.0,1650400000.0,2013-02-25,2014-02-21,2013-02-25
UAA,2013-12-31,162330000.0,1053354000.0,2014-02-21,1577741000.0,2082500000.0,2014-02-21,2014-02-21,2014-02-21
UAA,2014-12-31,208042000.0,1350300000.0,2015-02-20,2095083000.0,,2015-02-20,,2015-02-20
UAA,2015-12-31,232573000.0,1668222000.0,2016-02-22,2868900000.0,,2016-02-22,,2016-02-22
UAA,2016-12-31,256979000.0,2030900000.0,2017-02-23,3644331000.0,4833338000.0,2017-02-23,2019-02-25,2017-02-23
UAA,2017-12-31,-48260000.0,2018642000.0,2018-02-28,4006367000.0,4989244000.0,2018-02-28,2019-02-25,2018-02-28
UAA,2018-12-31,-46302000.0,2016871000.0,2019-02-25,4245022000.0,5193185000.0,2019-02-25,2019-02-25,2019-02-25
UAA,2019-12-31,92139000.0,2150087000.0,2020-02-26,4843531000.0,5267132000.0,2020-02-26,2020-02-26,2020-02-26
UAA,2020-12-31,-549177000.0,1675993000.0,2021-02-24,5030628000.0,4474667000.0,2021-02-24,2021-02-24,2021-02-24
UAA,2021-12-31,360060000.0,2088994000.0,2022-02-23,4991396000.0,5683466000.0,2022-02-23,2022-02-23,2022-02-23
UAA,2022-03-31,,1728954000.0,2023-05-24,4452832000.0,,2023-05-24,,
UAA,2023-03-31,386769000.0,1998403000.0,2023-05-24,4857083000.0,5903636000.0,2023-05-24,2023-05-24,2023-05-24
UAA,2024-03-31,232042000.0,2153286000.0,2024-05-29,4760734000.0,5701879000.0,2024-05-29,2024-05-29,2024-05-29
UAA,2025-03-31,-201267000.0,1890278000.0,2025-05-22,4300871000.0,5164310000.0,2025-05-22,2025-05-22,2025-05-22
UAA,2026-03-31,-495643000.0,1414360000.0,2026-05-19,4415694000.0,4966370000.0,2026-05-19,2026-05-19,2026-05-19
UAL,2007-12-31,,2610000000.0,2011-02-22,,,,,
UAL,2008-12-31,-5396000000.0,-2321000000.0,2011-02-22,,20194000000.0,,2011-02-22,2011-02-22
UAL,2009-12-31,-651000000.0,-2811000000.0,2011-02-22,18684000000.0,16335000000.0,2011-02-22,2011-02-22,2011-02-22
UAL,2010-12-31,253000000.0,1727000000.0,2011-02-22,39598000000.0,23229000000.0,2011-02-22,2011-02-22,2011-02-22
UAL,2011-12-31,840000000.0,1806000000.0,2012-02-22,37988000000.0,37110000000.0,2012-02-22,2012-02-22,2012-02-22
UAL,2012-12-31,-723000000.0,481000000.0,2013-02-25,37628000000.0,37152000000.0,2013-02-25,2013-02-25,2013-02-25
UAL,2013-12-31,571000000.0,2984000000.0,2014-02-20,36812000000.0,38279000000.0,2014-02-20,2014-02-20,2014-02-20
UAL,2014-12-31,1132000000.0,2396000000.0,2015-02-20,37353000000.0,38901000000.0,2015-02-20,2015-02-20,2015-02-20
UAL,2015-12-31,7340000000.0,8966000000.0,2016-02-18,40861000000.0,37864000000.0,2016-02-18,2016-02-18,2016-02-18
UAL,2016-12-31,2263000000.0,8659000000.0,2017-02-23,40140000000.0,36556000000.0,2017-02-23,2017-02-23,2017-02-23
UAL,2017-12-31,2131000000.0,8806000000.0,2018-02-22,42326000000.0,37736000000.0,2018-02-22,2018-02-22,2018-02-22
UAL,2018-12-31,2129000000.0,9995000000.0,2019-02-28,44792000000.0,,2019-02-28,,2019-02-28
UAL,2019-12-31,3009000000.0,11531000000.0,2020-02-25,52611000000.0,,2020-02-25,,2020-02-25
UAL,2020-12-31,-7069000000.0,5960000000.0,2021-03-01,59548000000.0,,2021-03-01,,2021-03-01
UAL,2021-12-31,-1964000000.0,5029000000.0,2022-02-18,68175000000.0,,2022-02-18,,2022-02-18
UAL,2022-12-31,737000000.0,6896000000.0,2023-02-16,67358000000.0,,2023-02-16,,2023-02-16
UAL,2023-12-31,2618000000.0,9324000000.0,2024-02-29,71104000000.0,,2024-02-29,,2024-02-29
UAL,2024-12-31,3149000000.0,12675000000.0,2025-02-27,74083000000.0,,2025-02-27,,2025-02-27
UAL,2025-12-31,3353000000.0,15282000000.0,2026-02-12,76448000000.0,,2026-02-12,,2026-02-12
UDR,2008-12-31,697790000.0,,,,588263000.0,,2011-02-23,2011-02-23
UDR,2009-12-31,-87532000.0,1395441000.0,2011-02-23,5132617000.0,614976000.0,2011-02-23,2011-02-23,2011-02-23
UDR,2010-12-31,-102899000.0,1606343000.0,2011-02-23,5529540000.0,646596000.0,2011-02-23,2011-02-23,2011-02-23
UDR,2011-12-31,20023000.0,2314050000.0,2012-02-27,6721354000.0,708685000.0,2012-02-27,2012-02-27,2012-02-27
UDR,2012-12-31,212177000.0,2992916000.0,2013-02-27,6888509000.0,729363000.0,2013-02-27,2013-02-27,2013-02-27
UDR,2013-12-31,44812000.0,2811648000.0,2014-02-25,6807722000.0,758926000.0,2014-02-25,2014-02-25,2014-02-25
UDR,2014-12-31,154334000.0,2735097000.0,2015-02-24,6846534000.0,818046000.0,2015-02-24,2015-02-24,2015-02-24
UDR,2015-12-31,340383000.0,2899755000.0,2016-02-23,7663844000.0,894638000.0,2016-02-23,2016-02-23,2016-02-23
UDR,2016-12-31,292718000.0,3093110000.0,2017-02-21,7679584000.0,959861000.0,2017-02-21,2017-02-21,2017-02-21
UDR,2017-12-31,121558000.0,2825800000.0,2018-02-20,7733273000.0,984309000.0,2018-02-20,2018-02-20,2018-02-20
UDR,2018-12-31,203106000.0,2905625000.0,2019-02-19,7711728000.0,1046859000.0,2019-02-19,2019-02-19,2019-02-19
UDR,2019-12-31,184965000.0,3358542000.0,2020-02-18,9636472000.0,1152193000.0,2020-02-18,2020-02-18,2020-02-18
UDR,2020-12-31,64266000.0,3234200000.0,2021-02-18,9637533000.0,1241165000.0,2021-02-18,2021-02-18,2021-02-18
UDR,2021-12-31,150016000.0,3442874000.0,2022-02-15,10775220000.0,1290767000.0,2022-02-15,2022-02-15,2022-02-15
UDR,2022-12-31,86924000.0,4098085000.0,2023-02-13,11038470000.0,1517386000.0,2023-02-13,2023-02-13,2023-02-13
UDR,2023-12-31,444353000.0,3991144000.0,2024-02-20,11373242000.0,1627501000.0,2024-02-20,2024-02-20,2024-02-20
UDR,2024-12-31,89585000.0,3443205000.0,2025-02-18,10897586000.0,1671842000.0,2025-02-18,2025-02-18,2025-02-18
UDR,2025-12-31,377704000.0,3288462000.0,2026-02-17,10605674000.0,1712317000.0,2026-02-17,2026-02-17,2026-02-17
UHS,2008-12-31,199377000.0,,,,,,,2011-02-28
UHS,2009-12-31,260373000.0,1751071000.0,2011-02-28,3964463000.0,,2011-02-28,,2011-02-28
UHS,2010-12-31,230183000.0,1978772000.0,2011-02-28,7527936000.0,5568185000.0,2011-02-28,2012-02-27,2011-02-28
UHS,2011-12-31,398167000.0,2296352000.0,2012-02-27,7665245000.0,7500198000.0,2012-02-27,2012-02-27,2012-02-27
UHS,2012-12-31,443446000.0,2713345000.0,2013-02-28,8200843000.0,6961400000.0,2013-02-28,2013-02-28,2013-02-28
UHS,2013-12-31,510733000.0,3249979000.0,2014-02-27,8311723000.0,7283822000.0,2014-02-27,2014-02-27,2014-02-27
UHS,2014-12-31,545343000.0,3735946000.0,2015-02-26,8974443000.0,8065326000.0,2015-02-26,2015-02-26,2015-02-26
UHS,2015-12-31,680528000.0,4249647000.0,2016-02-25,9634113000.0,9043451000.0,2016-02-25,2016-02-25,2016-02-25
UHS,2016-12-31,702409000.0,4533220000.0,2017-02-28,10317802000.0,9766210000.0,2017-02-28,2017-02-28,2017-02-28
UHS,2017-12-31,752303000.0,4989514000.0,2018-02-28,10761828000.0,10409865000.0,2018-02-28,2018-02-28,2018-02-28
UHS,2018-12-31,779705000.0,5389262000.0,2019-02-27,11265480000.0,,2019-02-27,,2019-02-27
UHS,2019-12-31,814854000.0,5504105000.0,2020-02-26,11668250000.0,,2020-02-26,,2020-02-26
UHS,2020-12-31,943953000.0,6317146000.0,2021-02-25,13476879000.0,,2021-02-25,,2021-02-25
UHS,2021-12-31,991590000.0,6089664000.0,2022-02-24,13093543000.0,,2022-02-24,,2022-02-24
UHS,2022-12-31,675609000.0,5920582000.0,2023-02-27,13494188000.0,,2023-02-27,,2023-02-27
UHS,2023-12-31,717795000.0,6149001000.0,2024-02-27,13967602000.0,,2024-02-27,,2024-02-27
UHS,2024-12-31,1142097000.0,6666207000.0,2025-02-26,14469749000.0,,2025-02-26,,2025-02-26
UHS,2025-12-31,1488796000.0,7275792000.0,2026-02-25,15527593000.0,,2026-02-25,,2026-02-25
UIS,2007-12-31,,386600000.0,2011-02-22,,,,,
UIS,2008-12-31,-130100000.0,-1442400000.0,2011-02-22,,4954900000.0,,2011-02-22,2011-02-22
UIS,2009-12-31,189300000.0,-1268300000.0,2011-02-22,2956900000.0,4385700000.0,2011-02-22,2011-02-22,2011-02-22
UIS,2010-12-31,236100000.0,-937300000.0,2011-02-22,3020900000.0,4019600000.0,2011-02-22,2011-02-22,2011-02-22
UIS,2011-12-31,120500000.0,-1318100000.0,2012-02-24,2612200000.0,3853800000.0,2012-02-24,2012-02-24,2012-02-24
UIS,2012-12-31,145600000.0,-1600200000.0,2013-02-22,2420400000.0,3706400000.0,2013-02-22,2013-02-22,2013-02-22
UIS,2013-12-31,108500000.0,-700500000.0,2014-02-24,2510000000.0,3456500000.0,2014-02-24,2014-02-24,2014-02-24
UIS,2014-12-31,46700000.0,-1460000000.0,2015-02-23,2348700000.0,3356400000.0,2015-02-23,2015-02-23,2015-02-23
UIS,2015-12-31,-109900000.0,-1389700000.0,2016-02-29,2143200000.0,3015100000.0,2016-02-29,2016-02-29,2016-02-29
UIS,2016-12-31,-47700000.0,-1631000000.0,2017-02-21,2021600000.0,2820700000.0,2017-02-21,2017-02-21,2017-02-21
UIS,2017-12-31,-65300000.0,-1354700000.0,2018-03-12,2542400000.0,2741800000.0,2018-03-12,2018-03-12,2018-03-12
UIS,2018-12-31,75500000.0,-1343500000.0,2019-03-04,2457600000.0,2825000000.0,2019-03-04,2019-03-04,2019-03-04
UIS,2019-12-31,-17200000.0,-1265400000.0,2020-02-28,2504000000.0,2948700000.0,2020-02-28,2020-02-28,2020-02-28
UIS,2020-12-31,750700000.0,-356800000.0,2021-02-26,2707900000.0,2026300000.0,2021-02-26,2021-02-26,2021-02-26
UIS,2021-12-31,-448500000.0,-113700000.0,2022-02-22,2419500000.0,2054400000.0,2022-02-22,2022-02-22,2022-02-22
UIS,2022-12-31,-106000000.0,-14700000.0,2023-03-01,2065600000.0,1979900000.0,2023-03-01,2023-03-01,2023-03-01
UIS,2023-12-31,-430700000.0,-151800000.0,2024-02-26,1965400000.0,2015400000.0,2024-02-26,2024-02-26,2024-02-26
UIS,2024-12-31,-193400000.0,-283400000.0,2025-02-21,1872300000.0,2008400000.0,2025-02-21,2025-02-21,2025-02-21
UIS,2025-12-31,-339800000.0,-282600000.0,2026-02-25,1846200000.0,1950100000.0,2026-02-25,2026-02-25,2026-02-25
ULTA,2009-01-31,,244968000.0,2012-03-28,,,,,
ULTA,2010-01-30,39356000.0,292608000.0,2012-03-28,,,,,2012-03-28
ULTA,2011-01-29,71030000.0,402533000.0,2012-03-28,730488000.0,,2012-03-28,,2012-03-28
ULTA,2012-01-28,120264000.0,584704000.0,2012-03-28,957217000.0,,2012-03-28,,2012-03-28
ULTA,2013-02-02,172549000.0,786942000.0,2013-04-03,1275249000.0,,2013-04-03,,2013-04-03
ULTA,2014-02-01,202849000.0,1003094000.0,2014-04-02,1602727000.0,,2014-04-02,,2014-04-02
ULTA,2015-01-31,257135000.0,1247509000.0,2015-04-01,1983170000.0,,2015-04-01,,2015-04-01
ULTA,2016-01-30,320008000.0,1442886000.0,2016-03-30,2230918000.0,,2016-03-30,,2016-03-30
ULTA,2017-01-28,409760000.0,1550218000.0,2017-03-28,2551878000.0,4854737000.0,2017-03-28,2019-04-02,2017-03-28
ULTA,2018-02-03,555234000.0,1774217000.0,2018-04-03,2908687000.0,5884506000.0,2018-04-03,2019-04-02,2018-04-03
ULTA,2019-02-02,658559000.0,1820218000.0,2019-04-02,3191172000.0,6716615000.0,2019-04-02,2019-04-02,2019-04-02
ULTA,2020-02-01,705945000.0,1902094000.0,2020-03-27,4863872000.0,7398068000.0,2020-03-27,2020-03-27,2020-03-27
ULTA,2021-01-30,175835000.0,1999549000.0,2021-03-26,5089969000.0,6151953000.0,2021-03-26,2021-03-26,2021-03-26
ULTA,2022-01-29,985837000.0,1535373000.0,2022-03-25,4764379000.0,8630889000.0,2022-03-25,2022-03-25,2022-03-25
ULTA,2023-01-28,1242408000.0,1959811000.0,2023-03-24,5370411000.0,10208580000.0,2023-03-24,2023-03-24,2023-03-24
ULTA,2024-02-03,1291005000.0,2279328000.0,2024-03-26,5707011000.0,11207303000.0,2024-03-26,2024-03-26,2024-03-26
ULTA,2025-02-01,1201118000.0,2488353000.0,2025-03-27,6001693000.0,11295654000.0,2025-03-27,2025-03-27,2025-03-27
ULTA,2026-01-31,1153479000.0,2803451000.0,2026-03-26,6999294000.0,12392820000.0,2026-03-26,2026-03-26,2026-03-26
UNH,2006-12-31,,20810000000.0,2010-02-10,,,,,
UNH,2007-12-31,4654000000.0,20063000000.0,2010-02-10,,75431000000.0,,2010-02-10,2010-02-10
UNH,2008-12-31,2977000000.0,20780000000.0,2010-02-10,55815000000.0,81186000000.0,2010-02-10,2010-02-10,2010-02-10
UNH,2009-12-31,3822000000.0,23606000000.0,2010-02-10,59045000000.0,87138000000.0,2010-02-10,2010-02-10,2010-02-10
UNH,2010-12-31,4634000000.0,25825000000.0,2011-02-10,63063000000.0,94155000000.0,2011-02-10,2011-02-10,2011-02-10
UNH,2011-12-31,5142000000.0,28292000000.0,2012-02-09,67889000000.0,101862000000.0,2012-02-09,2012-02-09,2012-02-09
UNH,2012-12-31,5526000000.0,31178000000.0,2013-02-07,80885000000.0,110618000000.0,2013-02-07,2013-02-07,2013-02-07
UNH,2013-12-31,5625000000.0,32149000000.0,2014-02-12,81882000000.0,122489000000.0,2014-02-12,2014-02-12,2014-02-12
UNH,2014-12-31,5619000000.0,32454000000.0,2015-02-10,86382000000.0,130474000000.0,2015-02-10,2015-02-10,2015-02-10
UNH,2015-12-31,5813000000.0,,,111383000000.0,157107000000.0,2016-02-09,2016-02-09,2016-02-09
UNH,2016-12-31,7017000000.0,,,122810000000.0,184840000000.0,2017-02-08,2017-02-08,2017-02-08
UNH,2017-12-31,10558000000.0,,,139058000000.0,201159000000.0,2018-02-13,2018-02-13,2018-02-13
UNH,2018-12-31,11986000000.0,,,152221000000.0,226247000000.0,2019-02-12,2019-02-12,2019-02-12
UNH,2019-12-31,13839000000.0,,,173889000000.0,242155000000.0,2020-02-14,2020-02-14,2020-02-14
UNH,2020-12-31,15403000000.0,,,197289000000.0,257141000000.0,2021-03-01,2021-03-01,2021-03-01
UNH,2021-12-31,17285000000.0,,,212206000000.0,287597000000.0,2022-02-15,2022-02-15,2022-02-15
UNH,2022-12-31,20120000000.0,,,245705000000.0,324162000000.0,2023-02-24,2023-02-24,2023-02-24
UNH,2023-12-31,22381000000.0,,,273720000000.0,371622000000.0,2024-02-28,2024-02-28,2024-02-28
UNH,2024-12-31,14405000000.0,,,298278000000.0,400278000000.0,2025-02-27,2025-02-27,2025-02-27
UNH,2025-12-31,12056000000.0,,,309581000000.0,447567000000.0,2026-03-02,2026-03-02,2026-03-02
UNM,2007-12-31,679300000.0,8039900000.0,2010-02-26,,10519900000.0,,2010-02-26,2010-02-26
UNM,2008-12-31,553200000.0,6397900000.0,2010-02-26,49417400000.0,9982300000.0,2010-02-26,2010-02-26,2010-02-26
UNM,2009-12-31,852600000.0,8500100000.0,2010-02-26,54477000000.0,10091000000.0,2010-02-26,2010-02-26,2010-02-26
UNM,2010-12-31,886100000.0,8944400000.0,2011-02-25,57307700000.0,10193200000.0,2011-02-25,2011-02-25,2011-02-25
UNM,2011-12-31,235400000.0,8577000000.0,2012-02-24,60179000000.0,10278000000.0,2012-02-24,2012-02-24,2012-02-24
UNM,2012-12-31,894400000.0,8612600000.0,2013-02-22,62236100000.0,10515400000.0,2013-02-22,2013-02-22,2013-02-22
UNM,2013-12-31,858100000.0,8659100000.0,2014-02-26,59403600000.0,10353800000.0,2014-02-26,2014-02-26,2014-02-26
UNM,2014-12-31,413400000.0,8552400000.0,2015-02-25,62497100000.0,10509700000.0,2015-02-25,2015-02-25,2015-02-25
UNM,2015-12-31,867100000.0,8663900000.0,2016-02-24,60589700000.0,10731300000.0,2016-02-24,2016-02-24,2016-02-24
UNM,2016-12-31,931400000.0,8968000000.0,2017-02-22,61941500000.0,11046500000.0,2017-02-22,2017-02-22,2017-02-22
UNM,2017-12-31,994200000.0,9574900000.0,2018-02-21,64013100000.0,11286800000.0,2018-02-21,2018-02-21,2018-02-21
UNM,2018-12-31,523400000.0,8621800000.0,2019-02-19,61875600000.0,11598500000.0,2019-02-19,2019-02-19,2019-02-19
UNM,2019-12-31,1100300000.0,9965000000.0,2020-02-18,67013400000.0,11998900000.0,2020-02-18,2020-02-18,2020-02-18
UNM,2020-12-31,793000000.0,10871000000.0,2021-02-17,70625800000.0,13162100000.0,2021-02-17,2021-02-17,2021-02-17
UNM,2021-12-31,824200000.0,11416400000.0,2022-02-25,70115600000.0,12013800000.0,2022-02-25,2022-02-25,2022-02-25
UNM,2022-12-31,1314200000.0,9197500000.0,2023-02-23,61434900000.0,11991000000.0,2023-02-23,2023-02-23,2023-02-23
UNM,2023-12-31,1283800000.0,9651400000.0,2024-02-20,63255200000.0,12385900000.0,2024-02-20,2024-02-20,2024-02-20
UNM,2024-12-31,1779100000.0,10961100000.0,2025-02-27,61959300000.0,12887300000.0,2025-02-27,2025-02-27,2025-02-27
UNM,2025-12-31,738500000.0,11119100000.0,2026-02-17,63519400000.0,13075500000.0,2026-02-17,2026-02-17,2026-02-17
UNP,2007-12-31,1855000000.0,,,,16283000000.0,,2010-02-05,2010-02-05
UNP,2008-12-31,2338000000.0,15447000000.0,2010-02-05,39722000000.0,17970000000.0,2010-02-05,2010-02-05,2010-02-05
UNP,2009-12-31,1898000000.0,16941000000.0,2010-02-05,42410000000.0,14143000000.0,2010-02-05,2010-02-05,2010-02-05
UNP,2010-12-31,2780000000.0,17763000000.0,2011-02-04,43088000000.0,16965000000.0,2011-02-04,2011-02-04,2011-02-04
UNP,2011-12-31,3292000000.0,18578000000.0,2012-02-03,45096000000.0,19557000000.0,2012-02-03,2012-02-03,2012-02-03
UNP,2012-12-31,3943000000.0,19877000000.0,2013-02-08,47153000000.0,20926000000.0,2013-02-08,2013-02-08,2013-02-08
UNP,2013-12-31,4388000000.0,21225000000.0,2014-02-07,49731000000.0,21963000000.0,2014-02-07,2014-02-07,2014-02-07
UNP,2014-12-31,5180000000.0,21189000000.0,2015-02-06,52716000000.0,23988000000.0,2015-02-06,2015-02-06,2015-02-06
UNP,2015-12-31,4772000000.0,20702000000.0,2016-02-05,54600000000.0,21813000000.0,2016-02-05,2016-02-05,2016-02-05
UNP,2016-12-31,4233000000.0,19932000000.0,2017-02-03,55718000000.0,19941000000.0,2017-02-03,2017-02-03,2017-02-03
UNP,2017-12-31,10712000000.0,24856000000.0,2018-02-09,57806000000.0,21240000000.0,2018-02-09,2018-02-09,2018-02-09
UNP,2018-12-31,5966000000.0,20423000000.0,2019-02-08,59147000000.0,22832000000.0,2019-02-08,2019-02-08,2019-02-08
UNP,2019-12-31,5919000000.0,18128000000.0,2020-02-07,61673000000.0,21708000000.0,2020-02-07,2020-02-07,2020-02-07
UNP,2020-12-31,5349000000.0,16958000000.0,2021-02-05,62398000000.0,19533000000.0,2021-02-05,2021-02-05,2021-02-05
UNP,2021-12-31,6523000000.0,14161000000.0,2022-02-04,63525000000.0,,2022-02-04,,2022-02-04
UNP,2022-12-31,6998000000.0,12163000000.0,2023-02-10,65449000000.0,,2023-02-10,,2023-02-10
UNP,2023-12-31,6379000000.0,14788000000.0,2024-02-09,67132000000.0,,2024-02-09,,2024-02-09
UNP,2024-12-31,6747000000.0,16890000000.0,2025-02-07,67715000000.0,,2025-02-07,,2025-02-07
UNP,2025-12-31,7138000000.0,18467000000.0,2026-02-06,69698000000.0,,2026-02-06,,2026-02-06
UPS,2007-12-31,382000000.0,,,,49692000000.0,,2010-02-26,2010-02-26
UPS,2008-12-31,3003000000.0,6780000000.0,2010-02-26,31879000000.0,51486000000.0,2010-02-26,2010-02-26,2010-02-26
UPS,2009-12-31,2152000000.0,7630000000.0,2010-02-26,31883000000.0,45297000000.0,2010-02-26,2010-02-26,2010-02-26
UPS,2010-12-31,3488000000.0,7979000000.0,2011-02-28,33597000000.0,49545000000.0,2011-02-28,2011-02-28,2011-02-28
UPS,2011-12-31,3804000000.0,7035000000.0,2012-02-27,34701000000.0,53105000000.0,2012-02-27,2012-02-27,2012-02-27
UPS,2012-12-31,807000000.0,4653000000.0,2013-02-28,38863000000.0,54127000000.0,2013-02-28,2013-02-28,2013-02-28
UPS,2013-12-31,4372000000.0,6474000000.0,2014-02-28,36212000000.0,55438000000.0,2014-02-28,2014-02-28,2014-02-28
UPS,2014-12-31,3032000000.0,2141000000.0,2015-02-27,35471000000.0,58232000000.0,2015-02-27,2015-02-27,2015-02-27
UPS,2015-12-31,4844000000.0,2470000000.0,2016-02-25,38311000000.0,58363000000.0,2016-02-25,2016-02-25,2016-02-25
UPS,2016-12-31,3431000000.0,405000000.0,2017-02-21,40377000000.0,60906000000.0,2017-02-21,2017-02-21,2017-02-21
UPS,2017-12-31,4910000000.0,1000000000.0,2018-02-21,45403000000.0,65872000000.0,2018-02-21,2018-02-21,2018-02-21
UPS,2018-12-31,4791000000.0,3021000000.0,2019-02-21,50016000000.0,,2019-02-21,,2019-02-21
UPS,2019-12-31,4440000000.0,3267000000.0,2020-02-20,57857000000.0,,2020-02-20,,2020-02-20
UPS,2020-12-31,1343000000.0,657000000.0,2021-02-22,62408000000.0,,2021-02-22,,2021-02-22
UPS,2021-12-31,12890000000.0,14253000000.0,2022-02-22,69405000000.0,,2022-02-22,,2022-02-22
UPS,2022-12-31,11548000000.0,19786000000.0,2023-02-21,71124000000.0,,2023-02-21,,2023-02-21
UPS,2023-12-31,6708000000.0,17306000000.0,2024-02-20,70857000000.0,,2024-02-20,,2024-02-20
UPS,2024-12-31,5782000000.0,16718000000.0,2025-02-18,70070000000.0,,2025-02-18,,2025-02-18
UPS,2025-12-31,5572000000.0,16227000000.0,2026-02-17,73090000000.0,,2026-02-17,,2026-02-17
URBN,2008-01-31,,853431000.0,2011-04-01,,,,,
URBN,2009-01-31,199364000.0,1053775000.0,2011-04-01,,1834618000.0,,2011-04-01,2011-04-01
URBN,2010-01-31,219893000.0,1296775000.0,2011-04-01,1636093000.0,1937815000.0,2011-04-01,2011-04-01,2011-04-01
URBN,2011-01-31,272958000.0,1411548000.0,2011-04-01,1794321000.0,2274102000.0,2011-04-01,2011-04-01,2011-04-01
URBN,2012-01-31,185251000.0,1066268000.0,2012-04-02,1483708000.0,2473801000.0,2012-04-02,2012-04-02,2012-04-02
URBN,2013-01-31,237314000.0,1354588000.0,2013-04-01,1797211000.0,2794925000.0,2013-04-01,2013-04-01,2013-04-01
URBN,2014-01-31,282360000.0,1694170000.0,2014-04-01,2221214000.0,3086608000.0,2014-04-01,2014-04-01,2014-04-01
URBN,2015-01-31,232428000.0,1327969000.0,2015-04-01,1888741000.0,3323077000.0,2015-04-01,2015-04-01,2015-04-01
URBN,2016-01-31,224489000.0,1137227000.0,2016-03-31,1833301000.0,3445134000.0,2016-03-31,2016-03-31,2016-03-31
URBN,2017-01-31,218120000.0,1313084000.0,2017-04-03,1902637000.0,3545794000.0,2017-04-03,2017-04-03,2017-04-03
URBN,2018-01-31,108263000.0,1300903000.0,2018-04-02,1952780000.0,3616014000.0,2018-04-02,2018-04-02,2018-04-02
URBN,2019-01-31,298003000.0,1489098000.0,2019-04-01,2160515000.0,,2019-04-01,,2019-04-01
URBN,2020-01-31,168096000.0,1455355000.0,2020-03-31,3315633000.0,,2020-03-31,,2020-03-31
URBN,2021-01-31,1236000.0,1477358000.0,2021-04-01,3546345000.0,,2021-04-01,,2021-04-01
URBN,2022-01-31,310616000.0,1745740000.0,2022-04-01,3791347000.0,,2022-04-01,,2022-04-01
URBN,2023-01-31,159699000.0,1792683000.0,2023-04-03,3682912000.0,,2023-04-03,,2023-04-03
URBN,2024-01-31,287674000.0,2112540000.0,2024-04-01,4111209000.0,,2024-04-01,,2024-04-01
URBN,2025-01-31,402462000.0,2471504000.0,2025-04-01,4519480000.0,,2025-04-01,,2025-04-01
URBN,2026-01-31,464919000.0,2815287000.0,2026-04-01,5007613000.0,,2026-04-01,,2026-04-01
URI,2010-12-31,-26000000.0,,,,2237000000.0,,2013-01-23,2013-01-23
URI,2011-12-31,101000000.0,64000000.0,2013-01-23,4143000000.0,2611000000.0,2013-01-23,2013-01-23,2013-01-23
URI,2012-12-31,75000000.0,1543000000.0,2013-01-23,11026000000.0,4117000000.0,2013-01-23,2013-01-23,2013-01-23
URI,2013-12-31,387000000.0,1828000000.0,2014-01-22,11231000000.0,4955000000.0,2014-01-22,2014-01-22,2014-01-22
URI,2014-12-31,540000000.0,1796000000.0,2015-01-21,12467000000.0,5685000000.0,2015-01-21,2015-01-21,2015-01-21
URI,2015-12-31,585000000.0,1476000000.0,2016-01-27,12083000000.0,,2016-01-27,,2016-01-27
URI,2016-12-31,566000000.0,1648000000.0,2017-01-25,11988000000.0,5762000000.0,2017-01-25,2019-01-23,2017-01-25
URI,2017-12-31,1346000000.0,3106000000.0,2018-01-24,15030000000.0,6641000000.0,2018-01-24,2019-01-23,2018-01-24
URI,2018-12-31,1096000000.0,3403000000.0,2019-01-23,18133000000.0,8047000000.0,2019-01-23,2019-01-23,2019-01-23
URI,2019-12-31,1174000000.0,3830000000.0,2020-01-29,18970000000.0,9351000000.0,2020-01-29,2020-01-29,2020-01-29
URI,2020-12-31,890000000.0,4545000000.0,2021-01-27,17868000000.0,8530000000.0,2021-01-27,2021-01-27,2021-01-27
URI,2021-12-31,1386000000.0,5991000000.0,2022-01-26,20292000000.0,9716000000.0,2022-01-26,2022-01-26,2022-01-26
URI,2022-12-31,2105000000.0,7062000000.0,2023-01-25,24183000000.0,11642000000.0,2023-01-25,2023-01-25,2023-01-25
URI,2023-12-31,2424000000.0,8130000000.0,2024-01-24,25589000000.0,14332000000.0,2024-01-24,2024-01-24,2024-01-24
URI,2024-12-31,2575000000.0,8622000000.0,2025-01-29,28163000000.0,15345000000.0,2025-01-29,2025-01-29,2025-01-29
URI,2025-12-31,2494000000.0,8968000000.0,2026-01-28,29866000000.0,16099000000.0,2026-01-28,2026-01-28,2026-01-28
USB,2007-12-31,4324000000.0,,,,,,,2010-02-26
USB,2008-12-31,2946000000.0,26300000000.0,2010-02-26,265912000000.0,,2010-02-26,,2010-02-26
USB,2009-12-31,2205000000.0,25963000000.0,2010-02-26,281176000000.0,,2010-02-26,,2010-02-26
USB,2010-12-31,3317000000.0,29519000000.0,2011-02-28,307786000000.0,,2011-02-28,,2011-02-28
USB,2011-12-31,4872000000.0,33978000000.0,2012-02-23,340122000000.0,,2012-02-23,,2012-02-23
USB,2012-12-31,5647000000.0,38998000000.0,2013-02-22,353855000000.0,20288000000.0,2013-02-22,2014-02-21,2013-02-22
USB,2013-12-31,5836000000.0,41113000000.0,2014-02-21,364021000000.0,19602000000.0,2014-02-21,2014-02-21,2014-02-21
USB,2014-12-31,5851000000.0,43479000000.0,2015-02-27,402529000000.0,20161000000.0,2015-02-27,2015-02-27,2015-02-27
USB,2015-12-31,5879000000.0,46131000000.0,2016-02-25,421853000000.0,20306000000.0,2016-02-25,2016-02-25,2016-02-25
USB,2016-12-31,5888000000.0,47298000000.0,2017-02-23,445964000000.0,21308000000.0,2017-02-23,2017-02-23,2017-02-23
USB,2017-12-31,6218000000.0,49040000000.0,2018-02-22,462040000000.0,22057000000.0,2018-02-22,2018-02-22,2018-02-22
USB,2018-12-31,7096000000.0,51029000000.0,2019-02-22,467374000000.0,22637000000.0,2019-02-22,2019-02-22,2019-02-22
USB,2019-12-31,6914000000.0,51853000000.0,2020-02-20,495426000000.0,,2020-02-20,,2020-02-20
USB,2020-12-31,4959000000.0,53095000000.0,2021-02-23,553905000000.0,,2021-02-23,,2021-02-23
USB,2021-12-31,7963000000.0,54918000000.0,2022-02-22,573284000000.0,,2022-02-22,,2022-02-22
USB,2022-12-31,5825000000.0,50766000000.0,2023-02-27,674805000000.0,24302000000.0,2023-02-27,2024-02-20,2023-02-27
USB,2023-12-31,5429000000.0,55306000000.0,2024-02-20,663491000000.0,28144000000.0,2024-02-20,2024-02-20,2024-02-20
USB,2024-12-31,6299000000.0,58578000000.0,2025-02-21,678318000000.0,27455000000.0,2025-02-21,2025-02-21,2025-02-21
USB,2025-12-31,7570000000.0,65193000000.0,2026-02-23,692345000000.0,28656000000.0,2026-02-23,2026-02-23,2026-02-23
V,2006-09-30,,583000000.0,2009-11-20,,,,,
V,2007-09-30,-1076000000.0,-501000000.0,2009-11-20,,3590000000.0,,2009-11-20,2009-11-20
V,2008-09-30,804000000.0,21141000000.0,2009-11-20,34981000000.0,6263000000.0,2009-11-20,2009-11-20,2009-11-20
V,2009-09-30,2353000000.0,23189000000.0,2009-11-20,32281000000.0,6911000000.0,2009-11-20,2009-11-20,2009-11-20
V,2010-09-30,2966000000.0,25011000000.0,2010-11-19,33408000000.0,8065000000.0,2010-11-19,2010-11-19,2010-11-19
V,2011-09-30,3650000000.0,26437000000.0,2011-11-18,34760000000.0,9188000000.0,2011-11-18,2011-11-18,2011-11-18
V,2012-09-30,2144000000.0,,,40013000000.0,10421000000.0,2012-11-16,2012-11-16,2012-11-16
V,2013-09-30,4980000000.0,,,35956000000.0,11778000000.0,2013-11-22,2013-11-22,2013-11-22
V,2014-09-30,5438000000.0,,,38569000000.0,12702000000.0,2014-11-21,2014-11-21,2014-11-21
V,2015-09-30,6328000000.0,,,40236000000.0,13880000000.0,2015-11-20,2015-11-20,2015-11-20
V,2016-09-30,5991000000.0,,,64035000000.0,15082000000.0,2016-11-15,2016-11-15,2016-11-15
V,2017-09-30,6699000000.0,,,67977000000.0,18358000000.0,2017-11-17,2017-11-17,2017-11-17
V,2018-09-30,10301000000.0,,,69225000000.0,20609000000.0,2018-11-16,2018-11-16,2018-11-16
V,2019-09-30,12080000000.0,,,72574000000.0,22977000000.0,2019-11-14,2019-11-14,2019-11-14
V,2020-09-30,10866000000.0,,,80919000000.0,21846000000.0,2020-11-19,2020-11-19,2020-11-19
V,2021-09-30,12311000000.0,,,82896000000.0,,2021-11-18,,2021-11-18
V,2022-09-30,14957000000.0,,,85501000000.0,,2022-11-16,,2022-11-16
V,2023-09-30,17273000000.0,,,90499000000.0,,2023-11-15,,2023-11-15
V,2024-09-30,19743000000.0,,,94511000000.0,,2024-11-13,,2024-11-13
V,2025-09-30,20058000000.0,,,99627000000.0,,2025-11-06,,2025-11-06
VFC,2007-12-29,591621000.0,,,,7219359000.0,,2010-03-03,2010-03-03
VFC,2009-01-03,602748000.0,,,6433868000.0,7642600000.0,2010-03-03,2010-03-03,2010-03-03
VFC,2010-01-02,461271000.0,3815151000.0,2011-03-02,6470657000.0,7220286000.0,2010-03-03,2010-03-03,2010-03-03
VFC,2011-01-01,571362000.0,3861219000.0,2011-03-02,6457556000.0,7702589000.0,2011-03-02,2011-03-02,2011-03-02
VFC,2011-12-31,888089000.0,4525991000.0,2012-02-29,9313126000.0,9459232000.0,2012-02-29,2012-02-29,2012-02-29
VFC,2012-12-29,1085999000.0,5125625000.0,2013-02-27,9633021000.0,10879855000.0,2013-02-27,2013-02-27,2013-02-27
VFC,2013-12-28,1210119000.0,,,10315443000.0,11419648000.0,2014-02-26,2014-02-26,2014-02-26
VFC,2015-01-03,1047505000.0,5630882000.0,2016-03-02,9980140000.0,12282161000.0,2015-03-03,2015-03-03,2015-03-03
VFC,2016-01-02,1231593000.0,5384838000.0,2016-03-02,9639542000.0,12376744000.0,2016-03-02,2016-03-02,2016-03-02
VFC,2016-12-31,1074106000.0,4940921000.0,2017-03-01,9739287000.0,12019003000.0,2017-03-01,2017-03-01,2017-03-01
VFC,2017-12-30,614923000.0,3719900000.0,2018-02-28,9958502000.0,11811177000.0,2018-02-28,2018-02-28,2018-02-28
VFC,2018-03-31,,3688096000.0,2019-05-24,10311310000.0,,2019-05-24,,
VFC,2019-03-30,1259792000.0,4298516000.0,2019-05-24,10356785000.0,13848660000.0,2019-05-24,2019-05-24,2019-05-24
VFC,2020-03-28,679449000.0,3357334000.0,2020-05-27,11133251000.0,10488556000.0,2020-05-27,2020-05-27,2020-05-27
VFC,2021-04-03,407869000.0,3056164000.0,2021-05-27,13754029000.0,,2021-05-27,,2021-05-27
VFC,2022-04-02,1386941000.0,3530355000.0,2022-05-26,13342208000.0,,2022-05-26,,2022-05-26
VFC,2023-04-01,118584000.0,2910713000.0,2023-05-25,13990488000.0,,2023-05-25,,2023-05-25
VFC,2024-03-30,-968882000.0,1658365000.0,2024-05-23,11612963000.0,,2024-05-23,,2024-05-23
VFC,2025-03-29,-189716000.0,1487359000.0,2025-05-22,9377536000.0,,2025-05-22,,2025-05-22
VFC,2026-03-28,254920000.0,1849878000.0,2026-05-20,9290177000.0,,2026-05-20,,2026-05-20
VIAV,2009-06-27,-909500000.0,,,,1283300000.0,,2011-08-30,2011-08-30
VIAV,2010-07-03,-61800000.0,908700000.0,2011-08-30,1703600000.0,1363900000.0,2011-08-30,2011-08-30,2011-08-30
VIAV,2011-07-02,71600000.0,1065400000.0,2011-08-30,1950700000.0,1804500000.0,2011-08-30,2011-08-30,2011-08-30
VIAV,2012-06-30,,1038800000.0,2012-08-24,1869500000.0,1682100000.0,2012-08-24,2012-08-24,
VIAV,2013-06-29,,1161300000.0,2013-08-23,1715200000.0,1676900000.0,2013-08-23,2013-08-23,
VIAV,2014-06-28,-17800000.0,1187700000.0,2014-08-26,2351900000.0,1743200000.0,2014-08-26,2014-08-26,2016-08-30
VIAV,2015-06-27,-88100000.0,1101400000.0,2015-08-25,2217800000.0,1709100000.0,2015-08-25,2015-08-25,2016-08-30
VIAV,2016-07-02,-99200000.0,689300000.0,2016-08-30,1683100000.0,906300000.0,2016-08-30,2016-08-30,2016-08-30
VIAV,2017-07-01,166900000.0,786400000.0,2017-08-29,2110500000.0,811400000.0,2017-08-29,2017-08-29,2017-08-29
VIAV,2018-06-30,-46000000.0,720700000.0,2018-08-28,2022600000.0,,2018-08-28,,2018-08-28
VIAV,2019-06-29,5400000.0,725800000.0,2019-08-27,1815100000.0,,2019-08-27,,2019-08-27
VIAV,2020-06-27,28700000.0,711400000.0,2020-08-24,1776300000.0,,2020-08-24,,2020-08-24
VIAV,2021-07-03,46100000.0,774800000.0,2021-08-23,1961400000.0,,2021-08-23,,2021-08-23
VIAV,2022-07-02,15500000.0,671700000.0,2022-08-19,1827900000.0,,2022-08-19,,2022-08-19
VIAV,2023-07-01,25500000.0,690800000.0,2023-08-17,1850500000.0,,2023-08-17,,2023-08-17
VIAV,2024-06-29,-25800000.0,681600000.0,2024-08-16,1736300000.0,,2024-08-16,,2024-08-16
VIAV,2025-06-28,34800000.0,780200000.0,2025-08-11,1993800000.0,,2025-08-11,,2025-08-11
VIAV,2026-06-27,-30400000.0,1448500000.0,2026-08-13,2705600000.0,,2026-08-13,,2026-08-13
VICI,2016-12-31,,,,4856600000.0,,2018-03-28,,
VICI,2017-12-31,44537000.0,4691489000.0,2018-03-28,9739712000.0,,2018-03-28,,2018-03-28
VICI,2018-12-31,523619000.0,6817449000.0,2019-02-14,11333368000.0,897977000.0,2019-02-14,2019-02-14,2019-02-14
VICI,2019-12-31,545964000.0,7965183000.0,2020-02-20,13265619000.0,894798000.0,2020-02-20,2020-02-20,2020-02-20
VICI,2020-12-31,891674000.0,9415839000.0,2021-02-18,17063613000.0,1225574000.0,2021-02-18,2021-02-18,2021-02-18
VICI,2021-12-31,1013851000.0,12108268000.0,2022-02-23,17597373000.0,1509568000.0,2022-02-23,2022-02-23,2022-02-23
VICI,2022-12-31,1117635000.0,21933637000.0,2023-02-23,37575826000.0,2600697000.0,2023-02-23,2023-02-23,2023-02-23
VICI,2023-12-31,2513540000.0,25255931000.0,2024-02-22,44059841000.0,3611988000.0,2024-02-22,2024-02-22,2024-02-22
VICI,2024-12-31,2678810000.0,26537955000.0,2025-02-20,45368940000.0,3849205000.0,2025-02-20,2025-02-20,2025-02-20
VICI,2025-12-31,2775493000.0,27797640000.0,2026-02-25,46724168000.0,4006116000.0,2026-02-25,2026-02-25,2026-02-25
VLO,2007-12-31,5234000000.0,,,,,,,2010-02-26
VLO,2008-12-31,-1131000000.0,15620000000.0,2010-02-26,34417000000.0,,2010-02-26,,2010-02-26
VLO,2009-12-31,-1982000000.0,14725000000.0,2010-02-26,35629000000.0,,2010-02-26,,2010-02-26
VLO,2010-12-31,324000000.0,15025000000.0,2011-02-25,37621000000.0,,2011-02-25,,2011-02-25
VLO,2011-12-31,2090000000.0,16423000000.0,2012-02-24,42783000000.0,,2012-02-24,,2012-02-24
VLO,2012-12-31,2083000000.0,18032000000.0,2013-02-28,44477000000.0,,2013-02-28,,2013-02-28
VLO,2013-12-31,2720000000.0,19460000000.0,2014-02-27,47260000000.0,,2014-02-27,,2014-02-27
VLO,2014-12-31,3630000000.0,20677000000.0,2015-02-26,45550000000.0,,2015-02-26,,2015-02-26
VLO,2015-12-31,3990000000.0,20527000000.0,2016-02-25,44343000000.0,,2016-02-25,,2016-02-25
VLO,2016-12-31,2289000000.0,20024000000.0,2017-02-23,46173000000.0,,2017-02-23,,2017-02-23
VLO,2017-12-31,4065000000.0,21991000000.0,2018-02-28,50158000000.0,,2018-02-28,,2018-02-28
VLO,2018-12-31,3122000000.0,21667000000.0,2019-02-28,50155000000.0,,2019-02-28,,2019-02-28
VLO,2019-12-31,2422000000.0,21803000000.0,2020-02-26,53864000000.0,,2020-02-26,,2020-02-26
VLO,2020-12-31,-1421000000.0,18801000000.0,2021-02-23,51774000000.0,,2021-02-23,,2021-02-23
VLO,2021-12-31,930000000.0,18430000000.0,2022-02-22,57888000000.0,,2022-02-22,,2022-02-22
VLO,2022-12-31,11528000000.0,23561000000.0,2023-02-23,60982000000.0,,2023-02-23,,2023-02-23
VLO,2023-12-31,8835000000.0,26346000000.0,2024-02-22,63056000000.0,,2024-02-22,,2024-02-22
VLO,2024-12-31,2770000000.0,24512000000.0,2025-02-26,60143000000.0,,2025-02-26,,2025-02-26
VLO,2025-12-31,2348000000.0,23725000000.0,2026-02-25,57988000000.0,,2026-02-25,,2026-02-25
VMC,2006-12-31,,2036882000.0,2010-02-26,,,,,
VMC,2007-12-31,450910000.0,3793252000.0,2010-02-26,,,,,2010-02-26
VMC,2008-12-31,918000.0,3553752000.0,2010-02-26,8916624000.0,,2010-02-26,,2010-02-26
VMC,2009-12-31,30314000.0,4052022000.0,2010-02-26,8532950000.0,,2010-02-26,,2010-02-26
VMC,2010-12-31,-96490000.0,3964980000.0,2011-02-28,8337891000.0,,2011-02-28,,2011-02-28
VMC,2011-12-31,-70778000.0,3791617000.0,2012-02-29,8229314000.0,,2012-02-29,,2012-02-29
VMC,2012-12-31,-52593000.0,3761062000.0,2013-02-28,8126599000.0,,2013-02-28,,2013-02-28
VMC,2013-12-31,24382000.0,3938106000.0,2014-02-26,8259143000.0,,2014-02-26,,2014-02-26
VMC,2014-12-31,204923000.0,4176699000.0,2015-02-27,8061902000.0,,2015-02-27,,2015-02-27
VMC,2015-12-31,221177000.0,4454188000.0,2016-02-25,8301632000.0,,2016-02-25,,2016-02-25
VMC,2016-12-31,419491000.0,4572476000.0,2017-02-24,8471475000.0,3592667000.0,2017-02-24,2019-02-26,2017-02-24
VMC,2017-12-31,601185000.0,4968893000.0,2018-02-27,9504891000.0,3890296000.0,2018-02-27,2019-02-26,2018-02-27
VMC,2018-12-31,515805000.0,5202903000.0,2019-02-26,9832130000.0,4382869000.0,2019-02-26,2019-02-26,2019-02-26
VMC,2019-12-31,617662000.0,5621857000.0,2020-02-26,10648793000.0,4929103000.0,2020-02-26,2020-02-26,2020-02-26
VMC,2020-12-31,584480000.0,6027330000.0,2021-02-25,11686905000.0,4856826000.0,2021-02-25,2021-02-25,2021-02-25
VMC,2021-12-31,670800000.0,6545000000.0,2022-02-25,13682600000.0,5552200000.0,2022-02-25,2022-02-25,2022-02-25
VMC,2022-12-31,575600000.0,6928600000.0,2023-02-24,14234600000.0,7315200000.0,2023-02-24,2023-02-24,2023-02-24
VMC,2023-12-31,933200000.0,7483400000.0,2024-02-22,14545700000.0,7781900000.0,2024-02-22,2024-02-22,2024-02-22
VMC,2024-12-31,911900000.0,8118600000.0,2025-02-20,17104800000.0,,2025-02-20,,2025-02-20
VMC,2025-12-31,1076700000.0,8525100000.0,2026-02-19,16700400000.0,,2026-02-19,,2026-02-19
VNO,2007-12-31,541539000.0,,,,,,,2010-02-23
VNO,2008-12-31,359297000.0,5801739000.0,2010-02-23,21418048000.0,,2010-02-23,,2010-02-23
VNO,2009-12-31,106169000.0,6242769000.0,2010-02-23,20185472000.0,,2010-02-23,,2010-02-23
VNO,2010-12-31,647883000.0,6315710000.0,2011-02-23,20517471000.0,,2011-02-23,,2011-02-23
VNO,2011-12-31,662302000.0,6828316000.0,2012-02-27,20446487000.0,,2012-02-27,,2012-02-27
VNO,2012-12-31,617260000.0,6850935000.0,2013-02-26,21965975000.0,,2013-02-26,,2013-02-26
VNO,2013-12-31,475971000.0,6765232000.0,2014-02-24,20097224000.0,,2014-02-24,,2014-02-24
VNO,2014-12-31,864852000.0,6745426000.0,2015-02-17,21248320000.0,,2015-02-17,,2015-02-17
VNO,2015-12-31,760434000.0,6697595000.0,2016-02-16,21143293000.0,,2016-02-16,,2016-02-16
VNO,2016-12-31,906917000.0,6898519000.0,2017-02-13,20814847000.0,,2017-02-13,,2017-02-13
VNO,2017-12-31,227416000.0,4337652000.0,2018-02-12,17397934000.0,2084126000.0,2018-02-12,2020-02-18,2018-02-12
VNO,2018-12-31,449954000.0,4465231000.0,2019-02-11,17180794000.0,2163720000.0,2019-02-11,2020-02-18,2019-02-11
VNO,2019-12-31,3147937000.0,6732030000.0,2020-02-18,18287013000.0,1924700000.0,2020-02-18,2020-02-18,2020-02-18
VNO,2020-12-31,-297005000.0,6533198000.0,2021-02-16,16221822000.0,1527951000.0,2021-02-16,2021-02-16,2021-02-16
VNO,2021-12-31,175999000.0,6236346000.0,2022-02-14,17266588000.0,1589210000.0,2022-02-14,2022-02-14,2022-02-14
VNO,2022-12-31,-346499000.0,5839728000.0,2023-02-13,16493375000.0,1799995000.0,2023-02-13,2023-02-13,2023-02-13
VNO,2023-12-31,105494000.0,5509064000.0,2024-02-12,16187665000.0,1811163000.0,2024-02-12,2024-02-12,2024-02-12
VNO,2024-12-31,70387000.0,5158242000.0,2025-02-10,15998608000.0,1787686000.0,2025-02-10,2025-02-10,2025-02-10
VNO,2025-12-31,904955000.0,5986727000.0,2026-02-09,15521118000.0,1810425000.0,2026-02-09,2026-02-09,2026-02-09
VRSK,2008-12-31,,-1009823000.0,2012-02-28,,,,,
VRSK,2009-12-31,126614000.0,-34949000.0,2012-02-28,,,,,2012-02-28
VRSK,2010-12-31,242552000.0,-114442000.0,2012-02-28,1217090000.0,,2012-02-28,,2012-02-28
VRSK,2011-12-31,282758000.0,-98490000.0,2012-02-28,1541106000.0,,2012-02-28,,2012-02-28
VRSK,2012-12-31,329142000.0,255591000.0,2013-02-26,2360336000.0,,2013-02-26,,2013-02-26
VRSK,2013-12-31,348380000.0,547589000.0,2014-02-25,2504451000.0,,2014-02-25,,2014-02-25
VRSK,2014-12-31,400042000.0,211043000.0,2015-02-24,2345330000.0,,2015-02-24,,2015-02-24
VRSK,2015-12-31,507577000.0,1372011000.0,2016-02-24,5615927000.0,,2016-02-24,,2016-02-24
VRSK,2016-12-31,591200000.0,1332400000.0,2017-02-21,4631200000.0,1995200000.0,2017-02-21,2019-02-19,2017-02-21
VRSK,2017-12-31,555100000.0,1925400000.0,2018-02-20,6020300000.0,2145200000.0,2018-02-20,2019-02-19,2018-02-20
VRSK,2018-12-31,598700000.0,2070600000.0,2019-02-19,5900300000.0,2395100000.0,2019-02-19,2019-02-19,2019-02-19
VRSK,2019-12-31,449900000.0,2260800000.0,2020-02-18,7055200000.0,2607100000.0,2020-02-18,2020-02-18,2020-02-18
VRSK,2020-12-31,712700000.0,2698200000.0,2021-02-23,7561800000.0,2784600000.0,2021-02-23,2021-02-23,2021-02-23
VRSK,2021-12-31,666200000.0,2816500000.0,2022-02-22,7808100000.0,2998600000.0,2022-02-22,2022-02-22,2022-02-22
VRSK,2022-12-31,953900000.0,1749300000.0,2023-02-28,6961100000.0,2497000000.0,2023-02-28,2023-02-28,2023-02-28
VRSK,2023-12-31,614600000.0,310000000.0,2024-02-21,4366100000.0,2681400000.0,2024-02-21,2024-02-21,2024-02-21
VRSK,2024-12-31,958200000.0,100100000.0,2025-02-26,4264700000.0,2881700000.0,2025-02-26,2025-02-26,2025-02-26
VRSK,2025-12-31,908300000.0,309000000.0,2026-02-18,6195500000.0,3072700000.0,2026-02-18,2026-02-18,2026-02-18
VRSN,2007-12-31,-150347000.0,,,,850509000.0,,2010-02-26,2010-02-26
VRSN,2008-12-31,-374251000.0,469213000.0,2010-02-26,2366872000.0,964748000.0,2010-02-26,2010-02-26,2010-02-26
VRSN,2009-12-31,245553000.0,549741000.0,2010-02-26,2470144000.0,1030619000.0,2010-02-26,2010-02-26,2010-02-26
VRSN,2010-12-31,830967000.0,676430000.0,2011-02-24,2444006000.0,680578000.0,2011-02-24,2011-02-24,2011-02-24
VRSN,2011-12-31,142891000.0,-88107000.0,2012-02-24,1856179000.0,771978000.0,2012-02-24,2012-02-24,2012-02-24
VRSN,2012-12-31,320032000.0,-9323000.0,2013-02-28,2062476000.0,873592000.0,2013-02-28,2013-02-28,2013-02-28
VRSN,2013-12-31,,-423558000.0,2014-02-21,2660767000.0,965087000.0,2014-02-21,2014-02-21,
VRSN,2014-12-31,,-883466000.0,2015-02-13,2154859000.0,1010117000.0,2015-02-13,2015-02-13,
VRSN,2015-12-31,,-1070447000.0,2016-02-19,2357737000.0,1059366000.0,2016-02-19,2016-02-19,
VRSN,2016-12-31,,-1200595000.0,2017-02-17,2334572000.0,1142167000.0,2017-02-17,2017-02-17,
VRSN,2017-12-31,,-1260271000.0,2018-02-16,2941188000.0,1165095000.0,2018-02-16,2018-02-16,
VRSN,2018-12-31,,-1385474000.0,2019-02-15,1914504000.0,1214969000.0,2019-02-15,2019-02-15,
VRSN,2019-12-31,,-1490100000.0,2020-02-14,1854009000.0,1231661000.0,2020-02-14,2020-02-14,
VRSN,2020-12-31,,-1390198000.0,2021-02-19,1766910000.0,1265052000.0,2021-02-19,2021-02-19,
VRSN,2021-12-31,,-1260519000.0,2022-02-18,1983764000.0,1327576000.0,2022-02-18,2022-02-18,
VRSN,2022-12-31,,-1562200000.0,2023-02-17,1733400000.0,1424900000.0,2023-02-17,2023-02-17,
VRSN,2023-12-31,,-1581000000.0,2024-02-15,1749000000.0,1493100000.0,2024-02-15,2024-02-15,
VRSN,2024-12-31,,-1957900000.0,2025-02-13,1406500000.0,1557400000.0,2025-02-13,2025-02-13,
VRSN,2025-12-31,,-2154200000.0,2026-02-05,1325900000.0,1656600000.0,2026-02-05,2026-02-05,
VRTS,2008-12-31,,36632000.0,2012-03-01,,,,,
VRTS,2009-12-31,-6484000.0,29730000.0,2012-03-01,,117152000.0,,2012-03-01,2012-03-01
VRTS,2010-12-31,9642000.0,48270000.0,2012-03-01,148911000.0,144556000.0,2012-03-01,2012-03-01,2012-03-01
VRTS,2011-12-31,145420000.0,183155000.0,2012-03-01,286379000.0,204652000.0,2012-03-01,2012-03-01,2012-03-01
VRTS,2012-12-31,37773000.0,244471000.0,2013-03-01,332749000.0,280086000.0,2013-03-01,2013-03-01,2013-03-01
VRTS,2013-12-31,77130000.0,492930000.0,2014-02-24,644954000.0,389215000.0,2014-02-24,2014-02-24,2014-02-24
VRTS,2014-12-31,96965000.0,563542000.0,2015-03-02,698773000.0,450598000.0,2015-03-02,2015-03-02,2015-03-02
VRTS,2015-12-31,30671000.0,509624000.0,2016-02-24,859729000.0,381977000.0,2016-02-24,2016-02-24,2016-02-24
VRTS,2016-12-31,48763000.0,321673000.0,2017-02-27,824388000.0,322554000.0,2017-02-27,2017-02-27,2017-02-27
VRTS,2017-12-31,37012000.0,588557000.0,2018-02-27,2590799000.0,425607000.0,2018-02-27,2018-02-27,2018-02-27
VRTS,2018-12-31,75529000.0,629909000.0,2019-02-27,2870535000.0,,2019-02-27,,2019-02-27
VRTS,2019-12-31,95649000.0,675699000.0,2020-02-27,3204634000.0,,2020-02-27,,2020-02-27
VRTS,2020-12-31,79957000.0,711141000.0,2021-02-26,3466943000.0,,2021-02-26,,2021-02-26
VRTS,2021-12-31,208131000.0,828277000.0,2022-02-25,3934181000.0,,2022-02-25,,2022-02-25
VRTS,2022-12-31,,817019000.0,2023-02-27,3952934000.0,,2023-02-27,,
VRTS,2023-12-31,,863926000.0,2024-02-28,3678629000.0,,2024-02-28,,
VRTS,2024-12-31,,897493000.0,2025-02-28,3994494000.0,,2025-02-28,,
VRTS,2025-12-31,,934043000.0,2026-02-27,4291200000.0,,2026-02-27,,
VRTX,2008-12-31,,,,,175504000.0,,2011-02-17,
VRTX,2009-12-31,-642178000.0,,,1955488000.0,101889000.0,2011-02-17,2011-02-17,2012-02-22
VRTX,2010-12-31,-754626000.0,503973000.0,2012-02-22,1725446000.0,143370000.0,2011-02-17,2011-02-17,2012-02-22
VRTX,2011-12-31,29574000.0,786843000.0,2012-02-22,2204280000.0,1410626000.0,2012-02-22,2012-02-22,2012-02-22
VRTX,2012-12-31,-107032000.0,999180000.0,2013-03-01,2759288000.0,1527042000.0,2013-03-01,2013-03-01,2013-03-01
VRTX,2013-12-31,-445028000.0,1356405000.0,2014-02-11,2319041000.0,1211975000.0,2014-02-11,2014-02-11,2014-02-11
VRTX,2014-12-31,-738555000.0,1075006000.0,2015-02-13,2334679000.0,580415000.0,2015-02-13,2015-02-13,2015-02-13
VRTX,2015-12-31,-556334000.0,939967000.0,2016-02-16,2498875000.0,1032336000.0,2016-02-16,2016-02-16,2016-02-16
VRTX,2016-12-31,-112052000.0,1156582000.0,2017-02-23,2896787000.0,1702177000.0,2017-02-23,2017-02-23,2017-02-23
VRTX,2017-12-31,263484000.0,2028579000.0,2018-02-15,3546014000.0,2488652000.0,2018-02-15,2018-02-15,2018-02-15
VRTX,2018-01-01,,,,3558639000.0,,2019-02-13,,
VRTX,2018-12-31,2096896000.0,4435203000.0,2019-02-13,6245898000.0,,2019-02-13,,2019-02-13
VRTX,2019-01-01,,,,6261958000.0,,2020-02-13,,
VRTX,2019-12-31,1176810000.0,6085200000.0,2022-02-09,8318465000.0,,2020-02-13,,2020-02-13
VRTX,2020-12-31,2711647000.0,8686800000.0,2022-02-09,11751808000.0,,2021-02-11,,2021-02-11
VRTX,2021-12-31,2342100000.0,10100000000.0,2022-02-09,13432500000.0,,2022-02-09,,2022-02-09
VRTX,2022-12-31,3322000000.0,13912700000.0,2023-02-10,18150900000.0,,2023-02-10,,2023-02-10
VRTX,2023-12-31,3619600000.0,17580400000.0,2024-02-15,22730200000.0,,2024-02-15,,2024-02-15
VRTX,2024-12-31,-535600000.0,16409600000.0,2025-02-13,22533200000.0,,2025-02-13,,2025-02-13
VRTX,2025-12-31,3953200000.0,18665800000.0,2026-02-13,25643000000.0,,2026-02-13,,2026-02-13
VTR,2007-12-31,273681000.0,,,,746697000.0,,2010-02-19,2010-02-19
VTR,2008-12-31,222603000.0,2160598000.0,2010-02-19,5771418000.0,923698000.0,2010-02-19,2010-02-19,2010-02-19
VTR,2009-12-31,266495000.0,2465511000.0,2010-02-19,5616245000.0,936094000.0,2010-02-19,2010-02-19,2010-02-19
VTR,2010-12-31,,2386726000.0,2012-02-22,5758021000.0,1008751000.0,2012-02-22,2012-02-22,
VTR,2011-12-31,,9274957000.0,2012-02-22,17271910000.0,1764991000.0,2012-02-22,2012-02-22,
VTR,2012-12-31,,9019128000.0,2013-02-19,18980000000.0,2485299000.0,2013-02-19,2013-02-19,
VTR,2013-12-31,,8824281000.0,2014-02-18,19731494000.0,2810053000.0,2014-02-18,2014-02-18,
VTR,2014-12-31,,8680184000.0,2015-02-13,21226171000.0,3075746000.0,2015-02-13,2015-02-13,
VTR,2015-12-31,,9564327000.0,2016-02-12,22261918000.0,3286398000.0,2016-02-12,2016-02-12,
VTR,2016-12-31,,10460240000.0,2017-02-14,23166600000.0,3443522000.0,2017-02-14,2017-02-14,
VTR,2017-12-31,,10866226000.0,2018-02-09,23954541000.0,3574149000.0,2018-02-09,2018-02-09,
VTR,2018-12-31,,10215857000.0,2019-02-08,22584555000.0,3745810000.0,2019-02-08,2019-02-08,
VTR,2019-12-31,,10445892000.0,2020-02-24,24692208000.0,3872750000.0,2020-02-24,2020-02-24,
VTR,2020-12-31,,10180167000.0,2021-02-23,23929404000.0,3795357000.0,2021-02-23,2021-02-23,
VTR,2021-12-31,,10854385000.0,2022-02-18,24717786000.0,3828007000.0,2022-02-18,2022-02-18,
VTR,2022-12-31,,10152968000.0,2023-02-10,24157840000.0,4129193000.0,2023-02-10,2023-02-10,
VTR,2023-12-31,,9488058000.0,2024-02-15,24725433000.0,4497827000.0,2024-02-15,2024-02-15,
VTR,2024-12-31,,10771267000.0,2025-02-13,26186906000.0,4924266000.0,2025-02-13,2025-02-13,
VTR,2025-12-31,,12527253000.0,2026-02-06,27591945000.0,5833980000.0,2026-02-06,2026-02-06,
VTRS,2018-12-31,,,,,11433900000.0,,2021-03-01,
VTRS,2019-02-13,,0.0,2020-05-07,,,,,
VTRS,2019-12-31,,0.0,2020-05-07,0.0,11500500000.0,2020-05-07,2021-03-01,
VTRS,2020-12-31,,,,61553000000.0,11946000000.0,2021-03-01,2021-03-01,
VTRS,2021-12-31,,,,54842800000.0,17886300000.0,2022-02-28,2022-02-28,
VTRS,2022-12-31,,,,50022200000.0,16262700000.0,2023-02-27,2023-02-27,
VTRS,2023-12-31,,,,47685500000.0,15426900000.0,2024-02-28,2024-02-28,
VTRS,2024-12-31,,,,41500900000.0,14739300000.0,2025-02-27,2025-02-27,
VTRS,2025-12-31,,,,37193100000.0,14299900000.0,2026-02-26,2026-02-26,
VZ,2007-12-31,5521000000.0,82869000000.0,2010-02-26,,93469000000.0,,2010-02-26,2010-02-26
VZ,2008-12-31,6428000000.0,78905000000.0,2010-02-26,202352000000.0,97354000000.0,2010-02-26,2010-02-26,2010-02-26
VZ,2009-12-31,3651000000.0,84367000000.0,2010-02-26,227251000000.0,107808000000.0,2010-02-26,2010-02-26,2010-02-26
VZ,2010-12-31,2549000000.0,86912000000.0,2011-02-28,220005000000.0,106565000000.0,2011-02-28,2011-02-28,2011-02-28
VZ,2011-12-31,2404000000.0,85908000000.0,2012-02-24,230461000000.0,110875000000.0,2012-02-24,2012-02-24,2012-02-24
VZ,2012-12-31,875000000.0,85533000000.0,2013-02-26,225222000000.0,115846000000.0,2013-02-26,2013-02-26,2013-02-26
VZ,2013-12-31,11497000000.0,95416000000.0,2014-02-27,274098000000.0,120550000000.0,2014-02-27,2014-02-27,2014-02-27
VZ,2014-12-31,9625000000.0,13676000000.0,2015-02-23,232708000000.0,127079000000.0,2015-02-23,2015-02-23,2015-02-23
VZ,2015-12-31,17879000000.0,17842000000.0,2016-02-23,244640000000.0,131620000000.0,2016-02-23,2016-02-23,2016-02-23
VZ,2016-12-31,13127000000.0,24032000000.0,2017-02-21,244180000000.0,125980000000.0,2017-02-21,2017-02-21,2017-02-21
VZ,2017-12-31,30101000000.0,44687000000.0,2018-02-23,257143000000.0,126034000000.0,2018-02-23,2018-02-23,2018-02-23
VZ,2018-12-31,15528000000.0,54710000000.0,2019-02-15,264829000000.0,130863000000.0,2019-02-15,2019-02-15,2019-02-15
VZ,2019-12-31,19265000000.0,62835000000.0,2020-02-21,291727000000.0,131868000000.0,2020-02-21,2020-02-21,2020-02-21
VZ,2020-12-31,17801000000.0,69272000000.0,2021-02-25,316481000000.0,128292000000.0,2021-02-25,2021-02-25,2021-02-25
VZ,2021-12-31,22065000000.0,83200000000.0,2022-02-11,366596000000.0,133613000000.0,2022-02-11,2022-02-11,2022-02-11
VZ,2022-12-31,21256000000.0,92463000000.0,2023-02-10,379680000000.0,136835000000.0,2023-02-10,2023-02-10,2023-02-10
VZ,2023-12-31,11614000000.0,93799000000.0,2024-02-09,380255000000.0,133974000000.0,2024-02-09,2024-02-09,2024-02-09
VZ,2024-12-31,17506000000.0,100575000000.0,2025-02-12,384711000000.0,134788000000.0,2025-02-12,2025-02-12,2025-02-12
VZ,2025-12-31,17174000000.0,105741000000.0,2026-02-17,404258000000.0,138191000000.0,2026-02-17,2026-02-17,2026-02-17
WAB,2007-12-31,,617268000.0,2011-02-25,,,,,
WAB,2008-12-31,130551000.0,645371000.0,2011-02-25,,,,,2011-02-25
WAB,2009-12-31,115055000.0,776907000.0,2011-02-25,1585835000.0,1401616000.0,2011-02-25,2012-02-24,2011-02-25
WAB,2010-12-31,123099000.0,899771000.0,2011-02-25,1803081000.0,1507012000.0,2011-02-25,2012-02-24,2011-02-25
WAB,2011-12-31,170149000.0,1045189000.0,2012-02-24,2158953000.0,1967637000.0,2012-02-24,2012-02-24,2012-02-24
WAB,2012-12-31,251732000.0,1276830000.0,2013-02-22,2351542000.0,2391122000.0,2013-02-22,2013-02-22,2013-02-22
WAB,2013-12-31,292235000.0,1585259000.0,2014-02-21,2821997000.0,,2014-02-21,,2014-02-21
WAB,2014-12-31,351680000.0,1807242000.0,2015-02-20,3303841000.0,,2015-02-20,,2015-02-20
WAB,2015-12-31,398628000.0,1699607000.0,2016-02-19,3300335000.0,,2016-02-19,,2016-02-19
WAB,2016-12-31,304887000.0,2205977000.0,2017-02-28,6581018000.0,,2017-02-28,,2017-02-28
WAB,2017-12-31,262261000.0,2808868000.0,2018-02-26,6579980000.0,,2018-02-26,,2018-02-26
WAB,2018-12-31,294944000.0,2865131000.0,2019-02-27,8649234000.0,,2019-02-27,,2019-02-27
WAB,2019-12-31,326700000.0,9956500000.0,2020-02-24,18944200000.0,,2020-02-24,,2020-02-24
WAB,2020-12-31,414400000.0,10122300000.0,2021-02-19,18454500000.0,,2021-02-19,,2021-02-19
WAB,2021-12-31,558000000.0,10201000000.0,2022-02-17,18454000000.0,,2022-02-17,,2022-02-17
WAB,2022-12-31,633000000.0,10102000000.0,2023-02-15,18516000000.0,,2023-02-15,,2023-02-15
WAB,2023-12-31,815000000.0,10487000000.0,2024-02-14,18988000000.0,,2024-02-14,,2024-02-14
WAB,2024-12-31,1056000000.0,10091000000.0,2025-02-12,18702000000.0,,2025-02-12,,2025-02-12
WAB,2025-12-31,1170000000.0,11142000000.0,2026-02-13,22069000000.0,,2026-02-13,,2026-02-13
WAT,2007-12-31,,586076000.0,2011-02-25,,1473048000.0,,2010-02-26,
WAT,2008-12-31,,661005000.0,2011-02-25,1622898000.0,1575124000.0,2010-02-26,2010-02-26,
WAT,2009-12-31,,848949000.0,2011-02-25,1907931000.0,1498700000.0,2010-02-26,2010-02-26,
WAT,2010-12-31,,1068797000.0,2011-02-25,2327670000.0,1643371000.0,2011-02-25,2011-02-25,
WAT,2011-12-31,,1226578000.0,2012-02-24,2723234000.0,1851184000.0,2012-02-24,2012-02-24,
WAT,2012-12-31,,1467357000.0,2013-02-26,3168150000.0,1843641000.0,2013-02-26,2013-02-26,
WAT,2013-12-31,,1763173000.0,2014-02-27,3582629000.0,1904218000.0,2014-02-27,2014-02-27,
WAT,2014-12-31,,1894666000.0,2015-02-27,3877934000.0,1989344000.0,2015-02-27,2015-02-27,
WAT,2015-12-31,,2058851000.0,2016-02-26,4268677000.0,2042332000.0,2016-02-26,2016-02-26,
WAT,2016-12-31,,2301949000.0,2017-02-24,4662059000.0,2167423000.0,2017-02-24,2017-02-24,
WAT,2017-12-31,,2233788000.0,2018-02-27,5324354000.0,2309078000.0,2018-02-27,2018-02-27,
WAT,2018-12-31,,1567258000.0,2019-02-26,3727426000.0,,2019-02-26,,
WAT,2019-12-31,,-216281000.0,2020-02-25,2557055000.0,,2020-02-25,,
WAT,2020-12-31,,232144000.0,2021-02-24,2839920000.0,,2021-02-24,,
WAT,2021-12-31,,367554000.0,2022-02-24,3094932000.0,,2022-02-24,,
WAT,2022-12-31,707755000.0,504488000.0,2023-02-27,3281453000.0,,2023-02-27,,2025-02-25
WAT,2023-12-31,642234000.0,1150341000.0,2024-02-27,4626854000.0,,2024-02-27,,2025-02-25
WAT,2024-12-31,637834000.0,1828507000.0,2025-02-25,4553795000.0,,2025-02-25,,2025-02-25
WAT,2025-12-31,642629000.0,2561242000.0,2026-02-23,5076550000.0,,2026-02-23,,2026-02-23
WBD,2007-12-31,-68000000.0,,,,,,,2010-02-22
WBD,2008-12-31,317000000.0,5536000000.0,2010-02-22,10484000000.0,,2010-02-22,,2010-02-22
WBD,2009-12-31,560000000.0,6208000000.0,2010-02-22,10965000000.0,,2010-02-22,,2010-02-22
WBD,2010-12-31,653000000.0,6225000000.0,2011-02-18,11019000000.0,,2011-02-18,,2011-02-18
WBD,2011-12-31,1132000000.0,6517000000.0,2012-02-17,11913000000.0,,2012-02-17,,2012-02-17
WBD,2012-12-31,943000000.0,6291000000.0,2013-02-14,12930000000.0,,2013-02-14,,2013-02-14
WBD,2013-12-31,1075000000.0,6196000000.0,2014-02-20,14979000000.0,,2014-02-20,,2014-02-20
WBD,2014-12-31,1139000000.0,5602000000.0,2015-02-19,16014000000.0,,2015-02-19,,2015-02-19
WBD,2015-12-31,1034000000.0,5451000000.0,2016-02-18,15864000000.0,,2016-02-18,,2016-02-18
WBD,2016-12-31,1194000000.0,,,15758000000.0,6497000000.0,2017-02-14,2019-03-01,2017-02-14
WBD,2017-12-31,-337000000.0,4610000000.0,2019-03-01,22555000000.0,6873000000.0,2018-02-28,2019-03-01,2018-02-28
WBD,2018-12-31,594000000.0,8386000000.0,2019-03-01,32550000000.0,10553000000.0,2019-03-01,2019-03-01,2019-03-01
WBD,2019-12-31,2069000000.0,9891000000.0,2020-02-27,33735000000.0,,2020-02-27,,2020-02-27
WBD,2020-12-31,1219000000.0,10464000000.0,2021-02-22,34087000000.0,,2021-02-22,,2021-02-22
WBD,2021-12-31,1006000000.0,11599000000.0,2022-02-24,34427000000.0,,2022-02-24,,2022-02-24
WBD,2022-12-31,-7371000000.0,47095000000.0,2023-02-24,134001000000.0,,2023-02-24,,2023-02-24
WBD,2023-12-31,-3126000000.0,45226000000.0,2024-02-23,122757000000.0,,2024-02-23,,2024-02-23
WBD,2024-12-31,-11311000000.0,34037000000.0,2025-02-27,104560000000.0,,2025-02-27,,2025-02-27
WBD,2025-12-31,727000000.0,35919000000.0,2026-02-27,100085000000.0,,2026-02-27,,2026-02-27
WDC,2007-06-29,,1716000000.0,2010-08-13,,,,,
WDC,2008-06-27,867000000.0,2696000000.0,2010-08-13,,,,,2010-08-13
WDC,2009-07-03,470000000.0,3192000000.0,2010-08-13,5291000000.0,,2010-08-13,,2010-08-13
WDC,2010-07-02,1382000000.0,4709000000.0,2010-08-13,7328000000.0,,2010-08-13,,2010-08-13
WDC,2011-07-01,726000000.0,5488000000.0,2011-08-12,8118000000.0,,2011-08-12,,2011-08-12
WDC,2012-06-29,1612000000.0,7669000000.0,2012-08-20,14206000000.0,,2012-08-20,,2012-08-20
WDC,2013-06-28,980000000.0,7893000000.0,2013-08-19,14036000000.0,,2013-08-19,,2013-08-19
WDC,2014-06-27,1617000000.0,8842000000.0,2014-08-15,15499000000.0,,2014-08-15,,2014-08-15
WDC,2015-07-03,1465000000.0,9219000000.0,2015-08-21,15181000000.0,,2015-08-21,,2015-08-21
WDC,2016-07-01,242000000.0,11145000000.0,2016-08-29,32862000000.0,,2016-08-29,,2016-08-29
WDC,2017-06-30,397000000.0,11418000000.0,2017-08-29,29860000000.0,19093000000.0,2017-08-29,2019-08-27,2017-08-29
WDC,2018-06-29,675000000.0,11531000000.0,2018-08-24,29235000000.0,20647000000.0,2018-08-24,2019-08-27,2018-08-24
WDC,2019-06-28,-754000000.0,9967000000.0,2019-08-27,26370000000.0,16569000000.0,2019-08-27,2019-08-27,2019-08-27
WDC,2020-07-03,-250000000.0,9551000000.0,2020-08-28,25662000000.0,16736000000.0,2020-08-28,2020-08-28,2020-08-28
WDC,2021-07-02,821000000.0,10721000000.0,2021-08-27,26132000000.0,16922000000.0,2021-08-27,2021-08-27,2021-08-27
WDC,2022-07-01,1500000000.0,12221000000.0,2022-08-25,26259000000.0,18793000000.0,2022-08-25,2022-08-25,2022-08-25
WDC,2023-06-30,-1706000000.0,10847000000.0,2023-08-22,24429000000.0,12318000000.0,2023-08-22,2023-08-22,2023-08-22
WDC,2024-06-28,-798000000.0,10818000000.0,2024-08-20,24188000000.0,13003000000.0,2024-08-20,2024-08-20,2024-08-20
WDC,2025-06-27,1889000000.0,5311000000.0,2025-08-14,14002000000.0,9520000000.0,2025-08-14,2025-08-14,2025-08-14
WDC,2026-07-03,9424000000.0,8864000000.0,2026-08-14,13861000000.0,12919000000.0,2026-08-14,2026-08-14,2026-08-14
WEC,2007-12-31,335600000.0,3099200000.0,2011-02-25,,,,,2010-02-26
WEC,2008-12-31,359100000.0,3336900000.0,2011-02-25,12617800000.0,,2010-02-26,,2010-02-26
WEC,2009-12-31,382400000.0,3566900000.0,2011-02-25,12697900000.0,,2010-02-26,,2010-02-26
WEC,2010-12-31,456500000.0,3802100000.0,2011-02-25,13059800000.0,,2011-02-25,,2011-02-25
WEC,2011-12-31,526200000.0,3963300000.0,2012-02-28,13862100000.0,4486400000.0,2012-02-28,2014-02-27,2012-02-28
WEC,2012-12-31,546300000.0,4135100000.0,2013-02-27,14285000000.0,4246400000.0,2013-02-27,2014-02-27,2013-02-27
WEC,2013-12-31,577400000.0,4233000000.0,2014-02-27,14769400000.0,4519000000.0,2014-02-27,2014-02-27,2014-02-27
WEC,2014-12-31,588300000.0,4419700000.0,2015-02-27,15163400000.0,4997100000.0,2015-02-27,2015-02-27,2015-02-27
WEC,2015-12-31,640300000.0,8685200000.0,2016-02-26,29355200000.0,5926100000.0,2016-02-26,2016-02-26,2016-02-26
WEC,2016-12-31,,8960200000.0,2017-02-28,30123200000.0,7472300000.0,2017-02-28,2017-02-28,
WEC,2017-12-31,,9491800000.0,2018-02-28,31590500000.0,7648500000.0,2018-02-28,2018-02-28,
WEC,2018-12-31,,,,33475800000.0,7679500000.0,2019-02-26,2019-02-26,
WEC,2019-12-31,,,,34951800000.0,7523100000.0,2020-02-27,2020-02-27,
WEC,2020-12-31,,,,37028100000.0,7241700000.0,2021-02-25,2021-02-25,
WEC,2021-12-31,,,,38988500000.0,8316000000.0,2022-02-24,2022-02-24,
WEC,2022-12-31,,,,41872100000.0,9597400000.0,2023-02-23,2023-02-23,
WEC,2023-12-31,,,,43939700000.0,8893000000.0,2024-02-22,2024-02-22,
WEC,2024-12-31,,,,47363200000.0,8599900000.0,2025-02-21,2025-02-21,
WEC,2025-12-31,,,,51518300000.0,9800100000.0,2026-02-20,2026-02-20,
WELL,2009-12-31,193269000.0,,,,523288000.0,,2012-02-17,2012-02-17
WELL,2010-12-31,128527000.0,4602851000.0,2012-02-17,9451734000.0,657297000.0,2012-02-17,2012-02-17,2012-02-17
WELL,2011-12-31,217610000.0,7124764000.0,2012-02-17,14924606000.0,1421162000.0,2012-02-17,2012-02-17,2012-02-17
WELL,2012-12-31,,10294801000.0,2013-02-26,19549109000.0,1822099000.0,2013-02-26,2013-02-26,
WELL,2013-12-31,,11414583000.0,2014-02-21,23083957000.0,2880608000.0,2014-02-21,2014-02-21,
WELL,2014-12-31,,13175153000.0,2015-02-20,25014296000.0,3343546000.0,2015-02-20,2015-02-20,
WELL,2015-12-31,,14590560000.0,2016-02-18,29023845000.0,3859826000.0,2016-02-18,2016-02-18,
WELL,2016-12-31,,14806393000.0,2017-02-22,28865184000.0,4281160000.0,2017-02-22,2017-02-22,
WELL,2017-12-31,,14423147000.0,2018-02-28,27944445000.0,4316641000.0,2018-02-28,2018-02-28,
WELL,2018-12-31,,14632334000.0,2019-02-25,30342072000.0,4700499000.0,2019-02-25,2019-02-25,
WELL,2019-12-31,,15540444000.0,2020-02-14,33380751000.0,5121306000.0,2020-02-14,2020-02-14,
WELL,2020-12-31,,15972719000.0,2021-02-10,32483642000.0,4605967000.0,2021-02-10,2021-02-10,
WELL,2021-12-31,,17636001000.0,2022-02-16,34910325000.0,4742115000.0,2022-02-16,2022-02-16,
WELL,2022-12-31,,20294814000.0,2023-02-21,37893233000.0,5860615000.0,2023-02-21,2023-02-21,
WELL,2023-12-31,,25404376000.0,2024-02-15,44012166000.0,6637995000.0,2024-02-15,2024-02-15,
WELL,2024-12-31,,31956208000.0,2025-02-12,51044308000.0,7991118000.0,2025-02-12,2025-02-12,
WELL,2025-12-31,,42129498000.0,2026-02-12,67303047000.0,10838034000.0,2026-02-12,2026-02-12,
WEN,2008-12-28,,,,,1822761000.0,,2011-03-03,
WEN,2010-01-03,,,,4975416000.0,3580835000.0,2011-03-03,2011-03-03,
WEN,2011-01-02,-4325000.0,,,4732654000.0,3416414000.0,2011-03-03,2011-03-03,2013-02-28
WEN,2012-01-01,9875000.0,,,4300668000.0,2431358000.0,2012-03-01,2012-03-01,2013-02-28
WEN,2012-12-30,7083000.0,,,4303199000.0,2505242000.0,2013-02-28,2013-02-28,2013-02-28
WEN,2013-12-29,45487000.0,1929486000.0,2017-03-02,4363040000.0,2487410000.0,2014-02-27,2014-02-27,2014-02-27
WEN,2014-12-28,121434000.0,1717576000.0,2016-03-03,4145842000.0,2061063000.0,2015-02-26,2015-02-26,2015-02-26
WEN,2016-01-03,161142000.0,752914000.0,2016-03-03,4108720000.0,1870297000.0,2016-03-03,2016-03-03,2016-03-03
WEN,2017-01-01,129624000.0,527736000.0,2017-03-02,3939314000.0,1435418000.0,2017-03-02,2017-03-02,2017-03-02
WEN,2017-12-31,194029000.0,573203000.0,2018-02-28,4096938000.0,1223408000.0,2018-02-28,2018-02-28,2018-02-28
WEN,2018-12-30,460115000.0,648449000.0,2019-02-27,4292035000.0,1589936000.0,2019-02-27,2019-02-27,2019-02-27
WEN,2019-12-29,136940000.0,516359000.0,2020-02-26,4994529000.0,1709002000.0,2020-02-26,2020-02-26,2020-02-26
WEN,2021-01-03,117832000.0,549596000.0,2021-03-03,5040006000.0,1733825000.0,2021-03-03,2021-03-03,2021-03-03
WEN,2022-01-02,200392000.0,436405000.0,2022-03-01,5101391000.0,1896998000.0,2022-03-01,2022-03-01,2022-03-01
WEN,2023-01-01,177370000.0,465720000.0,2023-03-01,5499344000.0,2095505000.0,2023-03-01,2023-03-01,2023-03-01
WEN,2023-12-31,204440000.0,309779000.0,2024-02-26,5182826000.0,2181578000.0,2024-02-26,2024-02-26,2024-02-26
WEN,2024-12-29,194357000.0,259352000.0,2025-02-21,5034843000.0,2246492000.0,2025-02-21,2025-02-21,2025-02-21
WEN,2025-12-28,165075000.0,117383000.0,2026-02-23,4956561000.0,2176891000.0,2026-02-23,2026-02-23,2026-02-23
WFC,2007-12-31,8057000000.0,,,,,,,2010-02-26
WFC,2008-12-31,2655000000.0,99084000000.0,2010-02-26,1309639000000.0,,2010-02-26,,2010-02-26
WFC,2009-12-31,12275000000.0,111786000000.0,2010-02-26,1243646000000.0,,2010-02-26,,2010-02-26
WFC,2010-12-31,12362000000.0,126408000000.0,2011-02-25,1258128000000.0,,2011-02-25,,2011-02-25
WFC,2011-12-31,15869000000.0,140241000000.0,2012-02-28,1313867000000.0,,2012-02-28,,2012-02-28
WFC,2012-12-31,18897000000.0,157554000000.0,2013-02-27,1422968000000.0,,2013-02-27,,2013-02-27
WFC,2013-12-31,21878000000.0,170142000000.0,2014-02-26,1527015000000.0,,2014-02-26,,2014-02-26
WFC,2014-12-31,23057000000.0,184394000000.0,2015-02-25,1687155000000.0,,2015-02-25,,2015-02-25
WFC,2015-12-31,22894000000.0,192998000000.0,2016-02-24,1787632000000.0,,2016-02-24,,2016-02-24
WFC,2016-12-31,21938000000.0,199581000000.0,2017-03-01,1930115000000.0,88267000000.0,2017-03-01,2019-02-27,2017-03-01
WFC,2017-12-31,22183000000.0,206936000000.0,2018-03-01,1951757000000.0,88389000000.0,2018-03-01,2018-03-01,2018-03-01
WFC,2018-12-31,22393000000.0,196166000000.0,2019-02-27,1895883000000.0,86408000000.0,2019-02-27,2019-02-27,2019-02-27
WFC,2019-12-31,19549000000.0,187146000000.0,2020-02-27,1927555000000.0,85063000000.0,2020-02-27,2020-02-27,2020-02-27
WFC,2020-12-31,3301000000.0,184887000000.0,2021-02-23,1955163000000.0,,2021-02-23,,2021-02-23
WFC,2021-12-31,21548000000.0,187606000000.0,2022-02-22,1948068000000.0,,2022-02-22,,2022-02-22
WFC,2022-12-31,13182000000.0,179889000000.0,2023-02-21,1881016000000.0,,2023-02-21,,2023-02-21
WFC,2023-12-31,19142000000.0,185735000000.0,2024-02-20,1932468000000.0,,2024-02-20,,2024-02-20
WFC,2024-12-31,19722000000.0,179120000000.0,2025-02-25,1929845000000.0,,2025-02-25,,2025-02-25
WFC,2025-12-31,21338000000.0,181117000000.0,2026-02-24,2148631000000.0,,2026-02-24,,2026-02-24
WHR,2008-12-31,418000000.0,,,,,,,2011-02-14
WHR,2009-12-31,328000000.0,3664000000.0,2011-02-14,15094000000.0,,2011-02-14,,2011-02-14
WHR,2010-12-31,619000000.0,4226000000.0,2011-02-14,15584000000.0,,2011-02-14,,2011-02-14
WHR,2011-12-31,390000000.0,4181000000.0,2012-02-22,15181000000.0,18666000000.0,2012-02-22,2014-02-18,2012-02-22
WHR,2012-12-31,401000000.0,4260000000.0,2013-02-19,15396000000.0,18143000000.0,2013-02-19,2014-02-18,2013-02-19
WHR,2013-12-31,827000000.0,4924000000.0,2014-02-18,15544000000.0,18769000000.0,2014-02-18,2014-02-18,2014-02-18
WHR,2014-12-31,650000000.0,4885000000.0,2015-02-26,20002000000.0,19872000000.0,2015-02-26,2015-02-26,2015-02-26
WHR,2015-12-31,783000000.0,4743000000.0,2016-02-16,19010000000.0,20891000000.0,2016-02-16,2016-02-16,2016-02-16
WHR,2016-12-31,888000000.0,4773000000.0,2017-02-13,19153000000.0,20718000000.0,2017-02-13,2017-02-13,2017-02-13
WHR,2017-12-31,350000000.0,4198000000.0,2018-02-13,20038000000.0,21253000000.0,2018-02-13,2018-02-13,2018-02-13
WHR,2018-12-31,-183000000.0,2291000000.0,2019-02-12,18347000000.0,,2019-02-12,,2019-02-12
WHR,2019-12-31,1184000000.0,3195000000.0,2020-02-11,18881000000.0,,2020-02-11,,2020-02-11
WHR,2020-12-31,1081000000.0,3799000000.0,2021-02-11,20350000000.0,,2021-02-11,,2021-02-11
WHR,2021-12-31,1783000000.0,4846000000.0,2022-02-10,20285000000.0,,2022-02-10,,2022-02-10
WHR,2022-12-31,-1519000000.0,2336000000.0,2023-02-10,17124000000.0,,2023-02-10,,2023-02-10
WHR,2023-12-31,481000000.0,2362000000.0,2024-02-14,17312000000.0,,2024-02-14,,2024-02-14
WHR,2024-12-31,-323000000.0,2683000000.0,2025-02-13,16301000000.0,,2025-02-13,,2025-02-13
WHR,2025-12-31,318000000.0,2726000000.0,2026-02-11,16001000000.0,,2026-02-11,,2026-02-11
WM,2007-12-31,1163000000.0,,,,13310000000.0,,2010-02-16,2010-02-16
WM,2008-12-31,1087000000.0,5902000000.0,2010-02-16,20227000000.0,13388000000.0,2010-02-16,2010-02-16,2010-02-16
WM,2009-12-31,994000000.0,6285000000.0,2010-02-16,21154000000.0,11791000000.0,2010-02-16,2010-02-16,2010-02-16
WM,2010-12-31,953000000.0,6260000000.0,2011-02-17,21476000000.0,12515000000.0,2011-02-17,2011-02-17,2011-02-17
WM,2011-12-31,961000000.0,6070000000.0,2012-02-16,22569000000.0,13378000000.0,2012-02-16,2012-02-16,2012-02-16
WM,2012-12-31,817000000.0,6354000000.0,2013-02-14,23097000000.0,13649000000.0,2013-02-14,2013-02-14,2013-02-14
WM,2013-12-31,98000000.0,5707000000.0,2014-02-18,22603000000.0,13983000000.0,2014-02-18,2014-02-18,2014-02-18
WM,2014-12-31,1298000000.0,5866000000.0,2015-02-17,21412000000.0,13996000000.0,2015-02-17,2015-02-17,2017-02-16
WM,2015-12-31,753000000.0,5345000000.0,2016-02-18,20419000000.0,12961000000.0,2016-02-18,2016-02-18,2017-02-16
WM,2016-12-31,1182000000.0,5297000000.0,2017-02-16,20859000000.0,13609000000.0,2017-02-16,2017-02-16,2017-02-16
WM,2017-12-31,1949000000.0,6019000000.0,2018-02-15,21829000000.0,14485000000.0,2018-02-15,2018-02-15,2018-02-15
WM,2018-12-31,1925000000.0,6275000000.0,2019-02-14,22650000000.0,,2019-02-14,,2019-02-14
WM,2019-12-31,1670000000.0,7068000000.0,2020-02-13,27743000000.0,,2020-02-13,,2020-02-13
WM,2020-12-31,1496000000.0,7452000000.0,2021-02-22,29345000000.0,,2021-02-22,,2021-02-22
WM,2021-12-31,1816000000.0,7124000000.0,2022-02-15,29097000000.0,,2022-02-15,,2022-02-15
WM,2022-12-31,2238000000.0,6849000000.0,2023-02-07,31367000000.0,,2023-02-07,,2023-02-07
WM,2023-12-31,2304000000.0,6903000000.0,2024-02-13,32823000000.0,,2024-02-13,,2024-02-13
WM,2024-12-31,2746000000.0,8252000000.0,2025-02-19,44567000000.0,,2025-02-19,,2025-02-19
WM,2025-12-31,2708000000.0,9990000000.0,2026-02-09,45835000000.0,,2026-02-09,,2026-02-09
WMB,2007-12-31,990000000.0,,,,10239000000.0,,2010-02-26,2010-02-26
WMB,2008-12-31,1418000000.0,8440000000.0,2010-02-26,26006000000.0,11890000000.0,2010-02-26,2010-02-26,2010-02-26
WMB,2009-12-31,285000000.0,8447000000.0,2010-02-26,25280000000.0,8255000000.0,2010-02-26,2010-02-26,2010-02-26
WMB,2010-12-31,-1097000000.0,7288000000.0,2011-02-25,24972000000.0,9616000000.0,2011-02-25,2011-02-25,2011-02-25
WMB,2011-12-31,376000000.0,1793000000.0,2012-02-28,16502000000.0,7930000000.0,2012-02-28,2012-02-28,2012-02-28
WMB,2012-12-31,859000000.0,4752000000.0,2013-02-27,24327000000.0,7486000000.0,2013-02-27,2013-02-27,2013-02-27
WMB,2013-12-31,430000000.0,4864000000.0,2014-02-26,27142000000.0,6860000000.0,2014-02-26,2014-02-26,2014-02-26
WMB,2014-12-31,2114000000.0,8777000000.0,2015-02-25,50563000000.0,7637000000.0,2015-02-25,2015-02-25,2015-02-25
WMB,2015-12-31,-571000000.0,6148000000.0,2016-02-26,49020000000.0,7360000000.0,2016-02-26,2016-02-26,2016-02-26
WMB,2016-12-31,-424000000.0,4643000000.0,2017-02-22,46835000000.0,7499000000.0,2017-02-22,2017-02-22,2017-02-22
WMB,2017-12-31,2174000000.0,9656000000.0,2018-02-22,46352000000.0,8031000000.0,2018-02-22,2018-02-22,2018-02-22
WMB,2018-12-31,-155000000.0,14660000000.0,2019-02-21,45302000000.0,8686000000.0,2019-02-21,2019-02-21,2019-02-21
WMB,2019-12-31,850000000.0,13363000000.0,2020-02-24,46040000000.0,8201000000.0,2020-02-24,2020-02-24,2020-02-24
WMB,2020-12-31,211000000.0,11769000000.0,2021-02-24,44165000000.0,7719000000.0,2021-02-24,2021-02-24,2021-02-24
WMB,2021-12-31,1517000000.0,11423000000.0,2022-02-28,47612000000.0,10627000000.0,2022-02-28,2022-02-28,2022-02-28
WMB,2022-12-31,2049000000.0,11485000000.0,2023-02-27,48433000000.0,10965000000.0,2023-02-27,2023-02-27,2023-02-27
WMB,2023-12-31,3179000000.0,12402000000.0,2024-02-21,52627000000.0,10907000000.0,2024-02-21,2024-02-21,2024-02-21
WMB,2024-12-31,2225000000.0,12436000000.0,2025-02-25,54532000000.0,10503000000.0,2025-02-25,2025-02-25,2025-02-25
WMB,2025-12-31,2618000000.0,12807000000.0,2026-02-24,58573000000.0,11950000000.0,2026-02-24,2026-02-24,2026-02-24
WMT,2008-01-31,12731000000.0,,,,377023000000.0,,2010-03-30,2010-03-30
WMT,2009-01-31,13400000000.0,65285000000.0,2010-03-30,163429000000.0,404374000000.0,2010-03-30,2010-03-30,2010-03-30
WMT,2010-01-31,14335000000.0,70749000000.0,2010-03-30,170706000000.0,408214000000.0,2010-03-30,2010-03-30,2010-03-30
WMT,2011-01-31,16389000000.0,68542000000.0,2011-03-30,180663000000.0,421849000000.0,2011-03-30,2011-03-30,2011-03-30
WMT,2012-01-31,15699000000.0,71315000000.0,2012-03-27,193406000000.0,446950000000.0,2012-03-27,2012-03-27,2012-03-27
WMT,2013-01-31,16999000000.0,76343000000.0,2013-03-26,203105000000.0,469162000000.0,2013-03-26,2013-03-26,2013-03-26
WMT,2014-01-31,16022000000.0,76255000000.0,2014-03-21,204751000000.0,476294000000.0,2014-03-21,2014-03-21,2014-03-21
WMT,2015-01-31,16363000000.0,81394000000.0,2015-04-01,203706000000.0,485651000000.0,2015-04-01,2015-04-01,2015-04-01
WMT,2016-01-31,14694000000.0,80546000000.0,2016-03-30,199581000000.0,482130000000.0,2016-03-30,2016-03-30,2016-03-30
WMT,2017-01-31,13643000000.0,77798000000.0,2017-03-31,198825000000.0,485873000000.0,2017-03-31,2017-03-31,2017-03-31
WMT,2018-01-31,9862000000.0,77869000000.0,2018-03-30,204522000000.0,500343000000.0,2018-03-30,2018-03-30,2018-03-30
WMT,2019-01-31,6670000000.0,72496000000.0,2019-03-28,219295000000.0,514405000000.0,2019-03-28,2019-03-28,2019-03-28
WMT,2020-01-31,14881000000.0,74669000000.0,2020-03-20,236495000000.0,523964000000.0,2020-03-20,2020-03-20,2020-03-20
WMT,2021-01-31,13510000000.0,80925000000.0,2021-03-19,252496000000.0,559151000000.0,2021-03-19,2021-03-19,2021-03-19
WMT,2022-01-31,13673000000.0,83253000000.0,2022-03-18,244860000000.0,572754000000.0,2022-03-18,2022-03-18,2022-03-18
WMT,2023-01-31,11680000000.0,76693000000.0,2023-03-17,243197000000.0,611289000000.0,2023-03-17,2023-03-17,2023-03-17
WMT,2024-01-31,15511000000.0,83861000000.0,2024-03-15,252399000000.0,648125000000.0,2024-03-15,2024-03-15,2024-03-15
WMT,2025-01-31,19436000000.0,91013000000.0,2025-03-14,260823000000.0,680985000000.0,2025-03-14,2025-03-14,2025-03-14
WMT,2026-01-31,21893000000.0,99617000000.0,2026-03-13,284668000000.0,713163000000.0,2026-03-13,2026-03-13,2026-03-13
WOR,2009-05-31,-108214000.0,,,,,,,2011-08-01
WOR,2010-05-31,45241000.0,711413000.0,2011-08-01,1520347000.0,,2011-08-01,,2011-08-01
WOR,2011-05-31,115066000.0,689910000.0,2011-08-01,1667249000.0,,2011-08-01,,2011-08-01
WOR,2012-05-31,115595000.0,697174000.0,2012-07-30,1877797000.0,,2012-07-30,,2012-07-30
WOR,2013-05-31,136442000.0,830822000.0,2013-07-30,1950857000.0,,2013-07-30,,2013-07-30
WOR,2014-05-31,151300000.0,850812000.0,2014-07-30,2296381000.0,,2014-07-30,,2014-07-30
WOR,2015-05-31,76785000.0,749112000.0,2015-07-30,2085142000.0,,2015-07-30,,2015-07-30
WOR,2016-05-31,143715000.0,793371000.0,2016-08-01,2063755000.0,2819714000.0,2016-08-01,2018-07-30,2016-08-01
WOR,2017-05-31,204515000.0,951635000.0,2017-07-24,2325344000.0,3014108000.0,2017-07-24,2018-07-30,2017-07-24
WOR,2018-05-31,194794000.0,918769000.0,2018-07-30,2621787000.0,3581620000.0,2018-07-30,2018-07-30,2018-07-30
WOR,2019-05-31,153455000.0,831246000.0,2019-07-30,2510796000.0,3759556000.0,2019-07-30,2019-07-30,2019-07-30
WOR,2020-05-31,78796000.0,820821000.0,2020-07-30,2331515000.0,3059119000.0,2020-07-30,2020-07-30,2020-07-30
WOR,2021-05-31,723795000.0,1398193000.0,2021-07-30,3373245000.0,3171429000.0,2021-07-30,2021-07-30,2021-07-30
WOR,2022-05-31,379386000.0,1480752000.0,2022-08-01,3643023000.0,5242219000.0,2022-08-01,2022-08-01,2022-08-01
WOR,2023-05-31,256528000.0,1696011000.0,2023-07-31,3650918000.0,4916392000.0,2023-07-31,2023-07-31,2023-07-31
WOR,2024-05-31,110624000.0,888879000.0,2024-07-30,1638637000.0,1245703000.0,2024-07-30,2024-07-30,2024-07-30
WOR,2025-05-31,96053000.0,937187000.0,2025-07-30,1695152000.0,1153762000.0,2025-07-30,2025-07-30,2025-07-30
WOR,2026-05-31,156085000.0,1027040000.0,2026-07-30,1848064000.0,1381292000.0,2026-07-30,2026-07-30,2026-07-30
WRB,2008-12-31,281141000.0,,,,4708808000.0,,2011-02-28,2011-02-28
WRB,2009-12-31,309057000.0,3596067000.0,2011-02-28,17328596000.0,4431178000.0,2011-02-28,2011-02-28,2011-02-28
WRB,2010-12-31,449287000.0,3702876000.0,2011-02-28,17528547000.0,4724069000.0,2011-02-28,2011-02-28,2011-02-28
WRB,2011-12-31,394803000.0,4008426000.0,2012-02-28,18487731000.0,5155984000.0,2012-02-28,2012-02-28,2012-02-28
WRB,2012-12-31,510592000.0,4306217000.0,2013-02-28,20155896000.0,5823554000.0,2013-02-28,2013-02-28,2013-02-28
WRB,2013-12-31,499925000.0,4336035000.0,2014-02-28,20551796000.0,6408534000.0,2014-02-28,2014-02-28,2014-02-28
WRB,2014-12-31,648884000.0,4589945000.0,2015-02-27,21716691000.0,7128928000.0,2015-02-27,2015-02-27,2015-02-27
WRB,2015-12-31,503694000.0,4600246000.0,2016-02-22,21730967000.0,7206457000.0,2016-02-22,2016-02-22,2016-02-22
WRB,2016-12-31,601916000.0,5047208000.0,2017-02-28,23364844000.0,7654184000.0,2017-02-28,2017-02-28,2017-02-28
WRB,2017-12-31,549094000.0,5411344000.0,2018-02-23,24299917000.0,7684764000.0,2018-02-23,2018-02-23,2018-02-23
WRB,2018-12-31,640749000.0,5437851000.0,2019-02-22,24895977000.0,7691651000.0,2019-02-22,2019-02-22,2019-02-22
WRB,2019-12-31,681944000.0,6074939000.0,2020-02-20,26643428000.0,7902196000.0,2020-02-20,2020-02-20,2020-02-20
WRB,2020-12-31,530670000.0,6310802000.0,2021-02-18,28606913000.0,8098925000.0,2021-02-18,2021-02-18,2021-02-18
WRB,2021-12-31,1022490000.0,6653011000.0,2022-02-24,32086414000.0,9455466000.0,2022-02-24,2022-02-24,2022-02-24
WRB,2022-12-31,1381062000.0,6748332000.0,2023-02-24,33861099000.0,11166499000.0,2023-02-24,2023-02-24,2023-02-24
WRB,2023-12-31,1381359000.0,7455431000.0,2024-02-23,37202015000.0,12142938000.0,2024-02-23,2024-02-23,2024-02-23
WRB,2024-12-31,1756115000.0,8395111000.0,2025-02-24,40567268000.0,13638752000.0,2025-02-24,2025-02-24,2025-02-24
WRB,2025-12-31,1779403000.0,9700818000.0,2026-02-27,44071071000.0,14707856000.0,2026-02-27,2026-02-27,2026-02-27
WST,2008-12-31,86000000.0,,,,,,,2011-02-28
WST,2009-12-31,72600000.0,,,1271000000.0,,2011-02-28,,2011-02-28
WST,2010-12-31,65300000.0,,,1294300000.0,,2011-02-28,,2011-02-28
WST,2011-12-31,,,,1399100000.0,,2013-02-27,,
WST,2012-12-31,,,,1564000000.0,,2013-02-27,,
WST,2013-12-31,,,,1671600000.0,,2014-02-27,,
WST,2014-12-31,,,,1670900000.0,,2015-02-25,,
WST,2015-12-31,,,,1695100000.0,,2016-02-26,,
WST,2016-12-31,,,,1716700000.0,1509100000.0,2017-02-28,2019-02-28,
WST,2017-12-31,,1279900000.0,2021-02-23,1862800000.0,1599100000.0,2018-02-26,2019-02-28,
WST,2018-12-31,206900000.0,1396300000.0,2021-02-23,1978900000.0,1717400000.0,2019-02-28,2019-02-28,2021-02-23
WST,2019-12-31,241700000.0,1573200000.0,2021-02-23,2341400000.0,1839900000.0,2020-02-24,2020-02-24,2021-02-23
WST,2020-12-31,346200000.0,1854500000.0,2021-02-23,2793800000.0,2146900000.0,2021-02-23,2021-02-23,2021-02-23
WST,2021-12-31,661800000.0,2335400000.0,2022-02-22,3313800000.0,2831600000.0,2022-02-22,2022-02-22,2022-02-22
WST,2022-12-31,585900000.0,2684900000.0,2023-02-21,3616800000.0,2886900000.0,2023-02-21,2023-02-21,2023-02-21
WST,2023-12-31,593400000.0,2881000000.0,2024-02-20,3829500000.0,,2024-02-20,,2024-02-20
WST,2024-12-31,492700000.0,2682300000.0,2025-02-18,3643400000.0,,2025-02-18,,2025-02-18
WST,2025-12-31,493700000.0,3176000000.0,2026-02-17,4270000000.0,,2026-02-17,,2026-02-17
WTW,2008-12-31,303000000.0,1845000000.0,2011-02-28,,2827000000.0,,2011-02-28,2011-02-28
WTW,2009-12-31,438000000.0,2180000000.0,2011-02-28,15625000000.0,3263000000.0,2011-02-28,2011-02-28,2011-02-28
WTW,2010-12-31,455000000.0,2577000000.0,2011-02-28,15847000000.0,3339000000.0,2011-02-28,2011-02-28,2011-02-28
WTW,2011-12-31,204000000.0,2486000000.0,2012-02-29,15728000000.0,3447000000.0,2012-02-29,2012-02-29,2012-02-29
WTW,2012-12-31,-446000000.0,1699000000.0,2013-02-28,15112000000.0,3480000000.0,2013-02-28,2013-02-28,2013-02-28
WTW,2013-12-31,365000000.0,2215000000.0,2014-02-27,14800000000.0,3655000000.0,2014-02-27,2014-02-27,2014-02-27
WTW,2014-12-31,362000000.0,1985000000.0,2015-02-24,15435000000.0,3802000000.0,2015-02-24,2015-02-24,2015-02-24
WTW,2015-12-31,373000000.0,2229000000.0,2016-02-29,18839000000.0,3829000000.0,2016-02-29,2016-02-29,2016-02-29
WTW,2016-12-31,420000000.0,10065000000.0,2017-03-01,30253000000.0,7887000000.0,2017-03-01,2019-02-27,2017-03-01
WTW,2017-12-31,568000000.0,10126000000.0,2018-02-28,32458000000.0,8202000000.0,2018-02-28,2019-02-27,2018-02-28
WTW,2018-12-31,695000000.0,9852000000.0,2019-02-27,32385000000.0,8513000000.0,2019-02-27,2019-02-27,2019-02-27
WTW,2019-12-31,1044000000.0,10249000000.0,2020-02-26,35426000000.0,9039000000.0,2020-02-26,2020-02-26,2020-02-26
WTW,2020-12-31,996000000.0,10820000000.0,2021-02-23,38531000000.0,9352000000.0,2021-02-23,2021-02-23,2021-02-23
WTW,2021-12-31,4222000000.0,13260000000.0,2022-02-24,34970000000.0,8998000000.0,2022-02-24,2022-02-24,2022-02-24
WTW,2022-12-31,1009000000.0,10016000000.0,2023-02-24,31769000000.0,8866000000.0,2023-02-24,2023-02-24,2023-02-24
WTW,2023-12-31,1055000000.0,9520000000.0,2024-02-22,29090000000.0,9483000000.0,2024-02-22,2024-02-22,2024-02-22
WTW,2024-12-31,-98000000.0,7940000000.0,2025-02-25,27681000000.0,9930000000.0,2025-02-25,2025-02-25,2025-02-25
WTW,2025-12-31,1605000000.0,7976000000.0,2026-02-25,29530000000.0,9708000000.0,2026-02-25,2026-02-25,2026-02-25
WU,2006-12-31,,-315400000.0,2010-02-26,,,,,
WU,2007-12-31,,50700000.0,2010-02-26,,4900200000.0,,2010-02-26,
WU,2008-12-31,,-8100000.0,2010-02-26,5578300000.0,5282000000.0,2010-02-26,2010-02-26,
WU,2009-12-31,,353500000.0,2010-02-26,7353400000.0,5083600000.0,2010-02-26,2010-02-26,
WU,2010-12-31,,582700000.0,2011-02-25,7929200000.0,5192700000.0,2011-02-25,2011-02-25,
WU,2011-12-31,,894800000.0,2012-02-24,9069900000.0,5491400000.0,2012-02-24,2012-02-24,
WU,2012-12-31,,940600000.0,2013-02-22,9465700000.0,5664800000.0,2013-02-22,2013-02-22,
WU,2013-12-31,,1104700000.0,2014-02-24,10121300000.0,5542000000.0,2014-02-24,2014-02-24,
WU,2014-12-31,,1300400000.0,2015-02-20,9890400000.0,5607200000.0,2015-02-20,2015-02-20,
WU,2015-12-31,,1404900000.0,2016-02-19,9458900000.0,5483700000.0,2016-02-19,2016-02-19,
WU,2016-12-31,253200000.0,902200000.0,2017-02-22,9419600000.0,5422900000.0,2017-02-22,2017-02-22,2019-02-21
WU,2017-12-31,-557100000.0,-491400000.0,2018-02-22,9231400000.0,5524300000.0,2018-02-22,2018-02-22,2019-02-21
WU,2018-12-31,851900000.0,-309800000.0,2019-02-21,8996800000.0,5589900000.0,2019-02-21,2019-02-21,2019-02-21
WU,2019-12-31,1058300000.0,-39500000.0,2020-02-20,8758500000.0,5292100000.0,2020-02-20,2020-02-20,2020-02-20
WU,2020-12-31,744300000.0,186600000.0,2021-02-19,9496300000.0,4835000000.0,2021-02-19,2021-02-19,2021-02-19
WU,2021-12-31,805800000.0,355600000.0,2022-02-24,8823500000.0,5070800000.0,2022-02-24,2022-02-24,2022-02-24
WU,2022-12-31,910600000.0,477800000.0,2023-02-23,8496300000.0,4475500000.0,2023-02-23,2023-02-23,2023-02-23
WU,2023-12-31,626000000.0,479000000.0,2024-02-22,8198800000.0,4357000000.0,2024-02-22,2024-02-22,2024-02-22
WU,2024-12-31,934200000.0,968900000.0,2025-02-20,8370500000.0,4209700000.0,2025-02-20,2025-02-20,2025-02-20
WU,2025-12-31,499600000.0,957800000.0,2026-02-20,8305900000.0,4050700000.0,2026-02-20,2026-02-20,2026-02-20
WY,2007-12-30,790000000.0,,,,,,,2010-02-26
WY,2008-12-31,-1176000000.0,4814000000.0,2010-02-26,16695000000.0,,2010-02-26,,2010-02-26
WY,2009-12-31,-545000000.0,4044000000.0,2010-02-26,15250000000.0,,2010-02-26,,2010-02-26
WY,2010-12-31,1281000000.0,4612000000.0,2011-02-25,13429000000.0,,2011-02-25,,2011-02-25
WY,2011-12-31,331000000.0,4263000000.0,2012-02-22,12598000000.0,6216000000.0,2012-02-22,2014-02-18,2012-02-22
WY,2012-12-31,385000000.0,4070000000.0,2013-02-19,12592000000.0,7059000000.0,2013-02-19,2014-02-18,2013-02-19
WY,2013-12-31,563000000.0,6795000000.0,2014-02-18,14498000000.0,8529000000.0,2014-02-18,2014-02-18,2014-02-18
WY,2014-12-31,1826000000.0,5304000000.0,2015-02-13,13457000000.0,7403000000.0,2015-02-13,2015-02-13,2015-02-13
WY,2015-12-31,506000000.0,4869000000.0,2016-02-17,12486000000.0,7082000000.0,2016-02-17,2016-02-17,2016-02-17
WY,2016-12-31,1027000000.0,,,19243000000.0,6365000000.0,2017-02-24,2019-02-15,2017-02-24
WY,2017-12-31,582000000.0,,,18059000000.0,7196000000.0,2018-02-16,2019-02-15,2018-02-16
WY,2018-12-31,748000000.0,9046000000.0,2021-02-19,17249000000.0,7476000000.0,2019-02-15,2019-02-15,2019-02-15
WY,2019-12-31,-76000000.0,8177000000.0,2021-02-19,16406000000.0,6554000000.0,2020-02-14,2020-02-14,2020-02-14
WY,2020-12-31,797000000.0,8731000000.0,2021-02-19,16311000000.0,7532000000.0,2021-02-19,2021-02-19,2021-02-19
WY,2021-12-31,2607000000.0,10767000000.0,2022-02-18,17652000000.0,10201000000.0,2022-02-18,2022-02-18,2022-02-18
WY,2022-12-31,1880000000.0,10749000000.0,2023-02-17,17340000000.0,10184000000.0,2023-02-17,2023-02-17,2023-02-17
WY,2023-12-31,839000000.0,10236000000.0,2024-02-16,16983000000.0,7674000000.0,2024-02-16,2024-02-16,2024-02-16
WY,2024-12-31,396000000.0,9721000000.0,2025-02-14,16536000000.0,7124000000.0,2025-02-14,2025-02-14,2025-02-14
WY,2025-12-31,324000000.0,9426000000.0,2026-02-13,16613000000.0,6905000000.0,2026-02-13,2026-02-13,2026-02-13
WYNN,2008-12-31,210479000.0,,,,2987324000.0,,2011-03-01,2011-03-01
WYNN,2009-12-31,20654000.0,3034338000.0,2011-03-01,7581769000.0,3045611000.0,2011-03-01,2011-03-01,2011-03-01
WYNN,2010-12-31,160127000.0,2237948000.0,2011-03-01,6674497000.0,4184698000.0,2011-03-01,2011-03-01,2011-03-01
WYNN,2011-12-31,613371000.0,2089022000.0,2012-02-29,6899496000.0,,2012-02-29,,2012-02-29
WYNN,2012-12-31,502036000.0,-259037000.0,2013-03-01,7276594000.0,,2013-03-01,,2013-03-01
WYNN,2013-12-31,728652000.0,-184507000.0,2014-02-28,8377030000.0,,2014-02-28,,2014-02-28
WYNN,2014-12-31,731554000.0,-28779000.0,2015-03-02,9062861000.0,,2015-03-02,,2015-03-02
WYNN,2015-12-31,195290000.0,-111979000.0,2016-02-29,10522259000.0,,2016-02-29,,2016-02-29
WYNN,2016-12-31,241975000.0,157949000.0,2017-02-24,11953557000.0,4345797000.0,2017-02-24,2019-02-28,2017-02-24
WYNN,2017-12-31,747181000.0,947846000.0,2018-02-28,12681739000.0,6070160000.0,2018-02-28,2019-02-28,2018-02-28
WYNN,2018-12-31,572430000.0,2034123000.0,2019-02-28,13216269000.0,6717660000.0,2019-02-28,2019-02-28,2019-02-28
WYNN,2019-12-31,122985000.0,1743045000.0,2020-02-28,13871281000.0,,2020-02-28,,2020-02-28
WYNN,2020-12-31,-2067245000.0,-351997000.0,2021-02-26,13869547000.0,,2021-02-26,,2021-02-26
WYNN,2021-12-31,-755786000.0,-214418000.0,2022-02-28,12530826000.0,,2022-02-28,,2022-02-28
WYNN,2022-12-31,-423856000.0,-750838000.0,2023-02-27,13415100000.0,,2023-02-27,,2023-02-27
WYNN,2023-12-31,729994000.0,-251382000.0,2024-02-23,13996223000.0,,2024-02-23,,2024-02-23
WYNN,2024-12-31,501078000.0,-224161000.0,2025-02-13,12977963000.0,,2025-02-13,,2025-02-13
WYNN,2025-12-31,327334000.0,-275492000.0,2026-03-02,13108117000.0,,2026-03-02,,2026-03-02
XEL,2007-12-31,,,,,10034170000.0,,2010-02-26,
XEL,2008-12-31,,,,24958495000.0,11203156000.0,2010-02-26,2010-02-26,
XEL,2009-12-31,680887000.0,,,25488428000.0,9644303000.0,2010-02-26,2010-02-26,2012-02-24
XEL,2010-12-31,755834000.0,,,27387690000.0,10310947000.0,2011-02-28,2011-02-28,2012-02-24
XEL,2011-12-31,841172000.0,,,29497267000.0,10654770000.0,2012-02-24,2012-02-24,2012-02-24
XEL,2012-12-31,905229000.0,8874077000.0,2014-02-21,31140686000.0,10128223000.0,2013-02-22,2013-02-22,2013-02-22
XEL,2013-12-31,948234000.0,9565950000.0,2014-02-21,33907490000.0,10914922000.0,2014-02-21,2014-02-21,2014-02-21
XEL,2014-12-31,1021306000.0,10214482000.0,2015-02-20,36957884000.0,11686135000.0,2015-02-20,2015-02-20,2015-02-20
XEL,2015-12-31,984485000.0,10600920000.0,2016-02-19,39053535000.0,11024486000.0,2016-02-19,2016-02-19,2016-02-19
XEL,2016-12-31,1123379000.0,11020849000.0,2017-02-24,41155277000.0,11106920000.0,2017-02-24,2017-02-24,2017-02-24
XEL,2017-12-31,1148000000.0,11455000000.0,2018-02-23,43030000000.0,11404000000.0,2018-02-23,2018-02-23,2018-02-23
XEL,2018-12-31,1261000000.0,12222000000.0,2019-02-22,45987000000.0,11537000000.0,2019-02-22,2019-02-22,2019-02-22
XEL,2019-12-31,1372000000.0,13239000000.0,2020-02-21,50448000000.0,,2020-02-21,,2020-02-21
XEL,2020-12-31,1473000000.0,14575000000.0,2021-02-17,53957000000.0,,2021-02-17,,2021-02-17
XEL,2021-12-31,1597000000.0,15612000000.0,2022-02-23,57851000000.0,,2022-02-23,,2022-02-23
XEL,2022-12-31,1736000000.0,16675000000.0,2023-02-23,61188000000.0,,2023-02-23,,2023-02-23
XEL,2023-12-31,1771000000.0,17616000000.0,2024-02-21,64079000000.0,,2024-02-21,,2024-02-21
XEL,2024-12-31,1936000000.0,19522000000.0,2025-02-27,70035000000.0,,2025-02-27,,2025-02-27
XEL,2025-12-31,2018000000.0,23609000000.0,2026-02-25,81371000000.0,,2026-02-25,,2026-02-25
XRAY,2007-12-31,259654000.0,,,,,,,2010-02-22
XRAY,2008-12-31,283869000.0,1587722000.0,2010-02-22,2830400000.0,,2010-02-22,,2010-02-22
XRAY,2009-12-31,274258000.0,1832105000.0,2010-02-22,3087932000.0,,2010-02-22,,2010-02-22
XRAY,2010-12-31,265708000.0,1839386000.0,2011-02-18,3257951000.0,,2011-02-18,,2011-02-18
XRAY,2011-12-31,244520000.0,1848077000.0,2012-02-24,4755398000.0,,2012-02-24,,2012-02-24
XRAY,2012-12-31,314213000.0,2208698000.0,2013-02-20,4972297000.0,,2013-02-20,,2013-02-20
XRAY,2013-12-31,313192000.0,2535053000.0,2014-02-20,5078047000.0,0.0,2014-02-20,2016-02-12,2014-02-20
XRAY,2014-12-31,322854000.0,2321279000.0,2015-02-20,4650265000.0,0.0,2015-02-20,2016-02-12,2015-02-20
XRAY,2015-12-31,251200000.0,2338000000.0,2016-02-12,4402900000.0,0.0,2016-02-12,2016-02-12,2016-02-12
XRAY,2016-12-31,429900000.0,8114300000.0,2017-03-01,11656100000.0,0.0,2017-03-01,2017-03-01,2017-03-01
XRAY,2017-12-31,-1550000000.0,6616300000.0,2018-03-15,10374500000.0,,2018-03-15,,2018-03-15
XRAY,2018-12-31,-1011000000.0,5121100000.0,2019-03-08,8687000000.0,,2019-03-08,,2019-03-08
XRAY,2019-12-31,262900000.0,5092500000.0,2020-03-02,8602900000.0,,2020-03-02,,2020-03-02
XRAY,2020-12-31,-83000000.0,4967000000.0,2021-03-01,9342000000.0,,2021-03-01,,2021-03-01
XRAY,2021-12-31,421000000.0,5042000000.0,2022-03-01,9220000000.0,,2022-03-01,,2022-03-01
XRAY,2022-12-31,-950000000.0,3811000000.0,2023-03-01,7643000000.0,,2023-03-01,,2023-03-01
XRAY,2023-12-31,-132000000.0,3293000000.0,2024-02-29,7370000000.0,,2024-02-29,,2024-02-29
XRAY,2024-12-31,-910000000.0,1942000000.0,2025-02-27,5753000000.0,,2025-02-27,,2025-02-27
XRAY,2025-12-31,-598000000.0,1339000000.0,2026-02-26,5429000000.0,,2026-02-26,,2026-02-26
XRX,2017-12-31,195000000.0,,,,,,,2020-02-28
XRX,2018-12-31,361000000.0,5005000000.0,2020-02-28,14874000000.0,117000000.0,2020-02-28,2021-02-25,2020-02-28
XRX,2019-12-31,1353000000.0,5587000000.0,2020-02-28,15047000000.0,,2020-02-28,,2020-02-28
XRX,2020-12-31,192000000.0,5592000000.0,2021-02-25,14741000000.0,,2021-02-25,,2021-02-25
XRX,2021-12-31,-455000000.0,4436000000.0,2022-02-23,13223000000.0,,2022-02-23,,2022-02-23
XRX,2022-12-31,-322000000.0,3343000000.0,2023-02-23,11543000000.0,,2023-02-23,,2023-02-23
XRX,2023-12-31,1000000.0,2538000000.0,2024-02-23,10008000000.0,,2024-02-23,,2024-02-23
XRX,2024-12-31,-1321000000.0,1076000000.0,2025-02-24,8365000000.0,,2025-02-24,,2025-02-24
XRX,2025-12-31,-1029000000.0,444000000.0,2026-03-17,9823000000.0,,2026-03-17,,2026-03-17
XYL,2008-12-31,,1636000000.0,2012-02-28,,,,,
XYL,2009-12-31,263000000.0,1687000000.0,2012-02-28,,,,,2012-02-28
XYL,2010-12-31,329000000.0,2719000000.0,2012-02-28,3735000000.0,,2012-02-28,,2012-02-28
XYL,2011-12-31,279000000.0,1827000000.0,2012-02-28,4393000000.0,,2012-02-28,,2012-02-28
XYL,2012-12-31,297000000.0,2074000000.0,2013-02-25,4679000000.0,,2013-02-25,,2013-02-25
XYL,2013-12-31,228000000.0,2241000000.0,2014-02-27,4896000000.0,,2014-02-27,,2014-02-27
XYL,2014-12-31,337000000.0,2127000000.0,2015-02-26,4864000000.0,,2015-02-26,,2015-02-26
XYL,2015-12-31,340000000.0,2084000000.0,2016-02-26,4657000000.0,,2016-02-26,,2016-02-26
XYL,2016-12-31,260000000.0,2190000000.0,2017-02-23,6474000000.0,3771000000.0,2017-02-23,2019-02-22,2017-02-23
XYL,2017-12-31,331000000.0,2503000000.0,2018-02-23,6860000000.0,4707000000.0,2018-02-23,2019-02-22,2018-02-23
XYL,2018-12-31,549000000.0,2768000000.0,2019-02-22,7222000000.0,5207000000.0,2019-02-22,2019-02-22,2019-02-22
XYL,2019-12-31,401000000.0,2957000000.0,2020-02-28,7710000000.0,5249000000.0,2020-02-28,2020-02-28,2020-02-28
XYL,2020-12-31,254000000.0,2968000000.0,2021-02-26,8750000000.0,4876000000.0,2021-02-26,2021-02-26,2021-02-26
XYL,2021-12-31,427000000.0,3218000000.0,2022-02-25,8276000000.0,5195000000.0,2022-02-25,2022-02-25,2022-02-25
XYL,2022-12-31,355000000.0,3494000000.0,2023-02-24,7952000000.0,5522000000.0,2023-02-24,2023-02-24,2023-02-24
XYL,2023-12-31,609000000.0,10166000000.0,2024-02-28,16112000000.0,7364000000.0,2024-02-28,2024-02-28,2024-02-28
XYL,2024-12-31,890000000.0,10642000000.0,2025-03-03,16493000000.0,8562000000.0,2025-03-03,2025-03-03,2025-03-03
XYL,2025-12-31,957000000.0,11480000000.0,2026-02-25,17634000000.0,9035000000.0,2026-02-25,2026-02-25,2026-02-25
YUM,2007-12-29,909000000.0,,,,10435000000.0,,2010-02-17,2010-02-17
YUM,2008-12-27,964000000.0,-108000000.0,2010-02-17,6527000000.0,11304000000.0,2010-02-17,2010-02-17,2010-02-17
YUM,2009-12-26,1071000000.0,1025000000.0,2010-02-17,7148000000.0,10836000000.0,2010-02-17,2010-02-17,2010-02-17
YUM,2010-12-25,1158000000.0,1576000000.0,2011-02-15,8316000000.0,11343000000.0,2011-02-15,2011-02-15,2011-02-15
YUM,2011-12-31,1319000000.0,1823000000.0,2012-02-21,8834000000.0,12626000000.0,2012-02-21,2012-02-21,2012-02-21
YUM,2012-12-29,1597000000.0,2154000000.0,2013-02-20,9011000000.0,13633000000.0,2013-02-20,2013-02-20,2013-02-20
YUM,2013-12-28,1091000000.0,2166000000.0,2014-02-18,8695000000.0,13084000000.0,2014-02-18,2014-02-18,2014-02-18
YUM,2014-12-27,1051000000.0,1547000000.0,2015-02-17,8345000000.0,13279000000.0,2015-02-17,2015-02-17,2015-02-17
YUM,2015-12-26,1293000000.0,911000000.0,2016-02-16,8075000000.0,13105000000.0,2016-02-16,2016-02-16,2016-02-16
YUM,2015-12-31,1283000000.0,,,,6418000000.0,,2018-02-22,2018-02-22
YUM,2016-12-31,1619000000.0,,,5478000000.0,6356000000.0,2017-02-22,2018-02-22,2017-02-22
YUM,2017-12-31,1340000000.0,,,5311000000.0,5878000000.0,2018-02-22,2020-02-20,2018-02-22
YUM,2018-12-31,1542000000.0,-7926000000.0,2019-02-21,4130000000.0,5688000000.0,2019-02-21,2019-02-21,2019-02-21
YUM,2019-12-31,1294000000.0,,,5231000000.0,5597000000.0,2020-02-20,2020-02-20,2020-02-20
YUM,2020-12-31,904000000.0,,,5852000000.0,5652000000.0,2021-02-22,2021-02-22,2021-02-22
YUM,2021-12-31,1575000000.0,,,5966000000.0,6584000000.0,2022-02-23,2022-02-23,2022-02-23
YUM,2022-12-31,1325000000.0,,,5846000000.0,6842000000.0,2023-02-27,2023-02-27,2023-02-27
YUM,2023-12-31,1597000000.0,,,6231000000.0,7076000000.0,2024-02-20,2024-02-20,2024-02-20
YUM,2024-12-31,1486000000.0,,,6727000000.0,7549000000.0,2025-02-19,2025-02-19,2025-02-19
YUM,2025-12-31,1559000000.0,,,8197000000.0,8214000000.0,2026-02-20,2026-02-20,2026-02-20
ZBH,2007-12-31,773200000.0,,,,3897500000.0,,2010-02-25,2010-02-25
ZBH,2008-12-31,848600000.0,5650300000.0,2010-02-25,7239000000.0,4121100000.0,2010-02-25,2010-02-25,2010-02-25
ZBH,2009-12-31,717400000.0,5638700000.0,2010-02-25,7785500000.0,4095400000.0,2010-02-25,2010-02-25,2010-02-25
ZBH,2010-12-31,596900000.0,5771300000.0,2012-02-27,7999900000.0,4220200000.0,2011-02-25,2011-02-25,2011-02-25
ZBH,2011-12-31,760800000.0,5507200000.0,2012-02-27,8515300000.0,,2012-02-27,,2012-02-27
ZBH,2012-12-31,755000000.0,5860900000.0,2013-02-27,9012400000.0,,2013-02-27,,2013-02-27
ZBH,2013-12-31,761000000.0,6297300000.0,2014-02-28,9580600000.0,,2014-02-28,,2014-02-28
ZBH,2014-12-31,720100000.0,6520800000.0,2015-02-23,9634700000.0,,2015-02-23,,2015-02-23
ZBH,2015-12-31,147000000.0,9887900000.0,2016-02-29,27219500000.0,,2016-02-29,,2016-02-29
ZBH,2016-12-31,305900000.0,9668900000.0,2017-03-01,26684400000.0,,2017-03-01,,2017-03-01
ZBH,2017-12-31,1813800000.0,11735800000.0,2018-02-27,25964500000.0,,2018-02-27,,2018-02-27
ZBH,2018-12-31,-379200000.0,11271300000.0,2019-02-26,24126800000.0,,2019-02-26,,2019-02-26
ZBH,2019-12-31,1131600000.0,12388100000.0,2020-02-21,24638700000.0,,2020-02-21,,2020-02-21
ZBH,2020-12-31,-138900000.0,12194200000.0,2021-02-22,24417700000.0,,2021-02-22,,2021-02-22
ZBH,2021-12-31,401600000.0,12660700000.0,2022-02-25,23456400000.0,,2022-02-25,,2022-02-25
ZBH,2022-12-31,231400000.0,12020300000.0,2023-02-24,21066000000.0,,2023-02-24,,2023-02-24
ZBH,2023-12-31,1024000000.0,12480500000.0,2024-02-23,21496900000.0,,2024-02-23,,2024-02-23
ZBH,2024-12-31,903800000.0,12468100000.0,2025-02-25,21365300000.0,,2025-02-25,,2025-02-25
ZBH,2025-12-31,705100000.0,12697700000.0,2026-02-20,23091700000.0,,2026-02-20,,2026-02-20
ZBRA,2007-12-31,,902693000.0,2011-02-24,,,,,
ZBRA,2008-12-31,-38421000.0,710738000.0,2011-02-24,,976700000.0,,2011-02-24,2011-02-24
ZBRA,2009-12-31,47104000.0,712129000.0,2011-02-24,830479000.0,803585000.0,2011-02-24,2011-02-24,2011-02-24
ZBRA,2010-12-31,101778000.0,730032000.0,2011-02-24,878864000.0,956848000.0,2011-02-24,2011-02-24,2011-02-24
ZBRA,2011-12-31,174643000.0,776925000.0,2012-02-23,899006000.0,983488000.0,2012-02-23,2012-02-23,2012-02-23
ZBRA,2012-12-31,122904000.0,857002000.0,2013-02-21,967748000.0,996168000.0,2013-02-21,2013-02-21,2013-02-21
ZBRA,2013-12-31,134358000.0,958658000.0,2014-02-20,1119812000.0,1038159000.0,2014-02-20,2014-02-20,2014-02-20
ZBRA,2014-12-31,32429000.0,1039908000.0,2015-03-17,5568851000.0,1670572000.0,2015-03-17,2015-03-17,2015-03-17
ZBRA,2015-12-31,-137000000.0,913000000.0,2016-02-29,5024000000.0,3652000000.0,2016-02-29,2016-02-29,2016-02-29
ZBRA,2016-12-31,-137000000.0,792000000.0,2017-02-27,4632000000.0,3574000000.0,2017-02-27,2017-02-27,2017-02-27
ZBRA,2017-12-31,17000000.0,834000000.0,2018-02-22,4275000000.0,3722000000.0,2018-02-22,2018-02-22,2018-02-22
ZBRA,2018-12-31,421000000.0,1335000000.0,2019-02-14,4339000000.0,,2019-02-14,,2019-02-14
ZBRA,2019-12-31,544000000.0,1839000000.0,2020-02-13,4711000000.0,,2020-02-13,,2020-02-13
ZBRA,2020-12-31,504000000.0,2144000000.0,2021-02-11,5375000000.0,,2021-02-11,,2021-02-11
ZBRA,2021-12-31,837000000.0,2984000000.0,2022-02-10,6215000000.0,,2022-02-10,,2022-02-10
ZBRA,2022-12-31,463000000.0,2733000000.0,2023-02-16,7529000000.0,,2023-02-16,,2023-02-16
ZBRA,2023-12-31,296000000.0,3036000000.0,2024-02-15,7306000000.0,,2024-02-15,,2024-02-15
ZBRA,2024-12-31,528000000.0,3586000000.0,2025-02-13,7968000000.0,,2025-02-13,,2025-02-13
ZBRA,2025-12-31,419000000.0,3588000000.0,2026-02-12,8502000000.0,,2026-02-12,,2026-02-12
ZION,2008-12-31,-266269000.0,,,,,,,2011-03-01
ZION,2009-12-31,-1216111000.0,5692658000.0,2011-03-01,51123007000.0,,2011-03-01,,2011-03-01
ZION,2010-12-31,-292728000.0,6648279000.0,2011-03-01,51034886000.0,,2011-03-01,,2011-03-01
ZION,2011-12-31,323804000.0,6985308000.0,2012-02-29,53149109000.0,,2012-02-29,,2012-02-29
ZION,2012-12-31,349516000.0,6052069000.0,2013-02-28,55511918000.0,,2013-02-28,,2013-02-28
ZION,2013-12-31,263791000.0,6464563000.0,2014-03-03,56031127000.0,,2014-03-03,,2014-03-03
ZION,2014-12-31,,,,57208874000.0,,2015-02-27,,
ZION,2015-12-31,,,,59669525000.0,,2016-02-29,,
ZION,2016-12-31,,,,63239165000.0,,2017-02-28,,
ZION,2017-12-31,,7679000000.0,2021-02-25,66288000000.0,,2018-03-01,,
ZION,2018-12-31,884000000.0,7578000000.0,2021-02-25,68746000000.0,508000000.0,2019-02-26,2021-02-25,2021-02-25
ZION,2019-12-31,816000000.0,7353000000.0,2021-02-25,69172000000.0,525000000.0,2020-02-26,2021-02-25,2021-02-25
ZION,2020-12-31,539000000.0,7886000000.0,2021-02-25,81479000000.0,549000000.0,2021-02-25,2021-02-25,2021-02-25
ZION,2021-12-31,1129000000.0,7463000000.0,2022-02-25,93200000000.0,575000000.0,2022-02-25,2022-02-25,2022-02-25
ZION,2022-12-31,907000000.0,4893000000.0,2023-02-23,89545000000.0,614000000.0,2023-02-23,2023-02-23,2023-02-23
ZION,2023-12-31,680000000.0,5691000000.0,2024-02-23,87203000000.0,620000000.0,2024-02-23,2024-02-23,2024-02-23
ZION,2024-12-31,784000000.0,6124000000.0,2025-02-25,88775000000.0,639000000.0,2025-02-25,2025-02-25,2025-02-25
ZION,2025-12-31,899000000.0,7180000000.0,2026-02-24,88990000000.0,662000000.0,2026-02-24,2026-02-24,2026-02-24
ZTS,2011-12-31,245000000.0,,,,,,,2014-03-26
ZTS,2012-12-31,436000000.0,4026000000.0,2014-03-26,6262000000.0,,2014-03-26,,2014-03-26
ZTS,2013-12-31,504000000.0,940000000.0,2014-03-26,6558000000.0,,2014-03-26,,2014-03-26
ZTS,2014-12-31,583000000.0,1311000000.0,2015-02-27,6607000000.0,,2015-02-27,,2015-02-27
ZTS,2015-12-31,339000000.0,1068000000.0,2016-02-24,7913000000.0,,2016-02-24,,2016-02-24
ZTS,2016-12-31,821000000.0,1487000000.0,2017-02-16,7649000000.0,4888000000.0,2017-02-16,2019-02-14,2017-02-16
ZTS,2017-12-31,864000000.0,1770000000.0,2018-02-15,8586000000.0,5307000000.0,2018-02-15,2019-02-14,2018-02-15
ZTS,2018-12-31,1428000000.0,2185000000.0,2019-02-14,10777000000.0,5825000000.0,2019-02-14,2019-02-14,2019-02-14
ZTS,2019-12-31,1500000000.0,2708000000.0,2021-02-16,11545000000.0,6260000000.0,2020-02-13,2020-02-13,2020-02-13
ZTS,2020-12-31,1638000000.0,3769000000.0,2021-02-16,13609000000.0,6675000000.0,2021-02-16,2021-02-16,2021-02-16
ZTS,2021-12-31,2037000000.0,4543000000.0,2022-02-15,13900000000.0,7776000000.0,2022-02-15,2022-02-15,2022-02-15
ZTS,2022-12-31,2114000000.0,4405000000.0,2023-02-14,14925000000.0,8080000000.0,2023-02-14,2023-02-14,2023-02-14
ZTS,2023-12-31,2344000000.0,4997000000.0,2024-02-13,14286000000.0,8544000000.0,2024-02-13,2024-02-13,2024-02-13
ZTS,2024-12-31,2486000000.0,4770000000.0,2025-02-13,14237000000.0,9256000000.0,2025-02-13,2025-02-13,2025-02-13
ZTS,2025-12-31,2673000000.0,3331000000.0,2026-02-12,15467000000.0,9467000000.0,2026-02-12,2026-02-12,2026-02-12
