{
  "timestamp": "2026-05-05T04:55:02",
  "I": 10000,
  "V": 10000,
  "i_mobile": 10,
  "v_mobile": 2,
  "t_span": [
    1e-06,
    10000.0
  ],
  "n_points": 200,
  "rtol": 1e-06,
  "atol": 1e-20,
  "physics_overrides": {
    "T": 673,
    "eta": 0.3,
    "f_cl_i": 0.5,
    "f_cl_v": 0.15,
    "E_m_1D": 0.4,
    "L_hat": 5,
    "c_C": 0.001,
    "E_b_C_SIA": 0.65,
    "rho_d": 100000000000000.0,
    "Z_i": 1.08,
    "Z_ii": 1.01
  },
  "bin_moment_grid": {
    "i_discrete": 50,
    "v_discrete": 50,
    "I_bin": 20,
    "V_bin": 20,
    "shape_function": "linear"
  },
  "timeout_s": 3000.0,
  "records": [
    {
      "tag": "D-WB",
      "equations": "discrete",
      "linsol": "gmres",
      "preconditioner": "Woodbury",
      "N_eq": 20006,
      "wall_s": 3076.335502300062,
      "status": "timeout",
      "t_final": 1398.7131026472416,
      "dose_final": 0.0013987131026472416,
      "n_pts": 183,
      "swelling_pct": 3.380023289785238e-07,
      "delta_FP": 9.513534053133562e-09,
      "delta_He": NaN,
      "mean_n_i": 31.17833677861359,
      "mean_n_v": 5.656544510661598,
      "error": null
    },
    {
      "tag": "D-JC",
      "equations": "discrete",
      "linsol": "gmres",
      "preconditioner": "Jacobi",
      "N_eq": 20006,
      "wall_s": 3098.2997882000636,
      "status": "timeout",
      "t_final": 3962.6886387014783,
      "dose_final": 0.003962688638701478,
      "n_pts": 192,
      "swelling_pct": 3.0821264398194823e-07,
      "delta_FP": 2.5229594875047554e-10,
      "delta_He": NaN,
      "mean_n_i": 31.318001832709868,
      "mean_n_v": 5.692533900147685,
      "error": null
    },
    {
      "tag": "D-KLU",
      "equations": "discrete",
      "linsol": "klu",
      "preconditioner": null,
      "N_eq": 20006,
      "wall_s": 3075.8961056000553,
      "status": "timeout",
      "t_final": 0.03331294787934677,
      "dose_final": 3.331294787934677e-08,
      "n_pts": 91,
      "swelling_pct": 4.642483410159096e-07,
      "delta_FP": 3.001785776887551e-05,
      "delta_He": NaN,
      "mean_n_i": 8.186816953118393,
      "mean_n_v": 3.4354154569906026,
      "error": null
    },
    {
      "tag": "B-WB",
      "equations": "bin_moment",
      "linsol": "gmres",
      "preconditioner": "Woodbury",
      "N_eq": 190,
      "wall_s": 185.76466309989337,
      "status": "completed",
      "t_final": 10000.0,
      "dose_final": 0.01,
      "n_pts": 200,
      "swelling_pct": 4.562396098327169e-07,
      "delta_FP": 0.10908542487338613,
      "delta_He": NaN,
      "mean_n_i": 24.56392587969788,
      "mean_n_v": 5.341081396954862,
      "error": null
    },
    {
      "tag": "B-JC",
      "equations": "bin_moment",
      "linsol": "gmres",
      "preconditioner": "Jacobi",
      "N_eq": 190,
      "wall_s": 239.22315029997844,
      "status": "completed",
      "t_final": 10000.0,
      "dose_final": 0.01,
      "n_pts": 200,
      "swelling_pct": 4.562396215762404e-07,
      "delta_FP": 0.10908631204683729,
      "delta_He": NaN,
      "mean_n_i": 24.56392589863494,
      "mean_n_v": 5.341081573868007,
      "error": null
    },
    {
      "tag": "B-KLU",
      "equations": "bin_moment",
      "linsol": "klu",
      "preconditioner": null,
      "N_eq": 190,
      "wall_s": 6.292464200058021,
      "status": "failed",
      "t_final": null,
      "dose_final": null,
      "n_pts": null,
      "swelling_pct": null,
      "delta_FP": null,
      "delta_He": null,
      "mean_n_i": null,
      "mean_n_v": null,
      "error": null
    }
  ]
}